RecordID,package_id
0025cdb7-a823-4c90-b204-7ce39b308d98,c4e9c0rvdq3000evt920
0025cdb7-a823-4c90-b204-7ce39b308d98,c4e9iftnv8a0008hc2ag
0034b296-09d7-4bc9-b71a-38f4ad2a8538,c4e9c0vf3f9g0080rtk0
0034b296-09d7-4bc9-b71a-38f4ad2a8538,c4e9ifsfjb0000cm077g
00598b7e-38b8-4482-805f-2433f17cf740,cf8c7ndt0el000fgen60
00598b7e-38b8-4482-805f-2433f17cf740,cf8c7nhpr5lg00cggbrg
00786f2f-2e86-4bc6-b88a-106ccadd2f74,cofkjgqase3000bmjn00
00786f2f-2e86-4bc6-b88a-106ccadd2f74,cofkjgs10vk00088mf20
007b6c8c-7dc2-4414-bb25-482902715663,c4e9c0qlpbg0009nur3g
007b6c8c-7dc2-4414-bb25-482902715663,c4e9ifso26gg008qp8m0
0084223a-0931-470c-a97d-5835c923f99a,coabqrhg8bvg00b41ggg
0084223a-0931-470c-a97d-5835c923f99a,coabqrk10vk00087j9fg
00b60865-6b08-4250-b315-03b5452e116d,cogupgpqkol000aas8l0
00b60865-6b08-4250-b315-03b5452e116d,cogupguudun000eiiou0
00c6dafe-3349-4931-b657-402f215ea14a,c4e9c0su12qg0096pi1g
00c6dafe-3349-4931-b657-402f215ea14a,c4e9im211o1g008c00ig
00d4ca2f-5ac5-4d67-bb1c-4030c2368308,cngl6687ov20008cb6qg
00d4ca2f-5ac5-4d67-bb1c-4030c2368308,cngl669tk7jg009q90kg
00da4cdb-2e7d-49ae-8f62-b7cb3abaf9fb,c4e9c1622pr000dqldig
00da4cdb-2e7d-49ae-8f62-b7cb3abaf9fb,c4e9ilqc0ku000ap47vg
00e02768-fac5-4468-afba-3ebaa1550643,c4e9cgftarsg00au3mdg
00e02768-fac5-4468-afba-3ebaa1550643,c4e9ig2lpbg0009nut00
00e4a8a1-7d17-49a3-bd2e-44f5c538c0bd,coabrkpmiud0009upa70
00e4a8a1-7d17-49a3-bd2e-44f5c538c0bd,coabrkuudun000eha2qg
00e4c60f-b93a-45ac-a775-3d1594ba7a24,c4e9c1211o1g008bvun0
00e4c60f-b93a-45ac-a775-3d1594ba7a24,c4e9ilelljag008akp1g
00fad5d7-05f8-46d2-8c99-1e85730d82fe,c4e9cgalpbg0009nur60
00fad5d7-05f8-46d2-8c99-1e85730d82fe,c4e9ifsfjb0000cm0780
01101b64-3f7a-4465-8eeb-4dbbde203c27,cofkjh3nofvg00bgg2s0
01101b64-3f7a-4465-8eeb-4dbbde203c27,cofkjh45646000ckkp50
0113ca32-1bdc-4eaa-b7e5-8843c4ba6c38,c4e9c0s7bhug00afcptg
0113ca32-1bdc-4eaa-b7e5-8843c4ba6c38,c4e9ifqc0ku000ap47sg
011e974a-8ac8-4c5e-ba21-8578f930dfaf,cngl668vhjtg00d6lc3g
011e974a-8ac8-4c5e-ba21-8578f930dfaf,cngl66lralig008m3lsg
0126a6d1-c0c5-4857-a9c4-e925deb06327,c4e9c14fjb0000cm05dg
0126a6d1-c0c5-4857-a9c4-e925deb06327,c4e9ifvl13i0009r7gj0
012ad154-287f-476d-a014-baf74df9a986,cofkjhaase3000bmjn0g
012ad154-287f-476d-a014-baf74df9a986,cofkjhdorq7g008nr3rg
0136fc36-8c0c-4d3e-97a3-91c87f500271,cofkjhc5646000ckkp5g
0136fc36-8c0c-4d3e-97a3-91c87f500271,cofkjhdqk3gg00chk160
01386cc0-183c-4b41-991e-95fb547054a7,c4e9c1elljag008akn2g
01386cc0-183c-4b41-991e-95fb547054a7,c4e9ig12rh1g009f4fng
01607224-d613-11ea-969a-00505681224b,c4dtmf4bq3o000abnu80
01607224-d613-11ea-969a-00505681224b,c4dtmtgkqp4g00aagd10
01697348-d613-11ea-b93c-00505681224b,c4dtmf7deto00089lhh0
01697348-d613-11ea-b93c-00505681224b,c4dtmtntarsg00atsqj0
016de054-d613-11ea-aed6-00505681224b,c4dtmf4mi4og00d253f0
016de054-d613-11ea-aed6-00505681224b,c4dtmtm22pr000dqeqsg
0171d826-d613-11ea-ba19-00505681224b,c4dtmf0kqp4g00aagc70
0171d826-d613-11ea-ba19-00505681224b,c4dtmtjvdq3000evljj0
0175cffa-d613-11ea-af0b-00505681224b,c4dtmf211o1g008bpbn0
0175cffa-d613-11ea-af0b-00505681224b,c4dtmth6lb7g00cebrog
01942ef8-d613-11ea-882c-00505681224b,c4dtmf2lpbg0009nnrlg
01942ef8-d613-11ea-882c-00505681224b,c4dtmtjvdq3000evljig
019954d2-7b44-4026-adad-ad6077a65da9,c4e9c15nv8a0008hc0ag
019954d2-7b44-4026-adad-ad6077a65da9,c4e9ig6lljag008akovg
019ba96c-d613-11ea-857e-00505681224b,c4dtmf12rh1g009eto50
019ba96c-d613-11ea-857e-00505681224b,c4dtmtku12qg0096iffg
01ad501c-3c00-4ae4-9c59-43fde6484b82,c4e9c13vdq3000evt930
01ad501c-3c00-4ae4-9c59-43fde6484b82,c4e9ig72551g00d1hhvg
01b1735e-c3e5-4dcc-8bd3-f8ec661f71c4,c4e9c14u12qg0096pi20
01b1735e-c3e5-4dcc-8bd3-f8ec661f71c4,c4e9ig47bhug00afcrog
01b1ca9e-d613-11ea-bb9c-00505681224b,c4dtmf61ja2g00cc8jf0
01b1ca9e-d613-11ea-bb9c-00505681224b,c4dtmtic0ku000aosua0
01b61094-d613-11ea-aace-00505681224b,c4dtmf622pr000dqeq50
01b61094-d613-11ea-aace-00505681224b,c4dtmtjjknf000amgjd0
01bbdd42-d613-11ea-ac61-00505681224b,c4dtmf5ksi2g00c0nie0
01bbdd42-d613-11ea-ac61-00505681224b,c4dtmtn2551g00d1atpg
01d11408-d613-11ea-81f4-00505681224b,c4dtmfdksi2g00c0nieg
01d11408-d613-11ea-81f4-00505681224b,c4dtmtsfjb0000clooag
01d4e4ca-d613-11ea-beb8-00505681224b,c4dtmfff3f9g0080kqsg
01d4e4ca-d613-11ea-beb8-00505681224b,c4dtmtrjknf000amgje0
01d84054-d613-11ea-9dde-00505681224b,c4dtmfcmi4og00d253fg
01d84054-d613-11ea-9dde-00505681224b,c4dtmtu22pr000dqeqtg
01dd2298-d613-11ea-b629-00505681224b,c4dtmfftarsg00atspt0
01dd2298-d613-11ea-b629-00505681224b,c4dtmtogdkfg00ck7ua0
01e5edf6-68f9-4f0e-9a8d-00323c6ba6cc,cee020agr9bg0093cg90
01e5edf6-68f9-4f0e-9a8d-00323c6ba6cc,cee020m7fmtg00fvqrhg
01e628af-9739-4f8a-a7d3-800c67cebfd6,c4e9c1alpbg0009nur40
01e628af-9739-4f8a-a7d3-800c67cebfd6,c4e9ig7deto00089sbu0
01e9e622-c299-11eb-8ecc-00505681224b,c4dtmfkfjb0000clonl0
01e9e622-c299-11eb-8ecc-00505681224b,c4dtmtp6lb7g00cebrp0
01ef161e-c299-11eb-9da2-00505681224b,c4dtmfhlms9g00deime0
01ef161e-c299-11eb-9da2-00505681224b,c4dtmtr0tnc000c7u020
01f28e10-afd1-4473-b94a-1f9b6e5935fe,cee020e3mlvg0091ospg
01f28e10-afd1-4473-b94a-1f9b6e5935fe,cee020kt3gj000ci6jqg
01f6c666-d613-11ea-ab6b-00505681224b,c4dtmfkvfoog00drs4j0
01f6c666-d613-11ea-ab6b-00505681224b,c4dtmtvdeto00089li40
0218f07b-6c92-4d08-a5fe-6d21eb08f9a0,c4e9c17f3f9g0080rtl0
0218f07b-6c92-4d08-a5fe-6d21eb08f9a0,c4e9ig61ja2g00ccf7m0
021a00d3-7ff1-4243-bae7-ee8b2b7ef6e4,c4e9cgdksi2g00c0unjg
021a00d3-7ff1-4243-bae7-ee8b2b7ef6e4,c4e9ilcu12qg0096pjvg
022b05c8-f834-45b2-a8cd-d8d9a4e78145,c4e9cgcu12qg0096pi50
022b05c8-f834-45b2-a8cd-d8d9a4e78145,c4e9igdksi2g00c0uphg
022c4b06-c357-4ebf-8417-a459083f4a20,c4e9cgcu12qg0096pi5g
022c4b06-c357-4ebf-8417-a459083f4a20,c4e9igff3f9g0080rvlg
022db8f2-0b1a-4bb9-a54b-ee2c7b353e80,c4e9cgftarsg00au3me0
022db8f2-0b1a-4bb9-a54b-ee2c7b353e80,c4e9igrjknf000amnebg
022e05da-d613-11ea-945e-00505681224b,c4dtmfgkqp4g00aagc8g
022e05da-d613-11ea-945e-00505681224b,c4dtmtsfjb0000cloob0
023b740a-d613-11ea-86c3-00505681224b,c4dtmfm1ja2g00cc8jfg
023b740a-d613-11ea-86c3-00505681224b,c4dtmu30tnc000c7u02g
0242c768-d613-11ea-b941-00505681224b,c4dtmfku12qg0096ierg
0242c768-d613-11ea-b941-00505681224b,c4dtmu3jknf000amgjeg
02456971-f3ea-4eff-982d-38d0e578fb0a,cofkjhg1277000eheufg
02456971-f3ea-4eff-982d-38d0e578fb0a,cofkjhh8t1lg00a94450
024a1aca-d613-11ea-a049-00505681224b,c4dtmfk7bhug00af64u0
024a1aca-d613-11ea-a049-00505681224b,c4dtmu622pr000dqequg
0252cdcc-d613-11ea-9674-00505681224b,c4dtmfm22pr000dqeq60
0252cdcc-d613-11ea-9674-00505681224b,c4dtmu4u12qg0096ifh0
025cb95e-d613-11ea-bbc2-00505681224b,c4dtmfnf3f9g0080kqt0
025cb95e-d613-11ea-bbc2-00505681224b,c4dtmu7f3f9g0080krh0
02667ddc-d613-11ea-9679-00505681224b,c4dtmfic0ku000aosti0
02667ddc-d613-11ea-9679-00505681224b,c4dtmu0qui1g00dclp8g
027ef732-d577-46c3-9a25-6513a03a8cf4,c4e9c19lms9g00depf50
027ef732-d577-46c3-9a25-6513a03a8cf4,c4e9ilff3f9g0080rvng
027f7aa1-4fc0-4d27-96a3-ac547c7f1769,c4e9cgb0tnc000c84t90
027f7aa1-4fc0-4d27-96a3-ac547c7f1769,c4e9igbjknf000amneag
027f8566-d613-11ea-a35c-00505681224b,c4dtmfh6lb7g00cebr50
027f8566-d613-11ea-a35c-00505681224b,c4dtmu3jknf000amgjf0
02804ad8-24fd-46d3-975c-8e3bbc59942d,c4e9c230tnc000c84t6g
02804ad8-24fd-46d3-975c-8e3bbc59942d,c4e9igvl13i0009r7gk0
02832f14-d613-11ea-ae23-00505681224b,c4dtmfnf3f9g0080kqtg
02832f14-d613-11ea-ae23-00505681224b,c4dtmu5ksi2g00c0nj5g
028b93f4-d613-11ea-8ab2-00505681224b,c4dtmfq11o1g008bpbo0
028b93f4-d613-11ea-8ab2-00505681224b,c4dtmufl13i0009r01hg
028fd9ec-d613-11ea-8249-00505681224b,c4dtmfv2551g00d1at7g
028fd9ec-d613-11ea-8249-00505681224b,c4dtmuff3f9g0080krhg
029669f0-d613-11ea-a6cb-00505681224b,c4dtmfvl13i0009r00s0
029669f0-d613-11ea-a6cb-00505681224b,c4dtmuco26gg008qhli0
02973fbf-1072-4910-8639-5b2db84d952a,c4e9c18gdkfg00ckeld0
02973fbf-1072-4910-8639-5b2db84d952a,c4e9igcvfoog00ds2uu0
029a1ed0-c299-11eb-8b4f-00505681224b,c4dtmfvtarsg00atsptg
029a1ed0-c299-11eb-8b4f-00505681224b,c4dtmub0tnc000c7u030
029d481c-d613-11ea-8940-00505681224b,c4dtmfu22pr000dqeq6g
029d481c-d613-11ea-8940-00505681224b,c4dtmu8gdkfg00ck7ub0
029e1654-c299-11eb-ad77-00505681224b,c4dtmfsmi4og00d253gg
029e1654-c299-11eb-ad77-00505681224b,c4dtmu9lms9g00dein2g
02a38a00-d613-11ea-8b94-00505681224b,c4dtmfokqp4g00aagc90
02a38a00-d613-11ea-8b94-00505681224b,c4dtmu96lb7g00cebrq0
02a81e1a-d613-11ea-aed7-00505681224b,c4dtmfu1ja2g00cc8jg0
02a81e1a-d613-11ea-aed7-00505681224b,c4dtmuj0tnc000c7u03g
02abeedc-d613-11ea-8303-00505681224b,c4dtmfsfjb0000clonmg
02abeedc-d613-11ea-8303-00505681224b,c4dtmulksi2g00c0nj60
02b1b52d-0d59-4b15-aebc-e730d75b5b98,c4e9c1m1ja2g00ccf5q0
02b1b52d-0d59-4b15-aebc-e730d75b5b98,c4e9iga11o1g008c00g0
02b4a1de-d613-11ea-af4c-00505681224b,c4dtmfsbq3o000abnu9g
02b4a1de-d613-11ea-af4c-00505681224b,c4dtmuku12qg0096ifhg
02bbf53e-d613-11ea-afed-00505681224b,c4dtmg7f3f9g0080kqu0
02bbf53e-d613-11ea-afed-00505681224b,c4dtmuk7bhug00af65k0
02c2100c-d613-11ea-9484-00505681224b,c4dtmg1lms9g00deimf0
02c2100c-d613-11ea-9484-00505681224b,c4dtmuh2rh1g009etopg
02cb5f5a-d613-11ea-914c-00505681224b,c4dtmg3jknf000amgil0
02cb5f5a-d613-11ea-914c-00505681224b,c4dtmukfjb0000cloobg
02d300dc-d613-11ea-90ab-00505681224b,c4dtmg4u12qg0096ies0
02d300dc-d613-11ea-90ab-00505681224b,c4dtmuntarsg00atsql0
02e0bd30-d613-11ea-a8ac-00505681224b,c4dtmg4vfoog00drs4kg
02e0bd30-d613-11ea-a8ac-00505681224b,c4dtmuko26gg008qhlig
02ffa2f0-da96-11e7-af03-00505681224b,c4dtmg0qui1g00dclojg
02ffa2f0-da96-11e7-af03-00505681224b,c4dtmujjknf000amgjfg
03138b1f-81a7-46ca-9fc6-6edaac703a5c,c4e9c24vfoog00ds2t00
03138b1f-81a7-46ca-9fc6-6edaac703a5c,c4e9ihcmi4og00d2bq0g
031e7a16-0d42-48ee-839b-a1ec7264f3b3,c4e9c1ntarsg00au3mb0
031e7a16-0d42-48ee-839b-a1ec7264f3b3,c4e9igs7bhug00afcrpg
034ef6b6-5e38-11e8-a9ca-00505681224b,c4dtmg3vdq3000evliq0
034ef6b6-5e38-11e8-a9ca-00505681224b,c4dtmus7bhug00af65kg
03533c74-5e38-11e8-a5db-00505681224b,c4dtmg0qui1g00dclok0
03533c74-5e38-11e8-a5db-00505681224b,c4dtmuqlpbg0009nnsdg
035697d4-5e38-11e8-92d8-00505681224b,c4dtmg3vdq3000evliqg
035697d4-5e38-11e8-92d8-00505681224b,c4dtmur0tnc000c7u040
03597c5f-361b-4b06-ab0d-5f672d410d44,c4e9c1ko26gg008qp6mg
03597c5f-361b-4b06-ab0d-5f672d410d44,c4e9igndeto00089sbug
035ecd64-5e38-11e8-9212-00505681224b,c4dtmg0kqp4g00aagcag
035ecd64-5e38-11e8-9212-00505681224b,c4dtmusu12qg0096ifig
03639024-5e38-11e8-bda0-00505681224b,c4dtmgalpbg0009nnrng
03639024-5e38-11e8-bda0-00505681224b,c4dtmuq11o1g008bpchg
03640ca6-36c4-4f1c-856b-ae7310ba4bca,cmau6vhr1go000eeuvqg
03640ca6-36c4-4f1c-856b-ae7310ba4bca,cmau747vfag000edc09g
0365f186-5e38-11e8-a184-00505681224b,c4dtmgac0ku000aostjg
0365f186-5e38-11e8-a184-00505681224b,c4dtmuplms9g00dein3g
036ab442-5e38-11e8-9df4-00505681224b,c4dtmgc7bhug00af64v0
036ab442-5e38-11e8-9df4-00505681224b,c4dtmus7bhug00af65l0
03722682-5e38-11e8-ad09-00505681224b,c4dtmgforvtg00d03iqg
03722682-5e38-11e8-ad09-00505681224b,c4dtmuulljag008ado7g
0376e942-5e38-11e8-833b-00505681224b,c4dtmg92rh1g009eto70
0376e942-5e38-11e8-833b-00505681224b,c4dtmuvdeto00089li5g
03794aa4-5e38-11e8-aebe-00505681224b,c4dtmgbjknf000amgilg
03794aa4-5e38-11e8-aebe-00505681224b,c4dtmv61ja2g00cc8k5g
037e0d64-5e38-11e8-9f5b-00505681224b,c4dtmgdnv8a0008h4q8g
037e0d64-5e38-11e8-9f5b-00505681224b,c4dtmv7orvtg00d03jkg
03857fa4-5e38-11e8-beea-00505681224b,c4dtmgelljag008adng0
03857fa4-5e38-11e8-beea-00505681224b,c4dtmv0qui1g00dclpa0
038a4264-5e38-11e8-b3e6-00505681224b,c4dtmge1ja2g00cc8jgg
038a4264-5e38-11e8-b3e6-00505681224b,c4dtmv3jknf000amgjgg
038f0524-5e38-11e8-9305-00505681224b,c4dtmgj0tnc000c7tvf0
038f0524-5e38-11e8-9305-00505681224b,c4dtmv4o26gg008qhlj0
039133af-c264-4e0e-a63b-eb40723a165f,coknvohmiud000a0e620
039133af-c264-4e0e-a63b-eb40723a165f,coknvrbrfj6g00ak3lf0
0393c7e4-5e38-11e8-991f-00505681224b,c4dtmgic0ku000aostk0
0393c7e4-5e38-11e8-991f-00505681224b,c4dtmv30tnc000c7u04g
03962946-5e38-11e8-a8df-00505681224b,c4dtmgkfjb0000clono0
03962946-5e38-11e8-a8df-00505681224b,c4dtmv4mi4og00d25480
039aec02-5e38-11e8-93db-00505681224b,c4dtmgmlljag008adngg
039aec02-5e38-11e8-93db-00505681224b,c4dtmva11o1g008bpci0
039d4d64-5e38-11e8-a317-00505681224b,c4dtmgnorvtg00d03irg
039d4d64-5e38-11e8-a317-00505681224b,c4dtmvdksi2g00c0nj80
039e5ed2-5e38-11e8-b171-00505681224b,c4dtmgi11o1g008bpbqg
039e5ed2-5e38-11e8-b171-00505681224b,c4dtmv92rh1g009etoq0
03a02fca-71ea-4571-ad54-ef4504e2a1f3,cofkjhh8t1lg00a9445g
03a02fca-71ea-4571-ad54-ef4504e2a1f3,cofkjhi8kqpg00asqd90
03a1da1e-0e70-450c-aa28-2b17f282db37,cofkjhs5646000ckkp6g
03a1da1e-0e70-450c-aa28-2b17f282db37,cofkjhv3r4d000f3bp6g
03a20854-5e38-11e8-a758-00505681224b,c4dtmgntarsg00atspv0
03a20854-5e38-11e8-a758-00505681224b,c4dtmvftarsg00atsqmg
03afeb02-5e38-11e8-8755-00505681224b,c4dtmgjjknf000amgim0
03afeb02-5e38-11e8-8755-00505681224b,c4dtmvbvdq3000evljlg
03b4adc6-5e38-11e8-809f-00505681224b,c4dtmgm1ja2g00cc8jhg
03b4adc6-5e38-11e8-809f-00505681224b,c4dtmve1ja2g00cc8k70
03bc2006-5e38-11e8-8d21-00505681224b,c4dtmgn2551g00d1at90
03bc2006-5e38-11e8-8d21-00505681224b,c4dtmvforvtg00d03jl0
03c0e2c6-5e38-11e8-90e8-00505681224b,c4dtmgplms9g00deimg0
03c0e2c6-5e38-11e8-90e8-00505681224b,c4dtmvfdeto00089li6g
03ca4f75-57d4-49da-be2c-d4c0bf633475,c4e9c1tnv8a0008hc0b0
03ca4f75-57d4-49da-be2c-d4c0bf633475,c4e9igi11o1g008c00gg
03cc6512-85e9-45bb-bba8-b767324c4fbd,c4e9c26lljag008akn30
03cc6512-85e9-45bb-bba8-b767324c4fbd,c4e9igrvdq3000evtb50
03d0b1a4-5e38-11e8-9330-00505681224b,c4dtmgsvfoog00drs4m0
03d0b1a4-5e38-11e8-9330-00505681224b,c4dtmvkvfoog00drs580
03da3724-5e38-11e8-a0bd-00505681224b,c4dtmgulljag008adnh0
03da3724-5e38-11e8-a0bd-00505681224b,c4dtmvkvfoog00drs58g
03e14e7c-38c8-4d91-8d6d-3602e5a0ff23,cf8c7nbo765000dka4kg
03e14e7c-38c8-4d91-8d6d-3602e5a0ff23,cf8c7nvjch3g00fqvlog
03e15b46-5e38-11e8-a0bd-00505681224b,c4dtmgrjknf000amgimg
03e15b46-5e38-11e8-a0bd-00505681224b,c4dtmvi11o1g008bpcig
03e87f64-5e38-11e8-9321-00505681224b,c4dtmgrvdq3000evlirg
03e87f64-5e38-11e8-9321-00505681224b,c4dtmvkvfoog00drs590
03e8a676-5e38-11e8-adc0-00505681224b,c4dtmgvtarsg00atspvg
03e8a676-5e38-11e8-adc0-00505681224b,c4dtmvlnv8a0008h4r30
03ec28e4-5e38-11e8-ba6f-00505681224b,c4dtmgtnv8a0008h4q9g
03ec28e4-5e38-11e8-ba6f-00505681224b,c4dtmvkbq3o000abnuu0
03f2a8f4-5e38-11e8-9108-00505681224b,c4dtmgv2551g00d1ata0
03f2a8f4-5e38-11e8-9108-00505681224b,c4dtmvntarsg00atsqn0
03fc2e76-5e38-11e8-92bd-00505681224b,c4dtmh4o26gg008qhkt0
03fc2e76-5e38-11e8-92bd-00505681224b,c4dtmvnl13i0009r01kg
0400f0c3-10b5-467f-8b14-9ed691045ae8,c4e9c24mi4og00d2bo90
0400f0c3-10b5-467f-8b14-9ed691045ae8,c4e9ihndeto00089sbv0
04239778-15e0-4ca4-a698-cff8128bf430,c4e9c2n2551g00d1hg6g
04239778-15e0-4ca4-a698-cff8128bf430,c4e9ihj0tnc000c84upg
04680669-ad7e-4b69-8be6-da9330a84af9,cofkjhui5iag009vrgqg
04680669-ad7e-4b69-8be6-da9330a84af9,cofkji2r4qng00afkbu0
04938483-7740-4f5b-b90b-99b9b53bcc07,c4e9c2h2rh1g009f4e1g
04938483-7740-4f5b-b90b-99b9b53bcc07,c4e9ihcbq3o000abuor0
04c162cf-b924-4ff7-aa9e-42496152c090,c4e9c2e22pr000dqldjg
04c162cf-b924-4ff7-aa9e-42496152c090,c4e9ih7tarsg00au3oc0
04d0936e-2799-4c7d-b446-a00c90dee58d,c4e9c2lksi2g00c0unhg
04d0936e-2799-4c7d-b446-a00c90dee58d,c4e9ih12rh1g009f4fp0
04d31a34-06f7-462f-bbe9-637eacb8bdde,c4e9c2ndeto00089sa4g
04d31a34-06f7-462f-bbe9-637eacb8bdde,c4e9ilftarsg00au3od0
04e885a9-d45f-4b1a-a4e8-1437da9f16b2,codla507ov20008hukog
04e885a9-d45f-4b1a-a4e8-1437da9f16b2,codla50im8r000ftm4ng
04f35af5-2fc5-4fb0-a4a0-58aecf075615,cobm1co7ov20008hm0e0
04f35af5-2fc5-4fb0-a4a0-58aecf075615,cobm1cpgkbk0009imnm0
0505b2d1-fc7e-4d12-95d9-d5007843a5aa,c4e9c31lms9g00depf60
0505b2d1-fc7e-4d12-95d9-d5007843a5aa,c4e9ih96lb7g00ceirt0
0524ad6e-f145-454e-83f1-75b65dbb64a9,c4e9c2vtarsg00au3mc0
0524ad6e-f145-454e-83f1-75b65dbb64a9,c4e9ihnl13i0009r7gkg
058e9c28-831c-443b-abe4-9f7ffdb9bc05,c4e9c34fjb0000cm05fg
058e9c28-831c-443b-abe4-9f7ffdb9bc05,c4e9ihku12qg0096pjv0
05a6c888-1825-11e8-9fa1-00505681224b,c4dtmh7orvtg00d03isg
05a6c888-1825-11e8-9fa1-00505681224b,c4dtmvh6lb7g00cebrt0
05ae309a-4b3b-4535-996c-a4f646d7d0d4,cngl66g7ov20008cb6r0
05ae309a-4b3b-4535-996c-a4f646d7d0d4,cngl66mi5iag009pbcd0
05c6fb22-bfbd-11e8-b0f2-00505681224b,c4ephselljag008aplsg
05c6fb22-bfbd-11e8-b0f2-00505681224b,c4ephv72551g00d1m2a0
05cbbdfe-bfbd-11e8-9b38-00505681224b,c4ephs96lb7g00cenn90
05cbbdfe-bfbd-11e8-9b38-00505681224b,c4ephv30tnc000c89qg0
05d080dc-bfbd-11e8-b8b3-00505681224b,c4ephsb0tnc000c89q8g
05d080dc-bfbd-11e8-b8b3-00505681224b,c4ephv30tnc000c89qgg
05d2e24c-bfbd-11e8-8fdc-00505681224b,c4ephsac0ku000ap9gu0
05d2e24c-bfbd-11e8-8fdc-00505681224b,c4ephv3vdq3000f032m0
05d2ee0c-5d06-4701-b9bd-b6b29ed9b6b1,c4e9c32c0ku000ap463g
05d2ee0c-5d06-4701-b9bd-b6b29ed9b6b1,c4e9ihko26gg008qp8ng
05d543ba-bfbd-11e8-b36c-00505681224b,c4ephsb0tnc000c89q90
05d543ba-bfbd-11e8-b36c-00505681224b,c4ephv47bhug00afhe3g
05da069a-bfbd-11e8-a7b6-00505681224b,c4ephs8gdkfg00ckjd9g
05da069a-bfbd-11e8-a7b6-00505681224b,c4ephv72551g00d1m2ag
05dec978-bfbd-11e8-bb77-00505681224b,c4epi0u1ja2g00ccjpu0
05dec978-bfbd-11e8-bb77-00505681224b,c4epi4p6lb7g00cennp0
05e38c58-bfbd-11e8-b9f2-00505681224b,c4epi0smi4og00d2gdb0
05e38c58-bfbd-11e8-b9f2-00505681224b,c4epi4r0tnc000c89qtg
05e84f34-bfbd-11e8-87da-00505681224b,c4epi0qlpbg0009o3r9g
05e84f34-bfbd-11e8-87da-00505681224b,c4epi55nv8a0008hh70g
05eab0a2-bfbd-11e8-a5e8-00505681224b,c4epi0tnv8a0008hh6qg
05eab0a2-bfbd-11e8-a5e8-00505681224b,c4epi55ksi2g00c13sag
05ed1210-bfbd-11e8-8d4a-00505681224b,c4epi0vtarsg00au8kkg
05ed1210-bfbd-11e8-8d4a-00505681224b,c4epi54u12qg0096umv0
05f1d4ee-bfbd-11e8-a05c-00505681224b,c4epi0plms9g00deu6n0
05f1d4ee-bfbd-11e8-a05c-00505681224b,c4epi57f3f9g00811190
05f4365e-bfbd-11e8-9df6-00505681224b,c4epi0vl13i0009rcrhg
05f4365e-bfbd-11e8-9df6-00505681224b,c4epi4vorvtg00d0f7j0
05f812b8-e368-4c5a-b347-d8b9d82406ff,cf8c7nf4lcs000b3c33g
05f812b8-e368-4c5a-b347-d8b9d82406ff,cf8c7ntgpjbg00eeha30
0626d01b-aee9-4095-adc1-da3acb6ebdc4,c4e9c38kqp4g00aan2bg
0626d01b-aee9-4095-adc1-da3acb6ebdc4,c4e9ihggdkfg00cken80
062a134f-e9da-41fa-9fd7-38c4cca8cdaf,coko3bbnofvg00bh1dk0
062a134f-e9da-41fa-9fd7-38c4cca8cdaf,coko4d2f6nn0008vur3g
0637d38d-6762-4976-8e8c-8fbbca6f3829,c4e9c3211o1g008bvung
0637d38d-6762-4976-8e8c-8fbbca6f3829,c4e9ihvdeto00089sbvg
067fe5bb-85a9-42e8-b1e6-e2584ef6af12,c4e9c330tnc000c84t70
067fe5bb-85a9-42e8-b1e6-e2584ef6af12,c4e9ihu22pr000dqlfb0
06874127-7d0c-4e3c-be32-4894488db548,cobm1crai11g00d6aeqg
06874127-7d0c-4e3c-be32-4894488db548,cobm1d57tiqg00ap9rr0
06960d9f-8dc4-4075-8e90-ee653f2e3d84,cf8c7ndt0el000fgen6g
06960d9f-8dc4-4075-8e90-ee653f2e3d84,cf8c7nm7fmtg0082c9n0
06b9f200-aaa9-4bf7-829d-f47bbad8733c,cofkji1qkol000aam1d0
06b9f200-aaa9-4bf7-829d-f47bbad8733c,cofkji81277000eheugg
07050e5f-5d0d-4d75-a7b8-dcfe04b57a1c,cod078flrmbg00b7997g
07050e5f-5d0d-4d75-a7b8-dcfe04b57a1c,cod078lqk3gg00chafog
070a54ff-abc2-4e5e-90e1-300b37b665bb,coabrl01277000eg8n5g
070a54ff-abc2-4e5e-90e1-300b37b665bb,coabrl1jhmbg00ffkvg0
07138084-13c4-44bc-9c57-61604262c072,co72btaf6nn0008tek70
07138084-13c4-44bc-9c57-61604262c072,co72btir4qng00adohug
07301015-7a00-4ca3-a42a-90d54590d927,cech9o2gr9bg00935nng
07301015-7a00-4ca3-a42a-90d54590d927,cecheebo765000dhj0ag
074c3e1e-a67b-42fb-be63-712d83afbdbf,cobm1d18t1lg00a8fs5g
074c3e1e-a67b-42fb-be63-712d83afbdbf,cobm1d3rfj6g00aiovr0
076599c7-b170-4189-8c9c-b49912ff2b4e,c4e9c3bvdq3000evt940
076599c7-b170-4189-8c9c-b49912ff2b4e,c4e9ihrjknf000amnec0
07757e93-d495-4472-9dd6-bce0b6c89bb4,c4e9c3cvfoog00ds2t0g
07757e93-d495-4472-9dd6-bce0b6c89bb4,c4e9ihvorvtg00d0afgg
07787402-848f-4e52-870a-74e949954c6f,c4e9c3alpbg0009nur50
07787402-848f-4e52-870a-74e949954c6f,c4e9ihsfjb0000cm0790
07867e7b-c1f3-4163-bff8-47e8ae8ac302,c4e9c3e1ja2g00ccf5r0
07867e7b-c1f3-4163-bff8-47e8ae8ac302,c4e9ihvl13i0009r7gl0
0791561d-7d74-4c78-ac47-15a36d6b74ba,c4e9c3vdeto00089sa60
0791561d-7d74-4c78-ac47-15a36d6b74ba,c4e9ihoqui1g00dcshhg
07a5e558-20fa-45e8-b502-f4c12434a3b4,coabrl5orq7g008ml5tg
07a5e558-20fa-45e8-b502-f4c12434a3b4,coabrl8n2q9g00f0n7kg
07d5bbea-cccb-4df8-8c6f-2e93bdb39cae,c4e9cg96lb7g00ceiq70
07d5bbea-cccb-4df8-8c6f-2e93bdb39cae,c4e9ihvf3f9g0080rvn0
07de7eb4-884f-4819-97c0-997073c254cc,c4e9c3nl13i0009r7ej0
07de7eb4-884f-4819-97c0-997073c254cc,c4e9ildnv8a0008hc2d0
07df106b-1086-43c5-9ef3-e13cfe966d17,coiu212r4qng00afua5g
07df106b-1086-43c5-9ef3-e13cfe966d17,coiu2157tiqg00aq67ng
081b4148-14bc-4077-813a-6df476b31cf6,c4e9c3p6lb7g00ceiq60
081b4148-14bc-4077-813a-6df476b31cf6,c4e9ii7tarsg00au3ocg
0827c761-00b2-4214-8866-616b72a91f62,c4e9c4ftarsg00au3mcg
0827c761-00b2-4214-8866-616b72a91f62,c4e9ii72551g00d1hi10
08378dca-2431-4431-8a10-fce2bfc59ec6,c4e9c3q11o1g008bvuo0
08378dca-2431-4431-8a10-fce2bfc59ec6,c4e9ii5ksi2g00c0upjg
0851984c-9e1f-46af-8e8b-0276402d9fe4,c4e9c4cu12qg0096pi3g
0851984c-9e1f-46af-8e8b-0276402d9fe4,c4e9ii7orvtg00d0afh0
0865edc8-8c19-49c7-8eb3-33a0a8f8df73,c4e9c4dnv8a0008hc0c0
0865edc8-8c19-49c7-8eb3-33a0a8f8df73,c4e9ii61ja2g00ccf7o0
08847c32-f35d-48bd-bdf0-19c7d234e72f,c4e9c4gqui1g00dcsfsg
08847c32-f35d-48bd-bdf0-19c7d234e72f,c4e9iielljag008akp10
088668c2-885d-427b-9485-d11f21e14c90,c4e9c4ndeto00089sa6g
088668c2-885d-427b-9485-d11f21e14c90,c4e9iifdeto00089sc00
08a9d6f3-6a78-4d51-98bc-b7fdcdc9be58,cf8c7nd0p0eg0099uhdg
08a9d6f3-6a78-4d51-98bc-b7fdcdc9be58,cf8c7nsqsijg00epdvvg
08c1d15d-9704-4de6-8ebe-b5833859d402,cntm4q6udun000ee3r4g
08c1d15d-9704-4de6-8ebe-b5833859d402,cntm54c5646000cg913g
09060006-01f3-46bd-8706-f03bbe4cdc20,c4e9c4v2551g00d1hg70
09060006-01f3-46bd-8706-f03bbe4cdc20,c4e9ii8gdkfg00cken8g
090bfa9e-21b9-4ba4-9fd3-e2624729e9cc,cobm1d9gkbk0009imnmg
090bfa9e-21b9-4ba4-9fd3-e2624729e9cc,cobm1d9qkol000aa3gi0
093c98a7-769f-4860-b946-61761fe4ba23,c4e9c4tksi2g00c0unig
093c98a7-769f-4860-b946-61761fe4ba23,c4e9in4u12qg0096pk10
09547112-4e44-41fa-ac6f-5793d9b73df7,cod078g1qiv000f3sr60
09547112-4e44-41fa-ac6f-5793d9b73df7,cod078hjhmbg00fgerug
09850972-a816-4393-a441-8fae7bcc5071,cobm1dk5646000ck2uk0
09850972-a816-4393-a441-8fae7bcc5071,cobm1dlqk3gg00ch2bf0
098924bc-98ef-4153-b68f-12219391aaa2,cofkjibrfj6g00aje16g
098924bc-98ef-4153-b68f-12219391aaa2,cofkjif3r4d000f3bp80
0993bf40-4a0d-460b-aefe-e835dd5aa29a,c4e9c4so26gg008qp6o0
0993bf40-4a0d-460b-aefe-e835dd5aa29a,c4e9iif2551g00d1hi1g
09960451-853f-4790-a90d-29a9a9f54ea8,c4e9c516lb7g00ceiq6g
09960451-853f-4790-a90d-29a9a9f54ea8,c4e9iie22pr000dqlfc0
09a0058d-c1d9-4e88-9ec3-7431ae49b1ec,c4e9c56lljag008akn50
09a0058d-c1d9-4e88-9ec3-7431ae49b1ec,c4e9in7f3f9g0080rvog
09a48b47-f6f6-4fa7-aafc-d93fe2e45dd9,c4e9cgdnv8a0008hc0d0
09a48b47-f6f6-4fa7-aafc-d93fe2e45dd9,c4e9iinorvtg00d0afhg
09a56218-4688-470f-b282-39282b649533,cngl66q8kqpg00amug20
09a56218-4688-470f-b282-39282b649533,cngl66v9iisg009pp0ug
09d309aa-5322-4cdc-95f9-67718a9f26af,c4e9cgdksi2g00c0unj0
09d309aa-5322-4cdc-95f9-67718a9f26af,c4e9in61ja2g00ccf7q0
09ec4a18-1528-464b-bbe3-c09b45555432,c4e9cgvtarsg00au3meg
09ec4a18-1528-464b-bbe3-c09b45555432,c4e9iq0qui1g00dcshjg
0a088872-9e2b-4270-82d6-5857ad3cb597,c4e9cgkbq3o000abumsg
0a088872-9e2b-4270-82d6-5857ad3cb597,c4e9illnv8a0008hc2dg
0a14e62b-9fae-4e62-9fc0-d16e85311abc,coabrl81277000eg8n60
0a14e62b-9fae-4e62-9fc0-d16e85311abc,coabrlf3r4d000f24dgg
0a33878c-077c-4b4d-a419-ef7023b04a45,c4e9cgn2551g00d1hg80
0a33878c-077c-4b4d-a419-ef7023b04a45,c4e9ililpbg0009nut3g
0a3bc3d1-19e1-4de7-8f91-6458ccf38a25,c4e9cgh2rh1g009f4e2g
0a3bc3d1-19e1-4de7-8f91-6458ccf38a25,c4e9ilkmi4og00d2bq1g
0a9ed5b5-1bd9-4303-83c9-114722080f76,cee020f6bs0g0081guk0
0a9ed5b5-1bd9-4303-83c9-114722080f76,cee020frci6g009ngqfg
0aa24f1e-676c-42e8-a745-387218c76d55,c4e9cgkmi4og00d2boa0
0aa24f1e-676c-42e8-a745-387218c76d55,c4e9ilm22pr000dqlfcg
0ac4e148-a010-47ad-bc9f-f58a288165a6,c4e9cgu22pr000dqldl0
0ac4e148-a010-47ad-bc9f-f58a288165a6,c4e9ilrvdq3000evtb60
0adc775a-a8ad-4f9e-a85b-d3bef8eaed88,c4e9cgm22pr000dqldkg
0adc775a-a8ad-4f9e-a85b-d3bef8eaed88,c4e9ilsu12qg0096pk00
0adfb359-7956-4b88-88ff-8a4b88f205c9,c4e9cgsfjb0000cm05gg
0adfb359-7956-4b88-88ff-8a4b88f205c9,c4e9ilsbq3o000abuorg
0ae19242-8b88-4d44-a3a9-ba6d62109d81,cngl6719galg00ctc84g
0ae19242-8b88-4d44-a3a9-ba6d62109d81,cngl67410vk00082s8q0
0afdef41-c4aa-4a6d-a75a-8ec73d96d5d9,coabrlbai11g00d5pcv0
0afdef41-c4aa-4a6d-a75a-8ec73d96d5d9,coabrliase3000blgur0
0b1a48c8-5fc6-400d-a9b1-2318d751e36d,cmaukjl51pog008ka0p0
0b1a48c8-5fc6-400d-a9b1-2318d751e36d,cmaukjmj0kpg00dkgd80
0b3c5f3f-304a-4447-8846-0965a4d7184f,c4e9cgso26gg008qp6p0
0b3c5f3f-304a-4447-8846-0965a4d7184f,c4e9ilvorvtg00d0afi0
0b48e59e-58bb-4c3f-829d-4eb023f858b0,cofkjik10vk00088mf40
0b48e59e-58bb-4c3f-829d-4eb023f858b0,cofkjimi5iag009vrgr0
0b6e8610-1f12-4ea2-9324-6ee6266e4650,c4e9cgvl13i0009r7ejg
0b6e8610-1f12-4ea2-9324-6ee6266e4650,c4e9ilsvfoog00ds2v00
0b765ff8-14ce-4d29-9042-f65c29b38338,cnpsfo18t1lg00a42brg
0b765ff8-14ce-4d29-9042-f65c29b38338,cnpsfo79iisg009qpc30
0b78fabe-7a2d-4c69-abb1-082a32c7932d,cee0209uln7g008v6pg0
0b78fabe-7a2d-4c69-abb1-082a32c7932d,cee020evss5g0094f1r0
0b8c7805-12e8-42fd-b203-f113fde7309c,coguph2ase3000bmpm40
0b8c7805-12e8-42fd-b203-f113fde7309c,coguph5qk3gg00chq140
0b8d3673-a47e-4b73-9093-c0b777213529,c4e9cgsu12qg0096pi60
0b8d3673-a47e-4b73-9093-c0b777213529,c4e9ilvf3f9g0080rvo0
0c03b4f4-c9ae-4fc5-bcb0-7bdd703eef71,cech9ss4op8000db5mi0
0c03b4f4-c9ae-4fc5-bcb0-7bdd703eef71,cechej1eff7g00asddc0
0c2c0cd9-22d2-479e-a1c1-120b0323e229,c4e9cgsfjb0000cm05h0
0c2c0cd9-22d2-479e-a1c1-120b0323e229,c4e9iltnv8a0008hc2e0
0c33514d-abf1-4730-938f-a28efadbb8ae,c4e9cgulljag008akn6g
0c33514d-abf1-4730-938f-a28efadbb8ae,c4e9iqku12qg0096pk2g
0c4c28e2-02fe-402c-b316-c6043b6bf7ed,c4e9cmcfjb0000cm05k0
0c4c28e2-02fe-402c-b316-c6043b6bf7ed,c4e9iq7deto00089sc1g
0c7b0ef5-f8be-464d-810f-df48ac005b2d,cnp7dhon2q9g00esshk0
0c7b0ef5-f8be-464d-810f-df48ac005b2d,cnp7di7s7se0009up6a0
0c8753a7-c248-41f7-ae6d-22f795f5556e,c4e9cmf2551g00d1hg9g
0c8753a7-c248-41f7-ae6d-22f795f5556e,c4e9im5ksi2g00c0upl0
0c8d28f7-a438-4d3b-8ea0-55bef942c98f,cf8c7naac3n000enef6g
0c8d28f7-a438-4d3b-8ea0-55bef942c98f,cf8c7nsqsijg00epdvv0
0c9f15e3-127c-4755-b071-4e130fb937e8,coabrlg1277000eg8n6g
0c9f15e3-127c-4755-b071-4e130fb937e8,coabrln3r4d000f24dh0
0cbba4e0-2d33-4b48-9d77-f9bbb72f4ee1,c4e9cma11o1g008bvuqg
0cbba4e0-2d33-4b48-9d77-f9bbb72f4ee1,c4e9iq3vdq3000evtb70
0cc584cc-da96-11e7-90c3-00505681224b,c4dtmh7l13i0009r00t0
0cc584cc-da96-11e7-90c3-00505681224b,c4dtmvkmi4og00d2548g
0ccf5c10-8d6a-40a3-88ae-db7775edeb37,coko3c410vk000898lqg
0ccf5c10-8d6a-40a3-88ae-db7775edeb37,coko4c28kqpg00ate0gg
0cd07cc6-0fce-4060-8d5e-fab161243428,coguph0n2q9g00f23o4g
0cd07cc6-0fce-4060-8d5e-fab161243428,coguphaf6nn0008vgup0
0cda2d5c-a8e8-43d4-9665-a4d2545b5e38,c4e9cgtksi2g00c0unkg
0cda2d5c-a8e8-43d4-9665-a4d2545b5e38,c4e9iq4mi4og00d2bq20
0cfc635d-0655-4ce8-a6c9-b66af94e09dd,coguph81qiv000f4erv0
0cfc635d-0655-4ce8-a6c9-b66af94e09dd,coguph9qkol000aas8m0
0d037f04-548d-4601-aeee-d998d3240c68,c4e9cmac0ku000ap466g
0d037f04-548d-4601-aeee-d998d3240c68,c4e9im6lljag008akp2g
0d0648eb-876b-4973-8237-0d92e1cc72ae,c4e9cmc7bhug00afcq2g
0d0648eb-876b-4973-8237-0d92e1cc72ae,c4e9ime1ja2g00ccf7pg
0d0a0fd5-ea30-4b86-a996-39ef4310a705,coiu21bai11g00d74mqg
0d0a0fd5-ea30-4b86-a996-39ef4310a705,coiu21c5646000ckssl0
0d176468-da97-11e7-8944-00505681224b,c4dtmhndeto00089lhjg
0d176468-da97-11e7-8944-00505681224b,c4dtmvoqui1g00dclpc0
0d7bcfeb-8f00-4276-96b7-66a39109ff3a,c4e9cgvf3f9g0080rto0
0d7bcfeb-8f00-4276-96b7-66a39109ff3a,c4e9im96lb7g00ceirv0
0d8ae3cc-7bf9-4b49-9237-80241a11e787,c4e9cgq11o1g008bvupg
0d8ae3cc-7bf9-4b49-9237-80241a11e787,c4e9im8kqp4g00aan42g
0dbc820a-fc3b-4597-af7c-95b34f659ec5,c4e9cgqlpbg0009nur70
0dbc820a-fc3b-4597-af7c-95b34f659ec5,c4e9imc7bhug00afcrr0
0dbf679b-7dc8-49c7-b6b8-a988ab484d02,c4e9cgr0tnc000c84t9g
0dbf679b-7dc8-49c7-b6b8-a988ab484d02,c4e9iq7f3f9g0080rvp0
0dc50cd3-1ee2-469c-87e7-2be1f972f2c5,cechbjnd49lg009j0ktg
0dc50cd3-1ee2-469c-87e7-2be1f972f2c5,cechejfrci6g009na88g
0dcd5efe-56c3-4e0a-91fe-03150b4e9124,c4e9ch1lms9g00depf7g
0dcd5efe-56c3-4e0a-91fe-03150b4e9124,c4e9imilpbg0009nut40
0de8dc48-50fc-40c3-b9f7-6532c64fa16c,c4e9ch4u12qg0096pi70
0de8dc48-50fc-40c3-b9f7-6532c64fa16c,c4e9imrvdq3000evtb6g
0e014249-20eb-448e-8fd7-498b7d3be971,c4e9ch4mi4og00d2boag
0e014249-20eb-448e-8fd7-498b7d3be971,c4e9imulljag008akp30
0e0d23ec-1249-46ea-b17f-a6adfa140df2,co2emt99galg00cvtj0g
0e0d23ec-1249-46ea-b17f-a6adfa140df2,co2emtgn2q9g00eubqp0
0e16a0f8-28c6-424a-bc9d-5acabf9b6bf2,c4e9cme1ja2g00ccf5tg
0e16a0f8-28c6-424a-bc9d-5acabf9b6bf2,c4e9iq3jknf000amnedg
0e16c604-2cde-4000-b024-03f2e2d47685,c4e9cmco26gg008qp6rg
0e16c604-2cde-4000-b024-03f2e2d47685,c4e9iq211o1g008c00j0
0e29b16f-1503-445b-92f3-676be6ec6c50,c4e9ch4fjb0000cm05hg
0e29b16f-1503-445b-92f3-676be6ec6c50,c4e9iq4fjb0000cm07ag
0e4e587c-fe7d-4a2e-8f77-2e361e94c97d,c4e9ch7f3f9g0080rtog
0e4e587c-fe7d-4a2e-8f77-2e361e94c97d,c4e9indksi2g00c0upm0
0ebe5e4a-b726-429f-98c3-93901a3357bc,c4e9cmco26gg008qp6s0
0ebe5e4a-b726-429f-98c3-93901a3357bc,c4e9inm22pr000dqlfd0
0ee56096-d953-4f35-b587-0df47541dff4,c4e9chac0ku000ap4650
0ee56096-d953-4f35-b587-0df47541dff4,c4e9irh2rh1g009f4fqg
0ee6a15b-f884-477f-a70b-7834205cbd65,cngl678im8r000fnttpg
0ee6a15b-f884-477f-a70b-7834205cbd65,cngl679gkbk0009daerg
0f0a0429-3f7b-4eab-8e51-7057143e2ecc,c4e9chdksi2g00c0unl0
0f0a0429-3f7b-4eab-8e51-7057143e2ecc,c4e9iqcu12qg0096pk1g
0f10ed8f-ed8c-45e1-a4e7-749dd6d4fb9c,c4e9chb0tnc000c84ta0
0f10ed8f-ed8c-45e1-a4e7-749dd6d4fb9c,c4e9iqftarsg00au3oe0
0f17637f-c919-455d-8606-8152eb1b4cf3,cech9v5gpjbg00ebqc60
0f17637f-c919-455d-8606-8152eb1b4cf3,cechej9uln7g008v01kg
0f3f4d14-6361-485b-ab49-378218735d10,coko3cmudun000eiufqg
0f3f4d14-6361-485b-ab49-378218735d10,coko4biase3000bn5a7g
0f467bb4-1825-11e8-ad49-00505681224b,c4dtmh0gdkfg00ck7tk0
0f467bb4-1825-11e8-ad49-00505681224b,c4dtmvvdeto00089li7g
0f572586-fc95-423f-a26d-400c4d88fee8,coguphgn2q9g00f23o5g
0f572586-fc95-423f-a26d-400c4d88fee8,coguphl7tiqg00aq3okg
0f5c4642-b177-42c1-a5b6-5bda39a1a9a6,c4e9chbvdq3000evt97g
0f5c4642-b177-42c1-a5b6-5bda39a1a9a6,c4e9iqco26gg008qp8qg
0f6b84b7-6c9f-4793-803c-f7ece2046f2f,cf8c7oheff7g00av1q7g
0f6b84b7-6c9f-4793-803c-f7ece2046f2f,cf8c7p76bs0g00842lmg
0f7400c4-9d98-439b-bc37-88a2ce0e707a,coabqrqase3000blguo0
0f7400c4-9d98-439b-bc37-88a2ce0e707a,coabqrqase3000blguog
0fa933c4-34c1-49bb-9523-d3aa132df1cc,c4e9cm92rh1g009f4e3g
0fa933c4-34c1-49bb-9523-d3aa132df1cc,c4e9iqa11o1g008c00jg
0faa0fc0-daf9-4176-a2d7-f32c382e79a1,c4e9chmlljag008akn7g
0faa0fc0-daf9-4176-a2d7-f32c382e79a1,c4e9iqff3f9g0080rvpg
0fb23542-42de-421a-b263-e2c43f66ad59,c4e9cme1ja2g00ccf5t0
0fb23542-42de-421a-b263-e2c43f66ad59,c4e9iqfdeto00089sc20
0fb931d3-b661-45ea-bfb4-0545549b51c9,c4e9cmnf3f9g0080rtp0
0fb931d3-b661-45ea-bfb4-0545549b51c9,c4e9iqco26gg008qp8r0
1015da31-6976-491e-ba74-72445dcba3b7,coiu2198t1lg00a9dpvg
1015da31-6976-491e-ba74-72445dcba3b7,coiu21l7tiqg00aq67o0
10392111-4df2-445d-8e6b-dcbe78389a7a,co14hapmiud0009rt220
10392111-4df2-445d-8e6b-dcbe78389a7a,co14hb2ase3000bil02g
103c7ed3-863f-47da-87d2-00839ee3899c,c4e9cmj0tnc000c84tag
103c7ed3-863f-47da-87d2-00839ee3899c,c4e9iqcu12qg0096pk20
1059544c-474f-413f-8f19-c781605af9c5,coiu213rfj6g00ajo6ug
1059544c-474f-413f-8f19-c781605af9c5,coiu216udun000eikul0
109f4967-6f54-494e-bc78-62eb20b4ded9,cei03g50p0eg0097tk1g
109f4967-6f54-494e-bc78-62eb20b4ded9,cei03g6ea3q00088st20
10a8bbd8-17f3-438e-ad48-90f939c50b61,cp03u40im8r00080amh0
10a8bbd8-17f3-438e-ad48-90f939c50b61,cp03u498t1lg00ablcsg
10aee132-a911-4d6d-8229-78213e29dced,cf8c7olt0el000fgend0
10aee132-a911-4d6d-8229-78213e29dced,cf8c7p6nbbog009vtufg
10d570bd-bf3f-4b9f-a619-0b57ef87e08a,c4e9cqcmi4og00d2boe0
10d570bd-bf3f-4b9f-a619-0b57ef87e08a,c4e9j0cvfoog00ds2v2g
10dd1878-9169-4220-8deb-836bef28038b,c4e9cmm1ja2g00ccf5u0
10dd1878-9169-4220-8deb-836bef28038b,c4e9j0b0tnc000c84usg
10e683f3-f22b-43f3-bd5e-b5d285377a7d,c4e9cmj0tnc000c84tb0
10e683f3-f22b-43f3-bd5e-b5d285377a7d,c4e9iqic0ku000ap4810
10e93e63-b5b3-44a5-91d2-f222b8a2ba7e,c4e9cmgqui1g00dcsfu0
10e93e63-b5b3-44a5-91d2-f222b8a2ba7e,c4e9iqf2551g00d1hi20
10f10c7e-a7c9-4045-a84f-bda8085cc43f,c4e9cqelljag008akn8g
10f10c7e-a7c9-4045-a84f-bda8085cc43f,c4e9iqgkqp4g00aan440
1107ccdb-5c4c-4d27-9936-552c59fdb1aa,c4e9cn0kqp4g00aan2dg
1107ccdb-5c4c-4d27-9936-552c59fdb1aa,c4e9iqm1ja2g00ccf7qg
111ed3cd-0326-43bf-9888-9045e883b62d,c4e9cmndeto00089sa9g
111ed3cd-0326-43bf-9888-9045e883b62d,c4e9j0bvdq3000evtba0
11439dd8-aa3e-4447-bcf0-89fa1abf17f0,c4e9cn7deto00089saa0
11439dd8-aa3e-4447-bcf0-89fa1abf17f0,c4e9iqnl13i0009r7gn0
1164d948-3fce-4b55-b5ee-c8b38f39885a,cngl6781277000ebeqng
1164d948-3fce-4b55-b5ee-c8b38f39885a,cngl67i8kqpg00amug30
116b1565-5496-48c5-a809-49217a85f23d,c4e9cmkvfoog00ds2t30
116b1565-5496-48c5-a809-49217a85f23d,c4e9j0dksi2g00c0upmg
11b24b75-5808-4ef0-a725-c21dfee341d7,c4e9cqdnv8a0008hc0hg
11b24b75-5808-4ef0-a725-c21dfee341d7,c4e9iqh6lb7g00ceis0g
11bfb2ae-1275-4982-9460-3a3a93e4e049,c4e9cqfdeto00089sacg
11bfb2ae-1275-4982-9460-3a3a93e4e049,c4e9iqplms9g00deph40
11d9d006-d278-4b6d-b7cd-7dc31554ee64,coguphhg8bvg00b5ajog
11d9d006-d278-4b6d-b7cd-7dc31554ee64,coguphqr4qng00afrji0
11f8ae6c-4ac3-4d04-9445-4e2be757dd9a,c4e9cmjvdq3000evt99g
11f8ae6c-4ac3-4d04-9445-4e2be757dd9a,c4e9j0cfjb0000cm07cg
1200bd9f-5f88-4b8f-8e0c-7464781222d7,c4e9cmi11o1g008bvurg
1200bd9f-5f88-4b8f-8e0c-7464781222d7,c4e9iqrvdq3000evtb80
12083509-942c-4b90-9477-93b889f630aa,c4e9cmlnv8a0008hc0g0
12083509-942c-4b90-9477-93b889f630aa,c4e9iqvf3f9g0080rvq0
122399b0-ea28-492e-8b2b-dec6c9e4b744,c4e9cn7tarsg00au3mh0
122399b0-ea28-492e-8b2b-dec6c9e4b744,c4e9iqsbq3o000abuotg
12243bd9-4f10-4d6b-ac68-f4312087f38a,c4e9cn4bq3o000abumvg
12243bd9-4f10-4d6b-ac68-f4312087f38a,c4e9iqulljag008akp4g
1224ec32-25a8-487c-afe4-0c27809e994e,cngl67g7ov20008cb6t0
1224ec32-25a8-487c-afe4-0c27809e994e,cngl67ptk7jg009q90m0
12252121-f6d5-44c5-8d91-17ace237859c,cofkjiiase3000bmjn2g
12252121-f6d5-44c5-8d91-17ace237859c,cofkjitqk3gg00chk180
123ff593-2fed-4563-ba78-829fe9fb4e6e,c4e9cmqc0ku000ap467g
123ff593-2fed-4563-ba78-829fe9fb4e6e,c4e9j0cmi4og00d2bq40
125db0df-2205-4680-a6a5-e05390e00f85,c4e9cmso26gg008qp6t0
125db0df-2205-4680-a6a5-e05390e00f85,c4e9iqqlpbg0009nut60
12673e50-4e63-4e6c-a489-62155c8eb663,c4e9cn6lljag008akn80
12673e50-4e63-4e6c-a489-62155c8eb663,c4e9ir7deto00089sc2g
126beeb8-bdad-4338-9552-a3cf12f5e473,c4e9cn16lb7g00ceiq8g
126beeb8-bdad-4338-9552-a3cf12f5e473,c4e9j0c7bhug00afcrsg
127a829a-9f5a-4b40-9094-e431fac00785,codla5c5646000ckbf1g
127a829a-9f5a-4b40-9094-e431fac00785,codla5dqk3gg00chapl0
128719ac-366e-4ba1-88ff-5ea1d9facf6d,coguphon2q9g00f23o60
128719ac-366e-4ba1-88ff-5ea1d9facf6d,coguphpgkbk0009jg720
12902e27-50e1-4413-ab95-0aa1660539a1,cngl67qr4qng00a9i9j0
12902e27-50e1-4413-ab95-0aa1660539a1,cngl67tralig008m3lv0
12940c95-3e15-4b71-8f88-e2d8c1ed8cd8,c4e9cn4vfoog00ds2t40
12940c95-3e15-4b71-8f88-e2d8c1ed8cd8,c4e9ir16lb7g00ceis10
12a2e4c3-590e-4bbf-a312-ff7289fdc7ac,c4e9cqc7bhug00afcq50
12a2e4c3-590e-4bbf-a312-ff7289fdc7ac,c4e9j0ff3f9g0080rvr0
12b90d8e-6825-47e9-8f09-8e41b044352d,coguphpmiud000a02f6g
12b90d8e-6825-47e9-8f09-8e41b044352d,cogupi07ov20008ieltg
12e1af31-aba4-4981-b7dc-5a7b91539845,cngl6801277000ebeqp0
12e1af31-aba4-4981-b7dc-5a7b91539845,cngl686udun000eckugg
131a0251-416c-414b-b85d-a5162b72c7bb,c4e9cn7orvtg00d0adl0
131a0251-416c-414b-b85d-a5162b72c7bb,c4e9j092rh1g009f4fs0
131ca3dd-8fdd-4a62-917d-1a67837fcaf0,c4e9cn4u12qg0096pi8g
131ca3dd-8fdd-4a62-917d-1a67837fcaf0,c4e9irvorvtg00d0afk0
132aeeb1-3c44-4484-b0cf-8382a53266c3,cod078o1qiv000f3sr6g
132aeeb1-3c44-4484-b0cf-8382a53266c3,cod078pjhmbg00fgerv0
132b3001-8f7d-45ea-83c0-4d1b8951eb6d,cod078uudun000ei35r0
132b3001-8f7d-45ea-83c0-4d1b8951eb6d,cod07918t1lg00a8optg
13888d5c-3463-46b9-882e-77d5ad889709,cobm1dmudun000ehr1tg
13888d5c-3463-46b9-882e-77d5ad889709,cobm1dui5iag009v5d5g
138b0f5a-deb0-4199-9b8f-e8abb0ce0587,cmau71551pog008k9tmg
138b0f5a-deb0-4199-9b8f-e8abb0ce0587,cmau771r1go000eeuvu0
138d0f46-64a1-4c59-b021-595e26d29e92,cnpsfo87ov20008df0n0
138d0f46-64a1-4c59-b021-595e26d29e92,cnpsfoaase3000bhtreg
138fe179-5f4b-428d-a1d3-742e97449d7a,c4e9cn3jknf000amncjg
138fe179-5f4b-428d-a1d3-742e97449d7a,c4e9is211o1g008c00lg
13972968-3166-4818-b312-2049f8c10161,c4e9cn0qui1g00dcsfug
13972968-3166-4818-b312-2049f8c10161,c4e9iscfjb0000cm07bg
139b315e-5013-41e3-b09a-e82b8568054a,c4e9cnbvdq3000evt9ag
139b315e-5013-41e3-b09a-e82b8568054a,c4e9ise22pr000dqlfg0
13b16393-f4f2-4ce7-a173-fc8dc3a1b7a2,cp03u49g8bvg00b7eer0
13b16393-f4f2-4ce7-a173-fc8dc3a1b7a2,cp03u49miud000a26ekg
13bbb03a-6d0c-4526-8de8-93824bf8f168,c4e9cndksi2g00c0unng
13bbb03a-6d0c-4526-8de8-93824bf8f168,c4e9ismlljag008akp60
13d71944-bcbc-4f55-b283-e5c9048ffd79,coknntpg8bvg00b5mb4g
13d71944-bcbc-4f55-b283-e5c9048ffd79,cokno3on2q9g00f2gtn0
13d9c1a9-543a-4ca6-ba22-8ce1ca30bd1d,c4e9cq8kqp4g00aan2g0
13d9c1a9-543a-4ca6-ba22-8ce1ca30bd1d,c4e9j261ja2g00ccf7t0
13f395e6-714c-43be-9a82-fae5b14db8f3,c4e9cncfjb0000cm05l0
13f395e6-714c-43be-9a82-fae5b14db8f3,c4e9j0lnv8a0008hc2gg
145b1991-196f-46f9-90da-642af63f6028,cogupi3n5d9000e2fttg
145b1991-196f-46f9-90da-642af63f6028,cogupiaase3000bmpm6g
14612bef-d3ec-4ec7-8c40-f03b1932eb8e,cofkjiqase3000bmjn30
14612bef-d3ec-4ec7-8c40-f03b1932eb8e,cofkjiv3r4d000f3bp90
14707dde-63c2-486e-8926-84303918ca35,cogupi8n2q9g00f23o70
14707dde-63c2-486e-8926-84303918ca35,cogupibnofvg00bgm29g
14b158b0-3b5a-4a5b-b678-6e227bc3fc4c,cofkjirai11g00d6sagg
14b158b0-3b5a-4a5b-b678-6e227bc3fc4c,cofkjirn5d9000e295sg
14c10782-df48-4d60-813a-b2193fbaff53,cofkjj2ase3000bmjn3g
14c10782-df48-4d60-813a-b2193fbaff53,cofkjj45646000ckkp7g
14dfc3bd-a4f8-4c1f-9f9e-f3f55105ce81,c4e9cncbq3o000abun00
14dfc3bd-a4f8-4c1f-9f9e-f3f55105ce81,c4e9j6ko26gg008qp910
15348c34-d1b3-4c1a-9785-d9d7b2043594,c4e9cna11o1g008bvus0
15348c34-d1b3-4c1a-9785-d9d7b2043594,c4e9j0ggdkfg00ckencg
1543d488-76a9-4895-a751-4eda630f9627,cf8c7oheff7g00av1q6g
1543d488-76a9-4895-a751-4eda630f9627,cf8c7otgpjbg00eeha6g
155959a1-6d49-45e4-82a9-4b8d21388b7a,c4e9cnkbq3o000abun0g
155959a1-6d49-45e4-82a9-4b8d21388b7a,c4e9j0ko26gg008qp8sg
155ee2a7-c431-456e-b305-065ee5b977e7,c4e9cnh6lb7g00ceiq90
155ee2a7-c431-456e-b305-065ee5b977e7,c4e9j0gqui1g00dcshlg
15814049-7560-445e-b4cd-6599394800ad,c4e9cnj0tnc000c84td0
15814049-7560-445e-b4cd-6599394800ad,c4e9j0mlljag008akp6g
158d22ab-9227-41c8-9e22-0b40b0dcc9ca,c4e9cnkmi4og00d2boc0
158d22ab-9227-41c8-9e22-0b40b0dcc9ca,c4e9j0n2551g00d1hi4g
15a8407f-5a9b-4d41-b6bd-5a4cd41fe00c,coabqrpqkol000a9i710
15a8407f-5a9b-4d41-b6bd-5a4cd41fe00c,coabqs3ai11g00d5pcsg
15b0454f-a9b7-4b5d-bad1-6331757ce54d,c4e9cnilpbg0009nura0
15b0454f-a9b7-4b5d-bad1-6331757ce54d,c4e9j6ko26gg008qp90g
15c8a390-c9f2-4f42-8b2a-fb111058ac16,cogupig7ov20008ielu0
15c8a390-c9f2-4f42-8b2a-fb111058ac16,cogupihmiud000a02f80
15d64d42-1e40-4b56-8690-64cc725e74fe,c4e9cqf2551g00d1hgbg
15d64d42-1e40-4b56-8690-64cc725e74fe,c4e9j6ko26gg008qp900
15e9f656-3b32-4086-a027-38772baa4c86,c4e9cnntarsg00au3mhg
15e9f656-3b32-4086-a027-38772baa4c86,c4e9j0gqui1g00dcshm0
15ef747a-bcee-40cc-acc9-bce181a605f0,cnnt743nofvg00bbjc50
15ef747a-bcee-40cc-acc9-bce181a605f0,cnnt745qk3gg00ccgghg
1623eb17-1e07-4d68-b2a9-6ff17804e38b,c4e9cnogdkfg00ckeli0
1623eb17-1e07-4d68-b2a9-6ff17804e38b,c4e9j0hlms9g00deph6g
1627950b-53e5-4d32-b00f-45cc8c36e260,cofkjj1gkbk0009j9mt0
1627950b-53e5-4d32-b00f-45cc8c36e260,cofkjja8kqpg00asqdb0
16287666-f57b-46ce-bce8-358b58543d7f,c4e9cnu1ja2g00ccf5v0
16287666-f57b-46ce-bce8-358b58543d7f,c4e9j0ntarsg00au3ofg
162aaee0-59de-4915-8bb6-f93134e2d74b,cogupijn5d9000e2ftug
162aaee0-59de-4915-8bb6-f93134e2d74b,cogupik5646000ckqnc0
16345443-a2f9-4b17-b839-627f023b2c86,c4eksi8gdkfg00ckgnbg
16345443-a2f9-4b17-b839-627f023b2c86,c4eksjkbq3o000ac0qt0
1643af6d-12e8-4eb8-adbd-1398b821874f,c4e9cnsu12qg0096pi9g
1643af6d-12e8-4eb8-adbd-1398b821874f,c4e9j0ko26gg008qp8t0
164be950-0a88-11e8-9033-00505681224b,c4epi0p6lb7g00cennjg
164be950-0a88-11e8-9033-00505681224b,c4epi4ogdkfg00ckjdr0
164e4df4-8db8-425b-8bb1-c4db8ef556cb,cofkjjaase3000bmjn40
164e4df4-8db8-425b-8bb1-c4db8ef556cb,cofkjjc5646000ckkp8g
165ce936-4d50-4842-95c7-70307dc084bd,c4e9cqalpbg0009nurc0
165ce936-4d50-4842-95c7-70307dc084bd,c4e9j0kbq3o000abuovg
16665d00-1655-4472-87c3-cb02d977e831,c4e9cnrjknf000amnck0
16665d00-1655-4472-87c3-cb02d977e831,c4e9j0h2rh1g009f4fsg
166b70d8-89fe-43b3-9f02-64855ed75e2f,cogupiqf6nn0008vguq0
166b70d8-89fe-43b3-9f02-64855ed75e2f,cogupitorq7g008o20s0
166d76c8-38a4-4d14-963d-ae9a15fac4f1,c4e9co4mi4og00d2bod0
166d76c8-38a4-4d14-963d-ae9a15fac4f1,c4e9j0rvdq3000evtbag
1675b9c1-1bc8-4812-8800-37e289375ecf,coknntg1277000ei3hg0
1675b9c1-1bc8-4812-8800-37e289375ecf,cokno3qr4qng00ag9gt0
167ce206-cfda-4804-b6ac-63b2a766cbee,cf8c7omvss5g0096t6eg
167ce206-cfda-4804-b6ac-63b2a766cbee,cf8c7p2qhpqg00ct7g80
16af1bb4-da96-11e7-9d22-00505681224b,c4dtmh16lb7g00cebr70
16af1bb4-da96-11e7-9d22-00505681224b,c4dtmvtksi2g00c0nj90
16e9de07-2fed-4654-8bc6-b1ff447e6c37,c4e9co47bhug00afcq4g
16e9de07-2fed-4654-8bc6-b1ff447e6c37,c4e9j0rjknf000amneh0
17035cb6-da97-11e7-b5d3-00505681224b,c4dtmh4u12qg0096ieu0
17035cb6-da97-11e7-b5d3-00505681224b,c4dtmvvf3f9g0080krjg
1714e6b9-8cb0-4a6f-95a3-5777e9a40464,cp03u4i8kqpg00av8pfg
1714e6b9-8cb0-4a6f-95a3-5777e9a40464,cp03u4l7tiqg00asaue0
171ae0f9-51ea-4dc4-add5-38ecb7796de9,coabqs2f6nn0008u36qg
171ae0f9-51ea-4dc4-add5-38ecb7796de9,coabqs45646000cji0s0
172fd203-b039-4e25-bba1-597f464f3224,c4e9co2lpbg0009nurag
172fd203-b039-4e25-bba1-597f464f3224,c4e9j0svfoog00ds2v30
173bb02a-2bba-4a36-81a0-1ad956cebcdc,c4e9co1lms9g00depf8g
173bb02a-2bba-4a36-81a0-1ad956cebcdc,c4e9j0oqui1g00dcshmg
174135ac-f4cf-4340-8c67-182c98210dc4,c4e9codnv8a0008hc0gg
174135ac-f4cf-4340-8c67-182c98210dc4,c4e9j0vdeto00089sc40
1745453c-5db8-4378-8299-2bc152e51fa2,cogupj18t1lg00a9b5q0
1745453c-5db8-4378-8299-2bc152e51fa2,cogupj6i5iag00a03710
174581e7-7417-4b8f-9ced-c58c41f82f61,c4e9coe1ja2g00ccf5vg
174581e7-7417-4b8f-9ced-c58c41f82f61,c4e9j0sfjb0000cm07d0
176b5ab0-1510-4599-8af0-eb4a817dae6f,c4e9cocvfoog00ds2t60
176b5ab0-1510-4599-8af0-eb4a817dae6f,c4e9j6ic0ku000ap484g
177b2204-9383-4279-af91-a802447defbd,c4e9cokmi4og00d2bodg
177b2204-9383-4279-af91-a802447defbd,c4e9j0sbq3o000abup00
17b5043f-c3c5-4371-92e4-142b17d3e98b,c4e9ctco26gg008qp6v0
17b5043f-c3c5-4371-92e4-142b17d3e98b,c4e9j14u12qg0096pk40
17d9b2f6-dc19-4de9-abf8-cbfba20ad4ea,c4e9ctcmi4og00d2bofg
17d9b2f6-dc19-4de9-abf8-cbfba20ad4ea,c4e9j10kqp4g00aan460
17e1dfee-0f69-4957-bdfb-c8c3f0b95a7c,c4e9d0f2551g00d1hgdg
17e1dfee-0f69-4957-bdfb-c8c3f0b95a7c,c4e9j6jvdq3000evtbdg
17ef8462-c0af-4d74-b91e-9ba6814c76e9,cech7haac3n000ekk7g0
17ef8462-c0af-4d74-b91e-9ba6814c76e9,cecheklgpjbg00ebqej0
1818cfbb-6577-469e-b742-159edc8c6139,c4e9cqq11o1g008bvutg
1818cfbb-6577-469e-b742-159edc8c6139,c4e9j14mi4og00d2bq4g
18258421-4135-42fb-b720-24a96508cb3d,c4e9crcvfoog00ds2t70
18258421-4135-42fb-b720-24a96508cb3d,c4e9j130tnc000c84ut0
1848b38a-8319-4bd8-86c7-032a068e8a2a,c4e9cqqc0ku000ap469g
1848b38a-8319-4bd8-86c7-032a068e8a2a,c4e9j1norvtg00d0afm0
1857f022-b9cb-428f-8554-b260d046edfe,c4e9cqnorvtg00d0adlg
1857f022-b9cb-428f-8554-b260d046edfe,c4e9j1kvfoog00ds2v3g
18583a2d-d78a-404d-ac92-4100eb15b66e,c4e9cqs7bhug00afcq5g
18583a2d-d78a-404d-ac92-4100eb15b66e,c4e9j1ko26gg008qp8tg
18940c4c-7d3d-4eaa-8636-769bc1a5c00c,c4e9crforvtg00d0adm0
18940c4c-7d3d-4eaa-8636-769bc1a5c00c,c4e9j1e1ja2g00ccf7sg
18aae64d-9cc8-4f3d-8eaa-f7d9e14eac3d,c4e9cqn2551g00d1hgc0
18aae64d-9cc8-4f3d-8eaa-f7d9e14eac3d,c4e9j1fdeto00089sc50
18b1d088-1825-11e8-bad0-00505681224b,c4dtmh0kqp4g00aagcd0
18b1d088-1825-11e8-bad0-00505681224b,c4dtmvrjknf000amgji0
18bee690-1e81-49cd-bcc1-b33cc6fdd18b,c4e9cqnf3f9g0080rtr0
18bee690-1e81-49cd-bcc1-b33cc6fdd18b,c4e9j6lnv8a0008hc2kg
18ed3159-90d2-45c1-928f-609e2cab510d,codla5hjhmbg00fgf8a0
18ed3159-90d2-45c1-928f-609e2cab510d,codla5jnofvg00bg6usg
192f843b-43a4-4e3e-af04-e0ee7350c501,c4e9cqsvfoog00ds2t6g
192f843b-43a4-4e3e-af04-e0ee7350c501,c4e9j1ntarsg00au3og0
1944347b-e24e-4ed3-bab1-4fc1ce7e9ac6,cf8c7om3mlvg0094aivg
1944347b-e24e-4ed3-bab1-4fc1ce7e9ac6,cf8c7ouvss5g0096t6fg
194493e6-1bef-43f6-89d6-2ea934e1a1d8,c4e9crff3f9g0080rts0
194493e6-1bef-43f6-89d6-2ea934e1a1d8,c4e9j1smi4og00d2bq50
195ab011-3148-489c-8179-493a9ec87200,cobm1do1277000egqqt0
195ab011-3148-489c-8179-493a9ec87200,cobm1e6udun000ehr1u0
195f652f-bbe4-45a0-a7a9-be53da4e9ea5,cngl6887ov20008cb6tg
195f652f-bbe4-45a0-a7a9-be53da4e9ea5,cngl68bvem1g00ed6050
197bf045-a297-48ce-a640-396539db45fb,c4e9cqqlpbg0009nurcg
197bf045-a297-48ce-a640-396539db45fb,c4e9j1u22pr000dqlfhg
19822782-a491-49e9-9d25-e369b0b53372,cod07928kqpg00asfqcg
19822782-a491-49e9-9d25-e369b0b53372,cod0797lrmbg00b7998g
1997716f-10af-43bf-98ac-3a3013f3909c,cod0791g8bvg00b4qqe0
1997716f-10af-43bf-98ac-3a3013f3909c,cod079bai11g00d6ilj0
1999ffe4-17f0-11ea-b31b-00505681224b,c4en3ptnv8a0008hftj0
1999ffe4-17f0-11ea-b31b-00505681224b,c4en4itnv8a0008hfu1g
199a26d8-17f0-11ea-a075-00505681224b,c4en3qlksi2g00c12isg
199a26d8-17f0-11ea-a075-00505681224b,c4en4jvdeto00089vvog
199a26db-17f0-11ea-9917-00505681224b,c4en3qi11o1g008c3ch0
199a26db-17f0-11ea-9917-00505681224b,c4en4jvorvtg00d0e10g
19c1a4b0-0a88-11e8-8c43-00505681224b,c4epi0so26gg008quu2g
19c1a4b0-0a88-11e8-8c43-00505681224b,c4epi4vf3f9g0081118g
19c34b73-0437-4833-adf4-e50dc2085c46,c4e9cr5ksi2g00c0unp0
19c34b73-0437-4833-adf4-e50dc2085c46,c4e9j6nl13i0009r7gt0
19d94aa3-de79-45be-88df-762973e95e69,cofkjj9g8bvg00b54g30
19d94aa3-de79-45be-88df-762973e95e69,cofkjjlorq7g008nr3ug
19db312e-1f04-11ea-9363-00505681224b,c4dtmhftarsg00atsq00
19db312e-1f04-11ea-9363-00505681224b,c4dtmvqc0ku000aosud0
19db95f5-efcb-42a5-af38-23b331c773a7,c4e9d0e1ja2g00ccf62g
19db95f5-efcb-42a5-af38-23b331c773a7,c4e9j1r0tnc000c84utg
19e0fdda-1f04-11ea-a892-00505681224b,c4dtmhac0ku000aostkg
19e0fdda-1f04-11ea-a892-00505681224b,c4dtmvsmi4og00d25490
19e3960c-1f04-11ea-acec-00505681224b,c4dtmh92rh1g009eto8g
19e3960c-1f04-11ea-acec-00505681224b,c4dtmvrvdq3000evljn0
19e4454b-bdca-4ae6-b84a-5efb0c2b6399,cofkj5g1qiv000f47vlg
19e4454b-bdca-4ae6-b84a-5efb0c2b6399,cofkj5i8kqpg00asqd60
19e50915-f190-4221-b2ec-418f224a122b,c4e9cr4fjb0000cm05m0
19e50915-f190-4221-b2ec-418f224a122b,c4e9j1svfoog00ds2v40
19e62e3e-1f04-11ea-bb41-00505681224b,c4dtmhcvfoog00drs4n0
19e62e3e-1f04-11ea-bb41-00505681224b,c4dtn04o26gg008qhll0
19e9ff00-1f04-11ea-973c-00505681224b,c4dtmhfl13i0009r00tg
19e9ff00-1f04-11ea-973c-00505681224b,c4dtn07deto00089li80
19ed337a-1f04-11ea-9949-00505681224b,c4dtmhdksi2g00c0nig0
19ed337a-1f04-11ea-9949-00505681224b,c4dtn030tnc000c7u060
19f54a34-1f04-11ea-8ed4-00505681224b,c4dtmhcmi4og00d253ig
19f54a34-1f04-11ea-8ed4-00505681224b,c4dtn04o26gg008qhllg
19f8308a-1f04-11ea-b758-00505681224b,c4dtmhc7bhug00af6510
19f8308a-1f04-11ea-b758-00505681224b,c4dtn04mi4og00d2549g
19fb3df4-1f04-11ea-9821-00505681224b,c4dtmh8kqp4g00aagceg
19fb3df4-1f04-11ea-9821-00505681224b,c4dtn00qui1g00dclpcg
19feaa0a-cc35-469c-9420-c8de182eb76f,c4e9cr7l13i0009r7ep0
19feaa0a-cc35-469c-9420-c8de182eb76f,c4e9j216lb7g00ceis2g
1a01ac79-ad48-4236-91e4-fb01531f9c33,c4e9cr12rh1g009f4e5g
1a01ac79-ad48-4236-91e4-fb01531f9c33,c4e9j212rh1g009f4ft0
1a01cdf8-1f04-11ea-a624-00505681224b,c4dtmhforvtg00d03it0
1a01cdf8-1f04-11ea-a624-00505681224b,c4dtn03jknf000amgjj0
1a02b7ba-e2d2-41ee-a1d3-b7c132cb8d21,c4e9d0co26gg008qp700
1a02b7ba-e2d2-41ee-a1d3-b7c132cb8d21,c4e9j247bhug00afcru0
1a043f18-1f04-11ea-b83c-00505681224b,c4dtmhf2551g00d1atb0
1a043f18-1f04-11ea-b83c-00505681224b,c4dtn00kqp4g00aagd60
1a08d336-1f04-11ea-8016-00505681224b,c4dtmh9lms9g00deimhg
1a08d336-1f04-11ea-8016-00505681224b,c4dtn00kqp4g00aagd6g
1a0e0398-1f04-11ea-90c0-00505681224b,c4dtmh9lms9g00deimi0
1a0e0398-1f04-11ea-90c0-00505681224b,c4dtn04fjb0000clooe0
1a113812-1f04-11ea-a902-00505681224b,c4dtmhfl13i0009r00u0
1a113812-1f04-11ea-a902-00505681224b,c4dtn03jknf000amgjjg
1a116875-24eb-4f3f-a693-7a413df3a802,c4e9crff3f9g0080rtrg
1a116875-24eb-4f3f-a693-7a413df3a802,c4e9j27orvtg00d0afn0
1a152fe6-1f04-11ea-8a45-00505681224b,c4dtmhjjknf000amgio0
1a152fe6-1f04-11ea-8a45-00505681224b,c4dtn03vdq3000evljo0
1a1fccd5-64e9-4861-ac3d-103aeecf8759,c4e9d0cvfoog00ds2t7g
1a1fccd5-64e9-4861-ac3d-103aeecf8759,c4e9j247bhug00afcrug
1a227706-1f04-11ea-adc4-00505681224b,c4dtmhkvfoog00drs4o0
1a227706-1f04-11ea-adc4-00505681224b,c4dtn04mi4og00d254a0
1a268989-ae59-4196-b397-94415dd990ad,c4e9cre22pr000dqldog
1a268989-ae59-4196-b397-94415dd990ad,c4e9j2fl13i0009r7grg
1a4961f4-1f04-11ea-94c0-00505681224b,c4dtmhk7bhug00af651g
1a4961f4-1f04-11ea-94c0-00505681224b,c4dtn05nv8a0008h4r4g
1a4feab1-2639-4145-947c-4dffd3d9bc0f,cod079f3r4d000f301d0
1a4feab1-2639-4145-947c-4dffd3d9bc0f,cod079f9iisg009v6iq0
1a65e56f-2e36-4d54-8aa9-3e6ceb460510,c4e9crcu12qg0096pibg
1a65e56f-2e36-4d54-8aa9-3e6ceb460510,c4e9j2cfjb0000cm07eg
1a6a3212-1f04-11ea-8d41-00505681224b,c4dtmhku12qg0096ieug
1a6a3212-1f04-11ea-8d41-00505681224b,c4dtn03vdq3000evljog
1a7b34db-747e-49fc-a0c1-19900628b89e,c4e9crndeto00089sad0
1a7b34db-747e-49fc-a0c1-19900628b89e,c4e9j2cmi4og00d2bq5g
1a7b64b6-7497-47df-b5f8-38dd3b60d2d2,c4e9d0cmi4og00d2bogg
1a7b64b6-7497-47df-b5f8-38dd3b60d2d2,c4e9j2cbq3o000abup2g
1a7c345c-1f04-11ea-9774-00505681224b,c4dtmhgkqp4g00aagcf0
1a7c345c-1f04-11ea-9774-00505681224b,c4dtn0e1ja2g00cc8k90
1a7f1ab0-1f04-11ea-a9ee-00505681224b,c4dtmhm1ja2g00cc8jig
1a7f1ab0-1f04-11ea-a9ee-00505681224b,c4dtn0co26gg008qhln0
1a81d9f6-1f04-11ea-b5ed-00505681224b,c4dtmhi11o1g008bpbsg
1a81d9f6-1f04-11ea-b5ed-00505681224b,c4dtn09lms9g00dein5g
1a847226-1f04-11ea-9bf4-00505681224b,c4dtmhnorvtg00d03itg
1a847226-1f04-11ea-9bf4-00505681224b,c4dtn0fl13i0009r01n0
1a86e34a-1f04-11ea-8549-00505681224b,c4dtmhnf3f9g0080kqug
1a86e34a-1f04-11ea-8549-00505681224b,c4dtn0forvtg00d03jm0
1a89a28c-1f04-11ea-9363-00505681224b,c4dtmhkfjb0000clonpg
1a89a28c-1f04-11ea-9363-00505681224b,c4dtn0b0tnc000c7u07g
1a8c3ac0-1f04-11ea-b71a-00505681224b,c4dtmhnorvtg00d03iu0
1a8c3ac0-1f04-11ea-b71a-00505681224b,c4dtn0ac0ku000aosueg
1a8e36a6-1f04-11ea-9059-00505681224b,c4dtmhn2551g00d1atc0
1a8e36a6-1f04-11ea-9059-00505681224b,c4dtn0fl13i0009r01ng
1a905450-4e61-4cc5-adff-45f42ed753e2,c4e9crilpbg0009nurdg
1a905450-4e61-4cc5-adff-45f42ed753e2,c4e9j2ndeto00089sc60
1a90a7c8-1f04-11ea-8b88-00505681224b,c4dtmhvorvtg00d03iug
1a90a7c8-1f04-11ea-8b88-00505681224b,c4dtn08qui1g00dclpdg
1a9318e8-1f04-11ea-9f80-00505681224b,c4dtmhso26gg008qhkug
1a9318e8-1f04-11ea-9f80-00505681224b,c4dtn0c7bhug00af65mg
1a95b11a-1f04-11ea-aa18-00505681224b,c4dtmhqlpbg0009nnrqg
1a95b11a-1f04-11ea-aa18-00505681224b,c4dtn0cu12qg0096ifmg
1a96c523-a9b6-4199-8ddf-2770033d8fb5,co8chq3n5d9000e0v04g
1a96c523-a9b6-4199-8ddf-2770033d8fb5,co8chq6udun000eh5ji0
1a989770-1f04-11ea-ab7f-00505681224b,c4dtmhulljag008adnjg
1a989770-1f04-11ea-ab7f-00505681224b,c4dtn0dnv8a0008h4r50
1a9ba4d8-1f04-11ea-9b13-00505681224b,c4dtmhvorvtg00d03iv0
1a9ba4d8-1f04-11ea-9b13-00505681224b,c4dtn0dksi2g00c0njbg
1a9f0064-1f04-11ea-94e3-00505681224b,c4dtmhogdkfg00ck7tl0
1a9f0064-1f04-11ea-94e3-00505681224b,c4dtn0ic0ku000aosuf0
1aa67ad8-1f04-11ea-a024-00505681224b,c4dtmhsu12qg0096ievg
1aa67ad8-1f04-11ea-a024-00505681224b,c4dtn0n2551g00d1atu0
1ab7334c-fda0-43f1-adc4-c2254e3618f6,c4e9csqlpbg0009nure0
1ab7334c-fda0-43f1-adc4-c2254e3618f6,c4e9j2norvtg00d0afo0
1ac59d2e-1f04-11ea-b620-00505681224b,c4dtmhvtarsg00atsq10
1ac59d2e-1f04-11ea-b620-00505681224b,c4dtn0m22pr000dqer30
1adc3394-1f04-11ea-9946-00505681224b,c4dtmhrvdq3000evliu0
1adc3394-1f04-11ea-9946-00505681224b,c4dtn0ndeto00089liag
1ade8dd4-5b4c-4e04-b4f1-5cbaebeb3735,c4e9d0elljag008aknbg
1ade8dd4-5b4c-4e04-b4f1-5cbaebeb3735,c4e9j2nf3f9g0080rvu0
1adfb636-1f04-11ea-8ffc-00505681224b,c4dtmhq11o1g008bpbt0
1adfb636-1f04-11ea-8ffc-00505681224b,c4dtn0ku12qg0096ifn0
1ae386f6-1f04-11ea-aecf-00505681224b,c4dtmhrjknf000amgiog
1ae386f6-1f04-11ea-aecf-00505681224b,c4dtn0k7bhug00af65n0
1ae77eca-1f04-11ea-929c-00505681224b,c4dtmhvf3f9g0080kqvg
1ae77eca-1f04-11ea-929c-00505681224b,c4dtn0nl13i0009r01o0
1aea87ef-8354-4781-88e7-1ff683c7ee9d,c4e9crlnv8a0008hc0j0
1aea87ef-8354-4781-88e7-1ff683c7ee9d,c4e9j2m1ja2g00ccf7ug
1b00e002-adfd-4b40-aa7a-9bfe2678b4b3,cf8c7onrci6g009pvmog
1b00e002-adfd-4b40-aa7a-9bfe2678b4b3,cf8c7p67fmtg0082c9rg
1b1ff099-a039-4d19-bc37-83bc2d375dea,c4e9cssmi4og00d2bof0
1b1ff099-a039-4d19-bc37-83bc2d375dea,c4e9j2i11o1g008c00ng
1b295fd7-a748-44d2-bc68-429ccf210672,c4e9ct7f3f9g0080rtt0
1b295fd7-a748-44d2-bc68-429ccf210672,c4e9j2vtarsg00au3oi0
1b3ba1a7-910a-4c3f-8425-3f39e7589127,c4e9ct211o1g008bvuu0
1b3ba1a7-910a-4c3f-8425-3f39e7589127,c4e9j7cmi4og00d2bq6g
1b4cccda-e170-4c07-843f-3db3da555312,c4e9ct0gdkfg00ckelkg
1b4cccda-e170-4c07-843f-3db3da555312,c4e9j78qui1g00dcshpg
1b5f247d-5565-46cb-baf5-9bad558ef12a,c4e9d0fl13i0009r7erg
1b5f247d-5565-46cb-baf5-9bad558ef12a,c4e9j2okqp4g00aan480
1b7131a8-72ed-4e52-a985-b5047f091b8b,c4e9cta11o1g008bvuug
1b7131a8-72ed-4e52-a985-b5047f091b8b,c4e9j36lljag008akp7g
1b7c5c04-719d-442a-9020-17977dcacbe4,c4e9d0forvtg00d0adng
1b7c5c04-719d-442a-9020-17977dcacbe4,c4e9j3fdeto00089sc7g
1bbf8a10-1552-4bc5-8eb0-c86bde1edbea,cod079c10vk00088cip0
1bbf8a10-1552-4bc5-8eb0-c86bde1edbea,cod079hgkbk0009iv9dg
1bca2636-5a12-448d-a844-59a4bb2685b2,cf8c7ok4op8000ddu1ag
1bca2636-5a12-448d-a844-59a4bb2685b2,cf8c7p79dv5000dk29q0
1bd00357-7cd4-4f83-98e5-c9b265cd7e8a,co72btg1277000efkcc0
1bd00357-7cd4-4f83-98e5-c9b265cd7e8a,co72btpmiud0009u5p0g
1BD95D62-EBDE-47AD-B768-8246EEB55AF7,c4bk0416lb7g00ce2240
1BD95D62-EBDE-47AD-B768-8246EEB55AF7,c4bk04elljag008a3l80
1bf32eff-89eb-4dc1-a09e-2a41cc0c5966,c4e9ctmlljag008aknb0
1bf32eff-89eb-4dc1-a09e-2a41cc0c5966,c4e9j78gdkfg00ckengg
1bf48c3a-cdcc-4588-93ec-576ac56f08ff,c4e9ctic0ku000ap46b0
1bf48c3a-cdcc-4588-93ec-576ac56f08ff,c4e9j6kbq3o000abup3g
1c276c26-448d-424d-956c-00c85a16d321,cfunpj4snkcg00a4q3jg
1c276c26-448d-424d-956c-00c85a16d321,cfunpjdak2c0009pmbdg
1c2f5fca-e75f-472a-84a7-f05b799b9681,c4e9d0cbq3o000abun3g
1c2f5fca-e75f-472a-84a7-f05b799b9681,c4e9j6tnv8a0008hc2l0
1c4b22bd-a3e8-4a4b-97f6-45b1984f8256,cogupj07ov20008ielug
1c4b22bd-a3e8-4a4b-97f6-45b1984f8256,cogupj9miud000a02f9g
1c657e61-d380-4725-8e53-428fcfe6587f,c4e9d092rh1g009f4e70
1c657e61-d380-4725-8e53-428fcfe6587f,c4e9j6vf3f9g0080rvv0
1c6dd88e-6606-4cab-b83d-22509d2c4304,c4e9d0k7bhug00afcq70
1c6dd88e-6606-4cab-b83d-22509d2c4304,c4e9j6ogdkfg00ckeng0
1c6de213-aa21-4377-901d-5f974ae4d46c,cofkjjiase3000bmjn4g
1c6de213-aa21-4377-901d-5f974ae4d46c,cofkjjn9iisg009vh58g
1c7db3c7-a555-4704-a261-1c7b91ea72b1,c4e9d0tksi2g00c0unqg
1c7db3c7-a555-4704-a261-1c7b91ea72b1,c4e9j6svfoog00ds2v60
1c8b1b43-9772-4f89-a8ac-8b69bf9fdfc6,co8chq98t1lg00a7oep0
1c8b1b43-9772-4f89-a8ac-8b69bf9fdfc6,co8chq9miud0009ukq8g
1c96da93-c1ef-4cb1-b9ca-769b79c3f12d,c4e9d0so26gg008qp710
1c96da93-c1ef-4cb1-b9ca-769b79c3f12d,c4e9j6su12qg0096pk70
1c96eb13-302b-4c7f-9bac-1b93d3842855,cf8c7oiqhpqg00ct7g60
1c96eb13-302b-4c7f-9bac-1b93d3842855,cf8c7p00oqo000bbt790
1c96f381-3e2c-4917-a688-95de25795cdf,c4e9d116lb7g00ceiqe0
1c96f381-3e2c-4917-a688-95de25795cdf,c4e9j6oqui1g00dcshp0
1ca010a2-bcfd-4d73-a92a-e268be2ff7c4,c4e9d0h2rh1g009f4e7g
1ca010a2-bcfd-4d73-a92a-e268be2ff7c4,c4e9jbp6lb7g00ceis7g
1cad3d76-3f14-4334-b2dd-04d2e23882b8,cd7png0kqp4g00b92tug
1cad3d76-3f14-4334-b2dd-04d2e23882b8,cd7pnissnp6g00b83c7g
1cb49047-48ed-43e3-bcdf-4823ecf5d863,c4e9d0k7bhug00afcq7g
1cb49047-48ed-43e3-bcdf-4823ecf5d863,c4e9j6vtarsg00au3oj0
1cc741f7-c051-4fa7-9da9-15e9fac79801,c4e9d0vf3f9g0080rtv0
1cc741f7-c051-4fa7-9da9-15e9fac79801,c4e9j74bq3o000abup40
1ccdaa52-a421-4a9b-8cd2-d9e3fdfac62b,cnpsfojai11g00d23njg
1ccdaa52-a421-4a9b-8cd2-d9e3fdfac62b,cnpsfon3r4d000euce90
1cdbbbfc-ae0b-4903-ae44-7a1460166adf,c4e9d0kfjb0000cm05o0
1cdbbbfc-ae0b-4903-ae44-7a1460166adf,c4e9jbogdkfg00ckenig
1cfefb80-5f6a-47bd-8794-3d550a9d5e8d,codla5pmiud0009vita0
1cfefb80-5f6a-47bd-8794-3d550a9d5e8d,codla5s10vk00088ct20
1d0ac921-f15d-4d67-95ef-061a8f4ca5f2,cogupjbnofvg00bgm2b0
1d0ac921-f15d-4d67-95ef-061a8f4ca5f2,cogupjflrmbg00b7qnjg
1d12d15a-7aeb-46de-b7e2-2930284e07eb,c4e9d0kmi4og00d2bohg
1d12d15a-7aeb-46de-b7e2-2930284e07eb,c4e9j77f3f9g0080rvvg
1d1ec971-2bba-4b66-8f9b-07c13ccbde9e,cmaukkq4eeog00dnrfeg
1d1ec971-2bba-4b66-8f9b-07c13ccbde9e,cmauklp60h6000d9j2kg
1d1edee6-94f2-4279-a6eb-b45aa5721fa3,c4e9d0p6lb7g00ceiqdg
1d1edee6-94f2-4279-a6eb-b45aa5721fa3,c4e9j77orvtg00d0afpg
1d28e0f6-0a88-11e8-b986-00505681224b,c4epi0oqui1g00dd15ug
1d28e0f6-0a88-11e8-b986-00505681224b,c4epi4oqui1g00dd164g
1d441965-b058-48b8-b65b-f0251dd40ff5,c4e9d0vorvtg00d0adog
1d441965-b058-48b8-b65b-f0251dd40ff5,c4e9j76lljag008akp8g
1d553350-a7a3-428b-96f7-808ef87a3b17,c4e9d0svfoog00ds2t80
1d553350-a7a3-428b-96f7-808ef87a3b17,c4e9j72lpbg0009nutag
1d7e9b82-1e5c-47c3-9989-351661723532,c4e9d4cbq3o000abun5g
1d7e9b82-1e5c-47c3-9989-351661723532,c4e9jbrjknf000amnemg
1d8f9d30-a46d-4ee4-982e-9cfd76534c89,cogupjh9galg00d3gke0
1d8f9d30-a46d-4ee4-982e-9cfd76534c89,cogupjlqk3gg00chq170
1dc958be-7269-42a9-ab3c-5689224616bb,c4e9d4bvdq3000evt9gg
1dc958be-7269-42a9-ab3c-5689224616bb,c4e9j76lljag008akp90
1dccabc1-4b13-419a-b745-9c41d17e9cb9,c4e9d4alpbg0009nurgg
1dccabc1-4b13-419a-b745-9c41d17e9cb9,c4e9jbsbq3o000abup70
1dce9c63-74eb-4656-bb77-6b10489d59de,c4e9d4cvfoog00ds2t9g
1dce9c63-74eb-4656-bb77-6b10489d59de,c4e9jbrjknf000amnen0
1de29012-6575-4602-967e-82d6f8fd03fe,coabrlqr4qng00aed2tg
1de29012-6575-4602-967e-82d6f8fd03fe,coabrlrn5d9000e13qs0
1de36e5f-2d5f-4450-a17b-afa9d5196b56,c4e9d0tnv8a0008hc0lg
1de36e5f-2d5f-4450-a17b-afa9d5196b56,c4e9j7b0tnc000c84v00
1de9446d-9b20-45d5-bd06-2171a5381a2a,cofkjjpqkol000aam1fg
1de9446d-9b20-45d5-bd06-2171a5381a2a,cofkjjrai11g00d6sah0
1defc4b0-02b0-421c-80b2-3dfe817a04a0,cp03u4mudun000ekk4lg
1defc4b0-02b0-421c-80b2-3dfe817a04a0,cp03u4o1277000ejuf30
1df1fa95-2bff-4555-ade9-0d956868731c,c4e9d4fl13i0009r7etg
1df1fa95-2bff-4555-ade9-0d956868731c,c4e9j7f2551g00d1hi6g
1dfe2704-e8af-4ffa-9fec-3fdd1d3f8760,c4e9d0qlpbg0009nurfg
1dfe2704-e8af-4ffa-9fec-3fdd1d3f8760,c4e9j79lms9g00deph9g
1e15bf4e-6487-4891-a35f-3d4567478059,c4e9d4b0tnc000c84tgg
1e15bf4e-6487-4891-a35f-3d4567478059,c4e9j7bjknf000amnek0
1e2452e2-5b7f-4d06-842c-370feddbdf69,c4e9d492rh1g009f4e8g
1e2452e2-5b7f-4d06-842c-370feddbdf69,c4e9j796lb7g00ceis5g
1e39fbee-30e7-4622-9d45-b8dde4a1319e,cogupjiase3000bmpm80
1e39fbee-30e7-4622-9d45-b8dde4a1319e,cogupjo1277000ehlt7g
1e469c95-d747-486b-b446-efdf3329c1b3,c4e9d14vfoog00ds2t8g
1e469c95-d747-486b-b446-efdf3329c1b3,c4e9j7co26gg008qp91g
1e83568a-cda2-4edd-9bec-c2f9456fa022,cogupjpjhmbg00fgv6hg
1e83568a-cda2-4edd-9bec-c2f9456fa022,cogupjv9iisg009vnqf0
1e92b033-e506-4147-85fd-750e61002bf3,c4e9d17f3f9g0080rtvg
1e92b033-e506-4147-85fd-750e61002bf3,c4e9j78kqp4g00aan49g
1e98feaa-a80b-4ee3-8872-06b732585c9b,cobm1e3n5d9000e1lnjg
1e98feaa-a80b-4ee3-8872-06b732585c9b,cobm1e5orq7g008n75m0
1eab748e-6817-4ec7-8c77-8c43f64427a0,c4e9d4e22pr000dqldrg
1eab748e-6817-4ec7-8c77-8c43f64427a0,c4e9j7m22pr000dqlfkg
1eaeca72-5dc6-4ed3-8981-e32580c7b70f,c4e9d17f3f9g0080ru00
1eaeca72-5dc6-4ed3-8981-e32580c7b70f,c4e9j7h2rh1g009f4g0g
1eb0bf38-b2bc-44a2-b4b7-6532a881e945,cngl68dorq7g008hrao0
1eb0bf38-b2bc-44a2-b4b7-6532a881e945,cngl68l7tiqg00aju2og
1efe16cd-6f3b-4dab-a7e6-952dd5fd942c,cogupk1qkol000aas8og
1efe16cd-6f3b-4dab-a7e6-952dd5fd942c,cogupk3rfj6g00ajl9o0
1f173585-2279-43d7-aadb-eaddb3fe717d,c4e9d192rh1g009f4e80
1f173585-2279-43d7-aadb-eaddb3fe717d,c4e9j7nl13i0009r7gu0
1f1e6408-50ec-4e39-849a-edee5d5450a4,c4e9d4cvfoog00ds2t90
1f1e6408-50ec-4e39-849a-edee5d5450a4,c4e9j7kfjb0000cm07hg
1f453685-c11c-45e5-aab9-ee20a03aa892,cf8c7ok4op8000ddu1b0
1f453685-c11c-45e5-aab9-ee20a03aa892,cf8c7p7s0e4g00e05200
1f4dabea-bf84-41c4-9e3d-c422e4773c65,cee020agr9bg0093cga0
1f4dabea-bf84-41c4-9e3d-c422e4773c65,cee020dgpjbg00ec12kg
1f505dca-c429-4398-b375-8e10c7c538ae,c4e9d1a11o1g008bvv0g
1f505dca-c429-4398-b375-8e10c7c538ae,c4e9j7nf3f9g0080s000
1f623b69-a005-45cd-960c-3472aa219f4d,cogupk0im8r000fu6680
1f623b69-a005-45cd-960c-3472aa219f4d,cogupkei5iag00a0371g
1f6919dc-54dc-4202-b289-e49f0e1d4a1a,cngl68oim8r000fnttrg
1f6919dc-54dc-4202-b289-e49f0e1d4a1a,cngl68p9galg00ctc87g
1f73effa-9c6a-43b7-ac04-b281b62a371a,cohjs1if6nn0008vjfl0
1f73effa-9c6a-43b7-ac04-b281b62a371a,cohjs1n3r4d000f3lodg
1f79e9a6-cfc3-11e7-8655-00505681224b,c4epi0vf3f9g00811120
1f79e9a6-cfc3-11e7-8655-00505681224b,c4epi4su12qg0096umug
1f7a48f5-0ce3-4dd8-bc56-ee74893c4958,cnpsfoqr4qng00aamj80
1f7a48f5-0ce3-4dd8-bc56-ee74893c4958,cnpsfouudun000ednjp0
1f813a97-1a1b-4b6b-9fe5-7b54a7752636,coca0g81qiv000f3p6b0
1f813a97-1a1b-4b6b-9fe5-7b54a7752636,coca0p2f6nn0008uqko0
1f8d7d9f-a563-42dc-9f4a-4435c38242b6,cobm1e6udun000ehr1ug
1f8d7d9f-a563-42dc-9f4a-4435c38242b6,cobm1e99galg00d2okj0
1f8e1c0f-2ead-42f6-a56e-e6acbb12bf25,cofkjjoim8r000ftvqs0
1f8e1c0f-2ead-42f6-a56e-e6acbb12bf25,cofkjjpgkbk0009j9mug
1fac02c6-ea38-4dbe-ae6d-9ed015d31429,cngl68pmiud0009pv0qg
1fac02c6-ea38-4dbe-ae6d-9ed015d31429,cngl6907ov20008cb6u0
1fb80b6f-1f25-49a8-91a2-3e8597c29ddb,c4e9d1h6lb7g00ceiqeg
1fb80b6f-1f25-49a8-91a2-3e8597c29ddb,c4e9j7ic0ku000ap4860
1fc566b7-8df4-48fc-99cc-c77607362664,codla5uudun000ei3fo0
1fc566b7-8df4-48fc-99cc-c77607362664,codla62ase3000bmag80
1fce5334-9ef5-4cc7-92ab-a367cccdd176,c4e9d1vtarsg00au3mng
1fce5334-9ef5-4cc7-92ab-a367cccdd176,c4e9je4fjb0000cm07j0
1fdadd42-42f5-4ae9-a985-1ad59effdd87,c4e9d1so26gg008qp71g
1fdadd42-42f5-4ae9-a985-1ad59effdd87,c4e9je3vdq3000evtbfg
1ff428ca-cb06-4b57-a492-c6da38d8f9e3,cod079jai11g00d6iljg
1ff428ca-cb06-4b57-a492-c6da38d8f9e3,cod079jn5d9000e1uccg
2021069b-ea57-4f61-90a4-3f8619580b7f,c4e9d24mi4og00d2boig
2021069b-ea57-4f61-90a4-3f8619580b7f,c4e9j7vf3f9g0080s00g
202ed997-c03b-45b5-b8be-8d9a5ca9d38b,coabqsei5iag009uilg0
202ed997-c03b-45b5-b8be-8d9a5ca9d38b,coabqsf3r4d000f24deg
204b8e0f-ebc2-4b00-a090-a5b3f63396bc,c4e9d5rvdq3000evt9hg
204b8e0f-ebc2-4b00-a090-a5b3f63396bc,c4e9j7vorvtg00d0afq0
2055d2c0-0a88-11e8-866c-00505681224b,c4epi0su12qg0096umog
2055d2c0-0a88-11e8-866c-00505681224b,c4epi4v2551g00d1m2n0
205d65dd-e7f2-4141-af81-7f80a172ff62,cogupkc5646000ckqndg
205d65dd-e7f2-4141-af81-7f80a172ff62,cogupkf3r4d000f3j1ig
2076ccca-01af-4b44-99d2-f04fcadbd9bb,c4e9d4cfjb0000cm05q0
2076ccca-01af-4b44-99d2-f04fcadbd9bb,c4e9j7vl13i0009r7gug
20991ad3-7947-4159-8d5d-4dea8f040b48,c4e9d4ff3f9g0080ru10
20991ad3-7947-4159-8d5d-4dea8f040b48,c4e9j7ogdkfg00ckenh0
20a491b5-767e-4c2d-ba28-14b7a475adcd,c4e9dabjknf000amncrg
20a491b5-767e-4c2d-ba28-14b7a475adcd,c4e9je5nv8a0008hc2n0
20a58372-2c5d-11e8-a182-00505681224b,c4en3qh6lb7g00cemgs0
20a58372-2c5d-11e8-a182-00505681224b,c4en4jmlljag008aoh20
20a58373-2c5d-11e8-801c-00505681224b,c4en3qogdkfg00cki7g0
20a58373-2c5d-11e8-801c-00505681224b,c4en4jsfjb0000cm4dsg
20a58374-2c5d-11e8-86fc-00505681224b,c4en3qsvfoog00ds6edg
20a58374-2c5d-11e8-86fc-00505681224b,c4en4ju1ja2g00cciklg
20a58375-2c5d-11e8-986e-00505681224b,c4en3qkbq3o000ac2ag0
20a58375-2c5d-11e8-986e-00505681224b,c4en4jvl13i0009rbigg
20a58376-2c5d-11e8-8c06-00505681224b,c4en3qp2rh1g009f7t2g
20a58376-2c5d-11e8-8c06-00505681224b,c4en4jrvdq3000f01ng0
20a58377-2c5d-11e8-883d-00505681224b,c4en3qvdeto00089vv70
20a58377-2c5d-11e8-883d-00505681224b,c4en4jp2rh1g009f7tj0
20a58378-2c5d-11e8-9950-00505681224b,c4en3qsvfoog00ds6ed0
20a58378-2c5d-11e8-9950-00505681224b,c4en4joqui1g00dd00hg
20a58379-2c5d-11e8-bb9b-00505681224b,c4en3qtnv8a0008hftjg
20a58379-2c5d-11e8-bb9b-00505681224b,c4en4ju22pr000dqoqrg
20a5837a-2c5d-11e8-b6c0-00505681224b,c4en3qokqp4g00aaqhcg
20a5837a-2c5d-11e8-b6c0-00505681224b,c4en4jtksi2g00c12jbg
20a5837b-2c5d-11e8-896b-00505681224b,c4en3qs7bhug00afg8a0
20a5837b-2c5d-11e8-896b-00505681224b,c4en4k2lpbg0009o2k2g
20a5837c-2c5d-11e8-9079-00505681224b,c4en3r7l13i0009rbi0g
20a5837c-2c5d-11e8-9079-00505681224b,c4en4kcu12qg0096tdv0
20a5837d-2c5d-11e8-954d-00505681224b,c4en3r0gdkfg00cki7gg
20a5837d-2c5d-11e8-954d-00505681224b,c4en4kcfjb0000cm4dtg
20a5837e-2c5d-11e8-a61a-00505681224b,c4en3r30tnc000c88jgg
20a5837e-2c5d-11e8-a61a-00505681224b,c4en4ktksi2g00c12jcg
20a5837f-2c5d-11e8-bd69-00505681224b,c4en3rqc0ku000ap87h0
20a5837f-2c5d-11e8-bd69-00505681224b,c4en4kvtarsg00au7cug
20a58380-2c5d-11e8-8921-00505681224b,c4en3rp6lb7g00cemgt0
20a58380-2c5d-11e8-8921-00505681224b,c4en4ktnv8a0008hfu4g
20a58381-2c5d-11e8-b389-00505681224b,c4en3rogdkfg00cki7h0
20a58381-2c5d-11e8-b389-00505681224b,c4en4krvdq3000f01ni0
20a58382-2c5d-11e8-8363-00505681224b,c4en3ru22pr000dqoqf0
20a58382-2c5d-11e8-8363-00505681224b,c4en4l7deto00089vvpg
20a58383-2c5d-11e8-ad0d-00505681224b,c4en3rq11o1g008c3chg
20a58383-2c5d-11e8-ad0d-00505681224b,c4en4l4fjb0000cm4dug
20a58384-2c5d-11e8-968a-00505681224b,c4en3rsmi4og00d2f7i0
20a58384-2c5d-11e8-968a-00505681224b,c4en4kso26gg008qtj50
20a58386-2c5d-11e8-9b67-00505681224b,c4en3rr0tnc000c88jh0
20a58386-2c5d-11e8-9b67-00505681224b,c4en4l7orvtg00d0e110
20a58388-2c5d-11e8-bea4-00505681224b,c4en3rsfjb0000cm4de0
20a58388-2c5d-11e8-bea4-00505681224b,c4en4l7tarsg00au7cv0
20a58389-2c5d-11e8-a38a-00505681224b,c4en3rsbq3o000ac2ah0
20a58389-2c5d-11e8-a38a-00505681224b,c4en4l4vfoog00ds6ev0
20a5838b-2c5d-11e8-82d0-00505681224b,c4en3rs7bhug00afg8b0
20a5838b-2c5d-11e8-82d0-00505681224b,c4en4l4mi4og00d2f800
20a5838c-2c5d-11e8-8bff-00505681224b,c4en3s2lpbg0009o2jhg
20a5838c-2c5d-11e8-8bff-00505681224b,c4en4l8gdkfg00cki7ug
20a5838f-2c5d-11e8-b04d-00505681224b,c4en3s211o1g008c3ci0
20a5838f-2c5d-11e8-b04d-00505681224b,c4en4m1lms9g00det1ag
20a58390-2c5d-11e8-9032-00505681224b,c4en3t0kqp4g00aaqheg
20a58390-2c5d-11e8-9032-00505681224b,c4en4loqui1g00dd00j0
20a58391-2c5d-11e8-b2d8-00505681224b,c4en3t16lb7g00cemgu0
20a58391-2c5d-11e8-b2d8-00505681224b,c4en4m7deto00089vvqg
20a58392-2c5d-11e8-b31b-00505681224b,c4en3t4vfoog00ds6efg
20a58392-2c5d-11e8-b31b-00505681224b,c4en4m3vdq3000f01nig
20a58395-2c5d-11e8-9b57-00505681224b,c4en3s4bq3o000ac2ahg
20a58395-2c5d-11e8-9b57-00505681224b,c4en4m7orvtg00d0e11g
20a58397-2c5d-11e8-88b6-00505681224b,c4en3t72551g00d1ktj0
20a58397-2c5d-11e8-88b6-00505681224b,c4en4m4bq3o000ac2b50
20a58399-2c5d-11e8-bbb3-00505681224b,c4en3s3jknf000amqvv0
20a58399-2c5d-11e8-bbb3-00505681224b,c4en4m0qui1g00dd00jg
20a5839b-2c5d-11e8-bb31-00505681224b,c4en3s47bhug00afg8c0
20a5839b-2c5d-11e8-bb31-00505681224b,c4en4m7orvtg00d0e120
20a5839c-2c5d-11e8-af3b-00505681224b,c4en3s7deto00089vv8g
20a5839c-2c5d-11e8-af3b-00505681224b,c4en4m4mi4og00d2f810
20a5839d-2c5d-11e8-8839-00505681224b,c4en3s7l13i0009rbi1g
20a5839d-2c5d-11e8-8839-00505681224b,c4en4m5ksi2g00c12je0
20a5839e-2c5d-11e8-8557-00505681224b,c4en3t5nv8a0008hftl0
20a5839e-2c5d-11e8-8557-00505681224b,c4en4m47bhug00afg8qg
20a5839f-2c5d-11e8-99b3-00505681224b,c4en3t4bq3o000ac2aig
20a5839f-2c5d-11e8-99b3-00505681224b,c4en4mbjknf000amr0bg
20a583a0-2c5d-11e8-a057-00505681224b,c4en3t3vdq3000f01n0g
20a583a0-2c5d-11e8-a057-00505681224b,c4en4m9lms9g00det1b0
20a583a1-2c5d-11e8-a415-00505681224b,c4en3t6lljag008aogk0
20a583a1-2c5d-11e8-a415-00505681224b,c4en4mso26gg008qtj6g
20a583a2-2c5d-11e8-afb3-00505681224b,c4en3t5ksi2g00c12iug
20a583a2-2c5d-11e8-afb3-00505681224b,c4en4mjvdq3000f01njg
20a583a3-2c5d-11e8-ba4a-00505681224b,c4en3t622pr000dqoqfg
20a583a3-2c5d-11e8-ba4a-00505681224b,c4en4nforvtg00d0e130
20a583a4-2c5d-11e8-a478-00505681224b,c4en3tac0ku000ap87j0
20a583a4-2c5d-11e8-a478-00505681224b,c4en4n7f3f9g0080vplg
20a583a5-2c5d-11e8-a807-00505681224b,c4en3tjvdq3000f01n10
20a583a5-2c5d-11e8-a807-00505681224b,c4en4n7deto00089vvs0
20a583a6-2c5d-11e8-bab0-00505681224b,c4en3u7tarsg00au7ce0
20a583a6-2c5d-11e8-bab0-00505681224b,c4en4ne22pr000dqoqsg
20a583a7-2c5d-11e8-986b-00505681224b,c4en3ttksi2g00c12ivg
20a583a7-2c5d-11e8-986b-00505681224b,c4en4ncbq3o000ac2b5g
20a583a8-2c5d-11e8-8002-00505681224b,c4en3u4fjb0000cm4dg0
20a583a8-2c5d-11e8-8002-00505681224b,c4en4nff3f9g0080vpm0
20a583a9-2c5d-11e8-b8b5-00505681224b,c4en3u622pr000dqoqg0
20a583a9-2c5d-11e8-b8b5-00505681224b,c4en4ne22pr000dqoqt0
20a583aa-2c5d-11e8-a7cc-00505681224b,c4en3u30tnc000c88jk0
20a583aa-2c5d-11e8-a7cc-00505681224b,c4en4n92rh1g009f7tl0
20a583ab-2c5d-11e8-86a9-00505681224b,c4en3u7f3f9g0080vp6g
20a583ab-2c5d-11e8-86a9-00505681224b,c4en4nc7bhug00afg8rg
20a583ac-2c5d-11e8-8de8-00505681224b,c4en3u4o26gg008qtij0
20a583ac-2c5d-11e8-8de8-00505681224b,c4en4na11o1g008c3d20
20a583ad-2c5d-11e8-b9cc-00505681224b,c4en3u5nv8a0008hftm0
20a583ad-2c5d-11e8-b9cc-00505681224b,c4en4n9lms9g00det1bg
20a583ae-2c5d-11e8-a7e5-00505681224b,c4en3u7tarsg00au7ceg
20a583ae-2c5d-11e8-a7e5-00505681224b,c4en4n96lb7g00cemheg
20a583af-2c5d-11e8-b91a-00505681224b,c4en3u3vdq3000f01n20
20a583af-2c5d-11e8-b91a-00505681224b,c4en4oa11o1g008c3d2g
20a583b0-2c5d-11e8-86f3-00505681224b,c4en3uforvtg00d0e0k0
20a583b0-2c5d-11e8-86f3-00505681224b,c4en4ob0tnc000c88k5g
20a583b3-2c5d-11e8-a409-00505681224b,c4en3ukbq3o000ac2ak0
20a583b3-2c5d-11e8-a409-00505681224b,c4en4oforvtg00d0e13g
20a583b5-2c5d-11e8-a0b9-00505681224b,c4en3ugkqp4g00aaqhg0
20a583b5-2c5d-11e8-a0b9-00505681224b,c4en4nh2rh1g009f7tlg
20a583b6-2c5d-11e8-a178-00505681224b,c4en3v16lb7g00cemgv0
20a583b6-2c5d-11e8-a178-00505681224b,c4en4o4fjb0000cm4e0g
20a583b8-2c5d-11e8-9d9c-00505681224b,c4en3v2c0ku000ap87kg
20a583b8-2c5d-11e8-9d9c-00505681224b,c4en4o4mi4og00d2f82g
20a583b9-2c5d-11e8-a6e5-00505681224b,c4en3v4u12qg0096tdj0
20a583b9-2c5d-11e8-a6e5-00505681224b,c4en4of2551g00d1ktug
20a583bb-2c5d-11e8-9858-00505681224b,c4en3v0qui1g00dd004g
20a583bb-2c5d-11e8-9858-00505681224b,c4en4oku12qg0096te10
20a583bc-2c5d-11e8-ac9d-00505681224b,c4en3v30tnc000c88jlg
20a583bc-2c5d-11e8-ac9d-00505681224b,c4en4off3f9g0080vpmg
20a583bd-2c5d-11e8-857c-00505681224b,c4en3v3jknf000amr01g
20a583bd-2c5d-11e8-857c-00505681224b,c4en4ontarsg00au7d0g
20a583bf-2c5d-11e8-89c6-00505681224b,c4en3v7f3f9g0080vp80
20a583bf-2c5d-11e8-89c6-00505681224b,c4en4ok7bhug00afg8s0
20a583c0-2c5d-11e8-ad69-00505681224b,c4en3v8gdkfg00cki7ig
20a583c0-2c5d-11e8-ad69-00505681224b,c4en4om1ja2g00ccikog
20a583c1-2c5d-11e8-93b0-00505681224b,c4en3vkbq3o000ac2al0
20a583c1-2c5d-11e8-93b0-00505681224b,c4en4ojvdq3000f01nl0
20a583c2-2c5d-11e8-b4b6-00505681224b,c4en3vm1ja2g00ccikc0
20a583c2-2c5d-11e8-b4b6-00505681224b,c4en4oggdkfg00cki820
20a583c6-2c5d-11e8-9f8c-00505681224b,c4en3vso26gg008qtil0
20a583c6-2c5d-11e8-9f8c-00505681224b,c4en4p92rh1g009f7tm0
20a583c7-2c5d-11e8-b784-00505681224b,c4en3vvorvtg00d0e0l0
20a583c7-2c5d-11e8-b784-00505681224b,c4en4p8kqp4g00aaqht0
20a583c8-2c5d-11e8-8055-00505681224b,c4en404bq3o000ac2alg
20a583c8-2c5d-11e8-8055-00505681224b,c4en4pic0ku000ap8890
20a583c9-2c5d-11e8-a484-00505681224b,c4en401lms9g00det0vg
20a583c9-2c5d-11e8-a484-00505681224b,c4en4plnv8a0008hfu70
20a583ca-2c5d-11e8-9f0e-00505681224b,c4en4047bhug00afg8fg
20a583ca-2c5d-11e8-9f0e-00505681224b,c4en4pko26gg008qtj7g
20a583cb-2c5d-11e8-acd9-00505681224b,c4en408qui1g00dd0060
20a583cb-2c5d-11e8-acd9-00505681224b,c4en4pilpbg0009o2k4g
20a583cc-2c5d-11e8-b053-00505681224b,c4en407tarsg00au7cg0
20a583cc-2c5d-11e8-b053-00505681224b,c4en4pi11o1g008c3d30
20a583ce-2c5d-11e8-8669-00505681224b,c4en40f2551g00d1ktl0
20a583ce-2c5d-11e8-8669-00505681224b,c4en4pndeto00089vvsg
20a583cf-2c5d-11e8-88f4-00505681224b,c4en40n2551g00d1ktlg
20a583cf-2c5d-11e8-88f4-00505681224b,c4en4pko26gg008qtj80
20a583d0-2c5d-11e8-a206-00505681224b,c4en40kmi4og00d2f7lg
20a583d0-2c5d-11e8-a206-00505681224b,c4en4pn2551g00d1ktv0
20a583d1-2c5d-11e8-9373-00505681224b,c4en40s7bhug00afg8gg
20a583d1-2c5d-11e8-9373-00505681224b,c4en4q7tarsg00au7d1g
20a583d3-2c5d-11e8-acbb-00505681224b,c4en40vtarsg00au7cgg
20a583d3-2c5d-11e8-acbb-00505681224b,c4en4qalpbg0009o2k50
20a583d4-2c5d-11e8-b579-00505681224b,c4en417f3f9g0080vpa0
20a583d4-2c5d-11e8-b579-00505681224b,c4en4qfdeto00089vvt0
20a583d7-2c5d-11e8-a87d-00505681224b,c4en414o26gg008qtimg
20a583d7-2c5d-11e8-a87d-00505681224b,c4en4qbjknf000amr0cg
20a583d9-2c5d-11e8-80ac-00505681224b,c4en411lms9g00det100
20a583d9-2c5d-11e8-80ac-00505681224b,c4en4qkfjb0000cm4e10
20a583da-2c5d-11e8-89fa-00505681224b,c4en412c0ku000ap87n0
20a583da-2c5d-11e8-89fa-00505681224b,c4en4qntarsg00au7d20
20a583db-2c5d-11e8-89d1-00505681224b,c4en41bvdq3000f01n4g
20a583db-2c5d-11e8-89d1-00505681224b,c4en4qm1ja2g00ccikp0
20a583e5-2c5d-11e8-8be4-00505681224b,c4en41cbq3o000ac2am0
20a583e5-2c5d-11e8-8be4-00505681224b,c4en4qu1ja2g00ccikpg
20a583e6-2c5d-11e8-bd2a-00505681224b,c4en41ku12qg0096tdl0
20a583e6-2c5d-11e8-bd2a-00505681224b,c4en4qvtarsg00au7d2g
20a583ff-2c5d-11e8-bfb3-00505681224b,c4en41kfjb0000cm4dj0
20a583ff-2c5d-11e8-bfb3-00505681224b,c4en4qvl13i0009rbil0
20a58400-2c5d-11e8-a21c-00505681224b,c4en41oqui1g00dd0070
20a58400-2c5d-11e8-a21c-00505681224b,c4en4r8kqp4g00aaqhtg
20a58401-2c5d-11e8-a982-00505681224b,c4en41p2rh1g009f7t90
20a58401-2c5d-11e8-a982-00505681224b,c4en4re22pr000dqoqu0
20a58402-2c5d-11e8-81dc-00505681224b,c4en420gdkfg00cki7j0
20a58402-2c5d-11e8-81dc-00505681224b,c4en4r8qui1g00dd00lg
20a58405-2c5d-11e8-8cd1-00505681224b,c4en424mi4og00d2f7m0
20a58405-2c5d-11e8-8cd1-00505681224b,c4en4rcmi4og00d2f840
20a58407-2c5d-11e8-9c98-00505681224b,c4en4261ja2g00ccikd0
20a58407-2c5d-11e8-9c98-00505681224b,c4en4rnf3f9g0080vpng
20a5840b-2c5d-11e8-8a5c-00505681224b,c4en42ftarsg00au7ci0
20a5840b-2c5d-11e8-8a5c-00505681224b,c4en4rh6lb7g00cemhg0
20a5840c-2c5d-11e8-9592-00505681224b,c4en42fdeto00089vveg
20a5840c-2c5d-11e8-9592-00505681224b,c4en4rplms9g00det1d0
20a5840d-2c5d-11e8-b436-00505681224b,c4en428kqp4g00aaqhig
20a5840d-2c5d-11e8-b436-00505681224b,c4en4rulljag008aoh60
20a5840e-2c5d-11e8-8498-00505681224b,c4en42ac0ku000ap87og
20a5840e-2c5d-11e8-8498-00505681224b,c4en4rs7bhug00afg8t0
20a5840f-2c5d-11e8-95b5-00505681224b,c4en42kmi4og00d2f7mg
20a5840f-2c5d-11e8-95b5-00505681224b,c4en4rvf3f9g0080vpo0
20a58410-2c5d-11e8-96a7-00505681224b,c4en43622pr000dqoqig
20a58410-2c5d-11e8-96a7-00505681224b,c4en4sdnv8a0008hfu7g
20a58411-2c5d-11e8-9289-00505681224b,c4en437deto00089vvf0
20a58411-2c5d-11e8-9289-00505681224b,c4en4salpbg0009o2k60
20a58412-2c5d-11e8-91ac-00505681224b,c4en42okqp4g00aaqhj0
20a58412-2c5d-11e8-91ac-00505681224b,c4en4s8qui1g00dd00m0
20a58413-2c5d-11e8-9609-00505681224b,c4en430gdkfg00cki7jg
20a58413-2c5d-11e8-9609-00505681224b,c4en4sggdkfg00cki82g
20a58414-2c5d-11e8-8aca-00505681224b,c4en432c0ku000ap87p0
20a58414-2c5d-11e8-8aca-00505681224b,c4en4sh2rh1g009f7tn0
20a58415-2c5d-11e8-8190-00505681224b,c4en437f3f9g0080vpb0
20a58415-2c5d-11e8-8190-00505681224b,c4en4sh6lb7g00cemhgg
20a58416-2c5d-11e8-bf3c-00505681224b,c4en431lms9g00det11g
20a58416-2c5d-11e8-bf3c-00505681224b,c4en4sj0tnc000c88k7g
20a58417-2c5d-11e8-b7f5-00505681224b,c4en43c7bhug00afg8hg
20a58417-2c5d-11e8-b7f5-00505681224b,c4en4ssfjb0000cm4e20
20a58418-2c5d-11e8-8f4a-00505681224b,c4en4392rh1g009f7tag
20a58418-2c5d-11e8-8f4a-00505681224b,c4en4sv2551g00d1ku00
20a58419-2c5d-11e8-86a7-00505681224b,c4en438qui1g00dd008g
20a58419-2c5d-11e8-86a7-00505681224b,c4en4sp6lb7g00cemhh0
20a5841a-2c5d-11e8-9d5d-00505681224b,c4en43ulljag008aogog
20a5841a-2c5d-11e8-9d5d-00505681224b,c4en4t8qui1g00dd00n0
20a5841b-2c5d-11e8-9067-00505681224b,c4en446lljag008aogp0
20a5841b-2c5d-11e8-9067-00505681224b,c4en4t7f3f9g0080vpog
20a5841c-2c5d-11e8-91a0-00505681224b,c4en443jknf000amr03g
20a5841c-2c5d-11e8-91a0-00505681224b,c4en4tfl13i0009rbilg
20a5841e-2c5d-11e8-9ef0-00505681224b,c4en44622pr000dqoqj0
20a5841e-2c5d-11e8-9ef0-00505681224b,c4en4talpbg0009o2k6g
20a5841f-2c5d-11e8-84da-00505681224b,c4en447tarsg00au7cj0
20a5841f-2c5d-11e8-84da-00505681224b,c4en4tilpbg0009o2k70
20a58420-2c5d-11e8-b4c5-00505681224b,c4en444o26gg008qtio0
20a58420-2c5d-11e8-b4c5-00505681224b,c4en4togdkfg00cki830
20a58421-2c5d-11e8-8d7c-00505681224b,c4en443vdq3000f01n6g
20a58421-2c5d-11e8-8d7c-00505681224b,c4en4ttnv8a0008hfu80
20a58422-2c5d-11e8-8c6a-00505681224b,c4en44b0tnc000c88jng
20a58422-2c5d-11e8-8c6a-00505681224b,c4en4toqui1g00dd00ng
20a58423-2c5d-11e8-86df-00505681224b,c4en444u12qg0096tdm0
20a58423-2c5d-11e8-86df-00505681224b,c4en4ttksi2g00c12jg0
20a58424-2c5d-11e8-8bb9-00505681224b,c4en44cfjb0000cm4dk0
20a58424-2c5d-11e8-8bb9-00505681224b,c4en4u4o26gg008qtj90
20a58425-2c5d-11e8-b068-00505681224b,c4en44smi4og00d2f7ng
20a58425-2c5d-11e8-b068-00505681224b,c4en4u4vfoog00ds6f3g
20a58426-2c5d-11e8-8a3b-00505681224b,c4en44v2551g00d1ktn0
20a58426-2c5d-11e8-8a3b-00505681224b,c4en4ucmi4og00d2f850
20a58427-2c5d-11e8-bcf2-00505681224b,c4en44u22pr000dqoqjg
20a58427-2c5d-11e8-bcf2-00505681224b,c4en4uelljag008aoh6g
20a58428-2c5d-11e8-9302-00505681224b,c4en44qlpbg0009o2jng
20a58428-2c5d-11e8-9302-00505681224b,c4en4ue22pr000dqoqvg
20a58429-2c5d-11e8-8819-00505681224b,c4en454fjb0000cm4dkg
20a58429-2c5d-11e8-8819-00505681224b,c4en4uh2rh1g009f7to0
20a5842a-2c5d-11e8-890f-00505681224b,c4en452lpbg0009o2jo0
20a5842a-2c5d-11e8-890f-00505681224b,c4en4ujvdq3000f01nm0
20a5842c-2c5d-11e8-95bf-00505681224b,c4en4516lb7g00cemh30
20a5842c-2c5d-11e8-95bf-00505681224b,c4en4uvf3f9g0080vppg
20a5842e-2c5d-11e8-9960-00505681224b,c4en451lms9g00det12g
20a5842e-2c5d-11e8-9960-00505681224b,c4en4uqlpbg0009o2k7g
20a5842f-2c5d-11e8-901c-00505681224b,c4en458kqp4g00aaqhk0
20a5842f-2c5d-11e8-901c-00505681224b,c4en4usmi4og00d2f85g
20b1e4ff-4cab-4234-a4d8-72ca4f49f164,c4e9da5ksi2g00c0untg
20b1e4ff-4cab-4234-a4d8-72ca4f49f164,c4e9j7vtarsg00au3ok0
20b99f18-2610-4457-81f5-bce1201a7ab3,cofkjk19galg00d3af60
20b99f18-2610-4457-81f5-bce1201a7ab3,cofkjk2ase3000bmjn5g
20d66874-ef74-4c2e-b315-be8044e78477,cogupkar4qng00afrjlg
20d66874-ef74-4c2e-b315-be8044e78477,cogupkg1qiv000f4es30
20e1f85a-72cf-4efe-bd75-204c38a0ee89,cobm1e9miud0009vaehg
20e1f85a-72cf-4efe-bd75-204c38a0ee89,cobm1egim8r000ftd930
20e251ab-3f90-4c05-b935-ba7a097032a3,cod079pmiud0009viio0
20e251ab-3f90-4c05-b935-ba7a097032a3,cod079rrfj6g00aj25j0
20e63644-4d02-48ff-a8f2-09bdc205cc7f,coabqsar4qng00aed2rg
20e63644-4d02-48ff-a8f2-09bdc205cc7f,coabqsmi5iag009uilgg
20ff3b82-8e7b-48e4-9230-0145c0b6da62,cf8c7ojo765000dka4r0
20ff3b82-8e7b-48e4-9230-0145c0b6da62,cf8c7p5t0el000fgene0
210297d6-81cd-4b46-8e73-9853943521bc,c4e9d4dksi2g00c0unrg
210297d6-81cd-4b46-8e73-9853943521bc,c4e9j84bq3o000abup50
2105eaf2-0ff8-4f89-9636-5e09d6aad57d,c4e9d4ntarsg00au3mp0
2105eaf2-0ff8-4f89-9636-5e09d6aad57d,c4e9j83jknf000amnel0
210f5aea-6ab0-4cf1-87fa-79ca50c3eb42,c4e9d4j0tnc000c84thg
210f5aea-6ab0-4cf1-87fa-79ca50c3eb42,c4e9je4u12qg0096pk80
21193750-c4f9-4370-ad00-9dda78a78aa4,c4e9d4j0tnc000c84th0
21193750-c4f9-4370-ad00-9dda78a78aa4,c4e9j8i11o1g008c00og
21252c81-3cf6-4ffb-8abc-cd46d41982db,c4e9d4jjknf000amncp0
21252c81-3cf6-4ffb-8abc-cd46d41982db,c4e9j8qlpbg0009nutbg
2135f039-d798-420b-9e12-b5c490cfd879,c4e9d4jjknf000amncog
2135f039-d798-420b-9e12-b5c490cfd879,c4e9j930tnc000c84v0g
214edd24-cfc3-11e7-9ce4-00505681224b,c4epi0ko26gg008quu1g
214edd24-cfc3-11e7-9ce4-00505681224b,c4epi4jjknf000ams6ag
21650701-d6e0-4ae8-b9ff-a0a0268365a4,c4e9d4hlms9g00depfbg
21650701-d6e0-4ae8-b9ff-a0a0268365a4,c4e9j97tarsg00au3okg
21a52b90-839a-476d-8e86-be23a63a0388,cnnt749miud0009qpj60
21a52b90-839a-476d-8e86-be23a63a0388,cnnt74c10vk00083mkgg
21b48df3-07eb-4f85-bc8b-a9afd38b784f,c4e9d4gkqp4g00aan2hg
21b48df3-07eb-4f85-bc8b-a9afd38b784f,c4e9jecbq3o000abup80
21c39b43-20f8-4f9c-a634-74fed0604790,cee020jo765000dhpo0g
21c39b43-20f8-4f9c-a634-74fed0604790,cee020nlle4000982smg
21d02db1-e7f6-44f8-a78f-07b0cfb445bf,c4e9da7tarsg00au3mrg
21d02db1-e7f6-44f8-a78f-07b0cfb445bf,c4e9jijvdq3000evtbi0
21f53765-1124-4a50-a733-54bbfb82e858,c4e9da6lljag008akneg
21f53765-1124-4a50-a733-54bbfb82e858,c4e9jc30tnc000c84v10
220ca1a8-c539-4ce2-be21-ffe2795b8a08,c4e9d4k7bhug00afcq90
220ca1a8-c539-4ce2-be21-ffe2795b8a08,c4e9jc7tarsg00au3om0
220fde23-e9d3-4443-b29d-23eebb4eecfe,c4e9d4kmi4og00d2bok0
220fde23-e9d3-4443-b29d-23eebb4eecfe,c4e9jc4bq3o000abup7g
222b6da2-1825-11e8-bd47-00505681224b,c4dtmhsmi4og00d253kg
222b6da2-1825-11e8-bd47-00505681224b,c4dtn0kvfoog00drs5bg
22402b80-0b5b-4cc8-8400-a29ff5a4bf33,c4e9d4svfoog00ds2tag
22402b80-0b5b-4cc8-8400-a29ff5a4bf33,c4e9jc4vfoog00ds2v70
224ebd54-4dd8-4369-b449-370bc960bc1c,cogupkmi5iag00a03720
224ebd54-4dd8-4369-b449-370bc960bc1c,cogupkn3r4d000f3j1j0
226a3ff1-8efa-4e63-8b7d-c977e29a6f9d,c4e9da7tarsg00au3ms0
226a3ff1-8efa-4e63-8b7d-c977e29a6f9d,c4e9jijvdq3000evtbhg
2275eeac-f0b6-4375-b9f4-45881994dfb8,cnfb09uudun000ec4f40
2275eeac-f0b6-4375-b9f4-45881994dfb8,cnfb09vs7se0009t8ch0
22d3ad67-a039-4ad3-811c-234163d4cbb7,c4e9d4vdeto00089saf0
22d3ad67-a039-4ad3-811c-234163d4cbb7,c4e9jiko26gg008qp960
22fe8f4b-5964-47b2-8218-abf6a851bf1a,cod07a28kqpg00asfqeg
22fe8f4b-5964-47b2-8218-abf6a851bf1a,cod07a3nofvg00bg6l6g
231271ec-d8bc-47a5-ac67-6570fa3a4e33,c4e9d4ulljag008akncg
231271ec-d8bc-47a5-ac67-6570fa3a4e33,c4e9jcelljag008akpb0
2312a6b1-5373-41aa-ac6d-f2a7e8fca986,c4e9d4u22pr000dqldt0
2312a6b1-5373-41aa-ac6d-f2a7e8fca986,c4e9jccmi4og00d2bq8g
231eee60-dbfa-4ab1-abad-b9ad9b142834,c4e9d4vdeto00089safg
231eee60-dbfa-4ab1-abad-b9ad9b142834,c4e9jcm1ja2g00ccf810
233dd10c-7841-4f40-b36f-b4adc70784e2,c4e9d51lms9g00depfcg
233dd10c-7841-4f40-b36f-b4adc70784e2,c4e9jclksi2g00c0upq0
234bae5e-d4d9-4f44-b7af-ac68d4818fdc,c4e9d50qui1g00dcsg2g
234bae5e-d4d9-4f44-b7af-ac68d4818fdc,c4e9jiko26gg008qp96g
235b2155-d436-433a-aa6e-b6beec5f67fe,c4e9d50gdkfg00ckelp0
235b2155-d436-433a-aa6e-b6beec5f67fe,c4e9jikfjb0000cm07kg
2361db24-feea-4710-b8f4-8103747ccfba,cp03u4rn5d9000e4mhlg
2361db24-feea-4710-b8f4-8103747ccfba,cp03u4t7tiqg00asaueg
23772194-cfc3-11e7-90f7-00505681224b,c4epi0v2551g00d1m2h0
23772194-cfc3-11e7-90f7-00505681224b,c4epi4kfjb0000cm5o6g
2385a506-1c99-4312-906d-b96adbd163d5,c4e9d50kqp4g00aan2j0
2385a506-1c99-4312-906d-b96adbd163d5,c4e9je5ksi2g00c0upr0
238943f3-9d6a-4c97-938b-1c7e7118391d,c4e9d547bhug00afcq9g
238943f3-9d6a-4c97-938b-1c7e7118391d,c4e9jealpbg0009nutdg
23a813b6-0a88-11e8-93f5-00505681224b,c4epi0vf3f9g0081111g
23a813b6-0a88-11e8-93f5-00505681224b,c4epi4i11o1g008c4hog
23b00042-9c2b-471e-8f84-0d28840759c6,c4e9daforvtg00d0adsg
23b00042-9c2b-471e-8f84-0d28840759c6,c4e9jkv2551g00d1hi9g
23bf6307-d317-4bbe-9f0a-934bcaaca495,cnp7di5qk3gg00ccmstg
23bf6307-d317-4bbe-9f0a-934bcaaca495,cnp7di9qkol000a5jvbg
23ce81b4-ea7a-4211-80fa-bbfe714a3ec4,cogupkif6nn0008vgurg
23ce81b4-ea7a-4211-80fa-bbfe714a3ec4,cogupkv3r4d000f3j1k0
23e42f23-a209-414c-89ef-ab4a2837ba29,c4e9da7f3f9g0080ru40
23e42f23-a209-414c-89ef-ab4a2837ba29,c4e9jeb0tnc000c84v1g
24165fea-25ba-47eb-9001-68f05a3815d7,cofkjk01277000eheuig
24165fea-25ba-47eb-9001-68f05a3815d7,cofkjk9qkol000aam1h0
241ecf9d-4e88-46ab-a9c6-3b0342cfd550,cnpsfp3n5d9000dtd270
241ecf9d-4e88-46ab-a9c6-3b0342cfd550,cnpsfp7lrmbg00b2mv0g
243e5ef9-a1a3-4406-a513-21dde657cb7d,cnpsfp0n2q9g00esvmqg
243e5ef9-a1a3-4406-a513-21dde657cb7d,cnpsfpa8kqpg00ao0t2g
244585eb-480b-4ad4-a41a-138ae056c7f0,c4e9d5ff3f9g0080ru2g
244585eb-480b-4ad4-a41a-138ae056c7f0,c4e9je8gdkfg00ckenjg
245415fb-2b4f-485f-b647-8e6a57589eec,c4e9d5a11o1g008bvv20
245415fb-2b4f-485f-b647-8e6a57589eec,c4e9jeh2rh1g009f4g20
2463a5b3-98bc-43cf-a3c1-f0ea98ef54f8,co8chq9jhmbg00ffg8k0
2463a5b3-98bc-43cf-a3c1-f0ea98ef54f8,co8chql7tiqg00aojlsg
24c2166c-6c44-4e6d-92ea-11775eef7566,cogupkpg8bvg00b5ajqg
24c2166c-6c44-4e6d-92ea-11775eef7566,cogupks5646000ckqneg
24c92d9f-c0b5-410d-ae84-cc3253b194f4,cnp7di8n2q9g00esshkg
24c92d9f-c0b5-410d-ae84-cc3253b194f4,cnp7didorq7g008ipevg
25106219-aee7-4b0f-84ac-4571b9032982,c4e9d5e22pr000dqldtg
25106219-aee7-4b0f-84ac-4571b9032982,c4e9jejvdq3000evtbg0
252bdbeb-fb39-40bd-9000-ad5ff3ca5e55,c4e9da30tnc000c84tjg
252bdbeb-fb39-40bd-9000-ad5ff3ca5e55,c4e9jekmi4og00d2bq90
2549b3ac-cfc3-11e7-af46-00505681224b,c4epi0vorvtg00d0f7bg
2549b3ac-cfc3-11e7-af46-00505681224b,c4epi4kfjb0000cm5o70
254ced91-7a83-4f91-a312-06a1a24b7ab7,c4e9d5ntarsg00au3mqg
254ced91-7a83-4f91-a312-06a1a24b7ab7,c4e9jenf3f9g0080s020
254de1cd-39bb-470b-9a86-841052e34f1d,cf8c7onjch3g00fqvlt0
254de1cd-39bb-470b-9a86-841052e34f1d,cf8c7p79dv5000dk29pg
25538495-e88b-4e7a-a3d6-2a57c60a723a,c4e9d5gkqp4g00aan2jg
25538495-e88b-4e7a-a3d6-2a57c60a723a,c4e9jelksi2g00c0uprg
25556dbf-e59e-4147-b130-f129e03687f1,cod07a2r4qng00af8kg0
25556dbf-e59e-4147-b130-f129e03687f1,cod07a410vk00088cipg
256deb2e-5b67-4d68-b472-dfe5e58b3cfd,cngl691tk7jg009q90ng
256deb2e-5b67-4d68-b472-dfe5e58b3cfd,cngl69c5646000ceq41g
25784a05-57a8-44c5-bcb7-d412a1201ba9,cngl69dralig008m3m1g
25784a05-57a8-44c5-bcb7-d412a1201ba9,cngl69fs7se0009tosq0
2583ac3e-efb3-11e8-a320-00505681224b,c4epi0rjknf000ams65g
2583ac3e-efb3-11e8-a320-00505681224b,c4epi4nl13i0009rcrng
25876916-2a34-41ef-8aa1-f0fcb37bd441,cngl699gkbk0009daeu0
25876916-2a34-41ef-8aa1-f0fcb37bd441,cngl69k5646000ceq420
258a8a68-efb3-11e8-863b-00505681224b,c4epi0sbq3o000ac3hh0
258a8a68-efb3-11e8-863b-00505681224b,c4epi4ic0ku000ap9hfg
2592a122-efb3-11e8-93ce-00505681224b,c4epi0kvfoog00ds7k9g
2592a122-efb3-11e8-93ce-00505681224b,c4epi4nf3f9g00811180
25a789c6-efb3-11e8-b706-00505681224b,c4epi0jjknf000ams64g
25a789c6-efb3-11e8-b706-00505681224b,c4epi4mlljag008apmfg
25ada494-efb3-11e8-9d54-00505681224b,c4epi0i11o1g008c4hh0
25ada494-efb3-11e8-9d54-00505681224b,c4epi4lksi2g00c13s9g
25b286d4-efb3-11e8-9152-00505681224b,c4epi0ndeto0008a164g
25b286d4-efb3-11e8-9152-00505681224b,c4epi4jjknf000ams6a0
25b6d454-895a-4ab5-9a79-e2886db94a49,cofkjkdorq7g008nr3v0
25b6d454-895a-4ab5-9a79-e2886db94a49,cofkjkdqk3gg00chk1a0
25d97ac2-14f7-4d43-bf99-f766c90397fa,c4e9d5vdeto00089sag0
25d97ac2-14f7-4d43-bf99-f766c90397fa,c4e9jeic0ku000ap4880
25dc36f4-908e-4509-a72f-593aa8cd68aa,cogupl3nofvg00bgm2dg
25dc36f4-908e-4509-a72f-593aa8cd68aa,cogupl5qk3gg00chq19g
25e84f9c-2ce1-4139-a69f-489fc9c1d368,cobm1egn2q9g00f1988g
25e84f9c-2ce1-4139-a69f-489fc9c1d368,cobm1epg8bvg00b4ile0
261055af-9766-4b94-a491-affeecf4ea3c,c4e9d61lms9g00depfdg
261055af-9766-4b94-a491-affeecf4ea3c,c4e9jelksi2g00c0ups0
262b0d95-5ff9-434c-ac4c-01a2d9cc648c,c4e9d61lms9g00depfd0
262b0d95-5ff9-434c-ac4c-01a2d9cc648c,c4e9jerjknf000amneng
26381cda-fb3f-4ea4-abb7-315d1d764368,cf8c7ocqsijg00epe050
26381cda-fb3f-4ea4-abb7-315d1d764368,cf8c7ov9dv5000dk29p0
263c8845-4c7e-4c5a-bf01-15ad58c3f14d,cn7ds901277000e9hmfg
263c8845-4c7e-4c5a-bf01-15ad58c3f14d,cn7ds930ekp0008svmqg
2641157a-e42f-4e70-a9c0-dd1c64ed5190,cobm1ep8t1lg00a8fs7g
2641157a-e42f-4e70-a9c0-dd1c64ed5190,cobm1epmiud0009vaei0
265e883e-f9a7-11eb-a812-00505681224b,c4j6vfgqui1g00ddk2c0
265e883e-f9a7-11eb-a812-00505681224b,c4j706kfjb0000cmtfug
2668f562-dcdf-477d-9af0-132994ca9398,c4e9d6e22pr000dqldu0
2668f562-dcdf-477d-9af0-132994ca9398,c4e9jeplms9g00dephcg
268e1b00-d95b-4263-b9f0-6d13ad33e393,c4eksicmi4og00d2doq0
268e1b00-d95b-4263-b9f0-6d13ad33e393,c4eksqa11o1g008c1td0
26b20468-68a8-4d39-84e2-82cf4b693113,codla607ov20008hukq0
26b20468-68a8-4d39-84e2-82cf4b693113,codla60im8r000ftm4og
26db7cc8-5a2e-4be5-8981-4e0584e27aad,c4e9d67deto00089sagg
26db7cc8-5a2e-4be5-8981-4e0584e27aad,c4e9jesmi4og00d2bq9g
26e2adc0-0a88-11e8-bdbb-00505681224b,c4epi0nl13i0009rcrh0
26e2adc0-0a88-11e8-bdbb-00505681224b,c4epi4n2551g00d1m2mg
26f05ea0-520d-417a-b7bf-616714f2cc70,cofkjkhg8bvg00b54g4g
26f05ea0-520d-417a-b7bf-616714f2cc70,cofkjkhgkbk0009j9mvg
26f27ccc-ace5-4043-9682-8d59bd0edd00,c4e9de7deto00089sak0
26f27ccc-ace5-4043-9682-8d59bd0edd00,c4e9jep2rh1g009f4g2g
270dfd62-cfc3-11e7-aa58-00505681224b,c4epi0gkqp4g00aarmi0
270dfd62-cfc3-11e7-aa58-00505681224b,c4epi4k7bhug00afhecg
27206d1f-0f59-43cf-b33f-295854229c4b,cofkjkgn2q9g00f1stl0
27206d1f-0f59-43cf-b33f-295854229c4b,cofkjkhjhmbg00fgoug0
272b38f0-0b58-406f-a27f-2aa5cee072e1,cod07a81qiv000f3sr8g
272b38f0-0b58-406f-a27f-2aa5cee072e1,cod07adqk3gg00chafq0
274776a1-b77e-4fc1-82d4-e7634d541476,c4e9d761ja2g00ccf660
274776a1-b77e-4fc1-82d4-e7634d541476,c4e9jeqlpbg0009nuteg
275d0654-6839-46ff-80c3-f80abe9b7844,coabrlpjhmbg00ffkvh0
275d0654-6839-46ff-80c3-f80abe9b7844,coabrm5qk3gg00cghc00
27758571-ade4-412b-9368-249972266b21,c4e9d7dksi2g00c0uns0
27758571-ade4-412b-9368-249972266b21,c4e9jeu22pr000dqlfn0
2788d58e-0e50-4d07-bbda-c152ffa29295,c4e9d8jjknf000amncr0
2788d58e-0e50-4d07-bbda-c152ffa29295,c4e9jeso26gg008qp940
278ebf16-1d79-4132-bbce-811f2f55599a,cod07aflrmbg00b799ag
278ebf16-1d79-4132-bbce-811f2f55599a,cod07aif6nn0008uua10
279d7adc-d133-4632-9d6c-cf00949f1ac9,c4e9d8oqui1g00dcsg3g
279d7adc-d133-4632-9d6c-cf00949f1ac9,c4e9jktnv8a0008hc2pg
27a8ac53-ae82-4e8a-821a-e01ef6dda568,c4e9d972551g00d1hggg
27a8ac53-ae82-4e8a-821a-e01ef6dda568,c4e9jf6lljag008akpc0
27c0b87a-ed3f-46ed-811e-c8e29082db8f,c4e9d9cfjb0000cm05rg
27c0b87a-ed3f-46ed-811e-c8e29082db8f,c4e9jf2lpbg0009nutf0
27c26595-1d80-492f-9709-d9a4c9d46fc0,c4e9de4bq3o000abuna0
27c26595-1d80-492f-9709-d9a4c9d46fc0,c4e9jf4bq3o000abup8g
27cf1660-9384-4c99-9821-198a87f21829,c4e9dg8kqp4g00aan2o0
27cf1660-9384-4c99-9821-198a87f21829,c4e9jkq11o1g008c00s0
27e46e49-f243-4752-8d7c-b2d2773f69be,cogup373r4d000f3j1f0
27e46e49-f243-4752-8d7c-b2d2773f69be,cogup3af6nn0008vguo0
27fe3922-f9a7-11eb-9b2e-00505681224b,c4j6vfmlljag008behn0
27fe3922-f9a7-11eb-9b2e-00505681224b,c4j706kvfoog00dsqpag
281c6654-5011-4285-aa72-fd0a0ae494e1,c4e9dgcmi4og00d2bomg
281c6654-5011-4285-aa72-fd0a0ae494e1,c4e9jf47bhug00afcs10
2838f3e7-0a46-4551-8ae0-ac562e58f6ea,c4e9dae1ja2g00ccf66g
2838f3e7-0a46-4551-8ae0-ac562e58f6ea,c4e9jfm1ja2g00ccf82g
283d052c-6942-4234-95aa-9a701e56929a,cf8c7obo765000dka4q0
283d052c-6942-4234-95aa-9a701e56929a,cf8c7ou3mlvg0094aj0g
28534113-d665-4cec-8e88-7547a3473268,cnfb09oim8r000fndvpg
28534113-d665-4cec-8e88-7547a3473268,cnfb09pqkol000a43qvg
2866f18f-ed52-4866-801a-4c76c49bc719,c4eksii11o1g008c1tb0
2866f18f-ed52-4866-801a-4c76c49bc719,c4ekso72551g00d1jf20
288f8058-f9a7-11eb-b3f2-00505681224b,c4j6vfgkqp4g00abejcg
288f8058-f9a7-11eb-b3f2-00505681224b,c4j706hlms9g00dfhi70
28c8a587-9db7-42a3-9110-3760b83c161a,coiu219jhmbg00fh1j6g
28c8a587-9db7-42a3-9110-3760b83c161a,coiu21c10vk00088uv3g
28f532ff-bef2-4b59-86bc-604b1b6661a2,c4e9dadnv8a0008hc0og
28f532ff-bef2-4b59-86bc-604b1b6661a2,c4e9jksfjb0000cm07lg
28f57403-b655-4046-a61f-06fcf8cf0c42,c4e9dailpbg0009nurk0
28f57403-b655-4046-a61f-06fcf8cf0c42,c4e9jkvl13i0009r7h30
291d6c1a-f9a7-11eb-bef8-00505681224b,c4j6vfnorvtg00d12r90
291d6c1a-f9a7-11eb-bef8-00505681224b,c4j706n2551g00d28hag
292c994a-8133-4a7f-b2f1-aa562d5db25a,cngl69n9iisg009pp10g
292c994a-8133-4a7f-b2f1-aa562d5db25a,cngl69rn5d9000dsapcg
29303c9f-01ef-419c-9a51-3e2e72da2f89,c4e9dacvfoog00ds2td0
29303c9f-01ef-419c-9a51-3e2e72da2f89,c4e9jir0tnc000c84v3g
2937d01c-eb30-47f4-b975-0143bf4bdda1,c4e9da8gdkfg00ckelq0
2937d01c-eb30-47f4-b975-0143bf4bdda1,c4e9jivtarsg00au3ong
2940c481-c4e5-4ad7-a569-03f4be62715b,c4e9daff3f9g0080ru4g
2940c481-c4e5-4ad7-a569-03f4be62715b,c4e9jiqlpbg0009nutg0
29494848-e005-4048-b788-4badcd549308,cogupl1qkol000aas8qg
29494848-e005-4048-b788-4badcd549308,coguplc10vk00088skog
2976f99e-cee5-4932-b5f9-6c00209d8f3c,c4e9db0kqp4g00aan2m0
2976f99e-cee5-4932-b5f9-6c00209d8f3c,c4e9jiqlpbg0009nutgg
298e000a-1774-46ae-bc4c-1f3000cfbf37,codla6bai11g00d6ivhg
298e000a-1774-46ae-bc4c-1f3000cfbf37,codla6c5646000ckbf2g
29a19e69-994d-41db-9918-ad2f32defefd,codla6dqk3gg00chaplg
29a19e69-994d-41db-9918-ad2f32defefd,codla6jnofvg00bg6uv0
29b6c9d8-f9a7-11eb-9132-00505681224b,c4j6vfm1ja2g00cd69og
29b6c9d8-f9a7-11eb-9132-00505681224b,c4j706kfjb0000cmtfu0
29c12103-e8b2-4830-8f34-1b19143e0c12,c4e9dan2551g00d1hghg
29c12103-e8b2-4830-8f34-1b19143e0c12,c4e9jip6lb7g00ceisag
2a00b084-8d4f-42fc-a8f4-95baa18ff495,cod07ag7ov20008hua0g
2a00b084-8d4f-42fc-a8f4-95baa18ff495,cod07aiase3000bma6b0
2a023903-df05-43ec-addf-d76fa2dcefb6,c4e9dam22pr000dqldug
2a023903-df05-43ec-addf-d76fa2dcefb6,c4e9jj7orvtg00d0afu0
2a087d6c-8a27-4fd6-b932-8fd8a238bbe6,cofkjklqk3gg00chk1ag
2a087d6c-8a27-4fd6-b932-8fd8a238bbe6,cofkjkrn5d9000e295ug
2a361116-d044-47fd-94ed-9d80f9a0805a,c4e9dahlms9g00depff0
2a361116-d044-47fd-94ed-9d80f9a0805a,c4e9jnkmi4og00d2bqbg
2a47c4a4-1f52-4051-9899-648372a28dda,c4e9daggdkfg00ckelqg
2a47c4a4-1f52-4051-9899-648372a28dda,c4e9jnkfjb0000cm07ng
2a4b9398-f9a7-11eb-ab5e-00505681224b,c4j6vfbjknf000anfcsg
2a4b9398-f9a7-11eb-ab5e-00505681224b,c4j706m1ja2g00cd6a30
2a5a3075-08c3-4d47-ac55-17fb36c0b2b9,c4e9daic0ku000ap46e0
2a5a3075-08c3-4d47-ac55-17fb36c0b2b9,c4e9jj4mi4og00d2bqag
2a6ab515-569a-4bcd-b4bc-9ddffdacff12,cod07aoim8r000ftlos0
2a6ab515-569a-4bcd-b4bc-9ddffdacff12,cod07aon2q9g00f1i0dg
2a7b9e44-c16e-4f7e-ad0a-43c8bfc1d7c3,c4e9davtarsg00au3mt0
2a7b9e44-c16e-4f7e-ad0a-43c8bfc1d7c3,c4e9jnhlms9g00dephg0
2a865738-d844-11e9-939a-00505681224b,c4dtmi16lb7g00cebr8g
2a865738-d844-11e9-939a-00505681224b,c4dtn0ggdkfg00ck7udg
2a894da8-ac41-11e9-9885-00505681224b,c4dtmi4vfoog00drs4p0
2a894da8-ac41-11e9-9885-00505681224b,c4dtn0j0tnc000c7u080
2a9071f8-ac41-11e9-afa6-00505681224b,c4dtmi3jknf000amgip0
2a9071f8-ac41-11e9-afa6-00505681224b,c4dtn0ndeto00089lib0
2a9534d8-ac41-11e9-8239-00505681224b,c4dtmi4u12qg0096if0g
2a9534d8-ac41-11e9-8239-00505681224b,c4dtn0lksi2g00c0njcg
2a979646-ac41-11e9-8b45-00505681224b,c4dtmi61ja2g00cc8jjg
2a979646-ac41-11e9-8b45-00505681224b,c4dtn0jjknf000amgjlg
2a9c5922-ac41-11e9-a017-00505681224b,c4dtmi622pr000dqeqa0
2a9c5922-ac41-11e9-a017-00505681224b,c4dtn0u22pr000dqer3g
2aa11c00-ac41-11e9-97cb-00505681224b,c4dtmi7orvtg00d03ivg
2aa11c00-ac41-11e9-97cb-00505681224b,c4dtn0smi4og00d254c0
2aa37d6e-ac41-11e9-bb56-00505681224b,c4dtmi4mi4og00d253l0
2aa37d6e-ac41-11e9-bb56-00505681224b,c4dtn0u22pr000dqer40
2aaaa1be-ac41-11e9-8e7f-00505681224b,c4dtmi30tnc000c7tvi0
2aaaa1be-ac41-11e9-8e7f-00505681224b,c4dtn0qc0ku000aosug0
2aaccbf6-d844-11e9-8043-00505681224b,c4dtmi4fjb0000clonqg
2aaccbf6-d844-11e9-8043-00505681224b,c4dtn0rvdq3000evljq0
2ab11c6e-8efc-469d-a3da-984792d97d67,co8chqhgkbk0009i0am0
2ab11c6e-8efc-469d-a3da-984792d97d67,co8chqjrfj6g00ai0u40
2abb4bc6-ac41-11e9-b44f-00505681224b,c4dtmi0qui1g00dclon0
2abb4bc6-ac41-11e9-b44f-00505681224b,c4dtn0ogdkfg00ck7ue0
2abdad34-ac41-11e9-80be-00505681224b,c4dtmi7orvtg00d03j00
2abdad34-ac41-11e9-80be-00505681224b,c4dtn0vorvtg00d03jog
2ac00652-d844-11e9-8837-00505681224b,c4dtmibjknf000amgipg
2ac00652-d844-11e9-8837-00505681224b,c4dtn0svfoog00drs5cg
2ac732f0-ac41-11e9-8527-00505681224b,c4dtmie22pr000dqeqag
2ac732f0-ac41-11e9-8527-00505681224b,c4dtn0so26gg008qhlo0
2ad0b0dc-ac41-11e9-b9c0-00505681224b,c4dtmico26gg008qhkvg
2ad0b0dc-ac41-11e9-b9c0-00505681224b,c4dtn0v2551g00d1atug
2ad573ba-ac41-11e9-beb8-00505681224b,c4dtmi9lms9g00deimjg
2ad573ba-ac41-11e9-beb8-00505681224b,c4dtn0p6lb7g00cebrug
2ad90a26-f9a7-11eb-9d3a-00505681224b,c4j6vg2c0ku000aq04m0
2ad90a26-f9a7-11eb-9d3a-00505681224b,c4j70772551g00d28hc0
2adb3024-d844-11e9-ba4d-00505681224b,c4dtmiforvtg00d03j0g
2adb3024-d844-11e9-ba4d-00505681224b,c4dtn0vf3f9g0080krlg
2ae6aa66-7125-4faf-8dcd-ca60927bd4ac,c4e9dasmi4og00d2bolg
2ae6aa66-7125-4faf-8dcd-ca60927bd4ac,c4e9jj211o1g008c00rg
2af60bd4-d844-11e9-867d-00505681224b,c4dtmi8gdkfg00ck7tmg
2af60bd4-d844-11e9-867d-00505681224b,c4dtn0su12qg0096ifo0
2afcb723-2644-4fbe-86a6-ae3879d3fab2,c4e9dau1ja2g00ccf670
2afcb723-2644-4fbe-86a6-ae3879d3fab2,c4e9jj4vfoog00ds2v8g
2b02549c-79c9-48b0-9d9b-e47fc7748da5,c4e9daso26gg008qp74g
2b02549c-79c9-48b0-9d9b-e47fc7748da5,c4e9jnko26gg008qp990
2b0ca939-3a10-474b-b1bd-53e0afbdcc1b,cngl69pqkol000a4jrp0
2b0ca939-3a10-474b-b1bd-53e0afbdcc1b,cngl69uudun000eckuk0
2b22e95c-d844-11e9-8390-00505681224b,c4dtmicbq3o000abnue0
2b22e95c-d844-11e9-8390-00505681224b,c4dtn0qc0ku000aosugg
2b377ed9-0649-4fd4-807b-e8f94d70376b,c4e9daqlpbg0009nurkg
2b377ed9-0649-4fd4-807b-e8f94d70376b,c4e9jj8kqp4g00aan4cg
2b39cd52-d844-11e9-8124-00505681224b,c4dtmidnv8a0008h4qb0
2b39cd52-d844-11e9-8124-00505681224b,c4dtn0oqui1g00dclpf0
2b3c469d-37a7-46b6-89f7-250790f95485,c4e9dgdksi2g00c0uo00
2b3c469d-37a7-46b6-89f7-250790f95485,c4e9jngkqp4g00aan4e0
2b420636-8524-4b1b-8639-7a246d66116c,cogupl87ov20008iem20
2b420636-8524-4b1b-8639-7a246d66116c,coguplei5iag00a03740
2b4a5e73-222f-4998-85ac-14855ff4e049,cod07aq8kqpg00asfqgg
2b4a5e73-222f-4998-85ac-14855ff4e049,cod07b73r4d000f301f0
2b4b59f6-d844-11e9-87e4-00505681224b,c4dtmia11o1g008bpbtg
2b4b59f6-d844-11e9-87e4-00505681224b,c4dtn0sfjb0000cloofg
2b4f038c-d844-11e9-bf47-00505681224b,c4dtmiac0ku000aostn0
2b4f038c-d844-11e9-bf47-00505681224b,c4dtn15ksi2g00c0njdg
2b52d436-d844-11e9-9081-00505681224b,c4dtmielljag008adnlg
2b52d436-d844-11e9-9081-00505681224b,c4dtn147bhug00af65og
2b537538-5180-449b-b54f-c2ffe0e08ea1,cngl6a45646000ceq430
2b537538-5180-449b-b54f-c2ffe0e08ea1,cngl6a5orq7g008hraqg
2b56089a-d844-11e9-b077-00505681224b,c4dtmi8qui1g00dclong
2b56089a-d844-11e9-b077-00505681224b,c4dtn12c0ku000aosuhg
2b59d942-d844-11e9-9e1c-00505681224b,c4dtmi96lb7g00cebr90
2b59d942-d844-11e9-9e1c-00505681224b,c4dtn10kqp4g00aagd90
2b5c4a52-d844-11e9-aff8-00505681224b,c4dtmiggdkfg00ck7tng
2b5c4a52-d844-11e9-aff8-00505681224b,c4dtn172551g00d1atv0
2b5e9452-d844-11e9-aeca-00505681224b,c4dtmigkqp4g00aagcgg
2b5e9452-d844-11e9-aeca-00505681224b,c4dtn14vfoog00drs5dg
2b60902e-d844-11e9-a0ce-00505681224b,c4dtmijvdq3000evlj0g
2b60902e-d844-11e9-a0ce-00505681224b,c4dtn161ja2g00cc8kag
2b621fce-f86a-4e5b-879c-21df82c0c479,coguplhmiud000a02fcg
2b621fce-f86a-4e5b-879c-21df82c0c479,cogupljai11g00d72g00
2b628c0c-d844-11e9-8772-00505681224b,c4dtmiic0ku000aostng
2b628c0c-d844-11e9-8772-00505681224b,c4dtn15ksi2g00c0nje0
2b64aefa-d844-11e9-adee-00505681224b,c4dtmiic0ku000aosto0
2b64aefa-d844-11e9-adee-00505681224b,c4dtn10gdkfg00ck7ueg
2b67200a-d844-11e9-92d4-00505681224b,c4dtmih6lb7g00cebr9g
2b67200a-d844-11e9-92d4-00505681224b,c4dtn13jknf000amgjm0
2b68075e-f9a7-11eb-b28b-00505681224b,c4j6vg0qui1g00ddk2cg
2b68075e-f9a7-11eb-b28b-00505681224b,c4j7075nv8a0008i77n0
2b6942f6-d844-11e9-94c9-00505681224b,c4dtmikbq3o000abnueg
2b6942f6-d844-11e9-94c9-00505681224b,c4dtn14vfoog00drs5e0
2b6a9c40-4afa-43dc-881e-50bf1874b713,cobm1f1g8bvg00b4ileg
2b6a9c40-4afa-43dc-881e-50bf1874b713,cobm1f45646000ck2um0
2b6bb408-d844-11e9-bebe-00505681224b,c4dtmijjknf000amgiqg
2b6bb408-d844-11e9-bebe-00505681224b,c4dtn1211o1g008bpclg
2b6ec15c-d844-11e9-9be3-00505681224b,c4dtmikvfoog00drs4qg
2b6ec15c-d844-11e9-9be3-00505681224b,c4dtn1bjknf000amgjmg
2b71597e-d844-11e9-8f4e-00505681224b,c4dtmih2rh1g009etob0
2b71597e-d844-11e9-8f4e-00505681224b,c4dtn1a11o1g008bpcm0
2b750314-d844-11e9-ab75-00505681224b,c4dtmim1ja2g00cc8jkg
2b750314-d844-11e9-ab75-00505681224b,c4dtn1cmi4og00d254dg
2b77e958-d844-11e9-9b8e-00505681224b,c4dtmirjknf000amgir0
2b77e958-d844-11e9-9b8e-00505681224b,c4dtn1elljag008adob0
2b846cca-d844-11e9-bfe6-00505681224b,c4dtmisvfoog00drs4r0
2b846cca-d844-11e9-bfe6-00505681224b,c4dtn1e22pr000dqer50
2b872bfa-d844-11e9-922d-00505681224b,c4dtmitksi2g00c0nik0
2b872bfa-d844-11e9-922d-00505681224b,c4dtn1cvfoog00drs5eg
2b8975fa-d844-11e9-855c-00505681224b,c4dtmip6lb7g00cebra0
2b8975fa-d844-11e9-855c-00505681224b,c4dtn1a11o1g008bpcmg
2b8bbffa-d844-11e9-851b-00505681224b,c4dtmiogdkfg00ck7tog
2b8bbffa-d844-11e9-851b-00505681224b,c4dtn1bvdq3000evljrg
2b8e310a-d844-11e9-984c-00505681224b,c4dtmip2rh1g009etobg
2b8e310a-d844-11e9-984c-00505681224b,c4dtn196lb7g00cebs00
2b90a21a-d844-11e9-b201-00505681224b,c4dtmip6lb7g00cebrag
2b90a21a-d844-11e9-b201-00505681224b,c4dtn1cu12qg0096ifp0
2b92ec1a-d844-11e9-a24c-00505681224b,c4dtmiu22pr000dqeqbg
2b92ec1a-d844-11e9-a24c-00505681224b,c4dtn1ac0ku000aosuj0
2b950f08-d844-11e9-a6cf-00505681224b,c4dtmitksi2g00c0nikg
2b950f08-d844-11e9-a6cf-00505681224b,c4dtn1e1ja2g00cc8kc0
2b97a726-d844-11e9-a972-00505681224b,c4dtmip6lb7g00cebrb0
2b97a726-d844-11e9-a972-00505681224b,c4dtn1lnv8a0008h4r7g
2b9a1838-d844-11e9-9fa0-00505681224b,c4dtmiogdkfg00ck7tp0
2b9a1838-d844-11e9-9fa0-00505681224b,c4dtn1nf3f9g0080krn0
2b9c3b26-d844-11e9-aea9-00505681224b,c4dtmisu12qg0096if1g
2b9c3b26-d844-11e9-aea9-00505681224b,c4dtn1mlljag008adoc0
2b9eac36-d844-11e9-a8c3-00505681224b,c4dtmiokqp4g00aagchg
2b9eac36-d844-11e9-a8c3-00505681224b,c4dtn1jjknf000amgjo0
2ba11d46-d844-11e9-8b30-00505681224b,c4dtmj3vdq3000evlj1g
2ba11d46-d844-11e9-8b30-00505681224b,c4dtn1k7bhug00af65q0
2ba36746-d844-11e9-8196-00505681224b,c4dtmj211o1g008bpbug
2ba36746-d844-11e9-8196-00505681224b,c4dtn1lksi2g00c0njfg
2ba5b146-d844-11e9-a6de-00505681224b,c4dtmj72551g00d1atd0
2ba5b146-d844-11e9-a6de-00505681224b,c4dtn1j0tnc000c7u0ag
2ba7fb42-d844-11e9-8c32-00505681224b,c4dtmj0gdkfg00ck7tpg
2ba7fb42-d844-11e9-8c32-00505681224b,c4dtn1i11o1g008bpcng
2baae188-d844-11e9-b014-00505681224b,c4dtmj12rh1g009etoc0
2baae188-d844-11e9-b014-00505681224b,c4dtn1h6lb7g00cebs10
2bae8b1e-d844-11e9-ace0-00505681224b,c4dtmj2c0ku000aostp0
2bae8b1e-d844-11e9-ace0-00505681224b,c4dtn1ko26gg008qhlq0
2bb1233e-d844-11e9-9e06-00505681224b,c4dtmj7tarsg00atsq40
2bb1233e-d844-11e9-9e06-00505681224b,c4dtn1jvdq3000evljsg
2bb3462c-d844-11e9-a321-00505681224b,c4dtmj7l13i0009r011g
2bb3462c-d844-11e9-a321-00505681224b,c4dtn1k7bhug00af65qg
2bb5420a-d844-11e9-bf7e-00505681224b,c4dtmj30tnc000c7tvkg
2bb5420a-d844-11e9-bf7e-00505681224b,c4dtn1ilpbg0009nnsk0
2bb764f8-d844-11e9-ad47-00505681224b,c4dtmj4mi4og00d253n0
2bb764f8-d844-11e9-ad47-00505681224b,c4dtn1u22pr000dqer7g
2bb85181-c72d-4338-978a-c69e8b5cd451,c4e9dg9lms9g00depfgg
2bb85181-c72d-4338-978a-c69e8b5cd451,c4e9jl3vdq3000evtbig
2bb960d4-d844-11e9-92ca-00505681224b,c4dtmj16lb7g00cebrbg
2bb960d4-d844-11e9-92ca-00505681224b,c4dtn1vdeto00089lid0
2bbb83c2-d844-11e9-a138-00505681224b,c4dtmj72551g00d1atdg
2bbb83c2-d844-11e9-a138-00505681224b,c4dtn1ulljag008adod0
2bbda6b4-d844-11e9-9afa-00505681224b,c4dtmjelljag008adnmg
2bbda6b4-d844-11e9-9afa-00505681224b,c4dtn1ulljag008adodg
2bbfc99e-d844-11e9-8a40-00505681224b,c4dtmj92rh1g009etod0
2bbfc99e-d844-11e9-8a40-00505681224b,c4dtn1rjknf000amgjog
2bc1c57a-d844-11e9-b52d-00505681224b,c4dtmjftarsg00atsq4g
2bc1c57a-d844-11e9-b52d-00505681224b,c4dtn1s7bhug00af65r0
2bc3e868-d844-11e9-9d49-00505681224b,c4dtmjbvdq3000evlj20
2bc3e868-d844-11e9-9d49-00505681224b,c4dtn1smi4og00d254f0
2bc60b58-d844-11e9-b93a-00505681224b,c4dtmjalpbg0009nnrsg
2bc60b58-d844-11e9-b93a-00505681224b,c4dtn1rjknf000amgjp0
2bc8a37a-d844-11e9-85e4-00505681224b,c4dtmjftarsg00atsq50
2bc8a37a-d844-11e9-85e4-00505681224b,c4dtn1tnv8a0008h4r80
2bcb1488-d844-11e9-a7aa-00505681224b,c4dtmjbvdq3000evlj2g
2bcb1488-d844-11e9-a7aa-00505681224b,c4dtn1so26gg008qhls0
2bcd5e88-d844-11e9-ad8c-00505681224b,c4dtmjco26gg008qhl1g
2bcd5e88-d844-11e9-ad8c-00505681224b,c4dtn1vl13i0009r01rg
2bcfcf9a-d844-11e9-9bcf-00505681224b,c4dtmj8qui1g00dclopg
2bcfcf9a-d844-11e9-9bcf-00505681224b,c4dtn1su12qg0096ifr0
2bd267b8-d844-11e9-b077-00505681224b,c4dtmjfl13i0009r0130
2bd267b8-d844-11e9-b077-00505681224b,c4dtn1ogdkfg00ck7ug0
2bd3e371-31a5-4bce-8962-40a9e68f9ab8,cmaukl2bmgkg00e774tg
2bd3e371-31a5-4bce-8962-40a9e68f9ab8,cmaukluj0kpg00dkgd90
2bd46394-d844-11e9-8c1d-00505681224b,c4dtmjf2551g00d1ate0
2bd46394-d844-11e9-8c1d-00505681224b,c4dtn1u22pr000dqer80
2bd65f74-d844-11e9-be84-00505681224b,c4dtmjdksi2g00c0nim0
2bd65f74-d844-11e9-be84-00505681224b,c4dtn1ogdkfg00ck7ugg
2bd85b50-d844-11e9-835f-00505681224b,c4dtmjmlljag008adnn0
2bd85b50-d844-11e9-835f-00505681224b,c4dtn25nv8a0008h4r90
2bda7e3e-d844-11e9-ab09-00505681224b,c4dtmjhlms9g00deimk0
2bda7e3e-d844-11e9-ab09-00505681224b,c4dtn25nv8a0008h4r9g
2bdca12c-d844-11e9-a1a8-00505681224b,c4dtmjh6lb7g00cebrc0
2bdca12c-d844-11e9-a1a8-00505681224b,c4dtn27tarsg00atsqtg
2bdf123a-d844-11e9-b979-00505681224b,c4dtmjlnv8a0008h4qe0
2bdf123a-d844-11e9-b979-00505681224b,c4dtn23jknf000amgjq0
2be15c3a-d844-11e9-8800-00505681224b,c4dtmjnf3f9g0080kr30
2be15c3a-d844-11e9-8800-00505681224b,c4dtn27orvtg00d03jr0
2bffde74-f9a7-11eb-9ede-00505681224b,c4j6vg5nv8a0008i7790
2bffde74-f9a7-11eb-9ede-00505681224b,c4j70712rh1g009frsd0
2c0549b1-e644-4e64-b1e2-46b9573b849d,cogupln3r4d000f3j1l0
2c0549b1-e644-4e64-b1e2-46b9573b849d,coguplv9iisg009vnqi0
2c0904a6-1825-11e8-8fe4-00505681224b,c4dtmjggdkfg00ck7tqg
2c0904a6-1825-11e8-8fe4-00505681224b,c4dtn27f3f9g0080krog
2c0ecbf3-6895-43b0-b3a9-48be338edefe,cod07b1qkol000aabuvg
2c0ecbf3-6895-43b0-b3a9-48be338edefe,cod07b410vk00088cis0
2c294cda-3107-4045-83c5-fb0bdb1546e5,cp03u4pjhmbg00fj3nig
2c294cda-3107-4045-83c5-fb0bdb1546e5,cp03u55orq7g008q9h40
2c300150-cfc3-11e7-97aa-00505681224b,c4epi0i11o1g008c4hgg
2c300150-cfc3-11e7-97aa-00505681224b,c4epi4dnv8a0008hh6v0
2c30efc6-2d94-4b0a-b965-a8f36362c2ae,c4e9dg4vfoog00ds2teg
2c30efc6-2d94-4b0a-b965-a8f36362c2ae,c4e9jl7orvtg00d0afug
2c381763-9f50-4bbd-808c-fa063c9dfd15,c4e9davorvtg00d0adt0
2c381763-9f50-4bbd-808c-fa063c9dfd15,c4e9jq96lb7g00ceiseg
2c3e5126-8cda-417f-b320-8c09338d3b5b,c4e9dgfdeto00089sal0
2c3e5126-8cda-417f-b320-8c09338d3b5b,c4e9jl12rh1g009f4g3g
2c507674-fcc7-4bd5-ae94-6b91d3cbe7f0,c4e9dg3jknf000amnctg
2c507674-fcc7-4bd5-ae94-6b91d3cbe7f0,c4e9jl72551g00d1hia0
2c7d14e1-b129-4633-98ba-161e0aa68ead,c4e9dcm1ja2g00ccf67g
2c7d14e1-b129-4633-98ba-161e0aa68ead,c4e9jqf2551g00d1hie0
2c8edbac-f9a7-11eb-97bf-00505681224b,c4j6vg622pr000drc6ug
2c8edbac-f9a7-11eb-97bf-00505681224b,c4j7074mi4og00d3333g
2cb11900-fb02-4ed9-bc63-d21b47a91b7c,c4eksmku12qg0096rre0
2cb11900-fb02-4ed9-bc63-d21b47a91b7c,c4ekssac0ku000ap6l9g
2cc53fe1-c061-4ec8-92ed-ddf955508ddf,cofkjks5646000ckkpb0
2cc53fe1-c061-4ec8-92ed-ddf955508ddf,cofkjkv3r4d000f3bpc0
2ccde7c0-cb87-11e8-bb85-00505681224b,c4dtmjk7bhug00af6550
2ccde7c0-cb87-11e8-bb85-00505681224b,c4dtn272551g00d1au40
2cd4406a-ec75-47d1-8253-71b83c46ec04,c4e9dculljag008aknfg
2cd4406a-ec75-47d1-8253-71b83c46ec04,c4e9jl92rh1g009f4g40
2cf16ab8-b99d-48f2-b39a-87aa75d2393c,c4e9dd1lms9g00depffg
2cf16ab8-b99d-48f2-b39a-87aa75d2393c,c4e9jl8qui1g00dcshtg
2cf19014-0289-4a4a-9d8e-719fffec1949,cp03u56udun000ekk4mg
2cf19014-0289-4a4a-9d8e-719fffec1949,cp03u599galg00d5l3q0
2d02b7e7-f884-45ad-82c2-ee16f365d04e,c4e9dd5ksi2g00c0unu0
2d02b7e7-f884-45ad-82c2-ee16f365d04e,c4e9jlbvdq3000evtbj0
2d105567-87ba-4b6d-a860-7aeca78d4cd9,cofkjkoim8r000ftvqtg
2d105567-87ba-4b6d-a860-7aeca78d4cd9,cofkjl07ov20008i8agg
2d141f4b-159c-4b21-be16-f7abc67be738,coguplpgkbk0009jg77g
2d141f4b-159c-4b21-be16-f7abc67be738,coguplrnofvg00bgm2fg
2d1579d4-cb87-11e8-8f42-00505681224b,c4dtmjmlljag008adnng
2d1579d4-cb87-11e8-8f42-00505681224b,c4dtn21lms9g00dein90
2d1a3cb0-cb87-11e8-ac7e-00505681224b,c4dtmjggdkfg00ck7tr0
2d1a3cb0-cb87-11e8-ac7e-00505681224b,c4dtn2622pr000dqer8g
2d1bf775-6a4c-4136-9201-9dacdfa8e2ce,c4e9ddfl13i0009r7f0g
2d1bf775-6a4c-4136-9201-9dacdfa8e2ce,c4e9jlelljag008akpcg
2d1f4db0-cb87-11e8-8f2b-00505681224b,c4dtmjm1ja2g00cc8jn0
2d1f4db0-cb87-11e8-8f2b-00505681224b,c4dtn2211o1g008bpcog
2d241090-cb87-11e8-829d-00505681224b,c4dtmjoqui1g00dcloqg
2d241090-cb87-11e8-829d-00505681224b,c4dtn27orvtg00d03jrg
2d269910-cb87-11e8-b090-00505681224b,c4dtmjrjknf000amgit0
2d269910-cb87-11e8-b090-00505681224b,c4dtn27orvtg00d03js0
2d2ddedc-f9a7-11eb-9803-00505681224b,c4j6vg5ksi2g00c1pll0
2d2ddedc-f9a7-11eb-9803-00505681224b,c4j7074mi4og00d33340
2d45b2c2-cb87-11e8-ae2e-00505681224b,c4dtmjqlpbg0009nnrtg
2d45b2c2-cb87-11e8-ae2e-00505681224b,c4dtn2cbq3o000abnv4g
2d4f3880-cb87-11e8-91b4-00505681224b,c4dtmjplms9g00deiml0
2d4f3880-cb87-11e8-91b4-00505681224b,c4dtn2alpbg0009nnsmg
2d53fb5c-cb87-11e8-9c63-00505681224b,c4dtmju1ja2g00cc8jng
2d53fb5c-cb87-11e8-9c63-00505681224b,c4dtn2a11o1g008bpcp0
2d565cca-cb87-11e8-95b0-00505681224b,c4dtmjqc0ku000aostr0
2d565cca-cb87-11e8-95b0-00505681224b,c4dtn2c7bhug00af65sg
2d5d811a-cb87-11e8-aada-00505681224b,c4dtmjtksi2g00c0nin0
2d5d811a-cb87-11e8-aada-00505681224b,c4dtn2elljag008adoeg
2d60099a-cb87-11e8-81b4-00505681224b,c4dtmjp2rh1g009etodg
2d60099a-cb87-11e8-81b4-00505681224b,c4dtn2cu12qg0096ifsg
2d64cc78-cb87-11e8-a74e-00505681224b,c4dtmjsbq3o000abnuh0
2d64cc78-cb87-11e8-a74e-00505681224b,c4dtn2f2551g00d1au4g
2d683f5c-cb87-11e8-a270-00505681224b,c4dtmk5ksi2g00c0ning
2d683f5c-cb87-11e8-a270-00505681224b,c4dtn2kmi4og00d254hg
2d711164-cb87-11e8-9e6a-00505681224b,c4dtmk0kqp4g00aagcjg
2d711164-cb87-11e8-9e6a-00505681224b,c4dtn2h6lb7g00cebs40
2d7abe34-cb87-11e8-b304-00505681224b,c4dtmk72551g00d1atfg
2d7abe34-cb87-11e8-b304-00505681224b,c4dtn2ko26gg008qhlu0
2d81e27e-cb87-11e8-b10f-00505681224b,c4dtmk3jknf000amgitg
2d81e27e-cb87-11e8-b10f-00505681224b,c4dtn2kbq3o000abnv60
2d86a55c-cb87-11e8-86c2-00505681224b,c4dtmkftarsg00atsq5g
2d86a55c-cb87-11e8-86c2-00505681224b,c4dtn2v2551g00d1au60
2d8c8b01-b2ae-4cb3-b22e-5aa00a37059a,c4e9dgcfjb0000cm05ug
2d8c8b01-b2ae-4cb3-b22e-5aa00a37059a,c4e9jlftarsg00au3oog
2d8dc9a8-cb87-11e8-9fa3-00505681224b,c4dtmkfdeto00089lhng
2d8dc9a8-cb87-11e8-9fa3-00505681224b,c4dtn2r0tnc000c7u0d0
2d90fc4a-3993-11e9-b41f-00505681224b,c4dtmkalpbg0009nnru0
2d90fc4a-3993-11e9-b41f-00505681224b,c4dtn2tksi2g00c0njjg
2d9ce378-3993-11e9-b613-00505681224b,c4dtmkdnv8a0008h4qg0
2d9ce378-3993-11e9-b613-00505681224b,c4dtn2s7bhug00af65tg
2da1cd6c-3993-11e9-bc17-00505681224b,c4dtmkelljag008adnp0
2da1cd6c-3993-11e9-bc17-00505681224b,c4dtn2qc0ku000aosulg
2daa55ad-d555-4714-8249-5a649766e105,c4e9de0kqp4g00aan2n0
2daa55ad-d555-4714-8249-5a649766e105,c4e9jlf2551g00d1hiag
2db826b7-ef9c-4bf9-8c4b-dd94b6108866,c4e9dedksi2g00c0unv0
2db826b7-ef9c-4bf9-8c4b-dd94b6108866,c4e9jli11o1g008c00sg
2db8f19a-cb87-11e8-9bba-00505681224b,c4dtmkdnv8a0008h4qgg
2db8f19a-cb87-11e8-9bba-00505681224b,c4dtn2vtarsg00atsqv0
2dc015e6-cb87-11e8-8197-00505681224b,c4dtmk8gdkfg00ck7tsg
2dc015e6-cb87-11e8-8197-00505681224b,c4dtn2oqui1g00dclpig
2dc03382-3993-11e9-8a1a-00505681224b,c4dtmk8kqp4g00aagckg
2dc03382-3993-11e9-8a1a-00505681224b,c4dtn2vdeto00089lif0
2dc294f4-3993-11e9-ba92-00505681224b,c4dtmkff3f9g0080kr4g
2dc294f4-3993-11e9-ba92-00505681224b,c4dtn316lb7g00cebs5g
2dc4d8c6-cb87-11e8-be72-00505681224b,c4dtmkkmi4og00d253q0
2dc4d8c6-cb87-11e8-be72-00505681224b,c4dtn36lljag008adog0
2dc4f664-3993-11e9-935a-00505681224b,c4dtmkku12qg0096if40
2dc4f664-3993-11e9-935a-00505681224b,c4dtn34u12qg0096iftg
2dc9b942-3993-11e9-81f3-00505681224b,c4dtmkjvdq3000evlj4g
2dc9b942-3993-11e9-81f3-00505681224b,c4dtn31lms9g00deinc0
2dc9e054-3993-11e9-8390-00505681224b,c4dtmkm22pr000dqeqe0
2dc9e054-3993-11e9-8390-00505681224b,c4dtn32c0ku000aosum0
2dcb670a-3993-11e9-9eed-00505681224b,c4dtmkilpbg0009nnrv0
2dcb670a-3993-11e9-9eed-00505681224b,c4dtn347bhug00af65u0
2dcbfd12-cb87-11e8-9201-00505681224b,c4dtmkntarsg00atsq6g
2dcbfd12-cb87-11e8-9201-00505681224b,c4dtn396lb7g00cebs60
2dd0bff0-cb87-11e8-974c-00505681224b,c4dtmkh6lb7g00cebre0
2dd0bff0-cb87-11e8-974c-00505681224b,c4dtn3cfjb0000clook0
2dd273f8-3993-11e9-b768-00505681224b,c4dtmkoqui1g00dclosg
2dd273f8-3993-11e9-b768-00505681224b,c4dtn38qui1g00dclpjg
2dd46612-0a88-11e8-9329-00505681224b,c4epi0nf3f9g00811110
2dd46612-0a88-11e8-9329-00505681224b,c4epi4c7bhug00afhec0
2dd736d8-3993-11e9-8923-00505681224b,c4dtmkvl13i0009r014g
2dd736d8-3993-11e9-8923-00505681224b,c4dtn3b0tnc000c7u0dg
2dda45ac-cb87-11e8-864d-00505681224b,c4dtmkq11o1g008bpc30
2dda45ac-cb87-11e8-864d-00505681224b,c4dtn3ggdkfg00ck7uj0
2ddbf9b6-3993-11e9-9ea8-00505681224b,c4dtmkvdeto00089lhog
2ddbf9b6-3993-11e9-9ea8-00505681224b,c4dtn3nf3f9g0080krq0
2ddbfda2-f9a7-11eb-a3b2-00505681224b,c4j6vg0gdkfg00cl6i1g
2ddbfda2-f9a7-11eb-a3b2-00505681224b,c4j7070kqp4g00abejp0
2dde5b26-3993-11e9-b3f2-00505681224b,c4dtml47bhug00af6560
2dde5b26-3993-11e9-b3f2-00505681224b,c4dtn3lnv8a0008h4rc0
2de31e08-3993-11e9-9625-00505681224b,c4dtml3vdq3000evlj5g
2de31e08-3993-11e9-9625-00505681224b,c4dtn3gqui1g00dclpkg
2de35872-3a05-44fb-97e5-0bab8fbcfcd8,c4e9debvdq3000evt9kg
2de35872-3a05-44fb-97e5-0bab8fbcfcd8,c4e9jlggdkfg00ckenmg
2de57f78-3993-11e9-bfa4-00505681224b,c4dtml7deto00089lhp0
2de57f78-3993-11e9-bfa4-00505681224b,c4dtn3k7bhug00af65ug
2dea4258-3993-11e9-acee-00505681224b,c4dtml4u12qg0096if50
2dea4258-3993-11e9-acee-00505681224b,c4dtn3gkqp4g00aagddg
2deca3c8-3993-11e9-973d-00505681224b,c4dtml3vdq3000evlj60
2deca3c8-3993-11e9-973d-00505681224b,c4dtn3m22pr000dqerbg
2df23b14-cb87-11e8-9574-00505681224b,c4dtml2lpbg0009nnrvg
2df23b14-cb87-11e8-9574-00505681224b,c4dtn3tnv8a0008h4rcg
2df64856-ec7c-41dd-a396-3b7c5497d6fc,co8chqpmiud0009ukqa0
2df64856-ec7c-41dd-a396-3b7c5497d6fc,co8chqv3r4d000f1v3f0
2df95f5e-cb87-11e8-9416-00505681224b,c4dtml0gdkfg00ck7ttg
2df95f5e-cb87-11e8-9416-00505681224b,c4dtn3su12qg0096ifug
2dfe223e-cb87-11e8-892d-00505681224b,c4dtml7l13i0009r0150
2dfe223e-cb87-11e8-892d-00505681224b,c4dtn3oqui1g00dclpl0
2e03333e-cb87-11e8-a304-00505681224b,c4dtml72551g00d1athg
2e03333e-cb87-11e8-a304-00505681224b,c4dtn3q11o1g008bpcr0
2e07f61c-cb87-11e8-81b4-00505681224b,c4dtml5ksi2g00c0nip0
2e07f61c-cb87-11e8-81b4-00505681224b,c4dtn3sbq3o000abnv7g
2e0bf1e5-e8a4-46b8-bd0a-7d75ed5b862b,c4e9defl13i0009r7f10
2e0bf1e5-e8a4-46b8-bd0a-7d75ed5b862b,c4e9jlkvfoog00ds2v90
2e0e7a66-cfc3-11e7-aff8-00505681224b,c4epi0j0tnc000c89qm0
2e0e7a66-cfc3-11e7-aff8-00505681224b,c4epi4kbq3o000ac3hmg
2e53cce2-7d27-471d-891a-2bc055631978,c4e9dednv8a0008hc0qg
2e53cce2-7d27-471d-891a-2bc055631978,c4e9jljvdq3000evtbjg
2e601c0b-5e3f-4b33-b604-182b29c5f1d2,cf8c7ne3mlvg0094aipg
2e601c0b-5e3f-4b33-b604-182b29c5f1d2,cf8c7opuln7g0091m4ig
2e70040c-f9a7-11eb-929f-00505681224b,c4j6vfso26gg008rng50
2e70040c-f9a7-11eb-929f-00505681224b,c4j706tksi2g00c1pm10
2e7be04a-2161-4852-918a-9dd8d43adf94,c4e9deh2rh1g009f4ebg
2e7be04a-2161-4852-918a-9dd8d43adf94,c4e9jlko26gg008qp980
2E92B891-F61B-4FA3-895A-2A8F85DBDD18,c4bk04kmi4og00d1ruu0
2E92B891-F61B-4FA3-895A-2A8F85DBDD18,c4bk04vorvtg00cvq280
2e97121c-43a5-4ab8-bfd2-59c4d6f1412b,c4e9dendeto00089sakg
2e97121c-43a5-4ab8-bfd2-59c4d6f1412b,c4e9jlulljag008akpd0
2e979154-e57c-11e8-8e8d-00505681224b,c4dtml9lms9g00deimmg
2e979154-e57c-11e8-8e8d-00505681224b,c4dtn3so26gg008qhlug
2ea5d9fa-e57c-11e8-93d6-00505681224b,c4dtmlalpbg0009nns00
2ea5d9fa-e57c-11e8-93d6-00505681224b,c4dtn47l13i0009r01ug
2eac96aa-15bc-4910-bf6f-85eebb74edcb,c4e9diac0ku000ap46h0
2eac96aa-15bc-4910-bf6f-85eebb74edcb,c4e9jlvorvtg00d0afv0
2eb081df-9ba3-4d1d-8f1e-6a014c6e3745,c4e9delksi2g00c0unvg
2eb081df-9ba3-4d1d-8f1e-6a014c6e3745,c4e9jlv2551g00d1hib0
2eb18b41-da13-45b6-a2a1-9e265c53992d,c4e9di4vfoog00ds2tg0
2eb18b41-da13-45b6-a2a1-9e265c53992d,c4e9jltnv8a0008hc2qg
2eb422a2-e57c-11e8-8495-00505681224b,c4dtml8gdkfg00ck7tu0
2eb422a2-e57c-11e8-8495-00505681224b,c4dtn430tnc000c7u0eg
2eb8e582-e57c-11e8-8a94-00505681224b,c4dtmle22pr000dqeqf0
2eb8e582-e57c-11e8-8a94-00505681224b,c4dtn44bq3o000abnv8g
2ebda864-e57c-11e8-9aad-00505681224b,c4dtml8qui1g00dclotg
2ebda864-e57c-11e8-9aad-00505681224b,c4dtn47deto00089lig0
2ec26b48-e57c-11e8-91c2-00505681224b,c4dtmlb0tnc000c7tvmg
2ec26b48-e57c-11e8-91c2-00505681224b,c4dtn447bhug00af65v0
2ec4ccb8-e57c-11e8-9f84-00505681224b,c4dtmlfdeto00089lhqg
2ec4ccb8-e57c-11e8-9f84-00505681224b,c4dtn44o26gg008qhlvg
2ecaa732-277e-42b9-997e-fbb38c73a0ae,c4e9dge1ja2g00ccf690
2ecaa732-277e-42b9-997e-fbb38c73a0ae,c4e9jm0qui1g00dcshu0
2ecac70f-de72-4e66-a881-d97c6beb2b8a,co72btrn5d9000e0frt0
2ecac70f-de72-4e66-a881-d97c6beb2b8a,co72btv9iisg009toou0
2ecbf10a-e57c-11e8-9ea9-00505681224b,c4dtmlgkqp4g00aagclg
2ecbf10a-e57c-11e8-9ea9-00505681224b,c4dtn47f3f9g0080krqg
2ed3155e-e57c-11e8-b31b-00505681224b,c4dtmlggdkfg00ck7tug
2ed3155e-e57c-11e8-b31b-00505681224b,c4dtn4e1ja2g00cc8kf0
2eda39b4-e57c-11e8-89a5-00505681224b,c4dtmllnv8a0008h4qig
2eda39b4-e57c-11e8-89a5-00505681224b,c4dtn48qui1g00dclplg
2edc9b22-e57c-11e8-ab53-00505681224b,c4dtmlj0tnc000c7tvn0
2edc9b22-e57c-11e8-ab53-00505681224b,c4dtn4alpbg0009nnso0
2ee15e02-e57c-11e8-9011-00505681224b,c4dtmlhlms9g00deimn0
2ee15e02-e57c-11e8-9011-00505681224b,c4dtn4cmi4og00d254ig
2ee1c0e0-9732-42df-acbe-f46a596671ed,c4e9dge22pr000dqle10
2ee1c0e0-9732-42df-acbe-f46a596671ed,c4e9jlqc0ku000ap48b0
2eeae3c8-e57c-11e8-a37e-00505681224b,c4dtmlgkqp4g00aagcm0
2eeae3c8-e57c-11e8-a37e-00505681224b,c4dtn4f2551g00d1au7g
2eed453a-e57c-11e8-a4bd-00505681224b,c4dtmlh2rh1g009etogg
2eed453a-e57c-11e8-a4bd-00505681224b,c4dtn4fdeto00089ligg
2ef3670e-dc9e-4911-84b4-757f8ccf0070,c4e9dkq11o1g008bvv8g
2ef3670e-dc9e-4911-84b4-757f8ccf0070,c4e9jm4vfoog00ds2v9g
2f08b9cc-9dbd-491d-9e21-1b2aa18a0e3e,c4e9dgjjknf000amncug
2f08b9cc-9dbd-491d-9e21-1b2aa18a0e3e,c4e9jqff3f9g0080s040
2f2f808c-de3c-473f-bd69-c7bc1240a8c1,c4e9dktksi2g00c0uo3g
2f2f808c-de3c-473f-bd69-c7bc1240a8c1,c4e9jq5ksi2g00c0uq0g
2f3d2d60-013b-4ac8-8d02-929cbfcb3689,cee020iqhpqg00cqo3d0
2f3d2d60-013b-4ac8-8d02-929cbfcb3689,cee020n4lcs000b0t3k0
2f5d75dd-fdc4-4e30-b9ac-cfe0de5ecf20,cngl6a2ase3000bgt85g
2f5d75dd-fdc4-4e30-b9ac-cfe0de5ecf20,cngl6a4pru2g00bj9m50
2f844ff4-225e-44ca-90ae-8bf77c218ef2,c4e9dgh6lb7g00ceiqi0
2f844ff4-225e-44ca-90ae-8bf77c218ef2,c4e9jm4u12qg0096pkag
2f9bdd30-b75b-4d2e-ad9c-c999f0f0a6b2,cnp7dig1277000ecf97g
2f9bdd30-b75b-4d2e-ad9c-c999f0f0a6b2,cnp7diiase3000bhqof0
2fb6d397-1b7a-441d-b09e-627e3b2c675e,c4e9dglksi2g00c0uo0g
2fb6d397-1b7a-441d-b09e-627e3b2c675e,c4e9jqbvdq3000evtbm0
2fc6dd1c-cfc3-11e7-8b22-00505681224b,c4epi0jvdq3000f032s0
2fc6dd1c-cfc3-11e7-8b22-00505681224b,c4epi4h2rh1g009f932g
2fd03a4c-4ec3-11e9-a891-00505681224b,c4dtmlnf3f9g0080kr60
2fd03a4c-4ec3-11e9-a891-00505681224b,c4dtn4kfjb0000clookg
2fdae8f4-4ec3-11e9-93eb-00505681224b,c4dtmlnl13i0009r015g
2fdae8f4-4ec3-11e9-93eb-00505681224b,c4dtn4n2551g00d1au80
2fe08e68-4ec3-11e9-a8ea-00505681224b,c4dtmlrvdq3000evlj7g
2fe08e68-4ec3-11e9-a8ea-00505681224b,c4dtn4ggdkfg00ck7uk0
2fe111bc-52ff-4bcf-a174-4ffccd045243,cogupm01277000ehltag
2fe111bc-52ff-4bcf-a174-4ffccd045243,cogupm28kqpg00at1270
2fe52264-4ec3-11e9-9498-00505681224b,c4dtmlvdeto00089lhrg
2fe52264-4ec3-11e9-9498-00505681224b,c4dtn4mlljag008adoh0
2fefaebb-17c3-4a90-b63f-835a2f621e0c,c4e9dgntarsg00au3mug
2fefaebb-17c3-4a90-b63f-835a2f621e0c,c4e9jnsfjb0000cm07o0
2ff01f2e-4ec3-11e9-b4c7-00505681224b,c4dtmltnv8a0008h4qj0
2ff01f2e-4ec3-11e9-b4c7-00505681224b,c4dtn4kfjb0000clool0
2ff57682-4ec3-11e9-96d3-00505681224b,c4dtmlrjknf000amgivg
2ff57682-4ec3-11e9-96d3-00505681224b,c4dtn4ic0ku000aosup0
2ffb6a18-4ec3-11e9-b937-00505681224b,c4dtmlsvfoog00drs4ug
2ffb6a18-4ec3-11e9-b937-00505681224b,c4dtn4r0tnc000c7u0f0
300b61fa-bfc2-4bd5-8493-c1d30f241aec,cf8c7nevss5g0096t680
300b61fa-bfc2-4bd5-8493-c1d30f241aec,cf8c7oqqhpqg00ct7g70
301c1898-8877-4958-8ea7-ea35fe63be80,cee020agr9bg0093cg9g
301c1898-8877-4958-8ea7-ea35fe63be80,cee020btr21000f4t1og
301d71e6-4ec3-11e9-a130-00505681224b,c4dtmlp2rh1g009etoh0
301d71e6-4ec3-11e9-a130-00505681224b,c4dtn4v2551g00d1au8g
30433047-5a64-4831-a341-efec8ccd83bc,cf8c7oe7fmtg0082c9p0
30433047-5a64-4831-a341-efec8ccd83bc,cf8c7oqgr9bg0095tgd0
3045bd68-5347-456e-8868-f1cf699a7a92,cnpsfpeudun000ednjq0
3045bd68-5347-456e-8868-f1cf699a7a92,cnpsfpflrmbg00b2mv10
3047313f-4062-4ca6-bd15-576d84361156,cofkjl2f6nn0008v9q6g
3047313f-4062-4ca6-bd15-576d84361156,cofkjl3ai11g00d6saj0
3057bd46-4ec3-11e9-92d7-00505681224b,c4dtmlv2551g00d1atig
3057bd46-4ec3-11e9-92d7-00505681224b,c4dtn4svfoog00drs5kg
306244fb-9e6c-403b-912d-a8f960ad2949,co72bu3n5d9000e0frtg
306244fb-9e6c-403b-912d-a8f960ad2949,co72bu5orq7g008m0qa0
308a6752-4ec3-11e9-ba3e-00505681224b,c4dtmloqui1g00dclov0
308a6752-4ec3-11e9-ba3e-00505681224b,c4dtn4p6lb7g00cebs7g
309137ee-f74c-4b85-a099-58678e03743d,c4e9dgnf3f9g0080ru70
309137ee-f74c-4b85-a099-58678e03743d,c4e9jnsbq3o000abupb0
30b092ae-3b4d-45db-99ce-670de7d19fc8,cod07b99galg00d30nog
30b092ae-3b4d-45db-99ce-670de7d19fc8,cod07bei5iag009veuk0
30be57fa-1272-47e4-a68b-268df84c2a53,c4e9dghlms9g00depfh0
30be57fa-1272-47e4-a68b-268df84c2a53,c4e9jntksi2g00c0upug
30c41668-4ec3-11e9-a153-00505681224b,c4dtmlu22pr000dqeqgg
30c41668-4ec3-11e9-a153-00505681224b,c4dtn4v2551g00d1au90
30c80e24-4ec3-11e9-aa6b-00505681224b,c4dtmm5ksi2g00c0niqg
30c80e24-4ec3-11e9-aa6b-00505681224b,c4dtn4rjknf000amgjt0
30cb90ac-4ec3-11e9-8a7f-00505681224b,c4dtmm7tarsg00atsq7g
30cb90ac-4ec3-11e9-8a7f-00505681224b,c4dtn50kqp4g00aagde0
30d49198-4ec3-11e9-9bb9-00505681224b,c4dtmm0qui1g00dclovg
30d49198-4ec3-11e9-9bb9-00505681224b,c4dtn54vfoog00drs5l0
30d94ca6-4ec3-11e9-bba2-00505681224b,c4dtmm5nv8a0008h4qk0
30d94ca6-4ec3-11e9-bba2-00505681224b,c4dtn561ja2g00cc8kfg
30ddf3cb-c3a0-4047-b396-ae6dd5585dc2,c4e9dgh2rh1g009f4ecg
30ddf3cb-c3a0-4047-b396-ae6dd5585dc2,c4e9jnrjknf000amner0
30e533d2-4ec3-11e9-9758-00505681224b,c4dtmm7orvtg00d03j6g
30e533d2-4ec3-11e9-9758-00505681224b,c4dtn52lpbg0009nnsp0
30eab236-4ec3-11e9-965f-00505681224b,c4dtmm7tarsg00atsq80
30eab236-4ec3-11e9-965f-00505681224b,c4dtn5forvtg00d03ju0
30efe4b4-2702-4453-b598-60e499b4fb11,cobm1f3n5d9000e1lnlg
30efe4b4-2702-4453-b598-60e499b4fb11,cobm1fei5iag009v5d8g
30f1b748-4ec3-11e9-8404-00505681224b,c4dtmm3jknf000amgj0g
30f1b748-4ec3-11e9-8404-00505681224b,c4dtn5co26gg008qhm00
30f90a76-4ec3-11e9-904b-00505681224b,c4dtmm6lljag008adnsg
30f90a76-4ec3-11e9-904b-00505681224b,c4dtn5fdeto00089lihg
30fe13a6-4ec3-11e9-9981-00505681224b,c4dtmme22pr000dqeqh0
30fe13a6-4ec3-11e9-9981-00505681224b,c4dtn58kqp4g00aagdeg
3103b91c-4ec3-11e9-ba53-00505681224b,c4dtmmco26gg008qhl4g
3103b91c-4ec3-11e9-ba53-00505681224b,c4dtn58qui1g00dclpn0
31081939-78b8-426e-a81b-d130fefaf1fe,c4e9dgggdkfg00ckelsg
31081939-78b8-426e-a81b-d130fefaf1fe,c4e9jo4vfoog00ds2va0
310b0c4c-4ec3-11e9-a621-00505681224b,c4dtmmac0ku000aostug
310b0c4c-4ec3-11e9-a621-00505681224b,c4dtn592rh1g009etp1g
310b85f5-538d-4d0d-813f-4fb037d8c24a,cf8c7ncqsijg00epdvu0
310b85f5-538d-4d0d-813f-4fb037d8c24a,cf8c7ortr21000f7bobg
3111e94a-f9a7-11eb-92ac-00505681224b,c4j6vfp2rh1g009frs2g
3111e94a-f9a7-11eb-92ac-00505681224b,c4j706okqp4g00abejng
3112fbc0-4ec3-11e9-bf05-00505681224b,c4dtmmb0tnc000c7tvog
3112fbc0-4ec3-11e9-bf05-00505681224b,c4dtn5ftarsg00atsqvg
31137e93-8dd7-4267-809c-4b55961fe507,cod07b81qiv000f3sr9g
31137e93-8dd7-4267-809c-4b55961fe507,cod07bif6nn0008uua30
311a27de-4ec3-11e9-b748-00505681224b,c4dtmm96lb7g00cebrfg
311a27de-4ec3-11e9-b748-00505681224b,c4dtn5fl13i0009r01vg
3121c934-4ec3-11e9-9e34-00505681224b,c4dtmmelljag008adntg
3121c934-4ec3-11e9-9e34-00505681224b,c4dtn5jvdq3000evlk1g
3124d686-4ec3-11e9-9e23-00505681224b,c4dtmm96lb7g00cebrg0
3124d686-4ec3-11e9-9e23-00505681224b,c4dtn5ilpbg0009nnspg
3128801c-4ec3-11e9-b3e3-00505681224b,c4dtmmcvfoog00drs4vg
3128801c-4ec3-11e9-b3e3-00505681224b,c4dtn5gkqp4g00aagdf0
31318108-4ec3-11e9-aa86-00505681224b,c4dtmmggdkfg00ck7tvg
31318108-4ec3-11e9-aa86-00505681224b,c4dtn5h2rh1g009etp20
31359fd4-4ec3-11e9-967a-00505681224b,c4dtmmm22pr000dqeqi0
31359fd4-4ec3-11e9-967a-00505681224b,c4dtn5p6lb7g00cebs8g
31381298-0f06-408b-a77c-f3903681bf24,co8chr1jhmbg00ffg8lg
31381298-0f06-408b-a77c-f3903681bf24,co8chr2r4qng00ae7vgg
313b4548-4ec3-11e9-b47d-00505681224b,c4dtmmkfjb0000cloo1g
313b4548-4ec3-11e9-b47d-00505681224b,c4dtn5u1ja2g00cc8kg0
313b7d02-2391-11e9-8a60-00505681224b,c4dtmmlksi2g00c0nir0
313b7d02-2391-11e9-8a60-00505681224b,c4dtn5sbq3o000abnv90
313c6c2f-be1e-4f2d-aa3a-d282a6b6a9a4,c4e9dgi11o1g008bvv6g
313c6c2f-be1e-4f2d-aa3a-d282a6b6a9a4,c4e9jo12rh1g009f4g5g
313d3c82-0a88-11e8-ac30-00505681224b,c4epi0jvdq3000f032rg
313d3c82-0a88-11e8-ac30-00505681224b,c4epi4norvtg00d0f7i0
314162a3-f022-4747-9e8e-a2c2746c80d8,c4e9dgv2551g00d1hgj0
314162a3-f022-4747-9e8e-a2c2746c80d8,c4e9jo61ja2g00ccf860
31422346-4ec3-11e9-ab88-00505681224b,c4dtmmkmi4og00d253tg
31422346-4ec3-11e9-ab88-00505681224b,c4dtn5sfjb0000cloom0
3149c498-4ec3-11e9-87a7-00505681224b,c4dtmmic0ku000aostvg
3149c498-4ec3-11e9-87a7-00505681224b,c4dtn5so26gg008qhm0g
314dbc52-4ec3-11e9-b82b-00505681224b,c4dtmmm22pr000dqeqig
314dbc52-4ec3-11e9-b82b-00505681224b,c4dtn5qc0ku000aosuqg
315165e8-4ec3-11e9-a490-00505681224b,c4dtmmgkqp4g00aagco0
315165e8-4ec3-11e9-a490-00505681224b,c4dtn67deto00089lii0
3155abc6-4ec3-11e9-9a33-00505681224b,c4dtmmtnv8a0008h4qlg
3155abc6-4ec3-11e9-9a33-00505681224b,c4dtn63vdq3000evlk2g
3155acba-2391-11e9-9f26-00505681224b,c4dtmmh2rh1g009etoi0
3155acba-2391-11e9-9f26-00505681224b,c4dtn60qui1g00dclpng
315cb0d4-4ec3-11e9-9a79-00505681224b,c4dtmmr0tnc000c7tvpg
315cb0d4-4ec3-11e9-9a79-00505681224b,c4dtn60gdkfg00ck7ulg
315cd106-2391-11e9-a9a2-00505681224b,c4dtmmq11o1g008bpc60
315cd106-2391-11e9-a9a2-00505681224b,c4dtn63vdq3000evlk30
315e1f33-64b4-41d0-9620-f27b484a343b,cogupm18t1lg00a9b5t0
315e1f33-64b4-41d0-9620-f27b484a343b,cogupm3rfj6g00ajl9rg
3162cb7a-4ec3-11e9-bd89-00505681224b,c4dtmms7bhug00af659g
3162cb7a-4ec3-11e9-bd89-00505681224b,c4dtn67f3f9g0080krrg
316656be-2391-11e9-954a-00505681224b,c4dtmmvdeto00089lht0
316656be-2391-11e9-954a-00505681224b,c4dtn67orvtg00d03jv0
316d7b08-2391-11e9-8864-00505681224b,c4dtmmogdkfg00ck7u0g
316d7b08-2391-11e9-8864-00505681224b,c4dtn6dnv8a0008h4rdg
31749f52-2391-11e9-937d-00505681224b,c4dtmmqc0ku000aosu00
31749f52-2391-11e9-937d-00505681224b,c4dtn6alpbg0009nnsq0
317bc39c-2391-11e9-899a-00505681224b,c4dtmmu1ja2g00cc8jpg
317bc39c-2391-11e9-899a-00505681224b,c4dtn6fdeto00089liig
3182e7e6-2391-11e9-8596-00505681224b,c4dtmmtnv8a0008h4qm0
3182e7e6-2391-11e9-8596-00505681224b,c4dtn6co26gg008qhm10
318a0c2e-2391-11e9-a17e-00505681224b,c4dtmmr0tnc000c7tvq0
318a0c2e-2391-11e9-a17e-00505681224b,c4dtn6cmi4og00d254j0
318c6d9c-2391-11e9-aa10-00505681224b,c4dtmn7orvtg00d03j90
318c6d9c-2391-11e9-aa10-00505681224b,c4dtn6cu12qg0096ifvg
318d8836-cfc3-11e7-854a-00505681224b,c4epi0lksi2g00c13s40
318d8836-cfc3-11e7-854a-00505681224b,c4epi4nf3f9g0081117g
3191f6a4-77ab-4da0-86c8-c6bd39097564,cee0209pr5lg00cdrjo0
3191f6a4-77ab-4da0-86c8-c6bd39097564,cee0209qn33g00fpnor0
31acde19-1669-4344-ad29-53429f85db48,c4e9dgokqp4g00aan2p0
31acde19-1669-4344-ad29-53429f85db48,c4e9jukbq3o000abupcg
31b99954-c856-48e3-abfc-ff87232719e9,cofkjl3rfj6g00aje1cg
31b99954-c856-48e3-abfc-ff87232719e9,cofkjl79iisg009vh5ag
31c72cc8-8096-4d63-b208-52b487e42388,codla6hjhmbg00fgf8b0
31c72cc8-8096-4d63-b208-52b487e42388,codla6hqkol000aacabg
31e0362e-6fc3-4cc8-9ceb-228c1c39dfa0,cogupma8kqpg00at127g
31e0362e-6fc3-4cc8-9ceb-228c1c39dfa0,cogupmd7tiqg00aq3or0
31e3eac1-2e56-4dd6-886f-8a21e4556851,c4e9dkokqp4g00aan2qg
31e3eac1-2e56-4dd6-886f-8a21e4556851,c4e9jo47bhug00afcs3g
31edb0f4-a929-461e-854c-22b97fede5b3,cee020enbbog009tf120
31edb0f4-a929-461e-854c-22b97fede5b3,cee020f4lcs000b0t3i0
31fd647e-71f0-4a78-9f07-b7d9ac7daf37,c4e9dgvtarsg00au3mv0
31fd647e-71f0-4a78-9f07-b7d9ac7daf37,c4e9jo5ksi2g00c0upv0
31fdf987-4b69-4e3b-a8f5-cc49c800e9e8,c4e9dh4u12qg0096pijg
31fdf987-4b69-4e3b-a8f5-cc49c800e9e8,c4e9jo4mi4og00d2bqcg
32001631-b1ec-11ea-a16a-00505681224b,c4en4496lb7g00cemh2g
32001631-b1ec-11ea-a16a-00505681224b,c4en4u3jknf000amr0e0
32226c32-2538-49f1-981b-74c43a3211a8,c4e9dh4o26gg008qp78g
32226c32-2538-49f1-981b-74c43a3211a8,c4e9jocfjb0000cm07og
322ca22c-0cc7-11e9-9283-00505681224b,c4epi0co26gg008quu10
322ca22c-0cc7-11e9-9283-00505681224b,c4epi48kqp4g00aarmp0
322d7f11-3caf-496d-b2bb-5599b7be1cb0,c4e9dgrjknf000amncv0
322d7f11-3caf-496d-b2bb-5599b7be1cb0,c4e9joac0ku000ap48c0
3233c680-0cc7-11e9-a703-00505681224b,c4epi0ff3f9g0081110g
3233c680-0cc7-11e9-a703-00505681224b,c4epi4e22pr000dqpvr0
32388962-0cc7-11e9-a24a-00505681224b,c4epi0dnv8a0008hh6og
32388962-0cc7-11e9-a24a-00505681224b,c4epi4cfjb0000cm5o5g
323c1910-f9a7-11eb-97d2-00505681224b,c4j6vg61ja2g00cd69p0
323c1910-f9a7-11eb-97d2-00505681224b,c4j7077l13i0009s3v90
327fd0a5-55b7-4af6-8cab-f3a4e52d264c,c4e9dgu22pr000dqle1g
327fd0a5-55b7-4af6-8cab-f3a4e52d264c,c4e9jodnv8a0008hc2rg
32a741a4-2122-4993-8aa9-290c829c1257,cofkjl99galg00d3af7g
32a741a4-2122-4993-8aa9-290c829c1257,cofkjldorq7g008nr420
32a9399f-94b5-4e7c-b75e-74237a7fcf2c,c4e9dgp2rh1g009f4ed0
32a9399f-94b5-4e7c-b75e-74237a7fcf2c,c4e9juk7bhug00afcs60
32b013c0-338f-4cc2-bc01-735f2a3a0ce8,c4e9dh211o1g008bvv70
32b013c0-338f-4cc2-bc01-735f2a3a0ce8,c4e9jobjknf000amnerg
32b13dc3-0eb7-4063-8177-448dd824a735,cofkjl87ov20008i8ahg
32b13dc3-0eb7-4063-8177-448dd824a735,cofkjl9jhmbg00fgouh0
32c47a83-9c3d-43f1-8f98-06fa84a99262,cei03g2qhpqg00cr4scg
32c47a83-9c3d-43f1-8f98-06fa84a99262,cei03g6nbbog009trmj0
332086da-f736-48e3-973b-967de0bbaa55,c4e9dh47bhug00afcqdg
332086da-f736-48e3-973b-967de0bbaa55,c4e9joalpbg0009nutj0
332d53f8-07d4-4f8f-9ddf-fe5018e74e44,c4e9dkvf3f9g0080ru9g
332d53f8-07d4-4f8f-9ddf-fe5018e74e44,c4e9joi11o1g008c00v0
333351b1-c8af-4524-89f0-b48761473860,c4e9dh4o26gg008qp780
333351b1-c8af-4524-89f0-b48761473860,c4e9joh2rh1g009f4g6g
33363973-7bc9-46e0-93ad-598c29f1fe04,cogupmbrfj6g00ajl9s0
33363973-7bc9-46e0-93ad-598c29f1fe04,cogupmiase3000bmpma0
333ad9a2-a39b-40b3-af0b-5c325722c072,coiu2128kqpg00at3epg
333ad9a2-a39b-40b3-af0b-5c325722c072,coiu21hqkol000aaukd0
3345026a-aa8c-4275-be5f-6db0806df82e,c4e9dh30tnc000c84tn0
3345026a-aa8c-4275-be5f-6db0806df82e,c4e9jogkqp4g00aan4eg
33511bba-3641-40c9-bfce-90e8ce876421,c4e9dhfl13i0009r7f40
33511bba-3641-40c9-bfce-90e8ce876421,c4e9jom22pr000dqlfpg
336a832a-0686-45d8-b657-74d0d9d065d3,cofkjlbai11g00d6sak0
336a832a-0686-45d8-b657-74d0d9d065d3,cofkjlgim8r000ftvqv0
33726384-8c37-4ee8-b143-d7f153274198,cp03u59gkbk0009llgrg
33726384-8c37-4ee8-b143-d7f153274198,cp03u5f9iisg00a1uq40
3373bc53-3277-48ba-a41f-9b4dd9f3b2df,cf8c7oc4op8000ddu190
3373bc53-3277-48ba-a41f-9b4dd9f3b2df,cf8c7opeff7g00av1q80
338c2a94-0821-4650-8710-4c51e69e49b3,c4e9dkqlpbg0009nurog
338c2a94-0821-4650-8710-4c51e69e49b3,c4e9jp3vdq3000evtbl0
339dd4a6-7218-443a-8e03-01bc67a5f109,c4e9dku1ja2g00ccf6c0
339dd4a6-7218-443a-8e03-01bc67a5f109,c4e9jontarsg00au3org
339df6ce-d031-49c0-be12-65bebce8f596,c4e9dha11o1g008bvv7g
339df6ce-d031-49c0-be12-65bebce8f596,c4e9josfjb0000cm07pg
33a07cb2-1c14-485c-aca1-0b49b56f05a3,c4e9dhe1ja2g00ccf69g
33a07cb2-1c14-485c-aca1-0b49b56f05a3,c4e9joulljag008akpf0
33ae0677-56ce-41ff-9e11-47871050b7aa,cngl6aaase3000bgt86g
33ae0677-56ce-41ff-9e11-47871050b7aa,cngl6afs7se0009tosr0
33af09df-f124-42ab-99a6-5e323a7ef5c2,c4e9dhnf3f9g0080ru7g
33af09df-f124-42ab-99a6-5e323a7ef5c2,c4e9joplms9g00dephh0
33bf2481-4602-4a99-9f64-28d851e716b0,c4e9dkkvfoog00ds2thg
33bf2481-4602-4a99-9f64-28d851e716b0,c4e9jp72551g00d1hidg
3433892b-d2c0-47d7-92ff-74d6730d0bdf,c4e9dhjjknf000amncvg
3433892b-d2c0-47d7-92ff-74d6730d0bdf,c4e9jp8qui1g00dcshvg
345b73fc-77e2-4e37-a9f4-e8d49f7b86e2,c4e9dhv2551g00d1hgk0
345b73fc-77e2-4e37-a9f4-e8d49f7b86e2,c4e9juh6lb7g00ceisg0
3488a3e5-e298-4e6c-a68c-aed7cdf110ee,c6fbni3jknf000are0dg
3488a3e5-e298-4e6c-a68c-aed7cdf110ee,c6fbni5ksi2g00c69cug
34953662-0a88-11e8-8e7c-00505681224b,c4epi0jvdq3000f032r0
34953662-0a88-11e8-8e7c-00505681224b,c4epi48qui1g00dd1640
349c942e-e485-43ca-8518-345abdf3091e,c4e9dhu22pr000dqle20
349c942e-e485-43ca-8518-345abdf3091e,c4e9jpb0tnc000c84v5g
34acb5a0-f2cb-4272-b6b2-654b9afdad9a,co8chr6udun000eh5jjg
34acb5a0-f2cb-4272-b6b2-654b9afdad9a,co8chrbnofvg00bf9hfg
34c1ad51-4706-4878-b44e-64fb824e90c0,cofkj5hmiud0009vscfg
34c1ad51-4706-4878-b44e-64fb824e90c0,cofkj5rrfj6g00aje14g
34eabb6b-2d79-4893-b5c0-090fa08726d0,cnpsfphgkbk0009eff7g
34eabb6b-2d79-4893-b5c0-090fa08726d0,cnpsfpn3r4d000euceb0
34fde881-e8ca-4f0b-afcb-61ce5e18880e,cogupmg7ov20008iem4g
34fde881-e8ca-4f0b-afcb-61ce5e18880e,cogupmk10vk00088skr0
351e939c-c885-4d87-85a7-a9ea23ee9289,c4e9di2lpbg0009nurng
351e939c-c885-4d87-85a7-a9ea23ee9289,c4e9jpb0tnc000c84v60
3522ded0-9b70-474e-b1ad-4fb4920cc630,codla6hmiud0009vitag
3522ded0-9b70-474e-b1ad-4fb4920cc630,codla6k10vk00088ct30
3531a3a1-43d4-407d-ab29-b87c7f9c8dfb,cogupml7tiqg00aq3org
3531a3a1-43d4-407d-ab29-b87c7f9c8dfb,cogupmpg8bvg00b5ajt0
35467b80-a1f5-4b14-8b41-49033ad3beb7,c4e9dif2551g00d1hgkg
35467b80-a1f5-4b14-8b41-49033ad3beb7,c4e9jpbjknf000amnes0
354e1a41-c912-44ed-b6ed-ef40fa4a6842,cnp7ditralig008n2clg
354e1a41-c912-44ed-b6ed-ef40fa4a6842,cnp7div9iisg009qmah0
35668ede-d3eb-11eb-8be0-00505681224b,c4epi0hlms9g00deu6lg
35668ede-d3eb-11eb-8be0-00505681224b,c4epi4e22pr000dqpvrg
356797ad-d55c-4341-88cd-295696493153,cogupmq8kqpg00at1290
356797ad-d55c-4341-88cd-295696493153,cogupmrai11g00d72g2g
3577416f-5d99-4ecd-af1e-0dbd266851c5,c4e9dico26gg008qp790
3577416f-5d99-4ecd-af1e-0dbd266851c5,c4e9jpkmi4og00d2bqdg
3597fc5c-9ad5-4b95-ae81-1ed04f4ff9be,c4e9difdeto00089sam0
3597fc5c-9ad5-4b95-ae81-1ed04f4ff9be,c4e9jpnorvtg00d0ag10
35a61982-da96-11e7-822b-00505681224b,c4dtmn0qui1g00dclp0g
35a61982-da96-11e7-822b-00505681224b,c4dtn6m1ja2g00cc8kh0
35a9b0a6-d3eb-11eb-a036-00505681224b,c4epi0co26gg008quu0g
35a9b0a6-d3eb-11eb-a036-00505681224b,c4epi416lb7g00cennng
35b3938e-30e4-42c7-b549-330e160f599a,cei03g00oqo000b9pjk0
35b3938e-30e4-42c7-b549-330e160f599a,cei03g4qsijg00ena9mg
35ba1f48-a9f2-4091-982f-34d5673cab3f,c4e9diftarsg00au3n00
35ba1f48-a9f2-4091-982f-34d5673cab3f,c4e9juogdkfg00ckenog
35c54b5e-3b8f-456c-a0c1-2bcce2363fee,c4e9dijjknf000amnd0g
35c54b5e-3b8f-456c-a0c1-2bcce2363fee,c4e9jpu22pr000dqlfqg
35d2fa82-852e-4cde-9e92-edb53d43c2ce,cofkjlhgkbk0009j9n0g
35d2fa82-852e-4cde-9e92-edb53d43c2ce,cofkjlmi5iag009vrh0g
35d7753c-4fdf-47bc-9760-9609733364aa,c4e9dikvfoog00ds2tgg
35d7753c-4fdf-47bc-9760-9609733364aa,c4e9jun2551g00d1hifg
35e484ba-c4bc-4a3e-99c7-b19ff7d275bc,cogupn3n5d9000e2fu40
35e484ba-c4bc-4a3e-99c7-b19ff7d275bc,cogupn5qk3gg00chq1c0
35ed6eac-d3eb-11eb-ab4c-00505681224b,c4epi0ac0ku000ap9h80
35ed6eac-d3eb-11eb-ab4c-00505681224b,c4epi44o26gg008quu8g
35f85cdf-b603-42fa-bfa6-ce765b04c5e0,cogupn2ase3000bmpmb0
35f85cdf-b603-42fa-bfa6-ce765b04c5e0,cogupn3ai11g00d72g30
35ff2a49-1844-4af1-a56b-adc800f240ae,cogupn9g8bvg00b5aju0
35ff2a49-1844-4af1-a56b-adc800f240ae,cogupnaase3000bmpmbg
36166abe-0a39-47f0-b3c6-0412280dff49,c4e9dim22pr000dqle2g
36166abe-0a39-47f0-b3c6-0412280dff49,c4e9jqic0ku000ap48cg
3617de99-bced-4a92-8d7b-2c16d35c3316,c4e9djk7bhug00afcqf0
3617de99-bced-4a92-8d7b-2c16d35c3316,c4e9jqku12qg0096pkd0
36283180-14e7-48f3-b9a0-720defb66bb3,cogupn9jhmbg00fgv6mg
36283180-14e7-48f3-b9a0-720defb66bb3,cogupnc5646000ckqnhg
362e8341-0dc8-467a-a65d-46d3c3ec418d,c4e9diu22pr000dqle30
362e8341-0dc8-467a-a65d-46d3c3ec418d,c4e9jqh2rh1g009f4g7g
36642240-d3eb-11eb-a7d6-00505681224b,c4epi0cvfoog00ds7k80
36642240-d3eb-11eb-a7d6-00505681224b,c4epi461ja2g00ccjq0g
366d2210-9f09-4f2b-b8b4-42a47b1f5d2f,c4e9ditksi2g00c0uo20
366d2210-9f09-4f2b-b8b4-42a47b1f5d2f,c4e9jqgkqp4g00aan4g0
36747823-65e0-4952-b4c2-567f1c2cc5d9,cob0u1h9galg00d2cttg
36747823-65e0-4952-b4c2-567f1c2cc5d9,cob0u1i8kqpg00arr1r0
367c8129-02ec-4129-a7a4-e07e52842c60,coabrm1miud0009upa90
367c8129-02ec-4129-a7a4-e07e52842c60,coabrm1qkol000a9i73g
367ca8e3-2d15-4a61-a86c-1b27c66739d7,cofkj5s10vk00088mf0g
367ca8e3-2d15-4a61-a86c-1b27c66739d7,cofkj60n2q9g00f1stfg
36a150c0-d3eb-11eb-958f-00505681224b,c4epi0alpbg0009o3r7g
36a150c0-d3eb-11eb-958f-00505681224b,c4epi41lms9g00deu6r0
36d38a76-2c30-4f8c-bcdb-d2ceab1acf60,c4e9dndksi2g00c0uo50
36d38a76-2c30-4f8c-bcdb-d2ceab1acf60,c4e9jqku12qg0096pkdg
36d4d90e-de49-4d8c-ac6a-4115e687926d,cngl6agim8r000fnttu0
36d4d90e-de49-4d8c-ac6a-4115e687926d,cngl6ah9galg00ctc88g
36da50a2-b7ae-4a19-b5be-6b57a75469d9,cofkjlqr4qng00afkc4g
36da50a2-b7ae-4a19-b5be-6b57a75469d9,cofkjltorq7g008nr42g
36dd5b1f-1dc9-435f-ab75-ca0fcb8352c3,codla6qase3000bmag90
36dd5b1f-1dc9-435f-ab75-ca0fcb8352c3,codla6uudun000ei3fpg
36ff8d53-0701-45f4-8635-edfa2afd79b3,c4e9diokqp4g00aan2pg
36ff8d53-0701-45f4-8635-edfa2afd79b3,c4e9jqntarsg00au3osg
370a3800-ec20-441d-a238-fa0bdb80e480,cntl7c4pru2g00bkqi4g
370a3800-ec20-441d-a238-fa0bdb80e480,cntl7q81277000ecudbg
370ef284-2dc3-4a0d-b1c5-c3bea9f5671f,c4e9dj2lpbg0009nuro0
370ef284-2dc3-4a0d-b1c5-c3bea9f5671f,c4e9k1ic0ku000ap48f0
372f3b90-148d-4f3e-9e55-dbb91b8c2a70,coiu210n2q9g00f269k0
372f3b90-148d-4f3e-9e55-dbb91b8c2a70,coiu219gkbk0009jim1g
37367d34-d9e0-4516-b692-1e64098a3255,cei03fst3gj000cij9q0
37367d34-d9e0-4516-b692-1e64098a3255,cei03fuvss5g0094rq80
3750d258-8bc7-46eb-881e-e899fd7bdd9a,c4e9djbjknf000amnd10
3750d258-8bc7-46eb-881e-e899fd7bdd9a,c4e9jqjjknf000amnesg
3752b090-629d-4122-a1e9-ed2c6dd7017a,c4e9djj0tnc000c84to0
3752b090-629d-4122-a1e9-ed2c6dd7017a,c4e9jqtnv8a0008hc2sg
37589dab-9619-46d4-b251-429358bc04a3,cf8c7naqhpqg00ct7fv0
37589dab-9619-46d4-b251-429358bc04a3,cf8c7ohqn33g00fs5t60
375dc8b0-734d-4ad3-b37e-91607abdf217,cogupnhqkol000aas8v0
375dc8b0-734d-4ad3-b37e-91607abdf217,cogupnmudun000eiip70
376bb247-d526-409c-aa59-79a44136cd18,cngl6ah8t1lg00a2van0
376bb247-d526-409c-aa59-79a44136cd18,cngl6av9iisg009pp120
376d5cdf-2037-4459-bf1c-489446320b38,c4e9dne1ja2g00ccf6d0
376d5cdf-2037-4459-bf1c-489446320b38,c4e9k18gdkfg00ckenq0
378a0d7a-c408-4591-b0fe-5e3225911d3f,c4e9djtnv8a0008hc0rg
378a0d7a-c408-4591-b0fe-5e3225911d3f,c4e9k1ko26gg008qp9c0
3792ea72-095f-4da7-b58f-6dda96c8b348,c4e9dk4mi4og00d2boo0
3792ea72-095f-4da7-b58f-6dda96c8b348,c4e9jqsfjb0000cm07qg
37b65358-aae4-4576-a794-a46e65141942,c4e9dk72551g00d1hgl0
37b65358-aae4-4576-a794-a46e65141942,c4e9jqp6lb7g00ceisf0
37b75708-4776-4f58-9689-b930def6fe75,cei03g1qn33g00fq4gd0
37b75708-4776-4f58-9689-b930def6fe75,cei03g4t3gj000cij9qg
37bd3298-0a88-11e8-8d69-00505681224b,c4epi0cfjb0000cm5nvg
37bd3298-0a88-11e8-8d69-00505681224b,c4epi48gdkfg00ckjdqg
37c8110a-2c5d-11e8-bf4d-00505681224b,c4en4592rh1g009f7tc0
37c8110a-2c5d-11e8-bf4d-00505681224b,c4en4uvdeto00089vvv0
37c8110b-2c5d-11e8-8d17-00505681224b,c4en45ndeto00089vvi0
37c8110b-2c5d-11e8-8d17-00505681224b,c4en4v5nv8a0008hfu8g
37c8110c-2c5d-11e8-9c7b-00505681224b,c4en45gqui1g00dd009g
37c8110c-2c5d-11e8-9c7b-00505681224b,c4en4ve1ja2g00ccikrg
37c8110d-2c5d-11e8-b486-00505681224b,c4en45k7bhug00afg8jg
37c8110d-2c5d-11e8-b486-00505681224b,c4en4ve22pr000dqor00
37c8110e-2c5d-11e8-bdfd-00505681224b,c4en45kbq3o000ac2ao0
37c8110e-2c5d-11e8-bdfd-00505681224b,c4en4vbvdq3000f01nmg
37c81113-2c5d-11e8-9b88-00505681224b,c4en45h2rh1g009f7td0
37c81113-2c5d-11e8-9b88-00505681224b,c4en4vf2551g00d1ku0g
37c81114-2c5d-11e8-ae0c-00505681224b,c4en45q11o1g008c3co0
37c81114-2c5d-11e8-ae0c-00505681224b,c4en4vff3f9g0080vpq0
380688b7-af00-48e3-9a2a-43a242a2bd93,c4e9dkfdeto00089san0
380688b7-af00-48e3-9a2a-43a242a2bd93,c4e9jr1lms9g00dephi0
38195027-60d6-47de-97d1-857e9b3647c9,c4e9dk8qui1g00dcsg8g
38195027-60d6-47de-97d1-857e9b3647c9,c4e9jr5ksi2g00c0uq10
382748fa-7d0f-496d-9efa-32f3b65995d8,c4e9dknorvtg00d0ae0g
382748fa-7d0f-496d-9efa-32f3b65995d8,c4e9jr7tarsg00au3ot0
388a1acd-81f7-4abc-938b-1a5c787333f0,cogupngn2q9g00f23odg
388a1acd-81f7-4abc-938b-1a5c787333f0,cogupnk10vk00088sksg
3891eee9-60a8-4e63-8698-929f64658812,c4e9dknl13i0009r7f5g
3891eee9-60a8-4e63-8698-929f64658812,c4e9jr0kqp4g00aan4gg
38980941-5e8c-4d34-8149-91aab64628ad,cod07bhqkol000aabv00
38980941-5e8c-4d34-8149-91aab64628ad,cod07bl7tiqg00apiig0
38989f5c-f7d7-407d-bdf7-84157ea186af,c4e9dl4mi4og00d2boq0
38989f5c-f7d7-407d-bdf7-84157ea186af,c4e9jru1ja2g00ccf87g
38be998d-2db0-4b24-94d5-e981308c9c82,cngl6aspru2g00bj9m5g
38be998d-2db0-4b24-94d5-e981308c9c82,cngl6b2ase3000bgt870
38d42ad9-8f61-46a7-8c64-bef8edfe878e,cngl6b3rfj6g00ad3pd0
38d42ad9-8f61-46a7-8c64-bef8edfe878e,cngl6b7lrmbg00b1krng
38d7f74d-4a17-45d1-86b1-51d37e54063e,cngl6b98t1lg00a2vao0
38d7f74d-4a17-45d1-86b1-51d37e54063e,cngl6bdorq7g008hrasg
38e1ecaa-fb58-4f22-9032-f83f2f989aa2,cogup2ui5iag00a036u0
38e1ecaa-fb58-4f22-9032-f83f2f989aa2,cogup37lrmbg00b7qngg
38ecbadf-cea3-4c19-b959-bcf3219812ed,cogupnpjhmbg00fgv6n0
38ecbadf-cea3-4c19-b959-bcf3219812ed,cogupnq8kqpg00at12a0
3913035a-4238-44f8-89d1-56070313da77,c4e9dle22pr000dqle40
3913035a-4238-44f8-89d1-56070313da77,c4e9jrforvtg00d0ag1g
392582bb-80ca-4058-aca7-6241ea05501b,c4e9dksvfoog00ds2ti0
392582bb-80ca-4058-aca7-6241ea05501b,c4e9jrv2551g00d1hieg
39459816-c7dc-447a-a918-c6baf2492d5d,cee0209uln7g008v6pfg
39459816-c7dc-447a-a918-c6baf2492d5d,cee020dgpjbg00ec12k0
39528704-9212-417c-8d36-2c42287feb47,c4e9dlcu12qg0096pim0
39528704-9212-417c-8d36-2c42287feb47,c4e9js1lms9g00dephig
3968e8cd-d099-4a5c-9c09-27b44946e1fe,c4e9dkoqui1g00dcsg90
3968e8cd-d099-4a5c-9c09-27b44946e1fe,c4e9js3vdq3000evtbn0
397606d5-c9d5-4690-8b5f-4ac09044dcbf,coknvrdorq7g008offfg
397606d5-c9d5-4690-8b5f-4ac09044dcbf,coko08jn5d9000e2t2m0
398f9006-52b3-4b71-a6c9-84ad58e55fe4,c4e9dlcvfoog00ds2tig
398f9006-52b3-4b71-a6c9-84ad58e55fe4,c4e9k1m22pr000dqlfsg
3990c789-4881-4df3-bc07-dd698877b982,c4e9dl9lms9g00depfjg
3990c789-4881-4df3-bc07-dd698877b982,c4e9js7l13i0009r7h5g
3990e8b2-bf15-4e0b-ab35-968c7de817e0,c4e9dl7tarsg00au3n20
3990e8b2-bf15-4e0b-ab35-968c7de817e0,c4e9js8kqp4g00aan4h0
39b3d3d1-79a8-4107-a3b8-826ee2001e18,cngl6b81277000ebeqr0
39b3d3d1-79a8-4107-a3b8-826ee2001e18,cngl6bb0ekp0008urtkg
39b7eaca-3686-4355-91db-fe3bad71ebb6,cf8c7og0oqo000bbt77g
39b7eaca-3686-4355-91db-fe3bad71ebb6,cf8c7osqsijg00epe070
39ca5c90-48ee-4753-90e2-2897170a205b,c4e9dl7orvtg00d0ae1g
39ca5c90-48ee-4753-90e2-2897170a205b,c4e9jsdnv8a0008hc2t0
39e3647d-8b84-41b3-b63c-e28c193068d3,cp03u5ar24n000deqdpg
39e3647d-8b84-41b3-b63c-e28c193068d3,cp03u5hjhmbg00fj3nk0
39e38459-cda2-4482-9745-b6a2dd3e9d1f,cogupnui5iag00a03770
39e38459-cda2-4482-9745-b6a2dd3e9d1f,cogupnuudun000eiip7g
39e9c11f-7666-44e0-9551-4d01b65bd90d,c4e9dp92rh1g009f4ehg
39e9c11f-7666-44e0-9551-4d01b65bd90d,c4e9jskmi4og00d2bqe0
39ea9dab-2f8c-4223-8cd3-cb7b5a4f49b7,cogupo1miud000a02fgg
39ea9dab-2f8c-4223-8cd3-cb7b5a4f49b7,cogupo5orq7g008o2130
3a0a91a9-7c14-4f9a-933d-44d9fb9d0966,c4e9dl47bhug00afcqgg
3a0a91a9-7c14-4f9a-933d-44d9fb9d0966,c4e9k1ggdkfg00ckenqg
3a14bbfb-1d95-4efd-8e72-2f7f252aa6af,cnnt74c5646000cfjr5g
3a14bbfb-1d95-4efd-8e72-2f7f252aa6af,cnnt74n9iisg009qgheg
3a3079f4-ec98-405e-94e4-734b95bcc79b,c4e9dl5ksi2g00c0uo4g
3a3079f4-ec98-405e-94e4-734b95bcc79b,c4e9juvl13i0009r7h60
3a4d5836-74bd-4b6b-b8b4-1ad4ceed3ed4,co91l398t1lg00a7p0l0
3a4d5836-74bd-4b6b-b8b4-1ad4ceed3ed4,co91l39jhmbg00ffgqq0
3a67a204-0ebd-4c74-b18b-0e14ad2e2b53,cf8c7nl0p0eg0099uhe0
3a67a204-0ebd-4c74-b18b-0e14ad2e2b53,cf8c7ouvss5g0096t6f0
3a6aa40d-9f0a-4a47-99fb-92aed2d4b26e,codla70im8r000ftm4p0
3a6aa40d-9f0a-4a47-99fb-92aed2d4b26e,codla76i5iag009vfjq0
3a809161-fb58-4d05-a9c7-6e20ec194558,cobm1fbn5d9000e1lnm0
3a809161-fb58-4d05-a9c7-6e20ec194558,cobm1fbrfj6g00aiovug
3a8ad704-9b37-4131-a813-123ecdf633c4,c4e9dpcbq3o000abunf0
3a8ad704-9b37-4131-a813-123ecdf633c4,c4e9juu1ja2g00ccf88g
3aa5f16a-8c4a-4491-b13a-52b9595de9a5,cod07bi8kqpg00asfqig
3aa5f16a-8c4a-4491-b13a-52b9595de9a5,cod07bir4qng00af8ki0
3aaa5c21-f0e0-4886-950f-99ce98d275fd,c4e9dla11o1g008bvv9g
3aaa5c21-f0e0-4886-950f-99ce98d275fd,c4e9jutnv8a0008hc2u0
3ab1f310-4594-40f9-840c-e1e868855874,c4e9dlco26gg008qp7ag
3ab1f310-4594-40f9-840c-e1e868855874,c4e9juplms9g00dephk0
3ad4c95a-bb8d-4962-87bb-e99230583aec,c4e9dl8qui1g00dcsg9g
3ad4c95a-bb8d-4962-87bb-e99230583aec,c4e9jv4fjb0000cm07s0
3ad5a0cc-5d5c-4c47-8c26-d8fe1bf58fea,cnpsfps10vk00083vrc0
3ad5a0cc-5d5c-4c47-8c26-d8fe1bf58fea,cnpsfpui5iag009qid5g
3aed48ba-3008-400c-b145-a832af93bd8b,c4e9dlfdeto00089sao0
3aed48ba-3008-400c-b145-a832af93bd8b,c4e9k57f3f9g0080s080
3b05d1a2-ede0-44c2-b2aa-26e2bad7d06f,coiu2187ov20008ih12g
3b05d1a2-ede0-44c2-b2aa-26e2bad7d06f,coiu21jn5d9000e2iea0
3b33aa5c-6749-4630-bd45-d780c8aaa7c9,cp03u5gn2q9g00f4arng
3b33aa5c-6749-4630-bd45-d780c8aaa7c9,cp03u5h9galg00d5l3rg
3b3bb90f-2d3e-4eb4-b793-600188c6083a,c4e9dlalpbg0009nurpg
3b3bb90f-2d3e-4eb4-b793-600188c6083a,c4e9jv211o1g008c0110
3b3f51a3-fc48-4629-ba16-2f198596f447,cogup31gkbk0009jg700
3b3f51a3-fc48-4629-ba16-2f198596f447,cogup3410vk00088ski0
3b42224e-b573-44ff-b578-f9765b5d6e2d,c4e9dp92rh1g009f4ei0
3b42224e-b573-44ff-b578-f9765b5d6e2d,c4e9jv2lpbg0009nutlg
3b5b88a2-dcd3-4a7a-88dd-686dc4fa4ade,c4e9dlj0tnc000c84tog
3b5b88a2-dcd3-4a7a-88dd-686dc4fa4ade,c4e9k56lljag008akpkg
3b5d2342-9f0d-4016-a104-9edb9984dd14,c4e9dpcbq3o000abunfg
3b5d2342-9f0d-4016-a104-9edb9984dd14,c4e9jv622pr000dqlfrg
3b6df9c5-c610-4603-ade4-3a4c9d93df3f,cf8c7njtr21000f7bo6g
3b6df9c5-c610-4603-ade4-3a4c9d93df3f,cf8c7ovrci6g009pvmr0
3bc5d046-692d-43f1-acb0-525eb0b1dd01,c4e9dlgqui1g00dcsga0
3bc5d046-692d-43f1-acb0-525eb0b1dd01,c4e9jv72551g00d1higg
3bdba40a-a12d-4a07-bc2e-2c9dc6bb5725,codla7af6nn0008uuq50
3bdba40a-a12d-4a07-bc2e-2c9dc6bb5725,codla7f3r4d000f30i70
3bde66e9-089d-46cc-a500-86a6d8496120,c4e9dlh2rh1g009f4egg
3bde66e9-089d-46cc-a500-86a6d8496120,c4e9jvf2551g00d1hih0
3c449ac1-4c10-4018-8cb7-ca70e9573856,c4e9dlnl13i0009r7f60
3c449ac1-4c10-4018-8cb7-ca70e9573856,c4e9k53jknf000amnf0g
3c57ccde-d11c-4589-a1ec-d22168517810,c4e9dpalpbg0009nurqg
3c57ccde-d11c-4589-a1ec-d22168517810,c4e9k57deto00089scgg
3c7b6dc7-66fb-4eb9-9b6c-75f3a9683e63,cod07bt7tiqg00apiigg
3c7b6dc7-66fb-4eb9-9b6c-75f3a9683e63,cod07bv9iisg009v6is0
3c8f1506-02db-466f-abba-dfd25fbe2eb0,cobm1fiase3000bm23ag
3c8f1506-02db-466f-abba-dfd25fbe2eb0,cobm1florq7g008n75og
3c9dfa0d-5eb9-455b-b5d7-089e621060aa,cod07bp9galg00d30nr0
3c9dfa0d-5eb9-455b-b5d7-089e621060aa,cod07c2r4qng00af8kig
3cc40049-4ff2-4cd0-b965-4b926b142340,c4e9dlmlljag008aknig
3cc40049-4ff2-4cd0-b965-4b926b142340,c4e9jvfl13i0009r7h6g
3cc9d0fe-7a56-11eb-9690-00505681224b,c4epi0cvfoog00ds7k8g
3cc9d0fe-7a56-11eb-9690-00505681224b,c4epi4ff3f9g00811170
3cd19994-7a56-11eb-b0fd-00505681224b,c4epi05ksi2g00c13s30
3cd19994-7a56-11eb-b0fd-00505681224b,c4epi3tksi2g00c13s80
3ce8a9b8-6e12-4221-b966-a11808165d86,cofkjlrn5d9000e2962g
3ce8a9b8-6e12-4221-b966-a11808165d86,cofkjlui5iag009vrh10
3cf38046-462e-43a6-97b3-f30c7863464a,c4e9dlnl13i0009r7f6g
3cf38046-462e-43a6-97b3-f30c7863464a,c4e9k57tarsg00au3p1g
3cfcf3ce-f8d0-4ded-bd56-69435e536fc9,c4e9dp8qui1g00dcsgbg
3cfcf3ce-f8d0-4ded-bd56-69435e536fc9,c4e9k1h2rh1g009f4gag
3d143758-1530-4f96-b3e6-c22ac72012f1,c4e9dlu22pr000dqle4g
3d143758-1530-4f96-b3e6-c22ac72012f1,c4e9k1kvfoog00ds2vc0
3d238957-5dc1-473b-8d4d-66ca19a38f13,c4e9dlsu12qg0096pimg
3d238957-5dc1-473b-8d4d-66ca19a38f13,c4e9k1kmi4og00d2bqg0
3d32f86e-7a56-11eb-9716-00505681224b,c4epi07tarsg00au8kj0
3d32f86e-7a56-11eb-9716-00505681224b,c4epi47deto0008a16ag
3d373e66-7a56-11eb-97cf-00505681224b,c4epi03jknf000ams63g
3d373e66-7a56-11eb-97cf-00505681224b,c4epi40kqp4g00aarmog
3d469178-915c-4722-a37f-d4a0ed93c0d8,c4e9dp8gdkfg00ckem00
3d469178-915c-4722-a37f-d4a0ed93c0d8,c4e9k1vl13i0009r7h80
3d4e738d-76a5-4c53-8b86-9a49752a1e51,c4e9dpco26gg008qp7c0
3d4e738d-76a5-4c53-8b86-9a49752a1e51,c4e9k1vorvtg00d0ag3g
3d5d0657-de60-43ad-a9b0-fb94a1316577,coc9sip9galg00d2tdug
3d5d0657-de60-43ad-a9b0-fb94a1316577,coc9t21jhmbg00fgbdp0
3d9b0e62-7a56-11eb-b541-00505681224b,c4epi0211o1g008c4hfg
3d9b0e62-7a56-11eb-b541-00505681224b,c4epi45ksi2g00c13s8g
3d9e69f0-7a56-11eb-b27f-00505681224b,c4epi0fl13i0009rcrfg
3d9e69f0-7a56-11eb-b27f-00505681224b,c4epi430tnc000c89qt0
3da40f8a-7a56-11eb-817a-00505681224b,c4epi0cvfoog00ds7k7g
3da40f8a-7a56-11eb-817a-00505681224b,c4epi42lpbg0009o3rf0
3da6cecc-7a56-11eb-a669-00505681224b,c4epi06lljag008apm6g
3da6cecc-7a56-11eb-a669-00505681224b,c4epi3tnv8a0008hh6u0
3daaedb4-7a56-11eb-afc8-00505681224b,c4epi04bq3o000ac3heg
3daaedb4-7a56-11eb-afc8-00505681224b,c4epi3ulljag008apmf0
3dadfb1a-7a56-11eb-a394-00505681224b,c4epi07l13i0009rcrf0
3dadfb1a-7a56-11eb-a394-00505681224b,c4epi3qlpbg0009o3reg
3db12f94-7a56-11eb-a33c-00505681224b,c4epi00kqp4g00aarmg0
3db12f94-7a56-11eb-a33c-00505681224b,c4epi3q11o1g008c4hng
3db5c3b0-7a56-11eb-8e65-00505681224b,c4epi04u12qg0096umn0
3db5c3b0-7a56-11eb-8e65-00505681224b,c4epi3su12qg0096umt0
3db8f828-7a56-11eb-b0dc-00505681224b,c4epi06lljag008apm70
3db8f828-7a56-11eb-b0dc-00505681224b,c4epi3sbq3o000ac3hm0
3dc2c22c-1a0c-4f65-9eee-3d26b8164c63,c4e9dnkfjb0000cm062g
3dc2c22c-1a0c-4f65-9eee-3d26b8164c63,c4e9k1rjknf000amnev0
3dc93623-43ad-4c14-a182-438370b850cb,c4e9dnulljag008aknjg
3dc93623-43ad-4c14-a182-438370b850cb,c4e9k1p6lb7g00ceish0
3dfb9614-d067-11e9-b79a-00505681224b,c4ephvp2rh1g009f92qg
3dfb9614-d067-11e9-b79a-00505681224b,c4epi3gkqp4g00aarmng
3dfc2918-e908-466e-927b-cbe2c935391b,c4e9dnsbq3o000abuneg
3dfc2918-e908-466e-927b-cbe2c935391b,c4e9k1ulljag008akpj0
3e036df9-8e4c-4baf-a038-06760db7f451,cod07c1g8bvg00b4qqj0
3e036df9-8e4c-4baf-a038-06760db7f451,cod07c1gkbk0009iv9hg
3e10300c-d067-11e9-a6fa-00505681224b,c4ephvoqui1g00dd15sg
3e10300c-d067-11e9-a6fa-00505681224b,c4epi3kbq3o000ac3hlg
3e1aed79-f707-430b-bbfc-d8071311206e,co8chra8kqpg00argm00
3e1aed79-f707-430b-bbfc-d8071311206e,co8chrjrfj6g00ai0u5g
3e278aba-e2d1-42ae-9b6d-60b8f493a430,c4e9dnsu12qg0096pin0
3e278aba-e2d1-42ae-9b6d-60b8f493a430,c4e9k1so26gg008qp9cg
3e2e6ce3-2c88-461a-8c40-c877125f6ba1,c4e9dtko26gg008qp7eg
3e2e6ce3-2c88-461a-8c40-c877125f6ba1,c4e9k1vdeto00089scg0
3e3818e3-f554-4ecf-be44-af3238664787,cee020aqhpqg00cqo3ag
3e3818e3-f554-4ecf-be44-af3238664787,cee020fs0e4g00dtmmsg
3e38eec8-d067-11e9-bdbb-00505681224b,c4ephvvf3f9g008110ug
3e38eec8-d067-11e9-bdbb-00505681224b,c4epi3sfjb0000cm5o4g
3e4d3462-216c-4a16-8b62-1d4bd0fae4c5,c4e9dth2rh1g009f4ekg
3e4d3462-216c-4a16-8b62-1d4bd0fae4c5,c4e9k7bvdq3000evtbsg
3e540f67-5de6-4e8c-aa0f-330e83121854,cod07c01qiv000f3srb0
3e540f67-5de6-4e8c-aa0f-330e83121854,cod07cdqk3gg00chaftg
3e5466ba-d067-11e9-8e88-00505681224b,c4ephvsu12qg0096umm0
3e5466ba-d067-11e9-8e88-00505681224b,c4epi3smi4og00d2gdf0
3e6d6d9e-d067-11e9-8992-00505681224b,c4ephvu1ja2g00ccjpp0
3e6d6d9e-d067-11e9-8992-00505681224b,c4epi3u22pr000dqpvqg
3e823210-f5dc-49d6-ad41-85f579db8266,c4e9dvalpbg0009nuru0
3e823210-f5dc-49d6-ad41-85f579db8266,c4e9k212rh1g009f4gb0
3e849fb8-d067-11e9-aaae-00505681224b,c4epi02c0ku000ap9h70
3e849fb8-d067-11e9-aaae-00505681224b,c4epi3vtarsg00au8kng
3e8f0c3b-b7ad-4b9b-a1c7-534feb388df8,cogup29miud000a02f4g
3e8f0c3b-b7ad-4b9b-a1c7-534feb388df8,cogup398t1lg00a9b5o0
3e94096e-d067-11e9-86fe-00505681224b,c4ephvvtarsg00au8kh0
3e94096e-d067-11e9-86fe-00505681224b,c4epi3lnv8a0008hh6tg
3e9f6daa-aef8-4c83-9f51-eb34981de887,cnp7dj28kqpg00antqg0
3e9f6daa-aef8-4c83-9f51-eb34981de887,cnp7dj3ai11g00d20970
3ea4d2b8-d067-11e9-84bf-00505681224b,c4ephvsvfoog00ds7k50
3ea4d2b8-d067-11e9-84bf-00505681224b,c4epi3ilpbg0009o3re0
3eb749c2-d067-11e9-8a2a-00505681224b,c4ephvsbq3o000ac3he0
3eb749c2-d067-11e9-8a2a-00505681224b,c4epi3ic0ku000ap9hdg
3ebfa42c-6a74-4f92-a1ad-d29c6b3d748f,cod07c8n2q9g00f1i0fg
3ebfa42c-6a74-4f92-a1ad-d29c6b3d748f,cod07cflrmbg00b799cg
3ecd4352-d067-11e9-9fda-00505681224b,c4ephvrvdq3000f032ng
3ecd4352-d067-11e9-9fda-00505681224b,c4epi3h2rh1g009f931g
3ee0569e-d067-11e9-a15a-00505681224b,c4ephvq11o1g008c4he0
3ee0569e-d067-11e9-a15a-00505681224b,c4epi3kvfoog00ds7kd0
3efac587-b4c6-4d85-aece-8466c2481bea,c4e9dpcmi4og00d2borg
3efac587-b4c6-4d85-aece-8466c2481bea,c4e9k24mi4og00d2bqgg
3efd59cd-3cc7-4db8-a11e-6c859de1940b,c4e9dvftarsg00au3n60
3efd59cd-3cc7-4db8-a11e-6c859de1940b,c4e9k24o26gg008qp9d0
3f051b6a-a05f-4472-8951-99182ada430b,cnp7dj7s7se0009up6b0
3f051b6a-a05f-4472-8951-99182ada430b,cnp7djflrmbg00b2jib0
3f3074a9-89e2-410f-88e3-b1d1b004f57c,cofkjlvlrmbg00b7jv7g
3f3074a9-89e2-410f-88e3-b1d1b004f57c,cofkjm5qk3gg00chk1cg
3f5002ba-8813-4e8c-bfa9-726b95adfba9,c4e9dpku12qg0096ping
3f5002ba-8813-4e8c-bfa9-726b95adfba9,c4e9k21lms9g00dephm0
3f537452-3686-4e66-ad87-1efbe05309f2,c4e9dpi11o1g008bvvag
3f537452-3686-4e66-ad87-1efbe05309f2,c4e9k7cfjb0000cm080g
3f7031d9-fc93-48cc-8443-fea88127505c,cogupo5qk3gg00chq1e0
3f7031d9-fc93-48cc-8443-fea88127505c,cogupo7lrmbg00b7qnrg
3f704731-779c-4831-a9a7-8b8f213e28a2,c4e9dplnv8a0008hc0u0
3f704731-779c-4831-a9a7-8b8f213e28a2,c4e9k2622pr000dqlfu0
3f84ca74-35d6-4224-b746-3398d067c0de,cngl6bh9galg00ctc8a0
3f84ca74-35d6-4224-b746-3398d067c0de,cngl6biase3000bgt87g
3f99cbae-e7b0-4617-bee3-7f95578b634f,c4e9dvco26gg008qp7g0
3f99cbae-e7b0-4617-bee3-7f95578b634f,c4e9k24bq3o000abupf0
3fbd21cc-01d4-47dc-bdf7-dcda95923a1e,c4e9dpkbq3o000abung0
3fbd21cc-01d4-47dc-bdf7-dcda95923a1e,c4e9k212rh1g009f4gbg
3fbdd258-1cd4-11eb-83f7-00505681224b,c4dtmn4fjb0000cloo2g
3fbdd258-1cd4-11eb-83f7-00505681224b,c4dtn6lksi2g00c0njm0
3fc2cbb6-2bae-4855-941f-03888e4461e4,c4e9dpk7bhug00afcqjg
3fc2cbb6-2bae-4855-941f-03888e4461e4,c4e9k2alpbg0009nutmg
3fda34b0-1cd4-11eb-a966-00505681224b,c4dtmn47bhug00af65a0
3fda34b0-1cd4-11eb-a966-00505681224b,c4dtn6kfjb0000cloon0
3fe867e9-6f41-4bd4-aaa3-65fe16b311eb,cobm1fmi5iag009v5d9g
3fe867e9-6f41-4bd4-aaa3-65fe16b311eb,cobm1fn3r4d000f2mr00
3febdc62-81a2-492b-afe7-9ad81ee40605,cnv582jn5d9000du1o6g
3febdc62-81a2-492b-afe7-9ad81ee40605,cnv582kpru2g00bl2icg
4000a2f2-ce36-11ea-bed0-00505681224b,c4en458gdkfg00cki7lg
4000a2f2-ce36-11ea-bed0-00505681224b,c4en4uulljag008aoh70
4000c9f5-ce36-11ea-b445-00505681224b,c4en4592rh1g009f7tcg
4000c9f5-ce36-11ea-b445-00505681224b,c4en4v1lms9g00det1e0
4000c9fb-ce36-11ea-98a7-00505681224b,c4en45co26gg008qtip0
4000c9fb-ce36-11ea-98a7-00505681224b,c4en4v5ksi2g00c12jh0
4000c9fc-ce36-11ea-bc98-00505681224b,c4en45norvtg00d0e0ng
4000c9fc-ce36-11ea-bc98-00505681224b,c4en4v47bhug00afg8ug
4000c9fd-ce36-11ea-ba0b-00505681224b,c4en45jvdq3000f01n7g
4000c9fd-ce36-11ea-ba0b-00505681224b,c4en4v16lb7g00cemhi0
4000c9fe-ce36-11ea-ad6f-00505681224b,c4en45ndeto00089vvhg
4000c9fe-ce36-11ea-ad6f-00505681224b,c4en4v12rh1g009f7tog
4000c9ff-ce36-11ea-bd7f-00505681224b,c4en45mlljag008aogpg
4000c9ff-ce36-11ea-bd7f-00505681224b,c4en4v16lb7g00cemhig
4000ca00-ce36-11ea-a3e9-00505681224b,c4en45h6lb7g00cemh40
4000ca00-ce36-11ea-a3e9-00505681224b,c4en4vco26gg008qtjag
4000ca01-ce36-11ea-bb04-00505681224b,c4en45ggdkfg00cki7mg
4000ca01-ce36-11ea-bb04-00505681224b,c4en4v9lms9g00det1eg
4000ca04-ce36-11ea-a39d-00505681224b,c4en45vorvtg00d0e0o0
4000ca04-ce36-11ea-a39d-00505681224b,c4en4v8qui1g00dd00o0
4000ca05-ce36-11ea-89c3-00505681224b,c4en45sbq3o000ac2aog
4000ca05-ce36-11ea-89c3-00505681224b,c4en4vfdeto00089vvvg
4000ca06-ce36-11ea-b453-00505681224b,c4en45u22pr000dqoqkg
4000ca06-ce36-11ea-b453-00505681224b,c4en4vfl13i0009rbimg
4000ca08-ce36-11ea-b943-00505681224b,c4en45plms9g00det140
4000ca08-ce36-11ea-b943-00505681224b,c4en4vftarsg00au7d50
4000ca09-ce36-11ea-8572-00505681224b,c4en45so26gg008qtiq0
4000ca09-ce36-11ea-8572-00505681224b,c4en4vbvdq3000f01nn0
4000ca0a-ce36-11ea-b16d-00505681224b,c4en45sbq3o000ac2ap0
4000ca0a-ce36-11ea-b16d-00505681224b,c4en4v96lb7g00cemhj0
4000ca0b-ce36-11ea-9558-00505681224b,c4en45smi4og00d2f7p0
4000ca0b-ce36-11ea-9558-00505681224b,c4en4vco26gg008qtjb0
4000ca10-ce36-11ea-b5f0-00505681224b,c4en45ogdkfg00cki7n0
4000ca10-ce36-11ea-b5f0-00505681224b,c4en4vcfjb0000cm4e3g
40027aa9-c270-4afd-9194-5699427bf635,coabrm81qiv000f31ojg
40027aa9-c270-4afd-9194-5699427bf635,coabrm8im8r000fsrrp0
4023cddb-6bcc-4b38-bd8c-06e4968e66dc,codla781277000eh49ag
4023cddb-6bcc-4b38-bd8c-06e4968e66dc,codla7dorq7g008nggh0
40254bfa-f326-11ea-b4d0-00505681224b,c4adpbq11o1g008b8ong
40254bfa-f326-11ea-b4d0-00505681224b,c4adpbu1ja2g00cbni70
40277353-c0f8-4b59-94d9-4188ed6ea350,cogupo87ov20008iem70
40277353-c0f8-4b59-94d9-4188ed6ea350,cogupo8im8r000fu66e0
403a84be-830e-4fa3-a292-4ad792df6b4b,cee020m7fmtg00fvqri0
403a84be-830e-4fa3-a292-4ad792df6b4b,cee020nlle4000982skg
40710e69-7c96-4f4b-9566-f322b9647354,cobm1fqf6nn0008ul94g
40710e69-7c96-4f4b-9566-f322b9647354,cobm1frrfj6g00aiovv0
407e1d3e-3e8f-11e8-b00f-00505681224b,c4dtmn3vdq3000evlja0
407e1d3e-3e8f-11e8-b00f-00505681224b,c4dtn6ku12qg0096ig00
407e6887-0fd9-456b-9436-863a72370d01,c4e9dph2rh1g009f4eig
407e6887-0fd9-456b-9436-863a72370d01,c4e9k2e1ja2g00ccf8ag
40812a92-3e8f-11e8-b34b-00505681224b,c4dtmn4bq3o000abnuj0
40812a92-3e8f-11e8-b34b-00505681224b,c4dtn6ic0ku000aosur0
40859231-6745-4a52-8352-b759327b19fc,c4e9dpku12qg0096pio0
40859231-6745-4a52-8352-b759327b19fc,c4e9k28kqp4g00aan4ig
40881048-3e8f-11e8-ae53-00505681224b,c4dtmn16lb7g00cebrhg
40881048-3e8f-11e8-ae53-00505681224b,c4dtn6k7bhug00af6600
4089c2e9-a6ae-4cc4-9237-4c973779dd87,c4e9dpndeto00089saq0
4089c2e9-a6ae-4cc4-9237-4c973779dd87,c4e9k2elljag008akpjg
408a71a8-3e8f-11e8-93c1-00505681224b,c4dtmn30tnc000c7tvqg
408a71a8-3e8f-11e8-93c1-00505681224b,c4dtn6n2551g00d1aub0
408cd30a-3e8f-11e8-aa2e-00505681224b,c4dtmn3vdq3000evljag
408cd30a-3e8f-11e8-aa2e-00505681224b,c4dtn6n2551g00d1auag
408f3470-3e8f-11e8-ab3e-00505681224b,c4dtmn4o26gg008qhl6g
408f3470-3e8f-11e8-ab3e-00505681224b,c4dtn6kfjb0000cloong
4096334d-a560-42a5-8c9d-e4d670fcc961,cnp7djbrfj6g00ae40m0
4096334d-a560-42a5-8c9d-e4d670fcc961,cnp7djh3sto000bmojn0
4096a6b8-3e8f-11e8-9f09-00505681224b,c4dtmnff3f9g0080kr7g
4096a6b8-3e8f-11e8-9f09-00505681224b,c4dtn6k7bhug00af660g
40992f2e-3e8f-11e8-a0a0-00505681224b,c4dtmnco26gg008qhl70
40992f2e-3e8f-11e8-a0a0-00505681224b,c4dtn6qlpbg0009nnsqg
409c966b-b29a-4901-8a68-4ed5a592975f,cofkjm1gkbk0009j9n1g
409c966b-b29a-4901-8a68-4ed5a592975f,cofkjm3nofvg00bgg34g
409e1906-3e8f-11e8-82ab-00505681224b,c4dtmndksi2g00c0nis0
409e1906-3e8f-11e8-82ab-00505681224b,c4dtn6rjknf000amgjtg
409e7b4f-5f2a-4c68-814f-974c2186e3c3,cngl6br0ekp0008urtlg
409e7b4f-5f2a-4c68-814f-974c2186e3c3,cngl6bvs7se0009tostg
40a07a68-3e8f-11e8-9798-00505681224b,c4dtmnalpbg0009nns20
40a07a68-3e8f-11e8-9798-00505681224b,c4dtn6okqp4g00aagdgg
40a3be08-cef2-4d6c-ba4d-dc71f76e2b07,cei03g6vss5g0094rq9g
40a3be08-cef2-4d6c-ba4d-dc71f76e2b07,cei03g7jch3g00fos7t0
40a53d2e-3e8f-11e8-a817-00505681224b,c4dtmnftarsg00atsqb0
40a53d2e-3e8f-11e8-a817-00505681224b,c4dtn6s7bhug00af6610
40a738ae-8cb4-4fe8-9ba2-d37a9b87d4be,cogupo81qiv000f4es60
40a738ae-8cb4-4fe8-9ba2-d37a9b87d4be,cogupof3r4d000f3j1q0
40a7390c-3e8f-11e8-b2ff-00505681224b,c4dtmn8qui1g00dclp10
40a7390c-3e8f-11e8-b2ff-00505681224b,c4dtn6tksi2g00c0njmg
40a9830a-3e8f-11e8-8084-00505681224b,c4dtmnforvtg00d03ja0
40a9830a-3e8f-11e8-8084-00505681224b,c4dtn6qc0ku000aosurg
40b0a734-3e8f-11e8-8dea-00505681224b,c4dtmnbjknf000amgj2g
40b0a734-3e8f-11e8-8dea-00505681224b,c4dtn6sbq3o000abnva0
40b0ce46-3e8f-11e8-a9ac-00505681224b,c4dtmn8kqp4g00aagcp0
40b0ce46-3e8f-11e8-a9ac-00505681224b,c4dtn6su12qg0096ig0g
40b254ee-3e8f-11e8-9b41-00505681224b,c4dtmnfl13i0009r0190
40b254ee-3e8f-11e8-9b41-00505681224b,c4dtn6ulljag008adoj0
40b53b30-3e8f-11e8-b3ab-00505681224b,c4dtmn92rh1g009etoig
40b53b30-3e8f-11e8-b3ab-00505681224b,c4dtn6oqui1g00dclpog
40b7fa64-3e8f-11e8-9fd7-00505681224b,c4dtmne1ja2g00cc8jqg
40b7fa64-3e8f-11e8-9fd7-00505681224b,c4dtn6ogdkfg00ck7un0
40bae0a6-3e8f-11e8-a919-00505681224b,c4dtmnco26gg008qhl7g
40bae0a6-3e8f-11e8-a919-00505681224b,c4dtn6plms9g00deing0
40c289b0-3e8f-11e8-9bbf-00505681224b,c4dtmncbq3o000abnuk0
40c289b0-3e8f-11e8-9bbf-00505681224b,c4dtn77tarsg00atsr0g
40c51224-3e8f-11e8-afab-00505681224b,c4dtmna11o1g008bpc6g
40c51224-3e8f-11e8-afab-00505681224b,c4dtn73jknf000amgju0
40c698cc-3e8f-11e8-87fd-00505681224b,c4dtmnnf3f9g0080kr80
40c698cc-3e8f-11e8-87fd-00505681224b,c4dtn74mi4og00d254kg
411fd1d6-aac5-4888-8091-6dde22ba90d5,c4e9dpko26gg008qp7cg
411fd1d6-aac5-4888-8091-6dde22ba90d5,c4e9k2forvtg00d0ag4g
412027ef-cdde-11e8-92fd-00505681224b,c4en45vtarsg00au7cl0
412027ef-cdde-11e8-92fd-00505681224b,c4en4vc7bhug00afg8v0
41428cf1-bff1-4e79-908f-5dc4205dc25b,co8chri8kqpg00argm0g
41428cf1-bff1-4e79-908f-5dc4205dc25b,co8chrjnofvg00bf9hg0
414b8aee-ebcf-4058-a2b9-802db7051a9c,cofkjm0im8r000ftvr0g
414b8aee-ebcf-4058-a2b9-802db7051a9c,cofkjm81qiv000f47vt0
41558691-536e-4390-9a98-ad685f9f7b07,cngl6bo1277000ebeqs0
41558691-536e-4390-9a98-ad685f9f7b07,cngl6bq8kqpg00amug7g
418cb905-10bc-4d79-8178-ceb275a01dc6,c4e9dprvdq3000evt9pg
418cb905-10bc-4d79-8178-ceb275a01dc6,c4e9k2jvdq3000evtbqg
41b49713-b3c7-4e76-9034-95c434cac0f5,c4e9dqokqp4g00aan2t0
41b49713-b3c7-4e76-9034-95c434cac0f5,c4e9k7bvdq3000evtbt0
41ceb38c-65f1-4133-a97f-aefcbc359e9c,co8chrk10vk00087eo5g
41ceb38c-65f1-4133-a97f-aefcbc359e9c,co8chroim8r000fsn4ug
41e229e0-581e-46b0-a073-ac35d4e59ab2,c4e9dve22pr000dqle80
41e229e0-581e-46b0-a073-ac35d4e59ab2,c4e9k2jvdq3000evtbr0
41f5e2e0-3886-4982-9c42-2e0ae4d1546d,c4e9dqoqui1g00dcsgcg
41f5e2e0-3886-4982-9c42-2e0ae4d1546d,c4e9k2ku12qg0096pkeg
41f9ec31-8fbc-4c4b-b003-32cf71d20bef,c4e9dpsmi4og00d2bos0
41f9ec31-8fbc-4c4b-b003-32cf71d20bef,c4e9k2vf3f9g0080s07g
4201f76b-5f1b-4576-b24d-e0972c3fc8ed,cogupogim8r000fu66eg
4201f76b-5f1b-4576-b24d-e0972c3fc8ed,cogupon3r4d000f3j1qg
4210361b-958a-4c52-a440-688d1530b1ae,cnfb0a4pru2g00bipuv0
4210361b-958a-4c52-a440-688d1530b1ae,cnfb0a5orq7g008hbm50
42187bcf-9e90-4523-8dde-d0da0e5cf295,c4e9dpvorvtg00d0ae30
42187bcf-9e90-4523-8dde-d0da0e5cf295,c4e9k2sbq3o000abupfg
424bf864-2a2d-46e2-9dc8-3bf531b76fc5,cofkjma8kqpg00asqdf0
424bf864-2a2d-46e2-9dc8-3bf531b76fc5,cofkjmbn5d9000e2963g
4251ee22-6d64-11e9-b044-00505681224b,c4dtmnlnv8a0008h4qmg
4251ee22-6d64-11e9-b044-00505681224b,c4dtn772551g00d1auc0
425dd55e-6d64-11e9-89f2-00505681224b,c4dtmnntarsg00atsqbg
425dd55e-6d64-11e9-89f2-00505681224b,c4dtn74fjb0000cloop0
4264b2e5-a353-4976-9789-521628102dd7,coknvsjnofvg00bh1ct0
4264b2e5-a353-4976-9789-521628102dd7,coko0b9gkbk0009jsr20
42ae14cf-31b1-4b70-8edc-52b197a30243,c4e9dpvl13i0009r7f7g
42ae14cf-31b1-4b70-8edc-52b197a30243,c4e9k2okqp4g00aan4j0
42b3898c-6d64-11e9-8745-00505681224b,c4dtmnjjknf000amgj30
42b3898c-6d64-11e9-8745-00505681224b,c4dtn74u12qg0096ig1g
42b84c70-6d64-11e9-97d7-00505681224b,c4dtmnkvfoog00drs510
42b84c70-6d64-11e9-97d7-00505681224b,c4dtn77l13i0009r0220
42baa704-5069-4835-a99a-3c13b97b3467,c4e9dq4vfoog00ds2tk0
42baa704-5069-4835-a99a-3c13b97b3467,c4e9k2vl13i0009r7h8g
42c433b0-6d64-11e9-8f28-00505681224b,c4dtmngkqp4g00aagcpg
42c433b0-6d64-11e9-8f28-00505681224b,c4dtn75nv8a0008h4re0
42d46864-4332-418e-bd0f-858a9e407db7,cei03giqhpqg00cr4seg
42d46864-4332-418e-bd0f-858a9e407db7,cei03gjo765000di6h7g
42e2f973-60cf-4ede-b7c2-a181aababf01,cee020aqhpqg00cqo3b0
42e2f973-60cf-4ede-b7c2-a181aababf01,cee020f6bs0g0081gui0
430aad6a-ff08-42c6-8b5e-ba8cb5c56754,c4e9dq72551g00d1hgng
430aad6a-ff08-42c6-8b5e-ba8cb5c56754,c4e9k2q11o1g008c012g
431555b2-8ec4-46f5-8c7f-db2cf54f24f6,c4e9drf2551g00d1hgo0
431555b2-8ec4-46f5-8c7f-db2cf54f24f6,c4e9k34u12qg0096pkf0
431dd48e-8adb-42f4-a348-d0f9fed63594,c4e9dqcu12qg0096pip0
431dd48e-8adb-42f4-a348-d0f9fed63594,c4e9k7co26gg008qp9g0
432bc051-da52-44fa-a164-31e20d6346a3,c4e9dq8gdkfg00ckem10
432bc051-da52-44fa-a164-31e20d6346a3,c4e9k34mi4og00d2bqh0
43370fd9-290e-4557-b507-5457974a26b2,coo6q03n5d9000e3dahg
43370fd9-290e-4557-b507-5457974a26b2,coo6q073r4d000f4iecg
4338a234-c26d-4733-a166-e8d5ea0719b0,c4e9dqu22pr000dqle6g
4338a234-c26d-4733-a166-e8d5ea0719b0,c4e9k3ilpbg0009nutng
43652923-bd0d-4a5c-95f3-fd9e7adfb4e0,c4e9drfl13i0009r7f80
43652923-bd0d-4a5c-95f3-fd9e7adfb4e0,c4e9k3p6lb7g00ceisi0
4384b942-e0d2-4705-b21d-a6cc05ab49dc,cogupoh9galg00d3gkjg
4384b942-e0d2-4705-b21d-a6cc05ab49dc,coguponlrmbg00b7qnsg
438ce60e-60ca-4a06-b6e7-b40d9fafaa42,c4e9dve1ja2g00ccf6h0
438ce60e-60ca-4a06-b6e7-b40d9fafaa42,c4e9k4211o1g008c0130
43926cc7-c5dc-4e60-a9af-8ec334cb9573,cofkjgp8t1lg00a9444g
43926cc7-c5dc-4e60-a9af-8ec334cb9573,cofkjgt7tiqg00apt51g
43986919-7f2f-4ed0-8fac-de2641439da9,cnfb0a2r4qng00a9154g
43986919-7f2f-4ed0-8fac-de2641439da9,cnfb0a3n5d9000drr5og
43b76612-4b54-4b95-a3dd-fcec08f4afed,c4e9dr1lms9g00depfkg
43b76612-4b54-4b95-a3dd-fcec08f4afed,c4e9k9vl13i0009r7hb0
43baa56e-9c91-4958-83b2-adaa678b39d6,cogupoon2q9g00f23og0
43baa56e-9c91-4958-83b2-adaa678b39d6,cogupopgkbk0009jg7d0
43d60993-321a-43d5-a605-785e4f82bdb4,cofkjh01277000eheueg
43d60993-321a-43d5-a605-785e4f82bdb4,cofkjh3rfj6g00aje150
43df21b3-fdf4-4244-9cda-85f2f00f29b9,c4e9duhlms9g00depfm0
43df21b3-fdf4-4244-9cda-85f2f00f29b9,c4e9kbulljag008akpmg
43fd9006-e19a-47ba-a4ea-d2f224418099,c4e9duh6lb7g00ceiqp0
43fd9006-e19a-47ba-a4ea-d2f224418099,c4e9kbvf3f9g0080s0bg
44165300-99a2-4c5d-a85c-3402c4bef618,c4e9drdksi2g00c0uo80
44165300-99a2-4c5d-a85c-3402c4bef618,c4e9k5qc0ku000ap48i0
4418b412-6959-4fd2-a807-adbd633147a5,c4e9drh2rh1g009f4ek0
4418b412-6959-4fd2-a807-adbd633147a5,c4e9k5oqui1g00dcsi30
44685264-0ae2-46a6-adf5-853fae683705,cokno00im8r000fuie40
44685264-0ae2-46a6-adf5-853fae683705,cokno3ir4qng00ag9grg
44906826-9510-4182-b455-2b1c04a8ae31,cobm1fui5iag009v5dag
44906826-9510-4182-b455-2b1c04a8ae31,cobm1fv3r4d000f2mr0g
44a69e33-2147-41b7-ae6e-790ad7d01de2,c4e9drrjknf000amnd40
44a69e33-2147-41b7-ae6e-790ad7d01de2,c4e9k5bvdq3000evtbs0
44a73713-62e0-4542-9443-e7143d71830c,cmau7434af9g008nte8g
44a73713-62e0-4542-9443-e7143d71830c,cmau7b2bmgkg00e772b0
44bc6e1e-de85-49d5-88f4-40e46ceb9ef0,c4e9dvbvdq3000evt9sg
44bc6e1e-de85-49d5-88f4-40e46ceb9ef0,c4e9k5c7bhug00afcsa0
44bde268-8c0d-4c17-9446-139d6a8515e5,c4e9dtplms9g00depflg
44bde268-8c0d-4c17-9446-139d6a8515e5,c4e9k5jjknf000amnf10
44d18186-3581-4201-80e3-cbc8f10ff4af,coabqshjhmbg00ffkvfg
44d18186-3581-4201-80e3-cbc8f10ff4af,coabqsir4qng00aed2s0
44e2af9e-9c5e-4879-8892-a1b23ca736c0,c4e9e1r0tnc000c84ttg
44e2af9e-9c5e-4879-8892-a1b23ca736c0,c4e9kbrvdq3000evtbu0
44efe8f7-6692-44fb-b61d-ac8fe3144355,cogupouudun000eiipa0
44efe8f7-6692-44fb-b61d-ac8fe3144355,cogupp6i5iag00a0379g
450522e2-08df-40f3-a60e-ae2500ea6bdd,c4e9dtvorvtg00d0ae40
450522e2-08df-40f3-a60e-ae2500ea6bdd,c4e9k6211o1g008c013g
4511bb52-ddf9-4ac0-b6a7-bffb4e2eae93,c4e9du4u12qg0096piq0
4511bb52-ddf9-4ac0-b6a7-bffb4e2eae93,c4e9k67orvtg00d0ag6g
4525c885-5286-43c3-9b02-10751f4bd67b,cngl6c28kqpg00amug80
4525c885-5286-43c3-9b02-10751f4bd67b,cngl6c6i5iag009pbcj0
45624282-081b-4345-b0c6-28dfe638ffc8,cofkjh01qiv000f47vm0
45624282-081b-4345-b0c6-28dfe638ffc8,cofkjha8kqpg00asqd7g
457fc413-6f04-43c4-a115-3688942f7a1c,cmaukmr4af9g008ntgr0
457fc413-6f04-43c4-a115-3688942f7a1c,cmauknpr1go000eev2h0
4580d910-00f2-4dcb-b496-ab44bf0c55e5,cod07cdqk3gg00chafu0
4580d910-00f2-4dcb-b496-ab44bf0c55e5,cod07cnlrmbg00b799d0
459e1a94-0dee-485e-8ed5-4761859a9e99,cnpsfq0n2q9g00esvmrg
459e1a94-0dee-485e-8ed5-4761859a9e99,cnpsfq7s7se0009usjc0
45a1c346-c446-4344-b94b-ade082cd1cfe,c4e9ducvfoog00ds2tl0
45a1c346-c446-4344-b94b-ade082cd1cfe,c4e9k64fjb0000cm0800
45af0355-25a3-4ce9-a687-9b1fb2f82aab,c4e9du8kqp4g00aan2u0
45af0355-25a3-4ce9-a687-9b1fb2f82aab,c4e9kbsfjb0000cm081g
45b257da-e354-43b1-9d71-1dfb69a48f22,cod07cmudun000ei35tg
45b257da-e354-43b1-9d71-1dfb69a48f22,cod07cn9iisg009v6itg
45c602e8-e47e-11eb-b782-00505681224b,c4dtmnkmi4og00d253vg
45c602e8-e47e-11eb-b782-00505681224b,c4dtn716lb7g00cebsa0
45e8e091-ef6a-4579-8ff0-d6152e14b865,c4e9duj0tnc000c84trg
45e8e091-ef6a-4579-8ff0-d6152e14b865,c4e9k6cvfoog00ds2ve0
460049af-1183-46a8-893e-73a3bf16217c,c4e9dvforvtg00d0ae5g
460049af-1183-46a8-893e-73a3bf16217c,c4e9k6fdeto00089sci0
460e0f71-3cf5-4148-9ed6-62d8866dd47e,c4e9duqlpbg0009nurtg
460e0f71-3cf5-4148-9ed6-62d8866dd47e,c4e9k6h2rh1g009f4geg
4619b2b9-e39d-41da-9c2a-d4c6a72210ee,cogupp18t1lg00a9b610
4619b2b9-e39d-41da-9c2a-d4c6a72210ee,cogupp3n5d9000e2fu80
461f694b-613f-4e21-8a0c-d9f7ac99e26b,cogupp0im8r000fu66g0
461f694b-613f-4e21-8a0c-d9f7ac99e26b,cogupp1miud000a02fh0
462de2db-d63a-43d6-b94c-a56f3173bde2,c4e9dusfjb0000cm065g
462de2db-d63a-43d6-b94c-a56f3173bde2,c4e9k6m1ja2g00ccf8c0
466c55f8-2103-47e5-828a-e4bec147f2e0,c4e9dv9lms9g00depfmg
466c55f8-2103-47e5-828a-e4bec147f2e0,c4e9kdrjknf000amnf50
466d2115-c07d-4451-a4aa-a27b2976dac5,c4e9dv2c0ku000ap46lg
466d2115-c07d-4451-a4aa-a27b2976dac5,c4e9kdco26gg008qp9jg
4675c4a1-ecc0-4ce3-9889-3478cb7ba6aa,cobm1crrfj6g00aiovqg
4675c4a1-ecc0-4ce3-9889-3478cb7ba6aa,cobm1cs10vk0008849lg
468801f0-06d0-4301-a3da-811f35e0aae2,co8chro1277000eg3m2g
468801f0-06d0-4301-a3da-811f35e0aae2,co8chrpjhmbg00ffg8m0
468e6ae8-0bd3-4440-947f-e6f866d246fc,co8chrpqkol000a9djig
468e6ae8-0bd3-4440-947f-e6f866d246fc,co8chs57tiqg00aojlt0
468f6d68-e47e-11eb-ac73-00505681224b,c4dtmnn2551g00d1atk0
468f6d68-e47e-11eb-ac73-00505681224b,c4dtn77f3f9g0080krsg
46935ead-cb1b-4c5c-996b-33537256ebd6,c4e9dv12rh1g009f4elg
46935ead-cb1b-4c5c-996b-33537256ebd6,c4e9k7nf3f9g0080s0ag
4699FECD-E2E8-4035-A473-9114E357F3EF,c4bk054o26gg008q63gg
4699FECD-E2E8-4035-A473-9114E357F3EF,c4bk05ac0ku000aoi53g
46a0af9a-c4f8-470a-b1d6-14cfeded5e38,c4e9e21lms9g00depfpg
46a0af9a-c4f8-470a-b1d6-14cfeded5e38,c4e9kdbvdq3000evtc00
46bfe328-30e0-453d-b0c0-0fa6f43859e5,c4e9dvfl13i0009r7f90
46bfe328-30e0-453d-b0c0-0fa6f43859e5,c4e9k7j0tnc000c84vc0
46cd1f70-6052-413f-bdfb-720a362f979c,c4e9dvdnv8a0008hc0v0
46cd1f70-6052-413f-bdfb-720a362f979c,c4e9k7norvtg00d0ag70
4704d940-7c3c-4a79-9c58-3fcfcd2dc5d6,cogupp87ov20008iem8g
4704d940-7c3c-4a79-9c58-3fcfcd2dc5d6,cogupp9g8bvg00b5ak1g
4707b5c9-8891-4662-af43-b84574a470dd,c4e9dv92rh1g009f4em0
4707b5c9-8891-4662-af43-b84574a470dd,c4e9k8bvdq3000evtbtg
47100415-b79f-4f88-b4d6-b9d4a5c55b59,c4e9dvggdkfg00ckem2g
47100415-b79f-4f88-b4d6-b9d4a5c55b59,c4e9k7okqp4g00aan4lg
47443b22-320e-4f17-83a3-ba99367f3599,cnpsfq3n5d9000dtd28g
47443b22-320e-4f17-83a3-ba99367f3599,cnpsfq9qkol000a5nj40
4755f1ba-e47e-11eb-81c7-00505681224b,c4dtmnndeto00089lhu0
4755f1ba-e47e-11eb-81c7-00505681224b,c4dtn71lms9g00deingg
47a7782a-78da-4e63-aaa8-0bd4915ce462,cod07cjn5d9000e1ucfg
47a7782a-78da-4e63-aaa8-0bd4915ce462,cod07ctqk3gg00chafv0
47adbb00-8b84-4f26-bdfb-c2565cad7489,c4e9dvkbq3o000abuni0
47adbb00-8b84-4f26-bdfb-c2565cad7489,c4e9k872551g00d1hij0
47ae8528-d612-4434-8fa6-5c0ec45d3728,c4e9dvm22pr000dqle8g
47ae8528-d612-4434-8fa6-5c0ec45d3728,c4e9kdbvdq3000evtc0g
47b0e59c-1d87-4b99-bcba-89459dc43e66,coguppa8kqpg00at12d0
47b0e59c-1d87-4b99-bcba-89459dc43e66,coguppbnofvg00bgm2j0
47b80ee8-e47e-11eb-9511-00505681224b,c4dtmnk7bhug00af65c0
47b80ee8-e47e-11eb-9511-00505681224b,c4dtn77deto00089lij0
47bb181d-c28f-4ec3-a975-1d6323d6015a,cei03gm7fmtg008083eg
47bb181d-c28f-4ec3-a975-1d6323d6015a,cei03gn9dv5000dhv6l0
47c319ef-6538-4c3c-873d-59c1da3183d2,c4e9dvj0tnc000c84ts0
47c319ef-6538-4c3c-873d-59c1da3183d2,c4e9k8ic0ku000ap48ig
47ca0b01-f7f4-4e9a-9e77-5b6adb53dd97,c4e9dvjjknf000amnd5g
47ca0b01-f7f4-4e9a-9e77-5b6adb53dd97,c4e9k8vf3f9g0080s0b0
47d32eae-84b8-4d3c-bc9e-67c12f0c8117,c4e9dvnl13i0009r7f9g
47d32eae-84b8-4d3c-bc9e-67c12f0c8117,c4e9kdcfjb0000cm082g
47ea9a82-5ca2-41dc-9fdd-a423ff14801e,co8chs0im8r000fsn4vg
47ea9a82-5ca2-41dc-9fdd-a423ff14801e,co8chs2ase3000blcjk0
47ec2478-db62-45d3-92a6-4d1ab13bb5a2,c4e9dvhlms9g00depfn0
47ec2478-db62-45d3-92a6-4d1ab13bb5a2,c4e9kgokqp4g00aan4og
480cc4c9-e886-4037-b274-90ce19b470bd,cngl6c7lrmbg00b1krp0
480cc4c9-e886-4037-b274-90ce19b470bd,cngl6cbvem1g00ed607g
48108ba7-3abb-4001-a5c3-e1a585ad31fa,c4e9dvlnv8a0008hc0vg
48108ba7-3abb-4001-a5c3-e1a585ad31fa,c4e9kc0qui1g00dcsi3g
4819b6e8-e47e-11eb-98d4-00505681224b,c4dtmnkbq3o000abnukg
4819b6e8-e47e-11eb-98d4-00505681224b,c4dtn78gdkfg00ck7ung
482076de-3bc2-424a-80bb-1e49d91a5c80,co72buar4qng00adoi0g
482076de-3bc2-424a-80bb-1e49d91a5c80,co72buf3r4d000f1fc70
48307141-d15d-4588-8fb4-158b9d5eeae4,c4e9dvjvdq3000evt9t0
48307141-d15d-4588-8fb4-158b9d5eeae4,c4e9kc0gdkfg00ckentg
4847702c-058a-46e2-9cbc-aa223d8875f1,cogupphjhmbg00fgv6pg
4847702c-058a-46e2-9cbc-aa223d8875f1,coguppjrfj6g00ajla0g
487b5ee8-e47e-11eb-b3f2-00505681224b,c4dtmni11o1g008bpc70
487b5ee8-e47e-11eb-b3f2-00505681224b,c4dtn7elljag008adojg
48c878a3-36b9-4564-ae47-ebbf64bd4f12,c4e9dvndeto00089sasg
48c878a3-36b9-4564-ae47-ebbf64bd4f12,c4e9kc12rh1g009f4gfg
48ed1011-5bcd-44e9-9a72-baf4289f4903,cp03u5hgkbk0009llgsg
48ed1011-5bcd-44e9-9a72-baf4289f4903,cp03u5pjhmbg00fj3nkg
48f4db0f-c095-4c5d-8f1b-45df9ec0bd1a,c4e9dvrjknf000amnd60
48f4db0f-c095-4c5d-8f1b-45df9ec0bd1a,c4e9khq11o1g008c0160
48f89973-2667-430f-a4a9-77d3339397df,c4e9e2211o1g008bvvdg
48f89973-2667-430f-a4a9-77d3339397df,c4e9kc2c0ku000ap48kg
491364d1-fe47-4d76-8ca8-8075566660cc,c4e9dvso26gg008qp7gg
491364d1-fe47-4d76-8ca8-8075566660cc,c4e9kce1ja2g00ccf8cg
49261f35-fe6c-4a4d-acce-40f3153c155c,c4e9dvsmi4og00d2boug
49261f35-fe6c-4a4d-acce-40f3153c155c,c4e9kca11o1g008c014g
49304c66-a52e-47cb-8185-9e2fb7cc993b,c4e9dvv2551g00d1hgq0
49304c66-a52e-47cb-8185-9e2fb7cc993b,c4e9kcfdeto00089scjg
49318bf1-99a5-46e5-9acc-542c6eac6c8e,c4e9dvtnv8a0008hc100
49318bf1-99a5-46e5-9acc-542c6eac6c8e,c4e9kc8kqp4g00aan4n0
49321c37-7142-4590-afee-9b0c6c84b654,cnp7dhp9galg00cub8m0
49321c37-7142-4590-afee-9b0c6c84b654,cnp7djjnofvg00bbp5h0
49369c99-cdf9-4225-a236-cf0ba4c12a75,c4e9dvtksi2g00c0uoa0
49369c99-cdf9-4225-a236-cf0ba4c12a75,c4e9kce22pr000dqlg0g
4961226c-42bc-4402-be54-d06d545f5209,c4e9dvvf3f9g0080rue0
4961226c-42bc-4402-be54-d06d545f5209,c4e9kch2rh1g009f4ggg
49627cdc-1f38-48db-9bef-5a8d3f578be1,c4e9dvvtarsg00au3n70
49627cdc-1f38-48db-9bef-5a8d3f578be1,c4e9kcm1ja2g00ccf8dg
49672801-e66e-4244-9fa7-f7196ea48e9c,c4e9dvrvdq3000evt9tg
49672801-e66e-4244-9fa7-f7196ea48e9c,c4e9kclksi2g00c0uq70
4982479a-e47e-11eb-aa33-00505681224b,c4dtmnjvdq3000evljc0
4982479a-e47e-11eb-aa33-00505681224b,c4dtn7b0tnc000c7u0hg
498799a3-937f-4ba7-8f12-6ead4734a7fc,c4e9dvu22pr000dqle90
498799a3-937f-4ba7-8f12-6ead4734a7fc,c4e9kcm22pr000dqlg10
49ab78c9-df7c-476f-9643-b79d1cb41532,c4e9dvsbq3o000abunj0
49ab78c9-df7c-476f-9643-b79d1cb41532,c4e9kckvfoog00ds2vf0
49b19800-c1e3-450a-a2e5-c8a70d3f3080,cod07co1277000eh3pv0
49b19800-c1e3-450a-a2e5-c8a70d3f3080,cod07ctorq7g008ng2l0
49ee84c5-8dde-4a8b-99b1-d523fa5bac20,c4e9e2ulljag008akno0
49ee84c5-8dde-4a8b-99b1-d523fa5bac20,c4e9kclnv8a0008hc34g
49ef6379-1e2e-4005-9d14-c90eed59b466,co8chsar4qng00ae7vi0
49ef6379-1e2e-4005-9d14-c90eed59b466,co8chsf9iisg009u7lp0
49f2aed2-da96-11e7-8803-00505681224b,c4dtmnggdkfg00ck7u2g
49f2aed2-da96-11e7-8803-00505681224b,c4dtn7a11o1g008bpcu0
49f346b6-aeca-4f77-8fdb-548c9fc99006,c4e9e072551g00d1hgqg
49f346b6-aeca-4f77-8fdb-548c9fc99006,c4e9kcqc0ku000ap48lg
4a0695a3-99c3-4fe3-9543-325696f53173,c4e9e37l13i0009r7fbg
4a0695a3-99c3-4fe3-9543-325696f53173,c4e9kcs7bhug00afcscg
4a4787de-44e8-49df-949f-f3d0f94e5a97,cofkjh8im8r000ftvqo0
4a4787de-44e8-49df-949f-f3d0f94e5a97,cofkjhiase3000bmjn10
4a48aeba-b270-4d86-a8ca-b64188d1db7c,cnnt74o7ov20008d5pbg
4a48aeba-b270-4d86-a8ca-b64188d1db7c,cnnt74v3r4d000eu2vlg
4a5b9634-a355-436b-8d7c-59d7564498fd,c4e9e07orvtg00d0ae60
4a5b9634-a355-436b-8d7c-59d7564498fd,c4e9kcqlpbg0009nutr0
4a624a36-5139-45ae-8068-7684f8611502,c4e9e03jknf000amnd70
4a624a36-5139-45ae-8068-7684f8611502,c4e9kcokqp4g00aan4o0
4a6f8dca-e47e-11eb-bb9f-00505681224b,c4dtmnulljag008adnv0
4a6f8dca-e47e-11eb-bb9f-00505681224b,c4dtn7co26gg008qhm20
4a9efb1a-5f9f-11eb-b4f1-00505681224b,c4ephvp2rh1g009f92q0
4a9efb1a-5f9f-11eb-b4f1-00505681224b,c4epi3norvtg00d0f7hg
4aa90d7a-5f9f-11eb-82e4-00505681224b,c4ephvj0tnc000c89qi0
4aa90d7a-5f9f-11eb-82e4-00505681224b,c4epi3forvtg00d0f7h0
4ab33dab-2506-4d78-a152-ccfe7777f3d9,cf8c7ohpr5lg00cggbu0
4ab33dab-2506-4d78-a152-ccfe7777f3d9,cf8c7os4op8000ddu1cg
4ab3fb14-f72b-4621-af87-ffcc0fd169c6,c4e9e04bq3o000abunjg
4ab3fb14-f72b-4621-af87-ffcc0fd169c6,c4e9khv2551g00d1hikg
4ab810e8-e542-4154-883d-231507e59edd,c4e9e36lljag008aknog
4ab810e8-e542-4154-883d-231507e59edd,c4e9kd4mi4og00d2bqjg
4ab89e42-5f9f-11eb-b87a-00505681224b,c4ephvjvdq3000f032n0
4ab89e42-5f9f-11eb-b87a-00505681224b,c4epi3cu12qg0096ums0
4ac507fb-518a-474d-9dd4-d8e2153b6d71,cmauknbi358000967i5g
4ac507fb-518a-474d-9dd4-d8e2153b6d71,cmauko551pog008ka0r0
4ad108de-5f9f-11eb-b8e4-00505681224b,c4ephvhlms9g00deu6jg
4ad108de-5f9f-11eb-b8e4-00505681224b,c4epi3c7bhug00afhebg
4ad5e2da-596a-4fe9-b1dd-da8afe41b4d8,c4e9e2svfoog00ds2to0
4ad5e2da-596a-4fe9-b1dd-da8afe41b4d8,c4e9kd61ja2g00ccf8e0
4adc53ca-5f9f-11eb-b439-00505681224b,c4ephvnorvtg00d0f75g
4adc53ca-5f9f-11eb-b439-00505681224b,c4epi3cmi4og00d2gdeg
4ae04b86-5f9f-11eb-ba17-00505681224b,c4ephvh6lb7g00cenng0
4ae04b86-5f9f-11eb-ba17-00505681224b,c4epi38qui1g00dd162g
4aeb3d3a-c757-4bf5-a71e-4aad1dd9615f,c4e9e316lb7g00ceiqrg
4aeb3d3a-c757-4bf5-a71e-4aad1dd9615f,c4e9kd3vdq3000evtbvg
4aec32b4-5f9f-11eb-aa41-00505681224b,c4ephvu22pr000dqpvig
4aec32b4-5f9f-11eb-aa41-00505681224b,c4epi3dnv8a0008hh6t0
4af9119f-5085-42ed-b7de-bc84749a59bc,cf8c7nlcpqj000e98n9g
4af9119f-5085-42ed-b7de-bc84749a59bc,cf8c7ou3mlvg0094aj10
4b0a90e8-5f9f-11eb-91e3-00505681224b,c4ephvnf3f9g008110t0
4b0a90e8-5f9f-11eb-91e3-00505681224b,c4epi33vdq3000f0330g
4b2a17b6-1a94-4fdf-99f4-a952d11bef3b,c4e9e0e22pr000dqle9g
4b2a17b6-1a94-4fdf-99f4-a952d11bef3b,c4e9kikmi4og00d2bqkg
4b55cca6-5f9f-11eb-abc5-00505681224b,c4ephvh6lb7g00cennfg
4b55cca6-5f9f-11eb-abc5-00505681224b,c4epi32c0ku000ap9hcg
4b571e18-bf1e-4997-be19-2bb328e3ba8f,cnpsfqc10vk00083vrdg
4b571e18-bf1e-4997-be19-2bb328e3ba8f,cnpsfqdorq7g008islsg
4b69d074-e9d9-41eb-b88f-5d9cbc9c6c13,c4e9e37deto00089sav0
4b69d074-e9d9-41eb-b88f-5d9cbc9c6c13,c4e9kigqui1g00dcsi6g
4b7c9961-d6df-4c1b-bdea-03939eb736c1,c4e9e0f2551g00d1hgr0
4b7c9961-d6df-4c1b-bdea-03939eb736c1,c4e9kdnf3f9g0080s0e0
4b7e5fe5-8a56-4b58-9b6b-cc6bfce793ad,c4e9e5n2551g00d1hgtg
4b7e5fe5-8a56-4b58-9b6b-cc6bfce793ad,c4e9kdlksi2g00c0uq7g
4b926202-5f9f-11eb-9a67-00505681224b,c4ephvkfjb0000cm5nt0
4b926202-5f9f-11eb-9a67-00505681224b,c4epi36lljag008apmeg
4bb44db2-8100-47c0-9e29-e9029033f447,c4e9e272551g00d1hgs0
4bb44db2-8100-47c0-9e29-e9029033f447,c4e9kiggdkfg00ckenvg
4bbddff0-5f9f-11eb-9bd0-00505681224b,c4ephvm22pr000dqpvi0
4bbddff0-5f9f-11eb-9bd0-00505681224b,c4epi34o26gg008quu70
4bcb261c-640e-4957-9175-d410f8fb0c5e,c4e9e261ja2g00ccf6ig
4bcb261c-640e-4957-9175-d410f8fb0c5e,c4e9kin2551g00d1himg
4bd00012-9e22-4148-a9a0-f15254ba12bf,cntm50rnofvg00bc868g
4bd00012-9e22-4148-a9a0-f15254ba12bf,cntm58nlrmbg00b34jf0
4bfac1a8-e47e-11eb-b8bf-00505681224b,c4dtmnso26gg008qhl8g
4bfac1a8-e47e-11eb-b8bf-00505681224b,c4dtn7cfjb0000cloopg
4bffc6fb-e0e4-41ae-a41c-17677a792fc6,cod07coim8r000ftloug
4bffc6fb-e0e4-41ae-a41c-17677a792fc6,cod07d07ov20008hua50
4c262952-4327-40c5-af80-677c527c389d,c4e9e2alpbg0009nus00
4c262952-4327-40c5-af80-677c527c389d,c4e9kdh6lb7g00ceisn0
4c302b53-625a-403c-9b99-7deb348fbba6,cee020eea3q00088fmrg
4c302b53-625a-403c-9b99-7deb348fbba6,cee020fjch3g00fofe50
4c59aa28-434d-4ba2-b6b9-efd26fce1288,cobm1con2q9g00f1986g
4c59aa28-434d-4ba2-b6b9-efd26fce1288,cobm1d5qk3gg00ch2be0
4c60fd8a-e47e-11eb-af1c-00505681224b,c4dtmnogdkfg00ck7u30
4c60fd8a-e47e-11eb-af1c-00505681224b,c4dtn7kvfoog00drs5m0
4c64e354-75ba-11e8-b581-00505681224b,c4dtmnso26gg008qhl90
4c64e354-75ba-11e8-b581-00505681224b,c4dtn7kmi4og00d254l0
4c6e690c-75ba-11e8-8c0e-00505681224b,c4dtmnvtarsg00atsqc0
4c6e690c-75ba-11e8-8c0e-00505681224b,c4dtn7nf3f9g0080krt0
4c732be8-75ba-11e8-95e0-00505681224b,c4dtmns7bhug00af65cg
4c732be8-75ba-11e8-95e0-00505681224b,c4dtn7hlms9g00deinh0
4c77eec6-75ba-11e8-a5e9-00505681224b,c4dtmo5nv8a0008h4qng
4c77eec6-75ba-11e8-a5e9-00505681224b,c4dtn7m22pr000dqereg
4c7f1310-75ba-11e8-951b-00505681224b,c4dtmo2lpbg0009nns3g
4c7f1310-75ba-11e8-951b-00505681224b,c4dtn7gqui1g00dclppg
4c81747e-75ba-11e8-923c-00505681224b,c4dtmo211o1g008bpc7g
4c81747e-75ba-11e8-923c-00505681224b,c4dtn7lnv8a0008h4rf0
4c83ed19-2f91-4edd-9c2f-5b4eeabb7415,cnnt74p9galg00cu4nfg
4c83ed19-2f91-4edd-9c2f-5b4eeabb7415,cnnt757lrmbg00b2d240
4c843583-83e2-4ebc-9df9-bc8955740956,cogupph9galg00d3gkk0
4c843583-83e2-4ebc-9df9-bc8955740956,coguppo7ov20008iema0
4c86375a-75ba-11e8-8b5e-00505681224b,c4dtmo3jknf000amgj40
4c86375a-75ba-11e8-8b5e-00505681224b,c4dtn7q11o1g008bpcug
4c8d5ba4-75ba-11e8-94cf-00505681224b,c4dtmo3vdq3000evljd0
4c8d5ba4-75ba-11e8-94cf-00505681224b,c4dtn7u22pr000dqerf0
4c921e80-75ba-11e8-8ae7-00505681224b,c4dtmo7f3f9g0080kr9g
4c921e80-75ba-11e8-8ae7-00505681224b,c4dtn7p2rh1g009etp3g
4c96e15c-75ba-11e8-8bce-00505681224b,c4dtmo12rh1g009etojg
4c96e15c-75ba-11e8-8bce-00505681224b,c4dtn7sfjb0000clooqg
4c9710c8-8a9f-41a8-9416-2b3f82bb3868,c4e9e28qui1g00dcsge0
4c9710c8-8a9f-41a8-9416-2b3f82bb3868,c4e9kigqui1g00dcsi60
4c9e05a6-75ba-11e8-b59e-00505681224b,c4dtmoc7bhug00af65d0
4c9e05a6-75ba-11e8-b59e-00505681224b,c4dtn7vdeto00089lik0
4ca2c882-75ba-11e8-b608-00505681224b,c4dtmo1lms9g00deimr0
4ca2c882-75ba-11e8-b608-00505681224b,c4dtn7vf3f9g0080krtg
4ca78b5e-75ba-11e8-acca-00505681224b,c4dtmo92rh1g009etok0
4ca78b5e-75ba-11e8-acca-00505681224b,c4dtn7svfoog00drs5mg
4cac4e3a-75ba-11e8-9730-00505681224b,c4dtmoe22pr000dqeqk0
4cac4e3a-75ba-11e8-9730-00505681224b,c4dtn7okqp4g00aagdi0
4cb11118-75ba-11e8-a419-00505681224b,c4dtmodksi2g00c0niv0
4cb11118-75ba-11e8-a419-00505681224b,c4dtn82c0ku000aosut0
4cb5d3f4-75ba-11e8-83fb-00505681224b,c4dtmocbq3o000abnum0
4cb5d3f4-75ba-11e8-83fb-00505681224b,c4dtn84u12qg0096ig30
4cc8df62-75ba-11e8-a8c8-00505681224b,c4dtmoforvtg00d03jb0
4cc8df62-75ba-11e8-a8c8-00505681224b,c4dtn80qui1g00dclpq0
4cccdeba-e47e-11eb-a14d-00505681224b,c4dtmo9lms9g00deims0
4cccdeba-e47e-11eb-a14d-00505681224b,c4dtn830tnc000c7u0ig
4ccda23e-75ba-11e8-a59f-00505681224b,c4dtmoalpbg0009nns40
4ccda23e-75ba-11e8-a59f-00505681224b,c4dtn87tarsg00atsr20
4cd2651a-75ba-11e8-9408-00505681224b,c4dtmonorvtg00d03jbg
4cd2651a-75ba-11e8-9408-00505681224b,c4dtn812rh1g009etp40
4cda0841-22b2-4263-a6ad-5a7c1c1a176a,c4e9e2b0tnc000c84tu0
4cda0841-22b2-4263-a6ad-5a7c1c1a176a,c4e9kdsbq3o000abupk0
4cdbead2-75ba-11e8-a581-00505681224b,c4dtmom22pr000dqeqkg
4cdbead2-75ba-11e8-a581-00505681224b,c4dtn83jknf000amgjv0
4ce30f1c-75ba-11e8-bcb9-00505681224b,c4dtmontarsg00atsqd0
4ce30f1c-75ba-11e8-bcb9-00505681224b,c4dtn8co26gg008qhm40
4cea3366-75ba-11e8-b995-00505681224b,c4dtmonf3f9g0080kra0
4cea3366-75ba-11e8-b995-00505681224b,c4dtn8e22pr000dqerg0
4cee5767-c013-4012-95a2-65cedae4e5c8,c4e9e2ff3f9g0080ruf0
4cee5767-c013-4012-95a2-65cedae4e5c8,c4e9kii11o1g008c017g
4ceef642-75ba-11e8-94f5-00505681224b,c4dtmoh2rh1g009etokg
4ceef642-75ba-11e8-94f5-00505681224b,c4dtn8cbq3o000abnvbg
4cf3b91e-75ba-11e8-a2ac-00505681224b,c4dtmoh2rh1g009etol0
4cf3b91e-75ba-11e8-a2ac-00505681224b,c4dtn89lms9g00deini0
4cf61a8c-75ba-11e8-97cd-00505681224b,c4dtmolksi2g00c0nivg
4cf61a8c-75ba-11e8-97cd-00505681224b,c4dtn88kqp4g00aagdig
4cf7a852-1dd3-44a7-b2ca-ee4dfde70f05,cf8c7nnd49lg009lmegg
4cf7a852-1dd3-44a7-b2ca-ee4dfde70f05,cf8c7ou3mlvg0094aj00
4cfadd66-75ba-11e8-a788-00505681224b,c4dtmojvdq3000evljdg
4cfadd66-75ba-11e8-a788-00505681224b,c4dtn8lksi2g00c0njo0
4cfc5578-fa40-4a69-a864-07783bcc964a,c4e9e8j0tnc000c84u00
4cfc5578-fa40-4a69-a864-07783bcc964a,c4e9ke1lms9g00dephpg
4cffa042-75ba-11e8-818f-00505681224b,c4dtmorjknf000amgj4g
4cffa042-75ba-11e8-818f-00505681224b,c4dtn8kfjb0000cloor0
4d04631e-75ba-11e8-b6a9-00505681224b,c4dtmosu12qg0096ifa0
4d04631e-75ba-11e8-b6a9-00505681224b,c4dtn8kbq3o000abnvc0
4d0925fa-75ba-11e8-b9b8-00505681224b,c4dtmos7bhug00af65dg
4d0925fa-75ba-11e8-b9b8-00505681224b,c4dtn8ku12qg0096ig3g
4d0a5846-5851-45c3-b900-013bd67d0060,c4e9e8i11o1g008bvvf0
4d0a5846-5851-45c3-b900-013bd67d0060,c4e9kindeto00089scm0
4d0cb451-8f56-4a50-a116-a01df88f2593,c4e9e8m22pr000dqlecg
4d0cb451-8f56-4a50-a116-a01df88f2593,c4e9kmtksi2g00c0uq90
4d0de8d8-75ba-11e8-bafb-00505681224b,c4dtmoq11o1g008bpc9g
4d0de8d8-75ba-11e8-bafb-00505681224b,c4dtn8h2rh1g009etp4g
4d104a46-75ba-11e8-a9a0-00505681224b,c4dtmoqc0ku000aosu3g
4d104a46-75ba-11e8-a9a0-00505681224b,c4dtn8n2551g00d1audg
4d150d22-75ba-11e8-839d-00505681224b,c4dtmorjknf000amgj50
4d150d22-75ba-11e8-839d-00505681224b,c4dtn8vdeto00089likg
4d19cffe-75ba-11e8-9160-00505681224b,c4dtmooqui1g00dclp3g
4d19cffe-75ba-11e8-9160-00505681224b,c4dtn8tnv8a0008h4rgg
4d20f448-75ba-11e8-8057-00505681224b,c4dtmov2551g00d1atl0
4d20f448-75ba-11e8-8057-00505681224b,c4dtn8sbq3o000abnvcg
4d21319c-af52-44fc-8e2a-04fe3e663b0f,c4e9e34bq3o000abunkg
4d21319c-af52-44fc-8e2a-04fe3e663b0f,c4e9khr0tnc000c84ve0
4d2355b6-75ba-11e8-80e1-00505681224b,c4dtmoso26gg008qhla0
4d2355b6-75ba-11e8-80e1-00505681224b,c4dtn8u22pr000dqergg
4d281eec-ba98-43e2-b400-34e287e63a5d,c4e9e3211o1g008bvve0
4d281eec-ba98-43e2-b400-34e287e63a5d,c4e9ki7f3f9g0080s0fg
4d32a568-e47e-11eb-aca7-00505681224b,c4dtmp2c0ku000aosu40
4d32a568-e47e-11eb-aca7-00505681224b,c4dtn8so26gg008qhm4g
4d46ee63-bf2a-44ad-887c-40d623adce1f,c4e9e8ntarsg00au3na0
4d46ee63-bf2a-44ad-887c-40d623adce1f,c4e9kmvorvtg00d0aga0
4d5051f6-ab15-4aa7-bc66-3ada0cb2a63c,c4e9e8ndeto00089sb10
4d5051f6-ab15-4aa7-bc66-3ada0cb2a63c,c4e9kmr0tnc000c84vfg
4d50a211-a4a5-45f9-8381-5fc9be71ce12,c4e9e8kbq3o000abunl0
4d50a211-a4a5-45f9-8381-5fc9be71ce12,c4e9kisbq3o000abupkg
4d5467ed-7e69-4876-8513-cf96feeac842,c4e9e3e22pr000dqleb0
4d5467ed-7e69-4876-8513-cf96feeac842,c4e9knlksi2g00c0uq9g
4d6e3ef7-31b8-45cd-a741-ac736e6679c4,c4e9e3bjknf000amnd80
4d6e3ef7-31b8-45cd-a741-ac736e6679c4,c4e9kirvdq3000evtc1g
4d98ba38-e47e-11eb-a329-00505681224b,c4dtmp4u12qg0096ifag
4d98ba38-e47e-11eb-a329-00505681224b,c4dtn8tksi2g00c0njog
4d98becc-e438-4f8d-8efc-f02a84c30f04,cogupgon2q9g00f23o40
4d98becc-e438-4f8d-8efc-f02a84c30f04,cogupprnofvg00bgm2jg
4d9f210b-21ea-4f82-9ce8-9e33eb2a99dc,c4e9e38gdkfg00ckem40
4d9f210b-21ea-4f82-9ce8-9e33eb2a99dc,c4e9kiqc0ku000ap48ng
4df033f1-ae63-4153-b3a7-e38e7289dd9c,co72buhqkol000a8ublg
4df033f1-ae63-4153-b3a7-e38e7289dd9c,co72bujai11g00d562pg
4dfea7f8-e47e-11eb-84ee-00505681224b,c4dtmp7f3f9g0080krb0
4dfea7f8-e47e-11eb-84ee-00505681224b,c4dtn8q11o1g008bpcvg
4e2840f3-b530-4491-be9d-9d41a98be023,cngl6cc5646000ceq460
4e2840f3-b530-4491-be9d-9d41a98be023,cngl6ccpru2g00bj9m6g
4e3e6efd-2a45-47a1-8361-24986624d8dc,cf8c7onlle40009am1h0
4e3e6efd-2a45-47a1-8361-24986624d8dc,cf8c7ovd49lg009lmen0
4e42bae9-3036-4841-87f2-11c0b31ab3b8,c4e9e3ku12qg0096pitg
4e42bae9-3036-4841-87f2-11c0b31ab3b8,c4e9knggdkfg00ckeo0g
4e5ced63-9fc8-4078-bc37-504058ab5786,c4e9e8qc0ku000ap46pg
4e5ced63-9fc8-4078-bc37-504058ab5786,c4e9kip6lb7g00ceiso0
4e68d630-f55d-476d-b7bc-2b5784e3308b,c4e9e8rjknf000amnd90
4e68d630-f55d-476d-b7bc-2b5784e3308b,c4e9knkvfoog00ds2vh0
4ea8eb61-d7a2-4c3b-a3fb-91efd55843d5,c4e9e3lksi2g00c0uob0
4ea8eb61-d7a2-4c3b-a3fb-91efd55843d5,c4e9kiplms9g00dephq0
4eb3f818-eae8-4567-aa5f-389a3c2302ed,cobm1d0im8r000ftd91g
4eb3f818-eae8-4567-aa5f-389a3c2302ed,cobm1d1g8bvg00b4ilb0
4eca3558-e47e-11eb-9ff2-00505681224b,c4dtmp2lpbg0009nns50
4eca3558-e47e-11eb-9ff2-00505681224b,c4dtn8oqui1g00dclpqg
4ecb0ae6-3f9a-402d-b5fd-b5569c2cec17,c4e9e3vtarsg00au3n8g
4ecb0ae6-3f9a-402d-b5fd-b5569c2cec17,c4e9knm22pr000dqlg30
4ed2090c-d67e-451d-904b-bd184973b32f,cf8c7of6bs0g00842lj0
4ed2090c-d67e-451d-904b-bd184973b32f,cf8c7oqqhpqg00ct7g6g
4ed825ec-531e-4a26-a272-188fe933f133,cngl91rn5d9000dsapkg
4ed825ec-531e-4a26-a272-188fe933f133,cngl91t7tiqg00aju32g
4ee0505c-0725-4a3f-9910-59371dea6b4f,c4e9e3qc0ku000ap46o0
4ee0505c-0725-4a3f-9910-59371dea6b4f,c4e9knnl13i0009r7hf0
4ef205e7-f934-4fa7-8906-bc9d5ac96528,c4e9e44o26gg008qp7i0
4ef205e7-f934-4fa7-8906-bc9d5ac96528,c4e9knk7bhug00afcsh0
4f36d6cb-b713-4108-97d5-fe381259e254,cp03u5s5646000cms3hg
4f36d6cb-b713-4108-97d5-fe381259e254,cp03u5tqk3gg00cjr4q0
4f378c7d-7722-4831-bdac-2e6a521b9143,cnp7di28kqpg00antqeg
4f378c7d-7722-4831-bdac-2e6a521b9143,cnp7di3n5d9000dt9j6g
4f39dc35-47f3-4d71-88c5-ea9fc515920a,cobm1dbn5d9000e1lnig
4f39dc35-47f3-4d71-88c5-ea9fc515920a,cobm1dc5646000ck2ujg
4f5bf19e-8798-4505-a099-efac157ac9bc,cobm1dei5iag009v5d50
4f5bf19e-8798-4505-a099-efac157ac9bc,cobm1dhg8bvg00b4ilc0
4f7679c7-6cb7-419f-952c-274eddde95da,c4e9e43vdq3000evt9v0
4f7679c7-6cb7-419f-952c-274eddde95da,c4e9knkmi4og00d2bql0
4f81ebb3-955e-4678-87b6-319825cf8da8,cogupgo7ov20008ielrg
4f81ebb3-955e-4678-87b6-319825cf8da8,cogupgs10vk00088skj0
4f8ae646-d99c-4be4-8cea-acc084b89145,c4e9e4dnv8a0008hc120
4f8ae646-d99c-4be4-8cea-acc084b89145,c4e9kn12rh1g009f4gig
4fa54b0f-70dc-4240-81d6-d66809f29c80,c4e9e8nf3f9g0080ruig
4fa54b0f-70dc-4240-81d6-d66809f29c80,c4e9ksnf3f9g0080s0jg
4fb1621b-75ac-4899-b1c9-f53a26206661,co8chsbnofvg00bf9hi0
4fb1621b-75ac-4899-b1c9-f53a26206661,co8chsiase3000blcjkg
4fba20bd-f664-4f2c-98d7-9c96041453bd,cofkjhhg8bvg00b54g0g
4fba20bd-f664-4f2c-98d7-9c96041453bd,cofkjhk10vk00088mf2g
4fd3ab8f-2c57-41fd-bc4a-b85a185b30aa,c4e9e8k7bhug00afcqp0
4fd3ab8f-2c57-41fd-bc4a-b85a185b30aa,c4e9kn4bq3o000abupl0
4fdc3de9-0bca-4921-9ab2-9c2546367f63,coguph1gkbk0009jg710
4fdc3de9-0bca-4921-9ab2-9c2546367f63,coguph7lrmbg00b7qnhg
50164dc4-1ed7-4f27-83b4-dcb08f7711ad,c4e9e97l13i0009r7fe0
50164dc4-1ed7-4f27-83b4-dcb08f7711ad,c4e9knac0ku000ap48o0
5035a1b2-6e0d-438d-baf2-b5d33eb37723,c4e9e8rjknf000amnd9g
5035a1b2-6e0d-438d-baf2-b5d33eb37723,c4e9knftarsg00au3p60
503ddeac-ae01-4626-bb99-319fac4d4cd2,cmatmsvvfag000edbv2g
503ddeac-ae01-4626-bb99-319fac4d4cd2,cmatmup60h6000d9iurg
506d94ac-b11f-4d81-a69e-2e171e0169ef,c4e9e8r0tnc000c84u0g
506d94ac-b11f-4d81-a69e-2e171e0169ef,c4e9kn9lms9g00dephqg
5076b62b-8ac5-4410-aab6-d702996838ab,co8chsgim8r000fsn500
5076b62b-8ac5-4410-aab6-d702996838ab,co8chshqkol000a9djkg
508c9317-150e-4739-8a66-c1c18222e01e,c4e9e8p6lb7g00ceiqsg
508c9317-150e-4739-8a66-c1c18222e01e,c4e9kngkqp4g00aan4rg
508d421a-e47e-11eb-9825-00505681224b,c4dtmp4o26gg008qhlag
508d421a-e47e-11eb-9825-00505681224b,c4dtn947bhug00af662g
50ed3e5f-5baa-4c23-813c-c6c7148aa9b0,cngl6cbrfj6g00ad3peg
50ed3e5f-5baa-4c23-813c-c6c7148aa9b0,cngl6ckpru2g00bj9m70
50f6b248-e47e-11eb-aec0-00505681224b,c4dtmpelljag008ado1g
50f6b248-e47e-11eb-aec0-00505681224b,c4dtn90gdkfg00ck7uq0
5113e9e6-d42d-11e8-94b0-00505681224b,c4ephvlksi2g00c13rvg
5113e9e6-d42d-11e8-94b0-00505681224b,c4epi34bq3o000ac3hkg
5117e80d-7a74-4bcd-8afa-f276ce762ca1,c4e9e8vorvtg00d0ae7g
5117e80d-7a74-4bcd-8afa-f276ce762ca1,c4e9kngqui1g00dcsi70
512bb187-47e0-461e-a1f1-481f752b436e,c4e9e94o26gg008qp7jg
512bb187-47e0-461e-a1f1-481f752b436e,c4e9knjjknf000amnf60
512be25d-752d-4e46-be75-5ccf9467cad8,c4e9e90qui1g00dcsgh0
512be25d-752d-4e46-be75-5ccf9467cad8,c4e9knnf3f9g0080s0h0
513e1fd0-d42d-11e8-bbc8-00505681224b,c4ephvh2rh1g009f92pg
513e1fd0-d42d-11e8-bbc8-00505681224b,c4epi3a11o1g008c4hm0
51428cd8-d42d-11e8-9a76-00505681224b,c4ephv8qui1g00dd15qg
51428cd8-d42d-11e8-9a76-00505681224b,c4epi37f3f9g00811150
51498cf1-072d-451d-b6f7-1c0db4914ed0,co8chso1277000eg3m40
51498cf1-072d-451d-b6f7-1c0db4914ed0,co8chsvlrmbg00b6a3mg
514a9b94-d42d-11e8-a1ba-00505681224b,c4ephv8kqp4g00aarmdg
514a9b94-d42d-11e8-a1ba-00505681224b,c4epi3622pr000dqpvq0
5151bfe4-d42d-11e8-b8f9-00505681224b,c4ephvic0ku000ap9h50
5151bfe4-d42d-11e8-b8f9-00505681224b,c4epi34u12qg0096umrg
515517ea-7f5d-4c58-a302-505a947a5964,cod0789miud0009viilg
515517ea-7f5d-4c58-a302-505a947a5964,cod078h8t1lg00a8opsg
51567250-a6fb-4aed-9351-384c65211f9d,cod078jnofvg00bg6l40
51567250-a6fb-4aed-9351-384c65211f9d,cod078pgkbk0009iv9cg
5158e434-d42d-11e8-a91d-00505681224b,c4ephvko26gg008qutt0
5158e434-d42d-11e8-a91d-00505681224b,c4epi34mi4og00d2gde0
515c7559-8ef8-44e5-b987-af597a0584f1,cofkjhir4qng00afkbtg
515c7559-8ef8-44e5-b987-af597a0584f1,cofkjhpgkbk0009j9mrg
51600886-d42d-11e8-8ed5-00505681224b,c4ephvh6lb7g00cennf0
51600886-d42d-11e8-8ed5-00505681224b,c4epi37l13i0009rcrlg
51672cd4-d42d-11e8-b27b-00505681224b,c4ephvm1ja2g00ccjpmg
51672cd4-d42d-11e8-b27b-00505681224b,c4epi37f3f9g0081115g
516e5124-d42d-11e8-b44c-00505681224b,c4ephvdnv8a0008hh6mg
516e5124-d42d-11e8-b44c-00505681224b,c4epi2r0tnc000c89qrg
51731406-d42d-11e8-8d5b-00505681224b,c4ephvalpbg0009o3r4g
51731406-d42d-11e8-8d5b-00505681224b,c4epi2p2rh1g009f930g
5177a81e-d42d-11e8-8531-00505681224b,c4ephvac0ku000ap9h4g
5177a81e-d42d-11e8-8531-00505681224b,c4epi2so26gg008quu6g
5180ef6c-d42d-11e8-b578-00505681224b,c4ephvf2551g00d1m2b0
5180ef6c-d42d-11e8-b578-00505681224b,c4epi2plms9g00deu6q0
51891dc8-1825-11e8-a71e-00505681224b,c4dtmp9lms9g00deimsg
51891dc8-1825-11e8-a71e-00505681224b,c4dtn972551g00d1aue0
518a9c3e-d42d-11e8-b17e-00505681224b,c4ephve22pr000dqpvh0
518a9c3e-d42d-11e8-b17e-00505681224b,c4epi316lb7g00cennmg
519283e8-d42d-11e8-9e51-00505681224b,c4ephvbjknf000ams610
519283e8-d42d-11e8-9e51-00505681224b,c4epi37orvtg00d0f7gg
5195cfec-4717-48c5-99fc-09110b7ab0de,codla7bn5d9000e1uqbg
5195cfec-4717-48c5-99fc-09110b7ab0de,codla7i8kqpg00asg840
51963742-d2dc-474a-8315-ca41f040565a,coknvttorq7g008offh0
51963742-d2dc-474a-8315-ca41f040565a,coko0ev9iisg00a04j60
519c09a8-d42d-11e8-89c0-00505681224b,c4ephvalpbg0009o3r40
519c09a8-d42d-11e8-89c0-00505681224b,c4epi2u22pr000dqpvpg
51a0cc88-d42d-11e8-88d0-00505681224b,c4ephvcvfoog00ds7k30
51a0cc88-d42d-11e8-88d0-00505681224b,c4epi2sfjb0000cm5o3g
51adfa47-08e1-44cb-b74e-5e58337893ab,c4e9e90kqp4g00aan31g
51adfa47-08e1-44cb-b74e-5e58337893ab,c4e9knlksi2g00c0uqa0
51ea8bcc-a874-4619-9e1e-ff4c2e7af75d,c4e9e912rh1g009f4eq0
51ea8bcc-a874-4619-9e1e-ff4c2e7af75d,c4e9ksn2551g00d1hipg
5225af16-9a3f-4555-a64f-af8c54ba8e46,c4e9e97f3f9g0080ruj0
5225af16-9a3f-4555-a64f-af8c54ba8e46,c4e9knsmi4og00d2bqlg
522eebbe-22a4-4b26-b14c-fcb3aacb3527,c4e9edmlljag008akns0
522eebbe-22a4-4b26-b14c-fcb3aacb3527,c4e9kntnv8a0008hc36g
52493b9e-978f-422b-82f2-d10569a9395f,coguph81277000ehlt3g
52493b9e-978f-422b-82f2-d10569a9395f,cogupheudun000eiioug
5250202b-66db-4fc2-b97d-fce859e3f562,cei03gbtr21000f59rv0
5250202b-66db-4fc2-b97d-fce859e3f562,cei03gnjch3g00fos810
525e6920-91bd-4ee6-96ce-a14f6a12785a,c4e9edic0ku000ap46rg
525e6920-91bd-4ee6-96ce-a14f6a12785a,c4e9ksgqui1g00dcsi9g
5287af5b-360d-445b-8f2e-2e553fb7806e,cee0207s0e4g00dtmms0
5287af5b-360d-445b-8f2e-2e553fb7806e,cee020f6bs0g0081guhg
5290ac7a-1fb1-4916-b8fb-e51790d07196,c4e9e9211o1g008bvvfg
5290ac7a-1fb1-4916-b8fb-e51790d07196,c4e9knrjknf000amnf6g
529228a0-1a87-4361-a48c-ef6c9e31abdc,cod078torq7g008ng2gg
529228a0-1a87-4361-a48c-ef6c9e31abdc,cod078torq7g008ng2h0
5298b51a-3c7c-433d-9b6c-07f548e95b06,c4e9e97orvtg00d0ae80
5298b51a-3c7c-433d-9b6c-07f548e95b06,c4e9knogdkfg00ckeo10
52ad5617-e63d-4537-8ef6-07a60c92e58b,c4e9eeco26gg008qp7lg
52ad5617-e63d-4537-8ef6-07a60c92e58b,c4e9ksic0ku000ap48s0
52b84218-bcb2-40f6-ad23-108000b65cac,c4e9e94mi4og00d2bp10
52b84218-bcb2-40f6-ad23-108000b65cac,c4e9knoqui1g00dcsi7g
52b8430b-13e8-4bcb-8346-df3c4f9720d2,cofkjhoim8r000ftvqog
52b8430b-13e8-4bcb-8346-df3c4f9720d2,cofkjht7tiqg00apt53g
52bd1fff-1198-4f8a-9b41-1f652b9357f5,c4e9e97tarsg00au3nag
52bd1fff-1198-4f8a-9b41-1f652b9357f5,c4e9knqc0ku000ap48p0
52cb17f7-b86e-4db8-bd9f-7c711bf28d9f,c4e9ednl13i0009r7fgg
52cb17f7-b86e-4db8-bd9f-7c711bf28d9f,c4e9knokqp4g00aan4sg
52def5d6-a33d-4918-b656-85572b46b784,c4e9e97tarsg00au3nb0
52def5d6-a33d-4918-b656-85572b46b784,c4e9knokqp4g00aan4s0
52e20558-ff36-4a24-87ef-aa90f535e037,c4e9ee61ja2g00ccf6l0
52e20558-ff36-4a24-87ef-aa90f535e037,c4e9ksntarsg00au3p80
52e2a007-78d0-473e-8d7c-95a442977d5b,c4e9e9b0tnc000c84u20
52e2a007-78d0-473e-8d7c-95a442977d5b,c4e9knvtarsg00au3p70
52e8d93d-7d21-450d-a971-8720c9c89bda,cod07919galg00d30nlg
52e8d93d-7d21-450d-a971-8720c9c89bda,cod07945646000ckb52g
531154e8-e47e-11eb-9248-00505681224b,c4dtmp8kqp4g00aagcqg
531154e8-e47e-11eb-9248-00505681224b,c4dtn97l13i0009r022g
5317e48d-7647-4d1b-9184-dd0d72b5db9b,codla7jrfj6g00aj2n9g
5317e48d-7647-4d1b-9184-dd0d72b5db9b,codla7l7tiqg00apj000
5346ca7c-249a-46f4-9f71-70ff321a764e,c4e9e9vtarsg00au3nc0
5346ca7c-249a-46f4-9f71-70ff321a764e,c4e9knvtarsg00au3p6g
534a4a80-bcf2-4993-ad60-b534bcc16693,c4e9e996lb7g00ceiqt0
534a4a80-bcf2-4993-ad60-b534bcc16693,c4e9ksm1ja2g00ccf8gg
534b24e7-9bb1-47df-8f01-5c26ecc0bf5c,cp03u479iisg00a1uq30
534b24e7-9bb1-47df-8f01-5c26ecc0bf5c,cp03u4ei5iag00a2k750
5357b540-1e9e-42f6-ab88-c93572ba2425,c4e9e9e1ja2g00ccf6kg
5357b540-1e9e-42f6-ab88-c93572ba2425,c4e9ko72551g00d1hio0
53771b9a-e47e-11eb-a84a-00505681224b,c4dtmpcmi4og00d2540g
53771b9a-e47e-11eb-a84a-00505681224b,c4dtn90kqp4g00aagdjg
5397493a-7586-4817-aca8-1834987d844f,c4e9e9a11o1g008bvvg0
5397493a-7586-4817-aca8-1834987d844f,c4e9ko4o26gg008qp9n0
53b92833-f2c8-4b2b-bc13-94fe2c0a555c,cngl6cjn5d9000dsaph0
53b92833-f2c8-4b2b-bc13-94fe2c0a555c,cngl6cns7se0009tosv0
53d36bdf-6ef2-4271-8760-073be2fbe3dd,c4e9ee47bhug00afcqrg
53d36bdf-6ef2-4271-8760-073be2fbe3dd,c4e9ksku12qg0096pkig
53dce0ac-9f81-4e6d-85a3-a19e87215f5d,c4e9e98kqp4g00aan320
53dce0ac-9f81-4e6d-85a3-a19e87215f5d,c4e9kskbq3o000abuplg
53dd095a-e47e-11eb-90c0-00505681224b,c4dtmpa11o1g008bpca0
53dd095a-e47e-11eb-90c0-00505681224b,c4dtn930tnc000c7u0j0
53f23199-3ca3-423f-be79-427447ebe116,cofkji07ov20008i8ac0
53f23199-3ca3-423f-be79-427447ebe116,cofkji79iisg009vh56g
53f4f3c3-0405-482c-a15a-b94ffbc03f8e,cf8c7obtr21000f7bo9g
53f4f3c3-0405-482c-a15a-b94ffbc03f8e,cf8c7ost3gj000ckl7o0
53fb2e6e-6809-4bae-83bc-c1a78ee63fd0,co8chsrn5d9000e0v090
53fb2e6e-6809-4bae-83bc-c1a78ee63fd0,co8cht2r4qng00ae7vj0
53ff01fd-d91f-40e5-9d75-c693768848c8,c4e9e99lms9g00depfsg
53ff01fd-d91f-40e5-9d75-c693768848c8,c4e9ko7f3f9g0080s0hg
540933d9-d26b-4b90-8d3d-5d9bfc2d5f0d,c4e9e9qlpbg0009nus40
540933d9-d26b-4b90-8d3d-5d9bfc2d5f0d,c4e9ko2c0ku000ap48q0
5418775a-68e6-4a7d-bb48-3aaf3960bee6,co2emtk5646000ch8otg
5418775a-68e6-4a7d-bb48-3aaf3960bee6,co2emttralig008ojpk0
543ac6a9-8b96-4f4d-a208-3da2b8125620,c4e9e9ilpbg0009nus3g
543ac6a9-8b96-4f4d-a208-3da2b8125620,c4e9kodksi2g00c0uqb0
543baa76-b843-44df-b3d2-f51958a438fb,c4e9e9p2rh1g009f4er0
543baa76-b843-44df-b3d2-f51958a438fb,c4e9koogdkfg00ckeo1g
5442d00a-e47e-11eb-a2b2-00505681224b,c4dtmpnorvtg00d03jc0
5442d00a-e47e-11eb-a2b2-00505681224b,c4dtn93jknf000amgk0g
5451e74e-00dc-4dfe-9682-9f20ef93bd74,cee020d0p0eg0097h03g
5451e74e-00dc-4dfe-9682-9f20ef93bd74,cee020mnbbog009tf150
545a31c6-a777-4abf-a559-69cae30817fb,c4e9e9jjknf000amnda0
545a31c6-a777-4abf-a559-69cae30817fb,c4e9kokmi4og00d2bqmg
54790a22-fde0-4c2a-9031-14da9704bfdb,c4e9e9vdeto00089sb2g
54790a22-fde0-4c2a-9031-14da9704bfdb,c4e9kooqui1g00dcsi80
548e5115-3177-4de5-9e4d-91378e1160f7,codla4ui5iag009vfjng
548e5115-3177-4de5-9e4d-91378e1160f7,codla52f6nn0008uuq2g
54a47946-7e6f-4093-88a9-48e3f9fa1bd5,cnpsfqg1277000ecif2g
54a47946-7e6f-4093-88a9-48e3f9fa1bd5,cnpsfqh9galg00cuesb0
54a8bdca-e47e-11eb-b3c9-00505681224b,c4dtmpko26gg008qhlbg
54a8bdca-e47e-11eb-b3c9-00505681224b,c4dtn9co26gg008qhm50
54a93dfe-a357-4997-97c5-312ae0c84455,c4e9ea4vfoog00ds2trg
54a93dfe-a357-4997-97c5-312ae0c84455,c4e9koqc0ku000ap48qg
54ab1996-8677-49b1-ab4c-36ad5e349375,cofkji57tiqg00apt540
54ab1996-8677-49b1-ab4c-36ad5e349375,cofkjiflrmbg00b7jv30
54bbc575-feb0-4538-b516-945f40661ff6,c4e9edcfjb0000cm06ag
54bbc575-feb0-4538-b516-945f40661ff6,c4e9kov2551g00d1hiog
54cf8425-b1f4-4d1f-a4e0-23c4c6790a01,c4e9ea622pr000dqledg
54cf8425-b1f4-4d1f-a4e0-23c4c6790a01,c4e9kp6lljag008akpqg
550c781a-2630-4b5d-a5db-26c3c2416f71,c4e9ee4mi4og00d2bp20
550c781a-2630-4b5d-a5db-26c3c2416f71,c4e9kp2lpbg0009nuttg
55111533-e56b-42e6-a0f2-e0d36077bccc,co6d95o1277000efhd0g
55111533-e56b-42e6-a0f2-e0d36077bccc,co6d95qf6nn0008tblrg
553e1b4a-7359-4cd2-834c-d3ac38eba22a,coca0jdqk3gg00ch747g
553e1b4a-7359-4cd2-834c-d3ac38eba22a,coca0qk10vk0008897vg
5566a41e-98b7-45da-ba60-8e3d4fab699c,cee020c4op8000dbcga0
5566a41e-98b7-45da-ba60-8e3d4fab699c,cee020dgpjbg00ec12jg
556848ad-75e2-496f-9be2-54c8d37953c0,cngl6cpmiud0009pv10g
556848ad-75e2-496f-9be2-54c8d37953c0,cngl6cs5646000ceq470
556a796f-e169-45d6-aad9-3c965c9b5a7f,c4e9ea16lb7g00ceiqtg
556a796f-e169-45d6-aad9-3c965c9b5a7f,c4e9kp12rh1g009f4gk0
557a3128-f015-4dbf-bb9b-d6235de7c839,cofkjiaf6nn0008v9q10
557a3128-f015-4dbf-bb9b-d6235de7c839,cofkjibai11g00d6sag0
558176e8-ccd5-4af4-b772-a18c5be2c97f,cnnt752r4qng00aad8mg
558176e8-ccd5-4af4-b772-a18c5be2c97f,cnnt7587ov20008d5pcg
5599eca4-f62d-47dc-ba07-bdc8a3d698d0,c4e9ea8gdkfg00ckem60
5599eca4-f62d-47dc-ba07-bdc8a3d698d0,c4e9kpcfjb0000cm0860
55a5cae7-c5e5-4ecc-b60b-26e262548f3b,c4e9eaforvtg00d0ae90
55a5cae7-c5e5-4ecc-b60b-26e262548f3b,c4e9kp9lms9g00dephr0
55b8447d-e3c4-48ff-857e-2b9cf113cb35,c4e9edfl13i0009r7fg0
55b8447d-e3c4-48ff-857e-2b9cf113cb35,c4e9kuc7bhug00afcsk0
55c90f15-8a19-48e4-ad8d-77de3778ca9b,codla51g8bvg00b4r4cg
55c90f15-8a19-48e4-ad8d-77de3778ca9b,codla5d7tiqg00apivrg
55cc674d-9611-4889-b411-e387bdbce283,c4e9edcfjb0000cm06a0
55cc674d-9611-4889-b411-e387bdbce283,c4e9kualpbg0009nuu00
56134a48-e47e-11eb-9ff0-00505681224b,c4dtmpmlljag008ado20
56134a48-e47e-11eb-9ff0-00505681224b,c4dtn9e22pr000dqerh0
56391b9f-0936-4a59-aab6-ea475b279947,c4e9ee9lms9g00depg00
56391b9f-0936-4a59-aab6-ea475b279947,c4e9ksp6lb7g00ceisqg
564e2ade-ab62-4067-b2aa-5f7c69eb337f,c4e9eku1ja2g00ccf6ng
564e2ade-ab62-4067-b2aa-5f7c69eb337f,c4e9l38qui1g00dcsibg
567f5288-e47e-11eb-90a5-00505681224b,c4dtmpilpbg0009nns5g
567f5288-e47e-11eb-90a5-00505681224b,c4dtn9elljag008adol0
5692788e-9fa0-4bb5-9117-9e0d4ce17b2e,coguph87ov20008ielsg
5692788e-9fa0-4bb5-9117-9e0d4ce17b2e,coguphk5646000ckqna0
56993952-0e96-45f9-a28a-3c7b272e8687,cod0791miud0009viin0
56993952-0e96-45f9-a28a-3c7b272e8687,cod079410vk00088cio0
56b96bef-e915-4f05-8ed4-fad42d3e05f7,codla59gkbk0009ivno0
56b96bef-e915-4f05-8ed4-fad42d3e05f7,codla5c10vk00088ct1g
57035e6f-d1a0-4dc4-833e-88213ccc7541,c4e9eefl13i0009r7fhg
57035e6f-d1a0-4dc4-833e-88213ccc7541,c4e9ksqlpbg0009nutvg
572824e8-6485-48ac-930f-fbf5e5a66050,c4e9edlksi2g00c0uoeg
572824e8-6485-48ac-930f-fbf5e5a66050,c4e9ksvorvtg00d0agcg
573244ac-dfdd-4fc5-a431-b7203649b64d,cech72aac3n000ekk7a0
573244ac-dfdd-4fc5-a431-b7203649b64d,cechedqac3n000ekkb6g
575ae650-5445-4aec-8f2e-7b69940bd5f5,c4e9edjjknf000amndb0
575ae650-5445-4aec-8f2e-7b69940bd5f5,c4e9l3fdeto00089scp0
576aeb0a-e47e-11eb-b573-00505681224b,c4dtmpndeto00089li00
576aeb0a-e47e-11eb-b573-00505681224b,c4dtn9ftarsg00atsr30
576bce14-92e1-44ba-b539-d596da06cb2a,cngl6cs10vk00082s8v0
576bce14-92e1-44ba-b539-d596da06cb2a,cngl6ctralig008m3m6g
57720dac-4901-4cd4-b81f-59578646b4ba,cofkjigim8r000ftvqq0
57720dac-4901-4cd4-b81f-59578646b4ba,cofkjijn5d9000e295rg
57891272-74c0-4ba2-b4d1-553af961b723,c4e9edvf3f9g0080rulg
57891272-74c0-4ba2-b4d1-553af961b723,c4e9ksvorvtg00d0agd0
57999db6-6db5-4dae-b229-7c838ac15ced,c4e9edvf3f9g0080rum0
57999db6-6db5-4dae-b229-7c838ac15ced,c4e9kssvfoog00ds2vjg
57a60444-663d-413f-8aa3-d44e7af80414,cofkjig7ov20008i8acg
57a60444-663d-413f-8aa3-d44e7af80414,cofkjijrfj6g00aje170
57bbc988-994d-4865-9c12-5b87fd348f5e,cofkj5g1277000eheudg
57bbc988-994d-4865-9c12-5b87fd348f5e,cofkj62f6nn0008v9q00
57d73154-dcf4-45a3-b03f-48760cd3d064,cf8c7nnd49lg009lmeg0
57d73154-dcf4-45a3-b03f-48760cd3d064,cf8c7ovrci6g009pvmq0
57e738ab-b092-4e5a-ac01-a78fbd924c20,c4e9edoqui1g00dcsgig
57e738ab-b092-4e5a-ac01-a78fbd924c20,c4e9kssmi4og00d2bqo0
57ed91c8-67d8-4b23-b9df-d4cf7f533a35,c4e9edvorvtg00d0aea0
57ed91c8-67d8-4b23-b9df-d4cf7f533a35,c4e9l3a11o1g008c01bg
57f047a8-e47e-11eb-8303-00505681224b,c4dtmpn2551g00d1atlg
57f047a8-e47e-11eb-8303-00505681224b,c4dtn992rh1g009etp5g
57f23984-4a55-43c3-8aeb-bdc30064566b,c4e9ekso26gg008qp7og
57f23984-4a55-43c3-8aeb-bdc30064566b,c4e9l3forvtg00d0age0
58074749-65cf-47d9-b4b3-1e83e959503b,c4e9edrjknf000amndbg
58074749-65cf-47d9-b4b3-1e83e959503b,c4e9kssu12qg0096pkj0
58126783-69e6-4204-b3f9-dbb1a5d8925b,c4e9ee61ja2g00ccf6lg
58126783-69e6-4204-b3f9-dbb1a5d8925b,c4e9ksulljag008akps0
5820fe35-535f-408a-91d9-2c0998d17850,c4e9eealpbg0009nus60
5820fe35-535f-408a-91d9-2c0998d17850,c4e9kssbq3o000abupmg
583bd0e3-5a29-48dc-8cbb-5c2ae81e25b8,c4e9eefl13i0009r7fh0
583bd0e3-5a29-48dc-8cbb-5c2ae81e25b8,c4e9kt72551g00d1hiq0
584afe82-a3e6-4810-a918-2ec388d75d18,cngl6d07ov20008cb71g
584afe82-a3e6-4810-a918-2ec388d75d18,cngl6d5ralig008m3m70
58a03968-731b-432b-9dbc-9e33a2fa540e,co8cht0n2q9g00f0iacg
58a03968-731b-432b-9dbc-9e33a2fa540e,co8cht410vk00087eo80
58a09320-31f2-426a-b081-2454691f2966,c4e9ee9lms9g00depfvg
58a09320-31f2-426a-b081-2454691f2966,c4e9kt7deto00089scog
58acb389-f1d1-446f-9621-2ca1cd38e50b,c4e9eecvfoog00ds2tsg
58acb389-f1d1-446f-9621-2ca1cd38e50b,c4e9l38qui1g00dcsic0
58f20329-1c3f-4c18-9257-a5aa0714ada6,c4e9eeelljag008aknt0
58f20329-1c3f-4c18-9257-a5aa0714ada6,c4e9kt7orvtg00d0agdg
58f379f8-c26c-4e13-92a7-7eab0d80c68d,cf8c7oaqhpqg00ct7g5g
58f379f8-c26c-4e13-92a7-7eab0d80c68d,cf8c7otgpjbg00eeha60
590585fc-cf37-42bb-bf97-5b6b865c8570,cngl91ui5iag009pbcr0
590585fc-cf37-42bb-bf97-5b6b865c8570,cngl9207ov20008cb790
5924f689-0781-4295-a8b0-a385cb722bfd,c4e9eenorvtg00d0aeb0
5924f689-0781-4295-a8b0-a385cb722bfd,c4e9kt47bhug00afcsjg
593a500f-25cc-47c9-83a7-92ddab46c54c,cofkjion2q9g00f1stig
593a500f-25cc-47c9-83a7-92ddab46c54c,cofkjiq8kqpg00asqda0
594672f6-40d7-4af5-98f4-7c9120ebb2f8,cod0798n2q9g00f1i0c0
594672f6-40d7-4af5-98f4-7c9120ebb2f8,cod079af6nn0008uu9v0
594a87cd-3656-4b3f-8974-27528bd2ae06,cnpsfqrrfj6g00ae7p2g
594a87cd-3656-4b3f-8974-27528bd2ae06,cnpsfqs5646000cfss80
594ea3c4-d387-4666-b699-639bbbe83200,c4e9eekbq3o000abuno0
594ea3c4-d387-4666-b699-639bbbe83200,c4e9kt622pr000dqlg4g
595781f2-ac7b-4f12-8d54-285dc5c9d653,c4e9eegkqp4g00aan33g
595781f2-ac7b-4f12-8d54-285dc5c9d653,c4e9kt0kqp4g00aan4u0
5962954e-3c37-47af-bab8-2abad3db991c,c4e9eegqui1g00dcsgjg
5962954e-3c37-47af-bab8-2abad3db991c,c4e9ktco26gg008qp9og
596e36dc-f0ca-11e7-9ae8-00505681224b,c4dtmplnv8a0008h4qqg
596e36dc-f0ca-11e7-9ae8-00505681224b,c4dtn9bvdq3000evlk40
599fbf56-fddf-4a84-97bd-6843f06883d6,c4e9ekrvdq3000evta40
599fbf56-fddf-4a84-97bd-6843f06883d6,c4e9ktac0ku000ap48sg
59ae2b8f-9267-4f66-bb3c-c91cc60ff3ef,coguphi8kqpg00at121g
59ae2b8f-9267-4f66-bb3c-c91cc60ff3ef,coguphn9iisg009vnqcg
59bd46f2-f333-4b6e-9465-f08d5942a987,co8cht1qkol000a9djlg
59bd46f2-f333-4b6e-9465-f08d5942a987,co8chtar4qng00ae7vjg
59c8d98b-6d35-4dc7-a58f-8362b4c1efa4,c4e9een2551g00d1hh00
59c8d98b-6d35-4dc7-a58f-8362b4c1efa4,c4e9l3b0tnc000c84vig
59e77045-8557-4546-ba26-447effbd38a6,c4e9ekku12qg0096pj2g
59e77045-8557-4546-ba26-447effbd38a6,c4e9l39lms9g00dephu0
59ef4bfa-e47e-11eb-b1f4-00505681224b,c4dtmpvf3f9g0080krc0
59ef4bfa-e47e-11eb-b1f4-00505681224b,c4dtn9forvtg00d03k2g
59f0804a-2418-4172-bb29-675dd6ef6e2a,cp03u498t1lg00ablct0
59f0804a-2418-4172-bb29-675dd6ef6e2a,cp03u4bn5d9000e4mhjg
5a0c20f1-50f5-4bf3-bd58-9d1af524d2e0,cp6mru01277000ekmshg
5a0c20f1-50f5-4bf3-bd58-9d1af524d2e0,cp6mrubn5d9000e5eacg
5a3f9577-4799-4ec7-9767-740b1ebb4d7f,c4e9ekvtarsg00au3nh0
5a3f9577-4799-4ec7-9767-740b1ebb4d7f,c4e9l38kqp4g00aan4v0
5a427371-4922-4608-a804-af904a0b925a,c4e9ekso26gg008qp7o0
5a427371-4922-4608-a804-af904a0b925a,c4e9l392rh1g009f4gn0
5a4294d2-077e-45b9-9802-f288489bc8f4,cnoial0n2q9g00esq3u0
5a4294d2-077e-45b9-9802-f288489bc8f4,cnoialdralig008mvl40
5a65f8fd-63c7-496c-ae49-569f0a260972,cnpsfo1qkol000a5nj20
5a65f8fd-63c7-496c-ae49-569f0a260972,cnpsfo7s7se0009usj9g
5a795691-b213-4041-92ae-175d4cd36ff3,c4e9eejjknf000amndc0
5a795691-b213-4041-92ae-175d4cd36ff3,c4e9kuj0tnc000c84vhg
5a86907e-51cf-45d3-a943-f748cc57a9c1,co14hb5orq7g008jlha0
5a86907e-51cf-45d3-a943-f748cc57a9c1,co14hb5qk3gg00cdkgp0
5a8fa2b1-fb05-4b98-bb8a-c005a9cd7f83,c4e9eek7bhug00afcqsg
5a8fa2b1-fb05-4b98-bb8a-c005a9cd7f83,c4e9kuh6lb7g00ceisr0
5ac379ce-09c2-44d9-82ef-0c902ec3e6a6,cofkjio1qiv000f47vng
5ac379ce-09c2-44d9-82ef-0c902ec3e6a6,cofkjj1jhmbg00fgoudg
5acf9069-17ac-4ec8-a804-71da85aaa8fd,c4e9eeko26gg008qp7mg
5acf9069-17ac-4ec8-a804-71da85aaa8fd,c4e9kuq11o1g008c01a0
5ad8a079-d985-4671-a30e-6c8d32eb3e62,c4e9eevtarsg00au3neg
5ad8a079-d985-4671-a30e-6c8d32eb3e62,c4e9l3jvdq3000evtc3g
5aea91ac-93d7-4755-83d6-568dfbef975a,c4e9ektksi2g00c0uog0
5aea91ac-93d7-4755-83d6-568dfbef975a,c4e9l3lnv8a0008hc3c0
5b0936ca-1825-11e8-b055-00505681224b,c4dtmpsmi4og00d25410
5b0936ca-1825-11e8-b055-00505681224b,c4dtn9jjknf000amgk10
5b0b9758-643a-481a-b103-2155c22bbd76,c4e9eetnv8a0008hc16g
5b0b9758-643a-481a-b103-2155c22bbd76,c4e9l3h6lb7g00ceissg
5b2166af-8c3f-492e-8a1f-b50bc8ba262a,c4e9eevf3f9g0080rumg
5b2166af-8c3f-492e-8a1f-b50bc8ba262a,c4e9la12rh1g009f4gq0
5b2533e8-e47e-11eb-8b90-00505681224b,c4dtmpokqp4g00aagcr0
5b2533e8-e47e-11eb-8b90-00505681224b,c4dtn9hlms9g00deinig
5b37bcbf-2e96-487c-a9a8-dabef146be5b,c4e9ekq11o1g008bvvjg
5b37bcbf-2e96-487c-a9a8-dabef146be5b,c4e9l3h6lb7g00ceiss0
5b6e9cbc-4b2b-478c-ac7e-a09b7297df2e,c4e9ekv2551g00d1hh10
5b6e9cbc-4b2b-478c-ac7e-a09b7297df2e,c4e9l3mlljag008akpu0
5b97c555-f814-4dbb-8153-7d05f4f97629,c4e9eksfjb0000cm06c0
5b97c555-f814-4dbb-8153-7d05f4f97629,c4e9l9ic0ku000ap4900
5b99ec9f-4cc8-4bdc-8c1f-b23ae9c1dee4,cofkjj1miud0009vscig
5b99ec9f-4cc8-4bdc-8c1f-b23ae9c1dee4,cofkjj6i5iag009vrgs0
5b9be4bd-b2a0-49ec-bd37-8948f33afc3c,c4e9el7f3f9g0080ruog
5b9be4bd-b2a0-49ec-bd37-8948f33afc3c,c4e9l9smi4og00d2bqtg
5bac16a6-0141-4c57-8c3f-a0b734da0870,c4e9ekvf3f9g0080ruo0
5bac16a6-0141-4c57-8c3f-a0b734da0870,c4e9l3ndeto00089scpg
5bacaac3-7d46-4083-90f6-91441e6cbaf1,cobm1dir4qng00aevg1g
5bacaac3-7d46-4083-90f6-91441e6cbaf1,cobm1dk10vk0008849n0
5bbb91dd-0054-4b1f-a2ae-03ea5218eedc,c4e9ekqlpbg0009nus80
5bbb91dd-0054-4b1f-a2ae-03ea5218eedc,c4e9l9vorvtg00d0agh0
5bc4db01-9d26-4810-9136-53adcde63b82,c4e9el3vdq3000evta50
5bc4db01-9d26-4810-9136-53adcde63b82,c4e9l9ulljag008akpvg
5bd7e537-4235-47e9-82e9-d1c84cb2c0a3,cnv582pmiud0009rold0
5bd7e537-4235-47e9-82e9-d1c84cb2c0a3,cnv582vs7se0009vh6kg
5be2d279-a74c-41fb-863e-0e013c86e0bd,cf8c7oeea3q0008b14tg
5be2d279-a74c-41fb-863e-0e013c86e0bd,cf8c7ojo765000dka4rg
5beaab67-8f73-4dab-b663-dc8d5cbb126c,cf8c7o80oqo000bbt770
5beaab67-8f73-4dab-b663-dc8d5cbb126c,cf8c7ovs0e4g00e051v0
5bf54c98-49fe-4e2d-809c-bef305228a82,cp03u4hqkol000ad0hng
5bf54c98-49fe-4e2d-809c-bef305228a82,cp03u4iase3000boqrdg
5bf8a90e-2234-48f2-b3c0-545363b58da3,c4e9el16lb7g00ceir1g
5bf8a90e-2234-48f2-b3c0-545363b58da3,c4e9l3p2rh1g009f4gng
5bfc5754-288b-11e8-a39d-00505681224b,c4dtmps7bhug00af65eg
5bfc5754-288b-11e8-a39d-00505681224b,c4dtn9lnv8a0008h4ri0
5c05dce8-288b-11e8-9e1d-00505681224b,c4dtmpu22pr000dqeqmg
5c05dce8-288b-11e8-9e1d-00505681224b,c4dtn9kfjb0000cloosg
5c083e4c-288b-11e8-aba5-00505681224b,c4dtmpsvfoog00drs52g
5c083e4c-288b-11e8-aba5-00505681224b,c4dtn9lksi2g00c0njp0
5c0bf9c3-0b41-4548-8753-6f6365246050,cnt5uv99galg00cup0r0
5c0bf9c3-0b41-4548-8753-6f6365246050,cnt5uvn9iisg009r2970
5c0d0118-288b-11e8-96e6-00505681224b,c4dtmpogdkfg00ck7u5g
5c0d0118-288b-11e8-96e6-00505681224b,c4dtn9ic0ku000aosuug
5c0eb891-c7bf-46e9-ae9b-cae6365bc833,c4e9el6lljag008aknv0
5c0eb891-c7bf-46e9-ae9b-cae6365bc833,c4e9l9svfoog00ds2vmg
5c0f627a-288b-11e8-8f23-00505681224b,c4dtmpvl13i0009r01c0
5c0f627a-288b-11e8-8f23-00505681224b,c4dtn9i11o1g008bpd0g
5c136953-9b54-4901-ac41-645e6f25097b,c4e9el4o26gg008qp7p0
5c136953-9b54-4901-ac41-645e6f25097b,c4e9l3smi4og00d2bqrg
5c142546-288b-11e8-a546-00505681224b,c4dtmq5ksi2g00c0nj10
5c142546-288b-11e8-a546-00505681224b,c4dtn9k7bhug00af663g
5c1686ac-288b-11e8-b8c4-00505681224b,c4dtmq7tarsg00atsqfg
5c1686ac-288b-11e8-b8c4-00505681224b,c4dtn9jvdq3000evlk4g
5c1b4976-288b-11e8-8e0b-00505681224b,c4dtmq0kqp4g00aagcrg
5c1b4976-288b-11e8-8e0b-00505681224b,c4dtn9s7bhug00af6640
5c203f94-9dd8-47ba-bae2-5fd6508f9486,cp03u4hg8bvg00b7eerg
5c203f94-9dd8-47ba-bae2-5fd6508f9486,cp03u4mudun000ekk4m0
5c226da4-288b-11e8-98ed-00505681224b,c4dtmq4bq3o000abnun0
5c226da4-288b-11e8-98ed-00505681224b,c4dtn9vdeto00089lim0
5c24cf0a-288b-11e8-9bc1-00505681224b,c4dtmq4mi4og00d2541g
5c24cf0a-288b-11e8-9bc1-00505681224b,c4dtn9tnv8a0008h4rig
5c2bf338-288b-11e8-a06b-00505681224b,c4dtmq3jknf000amgj6g
5c2bf338-288b-11e8-a06b-00505681224b,c4dtn9okqp4g00aagdk0
5c30b602-288b-11e8-ab45-00505681224b,c4dtmq3vdq3000evljfg
5c30b602-288b-11e8-ab45-00505681224b,c4dtn9r0tnc000c7u0k0
5c331766-288b-11e8-891c-00505681224b,c4dtmq7l13i0009r01cg
5c331766-288b-11e8-891c-00505681224b,c4dtn9rjknf000amgk20
5c3408e4-30ab-411d-afd4-6fa9aee4b243,c4e9epcbq3o000abunr0
5c3408e4-30ab-411d-afd4-6fa9aee4b243,c4e9l3v2551g00d1hirg
5c37da30-288b-11e8-abae-00505681224b,c4dtmqforvtg00d03jcg
5c37da30-288b-11e8-abae-00505681224b,c4dtn9p6lb7g00cebsbg
5c3c9cfa-288b-11e8-8307-00505681224b,c4dtmqdnv8a0008h4qrg
5c3c9cfa-288b-11e8-8307-00505681224b,c4dtn9ulljag008adolg
5c415fc6-288b-11e8-b647-00505681224b,c4dtmqdksi2g00c0nj1g
5c415fc6-288b-11e8-b647-00505681224b,c4dtna211o1g008bpd10
5c445f88-e47e-11eb-937e-00505681224b,c4dtmqcbq3o000abnung
5c445f88-e47e-11eb-937e-00505681224b,c4dtna4vfoog00drs5ng
5c462290-288b-11e8-9df5-00505681224b,c4dtmqfdeto00089li10
5c462290-288b-11e8-9df5-00505681224b,c4dtna47bhug00af664g
5c4650b6-dc73-4abc-9221-d3cf23f011c6,cmaukoi4eeog00dnrffg
5c4650b6-dc73-4abc-9221-d3cf23f011c6,cmaukpbo66dg00blnm90
5c4883f4-288b-11e8-8217-00505681224b,c4dtmq8kqp4g00aagcs0
5c4883f4-288b-11e8-8217-00505681224b,c4dtna5nv8a0008h4rj0
5c493c24-34de-4ab9-9455-32fc3398f7b0,cnpsfo8n2q9g00esvmq0
5c493c24-34de-4ab9-9455-32fc3398f7b0,cnpsfofs7se0009usja0
5c4d46be-288b-11e8-a57f-00505681224b,c4dtmqbjknf000amgj70
5c4d46be-288b-11e8-a57f-00505681224b,c4dtna7tarsg00atsr4g
5c4fa824-288b-11e8-be5b-00505681224b,c4dtmqfl13i0009r01d0
5c4fa824-288b-11e8-be5b-00505681224b,c4dtna7deto00089limg
5c546aee-288b-11e8-92e6-00505681224b,c4dtmqfdeto00089li1g
5c546aee-288b-11e8-92e6-00505681224b,c4dtna3jknf000amgk2g
5c55b649-19f9-489d-9491-388df5568f0e,c4e9eplksi2g00c0uoig
5c55b649-19f9-489d-9491-388df5568f0e,c4e9l3svfoog00ds2vkg
5c56cc52-288b-11e8-a122-00505681224b,c4dtmqm22pr000dqeqng
5c56cc52-288b-11e8-a122-00505681224b,c4dtna7tarsg00atsr50
5c592db6-288b-11e8-8089-00505681224b,c4dtmqm1ja2g00cc8jv0
5c592db6-288b-11e8-8089-00505681224b,c4dtnabjknf000amgk30
5c603057-474d-4a83-8a15-94d0078e336f,c4e9el0qui1g00dcsgl0
5c603057-474d-4a83-8a15-94d0078e336f,c4e9l3rvdq3000evtc40
5c647a2c-c258-4386-a9bd-50ff92a456b2,cofkjj8im8r000ftvqqg
5c647a2c-c258-4386-a9bd-50ff92a456b2,cofkjjbnofvg00bgg2ug
5c6514b0-288b-11e8-b1ea-00505681224b,c4dtmqggdkfg00ck7u7g
5c6514b0-288b-11e8-b1ea-00505681224b,c4dtnafdeto00089lin0
5c69d77a-288b-11e8-bf0f-00505681224b,c4dtmqnf3f9g0080krcg
5c69d77a-288b-11e8-bf0f-00505681224b,c4dtnacu12qg0096ig5g
5c6e9a46-288b-11e8-bdf7-00505681224b,c4dtmqic0ku000aosu5g
5c6e9a46-288b-11e8-bdf7-00505681224b,c4dtna96lb7g00cebsc0
5c6eb6b2-c255-43a8-8249-3f3721b10fd6,cofkjjeudun000eicokg
5c6eb6b2-c255-43a8-8249-3f3721b10fd6,cofkjjjnofvg00bgg2vg
5c70fba8-288b-11e8-8842-00505681224b,c4dtmqkmi4og00d25420
5c70fba8-288b-11e8-8842-00505681224b,c4dtnaf2551g00d1auf0
5c781fd8-288b-11e8-8ff7-00505681224b,c4dtmqlnv8a0008h4qs0
5c781fd8-288b-11e8-8ff7-00505681224b,c4dtnaa11o1g008bpd1g
5c7ce2a2-288b-11e8-9a35-00505681224b,c4dtmqtnv8a0008h4qsg
5c7ce2a2-288b-11e8-9a35-00505681224b,c4dtnaalpbg0009nnssg
5c7f4408-288b-11e8-81b8-00505681224b,c4dtmqvorvtg00d03jd0
5c7f4408-288b-11e8-81b8-00505681224b,c4dtnaalpbg0009nnst0
5c8256c8-5ff9-46e2-a97a-64bdcee74951,c4e9el7deto00089sb50
5c8256c8-5ff9-46e2-a97a-64bdcee74951,c4e9l3qc0ku000ap48u0
5c8406d2-288b-11e8-a904-00505681224b,c4dtmqr0tnc000c7tvv0
5c8406d2-288b-11e8-a904-00505681224b,c4dtnacfjb0000clootg
5c94b094-288b-11e8-b01a-00505681224b,c4dtmqrvdq3000evljg0
5c94b094-288b-11e8-b01a-00505681224b,c4dtnaj0tnc000c7u0l0
5c9bd4c2-288b-11e8-b96e-00505681224b,c4dtmqsvfoog00drs53g
5c9bd4c2-288b-11e8-b96e-00505681224b,c4dtnanorvtg00d03k40
5ca32364-7389-49a9-974b-52ac7fb32a98,cod07987ov20008hu9ug
5ca32364-7389-49a9-974b-52ac7fb32a98,cod079gim8r000ftlorg
5cd8e87f-52d7-48a5-b725-8df085b2d39a,c4e9ep8kqp4g00aan380
5cd8e87f-52d7-48a5-b725-8df085b2d39a,c4e9l43vdq3000evtc4g
5ce99057-6fb4-4f06-bc63-8b2a853c4ca8,c4e9el6lljag008aknvg
5ce99057-6fb4-4f06-bc63-8b2a853c4ca8,c4e9l47f3f9g0080s0m0
5ceeaa59-31f2-4e24-8b75-7ed154c2888c,cofkjjhjhmbg00fgoueg
5ceeaa59-31f2-4e24-8b75-7ed154c2888c,cofkjjk5646000ckkp90
5d0530c1-c366-4277-bc83-a6d2cb9441d2,cofkjjmudun000eicol0
5d0530c1-c366-4277-bc83-a6d2cb9441d2,cofkjjrn5d9000e295t0
5d136e77-ca5d-447c-851c-768019a8771b,c4e9el4mi4og00d2bp3g
5d136e77-ca5d-447c-851c-768019a8771b,c4e9l9ku12qg0096pkng
5d17ae72-3aab-406a-b783-2d50aaf8da36,c4e9el72551g00d1hh20
5d17ae72-3aab-406a-b783-2d50aaf8da36,c4e9l430tnc000c84vj0
5d342921-80bc-47f3-a11e-2ec7e6e2eb52,coabrm99galg00d27ib0
5d342921-80bc-47f3-a11e-2ec7e6e2eb52,coabrmjn5d9000e13qt0
5d3df83d-bd11-4985-8b02-a6d417885b9a,c4e9el3jknf000amnde0
5d3df83d-bd11-4985-8b02-a6d417885b9a,c4e9l9q11o1g008c01cg
5d5660cc-93fd-4cf3-9aed-0286afeeaf4b,cf8c7nnjch3g00fqvlng
5d5660cc-93fd-4cf3-9aed-0286afeeaf4b,cf8c7ol0p0eg0099uhk0
5d57a698-2e00-4e82-9dba-45e2833e8085,cp03u4o1qiv000f6mucg
5d57a698-2e00-4e82-9dba-45e2833e8085,cp03u4torq7g008q9h3g
5d6983b4-5cef-437e-b3f6-702141cf1121,cod079gn2q9g00f1i0d0
5d6983b4-5cef-437e-b3f6-702141cf1121,cod079k5646000ckb53g
5d70240c-005e-11ea-9c8e-00505681224b,c4dtmqulljag008ado30
5d70240c-005e-11ea-9c8e-00505681224b,c4dtnako26gg008qhm6g
5d7601b8-e47e-11eb-b7e9-00505681224b,c4dtmqq11o1g008bpcc0
5d7601b8-e47e-11eb-b7e9-00505681224b,c4dtnam1ja2g00cc8kkg
5d77eca2-005e-11ea-bdfc-00505681224b,c4dtmr2lpbg0009nns70
5d77eca2-005e-11ea-bdfc-00505681224b,c4dtnalksi2g00c0njpg
5d7c80be-005e-11ea-b573-00505681224b,c4dtmqv2551g00d1atn0
5d7c80be-005e-11ea-b573-00505681224b,c4dtnai11o1g008bpd20
5d7fdc4a-005e-11ea-9c60-00505681224b,c4dtmr4u12qg0096ifdg
5d7fdc4a-005e-11ea-9c60-00505681224b,c4dtnalksi2g00c0njq0
5d8385fa-005e-11ea-bcad-00505681224b,c4dtmr7orvtg00d03jdg
5d8385fa-005e-11ea-bcad-00505681224b,c4dtnakmi4og00d254o0
5d87cbf0-005e-11ea-bd58-00505681224b,c4dtmr12rh1g009eton0
5d87cbf0-005e-11ea-bd58-00505681224b,c4dtnalnv8a0008h4rjg
5d8e5bf8-005e-11ea-ae4f-00505681224b,c4dtmr4bq3o000abnuog
5d8e5bf8-005e-11ea-ae4f-00505681224b,c4dtnap2rh1g009etp6g
5d933e38-005e-11ea-ae09-00505681224b,c4dtmr4vfoog00drs540
5d933e38-005e-11ea-ae09-00505681224b,c4dtnas7bhug00af665g
5d9369eb-e84b-4204-8c18-4b848778799a,codla5hqkol000aacaa0
5d9369eb-e84b-4204-8c18-4b848778799a,codla5ir4qng00af94tg
5d97ab42-005e-11ea-a23f-00505681224b,c4dtmr8kqp4g00aagct0
5d97ab42-005e-11ea-a23f-00505681224b,c4dtnaqc0ku000aosuvg
5d9c3f5e-005e-11ea-8316-00505681224b,c4dtmra11o1g008bpccg
5d9c3f5e-005e-11ea-8316-00505681224b,c4dtnavorvtg00d03k4g
5da28140-005e-11ea-8d94-00505681224b,c4dtmre1ja2g00cc8k00
5da28140-005e-11ea-8d94-00505681224b,c4dtnasfjb0000clooug
5da78a92-005e-11ea-8fc0-00505681224b,c4dtmrdnv8a0008h4qtg
5da78a92-005e-11ea-8fc0-00505681224b,c4dtnaogdkfg00ck7uqg
5daf5328-005e-11ea-bd47-00505681224b,c4dtmrco26gg008qhldg
5daf5328-005e-11ea-bd47-00505681224b,c4dtnb1lms9g00deink0
5db2fcd8-005e-11ea-bcdc-00505681224b,c4dtmr8gdkfg00ck7u8g
5db2fcd8-005e-11ea-bcdc-00505681224b,c4dtnb0kqp4g00aagdl0
5db60a40-005e-11ea-b4d1-00505681224b,c4dtmr8qui1g00dclp5g
5db60a40-005e-11ea-b4d1-00505681224b,c4dtnb4u12qg0096ig70
5dbac56e-005e-11ea-8fee-00505681224b,c4dtmrdksi2g00c0nj2g
5dbac56e-005e-11ea-8fee-00505681224b,c4dtnbkbq3o000abnvf0
5dbf598a-005e-11ea-9e9c-00505681224b,c4dtmrcu12qg0096ife0
5dbf598a-005e-11ea-9e9c-00505681224b,c4dtnb4mi4og00d254og
5dc43bca-005e-11ea-9705-00505681224b,c4dtmrndeto00089li20
5dc43bca-005e-11ea-9705-00505681224b,c4dtnb2c0ku000aosv00
5dc8a8d4-005e-11ea-9230-00505681224b,c4dtmrgkqp4g00aagctg
5dc8a8d4-005e-11ea-9230-00505681224b,c4dtnb2lpbg0009nnstg
5dccc7ba-005e-11ea-8ca0-00505681224b,c4dtmrj0tnc000c7u00g
5dccc7ba-005e-11ea-8ca0-00505681224b,c4dtnb9lms9g00deinkg
5dcfae4b-c27d-4fe7-803e-d2b67acd065f,c4e9ephlms9g00depg5g
5dcfae4b-c27d-4fe7-803e-d2b67acd065f,c4e9l9lnv8a0008hc3e0
5dd04a58-005e-11ea-8239-00505681224b,c4dtmrm1ja2g00cc8k0g
5dd04a58-005e-11ea-8239-00505681224b,c4dtnbcvfoog00drs5p0
5dd3ccf6-005e-11ea-9832-00505681224b,c4dtmroqui1g00dclp60
5dd3ccf6-005e-11ea-9832-00505681224b,c4dtnb8kqp4g00aagdlg
5dd812ee-005e-11ea-a54f-00505681224b,c4dtmrkbq3o000abnupg
5dd812ee-005e-11ea-a54f-00505681224b,c4dtnbelljag008adomg
5de09ede-005e-11ea-a639-00505681224b,c4dtmrp2rh1g009etong
5de09ede-005e-11ea-a639-00505681224b,c4dtnb9lms9g00deinl0
5decad6c-005e-11ea-9b9b-00505681224b,c4dtmru22pr000dqeqpg
5decad6c-005e-11ea-9b9b-00505681224b,c4dtnbk7bhug00af6660
5df7d190-005e-11ea-b255-00505681224b,c4dtmrtksi2g00c0nj30
5df7d190-005e-11ea-b255-00505681224b,c4dtnbkfjb0000cloov0
5dfcb3cc-005e-11ea-9775-00505681224b,c4dtmrplms9g00deimug
5dfcb3cc-005e-11ea-9775-00505681224b,c4dtnbic0ku000aosv10
5dffe848-005e-11ea-a09c-00505681224b,c4dtmrqlpbg0009nns80
5dffe848-005e-11ea-a09c-00505681224b,c4dtnbko26gg008qhm7g
5e03b90a-005e-11ea-9a2a-00505681224b,c4dtmrsfjb0000cloo80
5e03b90a-005e-11ea-9a2a-00505681224b,c4dtnbjvdq3000evlk60
5e082614-005e-11ea-b758-00505681224b,c4dtmrsbq3o000abnuq0
5e082614-005e-11ea-b758-00505681224b,c4dtnbmlljag008adon0
5e0951b9-db2a-4e1a-ba59-5891979fd436,c4e9epcbq3o000abunqg
5e0951b9-db2a-4e1a-ba59-5891979fd436,c4e9l44vfoog00ds2vl0
5e0cba2e-005e-11ea-b74d-00505681224b,c4dtmrokqp4g00aagcu0
5e0cba2e-005e-11ea-b74d-00505681224b,c4dtnblksi2g00c0njqg
5e0e9c36-e4a9-4e46-93e3-293d7027732c,c4e9ele22pr000dqlegg
5e0e9c36-e4a9-4e46-93e3-293d7027732c,c4e9l492rh1g009f4go0
5e251132-88d3-4b3d-b607-b0565add9b12,c4e9el96lb7g00ceir2g
5e251132-88d3-4b3d-b607-b0565add9b12,c4e9l9plms9g00depi00
5e35d234-6ac6-41ca-af2b-4298c9446276,c4e9eldnv8a0008hc18g
5e35d234-6ac6-41ca-af2b-4298c9446276,c4e9l9qlpbg0009nuu4g
5e422b5a-e47e-11eb-bf00-00505681224b,c4dtmrs7bhug00af65h0
5e422b5a-e47e-11eb-bf00-00505681224b,c4dtnbogdkfg00ck7ur0
5e4bf8d6-f51a-4eb4-b8b6-d75aa8dfb2a3,cf8c7oe3mlvg0094aiug
5e4bf8d6-f51a-4eb4-b8b6-d75aa8dfb2a3,cf8c7ol0p0eg0099uhjg
5e68e4ac-de28-410d-91a0-1b9c4654b9bd,cngl66brfj6g00ad3p7g
5e68e4ac-de28-410d-91a0-1b9c4654b9bd,cngl6d30ekp0008urtn0
5e6ff65f-c9db-4abc-9b89-db801307b927,c4e9el9lms9g00depg3g
5e6ff65f-c9db-4abc-9b89-db801307b927,c4e9l9svfoog00ds2vm0
5e8f7aa3-fab0-403f-9fd3-a65e0a03cd1b,c4e9epf2551g00d1hh3g
5e8f7aa3-fab0-403f-9fd3-a65e0a03cd1b,c4e9l9s7bhug00afcsng
5eaa47ec-974d-4512-831d-e256a6575733,cee020e3mlvg0091oso0
5eaa47ec-974d-4512-831d-e256a6575733,cee020flle4000982sig
5eacf634-29c2-40d1-8016-b59d1189494f,cod079p8t1lg00a8opug
5eacf634-29c2-40d1-8016-b59d1189494f,cod079rnofvg00bg6l60
5ef6c992-8e2a-41d1-a73d-94ed7dba454e,cogupho1277000ehlt4g
5ef6c992-8e2a-41d1-a73d-94ed7dba454e,cogupho1qiv000f4es00
5f173eee-85fe-4111-a168-9d7256c696b0,co72bun3r4d000f1fc80
5f173eee-85fe-4111-a168-9d7256c696b0,co72buo7ov20008ggoa0
5f1dbfd5-d379-48c5-bacb-4d85a5041045,c4e9epjvdq3000evta70
5f1dbfd5-d379-48c5-bacb-4d85a5041045,c4e9le4mi4og00d2br0g
5f2152db-7700-4e66-946e-12a19025dc04,cee020dcpqj000e6m320
5f2152db-7700-4e66-946e-12a19025dc04,cee020dcpqj000e6m330
5f21b66f-598b-4bb5-9ae9-9af18ca7c3b4,c4e9el92rh1g009f4ev0
5f21b66f-598b-4bb5-9ae9-9af18ca7c3b4,c4e9la0qui1g00dcsieg
5f2f528c-2e91-4d2c-a331-7796ccf8555d,c4e9elkfjb0000cm06d0
5f2f528c-2e91-4d2c-a331-7796ccf8555d,c4e9la7l13i0009r7hl0
5f3a394f-4774-44de-afce-21d3926d717e,c4e9epjvdq3000evta6g
5f3a394f-4774-44de-afce-21d3926d717e,c4e9le61ja2g00ccf8ng
5f498972-4fe6-438a-82c9-672aa5273e64,c4e9elgqui1g00dcsglg
5f498972-4fe6-438a-82c9-672aa5273e64,c4e9la61ja2g00ccf8l0
5f57b01f-7e08-4d33-8149-5846839e1a30,c4e9elp2rh1g009f4evg
5f57b01f-7e08-4d33-8149-5846839e1a30,c4e9le4mi4og00d2br10
5f58299e-da96-11e7-a9df-00505681224b,c4dtms4mi4og00d2543g
5f58299e-da96-11e7-a9df-00505681224b,c4dtnbs7bhug00af666g
5f627c26-4210-4a22-ac42-a5a9245d0fc0,cf8c7odgpjbg00eeha50
5f627c26-4210-4a22-ac42-a5a9245d0fc0,cf8c7ov4lcs000b3c390
5f665eb4-3440-4594-9695-25a6bd57f82d,c4e9elvtarsg00au3ni0
5f665eb4-3440-4594-9695-25a6bd57f82d,c4e9la5ksi2g00c0uqj0
5f692e11-5a5a-4e9c-8bd6-a6e217b60e4a,cf8c7nm3mlvg0094aiq0
5f692e11-5a5a-4e9c-8bd6-a6e217b60e4a,cf8c7otcpqj000e98nd0
5f6b6049-7c8f-434e-947a-06012582fd2d,c4e9elulljag008ako00
5f6b6049-7c8f-434e-947a-06012582fd2d,c4e9la30tnc000c84vl0
5f70094b-33a4-444e-b7ea-f59e141ebab0,c4e9em4o26gg008qp7pg
5f70094b-33a4-444e-b7ea-f59e141ebab0,c4e9la7deto00089sct0
5f757b38-e47e-11eb-9391-00505681224b,c4dtms4o26gg008qhle0
5f757b38-e47e-11eb-9391-00505681224b,c4dtnbtnv8a0008h4rkg
5f8539c5-f68c-4335-93c4-ab33a24a0a17,cnnt75c5646000cfjr6g
5f8539c5-f68c-4335-93c4-ab33a24a0a17,cnnt75mi5iag009q7md0
5f9d4150-d08a-477a-a0ef-0a8a95c04995,c4e9ephlms9g00depg50
5f9d4150-d08a-477a-a0ef-0a8a95c04995,c4e9le3jknf000amnfd0
5fa2918a-9e0c-47b4-b662-12a088dd55dd,cp0p0tq8kqpg00av9bj0
5fa2918a-9e0c-47b4-b662-12a088dd55dd,cp0p0u57tiqg00asbgd0
5fa3bffe-2f8e-49f2-90bf-086a1fd5a91b,c4e9epko26gg008qp7qg
5fa3bffe-2f8e-49f2-90bf-086a1fd5a91b,c4e9lae1ja2g00ccf8lg
5fc257a5-817c-49ce-b5c2-5f8ee72c1de3,c4e9epgqui1g00dcsgn0
5fc257a5-817c-49ce-b5c2-5f8ee72c1de3,c4e9la0kqp4g00aan50g
5fcac979-309a-46e9-92c7-0dc96e73da53,c4e9epilpbg0009nusa0
5fcac979-309a-46e9-92c7-0dc96e73da53,c4e9laf2551g00d1hitg
5fdcdb13-a0b9-4034-b4b7-2376737380e2,c4e9etvdeto00089sb90
5fdcdb13-a0b9-4034-b4b7-2376737380e2,c4e9lae22pr000dqlg70
5fe189d7-a3ef-4774-b752-b7b5e52ed8dd,co72bus5646000ciulug
5fe189d7-a3ef-4774-b752-b7b5e52ed8dd,co72but7tiqg00ao4pig
5fea2dd6-9932-4498-80b9-6bdb0c44af12,c4e9eplnv8a0008hc1a0
5fea2dd6-9932-4498-80b9-6bdb0c44af12,c4e9ladksi2g00c0uqjg
602683d7-9505-4de3-912d-0e5f6d72d9e7,c4e9epic0ku000ap46v0
602683d7-9505-4de3-912d-0e5f6d72d9e7,c4e9la96lb7g00ceisu0
602e8dd8-e2f9-434a-ad83-b5b7ed1da459,cngl66cpru2g00bj9m10
602e8dd8-e2f9-434a-ad83-b5b7ed1da459,cngl66nlrmbg00b1krig
602f8061-c38b-4219-9d01-cef89a3a4702,c4e9etoqui1g00dcsgng
602f8061-c38b-4219-9d01-cef89a3a4702,c4e9labvdq3000evtc6g
603544ad-1ea4-4628-ab32-7d77d0ac030f,c4e9eplnv8a0008hc1ag
603544ad-1ea4-4628-ab32-7d77d0ac030f,c4e9lacfjb0000cm08d0
604033b4-40ab-4f06-a0ea-4dcd6d180a5a,c4e9epsbq3o000abunrg
604033b4-40ab-4f06-a0ea-4dcd6d180a5a,c4e9laforvtg00d0agi0
6040e188-e47e-11eb-9789-00505681224b,c4dtms7orvtg00d03jf0
6040e188-e47e-11eb-9789-00505681224b,c4dtnbrvdq3000evlk6g
605b2c16-8954-4fe2-8212-2be0d07a8c64,c4e9epogdkfg00ckemb0
605b2c16-8954-4fe2-8212-2be0d07a8c64,c4e9laalpbg0009nuu60
605fb8e7-4994-4e1f-96aa-f47144c2a7fd,c4e9etv2551g00d1hh70
605fb8e7-4994-4e1f-96aa-f47144c2a7fd,c4e9lacu12qg0096pko0
60628fa8-2dc2-448e-9313-54cd447f8828,cei03ge3mlvg009265ag
60628fa8-2dc2-448e-9313-54cd447f8828,cei03gmnbbog009trmn0
606a3c97-6089-42ff-b489-62d86067a9e3,c4e9etplms9g00depg8g
606a3c97-6089-42ff-b489-62d86067a9e3,c4e9lan2551g00d1hiu0
6075392c-8411-4777-b960-09c699480f79,cnp7di9gkbk0009ec200
6075392c-8411-4777-b960-09c699480f79,cnp7dibnofvg00bbp5f0
6093d907-154f-4091-83b7-d1ea4e25e59c,c4e9eprvdq3000evta7g
6093d907-154f-4091-83b7-d1ea4e25e59c,c4e9lako26gg008qp9v0
60997bb8-1749-4923-bbe4-878c995991e2,cd7pnftpo0ng00bos8j0
60997bb8-1749-4923-bbe4-878c995991e2,cd7pninf3f9g0090uq0g
60a6a838-e47e-11eb-ab8a-00505681224b,c4dtms2lpbg0009nns8g
60a6a838-e47e-11eb-ab8a-00505681224b,c4dtnbvl13i0009r024g
60ba15a6-f53a-4068-8060-863faedabe85,cnpsfok10vk00083vrbg
60ba15a6-f53a-4068-8060-863faedabe85,cnpsfolorq7g008islr0
60ba9bcc-4a2d-11e8-b8e5-00505681224b,c4ephvco26gg008qutsg
60ba9bcc-4a2d-11e8-b8e5-00505681224b,c4epi2v2551g00d1m2jg
60cad269-6eee-4de0-b7de-ce07879ec251,c4e9epso26gg008qp7r0
60cad269-6eee-4de0-b7de-ce07879ec251,c4e9lam22pr000dqlg7g
60d4cb00-4a2d-11e8-a622-00505681224b,c4ephva11o1g008c4hc0
60d4cb00-4a2d-11e8-a622-00505681224b,c4epi2smi4og00d2gddg
60e71bdb-8d1a-49f7-8e58-06aeb642fbce,cei03gm7fmtg008083e0
60e71bdb-8d1a-49f7-8e58-06aeb642fbce,cei03gmea3q00088st50
60ffa3e6-4a2d-11e8-9d65-00505681224b,c4ephvelljag008apm4g
60ffa3e6-4a2d-11e8-9d65-00505681224b,c4epi2v2551g00d1m2k0
610466a8-4a2d-11e8-94f7-00505681224b,c4ephvbvdq3000f032mg
610466a8-4a2d-11e8-94f7-00505681224b,c4epi2tnv8a0008hh6sg
6104b7bc-b604-4af7-b9c6-c69dd24109cc,cee0209qn33g00fpnos0
6104b7bc-b604-4af7-b9c6-c69dd24109cc,cee020cqsijg00emtblg
6106c80c-4a2d-11e8-bc09-00505681224b,c4ephv7tarsg00au8keg
6106c80c-4a2d-11e8-bc09-00505681224b,c4epi2ko26gg008quu60
610b8ad0-4a2d-11e8-8f5e-00505681224b,c4ephv1lms9g00deu6i0
610b8ad0-4a2d-11e8-8f5e-00505681224b,c4epi2hlms9g00deu6pg
61104d94-4a2d-11e8-8d5c-00505681224b,c4ephv7orvtg00d0f740
61104d94-4a2d-11e8-8d5c-00505681224b,c4epi2norvtg00d0f7fg
6129f6c0-3a52-4388-9691-259378b87846,cei03gc4op8000dbpkt0
6129f6c0-3a52-4388-9691-259378b87846,cei03giac3n000el8opg
61375f6e-085b-421c-a363-16abb49f2bb9,cnnt7428kqpg00annt0g
61375f6e-085b-421c-a363-16abb49f2bb9,cnnt75kpru2g00bk2eg0
614fd4e4-5160-48ca-80eb-5c174caaf4d3,cod079pgkbk0009iv9f0
614fd4e4-5160-48ca-80eb-5c174caaf4d3,cod07a3rfj6g00aj25jg
61801848-e47e-11eb-b273-00505681224b,c4dtms7orvtg00d03jfg
61801848-e47e-11eb-b273-00505681224b,c4dtnbp6lb7g00cebsdg
61890934-fcd7-4200-91be-72309f571c1f,coabqsp9galg00d27i80
61890934-fcd7-4200-91be-72309f571c1f,coabqsv3r4d000f24dfg
61aaed8d-8b8a-4bf7-931d-bdc7a3e59e43,c4e9epvl13i0009r7flg
61aaed8d-8b8a-4bf7-931d-bdc7a3e59e43,c4e9lajjknf000amnfbg
61af3b60-299b-431c-bd7d-c2f26e8c75bb,c4e9epu1ja2g00ccf6q0
61af3b60-299b-431c-bd7d-c2f26e8c75bb,c4e9le622pr000dqlg90
61de65cb-bc96-4889-af73-1153fd8499e2,co8cht81qiv000f2snpg
61de65cb-bc96-4889-af73-1153fd8499e2,co8chtjrfj6g00ai0u80
61f150a8-e47e-11eb-ae4c-00505681224b,c4dtms92rh1g009etoo0
61f150a8-e47e-11eb-ae4c-00505681224b,c4dtnc7f3f9g0080krvg
61f347ff-290e-4b4f-bf56-a0783dfcc111,c4e9etq11o1g008bvvn0
61f347ff-290e-4b4f-bf56-a0783dfcc111,c4e9lak7bhug00afcso0
620b35d8-ae1f-41d6-b167-697118547499,c4e9epvorvtg00d0aef0
620b35d8-ae1f-41d6-b167-697118547499,c4e9laj0tnc000c84vm0
620b75f1-7951-4551-96be-30c6e27f62ec,c4e9eq5ksi2g00c0uoj0
620b75f1-7951-4551-96be-30c6e27f62ec,c4e9le7l13i0009r7hng
621c62b4-9478-439f-9332-4986ac6b6e2b,cei03g9pr5lg00ce9870
621c62b4-9478-439f-9332-4986ac6b6e2b,cei03gjo765000di6h70
6258fa42-9950-4d9e-95f6-b5b353ad7c8f,c4e9eq7f3f9g0080rupg
6258fa42-9950-4d9e-95f6-b5b353ad7c8f,c4e9lanl13i0009r7hlg
62705499-b32b-49c1-87e0-24b93e59ca93,coguphpg8bvg00b5ajp0
62705499-b32b-49c1-87e0-24b93e59ca93,cogupi1qkol000aas8mg
6284a276-879c-42bf-ac3d-d1fa62ea2d25,c4e9eq4u12qg0096pj50
6284a276-879c-42bf-ac3d-d1fa62ea2d25,c4e9lai11o1g008c01dg
628b46ba-e47e-11eb-b6f1-00505681224b,c4dtmsbjknf000amgj9g
628b46ba-e47e-11eb-b6f1-00505681224b,c4dtnc622pr000dqerjg
62901617-3ee4-491a-8e2d-4217855fed5f,c4e9eq0gdkfg00ckembg
62901617-3ee4-491a-8e2d-4217855fed5f,c4e9lajjknf000amnfc0
62a03e73-1d82-4bd7-a204-628feead5ebf,cofkj5gn2q9g00f1stf0
62a03e73-1d82-4bd7-a204-628feead5ebf,cofkj5tqk3gg00chk13g
62cdf2b9-a942-4f0a-a22a-75ccc6f78272,cofkjjo1qiv000f47vog
62cdf2b9-a942-4f0a-a22a-75ccc6f78272,cofkjjui5iag009vrgu0
62db2ff3-4a68-4574-b08b-66e1567c5db1,c4e9eq4o26gg008qp7rg
62db2ff3-4a68-4574-b08b-66e1567c5db1,c4e9lap2rh1g009f4gqg
62dd743b-12ae-4b24-adaa-05fb27151d0b,c4e9eq7orvtg00d0aefg
62dd743b-12ae-4b24-adaa-05fb27151d0b,c4e9laso26gg008qp9vg
62ddbfa4-efce-451b-b809-1d0b77713ad6,cobm1dpgkbk0009imnng
62ddbfa4-efce-451b-b809-1d0b77713ad6,cobm1dv3r4d000f2mqrg
62e09bd6-c3ba-412b-8beb-1f806fb6d3b1,c4e9eq72551g00d1hh4g
62e09bd6-c3ba-412b-8beb-1f806fb6d3b1,c4e9lavl13i0009r7hm0
62e28864-a788-4f5c-87f9-1d388ba86189,c4e9etsbq3o000abunug
62e28864-a788-4f5c-87f9-1d388ba86189,c4e9lap6lb7g00ceisug
62e53188-a6bb-4e18-81e9-0bdb6e5aca5e,cofkjjo1277000eheui0
62e53188-a6bb-4e18-81e9-0bdb6e5aca5e,cofkjjrn5d9000e295u0
62f0a047-022d-4656-be58-c0439f863ad7,c4e9eq2c0ku000ap46vg
62f0a047-022d-4656-be58-c0439f863ad7,c4e9laplms9g00depi1g
62f21ed8-e47e-11eb-ae55-00505681224b,c4dtmscfjb0000cloo8g
62f21ed8-e47e-11eb-ae55-00505681224b,c4dtnc2c0ku000aosv1g
62ff64e3-a2cd-422f-b26d-740c6fc2c89c,c4e9eqdnv8a0008hc1b0
62ff64e3-a2cd-422f-b26d-740c6fc2c89c,c4e9laq11o1g008c01e0
63382769-78ec-43d5-a71e-6a724bf0edab,co72bv1gkbk0009hgur0
63382769-78ec-43d5-a71e-6a724bf0edab,co72bv45646000ciulv0
6343f59b-e929-4f22-b9c4-6b1f84194860,cee02050p0eg0097h01g
6343f59b-e929-4f22-b9c4-6b1f84194860,cee020ct3gj000ci6jpg
6358556f-0f9a-40f8-ac88-5534fdefe47c,cofkjk01qiv000f47vp0
6358556f-0f9a-40f8-ac88-5534fdefe47c,cofkjk0n2q9g00f1stk0
635a2f78-e47e-11eb-9f7b-00505681224b,c4dtms8kqp4g00aagcv0
635a2f78-e47e-11eb-9f7b-00505681224b,c4dtnc7tarsg00atsr70
63662f8f-4325-4c60-963e-2aa0cb5b2384,cod07a19galg00d30nmg
63662f8f-4325-4c60-963e-2aa0cb5b2384,cod07a7lrmbg00b799a0
636fb668-44aa-43bd-9b14-7fa721a4f266,cofkj5uudun000eicoig
636fb668-44aa-43bd-9b14-7fa721a4f266,cofkj60im8r000ftvqng
63a6467a-d472-4926-964a-33565636d827,cofkjk1g8bvg00b54g40
63a6467a-d472-4926-964a-33565636d827,cofkjkbnofvg00bgg310
63c1a3da-e47e-11eb-8757-00505681224b,c4dtmsff3f9g0080kreg
63c1a3da-e47e-11eb-8757-00505681224b,c4dtnc1lms9g00deinlg
63f162f5-717a-45af-9c56-dc63ca52506c,cofkjkf3r4d000f3bpag
63f162f5-717a-45af-9c56-dc63ca52506c,cofkjkflrmbg00b7jv5g
63f43c54-9b60-475b-b89b-2a04bc8e8f58,c4e9eqb0tnc000c84u3g
63f43c54-9b60-475b-b89b-2a04bc8e8f58,c4e9larvdq3000evtc70
63f880ca-e581-4fdd-a680-9c978dff8acc,cobm17o7ov20008hm0dg
63f880ca-e581-4fdd-a680-9c978dff8acc,cobm17pjhmbg00fg6fgg
6400a68a-f0ca-11e7-aa83-00505681224b,c4dtmscvfoog00drs55g
6400a68a-f0ca-11e7-aa83-00505681224b,c4dtnc4bq3o000abnvg0
64149003-83da-4272-9dda-ca38c154e8eb,codla5o1277000eh497g
64149003-83da-4272-9dda-ca38c154e8eb,codla5ui5iag009vfjog
641f24b1-0fa9-429e-bb4f-4810cc35b29a,c4e9etokqp4g00aan39g
641f24b1-0fa9-429e-bb4f-4810cc35b29a,c4e9lg30tnc000c84vo0
643e6dc7-70b7-47cd-8625-9bcf92121880,c4e9eqb0tnc000c84u40
643e6dc7-70b7-47cd-8625-9bcf92121880,c4e9lb4mi4og00d2bqvg
6440b5d6-95cc-4109-af78-996d4071be50,c4e9eqf2551g00d1hh50
6440b5d6-95cc-4109-af78-996d4071be50,c4e9lb5nv8a0008hc3f0
6479a2b2-5300-4369-8e15-9f137a832471,c4e9eqfdeto00089sb7g
6479a2b2-5300-4369-8e15-9f137a832471,c4e9lb622pr000dqlg80
64907192-83eb-454a-8fb1-409ad6b5d1e2,c4e9eqcmi4og00d2bp5g
64907192-83eb-454a-8fb1-409ad6b5d1e2,c4e9lb7orvtg00d0agig
649ab775-65c2-4a15-acbf-29ce4b27754b,c4e9eqm1ja2g00ccf6r0
649ab775-65c2-4a15-acbf-29ce4b27754b,c4e9lb7tarsg00au3pd0
64b73e6e-1825-11e8-a072-00505681224b,c4dtmsf2551g00d1atog
64b73e6e-1825-11e8-a072-00505681224b,c4dtnccmi4og00d254pg
64bfbb31-0b40-4900-95ef-7f5bc40fb387,cofkjkjrfj6g00aje1b0
64bfbb31-0b40-4900-95ef-7f5bc40fb387,cofkjkmudun000eicon0
64d14b5a-8610-4754-8715-44872f070ff1,c4e9eqk7bhug00afcr1g
64d14b5a-8610-4754-8715-44872f070ff1,c4e9lbcu12qg0096pkog
64d702a1-f69c-45e8-9940-69c4f1d0a28d,c4e9etu1ja2g00ccf6sg
64d702a1-f69c-45e8-9940-69c4f1d0a28d,c4e9lbfdeto00089scu0
64e2bef8-0d06-4170-a868-6f5d969597b9,cogupi01qiv000f4es0g
64e2bef8-0d06-4170-a868-6f5d969597b9,cogupi18t1lg00a9b5og
6506e4f0-0251-4dbd-b6b7-3e7b09eb1a12,c4e9eqku12qg0096pj60
6506e4f0-0251-4dbd-b6b7-3e7b09eb1a12,c4e9lb92rh1g009f4gr0
650c4d72-2d84-48d2-9a26-edba0641e677,cofkjkg1277000eheujg
650c4d72-2d84-48d2-9a26-edba0641e677,cofkjkp8t1lg00a944ag
650c9845-6da3-4b96-bb55-b4ac21dcd9a3,c4e9etv2551g00d1hh6g
650c9845-6da3-4b96-bb55-b4ac21dcd9a3,c4e9lb8qui1g00dcsifg
651c6b16-9557-4cf7-9467-c8155a4a2a87,c4e9eqvdeto00089sb80
651c6b16-9557-4cf7-9467-c8155a4a2a87,c4e9lhelljag008akq40
652181a5-e18f-4839-8745-767ce7a7df1e,c4e9eqr0tnc000c84u4g
652181a5-e18f-4839-8745-767ce7a7df1e,c4e9lc1lms9g00depi20
65308326-e394-4208-ae92-6c2cff78bf4f,cngl5pr0ekp0008urtfg
65308326-e394-4208-ae92-6c2cff78bf4f,cngl5q6udun000eckudg
65625f7c-cb6c-4253-8e39-aa40040edafe,cofkjkon2q9g00f1stlg
65625f7c-cb6c-4253-8e39-aa40040edafe,cofkjkqf6nn0008v9q5g
656ec6a8-7dff-4e04-8942-156c813ccd0d,c4e9etvl13i0009r7fmg
656ec6a8-7dff-4e04-8942-156c813ccd0d,c4e9lc4vfoog00ds2vog
657bfc9e-22c7-4a9b-a914-ccb236cd462e,cei03genbbog009trmmg
657bfc9e-22c7-4a9b-a914-ccb236cd462e,cei03gheff7g00at0hl0
658923e7-f93c-4eaa-8862-6b5554d7e5ba,cogupi99galg00d3gkcg
658923e7-f93c-4eaa-8862-6b5554d7e5ba,cogupia8kqpg00at122g
659aebec-83a9-46a9-8f63-a1f9691fe851,coabrmhmiud0009upa9g
659aebec-83a9-46a9-8f63-a1f9691fe851,coabrmk10vk00087j9i0
65a704e4-d8b5-44c9-918f-e91fd34ca470,cp03u4qf6nn00091rk1g
65a704e4-d8b5-44c9-918f-e91fd34ca470,cp03u4rrfj6g00am27kg
65b8e6a1-3298-46d5-90cb-9d6f7653466c,c4e9f4ilpbg0009nusdg
65b8e6a1-3298-46d5-90cb-9d6f7653466c,c4e9lcdksi2g00c0uqkg
65e93b65-ca81-4f31-83dc-20771933b7eb,c4e9eu2lpbg0009nusc0
65e93b65-ca81-4f31-83dc-20771933b7eb,c4e9lcfl13i0009r7hn0
65ecfbc9-3671-4e7d-a821-7905668ef3fc,c4e9eu3jknf000amndfg
65ecfbc9-3671-4e7d-a821-7905668ef3fc,c4e9lcftarsg00au3pdg
65ee2b26-03c9-470c-80e5-e102352486e4,c4e9eu3jknf000amndg0
65ee2b26-03c9-470c-80e5-e102352486e4,c4e9lcm1ja2g00ccf8n0
66214e15-3451-4186-8fad-eb00682a1995,c4e9eu622pr000dqlejg
66214e15-3451-4186-8fad-eb00682a1995,c4e9lch2rh1g009f4grg
662be8c5-0af8-4f7f-b094-619a2ea54e0e,c4e9eu1lms9g00depg90
662be8c5-0af8-4f7f-b094-619a2ea54e0e,c4e9lcilpbg0009nuu6g
662f4820-8916-427c-9d70-5c088efecf59,c4e9eu16lb7g00ceir5g
662f4820-8916-427c-9d70-5c088efecf59,c4e9lchlms9g00depi2g
6642b2f5-0f06-459d-8cbd-6f1b4cf6306a,cnpsfoo1277000ecif0g
6642b2f5-0f06-459d-8cbd-6f1b4cf6306a,cnpsforrfj6g00ae7p00
66442347-2494-4e95-aef2-9a2cf0b9d445,c4e9eu0kqp4g00aan3a0
66442347-2494-4e95-aef2-9a2cf0b9d445,c4e9lcsfjb0000cm08e0
66494991-2975-42fa-9d84-5790d09b9996,c4e9eu12rh1g009f4f3g
66494991-2975-42fa-9d84-5790d09b9996,c4e9lctksi2g00c0uql0
66558550-7b18-4003-b849-1dbaf371ff84,cp03u50im8r00080amhg
66558550-7b18-4003-b849-1dbaf371ff84,cp03u51jhmbg00fj3nj0
6664e5e1-63e1-46c3-a7a7-9875e2ba1404,c4e9eu72551g00d1hh7g
6664e5e1-63e1-46c3-a7a7-9875e2ba1404,c4e9lcsu12qg0096pkp0
66677b76-ad1b-4df6-9515-4a692044c3e0,c4e9eu0qui1g00dcsgo0
66677b76-ad1b-4df6-9515-4a692044c3e0,c4e9ld4mi4og00d2br00
666ca673-a257-4c4d-8ec8-cc93e4850d92,cod07aa8kqpg00asfqfg
666ca673-a257-4c4d-8ec8-cc93e4850d92,cod07abnofvg00bg6l70
666f6f6c-16a5-4826-aafb-3b450c2fe50e,c4e9euf2551g00d1hh80
666f6f6c-16a5-4826-aafb-3b450c2fe50e,c4e9ld0gdkfg00ckeo80
66b6d5b1-0a74-4e23-b8b3-65e03d59621d,co8chtgim8r000fsn51g
66b6d5b1-0a74-4e23-b8b3-65e03d59621d,co8chtiase3000blcjmg
66eb1ed0-5c63-47c1-b1a3-aaed061faa4b,cod07a98t1lg00a8opvg
66eb1ed0-5c63-47c1-b1a3-aaed061faa4b,cod07abrfj6g00aj25l0
674e4832-b1a2-498f-84d4-a346232e0595,cp03u52f6nn00091rk2g
674e4832-b1a2-498f-84d4-a346232e0595,cp03u53ai11g00d96ikg
6759db21-8b9b-425d-b116-121cf3ae9247,cod07ah8t1lg00a8oq00
6759db21-8b9b-425d-b116-121cf3ae9247,cod07alqk3gg00chafqg
67625a91-1a36-4d8d-b3ca-6a401082df09,cofkjkq8kqpg00asqdc0
67625a91-1a36-4d8d-b3ca-6a401082df09,cofkjl57tiqg00apt570
6766038c-6956-45e6-a98e-9d73bdb71ffa,c4e9eucfjb0000cm06eg
6766038c-6956-45e6-a98e-9d73bdb71ffa,c4e9ld2lpbg0009nuu70
676dd61e-bcc1-497c-8646-be1eb158d2f3,c4e9eucvfoog00ds2u2g
676dd61e-bcc1-497c-8646-be1eb158d2f3,c4e9ld2c0ku000ap4930
67840644-665b-4854-8370-e6b4b90bda19,c4e9eucfjb0000cm06e0
67840644-665b-4854-8370-e6b4b90bda19,c4e9lda11o1g008c01eg
67947d60-a2fc-47d3-87b1-2f18fa0eeab2,cngl66jnofvg00barm7g
67947d60-a2fc-47d3-87b1-2f18fa0eeab2,cngl66pgkbk0009daer0
67a81e76-2057-4a12-8c72-101f4559065b,cofkjl1miud0009vscl0
67a81e76-2057-4a12-8c72-101f4559065b,cofkjl3n5d9000e29610
67ad7bb2-736c-497e-b8a3-2c4fefe3b57c,cod07ajrfj6g00aj25lg
67ad7bb2-736c-497e-b8a3-2c4fefe3b57c,cod07alorq7g008ng2j0
67af01a6-09f8-49f3-929a-39194740da83,c4e9euco26gg008qp7t0
67af01a6-09f8-49f3-929a-39194740da83,c4e9ldcfjb0000cm08eg
67c16c3d-ba13-4f46-9cc0-2b95a5108567,c4e9f4ku12qg0096pja0
67c16c3d-ba13-4f46-9cc0-2b95a5108567,c4e9lk4fjb0000cm08hg
67c3f082-4a38-4ba7-b0e7-e0ecca305c0f,c4e9f4c7bhug00afcr40
67c3f082-4a38-4ba7-b0e7-e0ecca305c0f,c4e9ldku12qg0096pkpg
67f93011-f715-4f17-941e-123dfad033c9,cofkjl8im8r000ftvqu0
67f93011-f715-4f17-941e-123dfad033c9,cofkjlbai11g00d6sajg
680a8cff-848a-47a5-9a50-0209e6fe7049,c4e9f4mlljag008ako6g
680a8cff-848a-47a5-9a50-0209e6fe7049,c4e9lk7l13i0009r7hpg
68100803-61c3-4921-9764-4c9f8459602f,c4e9eucmi4og00d2bp80
68100803-61c3-4921-9764-4c9f8459602f,c4e9lecvfoog00ds2vp0
68119fb9-6aee-4d23-b378-b86276ae1221,c4e9eu96lb7g00ceir60
68119fb9-6aee-4d23-b378-b86276ae1221,c4e9lefdeto00089scv0
681c04d2-3c66-4e01-bee4-a0fbe0198c10,c4e9eudksi2g00c0uolg
681c04d2-3c66-4e01-bee4-a0fbe0198c10,c4e9lk4o26gg008qpa2g
682289d8-69b6-4439-97db-b3ea6753160f,c4e9eua11o1g008bvvog
682289d8-69b6-4439-97db-b3ea6753160f,c4e9le96lb7g00ceisvg
68284645-0326-45ff-a34c-2ea4c27f2ff8,cf8c7n80oqo000bbt730
68284645-0326-45ff-a34c-2ea4c27f2ff8,cf8c7onjch3g00fqvlsg
68575ffe-3a4f-4946-8284-e596dfce6d51,c4e9euc7bhug00afcr30
68575ffe-3a4f-4946-8284-e596dfce6d51,c4e9leokqp4g00aan530
6883f36e-6ffe-4a13-bab0-94d1147ae319,c4e9eu8kqp4g00aan3b0
6883f36e-6ffe-4a13-bab0-94d1147ae319,c4e9lecfjb0000cm08f0
68863207-d787-4a96-bf1e-973f0f1c507e,c4e9eukbq3o000abunv0
68863207-d787-4a96-bf1e-973f0f1c507e,c4e9le9lms9g00depi30
68955f90-d054-4c61-b3ab-cd3e9c0d354d,coabqrh9galg00d27i60
68955f90-d054-4c61-b3ab-cd3e9c0d354d,coabqrk5646000cji0rg
68d4867d-6bd8-4bd7-a7a5-1dc360e3b89b,c4e9eunl13i0009r7fng
68d4867d-6bd8-4bd7-a7a5-1dc360e3b89b,c4e9leku12qg0096pkq0
69334eff-8b38-4cb5-967f-61f641d69cc2,coabqrp9galg00d27i6g
69334eff-8b38-4cb5-967f-61f641d69cc2,coabqrrrfj6g00ai6big
6955fc57-21e1-44de-8907-1f0651306cc6,c4e9eukvfoog00ds2u30
6955fc57-21e1-44de-8907-1f0651306cc6,c4e9leggdkfg00ckeo90
695d1e15-0915-4faf-9e07-9ba5a129953e,cod07arnofvg00bg6l7g
695d1e15-0915-4faf-9e07-9ba5a129953e,cod07at7tiqg00apiifg
69a0fa23-642f-45d6-9a3d-db39e870fb7c,c4e9eujjknf000amndgg
69a0fa23-642f-45d6-9a3d-db39e870fb7c,c4e9lem22pr000dqlg9g
69a3c239-f30e-426e-b41d-b08fafefc2f6,c4e9eundeto00089sb9g
69a3c239-f30e-426e-b41d-b08fafefc2f6,c4e9leko26gg008qpa0g
69f1b694-1852-405a-b19c-607e1a75b1f1,cee0207s0e4g00dtmmrg
69f1b694-1852-405a-b19c-607e1a75b1f1,cee0209eff7g00asjrlg
6a340a80-b3f2-4664-8656-0f24da379706,cnpsfoui5iag009qid40
6a340a80-b3f2-4664-8656-0f24da379706,cnpsfp5ralig008n5pn0
6a487a80-ba09-4bc2-a0ec-bf3c6a835393,c4e9euntarsg00au3nk0
6a487a80-ba09-4bc2-a0ec-bf3c6a835393,c4e9lekbq3o000abupqg
6a535fcf-bb5d-4c84-b2ea-a5d039391a94,cee020mnbbog009tf15g
6a535fcf-bb5d-4c84-b2ea-a5d039391a94,cee020n9dv5000dhi4ag
6a5cacae-818f-4984-a015-d8a0a6f257bb,c4e9eujvdq3000evtaa0
6a5cacae-818f-4984-a015-d8a0a6f257bb,c4e9lk4o26gg008qpa30
6a66ebdc-b491-4c98-b691-e5a6f3acb35a,c4e9f4lksi2g00c0uoog
6a66ebdc-b491-4c98-b691-e5a6f3acb35a,c4e9lk3vdq3000evtc9g
6a934533-74b9-4b60-b72e-0f6997950e47,c4e9f4ic0ku000ap4730
6a934533-74b9-4b60-b72e-0f6997950e47,c4e9lesfjb0000cm08fg
6ab1ba3f-25e5-41b7-81f7-42837757972b,c4e9eui11o1g008bvvpg
6ab1ba3f-25e5-41b7-81f7-42837757972b,c4e9lesu12qg0096pkqg
6ab4b904-75c0-4350-a352-5f2fbaaa39e0,cf8c7nhuln7g0091m4cg
6ab4b904-75c0-4350-a352-5f2fbaaa39e0,cf8c7ol0p0eg0099uhj0
6ac02b66-bd2e-4c8e-9c6e-62aa4e09efda,c4e9euqc0ku000ap4720
6ac02b66-bd2e-4c8e-9c6e-62aa4e09efda,c4e9lep6lb7g00ceit00
6b02adf0-69b8-4500-af1f-b2854f54fdc5,c4e9eup6lb7g00ceir6g
6b02adf0-69b8-4500-af1f-b2854f54fdc5,c4e9leulljag008akq20
6b2df965-798e-4c19-be40-8f03d29e13c5,c4e9f4a11o1g008bvvqg
6b2df965-798e-4c19-be40-8f03d29e13c5,c4e9lk3vdq3000evtca0
6b4b1e52-724f-4d19-a176-c305898d5208,cee020aac3n000ekr5k0
6b4b1e52-724f-4d19-a176-c305898d5208,cee020nrci6g009ngqhg
6b70408a-9d15-4065-ab69-a9357540ca8e,cogupi9gkbk0009jg730
6b70408a-9d15-4065-ab69-a9357540ca8e,cogupia8kqpg00at1230
6b725cb5-7fe6-4cd9-aa61-e10efad88bba,c4e9f4j0tnc000c84u70
6b725cb5-7fe6-4cd9-aa61-e10efad88bba,c4e9lf622pr000dqlga0
6b739a12-101a-4486-aaad-c7ab3e07a129,c4e9f4ko26gg008qp7vg
6b739a12-101a-4486-aaad-c7ab3e07a129,c4e9lf30tnc000c84vng
6b7c02e0-23c1-4f57-ac28-c77b613c91aa,c4e9euulljag008ako50
6b7c02e0-23c1-4f57-ac28-c77b613c91aa,c4e9lkcbq3o000abups0
6b9b001c-3818-43f3-bbc7-7a86b8aeb288,c4e9ev4vfoog00ds2u3g
6b9b001c-3818-43f3-bbc7-7a86b8aeb288,c4e9lkfdeto00089sd0g
6ba80ec4-af7b-4bff-a828-f05e6488c76f,cogupihgkbk0009jg73g
6ba80ec4-af7b-4bff-a828-f05e6488c76f,cogupik10vk00088skkg
6bc1f12f-8a95-445b-81e2-d91ebcac86d4,cei03gfd49lg009jk8g0
6bc1f12f-8a95-445b-81e2-d91ebcac86d4,cei03gk4op8000dbpktg
6bcc7c62-2d0c-4594-b8fe-cce4c3de5914,c4e9f55nv8a0008hc1fg
6bcc7c62-2d0c-4594-b8fe-cce4c3de5914,c4e9lgelljag008akq3g
6bd7599b-4cbc-4ec6-84aa-34992fdda7fd,cod07aon2q9g00f1i0e0
6bd7599b-4cbc-4ec6-84aa-34992fdda7fd,cod07aui5iag009veujg
6bdadc1f-00bb-4a0a-b8cd-ab94f03b8562,coabqrp8t1lg00a7tho0
6bdadc1f-00bb-4a0a-b8cd-ab94f03b8562,coabqs1miud0009upa5g
6bef3ac5-eb3c-4214-a604-e700cf26d1c7,cogupiqase3000bmpm70
6bef3ac5-eb3c-4214-a604-e700cf26d1c7,cogupirai11g00d72fr0
6c10cac7-b22e-4ee9-b599-3645f308e00b,c4e9f4ku12qg0096pjag
6c10cac7-b22e-4ee9-b599-3645f308e00b,c4e9lge22pr000dqlgb0
6c3c4a4a-8cd4-11e9-8f16-00505681224b,c4dtmsftarsg00atsqhg
6c3c4a4a-8cd4-11e9-8f16-00505681224b,c4dtncac0ku000aosv20
6c522afb-ed27-449e-8597-287bbf65583c,c4e9fajjknf000amndj0
6c522afb-ed27-449e-8597-287bbf65583c,c4e9lgko26gg008qpa20
6c57e746-9bf2-4eea-8bad-82dce27f62d3,c4e9f4kbq3o000abuo10
6c57e746-9bf2-4eea-8bad-82dce27f62d3,c4e9lgplms9g00depi3g
6c5ce165-e499-4d08-9cdc-41c748fc3afd,c4e9f4p2rh1g009f4f4g
6c5ce165-e499-4d08-9cdc-41c748fc3afd,c4e9lgq11o1g008c01g0
6c688a9f-729c-4935-9afb-e3ea707ff8af,c4e9f4vorvtg00d0aeig
6c688a9f-729c-4935-9afb-e3ea707ff8af,c4e9lh7f3f9g0080s0r0
6c6cddbf-8a34-4bf4-a4cb-859dd8c8ef25,cee020g0oqo000b9cj4g
6c6cddbf-8a34-4bf4-a4cb-859dd8c8ef25,cee020hqn33g00fpnot0
6c746d7f-9eae-4097-9e34-f3fb59fe1ed8,cogupion2q9g00f23o80
6c746d7f-9eae-4097-9e34-f3fb59fe1ed8,cogupj3nofvg00bgm2a0
6c7f531a-575f-4959-a965-909c0aa26427,c4e9fagqui1g00dcsgqg
6c7f531a-575f-4959-a965-909c0aa26427,c4e9llrvdq3000evtcb0
6c89ece6-91d8-4fb6-89f9-c5e09f6b8c15,cngl66r0ekp0008urtg0
6c89ece6-91d8-4fb6-89f9-c5e09f6b8c15,cngl66uudun000eckuf0
6c90c187-c11d-42c6-85a1-867ace5ddc56,c4e9fah6lb7g00ceir80
6c90c187-c11d-42c6-85a1-867ace5ddc56,c4e9lhbjknf000amnfeg
6c94c4fe-8cd4-11e9-84e0-00505681224b,c4dtmsforvtg00d03jg0
6c94c4fe-8cd4-11e9-84e0-00505681224b,c4dtnc92rh1g009etp8g
6c9f961f-fff0-4af0-83c7-eee0ab848a33,cogupj6i5iag00a0370g
6c9f961f-fff0-4af0-83c7-eee0ab848a33,cogupj73r4d000f3j1hg
6ca1968c-8cd4-11e9-b354-00505681224b,c4dtmsfdeto00089li2g
6ca1968c-8cd4-11e9-b354-00505681224b,c4dtncf2551g00d1auh0
6ca41f0c-8cd4-11e9-aeb7-00505681224b,c4dtmsgkqp4g00aagcvg
6ca41f0c-8cd4-11e9-aeb7-00505681224b,c4dtncbvdq3000evlk7g
6ca70550-8cd4-11e9-87d6-00505681224b,c4dtmslnv8a0008h4qug
6ca70550-8cd4-11e9-87d6-00505681224b,c4dtncfl13i0009r0250
6cab4b2c-8cd4-11e9-b700-00505681224b,c4dtmsnorvtg00d03jgg
6cab4b2c-8cd4-11e9-b700-00505681224b,c4dtncalpbg0009nnsv0
6cabb383-2448-4eef-8650-a5e75a77d8c4,c4e9fb6lljag008ako8g
6cabb383-2448-4eef-8650-a5e75a77d8c4,c4e9lme22pr000dqlgc0
6caf910a-8cd4-11e9-8a69-00505681224b,c4dtmsgqui1g00dclp70
6caf910a-8cd4-11e9-8a69-00505681224b,c4dtncbjknf000amgk3g
6cb93645-3da0-4e79-86b7-0f4e2297b49d,coo4680im8r000fv2ls0
6cb93645-3da0-4e79-86b7-0f4e2297b49d,coo46tnlrmbg00b8nlu0
6cc367ac-8cd4-11e9-87ae-00505681224b,c4dtmsj0tnc000c7u010
6cc367ac-8cd4-11e9-87ae-00505681224b,c4dtnc9lms9g00deinm0
6cc78676-8cd4-11e9-87f5-00505681224b,c4dtmsvf3f9g0080krfg
6cc78676-8cd4-11e9-87f5-00505681224b,c4dtncm22pr000dqerkg
6ccbcc52-8cd4-11e9-b9f9-00505681224b,c4dtmsp6lb7g00cebrn0
6ccbcc52-8cd4-11e9-b9f9-00505681224b,c4dtncgkqp4g00aagdn0
6ccfeb1c-8cd4-11e9-a17b-00505681224b,c4dtmsvorvtg00d03jh0
6ccfeb1c-8cd4-11e9-a17b-00505681224b,c4dtncku12qg0096ig8g
6cd6f028-8cd4-11e9-b602-00505681224b,c4dtmsrvdq3000evljhg
6cd6f028-8cd4-11e9-b602-00505681224b,c4dtncm22pr000dqerl0
6cdffabb-fa05-4977-9230-c8a2617afdb3,c4e9fb7f3f9g0080ruug
6cdffabb-fa05-4977-9230-c8a2617afdb3,c4e9loso26gg008qpa5g
6ce45e02-8cd4-11e9-82db-00505681224b,c4dtmt4u12qg0096ifeg
6ce45e02-8cd4-11e9-82db-00505681224b,c4dtncntarsg00atsr7g
6cea0378-8cd4-11e9-8171-00505681224b,c4dtmt12rh1g009etoog
6cea0378-8cd4-11e9-8171-00505681224b,c4dtnci11o1g008bpd3g
6cebd1c0-56c6-489e-8b69-7b2fff833d1f,coabrmhqkol000a9i74g
6cebd1c0-56c6-489e-8b69-7b2fff833d1f,coabrmv3r4d000f24dig
6d09c7dc-d514-47cb-baa6-b1e82d4fbfbb,c4e9f4p2rh1g009f4f50
6d09c7dc-d514-47cb-baa6-b1e82d4fbfbb,c4e9lkelljag008akq4g
6d19bcee-90e1-4453-a119-fbf73a76112d,c4e9fakbq3o000abuo30
6d19bcee-90e1-4453-a119-fbf73a76112d,c4e9lkcvfoog00ds2vr0
6d1a7737-ee44-486e-a9e8-646c0fc06776,c4e9f4smi4og00d2bp9g
6d1a7737-ee44-486e-a9e8-646c0fc06776,c4e9loso26gg008qpa50
6d2e2810-1e0a-49b2-9328-412ca4c90c15,cofkjl8n2q9g00f1stn0
6d2e2810-1e0a-49b2-9328-412ca4c90c15,cofkjlaase3000bmjn70
6d66c44a-7c10-43c9-9ab2-cf9e67668756,c4e9f4rvdq3000evtac0
6d66c44a-7c10-43c9-9ab2-cf9e67668756,c4e9lookqp4g00aan56g
6d67fbea-7a89-4b3f-a4d4-bb96b3193e6a,c4e9f572551g00d1hha0
6d67fbea-7a89-4b3f-a4d4-bb96b3193e6a,c4e9lkftarsg00au3pg0
6d6addf2-47ae-45a4-a4e2-ce7ff689321c,cngl671tk7jg009q90lg
6d6addf2-47ae-45a4-a4e2-ce7ff689321c,cngl673rfj6g00ad3p90
6d729aa0-decd-4ccc-b4a3-f40e9f2b0415,c4e9fantarsg00au3nmg
6d729aa0-decd-4ccc-b4a3-f40e9f2b0415,c4e9lke1ja2g00ccf8pg
6d75f931-7cef-4e2b-9576-80ae16ece27a,c4e9f5211o1g008bvvs0
6d75f931-7cef-4e2b-9576-80ae16ece27a,c4e9lka11o1g008c01gg
6d93e48c-1824-11e8-85a9-00505681224b,c4dtmt5nv8a0008h4qv0
6d93e48c-1824-11e8-85a9-00505681224b,c4dtncq11o1g008bpd40
6dc3246b-31dd-4f44-a95c-de3a7019df98,c4e9f54u12qg0096pjb0
6dc3246b-31dd-4f44-a95c-de3a7019df98,c4e9lke22pr000dqlgbg
6dd77f4a-e00e-4f8e-814f-e1596856805b,co72bt98t1lg00a793vg
6dd77f4a-e00e-4f8e-814f-e1596856805b,co72btn3r4d000f1fc5g
6defd97c-c55b-4e45-bded-1baef95cd913,c4e9fb7f3f9g0080ruu0
6defd97c-c55b-4e45-bded-1baef95cd913,c4e9lkcfjb0000cm08ig
6dffce30-f0ca-11e7-b870-00505681224b,c4dtmt7f3f9g0080krg0
6dffce30-f0ca-11e7-b870-00505681224b,c4dtncv2551g00d1auhg
6e03cb08-8f39-42eb-9d2f-6afdb0facda2,c4e9fandeto00089sbc0
6e03cb08-8f39-42eb-9d2f-6afdb0facda2,c4e9lkfdeto00089sd10
6e285843-eeaf-4aa1-a88b-f248c7a2a619,c4e9f5ff3f9g0080rusg
6e285843-eeaf-4aa1-a88b-f248c7a2a619,c4e9lotnv8a0008hc3ig
6e56fdba-1825-11e8-b09c-00505681224b,c4dtmt4u12qg0096iff0
6e56fdba-1825-11e8-b09c-00505681224b,c4dtncvdeto00089lio0
6e5ef932-40c3-4a59-8a74-46839c023dbd,c4e9f59lms9g00depgbg
6e5ef932-40c3-4a59-8a74-46839c023dbd,c4e9lkkbq3o000abupsg
6ecedc33-c44e-4b6d-b61f-7540897e4979,c4e9f5kfjb0000cm06h0
6ecedc33-c44e-4b6d-b61f-7540897e4979,c4e9losu12qg0096pksg
6ed57dda-6db7-42c9-9712-03e0245ba389,c4e9fesfjb0000cm06kg
6ed57dda-6db7-42c9-9712-03e0245ba389,c4e9lklksi2g00c0uqmg
6edec8f9-26b6-42e7-bfa7-545b01829c71,c4e9fasmi4og00d2bpb0
6edec8f9-26b6-42e7-bfa7-545b01829c71,c4e9lkku12qg0096pkrg
6ee0f387-cb15-4ceb-97a5-a8eb21a2cce9,cogupj81qiv000f4es20
6ee0f387-cb15-4ceb-97a5-a8eb21a2cce9,cogupjdqk3gg00chq160
6ee2a9b4-ad64-4fec-9d48-e7f09ed1a3c5,c4e9fjh6lb7g00ceira0
6ee2a9b4-ad64-4fec-9d48-e7f09ed1a3c5,c4e9lkkvfoog00ds2vrg
6f2c46d7-51cf-4f13-990f-52499304a770,c4e9faoqui1g00dcsgr0
6f2c46d7-51cf-4f13-990f-52499304a770,c4e9lou22pr000dqlgcg
6f380acf-8ca5-4ae0-aa17-93277fdf728e,c4e9fasmi4og00d2bpbg
6f380acf-8ca5-4ae0-aa17-93277fdf728e,c4e9lksmi4og00d2br2g
6f39d5bb-9dbd-406e-8d2c-10e148443d6e,co91l3brfj6g00ai1ke0
6f39d5bb-9dbd-406e-8d2c-10e148443d6e,co91l3lqk3gg00cgdev0
6f4f97c8-1c37-43d2-8b8b-e12cc2b27166,c4e9faokqp4g00aan3fg
6f4f97c8-1c37-43d2-8b8b-e12cc2b27166,c4e9lookqp4g00aan570
6f70fe2f-cbad-467b-af0f-ce4d4b343952,c4e9faq11o1g008bvvsg
6f70fe2f-cbad-467b-af0f-ce4d4b343952,c4e9lovdeto00089sd20
6f746e83-9f91-458c-b3ea-908ad3b7801c,cofkjlf3r4d000f3bpeg
6f746e83-9f91-458c-b3ea-908ad3b7801c,cofkjllqk3gg00chk1c0
6f8f6574-ced5-4be1-a3a5-3e2fe10df83a,cobm1dqf6nn0008ul91g
6f8f6574-ced5-4be1-a3a5-3e2fe10df83a,cobm1e2r4qng00aevg20
6f91de2f-4e0c-449b-839c-b96444458509,c4e9fjlksi2g00c0uosg
6f91de2f-4e0c-449b-839c-b96444458509,c4e9lov2551g00d1hj20
6fa9cfa6-ee85-4ec9-89c6-634201194bef,codla6ei5iag009vfjp0
6fa9cfa6-ee85-4ec9-89c6-634201194bef,codla6eudun000ei3fog
6fd2bc01-3a2e-4835-a789-ce590ab9657a,cngl921miud0009pv1a0
6fd2bc01-3a2e-4835-a789-ce590ab9657a,cngl9279iisg009pp1c0
70031ffa-610e-40d4-9db1-35c6e8ddf825,cod07b28kqpg00asfqh0
70031ffa-610e-40d4-9db1-35c6e8ddf825,cod07b3ai11g00d6ilk0
70141bc6-dd25-11ea-b51f-00505681224b,c4adtdsbq3o000ab62qg
70141bc6-dd25-11ea-b51f-00505681224b,c4adtdulljag0089r22g
7015a270-dd25-11ea-9bbc-00505681224b,c4adtdogdkfg00cjmjs0
7015a270-dd25-11ea-9bbc-00505681224b,c4adtdoqui1g00dc4dcg
7017291c-dd25-11ea-b08f-00505681224b,c4adte3vdq3000euvhcg
7017291c-dd25-11ea-b08f-00505681224b,c4adte5ksi2g00c048r0
701a4cb3-9a82-42f3-8db5-1fa7bf53973c,cogupjh8t1lg00a9b5r0
701a4cb3-9a82-42f3-8db5-1fa7bf53973c,cogupjnlrmbg00b7qnk0
703f190d-4d15-443f-aaaf-4d9a73dddc04,cee02063mlvg0091osng
703f190d-4d15-443f-aaaf-4d9a73dddc04,cee020fd49lg009j7d1g
70517a06-1814-11eb-a53d-00505681224b,c4ephv4mi4og00d2gd40
70517a06-1814-11eb-a53d-00505681224b,c4epi2nf3f9g00811140
70587f14-1814-11eb-8f48-00505681224b,c4ephv3jknf000ams600
70587f14-1814-11eb-8f48-00505681224b,c4epi2vf3f9g0081114g
705ee7dc-1814-11eb-90b8-00505681224b,c4ephvcmi4og00d2gd4g
705ee7dc-1814-11eb-90b8-00505681224b,c4epi2ulljag008apmd0
706550a6-1814-11eb-afb2-00505681224b,c4ephv7tarsg00au8ke0
706550a6-1814-11eb-afb2-00505681224b,c4epi2fl13i0009rcrk0
706836e8-1814-11eb-8b16-00505681224b,c4ephv4vfoog00ds7k2g
706836e8-1814-11eb-8b16-00505681224b,c4epi292rh1g009f9300
706b9262-1814-11eb-ad20-00505681224b,c4ephv4bq3o000ac3hbg
706b9262-1814-11eb-ad20-00505681224b,c4epi28qui1g00dd161g
706f14e8-1814-11eb-b57c-00505681224b,c4ephv7orvtg00d0f73g
706f14e8-1814-11eb-b57c-00505681224b,c4epi2lksi2g00c13s6g
707b985a-1814-11eb-a1fa-00505681224b,c4ephv4fjb0000cm5nsg
707b985a-1814-11eb-a1fa-00505681224b,c4epi2j0tnc000c89qr0
7089f098-1814-11eb-9514-00505681224b,c4ephv3jknf000ams5v0
7089f098-1814-11eb-9514-00505681224b,c4epi2mlljag008apmcg
70931892-1814-11eb-a584-00505681224b,c4ephuvl13i0009rcrbg
70931892-1814-11eb-a584-00505681224b,c4epi2ff3f9g0081113g
7094a73b-b6f8-4a7b-8dfd-0dd9043159ec,c4e9fbh2rh1g009f4f60
7094a73b-b6f8-4a7b-8dfd-0dd9043159ec,c4e9lmlksi2g00c0uqn0
709e680d-2c89-4c4b-9f34-e2152167dbbd,c4e9fjcmi4og00d2bpdg
709e680d-2c89-4c4b-9f34-e2152167dbbd,c4e9lr61ja2g00ccf8r0
70a4e6f6-1b77-4998-bb9c-b5bea654b1f0,c4e9fb5ksi2g00c0uopg
70a4e6f6-1b77-4998-bb9c-b5bea654b1f0,c4e9lth6lb7g00ceit2g
70a58f9c-1814-11eb-9c5e-00505681224b,c4ephup6lb7g00cenndg
70a58f9c-1814-11eb-9c5e-00505681224b,c4epi2b0tnc000c89qqg
70a9fc8a-1814-11eb-b894-00505681224b,c4ephuqlpbg0009o3r3g
70a9fc8a-1814-11eb-b894-00505681224b,c4epi2fdeto0008a1680
70ad01e6-9a44-4788-b908-6a83fb4e62f3,co14hba8kqpg00aonvd0
70ad01e6-9a44-4788-b908-6a83fb4e62f3,co14hbcpru2g00bl83h0
70af53dc-1814-11eb-a75d-00505681224b,c4ephusvfoog00ds7k20
70af53dc-1814-11eb-a75d-00505681224b,c4epi2forvtg00d0f7f0
70ba2994-1814-11eb-9e80-00505681224b,c4ephuvl13i0009rcrc0
70ba2994-1814-11eb-9e80-00505681224b,c4epi2cbq3o000ac3hj0
70c414e4-1814-11eb-b669-00505681224b,c4ephv47bhug00afhe2g
70c414e4-1814-11eb-b669-00505681224b,c4epi28qui1g00dd1610
70d792d7-d1cf-4efc-bf77-b8bbf5d2e0e1,cei03gfjch3g00fos800
70d792d7-d1cf-4efc-bf77-b8bbf5d2e0e1,cei03glt0el000febvr0
70de1fdc-d049-45eb-a656-1daaf98f9112,c4e9fjku12qg0096pjeg
70de1fdc-d049-45eb-a656-1daaf98f9112,c4e9lp47bhug00afcsr0
711b8c87-3529-4c44-984b-0d9b1c2a3349,c4e9fb4fjb0000cm06jg
711b8c87-3529-4c44-984b-0d9b1c2a3349,c4e9ltj0tnc000c84vq0
7123da19-9928-4bf8-ae8b-e5cde471bbd2,cngl67bnofvg00barm80
7123da19-9928-4bf8-ae8b-e5cde471bbd2,cngl67f3r4d000et7rl0
7133fe6f-7c11-45a8-afdf-9f6c5953d76b,cogupjgn2q9g00f23o8g
7133fe6f-7c11-45a8-afdf-9f6c5953d76b,cogupjhgkbk0009jg750
71538fbb-1fbe-41ee-8d4f-d5b10a0b4708,c4e9fb9lms9g00depgcg
71538fbb-1fbe-41ee-8d4f-d5b10a0b4708,c4e9lp6lljag008akq6g
717bed74-17be-4c06-a57a-167433ca4f36,cogupjo7ov20008ielv0
717bed74-17be-4c06-a57a-167433ca4f36,cogupjrai11g00d72fsg
717d6f43-9b94-4440-b2b5-94e613fa1e5f,cee0204qsijg00emtbk0
717d6f43-9b94-4440-b2b5-94e613fa1e5f,cee020aqhpqg00cqo3a0
7198e931-aae6-4b88-8ab9-f0759363542d,cngl67c10vk00082s8qg
7198e931-aae6-4b88-8ab9-f0759363542d,cngl67gvhjtg00d6lc40
71a27d55-ec9c-4648-b0ff-c3985d717816,c4e9fb96lb7g00ceir8g
71a27d55-ec9c-4648-b0ff-c3985d717816,c4e9ltnf3f9g0080s0sg
71a3b9ec-0e56-48ac-a9f7-a8df6878bbf2,c4e9fbb0tnc000c84u8g
71a3b9ec-0e56-48ac-a9f7-a8df6878bbf2,c4e9ltgkqp4g00aan580
71a6c6af-13d8-4461-a98e-a7855667f6a6,c4e9fjbvdq3000evtag0
71a6c6af-13d8-4461-a98e-a7855667f6a6,c4e9lp2c0ku000ap496g
71c071e0-f255-436d-bd32-cd4ba7d83ba9,c4e9fbcbq3o000abuo3g
71c071e0-f255-436d-bd32-cd4ba7d83ba9,c4e9lp622pr000dqlgdg
71f421c8-177d-45d2-9eb8-755135857c35,cei03gbo765000di6h60
71f421c8-177d-45d2-9eb8-755135857c35,cei03gmvss5g0094rqd0
720bf8db-0aeb-4c39-a036-de08d8fb3ad7,codla6k10vk00088ct2g
720bf8db-0aeb-4c39-a036-de08d8fb3ad7,codla6lorq7g008nggg0
723748c4-73a1-4f73-82da-c5d171466832,coabrmpqkol000a9i75g
723748c4-73a1-4f73-82da-c5d171466832,coabrmvlrmbg00b6etv0
723b773f-9116-4332-884c-ec9c2e96e1b9,c4e9fbforvtg00d0aekg
723b773f-9116-4332-884c-ec9c2e96e1b9,c4e9lp7l13i0009r7hr0
725a82c0-dfce-4899-a329-a7ef200a9a6e,c4e9fjf2551g00d1hhe0
725a82c0-dfce-4899-a329-a7ef200a9a6e,c4e9lpcvfoog00ds2vsg
726a84a6-9f3c-11eb-9a00-00505681224b,c4en4616lb7g00cemh5g
726a84a6-9f3c-11eb-9a00-00505681224b,c4en504o26gg008qtjc0
726a84a7-9f3c-11eb-83c2-00505681224b,c4en468gdkfg00cki7ng
726a84a7-9f3c-11eb-83c2-00505681224b,c4en5096lb7g00cemhk0
729347a6-9c89-11e9-a2d8-00505681224b,c4ephuulljag008apm30
729347a6-9c89-11e9-a2d8-00505681224b,c4epi24o26gg008quu5g
72a3fa0d-7908-4395-a434-e71fb3c61d84,c4e9fbkmi4og00d2bpc0
72a3fa0d-7908-4395-a434-e71fb3c61d84,c4e9ltnorvtg00d0agm0
72a7a475-e1f2-457b-b273-4528a5904c13,c4e9fbn2551g00d1hhbg
72a7a475-e1f2-457b-b273-4528a5904c13,c4e9ltkmi4og00d2br40
72acdb82-9c89-11e9-86e2-00505681224b,c4ephuplms9g00deu6hg
72acdb82-9c89-11e9-86e2-00505681224b,c4epi27tarsg00au8kmg
72bd8598-9c89-11e9-a527-00505681224b,c4ephuq11o1g008c4hb0
72bd8598-9c89-11e9-a527-00505681224b,c4epi22lpbg0009o3rc0
72c4b523-2ed2-412e-8ef3-4d62251100da,c4e9fbgkqp4g00aan3g0
72c4b523-2ed2-412e-8ef3-4d62251100da,c4e9ltntarsg00au3pig
72c96ccc-9c89-11e9-8889-00505681224b,c4ephuqlpbg0009o3r30
72c96ccc-9c89-11e9-8889-00505681224b,c4epi27tarsg00au8kn0
72cc8c70-c230-493f-aaed-9e003985fdb9,cnp7dih9galg00cub8mg
72cc8c70-c230-493f-aaed-9e003985fdb9,cnp7dijai11g00d20960
72d09122-9c89-11e9-8a8a-00505681224b,c4ephuso26gg008qutrg
72d09122-9c89-11e9-8a8a-00505681224b,c4epi2cu12qg0096umqg
72d7b570-9c89-11e9-be4c-00505681224b,c4ephurvdq3000f032l0
72d7b570-9c89-11e9-be4c-00505681224b,c4epi2f2551g00d1m2ig
72e5fe1a-9c89-11e9-9b4c-00505681224b,c4ephuic0ku000ap9h2g
72e5fe1a-9c89-11e9-9b4c-00505681224b,c4epi20gdkfg00ckjdn0
72f1e54c-9c89-11e9-aafd-00505681224b,c4ephurjknf000ams5ug
72f1e54c-9c89-11e9-aafd-00505681224b,c4epi230tnc000c89qq0
72f909a2-9c89-11e9-b7be-00505681224b,c4ephuv2551g00d1m28g
72f909a2-9c89-11e9-b7be-00505681224b,c4epi24fjb0000cm5o2g
7310d80a-9c89-11e9-b572-00505681224b,c4ephusu12qg0096umgg
7310d80a-9c89-11e9-b572-00505681224b,c4epi22lpbg0009o3rbg
7317e162-8c60-11eb-9d20-00505681224b,c4ephum22pr000dqpvfg
7317e162-8c60-11eb-9d20-00505681224b,c4epi1plms9g00deu6og
7317fc5e-9c89-11e9-9e3a-00505681224b,c4ephum1ja2g00ccjpk0
7317fc5e-9c89-11e9-9e3a-00505681224b,c4epi1p2rh1g009f92v0
731d38b4-8c60-11eb-b44a-00505681224b,c4ephugqui1g00dd15p0
731d38b4-8c60-11eb-b44a-00505681224b,c4epi1u22pr000dqpvp0
732416b0-8c60-11eb-8e8f-00505681224b,c4ephunl13i0009rcrb0
732416b0-8c60-11eb-8e8f-00505681224b,c4epi20qui1g00dd1600
732c48e3-85e6-41e4-b412-4758d309f098,c4e9fjnf3f9g0080rv10
732c48e3-85e6-41e4-b412-4758d309f098,c4e9lpf2551g00d1hj30
73350e20-42e6-4570-829a-218d9fd77881,cod07b1jhmbg00fges40
73350e20-42e6-4570-829a-218d9fd77881,cod07bc10vk00088cisg
73435f50-8c60-11eb-bad9-00505681224b,c4ephuntarsg00au8kcg
73435f50-8c60-11eb-bad9-00505681224b,c4epi25ksi2g00c13s5g
7390ea92-ac16-11e8-b3b8-00505681224b,c4ephulnv8a0008hh6lg
7390ea92-ac16-11e8-b3b8-00505681224b,c4epi2211o1g008c4hk0
739de334-ac16-11e8-ba47-00505681224b,c4ephukfjb0000cm5nrg
739de334-ac16-11e8-ba47-00505681224b,c4epi1nl13i0009rcrjg
73a2a612-ac16-11e8-936e-00505681224b,c4ephukmi4og00d2gd2g
73a2a612-ac16-11e8-936e-00505681224b,c4epi1ntarsg00au8km0
73a9ca5e-ac16-11e8-9a25-00505681224b,c4ephuic0ku000ap9h20
73a9ca5e-ac16-11e8-9a25-00505681224b,c4epi1r0tnc000c89qpg
73ac2bcc-ac16-11e8-b5f4-00505681224b,c4ephuntarsg00au8kc0
73ac2bcc-ac16-11e8-b5f4-00505681224b,c4epi1qc0ku000ap9hb0
73b0eeac-ac16-11e8-8df4-00505681224b,c4ephuj0tnc000c89qf0
73b0eeac-ac16-11e8-8df4-00505681224b,c4epi1so26gg008quu50
73b4d468-fb05-11e7-b525-00505681224b,c4ephukbq3o000ac3hag
73b4d468-fb05-11e7-b525-00505681224b,c4epi1q11o1g008c4hjg
73b8611a-ac16-11e8-b0a6-00505681224b,c4ephuf2551g00d1m27g
73b8611a-ac16-11e8-b0a6-00505681224b,c4epi1ntarsg00au8klg
73bcb4a2-e78c-4d57-99c4-27cf3193ee18,cobm1801qiv000f3ju2g
73bcb4a2-e78c-4d57-99c4-27cf3193ee18,cobm181g8bvg00b4ila0
73bd721c-ac16-11e8-95e0-00505681224b,c4ephudksi2g00c13rsg
73bd721c-ac16-11e8-95e0-00505681224b,c4epi1ndeto0008a1670
73c49666-ac16-11e8-8abe-00505681224b,c4ephuc7bhug00afhe20
73c49666-ac16-11e8-8abe-00505681224b,c4epi1m22pr000dqpvo0
73c9a766-ac16-11e8-9d52-00505681224b,c4ephucbq3o000ac3ha0
73c9a766-ac16-11e8-9d52-00505681224b,c4epi1m1ja2g00ccjpvg
73cc08d8-ac16-11e8-8bb0-00505681224b,c4ephu8gdkfg00ckjdf0
73cc08d8-ac16-11e8-8bb0-00505681224b,c4epi1mlljag008apmbg
73d32d24-ac16-11e8-ba97-00505681224b,c4ephue22pr000dqpvf0
73d32d24-ac16-11e8-ba97-00505681224b,c4epi1i11o1g008c4hj0
73d68198-1ac4-446c-9215-e4f3670ba192,cofkjlgn2q9g00f1sto0
73d68198-1ac4-446c-9215-e4f3670ba192,cofkjlh8t1lg00a944d0
73d7f002-ac16-11e8-bf68-00505681224b,c4ephu8kqp4g00aarmc0
73d7f002-ac16-11e8-bf68-00505681224b,c4epi19lms9g00deu6o0
73dcb2de-ac16-11e8-a699-00505681224b,c4ephucfjb0000cm5nr0
73dcb2de-ac16-11e8-a699-00505681224b,c4epi1co26gg008quu3g
73e1c3de-ac16-11e8-b8c4-00505681224b,c4ephucmi4og00d2gd20
73e1c3de-ac16-11e8-b8c4-00505681224b,c4epi1cfjb0000cm5o20
73e4254c-ac16-11e8-9522-00505681224b,c4ephuac0ku000ap9h10
73e4254c-ac16-11e8-9522-00505681224b,c4epi1e22pr000dqpvn0
73edab0a-ac16-11e8-8425-00505681224b,c4ephu9lms9g00deu6h0
73edab0a-ac16-11e8-8425-00505681224b,c4epi1b0tnc000c89qp0
73f26de8-ac16-11e8-9bcb-00505681224b,c4ephucvfoog00ds7k0g
73f26de8-ac16-11e8-9bcb-00505681224b,c4epi1e22pr000dqpvng
73f730c6-ac16-11e8-a993-00505681224b,c4ephu3jknf000ams5t0
73f730c6-ac16-11e8-a993-00505681224b,c4epi17l13i0009rcrig
73fadd9f-687b-4105-b39a-b88132ef8f36,c4e9fbjvdq3000evtae0
73fadd9f-687b-4105-b39a-b88132ef8f36,c4e9lthlms9g00depi50
73fb4829-4be6-4e7e-bb76-3ea016b544cb,c4e9fbtnv8a0008hc1i0
73fb4829-4be6-4e7e-bb76-3ea016b544cb,c4e9ltjjknf000amnfg0
73fbf3a4-ac16-11e8-a400-00505681224b,c4ephu72551g00d1m270
73fbf3a4-ac16-11e8-a400-00505681224b,c4epi10qui1g00dd15v0
73fe7c24-ac16-11e8-84d1-00505681224b,c4ephu4vfoog00ds7k00
73fe7c24-ac16-11e8-84d1-00505681224b,c4epi17tarsg00au8kl0
74012bb6-ac16-11e8-8b56-00505681224b,c4ephucu12qg0096umf0
74012bb6-ac16-11e8-8b56-00505681224b,c4epi1co26gg008quu30
740c7887-75fa-43b4-b3bc-0467a400186e,cnv582oim8r000fpnqpg
740c7887-75fa-43b4-b3bc-0467a400186e,cnv5833ai11g00d2oibg
7415be49-89c4-4579-a6e5-e4ad94c5b6d9,c4e9fbu1ja2g00ccf710
7415be49-89c4-4579-a6e5-e4ad94c5b6d9,c4e9lrfdeto00089sd2g
7443abb7-672b-4294-907d-aed63f583c7c,c4e9fbulljag008ako9g
7443abb7-672b-4294-907d-aed63f583c7c,c4e9lrmlljag008akq70
74491733-f472-42e9-84de-18e41daa9ae7,c4e9fc16lb7g00ceir90
74491733-f472-42e9-84de-18e41daa9ae7,c4e9lrggdkfg00ckeoc0
74625af1-07a2-40d7-b801-9ca3870db662,coabqs0im8r000fsrrm0
74625af1-07a2-40d7-b801-9ca3870db662,coabqs8n2q9g00f0n7j0
747aa46f-e2c7-4c9a-b698-6dd85c7e305d,c4e9fc3jknf000amndk0
747aa46f-e2c7-4c9a-b698-6dd85c7e305d,c4e9lrsmi4og00d2br3g
747b7a56-15d0-4dc8-9768-b1a3e8d367a1,cofkjlpg8bvg00b54g70
747b7a56-15d0-4dc8-9768-b1a3e8d367a1,cofkjluudun000eicop0
747bd04c-cb4c-4218-bff8-e4555bd0cde5,cei03gjo765000di6h6g
747bd04c-cb4c-4218-bff8-e4555bd0cde5,cei03gmnbbog009trmng
74c2ac06-35e1-436e-8661-ee4a8e2f00c7,c4e9fc0qui1g00dcsgrg
74c2ac06-35e1-436e-8661-ee4a8e2f00c7,c4e9ls30tnc000c84vpg
74d5397e-ccf7-4758-b182-16c1bbd3a3ae,cod07bc5646000ckb54g
74d5397e-ccf7-4758-b182-16c1bbd3a3ae,cod07bdqk3gg00chafsg
74d77e80-feee-11ea-9b9e-00505681224b,c4en46qc0ku000ap87qg
74d77e80-feee-11ea-9b9e-00505681224b,c4en50e1ja2g00ccikt0
74e672bd-1235-4ed7-a1e4-a4bc576fc2c4,c4e9fdn2551g00d1hhc0
74e672bd-1235-4ed7-a1e4-a4bc576fc2c4,c4e9m1cu12qg0096pkv0
74f381ca-8872-11eb-b357-00505681224b,c4en46p6lb7g00cemh60
74f381ca-8872-11eb-b357-00505681224b,c4en50ftarsg00au7d5g
74f3a8da-8872-11eb-bce1-00505681224b,c4en46vdeto00089vvig
74f3a8da-8872-11eb-bce1-00505681224b,c4en50f2551g00d1ku10
74f3a8db-8872-11eb-8e1f-00505681224b,c4en46r0tnc000c88jpg
74f3a8db-8872-11eb-8e1f-00505681224b,c4en508gdkfg00cki840
74f3a8dc-8872-11eb-adf6-00505681224b,c4en46smi4og00d2f7pg
74f3a8dc-8872-11eb-adf6-00505681224b,c4en5092rh1g009f7tq0
74f3a8dd-8872-11eb-9fbf-00505681224b,c4en46oqui1g00dd00b0
74f3a8dd-8872-11eb-9fbf-00505681224b,c4en50cmi4og00d2f87g
74f3a8de-8872-11eb-ada8-00505681224b,c4en46ulljag008aogr0
74f3a8de-8872-11eb-ada8-00505681224b,c4en50k7bhug00afg900
74f3a8df-8872-11eb-b121-00505681224b,c4en46q11o1g008c3cp0
74f3a8df-8872-11eb-b121-00505681224b,c4en50ndeto0008a000g
74f3a8e0-8872-11eb-9ea9-00505681224b,c4en46tnv8a0008hftsg
74f3a8e0-8872-11eb-9ea9-00505681224b,c4en51kbq3o000ac2bag
74f3a8e1-8872-11eb-bad5-00505681224b,c4en46ogdkfg00cki7p0
74f3a8e1-8872-11eb-bad5-00505681224b,c4en51ntarsg00au7d60
74f3a8e2-8872-11eb-acd5-00505681224b,c4en46sfjb0000cm4dm0
74f3a8e2-8872-11eb-acd5-00505681224b,c4en51kfjb0000cm4e5g
74f3a8e3-8872-11eb-8e65-00505681224b,c4en474bq3o000ac2aqg
74f3a8e3-8872-11eb-8e65-00505681224b,c4en50lnv8a0008hfua0
74f3a8e4-8872-11eb-8ad6-00505681224b,c4en47c7bhug00afg8kg
74f3a8e4-8872-11eb-8ad6-00505681224b,c4en51m1ja2g00ccikug
74f3a8e5-8872-11eb-99b5-00505681224b,c4en47ku12qg0096tdng
74f3a8e5-8872-11eb-99b5-00505681224b,c4en51n2551g00d1ku20
74f3a8e6-8872-11eb-a05a-00505681224b,c4en47kbq3o000ac2arg
74f3a8e6-8872-11eb-a05a-00505681224b,c4en51kmi4og00d2f880
74f3a8e7-8872-11eb-a9e8-00505681224b,c4en47q11o1g008c3cq0
74f3a8e7-8872-11eb-a9e8-00505681224b,c4en51h2rh1g009f7trg
74f3a8e8-8872-11eb-b280-00505681224b,c4en47qc0ku000ap87r0
74f3a8e8-8872-11eb-b280-00505681224b,c4en51m22pr000dqor10
74f3a8e9-8872-11eb-b2b2-00505681224b,c4en47vdeto00089vvj0
74f3a8e9-8872-11eb-b2b2-00505681224b,c4en51m22pr000dqor1g
74f3a8ea-8872-11eb-97ab-00505681224b,c4en47vorvtg00d0e0pg
74f3a8ea-8872-11eb-97ab-00505681224b,c4en51jvdq3000f01npg
74f3a8eb-8872-11eb-a2f8-00505681224b,c4en47vdeto00089vvjg
74f3a8eb-8872-11eb-a2f8-00505681224b,c4en51tksi2g00c12jig
74f3a8ec-8872-11eb-aab0-00505681224b,c4en47u22pr000dqoqn0
74f3a8ec-8872-11eb-aab0-00505681224b,c4en52dksi2g00c12jj0
74f3a8ed-8872-11eb-ac7b-00505681224b,c4en481lms9g00det150
74f3a8ed-8872-11eb-ac7b-00505681224b,c4en52i11o1g008c3d8g
74f3a8ee-8872-11eb-b0a7-00505681224b,c4en4812rh1g009f7tdg
74f3a8ee-8872-11eb-b0a7-00505681224b,c4en52jjknf000amr0gg
74f3a8ef-8872-11eb-b49b-00505681224b,c4en485ksi2g00c12j2g
74f3a8ef-8872-11eb-b49b-00505681224b,c4en52kbq3o000ac2bb0
74f3a8f0-8872-11eb-b7cd-00505681224b,c4en4861ja2g00ccikgg
74f3a8f0-8872-11eb-b7cd-00505681224b,c4en52mlljag008aoh8g
74f3a8f1-8872-11eb-860c-00505681224b,c4en497deto00089vvk0
74f3a8f1-8872-11eb-860c-00505681224b,c4en52kfjb0000cm4e60
74f3a8f2-8872-11eb-8492-00505681224b,c4en4916lb7g00cemh8g
74f3a8f2-8872-11eb-8492-00505681224b,c4en52v2551g00d1ku40
74f3a8f3-8872-11eb-b7be-00505681224b,c4en497l13i0009rbibg
74f3a8f3-8872-11eb-b7be-00505681224b,c4en52u1ja2g00ccikvg
74f3a8f4-8872-11eb-9b47-00505681224b,c4en48211o1g008c3cqg
74f3a8f4-8872-11eb-9b47-00505681224b,c4en52p2rh1g009f7ts0
74f3a8f5-8872-11eb-8f83-00505681224b,c4en490kqp4g00aaqhng
74f3a8f5-8872-11eb-8f83-00505681224b,c4en52vf3f9g0080vprg
74f3a8f6-8872-11eb-9646-00505681224b,c4en493jknf000amr060
74f3a8f6-8872-11eb-9646-00505681224b,c4en52vdeto0008a001g
74f3a8f7-8872-11eb-8bd4-00505681224b,c4en49622pr000dqoqng
74f3a8f7-8872-11eb-8bd4-00505681224b,c4en52u22pr000dqor30
74f3a8f8-8872-11eb-8551-00505681224b,c4en48alpbg0009o2jp0
74f3a8f8-8872-11eb-8551-00505681224b,c4en52qc0ku000ap88c0
74f3a8f9-8872-11eb-8a62-00505681224b,c4en4930tnc000c88jrg
74f3a8f9-8872-11eb-8a62-00505681224b,c4en52rjknf000amr0h0
74f3a8fa-8872-11eb-a2c3-00505681224b,c4en4912rh1g009f7teg
74f3a8fa-8872-11eb-a2c3-00505681224b,c4en534vfoog00ds6f60
74f3a8fb-8872-11eb-a2da-00505681224b,c4en494bq3o000ac2at0
74f3a8fb-8872-11eb-a2da-00505681224b,c4en538gdkfg00cki860
74f3a8fc-8872-11eb-8255-00505681224b,c4en490gdkfg00cki7qg
74f3a8fc-8872-11eb-8255-00505681224b,c4en53ntarsg00au7d80
74f3a8fd-8872-11eb-b2b2-00505681224b,c4en49vf3f9g0080vpdg
74f3a8fd-8872-11eb-b2b2-00505681224b,c4en53rvdq3000f01nr0
74f3a8fe-8872-11eb-84a3-00505681224b,c4en49vtarsg00au7cog
74f3a8fe-8872-11eb-84a3-00505681224b,c4en53smi4og00d2f8a0
74f3a8ff-8872-11eb-a5dc-00505681224b,c4en49plms9g00det15g
74f3a8ff-8872-11eb-a5dc-00505681224b,c4en53vdeto0008a0020
74f3a900-8872-11eb-9eea-00505681224b,c4en4a30tnc000c88js0
74f3a900-8872-11eb-9eea-00505681224b,c4en53vf3f9g0080vpsg
74f3a901-8872-11eb-9b9a-00505681224b,c4en4a4u12qg0096tdp0
74f3a901-8872-11eb-9b9a-00505681224b,c4en53qlpbg0009o2kag
74f3a902-8872-11eb-bc4a-00505681224b,c4en4a5nv8a0008hfttg
74f3a902-8872-11eb-bc4a-00505681224b,c4en53s7bhug00afg93g
74f3a903-8872-11eb-90de-00505681224b,c4en4a211o1g008c3crg
74f3a903-8872-11eb-90de-00505681224b,c4en53smi4og00d2f8ag
74f3cfec-8872-11eb-96b1-00505681224b,c4en4a1lms9g00det160
74f3cfec-8872-11eb-96b1-00505681224b,c4en53vf3f9g0080vpt0
74f3cfed-8872-11eb-88c4-00505681224b,c4en4a72551g00d1ktq0
74f3cfed-8872-11eb-88c4-00505681224b,c4en53okqp4g00aaqi1g
74f3cfee-8872-11eb-b323-00505681224b,c4en4a211o1g008c3cs0
74f3cfee-8872-11eb-b323-00505681224b,c4en54vdeto0008a0030
74f3cfef-8872-11eb-8781-00505681224b,c4en4amlljag008aogtg
74f3cfef-8872-11eb-8781-00505681224b,c4en544bq3o000ac2bc0
74f3cff0-8872-11eb-9a1b-00505681224b,c4en4alksi2g00c12j40
74f3cff0-8872-11eb-9a1b-00505681224b,c4en54rvdq3000f01nrg
74f3cff1-8872-11eb-b92b-00505681224b,c4en4aku12qg0096tdpg
74f3cff1-8872-11eb-b92b-00505681224b,c4en54smi4og00d2f8bg
74f3cff2-8872-11eb-8f3d-00505681224b,c4en4aoqui1g00dd00dg
74f3cff2-8872-11eb-8f3d-00505681224b,c4en540qui1g00dd00s0
74f3cff3-8872-11eb-883b-00505681224b,c4en4aogdkfg00cki7rg
74f3cff3-8872-11eb-883b-00505681224b,c4en54dnv8a0008hfubg
74f3cff4-8872-11eb-a60d-00505681224b,c4en4b4vfoog00ds6eqg
74f3cff4-8872-11eb-a60d-00505681224b,c4en54hlms9g00det1i0
74f3cff5-8872-11eb-b1ed-00505681224b,c4en4b4o26gg008qtit0
74f3cff5-8872-11eb-b1ed-00505681224b,c4en54nl13i0009rbiog
74f3cff6-8872-11eb-9cca-00505681224b,c4en4b72551g00d1ktrg
74f3cff6-8872-11eb-9cca-00505681224b,c4en54qlpbg0009o2kc0
74f3cff7-8872-11eb-9861-00505681224b,c4en4b0qui1g00dd00e0
74f3cff7-8872-11eb-9861-00505681224b,c4en54q11o1g008c3dbg
74f3cff8-8872-11eb-9391-00505681224b,c4en4b4vfoog00ds6er0
74f3cff8-8872-11eb-9391-00505681224b,c4en54vdeto0008a003g
750aacc4-117b-4d7f-ba56-06dc707fde12,cnp7dilralig008n2cl0
750aacc4-117b-4d7f-ba56-06dc707fde12,cnp7dispru2g00bk94o0
751a36c4-2f6f-45e2-8019-9664137bc525,c4e9fj8kqp4g00aan3i0
751a36c4-2f6f-45e2-8019-9664137bc525,c4e9m2cu12qg0096pkvg
752b57f1-ef16-4f1d-8f70-c74df238d82a,cogupk07ov20008iem00
752b57f1-ef16-4f1d-8f70-c74df238d82a,cogupk28kqpg00at1240
754e7390-5472-4ddb-a46b-34f3db241f49,cofkjls5646000ckkpe0
754e7390-5472-4ddb-a46b-34f3db241f49,cofkjlv3r4d000f3bpf0
7566e05f-fd11-4a91-bd87-9b6bc3b66549,cogupk5qk3gg00chq180
7566e05f-fd11-4a91-bd87-9b6bc3b66549,cogupkar4qng00afrjkg
756a5016-4aa7-4116-92e0-84ff7e98f6ea,cogupk9miud000a02fag
756a5016-4aa7-4116-92e0-84ff7e98f6ea,cogupkflrmbg00b7qnlg
756edc8f-1f30-4ef3-984f-7ba02ceb3b74,c4e9fdokqp4g00aan3h0
756edc8f-1f30-4ef3-984f-7ba02ceb3b74,c4e9m2cvfoog00ds2vug
757331ed-577e-4da2-9f79-0b6b4e5e3fb5,cnpsfp1qkol000a5nj30
757331ed-577e-4da2-9f79-0b6b4e5e3fb5,cnpsfpfs7se0009usjb0
7583b770-a7d0-44d4-99b8-04b8e2d8c9ad,cngl67hgkbk0009daesg
7583b770-a7d0-44d4-99b8-04b8e2d8c9ad,cngl67mudun000eckug0
758f223c-48e5-44d2-bc05-8329e2ad14bd,c4e9fjco26gg008qp840
758f223c-48e5-44d2-bc05-8329e2ad14bd,c4e9m2forvtg00d0agng
75970d3a-f808-46ca-8670-ac8106e598c3,cnnt741gkbk0009e5pbg
75970d3a-f808-46ca-8670-ac8106e598c3,cnnt74c5646000cfjr50
75abaab9-e8c2-4745-8866-5c8cf4bf9e4c,c4e9fljjknf000amndlg
75abaab9-e8c2-4745-8866-5c8cf4bf9e4c,c4e9lu3vdq3000evtccg
75b48018-fa74-4678-be60-63a635e018f1,cogupkd7tiqg00aq3oo0
75b48018-fa74-4678-be60-63a635e018f1,cogupkhqkol000aas8p0
75bd50a9-67fe-44cc-8bf3-7f3c61694bef,cf8c7nm7fmtg0082c9m0
75bd50a9-67fe-44cc-8bf3-7f3c61694bef,cf8c7on4lcs000b3c380
75c38a32-6d03-4743-ac69-ed77ee0c3a8a,co8chtqf6nn0008tu4i0
75c38a32-6d03-4743-ac69-ed77ee0c3a8a,co8chtqr4qng00ae7vkg
75dc0376-8aa2-498c-9b7c-1fca9e5db3f1,c4e9fjk7bhug00afcr80
75dc0376-8aa2-498c-9b7c-1fca9e5db3f1,c4e9lu4o26gg008qpa60
75eabb35-d867-461b-8e12-5e21799c9da1,co8chtp9galg00d232bg
75eabb35-d867-461b-8e12-5e21799c9da1,co8chttqk3gg00cgcv80
75ed11b3-c955-49d1-8576-1bb6f7106a25,co8chu410vk00087eo9g
75ed11b3-c955-49d1-8576-1bb6f7106a25,co8chu5orq7g008mg5r0
75f6ddb2-835a-45ed-a3d1-65711e621f8c,cngl92a8kqpg00amuge0
75f6ddb2-835a-45ed-a3d1-65711e621f8c,cngl92d7tiqg00aju33g
76044540-91f0-4403-81d1-2eb466aaf9b1,cei03g6nbbog009trmk0
76044540-91f0-4403-81d1-2eb466aaf9b1,cei03geea3q00088st3g
760d4de4-e16c-446b-9ed1-db55c671ea6c,c4e9fjko26gg008qp84g
760d4de4-e16c-446b-9ed1-db55c671ea6c,c4e9lu5nv8a0008hc3jg
761bfcec-1330-4c66-9d55-b4dfe07b3872,c4e9fju1ja2g00ccf73g
761bfcec-1330-4c66-9d55-b4dfe07b3872,c4e9lu16lb7g00ceit30
761dad18-3a8c-43b8-936c-67d2abd48324,c4e9fjkvfoog00ds2u90
761dad18-3a8c-43b8-936c-67d2abd48324,c4e9m28kqp4g00aan5ag
76266edf-c8b9-4bd0-ad35-fc0af51fbee3,cogupkjrfj6g00ajl9p0
76266edf-c8b9-4bd0-ad35-fc0af51fbee3,cogupknlrmbg00b7qnmg
762e2f76-fb05-11e7-bec9-00505681224b,c4ephuc7bhug00afhe1g
762e2f76-fb05-11e7-bec9-00505681224b,c4epi196lb7g00cennl0
76471a6a-88fe-4008-97a0-b46067150fd0,cnpsfpaase3000bhtrf0
76471a6a-88fe-4008-97a0-b46067150fd0,cnpsfph3sto000bmrng0
769bb3c4-fc52-4b5f-a5c5-1423d2bcad5e,cee020f4lcs000b0t3j0
769bb3c4-fc52-4b5f-a5c5-1423d2bcad5e,cee020mea3q00088fmsg
76bbefec-e334-46db-8643-00eaf087933a,c4e9fnsfjb0000cm06n0
76bbefec-e334-46db-8643-00eaf087933a,c4e9lu5ksi2g00c0uqo0
76bc7a76-d73e-4af2-b53a-c1f01e55d0b2,cogupklqk3gg00chq190
76bc7a76-d73e-4af2-b53a-c1f01e55d0b2,cogupko1277000ehlt90
76f65cf2-6b32-4538-be88-7650dd422488,cee0201qn33g00fpnoqg
76f65cf2-6b32-4538-be88-7650dd422488,cee0206nbbog009tf11g
77094781-f85b-4f3e-ae1c-9a44126002e7,c4e9fjhlms9g00depgf0
77094781-f85b-4f3e-ae1c-9a44126002e7,c4e9lu16lb7g00ceit3g
770c84ea-c900-4400-b860-ee707ffcc0f5,co72btgim8r000fs81o0
770c84ea-c900-4400-b860-ee707ffcc0f5,co72btrai11g00d562og
771f6a5c-55a3-483c-9b64-6652faa6c814,c4e9fntnv8a0008hc1l0
771f6a5c-55a3-483c-9b64-6652faa6c814,c4e9lu3jknf000amnfgg
7729ae1a-6c3f-4c03-8a37-6bb892e733ce,c4e9fjv2551g00d1hheg
7729ae1a-6c3f-4c03-8a37-6bb892e733ce,c4e9luso26gg008qpa6g
775257d8-fe0b-49b0-b6c0-9a98f58e46fa,cod07bg7ov20008hua30
775257d8-fe0b-49b0-b6c0-9a98f58e46fa,cod07bh9galg00d30npg
7756a90f-699d-4344-8c1a-4949626986d9,cee0201pr5lg00cdrjmg
7756a90f-699d-4344-8c1a-4949626986d9,cee02063mlvg0091osn0
776f6817-6466-4fa9-ac20-0c3faea6a996,cod07bg1qiv000f3sra0
776f6817-6466-4fa9-ac20-0c3faea6a996,cod07bmi5iag009veul0
7779b676-af1a-4d46-a9d6-67c463443a26,c4e9fjs7bhug00afcr8g
7779b676-af1a-4d46-a9d6-67c463443a26,c4e9lu4bq3o000abuptg
77b5b2ad-a530-464a-a10f-bcde2a4054fb,coabrn28kqpg00arlhbg
77b5b2ad-a530-464a-a10f-bcde2a4054fb,coabrn73r4d000f24djg
77be89f8-f0ca-11e7-a07a-00505681224b,c4dtmt0kqp4g00aagd00
77be89f8-f0ca-11e7-a07a-00505681224b,c4dtncsvfoog00drs5q0
78150e58-bd92-477d-b0cb-89988977180b,coabrn2r4qng00aed2ug
78150e58-bd92-477d-b0cb-89988977180b,coabrn81277000eg8n90
7839ca36-2495-4387-bc57-f3a519b16550,c4e9fjsbq3o000abuo50
7839ca36-2495-4387-bc57-f3a519b16550,c4e9lv7tarsg00au3pj0
783e6c55-5e90-42d9-8533-584b8012b603,c4e9fjoqui1g00dcsgsg
783e6c55-5e90-42d9-8533-584b8012b603,c4e9luff3f9g0080s0tg
7849e677-bae2-486b-b0eb-a0190d1a4781,cee020fjch3g00fofe4g
7849e677-bae2-486b-b0eb-a0190d1a4781,cee020flle4000982sjg
7870d0f8-e262-4123-a291-346e17df69e2,cp03u58im8r00080ami0
7870d0f8-e262-4123-a291-346e17df69e2,cp03u59jhmbg00fj3njg
7880a6fb-364f-40c6-8506-9f21719d4313,c4e9fjvl13i0009r7fv0
7880a6fb-364f-40c6-8506-9f21719d4313,c4e9lu8gdkfg00ckeocg
78917bb0-7952-11e8-8008-00505681224b,c4ephue22pr000dqpveg
78917bb0-7952-11e8-8008-00505681224b,c4epi1alpbg0009o3rag
7899448d-bb06-4eaf-b3ce-ccb292af8ea1,coabqs99galg00d27i70
7899448d-bb06-4eaf-b3ce-ccb292af8ea1,coabqsflrmbg00b6etr0
78adc412-00fd-453e-a11b-a6cdbeb04f8f,cogupkqr4qng00afrjm0
78adc412-00fd-453e-a11b-a6cdbeb04f8f,cogupkrai11g00d72fug
78b29912-7952-11e8-be1f-00505681224b,c4ephu7deto0008a15v0
78b29912-7952-11e8-be1f-00505681224b,c4epi130tnc000c89qog
78c04e78-5edf-49c4-ac84-4e3dceb39b74,cofkjm18t1lg00a944dg
78c04e78-5edf-49c4-ac84-4e3dceb39b74,cofkjm79iisg009vh5d0
78c40668-7952-11e8-9e41-00505681224b,c4ephu7orvtg00d0f72g
78c40668-7952-11e8-9e41-00505681224b,c4epi116lb7g00cennkg
78d06d81-10b3-46bc-967f-887296a51a36,c4e9fnrvdq3000evtai0
78d06d81-10b3-46bc-967f-887296a51a36,c4e9luelljag008akq7g
78ec0729-c168-446b-a1c4-22798e111d60,c4e9fjp6lb7g00ceirag
78ec0729-c168-446b-a1c4-22798e111d60,c4e9lu8kqp4g00aan590
793c87d7-11c5-41c0-b700-75746f6c5ba3,c4e9fkcvfoog00ds2uag
793c87d7-11c5-41c0-b700-75746f6c5ba3,c4e9lue22pr000dqlge0
793d433f-7b3f-482a-b5cd-19a66f6891fc,c4e9fnrvdq3000evtah0
793d433f-7b3f-482a-b5cd-19a66f6891fc,c4e9lufdeto00089sd50
793ec7c3-b015-468e-bfc8-14e54a9a9e95,cofkjm3ai11g00d6sal0
793ec7c3-b015-468e-bfc8-14e54a9a9e95,cofkjmdqk3gg00chk1d0
7941363f-f927-49c9-884e-eb1692fb17d3,c4e9fjsvfoog00ds2ua0
7941363f-f927-49c9-884e-eb1692fb17d3,c4e9lum1ja2g00ccf8rg
79602b33-5df1-45ac-86ed-ae1973da11fe,c4e9fkdnv8a0008hc1jg
79602b33-5df1-45ac-86ed-ae1973da11fe,c4e9luu22pr000dqlgeg
797fcd0e-ddc7-4d8a-833d-64caf4542ac8,c4e9fjsmi4og00d2bpeg
797fcd0e-ddc7-4d8a-833d-64caf4542ac8,c4e9lunf3f9g0080s0u0
799e3d46-8ece-49b6-a439-c4e772a55a21,co72btrai11g00d562p0
799e3d46-8ece-49b6-a439-c4e772a55a21,co72bu07ov20008ggo8g
79dbe1c1-cd1f-4f0f-8bc5-1dcf65369995,co8chu1jhmbg00ffg8pg
79dbe1c1-cd1f-4f0f-8bc5-1dcf65369995,co8chud7tiqg00aojlv0
7a2a1ffe-d7ae-4f32-99a1-88a755409151,cngl67lralig008m3lug
7a2a1ffe-d7ae-4f32-99a1-88a755409151,cngl67pmiud0009pv0p0
7a317edc-59d5-4d37-9515-b325cea96ba7,c4e9fnrvdq3000evtahg
7a317edc-59d5-4d37-9515-b325cea96ba7,c4e9luk7bhug00afcss0
7a39315b-bab5-46ce-898c-5c5366e1699f,c4e9fnvl13i0009r7g00
7a39315b-bab5-46ce-898c-5c5366e1699f,c4e9lukbq3o000abupu0
7a3ee502-caf1-43ae-b963-2e84ce3c3edf,c4e9fnso26gg008qp85g
7a3ee502-caf1-43ae-b963-2e84ce3c3edf,c4e9luvorvtg00d0agn0
7a4ccb45-db64-4efb-aa4a-c632c32033a5,c4e9fntksi2g00c0uou0
7a4ccb45-db64-4efb-aa4a-c632c32033a5,c4e9lurjknf000amnfh0
7a688bdc-bef5-41c9-a209-0534a07b6d91,c4e9fkkfjb0000cm06mg
7a688bdc-bef5-41c9-a209-0534a07b6d91,c4e9lurvdq3000evtcd0
7a709988-56fa-4126-b0ad-4b13efd596b4,cnpsfpjai11g00d23nlg
7a709988-56fa-4126-b0ad-4b13efd596b4,cnpsfpns7se0009usjbg
7a74cd73-c5a0-4963-a895-b384cd65ea6f,c4e9fnso26gg008qp850
7a74cd73-c5a0-4963-a895-b384cd65ea6f,c4e9lv7f3f9g0080s0ug
7a767e79-b409-4b14-9e6a-fa625afbad0b,cohjs1g1277000ehofq0
7a767e79-b409-4b14-9e6a-fa625afbad0b,cohjs1pmiud000a04j7g
7a7b2b70-1826-4cdd-a09f-5e8291cf4966,c4e9fln2551g00d1hhf0
7a7b2b70-1826-4cdd-a09f-5e8291cf4966,c4e9m2cfjb0000cm08lg
7a7da348-5ecd-4563-8593-b3151864b9e4,c4e9flplms9g00depgfg
7a7da348-5ecd-4563-8593-b3151864b9e4,c4e9lv0kqp4g00aan5a0
7abe0062-9a1e-4d32-9d40-14fb1bc2149f,c4e9fqcbq3o000abuo60
7abe0062-9a1e-4d32-9d40-14fb1bc2149f,c4e9lv12rh1g009f4h1g
7afcf0c3-57aa-4a07-bb26-968668cf9718,cngl67s5646000ceq400
7afcf0c3-57aa-4a07-bb26-968668cf9718,cngl68410vk00082s8rg
7b2896e5-1768-4e6d-836c-337b4f1bc7a3,c4e9fsk7bhug00afcra0
7b2896e5-1768-4e6d-836c-337b4f1bc7a3,c4e9lv4bq3o000abupug
7b3841e1-7798-4bdf-8d2b-9207cceb3c28,c4e9fsj0tnc000c84ubg
7b3841e1-7798-4bdf-8d2b-9207cceb3c28,c4e9m2bjknf000amnfig
7b3a86c9-d42a-46d5-b751-e19fe786ad0c,coabqsjai11g00d5pctg
7b3a86c9-d42a-46d5-b751-e19fe786ad0c,coabqsnlrmbg00b6etrg
7b3ba025-478d-4a78-8630-2343b937c69e,cogupkpqkol000aas8q0
7b3ba025-478d-4a78-8630-2343b937c69e,cogupl5orq7g008o20ug
7b59ea4b-d5dd-4e2e-878c-8779d993c083,cod07bo1277000eh3pug
7b59ea4b-d5dd-4e2e-878c-8779d993c083,cod07bpmiud0009viirg
7b63ba57-45cc-417e-87a6-d00fea12cced,codla6if6nn0008uuq4g
7b63ba57-45cc-417e-87a6-d00fea12cced,codla6o1qiv000f3t9u0
7b641f9e-b0b4-4418-97f3-b2ce8d8c53dc,cngl681miud0009pv0pg
7b641f9e-b0b4-4418-97f3-b2ce8d8c53dc,cngl687s7se0009tosog
7b70146d-a07d-42f4-9ab8-d388a421102e,cogupl0im8r000fu66a0
7b70146d-a07d-42f4-9ab8-d388a421102e,cogupl1gkbk0009jg76g
7b7b4c57-927a-4eb1-bdfd-c3152ac3c52d,cf8c7nuvss5g0096t6a0
7b7b4c57-927a-4eb1-bdfd-c3152ac3c52d,cf8c7on4lcs000b3c38g
7b892a05-3b0a-4ecf-85ef-a85f47445704,c4e9fo4bq3o000abuo5g
7b892a05-3b0a-4ecf-85ef-a85f47445704,c4e9lvdksi2g00c0uqp0
7b8e0992-9d14-4f03-8e86-a95e5bb17c8f,c4e9fsgqui1g00dcsgug
7b8e0992-9d14-4f03-8e86-a95e5bb17c8f,c4e9lv3jknf000amnfi0
7b9c15cd-0f66-4bfe-b7c1-5de897a44294,coabqshgkbk0009i54h0
7b9c15cd-0f66-4bfe-b7c1-5de897a44294,coabqspqkol000a9i720
7baeccde-106f-4c72-9d12-7bbbf7c193d7,codla6pg8bvg00b4r4g0
7baeccde-106f-4c72-9d12-7bbbf7c193d7,codla6tqk3gg00chapmg
7bafec7f-7950-4fae-b550-35c63d3f40c1,c4e9fo4fjb0000cm06o0
7bafec7f-7950-4fae-b550-35c63d3f40c1,c4e9m29lms9g00depi7g
7BBB4559-8EAF-44D8-AFE7-8EBAA28959C3,c4bk05ilpbg0009nduc0
7BBB4559-8EAF-44D8-AFE7-8EBAA28959C3,c4bk05lnv8a0008gq710
7bbbdc2d-ffd7-4387-9570-44de7e7211cd,c4e9fo4vfoog00ds2ub0
7bbbdc2d-ffd7-4387-9570-44de7e7211cd,c4e9m2fdeto00089sd60
7bbd69ee-599a-4852-a28b-040e2b455864,c4e9fsjvdq3000evtajg
7bbd69ee-599a-4852-a28b-040e2b455864,c4e9lv8gdkfg00ckeodg
7bc0bb29-a07e-44e1-ad0d-717e035a1336,cee0201eff7g00asjrkg
7bc0bb29-a07e-44e1-ad0d-717e035a1336,cee02050p0eg0097h02g
7bd4a2c3-f473-481b-880d-3d5145f4fb86,c4e9fo1lms9g00depggg
7bd4a2c3-f473-481b-880d-3d5145f4fb86,c4e9lvkfjb0000cm08l0
7bd54102-37ee-4f2d-9276-93d0ed734922,c4e9fo7l13i0009r7g10
7bd54102-37ee-4f2d-9276-93d0ed734922,c4e9m28qui1g00dcsil0
7be10938-558c-402d-b9bb-c2700035a640,c4e9fsggdkfg00ckemk0
7be10938-558c-402d-b9bb-c2700035a640,c4e9m1ntarsg00au3pjg
7bf80405-b651-4ea8-9efd-1204c2680fe1,c4e9fodksi2g00c0uoug
7bf80405-b651-4ea8-9efd-1204c2680fe1,c4e9m76lljag008akq90
7c0f7192-4560-4254-b4c9-b0ba6d971f43,c4e9focu12qg0096pjh0
7c0f7192-4560-4254-b4c9-b0ba6d971f43,c4e9m77f3f9g0080s100
7c3308f0-ad02-4962-8c17-25f3d5f9ff03,c4e9fobvdq3000evtaig
7c3308f0-ad02-4962-8c17-25f3d5f9ff03,c4e9m6cu12qg0096pl00
7c36fd3a-62b3-11e8-ad90-00505681224b,c4ephu7tarsg00au8kbg
7c36fd3a-62b3-11e8-ad90-00505681224b,c4epi17f3f9g0081112g
7c3e486e-62b3-11e8-9f5c-00505681224b,c4ephu4fjb0000cm5nqg
7c3e486e-62b3-11e8-9f5c-00505681224b,c4epi1211o1g008c4hig
7c460752-3884-4b1f-87fa-02cf366cea00,cnnt74eudun000eden4g
7c460752-3884-4b1f-87fa-02cf366cea00,cnnt74kpru2g00bk2efg
7c4ef218-62b3-11e8-a5df-00505681224b,c4ephu7deto0008a15vg
7c4ef218-62b3-11e8-a5df-00505681224b,c4epi13jknf000ams66g
7c516d7e-da7c-49dc-a001-778b984aed40,c4e9foc7bhug00afcr90
7c516d7e-da7c-49dc-a001-778b984aed40,c4e9m2i11o1g008c01ig
7c6aa16c-eea5-4096-864a-0cfb01defcbc,co72bu2r4qng00adoi00
7c6aa16c-eea5-4096-864a-0cfb01defcbc,co72bua8kqpg00ar1hvg
7c942d50-9632-4c65-b87f-dcf3faf0eeb1,cngl5qaase3000bgt810
7c942d50-9632-4c65-b87f-dcf3faf0eeb1,cngl5qfs7se0009tosmg
7ca90a69-a39c-42b9-b9e7-162d17f323a9,cnnt74ns7se0009uiq90
7ca90a69-a39c-42b9-b9e7-162d17f323a9,cnnt74rnofvg00bbjc60
7cc5b29d-821e-4d67-afbe-4f6e0f31a580,cogupld7tiqg00aq3opg
7cc5b29d-821e-4d67-afbe-4f6e0f31a580,cogupleudun000eiip3g
7ccd7b37-0d18-4e90-8b0d-577a108fdd6a,c4e9foff3f9g0080rv2g
7ccd7b37-0d18-4e90-8b0d-577a108fdd6a,c4e9m2kvfoog00ds2vv0
7cd2f1d1-a7a2-42ae-8ae7-93a25f91679b,c4e9fodksi2g00c0uov0
7cd2f1d1-a7a2-42ae-8ae7-93a25f91679b,c4e9m2kmi4og00d2br5g
7cd81ba9-bc94-443d-ae96-a1194e11b713,co8chu87ov20008gvse0
7cd81ba9-bc94-443d-ae96-a1194e11b713,co8chu8im8r000fsn530
7cfcae21-7ac4-4fc9-9278-954989a9698e,cei03gd0p0eg0097tk2g
7cfcae21-7ac4-4fc9-9278-954989a9698e,cei03gnjch3g00fos80g
7d0a150f-916f-480a-b2d8-bfa851c00cdb,c4e9fontarsg00au3nrg
7d0a150f-916f-480a-b2d8-bfa851c00cdb,c4e9m6vl13i0009r7hu0
7d1e819e-94b8-4909-80a5-1220a775a9b9,cod07bpg8bvg00b4qqi0
7d1e819e-94b8-4909-80a5-1220a775a9b9,cod07bpqkol000aabv10
7d217181-dc8d-4662-894a-376cbe332561,cofkj618t1lg00a94440
7d217181-dc8d-4662-894a-376cbe332561,cofkj63ai11g00d6sae0
7d2e9d4e-989a-4b96-b040-c6a06e6bfb35,c4e9fonf3f9g0080rv30
7d2e9d4e-989a-4b96-b040-c6a06e6bfb35,c4e9m6m1ja2g00ccf8tg
7d46e443-8a5a-4216-a5e5-5c13693e1b89,c4e9fsmlljag008akodg
7d46e443-8a5a-4216-a5e5-5c13693e1b89,c4e9m6m22pr000dqlgfg
7d697c75-3f04-4e6d-8495-00319c1c3bd4,c4e9fsh6lb7g00ceirbg
7d697c75-3f04-4e6d-8495-00319c1c3bd4,c4e9m6vdeto00089sd6g
7d974d30-5e73-4584-a854-23bb6a626d03,coguplbai11g00d72fvg
7d974d30-5e73-4584-a854-23bb6a626d03,coguplg1qiv000f4es40
7db12659-7503-4241-9622-285548a2ee0c,c4e9fok7bhug00afcr9g
7db12659-7503-4241-9622-285548a2ee0c,c4e9m2jjknf000amnfj0
7dc659a1-b17b-4557-a9c3-df62b987bbfb,c4e9fom22pr000dqlerg
7dc659a1-b17b-4557-a9c3-df62b987bbfb,c4e9m6rjknf000amnfjg
7dd2544e-d2f3-4056-95b1-e27aa0071d49,c4e9foplms9g00depgh0
7dd2544e-d2f3-4056-95b1-e27aa0071d49,c4e9m2s7bhug00afcst0
7ddea185-2a4e-46de-bd59-a72e431a5e3c,cofkjm87ov20008i8ak0
7ddea185-2a4e-46de-bd59-a72e431a5e3c,cofkjmaf6nn0008v9q90
7df1a66d-e62e-47fa-8c88-c5fb2f75e1f1,c4e9fovorvtg00d0aemg
7df1a66d-e62e-47fa-8c88-c5fb2f75e1f1,c4e9m70kqp4g00aan5bg
7e1605c6-da96-11e7-9e33-00505681224b,c4dtmtco26gg008qhlf0
7e1605c6-da96-11e7-9e33-00505681224b,c4dtncvf3f9g0080ks00
7e1e4825-a138-436b-a84b-71473a5ad23e,cobm1e1g8bvg00b4ild0
7e1e4825-a138-436b-a84b-71473a5ad23e,cobm1e3rfj6g00aiovt0
7e29e653-4e96-4686-a220-150cace1ddcb,c4e9fotnv8a0008hc1m0
7e29e653-4e96-4686-a220-150cace1ddcb,c4e9m6sfjb0000cm08mg
7e2e4317-841f-42ba-b804-e218dd6ef418,c4e9fooqui1g00dcsgu0
7e2e4317-841f-42ba-b804-e218dd6ef418,c4e9m6hlms9g00depi80
7e4b1bcb-70fc-4c97-9858-50ed56fc3102,c4e9fp4u12qg0096pjhg
7e4b1bcb-70fc-4c97-9858-50ed56fc3102,c4e9m6rvdq3000evtce0
7e55e64e-f954-41b6-8d9c-3f1f8a6aecc6,c4e9fsm22pr000dqles0
7e55e64e-f954-41b6-8d9c-3f1f8a6aecc6,c4e9maac0ku000ap49a0
7e59c039-4d04-4183-a3cc-d06276310a38,cobm1e81qiv000f3ju50
7e59c039-4d04-4183-a3cc-d06276310a38,cobm1e9jhmbg00fg6fk0
7e75f6a8-3965-4733-988d-f6bf026d66da,cf8c7oe3mlvg0094aiu0
7e75f6a8-3965-4733-988d-f6bf026d66da,cf8c7omnbbog009vtueg
7e85144f-9e34-492f-8c73-9681f392dfd2,c4e9fsnf3f9g0080rv3g
7e85144f-9e34-492f-8c73-9681f392dfd2,c4e9madnv8a0008hc3lg
7e9a690a-8fd2-4e52-8a52-1651b8b53244,c4e9g14mi4og00d2bpfg
7e9a690a-8fd2-4e52-8a52-1651b8b53244,c4e9m6v2551g00d1hj50
7ebf0b1e-9650-474e-992d-c47b8f3a9634,cee0201eff7g00asjrl0
7ebf0b1e-9650-474e-992d-c47b8f3a9634,cee0201pr5lg00cdrjm0
7ec74b64-8413-41b4-9888-2cca04c85fdd,cf8c7oaac3n000enefag
7ec74b64-8413-41b4-9888-2cca04c85fdd,cf8c7on9dv5000dk29o0
7ec7e81f-11e4-4ccc-909c-1e754423e5c6,c4e9fss7bhug00afcrag
7ec7e81f-11e4-4ccc-909c-1e754423e5c6,c4e9maalpbg0009nuucg
7ecc6e31-22e4-4fd1-a1b6-a4c1d120a1d6,c4e9fsso26gg008qp86g
7ecc6e31-22e4-4fd1-a1b6-a4c1d120a1d6,c4e9madksi2g00c0uqpg
7ed1a29c-fb05-11e7-bcdb-00505681224b,c4ephu2c0ku000ap9h0g
7ed1a29c-fb05-11e7-bcdb-00505681224b,c4epi11lms9g00deu6ng
7edaec06-ac80-40c2-8bd2-e57a6e3bebbb,c4e9g30gdkfg00ckemlg
7edaec06-ac80-40c2-8bd2-e57a6e3bebbb,c4e9macbq3o000abupvg
7eeb3a1b-e84e-484d-b52e-c261a64c7ba7,cnpsfpoim8r000fp1ecg
7eeb3a1b-e84e-484d-b52e-c261a64c7ba7,cnpsfpp9galg00cues8g
7f0d10ab-f78d-4012-ab2e-a0aaf0aef7ba,c4e9g33jknf000amndo0
7f0d10ab-f78d-4012-ab2e-a0aaf0aef7ba,c4e9mafl13i0009r7hv0
7f371653-05cf-4ed2-a494-b4d0c345b25d,c4e9fsvdeto00089sbeg
7f371653-05cf-4ed2-a494-b4d0c345b25d,c4e9m77orvtg00d0ago0
7f604ac6-6d5f-4735-b6ad-b27ecb5d7eca,cnpsfq45646000cfss60
7f604ac6-6d5f-4735-b6ad-b27ecb5d7eca,cnpsfq4pru2g00bkcmug
7f61019b-db6b-4444-86fd-0cd3dcb31ae7,cqkkp68gpabg00bh2dp0
7f61019b-db6b-4444-86fd-0cd3dcb31ae7,cqkkpjht0md000cs5gpg
7f6d850e-8221-4eaa-b317-1bf05adc18a9,cee020f9dv5000dhi48g
7f6d850e-8221-4eaa-b317-1bf05adc18a9,cee020heff7g00asjrog
7f947cb3-5b47-46d7-927f-22409caaee22,c4e9g35ksi2g00c0up00
7f947cb3-5b47-46d7-927f-22409caaee22,c4e9m712rh1g009f4h30
7f94f55e-844e-4f09-8515-6788bd9a7826,cofkjm8im8r000ftvr10
7f94f55e-844e-4f09-8515-6788bd9a7826,cofkjmnlrmbg00b7jv80
7faf7023-3763-4dee-b3bf-a1188f77ab3f,c4e9fssbq3o000abuo6g
7faf7023-3763-4dee-b3bf-a1188f77ab3f,c4e9m712rh1g009f4h3g
7fcda751-9a77-45a4-b76d-7a4cdf79187f,cogupllorq7g008o20vg
7fcda751-9a77-45a4-b76d-7a4cdf79187f,coguplnlrmbg00b7qnng
7ff0f982-2aa2-436f-99e0-ea78d35d600a,c4e9g33jknf000amndog
7ff0f982-2aa2-436f-99e0-ea78d35d600a,c4e9m7bjknf000amnfk0
7ffa0e52-c64d-48e2-981f-7edc6ad277ad,c4e9fsplms9g00depghg
7ffa0e52-c64d-48e2-981f-7edc6ad277ad,c4e9macu12qg0096pl0g
80035f10-b4fa-47ed-8525-7d15cd479196,c4e9fsoqui1g00dcsgvg
80035f10-b4fa-47ed-8525-7d15cd479196,c4e9m78kqp4g00aan5c0
800ccf05-fd79-448c-87dc-891cf8579b4c,c4e9ftbvdq3000evtak0
800ccf05-fd79-448c-87dc-891cf8579b4c,c4e9m7cvfoog00ds3000
803e8209-b4b7-443a-ba38-b5dab80fcafa,c4e9g37l13i0009r7g30
803e8209-b4b7-443a-ba38-b5dab80fcafa,c4e9m7e22pr000dqlgg0
80505445-a5ea-4b6d-8899-d7231f237cc3,c4e9fsq11o1g008c0020
80505445-a5ea-4b6d-8899-d7231f237cc3,c4e9m7ic0ku000ap4990
8056f6bd-d343-4d66-8264-d7fe42844c03,cofkj5hmiud0009vscf0
8056f6bd-d343-4d66-8264-d7fe42844c03,cofkj5jnofvg00bgg2rg
805c0478-3be1-449d-bda1-8c699869e3eb,cnoialhqkol000a5h2og
805c0478-3be1-449d-bda1-8c699869e3eb,cnoialjnofvg00bbmo30
8064aef0-6ab9-41f8-b548-6c819beeca77,coguplgim8r000fu66bg
8064aef0-6ab9-41f8-b548-6c819beeca77,cogupljnofvg00bgm2f0
8072dc03-3481-4b26-918e-6d25d21dcf8b,cofkjmg1277000eheun0
8072dc03-3481-4b26-918e-6d25d21dcf8b,cofkjmg1qiv000f47vu0
80733bd6-62bc-4b77-bc44-6bb98123d48e,c4e9ftcfjb0000cm06pg
80733bd6-62bc-4b77-bc44-6bb98123d48e,c4e9m7j0tnc000c84vs0
808fb849-d1cb-4b0e-98dd-e251b749c2bb,c4e9g33vdq3000evtakg
808fb849-d1cb-4b0e-98dd-e251b749c2bb,c4e9m7nf3f9g0080s10g
8092e5ba-1824-11e8-ba08-00505681224b,c4dtmt9lms9g00dein10
8092e5ba-1824-11e8-ba08-00505681224b,c4dtncplms9g00deinmg
80a75f05-f152-404a-84a8-98d7ad728747,c4e9g30kqp4g00aan3kg
80a75f05-f152-404a-84a8-98d7ad728747,c4e9m7ggdkfg00ckeoeg
80bd9b69-4024-4e21-bda3-25b4a83ca280,cee020dt0el000fdv5s0
80bd9b69-4024-4e21-bda3-25b4a83ca280,cee020f6bs0g0081guj0
80bdd195-6b18-4e58-9d90-f85e23427641,co8chug1277000eg3m7g
80bdd195-6b18-4e58-9d90-f85e23427641,co8chulorq7g008mg5s0
81082f70-fb05-11e7-9528-00505681224b,c4ephu4bq3o000ac3h90
81082f70-fb05-11e7-9528-00505681224b,c4epi0tksi2g00c13s50
8113b54f-543e-4b23-8fee-fc74afe4277a,cod07c01qiv000f3srag
8113b54f-543e-4b23-8fee-fc74afe4277a,cod07c2f6nn0008uua50
81218273-f8f4-45b0-918f-dcd19a58b4e8,c4e9fuvf3f9g0080rv4g
81218273-f8f4-45b0-918f-dcd19a58b4e8,c4e9m7norvtg00d0agog
8135df03-1a31-4368-b98e-615153e4a62b,c4e9fvnorvtg00d0aeo0
8135df03-1a31-4368-b98e-615153e4a62b,c4e9m7so26gg008qpa8g
817d434a-0d7a-43f8-b11d-2bdfaa794ccc,c4e9fv16lb7g00ceircg
817d434a-0d7a-43f8-b11d-2bdfaa794ccc,c4e9m7u1ja2g00ccf8u0
8181e16c-f0ca-11e7-ac04-00505681224b,c4dtmt8kqp4g00aagd0g
8181e16c-f0ca-11e7-ac04-00505681224b,c4dtnd4mi4og00d254qg
818a9845-b7e6-47a0-9e2b-3315d65be794,cobm1ebrfj6g00aiovtg
818a9845-b7e6-47a0-9e2b-3315d65be794,cobm1edqk3gg00ch2bg0
81c24c83-b04d-48fa-acc9-61a72144c735,c4e9g347bhug00afcrb0
81c24c83-b04d-48fa-acc9-61a72144c735,c4e9macfjb0000cm08ng
81cbeb94-d1c8-4344-a7c2-9fc75f8adf87,cngl91oim8r000fntu90
81cbeb94-d1c8-4344-a7c2-9fc75f8adf87,cngl91q8kqpg00amugdg
81f652b2-3976-4f7b-977b-7c3235e0ff32,coguplp8t1lg00a9b5sg
81f652b2-3976-4f7b-977b-7c3235e0ff32,coguplqr4qng00afrjn0
8200bf54-6b08-11e9-a0e2-00505681224b,c4ephu1lms9g00deu6gg
8200bf54-6b08-11e9-a0e2-00505681224b,c4epi0svfoog00ds7kag
820ca68a-6b08-11e9-907e-00505681224b,c4ephu4vfoog00ds7jv0
820ca68a-6b08-11e9-907e-00505681224b,c4epi0q11o1g008c4hi0
8213cadc-6b08-11e9-8ee1-00505681224b,c4ephu0gdkfg00ckjdd0
8213cadc-6b08-11e9-8ee1-00505681224b,c4epi17deto0008a165g
82162c4c-6b08-11e9-b18a-00505681224b,c4ephu5ksi2g00c13rs0
82162c4c-6b08-11e9-b18a-00505681224b,c4epi17deto0008a1660
821aef30-6b08-11e9-a84f-00505681224b,c4ephu47bhug00afhe10
821aef30-6b08-11e9-a84f-00505681224b,c4epi14u12qg0096umpg
821c4952-5543-44b1-92c1-ac621caba667,cee020d0p0eg0097h04g
821c4952-5543-44b1-92c1-ac621caba667,cee020fd49lg009j7d2g
8220f6a8-5443-11e9-a502-00505681224b,c4ephtrjknf000ams5rg
8220f6a8-5443-11e9-a502-00505681224b,c4epi0tnv8a0008hh6q0
82221386-6b08-11e9-ac91-00505681224b,c4ephtsbq3o000ac3h8g
82221386-6b08-11e9-ac91-00505681224b,c4epi0svfoog00ds7ka0
8226d664-6b08-11e9-9848-00505681224b,c4ephtokqp4g00aarmbg
8226d664-6b08-11e9-9848-00505681224b,c4epi0rvdq3000f032t0
822b9948-6b08-11e9-b2b3-00505681224b,c4ephu7l13i0009rcr90
822b9948-6b08-11e9-b2b3-00505681224b,c4epi0sbq3o000ac3hhg
822f3f4a-5443-11e9-b6b9-00505681224b,c4ephu3jknf000ams5s0
822f3f4a-5443-11e9-b6b9-00505681224b,c4epi0okqp4g00aarmjg
8232bd9c-6b08-11e9-bf0d-00505681224b,c4ephu7tarsg00au8kb0
8232bd9c-6b08-11e9-bf0d-00505681224b,c4epi0tnv8a0008hh6r0
82340228-5443-11e9-9250-00505681224b,c4ephtplms9g00deu6g0
82340228-5443-11e9-9250-00505681224b,c4epi0vorvtg00d0f7b0
8237807a-6b08-11e9-9dab-00505681224b,c4ephtsu12qg0096umeg
8237807a-6b08-11e9-9dab-00505681224b,c4epi0ulljag008apmag
8238c508-5443-11e9-9d21-00505681224b,c4ephts7bhug00afhe0g
8238c508-5443-11e9-9d21-00505681224b,c4epi0sfjb0000cm5o0g
823fe95a-5443-11e9-9d94-00505681224b,c4ephtu22pr000dqpvdg
823fe95a-5443-11e9-9d94-00505681224b,c4epi0u1ja2g00ccjptg
824367b0-6b08-11e9-b294-00505681224b,c4ephtu22pr000dqpve0
824367b0-6b08-11e9-b294-00505681224b,c4epi0vtarsg00au8kk0
82482a92-6b08-11e9-bbd5-00505681224b,c4ephtvorvtg00d0f720
82482a92-6b08-11e9-bbd5-00505681224b,c4epi0tksi2g00c13s4g
825411c8-6b08-11e9-878b-00505681224b,c4ephtsfjb0000cm5npg
825411c8-6b08-11e9-878b-00505681224b,c4epi0ggdkfg00ckjdkg
825b361a-6b08-11e9-a844-00505681224b,c4ephttnv8a0008hh6l0
825b361a-6b08-11e9-a844-00505681224b,c4epi0m22pr000dqpvmg
82853a88-b019-4483-83ad-123ed508eb18,cod07c45646000ckb57g
82853a88-b019-4483-83ad-123ed508eb18,cod07caf6nn0008uua5g
829771a1-0b46-409d-93fa-ae0a0216224f,cofkjmjnofvg00bgg35g
829771a1-0b46-409d-93fa-ae0a0216224f,cofkjmpgkbk0009j9n20
82a24471-f39d-4a73-808a-d9d228e1038f,c4e9fvggdkfg00ckeml0
82a24471-f39d-4a73-808a-d9d228e1038f,c4e9maff3f9g0080s11g
82a57b3d-ea3d-4eeb-bbac-bec4ced9ffab,cod07c9qkol000aabv2g
82a57b3d-ea3d-4eeb-bbac-bec4ced9ffab,cod07caase3000bma6bg
82a94db1-ff06-42cc-8262-4f6146181fee,cf8c7obtr21000f7bo90
82a94db1-ff06-42cc-8262-4f6146181fee,cf8c7ond49lg009lmemg
82c18bf8-7e53-477d-8ad5-0b18dafa9999,c4e9g34mi4og00d2bpg0
82c18bf8-7e53-477d-8ad5-0b18dafa9999,c4e9m7u22pr000dqlggg
82f84532-9cd2-4cbe-94ee-3559c26be2e9,c4e9g1211o1g008c002g
82f84532-9cd2-4cbe-94ee-3559c26be2e9,c4e9mafdeto00089sd70
82f9d257-775d-476a-ad43-537d1f59b23d,c4e9g5gqui1g00dcsh20
82f9d257-775d-476a-ad43-537d1f59b23d,c4e9manorvtg00d0agp0
8303cc13-ec88-4ebd-8c44-279e6d913e1d,co14haq8kqpg00aonvc0
8303cc13-ec88-4ebd-8c44-279e6d913e1d,co14hb45646000cglg7g
8324d8fe-1ad9-4afb-83cb-f3880384a8f8,c4e9g3cfjb0000cm06q0
8324d8fe-1ad9-4afb-83cb-f3880384a8f8,c4e9mah2rh1g009f4h40
832bd46f-0c63-4d6c-9251-0286535e3436,cofkjgpg8bvg00b54g00
832bd46f-0c63-4d6c-9251-0286535e3436,cofkjgpmiud0009vscg0
833f8254-236f-412e-b9c4-6b7f9e850cca,c4e9g3forvtg00d0aep0
833f8254-236f-412e-b9c4-6b7f9e850cca,c4e9mf0gdkfg00ckeog0
8342a61e-2d1a-4cab-86b1-c96ddf37ee62,cee020d0p0eg0097h030
8342a61e-2d1a-4cab-86b1-c96ddf37ee62,cee020njch3g00fofe60
8346ac53-7266-46c1-9665-8c28a00d9189,cod07c99galg00d30nrg
8346ac53-7266-46c1-9665-8c28a00d9189,cod07cd7tiqg00apiihg
83892298-907a-4903-9036-676f100e64f7,c4e9g3dksi2g00c0up0g
83892298-907a-4903-9036-676f100e64f7,c4e9malksi2g00c0uqq0
83aff00c-0fc5-4d50-a7aa-ebcc276139ec,c4e9g3forvtg00d0aepg
83aff00c-0fc5-4d50-a7aa-ebcc276139ec,c4e9mandeto00089sd7g
83b7e2f8-5d86-4699-9106-6db787ed06b1,c4e9gc2lpbg0009nusl0
83b7e2f8-5d86-4699-9106-6db787ed06b1,c4e9man2551g00d1hj60
83bfbdaf-84c4-446b-8f0b-b24093f0bf04,c4e9g3c7bhug00afcrbg
83bfbdaf-84c4-446b-8f0b-b24093f0bf04,c4e9mf3vdq3000evtcfg
83e470e0-e8cb-4d16-ab39-843e61bfad56,cobm1eh8t1lg00a8fs6g
83e470e0-e8cb-4d16-ab39-843e61bfad56,cobm1emudun000ehr1v0
83eacac7-ff13-4204-8e29-8474c87b266f,cnp7dipgkbk0009ec210
83eacac7-ff13-4204-8e29-8474c87b266f,cnp7dj5orq7g008ipf00
84412011-9f8a-47d6-b571-b03de788b6e8,c4e9g3fl13i0009r7g40
84412011-9f8a-47d6-b571-b03de788b6e8,c4e9maj0tnc000c84vsg
844f279f-329b-48b0-9efd-04712b5cfeb3,cngl68aase3000bgt840
844f279f-329b-48b0-9efd-04712b5cfeb3,cngl68bnofvg00barm9g
84529aa3-4619-471b-9324-f17463a52e41,cei03g00oqo000b9pjlg
84529aa3-4619-471b-9324-f17463a52e41,cei03gflle400098g4e0
8465b5ba-57be-4579-9172-b0a61785a3cc,co72budorq7g008m0qag
8465b5ba-57be-4579-9172-b0a61785a3cc,co72bueudun000egmveg
8482df02-cab3-43f9-9c20-237b3f29b09f,c4e9g4622pr000dqleu0
8482df02-cab3-43f9-9c20-237b3f29b09f,c4e9manl13i0009r7hvg
8486105a-7da8-4c98-a003-4add47132282,cei03g1eff7g00at0hj0
8486105a-7da8-4c98-a003-4add47132282,cei03gf9dv5000dhv6k0
848be8fe-bcd3-44db-a5cc-fdcf37316ea0,c4e9g38gdkfg00ckemm0
848be8fe-bcd3-44db-a5cc-fdcf37316ea0,c4e9mf2lpbg0009nuue0
84c680a1-9f6f-47da-8202-a21829158bbe,c4e9g3ff3f9g0080rv5g
84c680a1-9f6f-47da-8202-a21829158bbe,c4e9mav2551g00d1hj6g
84cec274-2aab-481f-9f42-b1dc4cdd1bf6,c4e9g3a11o1g008c003g
84cec274-2aab-481f-9f42-b1dc4cdd1bf6,c4e9mf4u12qg0096pl1g
84db7fa5-dfe8-43b9-98d9-478ce866201f,c4e9g3b0tnc000c84ud0
84db7fa5-dfe8-43b9-98d9-478ce866201f,c4e9mf2c0ku000ap49b0
84ddb993-14ec-4bf5-a8fb-fa0a5a207286,cogupls10vk00088skq0
84ddb993-14ec-4bf5-a8fb-fa0a5a207286,cogupm1g8bvg00b5ajs0
84dea1e7-a954-4764-88cb-21fa080c0fa0,c4e9g3fl13i0009r7g4g
84dea1e7-a954-4764-88cb-21fa080c0fa0,c4e9mf2lpbg0009nuudg
84e80231-b911-4e85-be62-c051569725fa,cf8c7njo765000dka4m0
84e80231-b911-4e85-be62-c051569725fa,cf8c7ohqn33g00fs5t5g
84e97166-e046-451c-8db5-fee190bb191f,cogupm2ase3000bmpm90
84e97166-e046-451c-8db5-fee190bb191f,cogupm6udun000eiip50
84f4ce9f-585e-4bab-a726-c847f294ee8e,c4e9g3fdeto00089sbf0
84f4ce9f-585e-4bab-a726-c847f294ee8e,c4e9mf7f3f9g0080s120
84fa932c-928f-481c-b771-0ff2a542d2f6,coabrn9gkbk0009i54k0
84fa932c-928f-481c-b771-0ff2a542d2f6,coabrnei5iag009uilig
854b0207-249c-4193-9b06-75e188e4996c,c4e9gbulljag008akog0
854b0207-249c-4193-9b06-75e188e4996c,c4e9mf47bhug00afcsug
856d31da-22aa-48e1-91da-139f3eb050f3,cpa9b93nofvg00bjr5r0
856d31da-22aa-48e1-91da-139f3eb050f3,cpa9cg9jhmbg00fkaeb0
858d1b60-dd19-4b82-bbdd-db6c9b2bc5d5,c4e9g3h6lb7g00ceirdg
858d1b60-dd19-4b82-bbdd-db6c9b2bc5d5,c4e9maokqp4g00aan5d0
85978304-a7b5-43ec-99be-5610b3a67a9b,cei03g44op8000dbpkrg
85978304-a7b5-43ec-99be-5610b3a67a9b,cei03gdgpjbg00ece7bg
85c92a87-b428-4604-b3e1-7c9c8ebdcea0,cf8c7oaqhpqg00ct7g30
85c92a87-b428-4604-b3e1-7c9c8ebdcea0,cf8c7onlle40009am1hg
85cb8f3e-826a-4cca-9e58-95440d638501,co72bui8kqpg00ar1i00
85cb8f3e-826a-4cca-9e58-95440d638501,co72bujnofvg00beqpe0
85d10bff-e89e-4f0c-ac19-160fca6ff3a3,cngl68k5646000ceq410
85d10bff-e89e-4f0c-ac19-160fca6ff3a3,cngl68n9iisg009pp0vg
8616d3dd-24ce-4986-bda6-360c73a0a5af,c4e9g3kmi4og00d2bph0
8616d3dd-24ce-4986-bda6-360c73a0a5af,c4e9maqc0ku000ap49ag
86299a2e-d3be-4f0d-a04d-2c99926c40ea,cngl68rrfj6g00ad3pb0
86299a2e-d3be-4f0d-a04d-2c99926c40ea,cngl68spru2g00bj9m30
863f1fe5-2f2c-402e-ba11-6e3ccfc20325,c4e9g3n2551g00d1hhg0
863f1fe5-2f2c-402e-ba11-6e3ccfc20325,c4e9mf1lms9g00depiag
865785a7-1271-43b0-85ed-83738619131e,c4eksi8kqp4g00aap3dg
865785a7-1271-43b0-85ed-83738619131e,c4ekssk7bhug00afeq30
865ba6a1-bd04-4195-82da-08c47a9fe672,c4e9g47orvtg00d0aeqg
865ba6a1-bd04-4195-82da-08c47a9fe672,c4e9mb4bq3o000abuq00
8674b2d7-826c-49cb-b05d-d450438cf5d4,c4e9g461ja2g00ccf76g
8674b2d7-826c-49cb-b05d-d450438cf5d4,c4e9mb61ja2g00ccf8v0
868c0fa0-63a4-4fd1-bac5-5cebc224333f,c4e9g3gqui1g00dcsh0g
868c0fa0-63a4-4fd1-bac5-5cebc224333f,c4e9mbforvtg00d0agpg
869e310f-5070-4137-b627-5572eb69ccbc,co8chuh9galg00d232c0
869e310f-5070-4137-b627-5572eb69ccbc,co8chuhmiud0009ukqg0
86a04c8a-00c0-4ad7-bfaa-94f0bca9982d,cee020bo765000dhpnvg
86a04c8a-00c0-4ad7-bfaa-94f0bca9982d,cee020e7fmtg00fvqrh0
86afddeb-10fb-4c0f-b38c-f878b721efef,c4e9g44mi4og00d2bphg
86afddeb-10fb-4c0f-b38c-f878b721efef,c4e9mbb0tnc000c84vt0
86b1b2f8-85dd-46e5-b504-c7b5e4314b65,c4e9g3lksi2g00c0up1g
86b1b2f8-85dd-46e5-b504-c7b5e4314b65,c4e9mf16lb7g00ceit50
870d52de-aadc-4780-8732-263747d525d2,c4e9gc5ksi2g00c0up3g
870d52de-aadc-4780-8732-263747d525d2,c4e9mfe1ja2g00ccf8vg
87140122-229c-44e4-b878-1ddba552e1f6,cngl91ovhjtg00d6lci0
87140122-229c-44e4-b878-1ddba552e1f6,cngl91t7tiqg00aju330
87207f51-7058-4984-bab3-10155ec48347,c4e9g3tksi2g00c0up20
87207f51-7058-4984-bab3-10155ec48347,c4e9mfc7bhug00afcsv0
8737bb0b-2a7d-42ce-9aa0-54644fb9b0f6,c4e9g3vtarsg00au3ns0
8737bb0b-2a7d-42ce-9aa0-54644fb9b0f6,c4e9mftksi2g00c0uqs0
876213d4-d6dd-41bb-9abf-484e8d1857c7,c4e9g4622pr000dqletg
876213d4-d6dd-41bb-9abf-484e8d1857c7,c4e9mff2551g00d1hj7g
87666a4c-1332-49fe-b74f-a2171fbc5393,c4e9g3vtarsg00au3nsg
87666a4c-1332-49fe-b74f-a2171fbc5393,c4e9mfco26gg008qpaa0
8768151b-bfdc-403d-a340-51d56c20b1e0,c4e9g42lpbg0009nusjg
8768151b-bfdc-403d-a340-51d56c20b1e0,c4e9mfftarsg00au3plg
87975729-f9ca-444a-8d62-db9358db7853,c4e9g44u12qg0096pjj0
87975729-f9ca-444a-8d62-db9358db7853,c4e9mfulljag008akqb0
87b0056e-e67a-495a-9781-b1fb309302f6,c4e9g40qui1g00dcsh1g
87b0056e-e67a-495a-9781-b1fb309302f6,c4e9mfcbq3o000abuq0g
87b4b7ad-4cd7-4081-99a8-08aa60974f02,c4e9gbsmi4og00d2bpig
87b4b7ad-4cd7-4081-99a8-08aa60974f02,c4e9mf8qui1g00dcsing
87c4f9e0-7814-49f1-a021-2b9c1c90aba1,c4e9gc1lms9g00depgkg
87c4f9e0-7814-49f1-a021-2b9c1c90aba1,c4e9mjntarsg00au3pog
87e521cf-11cb-45de-895d-5b98b5cc55cc,cobm1eiase3000bm238g
87e521cf-11cb-45de-895d-5b98b5cc55cc,cobm1es10vk0008849o0
87e6130b-4edf-4513-a245-4758c8273946,c4e9g46lljag008akof0
87e6130b-4edf-4513-a245-4758c8273946,c4e9mjkmi4og00d2br90
87f9b4e5-ab06-43da-925c-a568168beffb,cogupmar4qng00afrjo0
87f9b4e5-ab06-43da-925c-a568168beffb,cogupmflrmbg00b7qnp0
88258125-873a-46c4-8c10-cff809dbbf5c,c4e9g4e22pr000dqleug
88258125-873a-46c4-8c10-cff809dbbf5c,c4e9mfcmi4og00d2br6g
882b95c0-3fbb-11eb-be8e-00505681224b,c4ephtso26gg008qutpg
882b95c0-3fbb-11eb-be8e-00505681224b,c4epi0gqui1g00dd15u0
882dc9ca-4a1e-4d80-afc4-efdb840977ba,cme4uo9r1go000ef0mog
882dc9ca-4a1e-4d80-afc4-efdb840977ba,cme4v2160h6000d9kfng
88309eee-3fbb-11eb-a917-00505681224b,c4ephtsmi4og00d2gd1g
88309eee-3fbb-11eb-a917-00505681224b,c4epi0nl13i0009rcrgg
8832e8ee-3fbb-11eb-a474-00505681224b,c4ephtvl13i0009rcr8g
8832e8ee-3fbb-11eb-a474-00505681224b,c4epi0lnv8a0008hh6pg
88812fd3-7bbd-4ea7-a636-fcf95a3abb02,c4e9g49lms9g00depgj0
88812fd3-7bbd-4ea7-a636-fcf95a3abb02,c4e9mfvtarsg00au3pm0
88822355-5aa6-485f-8cf9-73e0a7b5551d,c4e9g496lb7g00ceirf0
88822355-5aa6-485f-8cf9-73e0a7b5551d,c4e9mfogdkfg00ckeoh0
888b7cbf-c861-495a-ae1b-44bdb64cb5d9,c4e9g4elljag008akofg
888b7cbf-c861-495a-ae1b-44bdb64cb5d9,c4e9mfggdkfg00ckeogg
88a02e12-0ec7-434a-a7bb-6493db9c8d9c,cei03gc4op8000dbpksg
88a02e12-0ec7-434a-a7bb-6493db9c8d9c,cei03giac3n000el8op0
88b14073-5cc9-4f17-9da2-5832ecc48fcb,cngl68q8kqpg00amug40
88b14073-5cc9-4f17-9da2-5832ecc48fcb,cngl690im8r000fntts0
88b86194-5a92-40d6-98a8-4732d349b3ba,c4e9gbvl13i0009r7g5g
88b86194-5a92-40d6-98a8-4732d349b3ba,c4e9mfic0ku000ap49c0
88cc5026-671d-410a-82d4-03f3327af2d0,c4e9g4f2551g00d1hhh0
88cc5026-671d-410a-82d4-03f3327af2d0,c4e9mfj0tnc000c84vug
88f2fe89-6e7d-4e82-8373-34d690fe5399,c4e9gc16lb7g00ceirg0
88f2fe89-6e7d-4e82-8373-34d690fe5399,c4e9mfhlms9g00depib0
88f7cc66-5f80-47e5-9f2b-2342a11f2de2,c4e9g4ndeto00089sbfg
88f7cc66-5f80-47e5-9f2b-2342a11f2de2,c4e9mjk7bhug00afct10
8918e554-d5d5-455e-a948-228f80eef1a0,cofkjh28kqpg00asqd70
8918e554-d5d5-455e-a948-228f80eef1a0,cofkjh57tiqg00apt520
8946abf0-5414-4e65-bf2d-fc651c0b8adf,c4e9g4lksi2g00c0up2g
8946abf0-5414-4e65-bf2d-fc651c0b8adf,c4e9mftnv8a0008hc3ng
894bf5d9-6079-4bd8-8035-5a825e8f597e,c4e9gbvf3f9g0080rv70
894bf5d9-6079-4bd8-8035-5a825e8f597e,c4e9mflksi2g00c0uqrg
8957bf9d-1026-4c6d-9a5f-73ffc0c3e237,cogupma8kqpg00at1280
8957bf9d-1026-4c6d-9a5f-73ffc0c3e237,cogupmei5iag00a03750
895f10e1-0718-495a-96a8-ab011e69908a,co8chupg8bvg00b3t0lg
895f10e1-0718-495a-96a8-ab011e69908a,co8chuui5iag009ucqh0
8978bbbc-f0e3-4361-bbb8-9020ce37b360,c4e9g4hlms9g00depgjg
8978bbbc-f0e3-4361-bbb8-9020ce37b360,c4e9mfp6lb7g00ceit60
8984f6f6-cd4f-4399-8bbf-f9592713a8c1,cee0206vss5g0094f1qg
8984f6f6-cd4f-4399-8bbf-f9592713a8c1,cee0207lle4000982sfg
89918dae-0ac0-4a96-a24e-9a50240a123f,c4e9g4u22pr000dqlev0
89918dae-0ac0-4a96-a24e-9a50240a123f,c4e9mfvf3f9g0080s13g
8a0ff03c-f849-48cb-8e9c-2cdb7ac6fe22,cngl692r4qng00a9i9lg
8a0ff03c-f849-48cb-8e9c-2cdb7ac6fe22,cngl693n5d9000dsapc0
8a165807-e4ee-4342-976b-1cef92d079ca,c4e9g512rh1g009f4fbg
8a165807-e4ee-4342-976b-1cef92d079ca,c4e9mfsbq3o000abuq10
8a276b50-fb05-11e7-9e8c-00505681224b,c4ephtr0tnc000c89qcg
8a276b50-fb05-11e7-9e8c-00505681224b,c4epi0norvtg00d0f7a0
8a2b64a4-1824-11e8-a29c-00505681224b,c4dtmtbjknf000amgjc0
8a2b64a4-1824-11e8-a29c-00505681224b,c4dtnd4fjb0000clop0g
8a36652c-6d9d-4452-80c7-198d574fb787,codla78im8r000ftm4qg
8a36652c-6d9d-4452-80c7-198d574fb787,codla7hg8bvg00b4r4gg
8a6c6752-bbc2-49dd-b234-fb5ca20144ac,cech7aagr9bg00935mm0
8a6c6752-bbc2-49dd-b234-fb5ca20144ac,cechejfrci6g009na890
8a6de3ca-9055-4280-9ee3-436c33b8f0ff,c4e9g54fjb0000cm06r0
8a6de3ca-9055-4280-9ee3-436c33b8f0ff,c4e9mfqlpbg0009nuuf0
8a764874-343e-11e8-bc8f-00505681224b,c4ephtvf3f9g008110r0
8a764874-343e-11e8-bc8f-00505681224b,c4epi0m22pr000dqpvlg
8a92ca8e-bd1e-4173-a7c6-5d77c8ba36df,c4e9g5f2551g00d1hhhg
8a92ca8e-bd1e-4173-a7c6-5d77c8ba36df,c4e9mfq11o1g008c01kg
8a973654-343e-11e8-8e0f-00505681224b,c4ephtoqui1g00dd15o0
8a973654-343e-11e8-8e0f-00505681224b,c4epi0kmi4og00d2gd90
8aa66402-6903-4272-8d7f-9ee3999ec736,c4e9g5cmi4og00d2bpi0
8aa66402-6903-4272-8d7f-9ee3999ec736,c4e9mjh6lb7g00ceit7g
8ac47fe4-f2b5-4a96-8f12-15e85d2d49fc,c4e9gdmlljag008akogg
8ac47fe4-f2b5-4a96-8f12-15e85d2d49fc,c4e9mg7deto00089sd90
8acb56a9-8412-4ec9-a8c7-0b2516fb3827,c4e9gdko26gg008qp89g
8acb56a9-8412-4ec9-a8c7-0b2516fb3827,c4e9mg7l13i0009r7i10
8adb463b-840a-4990-aeda-b8f6f83f944d,c4e9gc4o26gg008qp890
8adb463b-840a-4990-aeda-b8f6f83f944d,c4e9mg5nv8a0008hc3o0
8b15b9f7-76b3-4865-b3b9-0400ad84073e,c4e9gg4vfoog00ds2ueg
8b15b9f7-76b3-4865-b3b9-0400ad84073e,c4e9mjh2rh1g009f4h50
8b165f2d-b101-4248-af89-1506a35a3f83,c4e9gg4vfoog00ds2ue0
8b165f2d-b101-4248-af89-1506a35a3f83,c4e9mg3vdq3000evtcg0
8b2950a4-56ef-4963-b857-cd2ba7e7cd42,cogupmhqkol000aas8rg
8b2950a4-56ef-4963-b857-cd2ba7e7cd42,cogupmjai11g00d72g1g
8b3f5a98-2621-41c8-aa58-02b7ed0fa21f,c4e9gg3vdq3000evtan0
8b3f5a98-2621-41c8-aa58-02b7ed0fa21f,c4e9mg3jknf000amnfm0
8b4db4ba-f0ca-11e7-9f24-00505681224b,c4dtmtcvfoog00drs560
8b4db4ba-f0ca-11e7-9f24-00505681224b,c4dtnd0qui1g00dclpu0
8b532c97-6700-48c5-8335-8d772db757a1,c4e9gc2lpbg0009nuslg
8b532c97-6700-48c5-8335-8d772db757a1,c4e9mg0kqp4g00aan5eg
8b8546b3-b969-403d-8540-72a5813f9bdc,c4e9gc4vfoog00ds2udg
8b8546b3-b969-403d-8540-72a5813f9bdc,c4e9mg61ja2g00ccf900
8b8d2acb-fc94-41a5-a0c6-2040755450f3,c4e9gccbq3o000abuo8g
8b8d2acb-fc94-41a5-a0c6-2040755450f3,c4e9mga11o1g008c01l0
8bbe8395-1b7c-4cad-9541-f7569b244b83,c4e9gg1lms9g00depgl0
8bbe8395-1b7c-4cad-9541-f7569b244b83,c4e9mjnorvtg00d0agr0
8c41d240-9f0f-4ed4-b829-1bca14da544f,cmauo9ji358000967io0
8c41d240-9f0f-4ed4-b829-1bca14da544f,cmauobh60h6000d9j37g
8c539448-254a-4fd9-a0c2-0fc388a997b4,c4e9gg3jknf000amndq0
8c539448-254a-4fd9-a0c2-0fc388a997b4,c4e9mjm1ja2g00ccf91g
8c542d38-eec8-409a-af78-411db9084e51,c4e9gcfl13i0009r7g60
8c542d38-eec8-409a-af78-411db9084e51,c4e9mgfl13i0009r7i1g
8c56f93a-82d2-488b-8b74-234420377445,c4e9gc96lb7g00ceirgg
8c56f93a-82d2-488b-8b74-234420377445,c4e9mjn2551g00d1hj90
8c693c2f-c084-4dd8-8299-13b5a2a23a1a,cf8c7oct3gj000ckl7n0
8c693c2f-c084-4dd8-8299-13b5a2a23a1a,cf8c7on6bs0g00842lkg
8c8ccc9b-7a27-4cbc-bb5b-9ec000f6749d,c4e9gc8kqp4g00aan3m0
8c8ccc9b-7a27-4cbc-bb5b-9ec000f6749d,c4e9mg8gdkfg00ckeohg
8c8fe9b9-f5cb-4583-906c-d90f8c135ee2,cogupmh8t1lg00a9b5tg
8c8fe9b9-f5cb-4583-906c-d90f8c135ee2,cogupmhmiud000a02fdg
8c97455b-a3b8-4f04-abe8-74390a9aed1f,c4e9gg30tnc000c84ueg
8c97455b-a3b8-4f04-abe8-74390a9aed1f,c4e9mgco26gg008qpab0
8c9f7dc2-0e58-4236-a328-39f2166c2552,c4e9gcndeto00089sbgg
8c9f7dc2-0e58-4236-a328-39f2166c2552,c4e9mggqui1g00dcsio0
8cb3d9a3-b909-48c2-8eb2-2b7f30d675d2,c4e9gg7orvtg00d0aet0
8cb3d9a3-b909-48c2-8eb2-2b7f30d675d2,c4e9mgh6lb7g00ceit6g
8cc0d6bd-bbce-46c3-a634-65382e8df4be,c4e9gci11o1g008c005g
8cc0d6bd-bbce-46c3-a634-65382e8df4be,c4e9mgk7bhug00afct0g
8cc171c9-4198-41be-9a59-55e1c61882f8,cobm18ar4qng00aevg00
8cc171c9-4198-41be-9a59-55e1c61882f8,cobm18brfj6g00aiovpg
8cc5b8df-f4d5-43c3-a894-e465910da9fd,cogupmon2q9g00f23oc0
8cc5b8df-f4d5-43c3-a894-e465910da9fd,cogupmpg8bvg00b5ajtg
8cdc9048-7e25-4885-90bf-40844a4c5acc,c4e9gg7orvtg00d0aesg
8cdc9048-7e25-4885-90bf-40844a4c5acc,c4e9mgkfjb0000cm08og
8cea8019-44a4-4315-b248-5b4332676745,coabrng1277000eg8na0
8cea8019-44a4-4315-b248-5b4332676745,coabrngn2q9g00f0n7og
8cfda29c-3803-485b-84a0-3c79d7985b80,cofkjh2r4qng00afkbsg
8cfda29c-3803-485b-84a0-3c79d7985b80,cofkjh81qiv000f47vmg
8d16129e-c82e-4a23-93c0-194987b15b90,c4e9gg4mi4og00d2bpjg
8d16129e-c82e-4a23-93c0-194987b15b90,c4e9mjgkqp4g00aan5fg
8d162016-754b-4a01-9062-592ba1000b9e,c4e9gg6lljag008akoh0
8d162016-754b-4a01-9062-592ba1000b9e,c4e9mgu1ja2g00ccf910
8d1ebe25-2be1-4932-9bae-414491e0e6de,c4e9ggf2551g00d1hhig
8d1ebe25-2be1-4932-9bae-414491e0e6de,c4e9mgu22pr000dqlghg
8d3ed4a7-5e39-4a99-a174-ccb1f5ff9bdf,c4e9gg8gdkfg00ckemo0
8d3ed4a7-5e39-4a99-a174-ccb1f5ff9bdf,c4e9mjgqui1g00dcsiog
8d619def-415d-429b-aed1-f3cba923c502,c4e9ggcfjb0000cm06rg
8d619def-415d-429b-aed1-f3cba923c502,c4e9mjqc0ku000ap49e0
8d7c21a9-b139-4df1-879b-40c5776f7c1b,c4e9gge1ja2g00ccf770
8d7c21a9-b139-4df1-879b-40c5776f7c1b,c4e9mjsu12qg0096pl50
8d887fd2-3d93-471a-b997-a250a1e88270,c4e9ggb0tnc000c84uf0
8d887fd2-3d93-471a-b997-a250a1e88270,c4e9mp4bq3o000abuq30
8d952778-a838-4658-bbcc-06e6f9d670f1,c4e9ggfdeto00089sbhg
8d952778-a838-4658-bbcc-06e6f9d670f1,c4e9mp211o1g008c01p0
8d9f6442-d6b6-48a3-a8da-1b598b1e93ee,cngl698vhjtg00d6lc60
8d9f6442-d6b6-48a3-a8da-1b598b1e93ee,cngl69aase3000bgt84g
8db34f34-3b2a-4455-a893-e4cc4eedaff0,cod07cg1qiv000f3srd0
8db34f34-3b2a-4455-a893-e4cc4eedaff0,cod07clqk3gg00chafug
8dc144cd-d081-4db4-8604-7daf0cb4a6a3,cobm1eo7ov20008hm0g0
8dc144cd-d081-4db4-8604-7daf0cb4a6a3,cobm1eq8kqpg00as71tg
8dc9aa15-e16c-4336-887c-07713b40f683,c4e9ggb0tnc000c84ufg
8dc9aa15-e16c-4336-887c-07713b40f683,c4e9mp4fjb0000cm08rg
8e2542d2-65f4-400b-91ac-06799041a84a,co8chuo7ov20008gvsfg
8e2542d2-65f4-400b-91ac-06799041a84a,co8chupmiud0009ukqgg
8e324d33-49d9-433d-9aaf-1347205ce6d3,c4e9gg8gdkfg00ckemog
8e324d33-49d9-433d-9aaf-1347205ce6d3,c4e9mjplms9g00depid0
8e3a2e3d-f23a-458c-af8c-a36c60302df8,c4e9ggdksi2g00c0up4g
8e3a2e3d-f23a-458c-af8c-a36c60302df8,c4e9mjvf3f9g0080s14g
8e72b6f9-aed3-4fbd-92a1-5466321bcea3,cngl5prrfj6g00ad3p60
8e72b6f9-aed3-4fbd-92a1-5466321bcea3,cngl5q19galg00ctc82g
8e7e8605-90fd-471e-a751-c0019bc6c366,c4e9gg8qui1g00dcsh40
8e7e8605-90fd-471e-a751-c0019bc6c366,c4e9mp72551g00d1hjag
8e91e142-048c-4c61-8b42-51c2e2e26570,c4e9gggkqp4g00aan3n0
8e91e142-048c-4c61-8b42-51c2e2e26570,c4e9mp622pr000dqlgl0
8ea506fe-4a6d-4f25-b2b8-e08bf447e4e8,c4e9gkdnv8a0008hc1pg
8ea506fe-4a6d-4f25-b2b8-e08bf447e4e8,c4e9mp0qui1g00dcsiqg
8ed2f35b-c793-409f-a8a4-10cc6e3f5ec4,cogupmpqkol000aas8sg
8ed2f35b-c793-409f-a8a4-10cc6e3f5ec4,cogupmv3r4d000f3j1mg
8f0b5744-22ca-4f2e-b807-80f3eb40f40f,c4e9gkfdeto00089sbj0
8f0b5744-22ca-4f2e-b807-80f3eb40f40f,c4e9mk16lb7g00ceit80
8f15c92d-8181-446c-8818-999dabbd3c01,coabqsvlrmbg00b6ets0
8f15c92d-8181-446c-8818-999dabbd3c01,coabqt1g8bvg00b41gi0
8f160577-4cbc-47ce-a7f1-60d4b634c09a,c4e9gkf2551g00d1hhkg
8f160577-4cbc-47ce-a7f1-60d4b634c09a,c4e9mk211o1g008c01ng
8f2ce79b-9ff7-45a1-a1e3-08508865fe93,cogupn07ov20008iem50
8f2ce79b-9ff7-45a1-a1e3-08508865fe93,cogupn19galg00d3gki0
8f400439-9907-45ab-97d1-011c1dbe5dd0,c4e9gggqui1g00dcsh4g
8f400439-9907-45ab-97d1-011c1dbe5dd0,c4e9mk4fjb0000cm08pg
8f5a565a-0829-46c4-bb4f-b03e94c21822,cofkjha8kqpg00asqd80
8f5a565a-0829-46c4-bb4f-b03e94c21822,cofkjhbrfj6g00aje15g
8f60db11-6804-4609-ba20-86cff35f884e,c4e9ggkfjb0000cm06s0
8f60db11-6804-4609-ba20-86cff35f884e,c4e9mp16lb7g00ceita0
8f6dd64b-e585-465e-a47b-fa715a0f805a,c4e9ggm22pr000dqlf00
8f6dd64b-e585-465e-a47b-fa715a0f805a,c4e9mk5ksi2g00c0uqu0
8f8e999c-3987-4772-ba88-31245bcc91d9,co8chup9galg00d232d0
8f8e999c-3987-4772-ba88-31245bcc91d9,co8chv57tiqg00aojm1g
8f9bd21e-b15d-4551-96c6-2c15fef157e7,co72buhmiud0009u5p1g
8f9bd21e-b15d-4551-96c6-2c15fef157e7,co72burn5d9000e0fru0
8fa8e582-24b0-4938-bef3-adaa3d844654,c4e9ggh2rh1g009f4fcg
8fa8e582-24b0-4938-bef3-adaa3d844654,c4e9mk7orvtg00d0agrg
8feda3a9-9567-4499-8f59-bfb4d917b47f,c4e9gkcfjb0000cm06sg
8feda3a9-9567-4499-8f59-bfb4d917b47f,c4e9mk12rh1g009f4h60
8ff9f1f9-e3e4-4412-9a2a-504d3adf27d1,cofkjhdorq7g008nr3s0
8ff9f1f9-e3e4-4412-9a2a-504d3adf27d1,cofkjhgn2q9g00f1stgg
90152f7b-6e9f-11e8-aa62-00505681224b,c4en4atksi2g00c12j4g
90152f7b-6e9f-11e8-aa62-00505681224b,c4en54a11o1g008c3da0
90155691-6e9f-11e8-b5b4-00505681224b,c4en4avorvtg00d0e0r0
90155691-6e9f-11e8-b5b4-00505681224b,c4en54alpbg0009o2kbg
90155692-6e9f-11e8-97a0-00505681224b,c4en4avf3f9g0080vpe0
90155692-6e9f-11e8-97a0-00505681224b,c4en54ic0ku000ap88cg
90155693-6e9f-11e8-87b7-00505681224b,c4en4asbq3o000ac2au0
90155693-6e9f-11e8-87b7-00505681224b,c4en54kvfoog00ds6f70
90155694-6e9f-11e8-bd9f-00505681224b,c4en4b4mi4og00d2f7q0
90155694-6e9f-11e8-bd9f-00505681224b,c4en54ulljag008aoh90
90155695-6e9f-11e8-8e50-00505681224b,c4en4b5nv8a0008hftug
90155695-6e9f-11e8-8e50-00505681224b,c4en54rjknf000amr0ig
90155696-6e9f-11e8-8bb4-00505681224b,c4en4b0kqp4g00aaqho0
90155696-6e9f-11e8-8bb4-00505681224b,c4en54u1ja2g00ccil0g
90155697-6e9f-11e8-8bb3-00505681224b,c4en4b61ja2g00ccikhg
90155697-6e9f-11e8-8bb3-00505681224b,c4en54su12qg0096te7g
90155698-6e9f-11e8-95ad-00505681224b,c4en4b7deto00089vvlg
90155698-6e9f-11e8-95ad-00505681224b,c4en54so26gg008qtjd0
90155699-6e9f-11e8-aecf-00505681224b,c4en4b7orvtg00d0e0s0
90155699-6e9f-11e8-aecf-00505681224b,c4en54qc0ku000ap88d0
9015569a-6e9f-11e8-a16a-00505681224b,c4en4b1lms9g00det16g
9015569a-6e9f-11e8-a16a-00505681224b,c4en553vdq3000f01ns0
9015569b-6e9f-11e8-aee2-00505681224b,c4en4b622pr000dqoqpg
9015569b-6e9f-11e8-aee2-00505681224b,c4en550kqp4g00aaqi2g
9015569c-6e9f-11e8-aef3-00505681224b,c4en4b61ja2g00cciki0
9015569c-6e9f-11e8-aef3-00505681224b,c4en554fjb0000cm4e9g
9015569d-6e9f-11e8-b889-00505681224b,c4en4b7orvtg00d0e0sg
9015569d-6e9f-11e8-b889-00505681224b,c4en557orvtg00d0e190
9015569e-6e9f-11e8-9b72-00505681224b,c4en4balpbg0009o2js0
9015569e-6e9f-11e8-9b72-00505681224b,c4en557l13i0009rbip0
9015569f-6e9f-11e8-ba65-00505681224b,c4en4b8kqp4g00aaqhp0
9015569f-6e9f-11e8-ba65-00505681224b,c4en552c0ku000ap88dg
901556a0-6e9f-11e8-adc9-00505681224b,c4en4belljag008aogu0
901556a0-6e9f-11e8-adc9-00505681224b,c4en553jknf000amr0jg
901556a1-6e9f-11e8-9f4a-00505681224b,c4en4bcvfoog00ds6erg
901556a1-6e9f-11e8-9f4a-00505681224b,c4en555ksi2g00c12jlg
901556a2-6e9f-11e8-95aa-00505681224b,c4en4b8qui1g00dd00eg
901556a2-6e9f-11e8-95aa-00505681224b,c4en5561ja2g00ccil10
901556a3-6e9f-11e8-a519-00505681224b,c4en4bc7bhug00afg8ng
901556a3-6e9f-11e8-a519-00505681224b,c4en55622pr000dqor60
901556a4-6e9f-11e8-99bf-00505681224b,c4en4b96lb7g00cemh9g
901556a4-6e9f-11e8-99bf-00505681224b,c4en552lpbg0009o2kcg
901556a5-6e9f-11e8-b08a-00505681224b,c4en4balpbg0009o2jsg
901556a5-6e9f-11e8-b08a-00505681224b,c4en552c0ku000ap88e0
901556a6-6e9f-11e8-8d37-00505681224b,c4en4b92rh1g009f7tg0
901556a6-6e9f-11e8-8d37-00505681224b,c4en55a11o1g008c3dc0
901556a7-6e9f-11e8-8709-00505681224b,c4en4bbvdq3000f01n9g
901556a7-6e9f-11e8-8709-00505681224b,c4en557orvtg00d0e19g
901556a9-6e9f-11e8-9945-00505681224b,c4en4bco26gg008qtitg
901556a9-6e9f-11e8-9945-00505681224b,c4en55alpbg0009o2kd0
901556aa-6e9f-11e8-a524-00505681224b,c4en4be22pr000dqoqq0
901556aa-6e9f-11e8-a524-00505681224b,c4en55co26gg008qtjdg
901556ab-6e9f-11e8-90c0-00505681224b,c4en4bco26gg008qtiu0
901556ab-6e9f-11e8-90c0-00505681224b,c4en55elljag008aoh9g
901556ac-6e9f-11e8-ab63-00505681224b,c4en4be22pr000dqoqqg
901556ac-6e9f-11e8-ab63-00505681224b,c4en558qui1g00dd00u0
901556ad-6e9f-11e8-9259-00505681224b,c4en4belljag008aogug
901556ad-6e9f-11e8-9259-00505681224b,c4en558gdkfg00cki88g
901556ae-6e9f-11e8-95bd-00505681224b,c4en4balpbg0009o2jt0
901556ae-6e9f-11e8-95bd-00505681224b,c4en55cu12qg0096te80
9033c9b0-7ce8-4858-a494-1a31d7a4c446,c4eksibvdq3000f002b0
9033c9b0-7ce8-4858-a494-1a31d7a4c446,c4eksssmi4og00d2dot0
90360387-caad-43c4-95fc-1eaefb2ffdf1,c4e9ggjjknf000amndqg
90360387-caad-43c4-95fc-1eaefb2ffdf1,c4e9mkdnv8a0008hc3q0
90a526aa-5be8-4cf6-a0fc-4c32f67a6de6,cod07chqkol000aabv30
90a526aa-5be8-4cf6-a0fc-4c32f67a6de6,cod07cui5iag009veum0
90c4912b-773a-41fa-8434-34c4068a39fc,codla7iase3000bmagb0
90c4912b-773a-41fa-8434-34c4068a39fc,codla7ui5iag009vfjr0
90ce4517-3493-4b8d-8a07-25c4b7aa6ea0,c4e9ggnl13i0009r7g70
90ce4517-3493-4b8d-8a07-25c4b7aa6ea0,c4e9mp5ksi2g00c0uqug
90ffa81b-d3e6-4a30-bfcd-65317ee502b0,cei03g9pr5lg00ce987g
90ffa81b-d3e6-4a30-bfcd-65317ee502b0,cei03gbo765000di6h4g
9112b750-3553-47b2-9142-67f1ad002696,cobm1f2ase3000bm239g
9112b750-3553-47b2-9142-67f1ad002696,cobm1f3nofvg00bfukng
91303de6-9fb1-4690-a886-1919646a1745,c4e9ggh6lb7g00ceirhg
91303de6-9fb1-4690-a886-1919646a1745,c4e9mkftarsg00au3ppg
91311947-a0fd-49a7-b419-ff5ae65db316,c4e9gh3vdq3000evtaog
91311947-a0fd-49a7-b419-ff5ae65db316,c4e9mkbjknf000amnfo0
9145206c-220e-44de-8e9c-d62933f5bcc5,c4e9ggi11o1g008c006g
9145206c-220e-44de-8e9c-d62933f5bcc5,c4e9mkgqui1g00dcsip0
914bb3a1-5187-4113-aa57-3da0b94b2060,c4e9ggvl13i0009r7g7g
914bb3a1-5187-4113-aa57-3da0b94b2060,c4e9mp211o1g008c01og
914f3f1e-11bb-43bc-a93e-de437532bd1a,cech7af9dv5000dhbbi0
914f3f1e-11bb-43bc-a93e-de437532bd1a,cechejiac3n000ekkbc0
915ee6f3-8772-4d17-bdc1-aea2a587a9bb,c4e9gkcvfoog00ds2ufg
915ee6f3-8772-4d17-bdc1-aea2a587a9bb,c4e9mos7bhug00afct30
915f1263-60ec-46ef-845f-a9b86c950b12,c4e9gkco26gg008qp8ag
915f1263-60ec-46ef-845f-a9b86c950b12,c4e9msh6lb7g00ceitc0
916e7ae2-614f-452c-acb0-837bc8e19bbe,c4e9ggrjknf000amndr0
916e7ae2-614f-452c-acb0-837bc8e19bbe,c4e9mp4vfoog00ds303g
918baa2d-15e2-47cf-a4de-9f5240a47e2f,cech6ptgpjbg00ebqabg
918baa2d-15e2-47cf-a4de-9f5240a47e2f,cechejaac3n000ekkbb0
91aad388-c548-4fc6-aaab-f85de631d955,coabqrk5646000cji0r0
91aad388-c548-4fc6-aaab-f85de631d955,coabqrlorq7g008ml5r0
91b0045a-f684-40dc-8eb8-7a78c72183e7,cee0207jch3g00fofe40
91b0045a-f684-40dc-8eb8-7a78c72183e7,cee0209uln7g008v6peg
91b93514-751a-430c-8a1b-d9d5aaaac96e,cngl69nlrmbg00b1krm0
91b93514-751a-430c-8a1b-d9d5aaaac96e,cngl69ns7se0009tosqg
91be0a45-06bd-4bac-af8f-c29ae5429045,c4e9gkf2551g00d1hhk0
91be0a45-06bd-4bac-af8f-c29ae5429045,c4e9mp7tarsg00au3prg
91bed8a2-b740-11e9-9bbc-00505681224b,c4ephtv2551g00d1m260
91bed8a2-b740-11e9-9bbc-00505681224b,c4epi0m22pr000dqpvm0
91c5efec-cfc0-4ad4-aa98-f50ef38af617,cngl69g7ov20008cb6ug
91c5efec-cfc0-4ad4-aa98-f50ef38af617,cngl69qase3000bgt850
91c5fcf0-b740-11e9-9bfe-00505681224b,c4ephtvorvtg00d0f71g
91c5fcf0-b740-11e9-9bfe-00505681224b,c4epi0n2551g00d1m2g0
91cd213e-b740-11e9-b250-00505681224b,c4ephtsu12qg0096ume0
91cd213e-b740-11e9-b250-00505681224b,c4epi0m1ja2g00ccjpsg
91ce40ee-98f3-48cf-86f1-f743a450a363,c4e9gk8qui1g00dcsh50
91ce40ee-98f3-48cf-86f1-f743a450a363,c4e9mp61ja2g00ccf930
91d1e41a-b740-11e9-848b-00505681224b,c4ephtntarsg00au8ka0
91d1e41a-b740-11e9-848b-00505681224b,c4epi0e1ja2g00ccjprg
91d90866-b740-11e9-84b3-00505681224b,c4ephtlksi2g00c13rr0
91d90866-b740-11e9-84b3-00505681224b,c4epi0ac0ku000ap9h8g
91e02cb4-b740-11e9-9b5d-00505681224b,c4ephth6lb7g00cennb0
91e02cb4-b740-11e9-9b5d-00505681224b,c4epi0ftarsg00au8kjg
91f3f10e-3bef-4b9a-90e7-8dbf894233ef,c4e9gh4mi4og00d2bpkg
91f3f10e-3bef-4b9a-90e7-8dbf894233ef,c4e9mslnv8a0008hc3ug
91f99353-0b7d-43f0-b108-ed9281e1f860,c4e9ghfdeto00089sbig
91f99353-0b7d-43f0-b108-ed9281e1f860,c4e9mpcu12qg0096pl6g
9203b43d-291f-4d19-86b7-2900add3140c,cofkjhhg8bvg00b54g10
9203b43d-291f-4d19-86b7-2900add3140c,cofkjhhqkol000aam1bg
921fa236-1f0d-4d9e-8760-197c1e86be11,c4e9ghcbq3o000abuoa0
921fa236-1f0d-4d9e-8760-197c1e86be11,c4e9mpe22pr000dqlglg
922916b1-5964-4f46-83a7-28ce40652edf,cei03g4t3gj000cij9r0
922916b1-5964-4f46-83a7-28ce40652edf,cei03g5gpjbg00ece7ag
9233a569-f76e-4549-81cf-c6822c8b2560,c4e9ghcu12qg0096pjkg
9233a569-f76e-4549-81cf-c6822c8b2560,c4e9mpc7bhug00afct3g
92678d9e-7f3f-463f-b2fd-003841aff3f7,c4e9gh92rh1g009f4fdg
92678d9e-7f3f-463f-b2fd-003841aff3f7,c4e9mpff3f9g0080s16g
927e1c7a-f20e-463e-82db-4777cb0afb87,cod07coim8r000ftlou0
927e1c7a-f20e-463e-82db-4777cb0afb87,cod07cpgkbk0009iv9ig
928c201d-21bb-47c1-b15b-8c1c67458f8e,c4e9ghlksi2g00c0up50
928c201d-21bb-47c1-b15b-8c1c67458f8e,c4e9mpe22pr000dqlgm0
9293dddf-5b37-4190-bc7b-bfe7530e4283,cofkj5pjhmbg00fgoub0
9293dddf-5b37-4190-bc7b-bfe7530e4283,cofkj645646000ckkp4g
92b2cb9f-168e-4ad2-9b67-abebd796c7c0,c4e9ghlnv8a0008hc1og
92b2cb9f-168e-4ad2-9b67-abebd796c7c0,c4e9mpcbq3o000abuq3g
92c6de5c-2eb4-486c-b7ad-09b79066fcd2,c4e9gkforvtg00d0aeu0
92c6de5c-2eb4-486c-b7ad-09b79066fcd2,c4e9mpbjknf000amnfpg
92cf503a-5b11-45a2-91d9-ba58517dbff2,c4e9ghrvdq3000evtap0
92cf503a-5b11-45a2-91d9-ba58517dbff2,c4e9mpcvfoog00ds3040
92de44c4-431f-4782-b1d8-5c3b8f99c573,c4e9ghp6lb7g00ceiri0
92de44c4-431f-4782-b1d8-5c3b8f99c573,c4e9mpelljag008akqdg
932a544b-0d94-4905-9357-bd3982a10848,c4e9gi47bhug00afcrd0
932a544b-0d94-4905-9357-bd3982a10848,c4e9mpcmi4og00d2brbg
932cc078-327d-4f54-813d-6b199309e0e5,cngl69torq7g008hraq0
932cc078-327d-4f54-813d-6b199309e0e5,cngl69v3r4d000et7rng
9339812e-795e-41fe-a376-97796c07a7ca,cngl6a01277000ebeqq0
9339812e-795e-41fe-a376-97796c07a7ca,cngl6a28kqpg00amug50
935aa9c0-baa9-422f-a301-08303d3b067a,c4e9gifl13i0009r7g80
935aa9c0-baa9-422f-a301-08303d3b067a,c4e9msj0tnc000c85030
937bb8d9-7806-4982-b6c0-368e3897f3f3,c4e9gialpbg0009nusm0
937bb8d9-7806-4982-b6c0-368e3897f3f3,c4e9mpfl13i0009r7i40
938f3b17-cd15-11e8-bb90-00505681224b,c4en4bnorvtg00d0e0tg
938f3b17-cd15-11e8-bb90-00505681224b,c4en56cmi4og00d2f8d0
938f3b19-cd15-11e8-8091-00505681224b,c4en4bso26gg008qtiug
938f3b19-cd15-11e8-8091-00505681224b,c4en562lpbg0009o2kdg
938f3b1b-cd15-11e8-abc4-00505681224b,c4en4bvl13i0009rbidg
938f3b1b-cd15-11e8-abc4-00505681224b,c4en564mi4og00d2f8cg
938f3b1d-cd15-11e8-854e-00505681224b,c4en4bso26gg008qtivg
938f3b1d-cd15-11e8-854e-00505681224b,c4en56ftarsg00au7da0
938f3b1e-cd15-11e8-a399-00505681224b,c4en4cff3f9g0080vpf0
938f3b1e-cd15-11e8-a399-00505681224b,c4en569lms9g00det1jg
938f3b1f-cd15-11e8-9f3d-00505681224b,c4en4cftarsg00au7cqg
938f3b1f-cd15-11e8-9f3d-00505681224b,c4en56ac0ku000ap88fg
938f3b20-cd15-11e8-8fe2-00505681224b,c4en4cforvtg00d0e0u0
938f3b20-cd15-11e8-8fe2-00505681224b,c4en56f2551g00d1ku80
938f3b22-cd15-11e8-94a6-00505681224b,c4en4ccvfoog00ds6es0
938f3b22-cd15-11e8-94a6-00505681224b,c4en56cvfoog00ds6f9g
938f3b23-cd15-11e8-b72c-00505681224b,c4en4cfl13i0009rbieg
938f3b23-cd15-11e8-b72c-00505681224b,c4en5696lb7g00cemhp0
938f3b24-cd15-11e8-8fc7-00505681224b,c4en4cdnv8a0008hfu00
938f3b24-cd15-11e8-8fc7-00505681224b,c4en56ftarsg00au7dag
938f3b25-cd15-11e8-a788-00505681224b,c4en4ccbq3o000ac2avg
938f3b25-cd15-11e8-a788-00505681224b,c4en56e1ja2g00ccil20
93919c78-cd15-11e8-afa1-00505681224b,c4en4bsu12qg0096tdqg
93919c78-cd15-11e8-afa1-00505681224b,c4en56fdeto0008a0050
93919c79-cd15-11e8-a748-00505681224b,c4en4c2c0ku000ap87ug
93919c79-cd15-11e8-a748-00505681224b,c4en5692rh1g009f7tug
93919c7a-cd15-11e8-a0d3-00505681224b,c4en4c4fjb0000cm4dpg
93919c7a-cd15-11e8-a0d3-00505681224b,c4en56k7bhug00afg950
93919c7b-cd15-11e8-8545-00505681224b,c4en4c5nv8a0008hftvg
93919c7b-cd15-11e8-8545-00505681224b,c4en56hlms9g00det1kg
93919c7c-cd15-11e8-bcc5-00505681224b,c4en4c5ksi2g00c12j6g
93919c7c-cd15-11e8-bcc5-00505681224b,c4en56ndeto0008a005g
939c4679-3afc-4a2c-ab02-254fd69b8738,c4e9gm9lms9g00depgo0
939c4679-3afc-4a2c-ab02-254fd69b8738,c4e9mpforvtg00d0agtg
93aa5d3b-4dfc-4d11-bb67-168cfd9edcac,cod07crnofvg00bg6lb0
93aa5d3b-4dfc-4d11-bb67-168cfd9edcac,cod07cuudun000ei35u0
93bcbf74-1824-11e8-a631-00505681224b,c4dtmtftarsg00atsqig
93bcbf74-1824-11e8-a631-00505681224b,c4dtnd2c0ku000aosv2g
93eb44c6-75d5-4e3c-b946-05f376ba5fec,c4e9gkdksi2g00c0up60
93eb44c6-75d5-4e3c-b946-05f376ba5fec,c4e9mpac0ku000ap49fg
93fe28c9-d713-4f85-86ca-a7fd391b97f4,co5o5s6i5iag009scqdg
93fe28c9-d713-4f85-86ca-a7fd391b97f4,co5o5sf3r4d000evvq40
943356cb-79d8-4548-ae6a-eaccde93b441,c4e9gkbjknf000amndsg
943356cb-79d8-4548-ae6a-eaccde93b441,c4e9mpcvfoog00ds304g
9435ac01-ba79-47ce-b1e4-5b61b73a4428,c4e9gk92rh1g009f4fe0
9435ac01-ba79-47ce-b1e4-5b61b73a4428,c4e9mph2rh1g009f4h80
943a2ea9-1c86-4049-99b1-8c2b79c8e49a,c4e9gk8qui1g00dcsh5g
943a2ea9-1c86-4049-99b1-8c2b79c8e49a,c4e9mphlms9g00depifg
9443cc00-f337-4af0-b662-e20bf53fabb7,cf8c7nmnbbog009vtu90
9443cc00-f337-4af0-b662-e20bf53fabb7,cf8c7oiac3n000enefb0
9447f2fa-8e94-4520-b308-a380bea34ec1,cf8c7o74lcs000b3c360
9447f2fa-8e94-4520-b308-a380bea34ec1,cf8c7oaqhpqg00ct7g50
945c9154-183f-4dd9-af08-cc04af2b2d9c,cod0789miud0009viil0
945c9154-183f-4dd9-af08-cc04af2b2d9c,cod078g1qiv000f3sr50
94710b82-9cb5-11ea-ae8b-00505681224b,brq0g76can5g00c55mtg
94710b82-9cb5-11ea-ae8b-00505681224b,brq0g7anlisg00cafda0
94714521-f95a-487b-9a51-18384f979158,cogupn6i5iag00a0375g
94714521-f95a-487b-9a51-18384f979158,cogupn7lrmbg00b7qnq0
9477e816-123c-4b19-ad04-5239b1177e7f,c4e9gkac0ku000ap47fg
9477e816-123c-4b19-ad04-5239b1177e7f,c4e9mpjjknf000amnfq0
9480f793-2ed8-43a3-8c90-5d5c1699984f,coabrnn9iisg009uceug
9480f793-2ed8-43a3-8c90-5d5c1699984f,coabrnon2q9g00f0n7pg
94951280-ffdd-4cc0-8612-44663c6dec67,c4e9gkfl13i0009r7g8g
94951280-ffdd-4cc0-8612-44663c6dec67,c4e9mpj0tnc000c85020
94b0b25d-11de-4799-a79a-dd84d1f50e04,cngl6a30ekp0008urtj0
94b0b25d-11de-4799-a79a-dd84d1f50e04,cngl6aar4qng00a9i9n0
94e82214-af1b-4386-8dba-befc4c481672,codla7vlrmbg00b79ng0
94e82214-af1b-4386-8dba-befc4c481672,codla879iisg009v7120
94f8f711-2eac-416e-89a4-2872ef41de5f,c4e9gknorvtg00d0aeug
94f8f711-2eac-416e-89a4-2872ef41de5f,c4e9mq3jknf000amnfqg
9504a7f8-0200-41b6-8b6c-ae5a3e4e3f61,c4e9gl4vfoog00ds2uh0
9504a7f8-0200-41b6-8b6c-ae5a3e4e3f61,c4e9mpko26gg008qpafg
951b76a3-e279-4f0f-a717-adcc109804cc,c4e9gkgkqp4g00aan3ng
951b76a3-e279-4f0f-a717-adcc109804cc,c4e9msnf3f9g0080s190
9522da68-a75f-11e8-87a7-00505681224b,c4dtmtdksi2g00c0nj4g
9522da68-a75f-11e8-87a7-00505681224b,c4dtnd211o1g008bpd4g
952482d7-f517-46d2-b731-d59c4aac9460,c4e9gl4bq3o000abuob0
952482d7-f517-46d2-b731-d59c4aac9460,c4e9mpnl13i0009r7i4g
9526e5a1-9f41-4fc8-822f-fec76726d82a,c4e9gknf3f9g0080rv8g
9526e5a1-9f41-4fc8-822f-fec76726d82a,c4e9mplnv8a0008hc3sg
9529feb6-a75f-11e8-b3c6-00505681224b,c4dtmtm22pr000dqeqs0
9529feb6-a75f-11e8-b3c6-00505681224b,c4dtnd7deto00089liog
952ec194-a75f-11e8-b4b0-00505681224b,c4dtmtko26gg008qhlg0
952ec194-a75f-11e8-b4b0-00505681224b,c4dtnd5nv8a0008h4rm0
952f0cc9-fee0-4eab-80fc-dcd2862ae31d,cnpsfq1gkbk0009eff90
952f0cc9-fee0-4eab-80fc-dcd2862ae31d,cnpsfq98t1lg00a42btg
95314a14-a75f-11e8-9289-00505681224b,c4dtmtku12qg0096ifg0
95314a14-a75f-11e8-9289-00505681224b,c4dtnd3jknf000amgk4g
953399f4-a04a-11e8-bd27-00505681224b,c4en4calpbg0009o2ju0
953399f4-a04a-11e8-bd27-00505681224b,c4en56ku12qg0096te90
9535fb66-a04a-11e8-800d-00505681224b,c4en4ccfjb0000cm4dq0
9535fb66-a04a-11e8-800d-00505681224b,c4en56hlms9g00det1l0
9535fb78-a04a-11e8-ab94-00505681224b,c4en4cdksi2g00c12j70
9535fb78-a04a-11e8-ab94-00505681224b,c4en56kfjb0000cm4ebg
9535fb79-a04a-11e8-bea1-00505681224b,c4en4celljag008aogvg
9535fb79-a04a-11e8-bea1-00505681224b,c4en56lnv8a0008hfudg
95363402-a75f-11e8-b7eb-00505681224b,c4dtmtmlljag008ado50
95363402-a75f-11e8-b7eb-00505681224b,c4dtnd0kqp4g00aagdo0
954007e2-a75f-11e8-a8ed-00505681224b,c4dtmth6lb7g00cebro0
954007e2-a75f-11e8-a8ed-00505681224b,c4dtnd0kqp4g00aagdog
9544cac0-a75f-11e8-8380-00505681224b,c4dtmtj0tnc000c7u01g
9544cac0-a75f-11e8-8380-00505681224b,c4dtndforvtg00d03k80
9549dbc0-a75f-11e8-8f77-00505681224b,c4dtmthlms9g00dein20
9549dbc0-a75f-11e8-8f77-00505681224b,c4dtnde22pr000dqern0
954c3d2e-a75f-11e8-990d-00505681224b,c4dtmtm1ja2g00cc8k3g
954c3d2e-a75f-11e8-990d-00505681224b,c4dtnd92rh1g009etp9g
9551000a-a75f-11e8-8417-00505681224b,c4dtmttnv8a0008h4r00
9551000a-a75f-11e8-8417-00505681224b,c4dtndcmi4og00d254s0
955ce738-a75f-11e8-b444-00505681224b,c4dtmtu22pr000dqequ0
955ce738-a75f-11e8-b444-00505681224b,c4dtndbvdq3000evlk8g
955d0e48-a75f-11e8-86f5-00505681224b,c4dtmtv2551g00d1atqg
955d0e48-a75f-11e8-86f5-00505681224b,c4dtndn2551g00d1aui0
9562947a-a75f-11e8-a3e9-00505681224b,c4dtmu3vdq3000evljk0
9562947a-a75f-11e8-a3e9-00505681224b,c4dtndh6lb7g00cebsf0
9567575a-a75f-11e8-8450-00505681224b,c4dtmu12rh1g009etop0
9567575a-a75f-11e8-8450-00505681224b,c4dtndlksi2g00c0njs0
956a7b10-f36d-4ce1-ba1c-30238e064605,cofkjhlorq7g008nr3sg
956a7b10-f36d-4ce1-ba1c-30238e064605,cofkjhv9iisg009vh560
956af233-41c6-4c6f-8875-58b79b5c287e,co8chv1g8bvg00b3t0mg
956af233-41c6-4c6f-8875-58b79b5c287e,co8chv5orq7g008mg5tg
956c1a38-a75f-11e8-8a82-00505681224b,c4dtmu16lb7g00cebrpg
956c1a38-a75f-11e8-8a82-00505681224b,c4dtndmlljag008adopg
956e7ba6-a75f-11e8-9447-00505681224b,c4dtmufdeto00089li4g
956e7ba6-a75f-11e8-9447-00505681224b,c4dtndhlms9g00deinng
95759ff4-a75f-11e8-9161-00505681224b,c4dtmuf2551g00d1atr0
95759ff4-a75f-11e8-9161-00505681224b,c4dtndh6lb7g00cebsfg
957a62d2-a75f-11e8-b9fd-00505681224b,c4dtmuftarsg00atsqk0
957a62d2-a75f-11e8-b9fd-00505681224b,c4dtndlnv8a0008h4rng
957cc440-a75f-11e8-969b-00505681224b,c4dtmu8qui1g00dclp90
957cc440-a75f-11e8-969b-00505681224b,c4dtndqc0ku000aosv30
957f4cc0-a75f-11e8-8bc1-00505681224b,c4dtmukmi4og00d2546g
957f4cc0-a75f-11e8-8bc1-00505681224b,c4dtndp2rh1g009etpa0
958196c0-a75f-11e8-9b19-00505681224b,c4dtmuic0ku000aosuc0
958196c0-a75f-11e8-9b19-00505681224b,c4dtndoqui1g00dclpv0
95856768-a75f-11e8-ac1f-00505681224b,c4dtmusbq3o000abnusg
95856768-a75f-11e8-ac1f-00505681224b,c4dtndv2551g00d1auig
958a4988-a75f-11e8-917f-00505681224b,c4dtmuvtarsg00atsqlg
958a4988-a75f-11e8-917f-00505681224b,c4dtndvtarsg00atsr9g
958bb7c9-b20a-49b3-86c1-6cc508230492,c4e9gkggdkfg00ckemq0
958bb7c9-b20a-49b3-86c1-6cc508230492,c4e9mplksi2g00c0uqv0
958dcc0c-a75f-11e8-8053-00505681224b,c4dtmuogdkfg00ck7ubg
958dcc0c-a75f-11e8-8053-00505681224b,c4dtndogdkfg00ck7usg
95917e28-514a-4059-b40d-ef09e1cdeab2,c4e9gkm1ja2g00ccf79g
95917e28-514a-4059-b40d-ef09e1cdeab2,c4e9mpku12qg0096pl8g
95953e7e-a75f-11e8-b918-00505681224b,c4dtmuplms9g00dein30
95953e7e-a75f-11e8-b918-00505681224b,c4dtne1lms9g00deino0
9599db6b-3f18-4b6e-9e64-521521ab4d40,co8chv8im8r000fsn540
9599db6b-3f18-4b6e-9e64-521521ab4d40,co8chvdqk3gg00cgcva0
959a015c-a75f-11e8-8bb2-00505681224b,c4dtmutnv8a0008h4r20
959a015c-a75f-11e8-8bb2-00505681224b,c4dtne5nv8a0008h4ro0
959c62ca-a75f-11e8-8bdd-00505681224b,c4dtmusmi4og00d2547g
959c62ca-a75f-11e8-8bdd-00505681224b,c4dtne622pr000dqero0
95ae3799-57d7-43b0-b267-27e6f07d0dfa,c4e9gkmlljag008akoig
95ae3799-57d7-43b0-b267-27e6f07d0dfa,c4e9mslksi2g00c0ur10
95af368e-61ac-4d0d-8fb5-2aebbffeb141,cei03ge3mlvg009265a0
95af368e-61ac-4d0d-8fb5-2aebbffeb141,cei03giqhpqg00cr4sf0
95b6214b-082e-4805-9bf3-aa511aec0fd0,c4e9gknorvtg00d0aev0
95b6214b-082e-4805-9bf3-aa511aec0fd0,c4e9mpp6lb7g00ceitbg
95ca72d3-5bd7-44c3-ba9f-ad04e239e74f,c4e9gosbq3o000abuocg
95ca72d3-5bd7-44c3-ba9f-ad04e239e74f,c4e9mpso26gg008qpagg
95cf1ea7-bddf-4ce6-b372-e00d0cd18753,cod078g1qiv000f3sr5g
95cf1ea7-bddf-4ce6-b372-e00d0cd18753,cod078hg8bvg00b4qqcg
95d52f0d-6266-4635-a784-e8a50767c713,cee020huln7g008v6pgg
95d52f0d-6266-4635-a784-e8a50767c713,cee020lcpqj000e6m340
95efcef3-67d0-4e85-b00f-e0cf22291cd0,c4e9gkko26gg008qp8bg
95efcef3-67d0-4e85-b00f-e0cf22291cd0,c4e9mpvl13i0009r7i50
9605709e-52c1-45b0-9329-88d1b6aaf03a,cohjs1pg8bvg00b5cob0
9605709e-52c1-45b0-9329-88d1b6aaf03a,cohjs26udun000eiksf0
960ca9ea-91a3-45f8-8703-6af2ec3b8103,cofkjhpqkol000aam1c0
960ca9ea-91a3-45f8-8703-6af2ec3b8103,cofkjhtqk3gg00chk16g
961dbeae-5fa0-11eb-a5fe-00505681224b,c4dtmv16lb7g00cebrr0
961dbeae-5fa0-11eb-a5fe-00505681224b,c4dtne4fjb0000clop20
961f5546-d532-4471-ab03-be80da4972c5,cofkji0im8r000ftvqp0
961f5546-d532-4471-ab03-be80da4972c5,cofkji3nofvg00bgg2t0
96bb8e5e-1342-4a94-bed0-c65db1e038cc,c4e9gknl13i0009r7g90
96bb8e5e-1342-4a94-bed0-c65db1e038cc,c4e9mptnv8a0008hc3t0
96bd1492-5503-4d30-8b79-c98a56c70e80,cnv5830n2q9g00etiucg
96bd1492-5503-4d30-8b79-c98a56c70e80,cnv583dqk3gg00cdf770
96ef169f-5f5a-4aeb-af0d-dcb763105c6d,c4e9gkqc0ku000ap47gg
96ef169f-5f5a-4aeb-af0d-dcb763105c6d,c4e9mptnv8a0008hc3tg
975349de-7719-42a4-8568-6156c0f02786,cofkji5qk3gg00chk170
975349de-7719-42a4-8568-6156c0f02786,cofkjieudun000eicok0
9776d9d5-3861-4535-b230-6a350a6962e1,c4e9gkulljag008akoj0
9776d9d5-3861-4535-b230-6a350a6962e1,c4e9mpsu12qg0096pla0
9784b2f6-17b4-4df4-8241-ddd61963039e,c4e9gksvfoog00ds2ugg
9784b2f6-17b4-4df4-8241-ddd61963039e,c4e9mpsu12qg0096pl90
97908453-5a45-49f8-adb6-2071f188327d,c4e9gkr0tnc000c84ug0
97908453-5a45-49f8-adb6-2071f188327d,c4e9mq2lpbg0009nuuj0
97a01dcd-13c1-40e2-a2ec-4e9978c708a6,cngl9218t1lg00a2vaug
97a01dcd-13c1-40e2-a2ec-4e9978c708a6,cngl926i5iag009pbcrg
97a6cf3a-d1c1-44bf-ac64-d3dff1bd8779,cei03g80oqo000b9pjmg
97a6cf3a-d1c1-44bf-ac64-d3dff1bd8779,cei03ghuln7g008vjqr0
97ace40d-6d76-43ac-9bad-2142d8ca4ebe,com09b87ov20008j4ov0
97ace40d-6d76-43ac-9bad-2142d8ca4ebe,com0a5h8t1lg00aa33p0
97afd7f4-3d8f-4ee2-9b13-4ff2052bd0d2,c4e9goqc0ku000ap47i0
97afd7f4-3d8f-4ee2-9b13-4ff2052bd0d2,c4e9mq6lljag008akqeg
97b587c4-16e6-4f9e-b331-6e4f2069a38d,cf8c7nheff7g00av1q20
97b587c4-16e6-4f9e-b331-6e4f2069a38d,cf8c7oc4op8000ddu19g
97d07e29-5fcd-417f-baee-b9a3b7aebd2b,coabrno1qiv000f31om0
97d07e29-5fcd-417f-baee-b9a3b7aebd2b,coabrnv3r4d000f24dl0
97f688f8-f86d-44ad-8331-6287131b7de6,c4e9gkv2551g00d1hhm0
97f688f8-f86d-44ad-8331-6287131b7de6,c4e9mtm1ja2g00ccf950
980a6c78-0aac-463f-a6bd-f57d1e76b654,c4e9gosfjb0000cm06tg
980a6c78-0aac-463f-a6bd-f57d1e76b654,c4e9mq7deto00089sdcg
980d4945-e150-402d-a965-e5adc076a5f0,c4e9gksu12qg0096pjm0
980d4945-e150-402d-a965-e5adc076a5f0,c4e9mq7orvtg00d0agu0
9821511e-ad92-41f9-8c7a-e265265b332c,cofkji9gkbk0009j9ms0
9821511e-ad92-41f9-8c7a-e265265b332c,cofkjiflrmbg00b7jv3g
98234ddc-413e-4ae9-8ff5-e8a066c10456,c4e9gktnv8a0008hc1qg
98234ddc-413e-4ae9-8ff5-e8a066c10456,c4e9mq7orvtg00d0agug
983c9b7c-02d8-4765-aa84-ba7dd59689fd,c4e9gl0gdkfg00ckemqg
983c9b7c-02d8-4765-aa84-ba7dd59689fd,c4e9mq12rh1g009f4h90
98459748-7279-4a2b-81f9-8e412fd072ef,c4e9gl12rh1g009f4feg
98459748-7279-4a2b-81f9-8e412fd072ef,c4e9mqfdeto00089sdd0
98545a8c-6643-48ed-8792-e43a5aa53230,c4e9gl16lb7g00ceirjg
98545a8c-6643-48ed-8792-e43a5aa53230,c4e9mqc7bhug00afct4g
98547bf0-514f-4c57-be40-e65b25de3f92,cpcjupd7tiqg00au7p60
98547bf0-514f-4c57-be40-e65b25de3f92,cpcjv3h8t1lg00adla2g
9888fb44-3a3c-476d-b18b-6c19d0214f5e,c4e9gl4o26gg008qp8c0
9888fb44-3a3c-476d-b18b-6c19d0214f5e,c4e9mq8qui1g00dcsis0
98b480b6-108c-4299-9254-e6c90dc0dd58,cnpsfq8im8r000fp1edg
98b480b6-108c-4299-9254-e6c90dc0dd58,cnpsfqeudun000ednjrg
98c3fe57-134c-4a7d-9cce-4ef58cd9e5f1,cofkjih8t1lg00a9447g
98c3fe57-134c-4a7d-9cce-4ef58cd9e5f1,cofkjihjhmbg00fgoucg
98cee018-1cde-47e5-9bf8-0536cd45a5a0,c4e9gl7deto00089sbkg
98cee018-1cde-47e5-9bf8-0536cd45a5a0,c4e9mqc7bhug00afct50
98f8ad13-5b23-4ebc-8d64-fd57ce6da282,c4e9gl0qui1g00dcsh6g
98f8ad13-5b23-4ebc-8d64-fd57ce6da282,c4e9mq8gdkfg00ckeom0
98fc0e4a-4b09-44a0-9d07-b4fefc52fd19,c4e9gl1lms9g00depgng
98fc0e4a-4b09-44a0-9d07-b4fefc52fd19,c4e9mtnl13i0009r7i60
99007dfa-907b-4fa4-8854-74c346df060c,cobm1f07ov20008hm0gg
99007dfa-907b-4fa4-8854-74c346df060c,cobm1f1qkol000aa3gjg
990b41ba-8829-48cb-974d-dd17a2e1a0d4,cei03g9uln7g008vjqqg
990b41ba-8829-48cb-974d-dd17a2e1a0d4,cei03gc4op8000dbpks0
99143da3-b565-47f5-84d0-afdd7153f470,c4e9glbvdq3000evtar0
99143da3-b565-47f5-84d0-afdd7153f470,c4e9mqnorvtg00d0agv0
99238be8-d632-4c60-8cf6-2dcacefabb57,c4e9gl2c0ku000ap47h0
99238be8-d632-4c60-8cf6-2dcacefabb57,c4e9mqdnv8a0008hc3u0
994a421e-cfe5-4fd8-954e-a7e3461abec6,c4e9goso26gg008qp8dg
994a421e-cfe5-4fd8-954e-a7e3461abec6,c4e9mqkfjb0000cm08t0
9956e917-b5d8-4b88-bb3d-7fe72ee5b892,c4e9glbvdq3000evtarg
9956e917-b5d8-4b88-bb3d-7fe72ee5b892,c4e9mqilpbg0009nuujg
996d1b7a-e8fe-4272-a195-cfe1f52a3b6d,com7gvg1277000eifccg
996d1b7a-e8fe-4272-a195-cfe1f52a3b6d,com7gvs5646000clhd50
9974a0b0-5fa0-11eb-904a-00505681224b,c4dtmv7deto00089li60
9974a0b0-5fa0-11eb-904a-00505681224b,c4dtne0kqp4g00aagdpg
99d89fd1-2e8a-4f1d-8cec-9d5b6b4357d6,cechc1u7fmtg00fvk1fg
99d89fd1-2e8a-4f1d-8cec-9d5b6b4357d6,cechelaqhpqg00cqhcm0
99dcc5c0-13b9-4755-84cd-cdd347d3539d,cei03gdcpqj000e738ug
99dcc5c0-13b9-4755-84cd-cdd347d3539d,cei03ge7fmtg008083d0
9a039083-ce3c-489c-b16e-a567479efc5a,c4e9glcfjb0000cm06t0
9a039083-ce3c-489c-b16e-a567479efc5a,c4e9mqlksi2g00c0ur0g
9a126cbf-622e-40b4-b88c-5010f9ef63a4,cogupnaf6nn0008vgv00
9a126cbf-622e-40b4-b88c-5010f9ef63a4,cogupndqk3gg00chq1cg
9a27b372-2a7e-4d4c-b43d-af0846b9f610,c4e9gosu12qg0096pjmg
9a27b372-2a7e-4d4c-b43d-af0846b9f610,c4e9mtkfjb0000cm08u0
9a4d7a0c-5fa0-11eb-878e-00505681224b,c4dtmv2lpbg0009nnse0
9a4d7a0c-5fa0-11eb-878e-00505681224b,c4dtne622pr000dqerog
9a526f41-654f-47ba-b5e6-038adf533e27,c4e9govorvtg00d0af10
9a526f41-654f-47ba-b5e6-038adf533e27,c4e9mth2rh1g009f4ha0
9a5a2490-5fa0-11eb-beb8-00505681224b,c4dtmvcu12qg0096ifj0
9a5a2490-5fa0-11eb-beb8-00505681224b,c4dtne0qui1g00dclq00
9a6102c2-c4c4-4a17-b2a6-cfe290716907,cf8c7o9qn33g00fs5t50
9a6102c2-c4c4-4a17-b2a6-cfe290716907,cf8c7oaqhpqg00ct7g2g
9a6436f4-5fa0-11eb-b2da-00505681224b,c4dtmvcu12qg0096ifjg
9a6436f4-5fa0-11eb-b2da-00505681224b,c4dtnecu12qg0096iga0
9a68079a-5fa0-11eb-bd20-00505681224b,c4dtmvac0ku000aosucg
9a68079a-5fa0-11eb-bd20-00505681224b,c4dtneelljag008adoq0
9a6c0c2b-0774-4603-bb37-fb297c51aa69,cngl6a8vhjtg00d6lc7g
9a6c0c2b-0774-4603-bb37-fb297c51aa69,cngl6af9iisg009pp11g
9a6cc84e-6ed6-4efd-8912-59ea4119316d,co8chvbai11g00d5ktgg
9a6cc84e-6ed6-4efd-8912-59ea4119316d,co8chvf3r4d000f1v3mg
9a6d9056-4b66-4f3e-9d5f-19ad7c7fa95f,c4e9glff3f9g0080rva0
9a6d9056-4b66-4f3e-9d5f-19ad7c7fa95f,c4e9mtkmi4og00d2brd0
9a74b21e-5fa0-11eb-be28-00505681224b,c4dtmv8kqp4g00aagd40
9a74b21e-5fa0-11eb-be28-00505681224b,c4dtnefdeto00089lipg
9a7f4149-a6d6-4b28-98a7-9706d9334816,cf8c7ocqsijg00epe02g
9a7f4149-a6d6-4b28-98a7-9706d9334816,cf8c7ons0e4g00e051u0
9a8cc08c-d7d3-4327-a259-90e9b3757b99,cnpsfqbrfj6g00ae7p20
9a8cc08c-d7d3-4327-a259-90e9b3757b99,cnpsfqh8t1lg00a42bug
9ac23561-72ee-4bfb-91c6-813a8d4d3922,c4e9glelljag008akojg
9ac23561-72ee-4bfb-91c6-813a8d4d3922,c4e9msplms9g00depih0
9ad2f75a-68f0-4bbc-a590-04dc65423494,cf8c7of9dv5000dk29mg
9ad2f75a-68f0-4bbc-a590-04dc65423494,cf8c7okqsijg00epe05g
9aea4b61-be52-4bc8-9f13-021a3a81f63d,c4e9gou22pr000dqlf10
9aea4b61-be52-4bc8-9f13-021a3a81f63d,c4e9msrjknf000amnfs0
9aeb90c2-94f1-4842-b71e-862722ae2384,c4e9gos7bhug00afcrf0
9aeb90c2-94f1-4842-b71e-862722ae2384,c4e9mt3vdq3000evtcm0
9b084a16-1575-4104-85ef-52f5a11493f9,c4e9glkbq3o000abuoc0
9b084a16-1575-4104-85ef-52f5a11493f9,c4e9n1forvtg00d0ah10
9b11fc25-f040-4542-8d76-94b957390dd2,cofkjihmiud0009vsci0
9b11fc25-f040-4542-8d76-94b957390dd2,cofkjik5646000ckkp70
9b301ec3-c5ec-4721-baba-64cadc60253c,cnpsfqh3sto000bmrni0
9b301ec3-c5ec-4721-baba-64cadc60253c,cnpsfqlorq7g008islt0
9b43f892-fd53-4023-af0a-92a36ff4240c,cofkjirrfj6g00aje17g
9b43f892-fd53-4023-af0a-92a36ff4240c,cofkjiui5iag009vrgrg
9b593346-659e-4d7f-a7f7-b9f54f6ab423,c4e9gor0tnc000c84ugg
9b593346-659e-4d7f-a7f7-b9f54f6ab423,c4e9n14fjb0000cm08ug
9b6d9737-25dc-428f-aa2c-2b340acd94ef,coabrns10vk00087j9j0
9b6d9737-25dc-428f-aa2c-2b340acd94ef,coabrnv9iisg009ucevg
9b887fb8-d19b-40a7-b462-c13139d0d1ed,cod078qase3000bma6ag
9b887fb8-d19b-40a7-b462-c13139d0d1ed,cod078uudun000ei35qg
9b91e0f1-bfcc-48c6-bba3-9f8604a7d706,cnpsfo1miud0009r3ljg
9b91e0f1-bfcc-48c6-bba3-9f8604a7d706,cnpsfo5qk3gg00ccqcl0
9b9b37ba-0a4f-4d8c-9322-590ad391a489,c4e9gq8qui1g00dcsh80
9b9b37ba-0a4f-4d8c-9322-590ad391a489,c4e9n13vdq3000evtcog
9ba5eaba-01cd-4844-a07e-2513f648de9a,c4e9gp0qui1g00dcsh70
9ba5eaba-01cd-4844-a07e-2513f648de9a,c4e9mt72551g00d1hjbg
9ba87cd6-c8b2-446c-b918-7a7a1f0e52c9,c4e9gslnv8a0008hc1sg
9ba87cd6-c8b2-446c-b918-7a7a1f0e52c9,c4e9mt2c0ku000ap49h0
9bbc63b3-f351-4a14-9948-7d7bea140590,cofkjiv3r4d000f3bp9g
9bbc63b3-f351-4a14-9948-7d7bea140590,cofkjiv9iisg009vh57g
9bdb1485-fddb-4b32-b935-abca1f5c61c9,c4e9gp61ja2g00ccf7ag
9bdb1485-fddb-4b32-b935-abca1f5c61c9,c4e9mtff3f9g0080s19g
9bdc9c34-1995-4504-8da0-25aebf722891,c4e9gp0gdkfg00ckemr0
9bdc9c34-1995-4504-8da0-25aebf722891,c4e9mtalpbg0009nuulg
9be60b49-6cd3-4c2d-b09d-26bba4cd4902,c4e9gp0qui1g00dcsh7g
9be60b49-6cd3-4c2d-b09d-26bba4cd4902,c4e9n14fjb0000cm08v0
9bfc820a-3733-43ad-b52e-ee75b77e1b3a,cf8c7ocqsijg00epe030
9bfc820a-3733-43ad-b52e-ee75b77e1b3a,cf8c7okqsijg00epe060
9c0daaa7-d1af-4cca-a09d-c0c0437ab461,c4e9gsplms9g00depgp0
9c0daaa7-d1af-4cca-a09d-c0c0437ab461,c4e9n17l13i0009r7i70
9c2991e8-4d92-4b0c-ba6d-a84026599a5d,c4e9gp0kqp4g00aan3o0
9c2991e8-4d92-4b0c-ba6d-a84026599a5d,c4e9mtogdkfg00ckeoo0
9c2f8d73-965f-4fc6-acf1-e12d57e8c09d,cofkjj07ov20008i8adg
9c2f8d73-965f-4fc6-acf1-e12d57e8c09d,cofkjj1g8bvg00b54g2g
9c53087a-df9c-4b87-8a86-5795178386bc,c4e9gp622pr000dqlf1g
9c53087a-df9c-4b87-8a86-5795178386bc,c4e9mtvdeto00089sde0
9c5b5da0-7a21-40d7-bc18-97bccd266885,c4e9gslnv8a0008hc1t0
9c5b5da0-7a21-40d7-bc18-97bccd266885,c4e9n14fjb0000cm08vg
9c60fe43-9214-4225-9074-7c43c98cce98,c4e9gskfjb0000cm06u0
9c60fe43-9214-4225-9074-7c43c98cce98,c4e9mtokqp4g00aan5k0
9c6b253f-d3f2-41d6-8a28-31266cf2f6e9,c4e9gpcbq3o000abuod0
9c6b253f-d3f2-41d6-8a28-31266cf2f6e9,c4e9n13vdq3000evtco0
9c78af0f-6b79-4171-bb5f-bf77dbb87bcc,cech9eqac3n000ekk8k0
9c78af0f-6b79-4171-bb5f-bf77dbb87bcc,cechejdcpqj000e6f8jg
9c8f4ac2-6292-4a34-84b0-4cd2ea7aae0f,c4e9gpdnv8a0008hc1rg
9c8f4ac2-6292-4a34-84b0-4cd2ea7aae0f,c4e9mu6lljag008akqgg
9c96cf86-b6c9-491f-8a33-68d271634369,c4e9gpac0ku000ap47ig
9c96cf86-b6c9-491f-8a33-68d271634369,c4e9mu2lpbg0009nuum0
9cbe754a-da96-11e7-9bd5-00505681224b,c4dtmvf2551g00d1atsg
9cbe754a-da96-11e7-9bd5-00505681224b,c4dtne9lms9g00deinp0
9ce02af1-7a14-49dc-991d-f75028e5c299,c4e9gpdksi2g00c0up70
9ce02af1-7a14-49dc-991d-f75028e5c299,c4e9n14o26gg008qpal0
9cf23f5c-dae7-4b5a-9fa0-5b89d96867c0,c4e9gsko26gg008qp8eg
9cf23f5c-dae7-4b5a-9fa0-5b89d96867c0,c4e9mu61ja2g00ccf95g
9d0b965e-3da9-45cd-affe-145531db420e,c4e9gp96lb7g00ceirkg
9d0b965e-3da9-45cd-affe-145531db420e,c4e9mu47bhug00afct70
9d3189e8-1824-11e8-b908-00505681224b,c4dtmv96lb7g00cebrrg
9d3189e8-1824-11e8-b908-00505681224b,c4dtne8kqp4g00aagdq0
9d3def23-5234-47c7-963b-bec649b25b8b,c4e9gsic0ku000ap47jg
9d3def23-5234-47c7-963b-bec649b25b8b,c4e9n14o26gg008qpakg
9d68180f-bdc7-4ebc-a237-9ec7e67e3566,c4e9gsku12qg0096pjng
9d68180f-bdc7-4ebc-a237-9ec7e67e3566,c4e9mu8qui1g00dcsitg
9d9cf9e4-1bc0-41b6-8627-f82f1742ae2e,c4e9gpfdeto00089sblg
9d9cf9e4-1bc0-41b6-8627-f82f1742ae2e,c4e9muggdkfg00ckeoog
9db70e26-f0ca-11e7-83bf-00505681224b,c4dtmv8qui1g00dclpb0
9db70e26-f0ca-11e7-83bf-00505681224b,c4dtneco26gg008qhmb0
9dc46b46-5d1d-4665-988b-22ce9d59d020,cnv582h8t1lg00a4oaeg
9dc46b46-5d1d-4665-988b-22ce9d59d020,cnv582jrfj6g00aeu80g
9dd4619f-8af5-4a8f-98f6-4f120701335e,cei03g80oqo000b9pjm0
9dd4619f-8af5-4a8f-98f6-4f120701335e,cei03gbo765000di6h5g
9e107c76-085f-4b8d-9933-c43df7bd13a1,c4e9gsvdeto00089sbmg
9e107c76-085f-4b8d-9933-c43df7bd13a1,c4e9muh6lb7g00ceitd0
9e3e3e67-6400-4f2e-9285-66d11ba44301,c4e9gpnf3f9g0080rvbg
9e3e3e67-6400-4f2e-9285-66d11ba44301,c4e9muu1ja2g00ccf960
9e472c4f-4359-4b29-92c7-89e8e8897a1c,c4e9gpu1ja2g00ccf7bg
9e472c4f-4359-4b29-92c7-89e8e8897a1c,c4e9n20kqp4g00aan5lg
9e4f7418-0708-430b-b518-b6de0a8889df,cngl6ajn5d9000dsape0
9e4f7418-0708-430b-b518-b6de0a8889df,cngl6ans7se0009toss0
9e5044a2-9fc2-46ea-9a86-7dec6481e1d1,c4e9gpvorvtg00d0af20
9e5044a2-9fc2-46ea-9a86-7dec6481e1d1,c4e9n1b0tnc000c85040
9e58dc00-24ba-410d-81d9-a18395211e67,codla4pgkbk0009ivnn0
9e58dc00-24ba-410d-81d9-a18395211e67,codla845646000ckbf50
9e5d7b65-2658-4958-ac96-7b8a06ba1f0a,c4e9gq4vfoog00ds2ui0
9e5d7b65-2658-4958-ac96-7b8a06ba1f0a,c4e9n5u22pr000dqlgr0
9e6968f9-9cfe-40d0-a4a2-6adf868ae2f3,c4e9gqcbq3o000abuoe0
9e6968f9-9cfe-40d0-a4a2-6adf868ae2f3,c4e9n14u12qg0096pld0
9e7aef7d-fb9f-4e6c-b2c8-d0abc794d6a6,c4e9gu16lb7g00ceirl0
9e7aef7d-fb9f-4e6c-b2c8-d0abc794d6a6,c4e9n116lb7g00ceitdg
9e9ec45c-7070-4ec0-b8fd-ab20295290f6,c4e9gu4u12qg0096pjo0
9e9ec45c-7070-4ec0-b8fd-ab20295290f6,c4e9n17tarsg00au3q0g
9eb40663-8e71-4de6-9d0d-f0d0d0b1352a,co8chvhgkbk0009i0ar0
9eb40663-8e71-4de6-9d0d-f0d0d0b1352a,co8chvjnofvg00bf9hmg
9ed4d6ae-518a-4ee8-ae1f-a30ae534d988,cee0207rci6g009ngqd0
9ed4d6ae-518a-4ee8-ae1f-a30ae534d988,cee020c4op8000dbcg9g
9ef5d636-826d-4c95-8c36-0635605db0e0,cogupn9miud000a02ff0
9ef5d636-826d-4c95-8c36-0635605db0e0,cogupndqk3gg00chq1d0
9f0be566-eeb4-45d3-a3c1-f5e5e6325272,cngl6al7tiqg00aju2qg
9f0be566-eeb4-45d3-a3c1-f5e5e6325272,cngl6atorq7g008hrarg
9f2a95f2-d231-4ff5-9514-f19c4609befa,c4e9gsrjknf000amndvg
9f2a95f2-d231-4ff5-9514-f19c4609befa,c4e9n12lpbg0009nuun0
9f4635fb-1fe2-4118-9b8f-c485a5a55634,c4e9gsplms9g00depgpg
9f4635fb-1fe2-4118-9b8f-c485a5a55634,c4e9n1ftarsg00au3q10
9f51d615-5070-4409-a319-6c8b084d0f9f,c4e9gsvdeto00089sbm0
9f51d615-5070-4409-a319-6c8b084d0f9f,c4e9n19lms9g00depiig
9f82b54f-360c-44c3-9d29-fe4717b064d6,c4e9gssbq3o000abuoeg
9f82b54f-360c-44c3-9d29-fe4717b064d6,c4e9n67f3f9g0080s1c0
9f8c85d1-b720-44cb-8ff6-e393ee50017b,c4e9gssvfoog00ds2uig
9f8c85d1-b720-44cb-8ff6-e393ee50017b,c4e9n1fdeto00089sdf0
9f98a1b7-601c-4ebc-ab9a-cdfccb30944b,cnpsfoar4qng00aamj7g
9f98a1b7-601c-4ebc-ab9a-cdfccb30944b,cnpsfoh9galg00cues70
9f9ec019-286f-478a-aec3-92990b31fee5,c4e9gssvfoog00ds2uj0
9f9ec019-286f-478a-aec3-92990b31fee5,c4e9n6622pr000dqlgrg
9fc6105b-19a2-4a03-b1df-86c40cfcea67,cech6revss5g00948fi0
9fc6105b-19a2-4a03-b1df-86c40cfcea67,cechejf4lcs000b0mg1g
9ff35092-3c72-4ecd-820e-e4a7e86bdae9,cf8c7odt0el000fgenbg
9ff35092-3c72-4ecd-820e-e4a7e86bdae9,cf8c7onlle40009am1gg
a0104f8e-9296-4ddf-9f44-b7acfeac2812,cofkjj1qkol000aam1eg
a0104f8e-9296-4ddf-9f44-b7acfeac2812,cofkjj6i5iag009vrgsg
a01b1323-24d7-49b0-a3a5-c579d6120134,cobm1f8n2q9g00f1989g
a01b1323-24d7-49b0-a3a5-c579d6120134,cobm1fbnofvg00bfukp0
a020594e-65e9-43ed-94ee-fae791096eef,c4e9gsv2551g00d1hhng
a020594e-65e9-43ed-94ee-fae791096eef,c4e9n1c7bhug00afct80
a058f23b-0a72-45bc-8a27-5a9d0cb4a9b2,c4e9gt0gdkfg00ckemt0
a058f23b-0a72-45bc-8a27-5a9d0cb4a9b2,c4e9n1fdeto00089sdfg
a06b9216-ad7f-48a8-beff-13370450c573,com7gvs10vk00089k1og
a06b9216-ad7f-48a8-beff-13370450c573,com7h007ov20008j686g
a072c04c-da83-41aa-bc50-80881bd7d740,co8chvgn2q9g00f0iagg
a072c04c-da83-41aa-bc50-80881bd7d740,co8chvpqkol000a9djq0
a083efa7-d11b-41c1-8922-b4e72c0922f9,cofkjjbrfj6g00aje18g
a083efa7-d11b-41c1-8922-b4e72c0922f9,cofkjjf9iisg009vh580
a09280a9-699a-4ea3-9ccf-0784ee4b1b65,coabro0n2q9g00f0n7q0
a09280a9-699a-4ea3-9ccf-0784ee4b1b65,coabro18t1lg00a7thrg
a097ee48-7832-4b93-a446-b791004ddb5f,c4e9gt72551g00d1hho0
a097ee48-7832-4b93-a446-b791004ddb5f,c4e9n1ac0ku000ap49k0
a0b5db76-1a24-4f58-906e-e0cccc2811b2,c4e9h24bq3o000abuofg
a0b5db76-1a24-4f58-906e-e0cccc2811b2,c4e9n58kqp4g00aan5mg
a0c033ff-f5c7-4ef9-bcb9-ee09872b9f53,cogupnbnofvg00bgm2hg
a0c033ff-f5c7-4ef9-bcb9-ee09872b9f53,cogupnjai11g00d72g3g
a0f237a9-7f52-49ff-8441-0a8a627e962f,cobm1f81qiv000f3ju7g
a0f237a9-7f52-49ff-8441-0a8a627e962f,cobm1f98t1lg00a8fs8g
a0f6d9cb-d869-4332-a09c-8b5bddfadfdf,cogupnhmiud000a02ffg
a0f6d9cb-d869-4332-a09c-8b5bddfadfdf,cogupnir4qng00afrjp0
a126d0f0-42de-4e82-bc45-bcc12e4819f2,cofkjjf3r4d000f3bpa0
a126d0f0-42de-4e82-bc45-bcc12e4819f2,cofkjjg7ov20008i8aeg
a12e6ec7-84ca-4668-b808-62d5ec019f79,cogupnhmiud000a02fg0
a12e6ec7-84ca-4668-b808-62d5ec019f79,cogupns5646000ckqni0
a13cd7d8-af2b-4c62-9307-9e93696239a5,c4e9h261ja2g00ccf7d0
a13cd7d8-af2b-4c62-9307-9e93696239a5,c4e9n1elljag008akqhg
a1491570-8a11-456e-bd69-26ae3ea8b52e,com7h02ase3000bngde0
a1491570-8a11-456e-bd69-26ae3ea8b52e,com7h09g8bvg00b61krg
a1832e50-f6d6-446f-9358-d710588eabcc,c4e9gt211o1g008c0080
a1832e50-f6d6-446f-9358-d710588eabcc,c4e9n661ja2g00ccf98g
a18e2276-1c62-4651-8726-10d7272f7910,c4e9gt6lljag008akokg
a18e2276-1c62-4651-8726-10d7272f7910,c4e9n1ku12qg0096pldg
a194e5fd-07d5-4afd-a40d-40ce2672b591,c4e9gt30tnc000c84uh0
a194e5fd-07d5-4afd-a40d-40ce2672b591,c4e9n63vdq3000evtcp0
a1cd5c91-1f3d-4152-be6c-dfe55b4155ee,cogupns10vk00088skt0
a1cd5c91-1f3d-4152-be6c-dfe55b4155ee,cogupntqk3gg00chq1dg
a1ce63f6-1a6d-481e-9821-dede375317dc,cf8c7o2ac3n000enefa0
a1ce63f6-1a6d-481e-9821-dede375317dc,cf8c7o9eff7g00av1q50
a1eca604-dd2e-4401-bfa4-27929170524d,c4e9h24u12qg0096pjog
a1eca604-dd2e-4401-bfa4-27929170524d,c4e9n1ntarsg00au3q20
a1fb044f-19e5-484a-8a36-b8900ece0ff2,c4e9gt7deto00089sbn0
a1fb044f-19e5-484a-8a36-b8900ece0ff2,c4e9n5f2551g00d1hjf0
a1fb2c1f-0809-41a2-8207-23c1816234f2,c4e9h24mi4og00d2bpmg
a1fb2c1f-0809-41a2-8207-23c1816234f2,c4e9n1k7bhug00afct8g
a1ff0cf6-e52e-4c69-a6b2-4821b0818444,c4e9h21lms9g00depgq0
a1ff0cf6-e52e-4c69-a6b2-4821b0818444,c4e9n1jjknf000amnft0
a214cb08-0a47-4bb8-8cf1-5b77745852b7,cngl6apmiud0009pv0tg
a214cb08-0a47-4bb8-8cf1-5b77745852b7,cngl6aui5iag009pbch0
a222a7ab-fd59-4a48-a658-f36e49752415,cf8c7o3o765000dka4o0
a222a7ab-fd59-4a48-a658-f36e49752415,cf8c7obo765000dka4pg
a229c7f6-6c7a-4953-9bd7-bb1d1d0c617e,c4e9h23jknf000amne00
a229c7f6-6c7a-4953-9bd7-bb1d1d0c617e,c4e9n5a11o1g008c01u0
a233bb11-887d-4d51-a6f1-d8d288505607,c4e9h27l13i0009r7gb0
a233bb11-887d-4d51-a6f1-d8d288505607,c4e9n5fl13i0009r7i9g
a2476a22-a3a4-4723-9311-464fb880915e,co72burai11g00d562q0
a2476a22-a3a4-4723-9311-464fb880915e,co72butorq7g008m0qbg
a248dea1-917b-4bb3-a1ee-dd7539e72bac,cofkjjhg8bvg00b54g3g
a248dea1-917b-4bb3-a1ee-dd7539e72bac,cofkjjiase3000bmjn50
a24bb96a-929c-4550-936b-413ccee0a1b1,c4e9h25nv8a0008hc1u0
a24bb96a-929c-4550-936b-413ccee0a1b1,c4e9n28kqp4g00aan5m0
a251f6aa-0eeb-4990-b029-2ba12f362195,c4e9gu2c0ku000ap47kg
a251f6aa-0eeb-4990-b029-2ba12f362195,c4e9n2m1ja2g00ccf97g
a25b8d03-ccc2-4bf5-904f-c2b5b31a532d,c4e9guco26gg008qp8f0
a25b8d03-ccc2-4bf5-904f-c2b5b31a532d,c4e9n2kfjb0000cm090g
a2669e83-389c-4b1e-b8b0-e072640056b1,cngl6arn5d9000dsapeg
a2669e83-389c-4b1e-b8b0-e072640056b1,cngl6b410vk00082s8t0
a280e8ed-888a-432e-a7c0-e63e1c13285b,c4e9gucvfoog00ds2uk0
a280e8ed-888a-432e-a7c0-e63e1c13285b,c4e9n2tksi2g00c0ur3g
a2984044-be5d-410c-9057-5150228cda13,cee020f6bs0g0081gukg
a2984044-be5d-410c-9057-5150228cda13,cee020n6bs0g0081gulg
a2af46e6-bf36-4976-9f21-d9684d2aab4f,c4e9gub0tnc000c84uhg
a2af46e6-bf36-4976-9f21-d9684d2aab4f,c4e9n7co26gg008qpamg
a2c6d6ab-4254-490d-9d98-be7634e1464c,cofkjjhmiud0009vscj0
a2c6d6ab-4254-490d-9d98-be7634e1464c,cofkjjpgkbk0009j9mu0
a2c9e9bb-0453-4d65-bd26-ea21e49ffb77,cnpsfok5646000cfss50
a2c9e9bb-0453-4d65-bd26-ea21e49ffb77,cnpsfon9iisg009qpc40
a2cbc564-fb37-4cc2-be19-bfef306cbd05,c4e9h3lnv8a0008hc1vg
a2cbc564-fb37-4cc2-be19-bfef306cbd05,c4e9n65nv8a0008hc41g
a2ce6864-27a1-4021-aa4e-8f963ae0d49d,cngl6b0vhjtg00d6lc90
a2ce6864-27a1-4021-aa4e-8f963ae0d49d,cngl6b7s7se0009tost0
a2cfbce2-f5af-4050-8865-03f1b4cba3b1,cogupo1gkbk0009jg7b0
a2cfbce2-f5af-4050-8865-03f1b4cba3b1,cogupo28kqpg00at12ag
a2d4f5f8-3e84-4957-95fd-191239720a67,c4e9gundeto00089sbng
a2d4f5f8-3e84-4957-95fd-191239720a67,c4e9n5ku12qg0096plfg
a2e4120c-1636-4d12-9eb5-2c9f73c75303,cp03u59gkbk0009llgs0
a2e4120c-1636-4d12-9eb5-2c9f73c75303,cp03u5bai11g00d96ilg
a2e63c2f-58a3-4ae5-a03b-a27be834a8b9,cf8c7nvs0e4g00e051pg
a2e63c2f-58a3-4ae5-a03b-a27be834a8b9,cf8c7od0p0eg0099uhi0
a3070624-32db-4556-a7b6-e485f5d680fd,c4e9h3kvfoog00ds2ulg
a3070624-32db-4556-a7b6-e485f5d680fd,c4e9n5mlljag008akqj0
a3170879-e0e0-4ef9-b122-e4b2b6ef5e66,c4e9h2elljag008akol0
a3170879-e0e0-4ef9-b122-e4b2b6ef5e66,c4e9n5ilpbg0009nuuog
a3399086-747b-496b-87b9-2052e16775f2,co8chvv9iisg009u7lu0
a3399086-747b-496b-87b9-2052e16775f2,co8chvvlrmbg00b6a3qg
a342e078-0d9d-4e71-b98a-22aca804ee33,c4e9h2c7bhug00afcrh0
a342e078-0d9d-4e71-b98a-22aca804ee33,c4e9n5norvtg00d0ah30
a3620378-245a-11e9-a1df-00505681224b,c4ephtkvfoog00ds7jug
a3620378-245a-11e9-a1df-00505681224b,c4epi0bvdq3000f032qg
a3689b34-245a-11e9-bc01-00505681224b,c4ephth6lb7g00cennbg
a3689b34-245a-11e9-bc01-00505681224b,c4epi0b0tnc000c89qlg
a37220f0-245a-11e9-9f22-00505681224b,c4ephtk7bhug00afhe00
a37220f0-245a-11e9-9f22-00505681224b,c4epi0i11o1g008c4hg0
a3794542-245a-11e9-88a5-00505681224b,c4ephtmlljag008apm00
a3794542-245a-11e9-88a5-00505681224b,c4epi0fl13i0009rcrg0
a37ba6b0-245a-11e9-a229-00505681224b,c4ephtgkqp4g00aarmb0
a37ba6b0-245a-11e9-a229-00505681224b,c4epi0b0tnc000c89ql0
a3806992-245a-11e9-b1b6-00505681224b,c4ephtnf3f9g008110qg
a3806992-245a-11e9-b1b6-00505681224b,c4epi0f2551g00d1m2e0
a3b3486a-d041-4f0a-9fb3-e653bce4572b,c4e9h2cu12qg0096pjp0
a3b3486a-d041-4f0a-9fb3-e653bce4572b,c4e9nb12rh1g009f4hcg
a3b45706-521b-4ff5-ba3b-2b07bd11f03e,c4e9h2alpbg0009nusng
a3b45706-521b-4ff5-ba3b-2b07bd11f03e,c4e9nb2lpbg0009nuuqg
a3b8a949-8f74-4bd6-9f61-69089c9c6c64,c4e9h612rh1g009f4fg0
a3b8a949-8f74-4bd6-9f61-69089c9c6c64,c4e9n5p2rh1g009f4hc0
a3c30ed7-0d47-4ef2-990c-7353abc9fc33,co14hb2r4qng00abekn0
a3c30ed7-0d47-4ef2-990c-7353abc9fc33,co14hb3n5d9000du6620
a3dde86c-0712-4b02-bd4a-8157881c7e05,c4e9h2cvfoog00ds2ul0
a3dde86c-0712-4b02-bd4a-8157881c7e05,c4e9n5vl13i0009r7ia0
a3ff972b-443d-4106-a633-18753a912367,c4e9h67f3f9g0080rvcg
a3ff972b-443d-4106-a633-18753a912367,c4e9nb7deto00089sdi0
a40613c4-d7e0-48e1-9e6a-ec425c8d649c,c4e9h2bvdq3000evtat0
a40613c4-d7e0-48e1-9e6a-ec425c8d649c,c4e9n672551g00d1hjg0
a41129be-c392-49c1-b45f-66390ee4d4cb,c4e9h28gdkfg00ckemu0
a41129be-c392-49c1-b45f-66390ee4d4cb,c4e9nb7orvtg00d0ah40
a4144b92-d7fb-4031-91da-31e2ed0a35ad,c4e9h2cmi4og00d2bpn0
a4144b92-d7fb-4031-91da-31e2ed0a35ad,c4e9n67orvtg00d0ah3g
a455ffb2-d282-48be-9e53-889461d83e0c,ccug2u2c0ku000booof0
a455ffb2-d282-48be-9e53-889461d83e0c,ccug2u3vdq300080g5eg
a47e613b-ccdb-4561-9dc9-6b847cdd0f07,c4e9h2bjknf000amne0g
a47e613b-ccdb-4561-9dc9-6b847cdd0f07,c4e9n64mi4og00d2brgg
a48c0751-36ae-4908-90cc-8279d1de667e,codla55orq7g008ngge0
a48c0751-36ae-4908-90cc-8279d1de667e,codla57lrmbg00b79nd0
a4a71e73-53be-4d0f-bfad-8b8607506c9a,cnp7dj45646000cfpmmg
a4a71e73-53be-4d0f-bfad-8b8607506c9a,cnp7dj79iisg009qmahg
a4bd585d-5e2f-4b00-bd49-20b3b57e762f,cfunpjcahg7000fb95eg
a4bd585d-5e2f-4b00-bd49-20b3b57e762f,cfunpjgtaf5g008nr32g
a4c0702d-866e-4cdc-999f-37a797b3afd6,c4e9h64o26gg008qp8g0
a4c0702d-866e-4cdc-999f-37a797b3afd6,c4e9nb3jknf000amnfug
a4d6a01d-939f-4dff-aa17-2c96ef02f062,c4e9h63vdq3000evtatg
a4d6a01d-939f-4dff-aa17-2c96ef02f062,c4e9nb72551g00d1hjhg
a4d8fe5d-6ec4-4a78-8809-9c0b444fee92,cfunpji5kih000c8cfqg
a4d8fe5d-6ec4-4a78-8809-9c0b444fee92,cfunpjp7ls0g0086gr3g
a4e1d036-5b58-4e9b-8ab3-f444b3cb557a,c4e9h2cbq3o000abuog0
a4e1d036-5b58-4e9b-8ab3-f444b3cb557a,c4e9n6b0tnc000c8505g
a50b635c-3bf1-4415-9a0d-7c6f7c2fa860,c4e9h2nl13i0009r7gc0
a50b635c-3bf1-4415-9a0d-7c6f7c2fa860,c4e9nb4u12qg0096plh0
a50fe684-9b36-43a1-abf5-df699359c807,cod07919galg00d30nl0
a50fe684-9b36-43a1-abf5-df699359c807,cod0791qkol000aabutg
a52593ef-d61b-4fdd-aa95-5272ad19b0f4,cp03u599galg00d5l3r0
a52593ef-d61b-4fdd-aa95-5272ad19b0f4,cp03u5g1277000ejuf40
a5323c49-7dfa-4074-9c8c-7c9c7a58b083,cngl5q6udun000eckue0
a5323c49-7dfa-4074-9c8c-7c9c7a58b083,cngl5qf3r4d000et7rjg
a5544b07-0b91-4d28-9faa-61f1d0aeb34f,cngl91ui5iag009pbcqg
a5544b07-0b91-4d28-9faa-61f1d0aeb34f,cngl920vhjtg00d6lcig
a5580203-e8f1-40b5-99c7-35949c6ea3c3,c4e9h661ja2g00ccf7e0
a5580203-e8f1-40b5-99c7-35949c6ea3c3,c4e9n6bvdq3000evtcpg
a5618102-f8de-11eb-8ed1-00505681224b,c4j6vg1lms9g00dfhhng
a5618102-f8de-11eb-8ed1-00505681224b,c4j70730tnc000c8tp50
a5a5428a-6b09-4710-a135-2b79c479665b,cohjs257tiqg00aq65rg
a5a5428a-6b09-4710-a135-2b79c479665b,cohjs29jhmbg00fh1em0
a5aa71d6-e85f-4277-865d-b574f74aa0f0,cechc5uea3q000888rf0
a5aa71d6-e85f-4277-865d-b574f74aa0f0,cechejc4op8000db5ot0
a5af1ba9-89a5-4168-95ff-efcc70267216,c4e9h2mlljag008akolg
a5af1ba9-89a5-4168-95ff-efcc70267216,c4e9nb7l13i0009r7ibg
a5bc7965-5a90-4a83-a9ad-47b4ba4ad4c2,cod0790im8r000ftlor0
a5bc7965-5a90-4a83-a9ad-47b4ba4ad4c2,cod07928kqpg00asfqd0
a5c1df57-0c44-4136-b54a-1ef900d82990,c4e9h2kfjb0000cm06vg
a5c1df57-0c44-4136-b54a-1ef900d82990,c4e9n6ic0ku000ap49lg
a5cc055c-f8de-11eb-a540-00505681224b,c4j6vfh2rh1g009frs20
a5cc055c-f8de-11eb-a540-00505681224b,c4j706ggdkfg00cl6ic0
a5d42939-57c2-11eb-9d36-00505681224b,c4en4ccmi4og00d2f7s0
a5d42939-57c2-11eb-9d36-00505681224b,c4en56v2551g00d1ku8g
a5d4293a-57c2-11eb-8b8f-00505681224b,c4en4chlms9g00det170
a5d4293a-57c2-11eb-8b8f-00505681224b,c4en577deto0008a006g
a5d42940-57c2-11eb-9ab8-00505681224b,c4en4ci11o1g008c3cu0
a5d42940-57c2-11eb-9ab8-00505681224b,c4en577f3f9g0080vq0g
a5d45048-57c2-11eb-85fc-00505681224b,c4en4d2c0ku000ap87vg
a5d45048-57c2-11eb-85fc-00505681224b,c4en57kvfoog00ds6fb0
a5d4504a-57c2-11eb-aa41-00505681224b,c4en4d5ksi2g00c12j80
a5d4504a-57c2-11eb-aa41-00505681224b,c4en57jjknf000amr0l0
a5d4504b-57c2-11eb-8971-00505681224b,c4en4delljag008aoh00
a5d4504b-57c2-11eb-8971-00505681224b,c4en57kbq3o000ac2beg
a5d4504c-57c2-11eb-a470-00505681224b,c4en4dcvfoog00ds6esg
a5d4504c-57c2-11eb-a470-00505681224b,c4en57k7bhug00afg95g
a5d4504e-57c2-11eb-80ad-00505681224b,c4en4db0tnc000c88jv0
a5d4504e-57c2-11eb-80ad-00505681224b,c4en57ko26gg008qtjf0
a5d45051-57c2-11eb-a2a1-00505681224b,c4en4d92rh1g009f7tgg
a5d45051-57c2-11eb-a2a1-00505681224b,c4en57mlljag008aohbg
a5d45053-57c2-11eb-a2b6-00505681224b,c4en4dbjknf000amr09g
a5d45053-57c2-11eb-a2b6-00505681224b,c4en57lnv8a0008hfue0
a5def475-4ff3-4cff-97f3-5356f46d1e6f,c4e9h2h6lb7g00ceirm0
a5def475-4ff3-4cff-97f3-5356f46d1e6f,c4e9n6ndeto00089sdg0
a6163c40-5250-47fe-926a-71696598b1b1,c4e9h67l13i0009r7gd0
a6163c40-5250-47fe-926a-71696598b1b1,c4e9n6ogdkfg00ckeopg
a6188f83-c5f7-4907-aa07-569ef72314ab,c4e9h2okqp4g00aan3q0
a6188f83-c5f7-4907-aa07-569ef72314ab,c4e9n761ja2g00ccf990
a61eac40-3a31-4afa-8d2e-b6a9344c5413,cofkjjon2q9g00f1stjg
a61eac40-3a31-4afa-8d2e-b6a9344c5413,cofkjjrn5d9000e295tg
a6221227-69cd-4095-ba6d-08bb379749e3,c4e9h2u1ja2g00ccf7dg
a6221227-69cd-4095-ba6d-08bb379749e3,c4e9n716lb7g00ceitfg
a632e022-f8de-11eb-899d-00505681224b,c4j6vfn2551g00d28h10
a632e022-f8de-11eb-899d-00505681224b,c4j706kbq3o000acn8p0
a63a8fdb-c559-4a2e-ba75-65f4a691822b,c4e9h63jknf000amne1g
a63a8fdb-c559-4a2e-ba75-65f4a691822b,c4e9nd1lms9g00depiog
a6610d6c-6cac-428a-826a-38700f25b4e6,c4e9h2vtarsg00au3o1g
a6610d6c-6cac-428a-826a-38700f25b4e6,c4e9n7mlljag008akqk0
a664c8ae-fece-417e-89d3-76e2ac164c89,c4e9h37l13i0009r7gcg
a664c8ae-fece-417e-89d3-76e2ac164c89,c4e9n7ggdkfg00ckeoq0
a670366b-5622-466d-a68b-c8589dfd086f,c4e9h3forvtg00d0af4g
a670366b-5622-466d-a68b-c8589dfd086f,c4e9n7qlpbg0009nuup0
a6749c08-68fb-4a86-ae08-eed835860e12,cf8c7o4t3gj000ckl7mg
a6749c08-68fb-4a86-ae08-eed835860e12,cf8c7ocqsijg00epe040
a681bb82-26bc-4ddb-9ddb-c898662c1705,c4e9h38qui1g00dcsh9g
a681bb82-26bc-4ddb-9ddb-c898662c1705,c4e9nd12rh1g009f4he0
a68cc2f6-a428-42b7-9e06-0e5e121f7a61,c4e9h612rh1g009f4ffg
a68cc2f6-a428-42b7-9e06-0e5e121f7a61,c4e9nfb0tnc000c85080
a6947e7d-233b-4b2c-b4dc-8c221be11d12,c4e9h63jknf000amne20
a6947e7d-233b-4b2c-b4dc-8c221be11d12,c4e9nbe1ja2g00ccf9ag
a6a6c1ae-84e4-44a8-a7a1-d4897a1c4b9e,c4e9h66lljag008akomg
a6a6c1ae-84e4-44a8-a7a1-d4897a1c4b9e,c4e9nffl13i0009r7id0
a6aaf964-f8de-11eb-8cc1-00505681224b,c4j6vfkfjb0000cmtfa0
a6aaf964-f8de-11eb-8cc1-00505681224b,c4j706k7bhug00ag3ohg
a6c6bbb7-d2fd-4a9f-b562-0aafb656fecb,c4e9h6cu12qg0096pjq0
a6c6bbb7-d2fd-4a9f-b562-0aafb656fecb,c4e9nfdnv8a0008hc44g
a6daea76-1996-4d17-85a4-ff7873096687,cod0799gkbk0009iv9d0
a6daea76-1996-4d17-85a4-ff7873096687,cod079flrmbg00b79990
a7035e74-f91a-4933-93fe-ba1d43756f76,c4e9h6dnv8a0008hc210
a7035e74-f91a-4933-93fe-ba1d43756f76,c4e9nfalpbg0009nuurg
a711d426-f8de-11eb-979b-00505681224b,c4j6vfm22pr000drc6tg
a711d426-f8de-11eb-979b-00505681224b,c4j706kmi4og00d33320
a72a350e-7649-492a-ae7a-4fb17aac7079,c4e9hb30tnc000c84uig
a72a350e-7649-492a-ae7a-4fb17aac7079,c4e9nb8qui1g00dcsj20
a73bb666-dea9-4d6a-b5d7-e58bb793d9f3,cod079g1277000eh3ps0
a73bb666-dea9-4d6a-b5d7-e58bb793d9f3,cod079jrfj6g00aj25ig
a7440614-b1c0-45a2-93fa-2d2475eb6b4f,cngl6ba8kqpg00amug60
a7440614-b1c0-45a2-93fa-2d2475eb6b4f,cngl6bar4qng00a9i9o0
a7557345-d920-4aee-8e2c-82052b2fe190,cogupo2r4qng00afrjpg
a7557345-d920-4aee-8e2c-82052b2fe190,cogupoc10vk00088sktg
a782e919-ea6d-41f4-ad2e-b694f9f4ee9e,cngl6b8vhjtg00d6lc9g
a782e919-ea6d-41f4-ad2e-b694f9f4ee9e,cngl6bhmiud0009pv0ug
a7851506-db12-4467-a7cf-777fe25036e1,cogupo98t1lg00a9b5v0
a7851506-db12-4467-a7cf-777fe25036e1,cogupo9qkol000aas900
a786294a-c856-4f4b-8458-dcd2fff3f671,c4e9h6bjknf000amne2g
a786294a-c856-4f4b-8458-dcd2fff3f671,c4e9nbilpbg0009nuur0
a78e73fe-ef93-4f3f-be9f-328c9ebb605c,c4e9h6fl13i0009r7gdg
a78e73fe-ef93-4f3f-be9f-328c9ebb605c,c4e9nbdksi2g00c0ur60
a7926c93-3abb-4e26-9658-7bcfc9a063b4,cofkjk19galg00d3af6g
a7926c93-3abb-4e26-9658-7bcfc9a063b4,cofkjk2r4qng00afkc1g
a799a540-f8de-11eb-a164-00505681224b,c4j6vfsu12qg0097k300
a799a540-f8de-11eb-a164-00505681224b,c4j706oqui1g00ddk2p0
a7cf3f9f-f9ed-41ba-9383-4a0d1540ec35,cofkjk1qkol000aam1gg
a7cf3f9f-f9ed-41ba-9383-4a0d1540ec35,cofkjk5qk3gg00chk19g
a7def04d-cf59-4b95-ab82-d07de38ae356,c4e9hb7f3f9g0080rvdg
a7def04d-cf59-4b95-ab82-d07de38ae356,c4e9nbjjknf000amnfvg
a7e96db3-1556-4579-8a4e-9a299acfd2d9,cod079g7ov20008hu9v0
a7e96db3-1556-4579-8a4e-9a299acfd2d9,cod079uudun000ei35s0
a7eadf40-cc26-4d2a-a914-dfba7c5e5dd2,cngl6bir4qng00a9i9og
a7eadf40-cc26-4d2a-a914-dfba7c5e5dd2,cngl6bnlrmbg00b1kro0
a7ec344b-9a31-4cd1-a956-b23c3bef10c0,cogupod7tiqg00aq3oug
a7ec344b-9a31-4cd1-a956-b23c3bef10c0,cogupomi5iag00a03780
a80ea8ec-3d41-46a5-b232-2e9ce1e395be,cp03u428kqpg00av8pf0
a80ea8ec-3d41-46a5-b232-2e9ce1e395be,cp03u5jnofvg00bimr90
a8100694-a97d-4cf3-bf9e-b93610aa6ad2,c4e9h6ftarsg00au3o20
a8100694-a97d-4cf3-bf9e-b93610aa6ad2,c4e9nbm22pr000dqlgt0
a832746b-f027-4c67-994b-b5bcb53c31c6,cngl6bp8t1lg00a2vaog
a832746b-f027-4c67-994b-b5bcb53c31c6,cngl6bv3r4d000et7rpg
a83417e3-8e26-4d91-a529-a395234a5c28,c4e9h6ac0ku000ap47mg
a83417e3-8e26-4d91-a529-a395234a5c28,c4e9nbko26gg008qpaog
a84340af-ad07-43b5-8042-b9ad63ff30d7,c4e9h6cmi4og00d2bpo0
a84340af-ad07-43b5-8042-b9ad63ff30d7,c4e9nbku12qg0096plhg
a84c488e-1938-4335-b888-fe9ae6a52145,c4e9h6cbq3o000abuoh0
a84c488e-1938-4335-b888-fe9ae6a52145,c4e9nbndeto00089sdig
a84e745e-9feb-4f93-94f3-c2644c57ae67,c4e9h6kfjb0000cm0700
a84e745e-9feb-4f93-94f3-c2644c57ae67,c4e9nfm1ja2g00ccf9d0
a86ed376-9063-47b3-843a-2046192d8e59,cod079pg8bvg00b4qqf0
a86ed376-9063-47b3-843a-2046192d8e59,cod079pgkbk0009iv9eg
a88aa4f1-fe28-4c55-8737-4a904d688c07,c4e9h6ntarsg00au3o2g
a88aa4f1-fe28-4c55-8737-4a904d688c07,c4e9nbh2rh1g009f4hdg
a8a26d71-973f-4ed2-800e-0a15e6fedc9d,cod079o1277000eh3psg
a8a26d71-973f-4ed2-800e-0a15e6fedc9d,cod07a2r4qng00af8kfg
a8b222e2-1bc9-4ded-b2b8-d567288c78d1,cofkjkaf6nn0008v9q4g
a8b222e2-1bc9-4ded-b2b8-d567288c78d1,cofkjkc10vk00088mf60
a8b55ebd-d575-4e58-8ee2-90aec81d15bc,c4e9h6kbq3o000abuohg
a8b55ebd-d575-4e58-8ee2-90aec81d15bc,c4e9nbs7bhug00afctcg
a8b97476-bc47-4b88-b556-af527dab4080,c4e9h6hlms9g00depgrg
a8b97476-bc47-4b88-b556-af527dab4080,c4e9nbtksi2g00c0ur6g
a8c24e58-f8de-11eb-aee1-00505681224b,c4j6vfvtarsg00aut14g
a8c24e58-f8de-11eb-aee1-00505681224b,c4j706vf3f9g0081m27g
a8d7f9e8-4874-4eef-9eaa-e4f5cf3cb174,cod07a07ov20008hu9vg
a8d7f9e8-4874-4eef-9eaa-e4f5cf3cb174,cod07a6udun000ei35sg
a8f050c6-c05d-4e50-a4f0-1b9488222bd1,co8ci019galg00d232e0
a8f050c6-c05d-4e50-a4f0-1b9488222bd1,co8ci045646000cjdiug
a8f06dcc-eea0-4491-b245-de33a7411d3b,c4e9hb72551g00d1hhq0
a8f06dcc-eea0-4491-b245-de33a7411d3b,c4e9nbqc0ku000ap49og
a91cddc6-fe65-460d-9f45-9d38317b65f1,c4e9h6ggdkfg00ckemvg
a91cddc6-fe65-460d-9f45-9d38317b65f1,c4e9nflnv8a0008hc450
a91dd6e4-0413-4d6e-a1d9-6b7aebcbbd8d,c4e9h6lksi2g00c0up9g
a91dd6e4-0413-4d6e-a1d9-6b7aebcbbd8d,c4e9nboqui1g00dcsj2g
a922a9da-2aeb-4478-a478-6907eb3acf19,c4e9h6lksi2g00c0up90
a922a9da-2aeb-4478-a478-6907eb3acf19,c4e9nf8gdkfg00ckeot0
a92aafc2-f8de-11eb-8de6-00505681224b,c4j6vfkmi4og00d332n0
a92aafc2-f8de-11eb-8de6-00505681224b,c4j706k7bhug00ag3oh0
a92f6fd3-6305-4c22-942b-6d24fd7b7a5c,c4e9h6ko26gg008qp8h0
a92f6fd3-6305-4c22-942b-6d24fd7b7a5c,c4e9nfb0tnc000c8508g
a9518e18-f3ad-4014-852f-f877dbea8288,cofkjkf3r4d000f3bpb0
a9518e18-f3ad-4014-852f-f877dbea8288,cofkjkf9iisg009vh5a0
a95e461b-5381-44b9-86f1-ecb7c987546d,coabrko1qiv000f31oi0
a95e461b-5381-44b9-86f1-ecb7c987546d,coabrkpg8bvg00b41gig
a9878824-3ee4-49f4-8674-b40a1c932aa4,c4e9hb2c0ku000ap47n0
a9878824-3ee4-49f4-8674-b40a1c932aa4,c4e9nkvdeto00089sdkg
a9911552-f8de-11eb-9e39-00505681224b,c4j6vf96lb7g00cfc22g
a9911552-f8de-11eb-9e39-00505681224b,c4j706ntarsg00aut1h0
a9a0fb2b-9bd4-4e9a-b71c-fe6541c794ef,cnp7djei5iag009qejr0
a9a0fb2b-9bd4-4e9a-b71c-fe6541c794ef,cnp7djfs7se0009up6bg
a9b43404-2275-4124-8a5c-d28e23b99c70,c4e9hb0gdkfg00cken00
a9b43404-2275-4124-8a5c-d28e23b99c70,c4e9nkqc0ku000ap49s0
a9c1bd07-045c-4a3a-a271-c9840f87c202,com7h09g8bvg00b61ks0
a9c1bd07-045c-4a3a-a271-c9840f87c202,com7h0af6nn00090akr0
a9c88f6e-951a-4309-967c-d2b5a8ec737f,c4e9hb5nv8a0008hc22g
a9c88f6e-951a-4309-967c-d2b5a8ec737f,c4e9nmplms9g00depis0
a9df29ab-4ba3-4ce1-8907-64caf2344ff5,c4e9h6ndeto00089sbog
a9df29ab-4ba3-4ce1-8907-64caf2344ff5,c4e9nmplms9g00depisg
a9e0a56c-9326-4c3c-bab3-7f510dfadc68,c4e9hb211o1g008c009g
a9e0a56c-9326-4c3c-bab3-7f510dfadc68,c4e9nfh6lb7g00ceith0
a9f7a1f0-f8de-11eb-8f87-00505681224b,c4j6vfac0ku000aq04l0
a9f7a1f0-f8de-11eb-8f87-00505681224b,c4j706ku12qg0097k3c0
a9fca2e4-5359-4a2c-a246-90a02d00bf8e,c4e9hb4mi4og00d2bpog
a9fca2e4-5359-4a2c-a246-90a02d00bf8e,c4e9nmsbq3o000abuqc0
aa0cb693-77ab-4839-af34-db995c3ee00f,cngl6bv9iisg009pp140
aa0cb693-77ab-4839-af34-db995c3ee00f,cngl6c0im8r000fntu0g
aa30d54f-833e-41d8-9176-2daaeadc61de,cei03gdcpqj000e738tg
aa30d54f-833e-41d8-9176-2daaeadc61de,cei03gevss5g0094rqbg
aa31d4f3-0790-4517-a368-11a3dfdb42c5,c4e9h6oqui1g00dcsha0
aa31d4f3-0790-4517-a368-11a3dfdb42c5,c4e9nfhlms9g00depiq0
aa4e4c8d-9dc4-4c28-ad18-26fe4e4a9a1f,c4e9h6sbq3o000abuoi0
aa4e4c8d-9dc4-4c28-ad18-26fe4e4a9a1f,c4e9nfkfjb0000cm093g
aa5e2e92-f8de-11eb-b2c3-00505681224b,c4j6vf8qui1g00ddk2b0
aa5e2e92-f8de-11eb-b2c3-00505681224b,c4j706ilpbg0009oodmg
aa849eef-7458-438b-bc6d-22312405a8c9,c4e9h6vl13i0009r7ge0
aa849eef-7458-438b-bc6d-22312405a8c9,c4e9nfsfjb0000cm0940
aa8558c4-2995-4916-a267-338e4c4d256c,cnnt74on2q9g00esmnf0
aa8558c4-2995-4916-a267-338e4c4d256c,cnnt74pqkol000a5d3vg
aaa563d3-0e25-401a-9c7f-1fc32e335b63,co14hb9gkbk0009f80ng
aaa563d3-0e25-401a-9c7f-1fc32e335b63,co14hbbrfj6g00af428g
aaa8d1a3-7c5f-4318-8cc8-6f34faa7e2ac,cngl6c1miud0009pv0vg
aaa8d1a3-7c5f-4318-8cc8-6f34faa7e2ac,cngl6c73r4d000et7rq0
aac49422-f8de-11eb-a821-00505681224b,c4j6vfko26gg008rng4g
aac49422-f8de-11eb-a821-00505681224b,c4j706lksi2g00c1pm0g
aaf602d2-93fa-11e8-9fab-00505681224b,c4dtmvko26gg008qhlk0
aaf602d2-93fa-11e8-9fab-00505681224b,c4dtnebjknf000amgk6g
aafd4e30-93fa-11e8-8152-00505681224b,c4dtmvilpbg0009nnsf0
aafd4e30-93fa-11e8-8152-00505681224b,c4dtne96lb7g00cebsgg
ab02381e-93fa-11e8-8220-00505681224b,c4dtmvku12qg0096ifk0
ab02381e-93fa-11e8-8220-00505681224b,c4dtnedksi2g00c0njt0
ab04f6a3-47dd-4b00-a46a-7d314c096a3a,cogupoh8t1lg00a9b5vg
ab04f6a3-47dd-4b00-a46a-7d314c096a3a,cogupolorq7g008o2140
ab06fafe-93fa-11e8-8e1c-00505681224b,c4dtmvh6lb7g00cebrs0
ab06fafe-93fa-11e8-8e1c-00505681224b,c4dtnecmi4og00d254sg
ab0972b4-4db4-4919-9809-681d9e90d8a3,c4e9h74o26gg008qp8hg
ab0972b4-4db4-4919-9809-681d9e90d8a3,c4e9nmrjknf000amng30
ab0bbddc-93fa-11e8-ad13-00505681224b,c4dtmvnorvtg00d03jlg
ab0bbddc-93fa-11e8-ad13-00505681224b,c4dtneelljag008ador0
ab0c30b8-55f9-467c-ba0c-6c3e6d03ed46,cogupoi8kqpg00at12bg
ab0c30b8-55f9-467c-ba0c-6c3e6d03ed46,cogupop8t1lg00a9b60g
ab12e226-93fa-11e8-842b-00505681224b,c4dtmvgqui1g00dclpbg
ab12e226-93fa-11e8-842b-00505681224b,c4dtnee1ja2g00cc8kn0
ab154398-93fa-11e8-9468-00505681224b,c4dtmvj0tnc000c7u050
ab154398-93fa-11e8-9468-00505681224b,c4dtneic0ku000aosv40
ab1a0676-93fa-11e8-a908-00505681224b,c4dtmvggdkfg00ck7ucg
ab1a0676-93fa-11e8-a908-00505681224b,c4dtnek7bhug00af66a0
ab1c0d4d-e32a-4e8f-af97-18b607a677ed,c4e9h74fjb0000cm070g
ab1c0d4d-e32a-4e8f-af97-18b607a677ed,c4e9nfv2551g00d1hjj0
ab1ec952-93fa-11e8-94c2-00505681224b,c4dtmvkvfoog00drs59g
ab1ec952-93fa-11e8-94c2-00505681224b,c4dtneggdkfg00ck7uu0
ab1eded2-722d-4373-9f1b-156b8b7f8323,c4e9hb2lpbg0009nusp0
ab1eded2-722d-4373-9f1b-156b8b7f8323,c4e9nfqlpbg0009nuus0
ab238c30-93fa-11e8-8b38-00505681224b,c4dtmvsvfoog00drs5a0
ab238c30-93fa-11e8-8b38-00505681224b,c4dtnenorvtg00d03k90
ab284f10-93fa-11e8-980a-00505681224b,c4dtn04u12qg0096ifl0
ab284f10-93fa-11e8-980a-00505681224b,c4dtnekvfoog00drs5t0
ab2aab90-f8de-11eb-8dfa-00505681224b,c4j6vfk7bhug00ag3o4g
ab2aab90-f8de-11eb-8dfa-00505681224b,c4j706i11o1g008cmp2g
ab2ab080-93fa-11e8-baeb-00505681224b,c4dtn0622pr000dqer2g
ab2ab080-93fa-11e8-baeb-00505681224b,c4dtnem22pr000dqerp0
ab2f735a-93fa-11e8-b94b-00505681224b,c4dtn04vfoog00drs5ag
ab2f735a-93fa-11e8-b94b-00505681224b,c4dtnenorvtg00d03k9g
ab31fbdc-93fa-11e8-926f-00505681224b,c4dtn061ja2g00cc8k8g
ab31fbdc-93fa-11e8-926f-00505681224b,c4dtnegqui1g00dclq10
ab39473a-93fa-11e8-8295-00505681224b,c4dtn047bhug00af65lg
ab39473a-93fa-11e8-8295-00505681224b,c4dtneh2rh1g009etpbg
ab3ba8a8-93fa-11e8-86e1-00505681224b,c4dtn04o26gg008qhlm0
ab3ba8a8-93fa-11e8-86e1-00505681224b,c4dtnervdq3000evlka0
ab3da31e-653b-4687-82a7-df4fa38ff6d8,cobm1crrfj6g00aiovq0
ab3da31e-653b-4687-82a7-df4fa38ff6d8,cobm1fi8kqpg00as71u0
ab406b88-93fa-11e8-b38f-00505681224b,c4dtn07deto00089li90
ab406b88-93fa-11e8-b38f-00505681224b,c4dtneu22pr000dqerpg
ab478fd4-93fa-11e8-8d6e-00505681224b,c4dtn03jknf000amgjk0
ab478fd4-93fa-11e8-8d6e-00505681224b,c4dtnevtarsg00atsrag
ab4a1852-93fa-11e8-a93c-00505681224b,c4dtn0f2551g00d1att0
ab4a1852-93fa-11e8-a93c-00505681224b,c4dtnerjknf000amgk70
ab4f9e88-93fa-11e8-9e8c-00505681224b,c4dtn0cmi4og00d254ag
ab4f9e88-93fa-11e8-9e8c-00505681224b,c4dtnevdeto00089lirg
ab51fff6-93fa-11e8-967f-00505681224b,c4dtn0cbq3o000abnv00
ab51fff6-93fa-11e8-967f-00505681224b,c4dtneplms9g00deinq0
ab56c2d4-93fa-11e8-bc00-00505681224b,c4dtn0bvdq3000evljp0
ab56c2d4-93fa-11e8-bc00-00505681224b,c4dtnevf3f9g0080ks10
ab5b85b0-93fa-11e8-aaa8-00505681224b,c4dtn0kbq3o000abnv0g
ab5b85b0-93fa-11e8-aaa8-00505681224b,c4dtneu1ja2g00cc8kng
ab5de722-93fa-11e8-b673-00505681224b,c4dtn0h6lb7g00cebrtg
ab5de722-93fa-11e8-b673-00505681224b,c4dtneqc0ku000aosv4g
ab62a9fe-93fa-11e8-b149-00505681224b,c4dtn0kvfoog00drs5c0
ab62a9fe-93fa-11e8-b149-00505681224b,c4dtnf7orvtg00d03kag
ab650b6e-93fa-11e8-b622-00505681224b,c4dtn0lnv8a0008h4r60
ab650b6e-93fa-11e8-b622-00505681224b,c4dtnf4o26gg008qhmc0
ab69ce4c-93fa-11e8-974c-00505681224b,c4dtn0ilpbg0009nnsh0
ab69ce4c-93fa-11e8-974c-00505681224b,c4dtnf61ja2g00cc8ko0
ab6e912c-93fa-11e8-949d-00505681224b,c4dtn0kmi4og00d254bg
ab6e912c-93fa-11e8-949d-00505681224b,c4dtnf16lb7g00cebsi0
ab70f29a-93fa-11e8-9afa-00505681224b,c4dtn0kfjb0000cloof0
ab70f29a-93fa-11e8-9afa-00505681224b,c4dtnf4bq3o000abnvig
ab735408-93fa-11e8-94c9-00505681224b,c4dtn0nl13i0009r01og
ab735408-93fa-11e8-94c9-00505681224b,c4dtnf4vfoog00drs5tg
ab73d0ef-cf86-4238-bf7a-f496b34d5f8b,c4e9hb30tnc000c84uj0
ab73d0ef-cf86-4238-bf7a-f496b34d5f8b,c4e9nmp2rh1g009f4hgg
ab7816e6-93fa-11e8-9c1f-00505681224b,c4dtn0q11o1g008bpcl0
ab7816e6-93fa-11e8-9c1f-00505681224b,c4dtnf61ja2g00cc8kog
ab7cd9c2-93fa-11e8-b960-00505681224b,c4dtn0tksi2g00c0njd0
ab7cd9c2-93fa-11e8-b960-00505681224b,c4dtnf4fjb0000clop3g
ab7f3b34-93fa-11e8-b973-00505681224b,c4dtn0svfoog00drs5d0
ab7f3b34-93fa-11e8-b973-00505681224b,c4dtnf72551g00d1aul0
ab81eac2-93fa-11e8-9de0-00505681224b,c4dtn0vl13i0009r01p0
ab81eac2-93fa-11e8-9de0-00505681224b,c4dtnf7orvtg00d03kb0
ab86ada2-93fa-11e8-9590-00505681224b,c4dtn147bhug00af65o0
ab86ada2-93fa-11e8-9590-00505681224b,c4dtnff2551g00d1aulg
ab87c656-d57a-4edc-9753-37dcbf4e6566,c4e9hbe1ja2g00ccf7eg
ab87c656-d57a-4edc-9753-37dcbf4e6566,c4e9nfs7bhug00afctdg
ab8a35be-68d8-11ea-a3d6-00505681224b,c4dtn14bq3o000abnv20
ab8a35be-68d8-11ea-a3d6-00505681224b,c4dtnfcvfoog00drs5u0
ab8b7080-93fa-11e8-ad26-00505681224b,c4dtn17f3f9g0080krm0
ab8b7080-93fa-11e8-ad26-00505681224b,c4dtnfc7bhug00af66bg
ab8dd1f0-93fa-11e8-86d7-00505681224b,c4dtn14bq3o000abnv2g
ab8dd1f0-93fa-11e8-86d7-00505681224b,c4dtnfcbq3o000abnvjg
ab90335e-93fa-11e8-baed-00505681224b,c4dtn17l13i0009r01q0
ab90335e-93fa-11e8-baed-00505681224b,c4dtnfalpbg0009nnt30
ab929a9c-68d8-11ea-8723-00505681224b,c4dtn14fjb0000cloog0
ab929a9c-68d8-11ea-8723-00505681224b,c4dtnf96lb7g00cebsig
ab92e5e8-f8de-11eb-ab17-00505681224b,c4j6vfggdkfg00cl6i10
ab92e5e8-f8de-11eb-ab17-00505681224b,c4j706gkqp4g00abejn0
ab9483fe-d78a-4bb5-82de-aea73722df29,cee0205t0el000fdv5qg
ab9483fe-d78a-4bb5-82de-aea73722df29,cee020dcpqj000e6m31g
ab94f63a-93fa-11e8-bc70-00505681224b,c4dtn16lljag008adoa0
ab94f63a-93fa-11e8-bc70-00505681224b,c4dtnfcmi4og00d254tg
ab9580f0-68d8-11ea-90ba-00505681224b,c4dtn12lpbg0009nnsig
ab9580f0-68d8-11ea-90ba-00505681224b,c4dtnfco26gg008qhmd0
ab988e5a-68d8-11ea-b45e-00505681224b,c4dtn17deto00089lic0
ab988e5a-68d8-11ea-b45e-00505681224b,c4dtnfi11o1g008bpd6g
ab9c68ac-93fa-11e8-b37f-00505681224b,c4dtn1e1ja2g00cc8kbg
ab9c68ac-93fa-11e8-b37f-00505681224b,c4dtnfe1ja2g00cc8kp0
ab9cad3e-68d8-11ea-a5d1-00505681224b,c4dtn1alpbg0009nnsj0
ab9cad3e-68d8-11ea-a5d1-00505681224b,c4dtnfjvdq3000evlkb0
ab9eca1a-93fa-11e8-be39-00505681224b,c4dtn1bjknf000amgjn0
ab9eca1a-93fa-11e8-be39-00505681224b,c4dtnfkfjb0000clop40
aba008cc-68d8-11ea-b250-00505681224b,c4dtn18gdkfg00ck7uf0
aba008cc-68d8-11ea-b250-00505681224b,c4dtnfntarsg00atsrbg
aba05dd1-1543-419b-9bc5-afc9a90ae7ba,cofkjkg7ov20008i8af0
aba05dd1-1543-419b-9bc5-afc9a90ae7ba,cofkjkhg8bvg00b54g50
aba38cf8-93fa-11e8-b06e-00505681224b,c4dtn1fl13i0009r01qg
aba38cf8-93fa-11e8-b06e-00505681224b,c4dtnfndeto00089lit0
aba3d98c-68d8-11ea-b013-00505681224b,c4dtn1co26gg008qhlpg
aba3d98c-68d8-11ea-b013-00505681224b,c4dtnfggdkfg00ck7v00
aba84fd8-93fa-11e8-945d-00505681224b,c4dtn1elljag008adobg
aba84fd8-93fa-11e8-945d-00505681224b,c4dtnfku12qg0096igbg
abaadeca-68d8-11ea-a746-00505681224b,c4dtn1dksi2g00c0njf0
abaadeca-68d8-11ea-a746-00505681224b,c4dtnfnl13i0009r02a0
abae8878-68d8-11ea-8103-00505681224b,c4dtn1kvfoog00drs5fg
abae8878-68d8-11ea-8103-00505681224b,c4dtnfilpbg0009nnt40
abb2593a-68d8-11ea-97d2-00505681224b,c4dtn1ku12qg0096ifpg
abb2593a-68d8-11ea-97d2-00505681224b,c4dtnfh6lb7g00cebsjg
abb69f34-68d8-11ea-9dcd-00505681224b,c4dtn1mlljag008adocg
abb69f34-68d8-11ea-9dcd-00505681224b,c4dtnfmlljag008adot0
abba9706-68d8-11ea-9ea5-00505681224b,c4dtn1gkqp4g00aagda0
abba9706-68d8-11ea-9ea5-00505681224b,c4dtnfkvfoog00drs5ug
abbe8eda-68d8-11ea-bd5e-00505681224b,c4dtn1ko26gg008qhlqg
abbe8eda-68d8-11ea-bd5e-00505681224b,c4dtnfsfjb0000clop4g
abc2adc0-68d8-11ea-9a68-00505681224b,c4dtn1ku12qg0096ifq0
abc2adc0-68d8-11ea-9a68-00505681224b,c4dtnfso26gg008qhmdg
abc6a594-68d8-11ea-958a-00505681224b,c4dtn1ko26gg008qhlr0
abc6a594-68d8-11ea-958a-00505681224b,c4dtnfsbq3o000abnvkg
abce953e-68d8-11ea-bf29-00505681224b,c4dtn1jvdq3000evljt0
abce953e-68d8-11ea-bf29-00505681224b,c4dtnfoqui1g00dclq2g
abd3777e-68d8-11ea-b856-00505681224b,c4dtn1ntarsg00atsqs0
abd3777e-68d8-11ea-b856-00505681224b,c4dtnfqc0ku000aosv6g
abd7212c-68d8-11ea-a81a-00505681224b,c4dtn1vl13i0009r01r0
abd7212c-68d8-11ea-a81a-00505681224b,c4dtnfvl13i0009r02ag
abdbb548-68d8-11ea-ac69-00505681224b,c4dtn1u1ja2g00cc8kcg
abdbb548-68d8-11ea-ac69-00505681224b,c4dtnfvorvtg00d03kc0
abe04966-68d8-11ea-a46e-00505681224b,c4dtn1so26gg008qhlrg
abe04966-68d8-11ea-a46e-00505681224b,c4dtnfvtarsg00atsrd0
abe320b0-1bdd-4baf-a53b-f33a8db18dba,co72bv2ase3000bktm6g
abe320b0-1bdd-4baf-a53b-f33a8db18dba,co72bv73r4d000f1fc90
abe336e6-7f50-4e31-8682-04e2da4fc39e,cngl6c1gkbk0009daf1g
abe336e6-7f50-4e31-8682-04e2da4fc39e,cngl6c8vhjtg00d6lcb0
abe48f5e-68d8-11ea-a491-00505681224b,c4dtn1p2rh1g009etoug
abe48f5e-68d8-11ea-a491-00505681224b,c4dtnfvorvtg00d03kcg
abe8fc66-68d8-11ea-8b04-00505681224b,c4dtn1vorvtg00d03jq0
abe8fc66-68d8-11ea-8b04-00505681224b,c4dtnftksi2g00c0nk00
abf299d4-68d8-11ea-b5e6-00505681224b,c4dtn1vf3f9g0080kro0
abf299d4-68d8-11ea-b5e6-00505681224b,c4dtnfulljag008adoug
abf77c14-68d8-11ea-b134-00505681224b,c4dtn1rjknf000amgjpg
abf77c14-68d8-11ea-b134-00505681224b,c4dtnfu1ja2g00cc8kpg
abfc8566-68d8-11ea-bfdf-00505681224b,c4dtn1so26gg008qhlsg
abfc8566-68d8-11ea-bfdf-00505681224b,c4dtng5nv8a0008h4rr0
ac01890c-f8de-11eb-89bc-00505681224b,c4j6vffdeto0008akujg
ac01890c-f8de-11eb-89bc-00505681224b,c4j706norvtg00d12rq0
ac01b5ca-68d8-11ea-b3b5-00505681224b,c4dtn1ulljag008adoe0
ac01b5ca-68d8-11ea-b3b5-00505681224b,c4dtng7orvtg00d03kd0
ac07c92b-6f84-4704-a9b8-7b92b9fff78d,cngl6cb0ekp0008urtm0
ac07c92b-6f84-4704-a9b8-7b92b9fff78d,cngl6ceudun000eckum0
ac0c8bc8-68d8-11ea-bbef-00505681224b,c4dtn1v2551g00d1au2g
ac0c8bc8-68d8-11ea-bbef-00505681224b,c4dtng12rh1g009etpd0
ac1713a4-68d8-11ea-8beb-00505681224b,c4dtn1r0tnc000c7u0bg
ac1713a4-68d8-11ea-8beb-00505681224b,c4dtng6lljag008adov0
ac1b50c1-dce7-42f1-873b-5daa1edf9d17,cogupopg8bvg00b5ak0g
ac1b50c1-dce7-42f1-873b-5daa1edf9d17,coguporrfj6g00ajl9vg
ac234942-68d8-11ea-8888-00505681224b,c4dtn27deto00089lidg
ac234942-68d8-11ea-8888-00505681224b,c4dtng47bhug00af66d0
ac30de86-68d8-11ea-8580-00505681224b,c4dtn24vfoog00drs5h0
ac30de86-68d8-11ea-8580-00505681224b,c4dtng2c0ku000aosv70
ac3c02a8-68d8-11ea-b1e1-00505681224b,c4dtn27deto00089lie0
ac3c02a8-68d8-11ea-b1e1-00505681224b,c4dtng211o1g008bpd80
ac3faca4-df54-11e9-b622-00505681224b,c4ephtkfjb0000cm5nog
ac3faca4-df54-11e9-b622-00505681224b,c4epi0elljag008apm80
ac41167d-f776-4e10-8976-544cc9c18510,cogupoqr4qng00afrjr0
ac41167d-f776-4e10-8976-544cc9c18510,cogupp410vk00088skvg
ac449d3d-0283-45ae-b521-2111826bab5d,c4e9hi1lms9g00depgt0
ac449d3d-0283-45ae-b521-2111826bab5d,c4e9nfq11o1g008c022g
ac45c726-68d8-11ea-9994-00505681224b,c4dtn22lpbg0009nnslg
ac45c726-68d8-11ea-9994-00505681224b,c4dtng1lms9g00deinr0
ac51396c-68d8-11ea-8aaf-00505681224b,c4dtn20gdkfg00ck7uh0
ac51396c-68d8-11ea-8aaf-00505681224b,c4dtng5nv8a0008h4rrg
ac5b7324-68d8-11ea-bc37-00505681224b,c4dtn24o26gg008qhlt0
ac5b7324-68d8-11ea-bc37-00505681224b,c4dtng0qui1g00dclq30
ac662210-68d8-11ea-8ca4-00505681224b,c4dtn25nv8a0008h4ra0
ac662210-68d8-11ea-8ca4-00505681224b,c4dtng4vfoog00drs5vg
ac6c5b8a-f8de-11eb-b760-00505681224b,c4j6vfkmi4og00d332mg
ac6c5b8a-f8de-11eb-b760-00505681224b,c4j706h2rh1g009frsc0
ac719454-68d8-11ea-8a83-00505681224b,c4dtn27l13i0009r01sg
ac719454-68d8-11ea-8a83-00505681224b,c4dtng7l13i0009r02b0
ac8607c0-68d8-11ea-b292-00505681224b,c4dtn24u12qg0096ifs0
ac8607c0-68d8-11ea-b292-00505681224b,c4dtng0kqp4g00aagdt0
ac914969-26e5-40a8-920b-f8f15fc6da92,cngl5pv3r4d000et7rj0
ac914969-26e5-40a8-920b-f8f15fc6da92,cngl5q4pru2g00bj9m0g
ac91a11a-68d8-11ea-b050-00505681224b,c4dtn2e22pr000dqer9g
ac91a11a-68d8-11ea-b050-00505681224b,c4dtng92rh1g009etpdg
ac9c9e28-68d8-11ea-8b7e-00505681224b,c4dtn2fl13i0009r01t0
ac9c9e28-68d8-11ea-8b7e-00505681224b,c4dtng8qui1g00dclq3g
aca63b98-68d8-11ea-bf97-00505681224b,c4dtn2bjknf000amgjqg
aca63b98-68d8-11ea-bf97-00505681224b,c4dtnga11o1g008bpd8g
acb11194-68d8-11ea-97da-00505681224b,c4dtn2bjknf000amgjr0
acb11194-68d8-11ea-97da-00505681224b,c4dtngac0ku000aosv7g
acb11d3a-1204-48e4-9f11-66806934b5bb,co8ci01jhmbg00ffg8rg
acb11d3a-1204-48e4-9f11-66806934b5bb,co8ci05orq7g008mg5ug
acbc5cca-68d8-11ea-93b8-00505681224b,c4dtn28qui1g00dclphg
acbc5cca-68d8-11ea-93b8-00505681224b,c4dtngc7bhug00af66dg
acc49a94-68d8-11ea-b990-00505681224b,c4dtn2cfjb0000clooj0
acc49a94-68d8-11ea-b990-00505681224b,c4dtngftarsg00atsre0
acc81d34-68d8-11ea-bf04-00505681224b,c4dtn2ftarsg00atsqug
acc81d34-68d8-11ea-bf04-00505681224b,c4dtng8qui1g00dclq40
acdc1024-f8de-11eb-b001-00505681224b,c4j6vfkvfoog00dsqor0
acdc1024-f8de-11eb-b001-00505681224b,c4j706ic0ku000aq0580
ace2d2cc-df54-11e9-be1b-00505681224b,c4ephtko26gg008qutp0
ace2d2cc-df54-11e9-be1b-00505681224b,c4epi0cmi4og00d2gd80
ace604d8-c935-4310-abf3-fce4b1188d0f,c4e9hi30tnc000c84ujg
ace604d8-c935-4310-abf3-fce4b1188d0f,c4e9nmvorvtg00d0ah80
acecbc4a-7823-485e-86ca-f356171e4678,cogupp2ase3000bmpmdg
acecbc4a-7823-485e-86ca-f356171e4678,coguppei5iag00a037a0
ad1d46ba-df54-11e9-822a-00505681224b,c4ephtlnv8a0008hh6k0
ad1d46ba-df54-11e9-822a-00505681224b,c4epi0cfjb0000cm5nv0
ad2a4240-7fd2-4c65-9073-ab432d2fba4d,cogupp9gkbk0009jg7dg
ad2a4240-7fd2-4c65-9073-ab432d2fba4d,cogupp9miud000a02fi0
ad477f56-6f37-45ca-ba7f-2f6234272219,c4e9hbcbq3o000abuoig
ad477f56-6f37-45ca-ba7f-2f6234272219,c4e9ng7orvtg00d0ah6g
ad4f2fbf-0773-4d58-a07d-8203ed4e7639,c4e9hi3vdq3000evtb0g
ad4f2fbf-0773-4d58-a07d-8203ed4e7639,c4e9ng5nv8a0008hc45g
ad57bdf9-cec9-404b-a43d-0b80e8422e4b,cofkjkhmiud0009vsckg
ad57bdf9-cec9-404b-a43d-0b80e8422e4b,cofkjkiase3000bmjn60
ad5dc6b2-890b-41e5-9b6f-2b2d2835d623,c4e9hbcfjb0000cm0710
ad5dc6b2-890b-41e5-9b6f-2b2d2835d623,c4e9ng4u12qg0096pljg
ad6cf170-df54-11e9-83d5-00505681224b,c4ephtftarsg00au8k9g
ad6cf170-df54-11e9-83d5-00505681224b,c4epi04o26gg008qutvg
ad73b937-fe91-4606-9abc-44f98e6d0e9a,c4e9hbfl13i0009r7geg
ad73b937-fe91-4606-9abc-44f98e6d0e9a,c4e9ngftarsg00au3q70
ad876802-0459-4c06-a8c3-5ed63543de05,cf8c7nvrci6g009pvmmg
ad876802-0459-4c06-a8c3-5ed63543de05,cf8c7ofd49lg009lmel0
ada3949c-df54-11e9-a024-00505681224b,c4ephtf2551g00d1m250
ada3949c-df54-11e9-a024-00505681224b,c4epi047bhug00afhe70
adfc6788-df54-11e9-90cc-00505681224b,c4ephtcvfoog00ds7ju0
adfc6788-df54-11e9-90cc-00505681224b,c4epi04vfoog00ds7k70
ae103be0-b9d0-4108-9ec3-43b80392a209,c4e9hi4mi4og00d2bpq0
ae103be0-b9d0-4108-9ec3-43b80392a209,c4e9ng9lms9g00depiqg
ae37786f-a163-43c6-8eeb-720f20c2bb20,c4e9hbforvtg00d0af5g
ae37786f-a163-43c6-8eeb-720f20c2bb20,c4e9ng92rh1g009f4heg
ae3dcb37-534c-4e55-9348-6dcf5fcfae2d,cohjrrei5iag00a06450
ae3dcb37-534c-4e55-9348-6dcf5fcfae2d,cohjrrhgkbk0009jigl0
ae451083-7983-4c02-99d3-304a02908d9f,c4e9hbbvdq3000evtb00
ae451083-7983-4c02-99d3-304a02908d9f,c4e9nhntarsg00au3q7g
ae47570c-df54-11e9-8230-00505681224b,c4ephtb0tnc000c89qbg
ae47570c-df54-11e9-8230-00505681224b,c4epi07orvtg00d0f78g
ae890164-1693-4be3-828d-cab9d1325795,coguppd7tiqg00aq3ovg
ae890164-1693-4be3-828d-cab9d1325795,cogupphgkbk0009jg7eg
aeacd4d3-245b-4956-bc8d-0ee6cf65fab7,c4e9hi7orvtg00d0af6g
aeacd4d3-245b-4956-bc8d-0ee6cf65fab7,c4e9nmsbq3o000abuqbg
aecba902-df54-11e9-985a-00505681224b,c4ephtcu12qg0096umd0
aecba902-df54-11e9-985a-00505681224b,c4epi08kqp4g00aarmh0
aeea1025-7f25-4929-8731-0d5fb1f92867,c4e9hbcvfoog00ds2uo0
aeea1025-7f25-4929-8731-0d5fb1f92867,c4e9nhq11o1g008c023g
af002934-df54-11e9-84a8-00505681224b,c4ephtndeto0008a15u0
af002934-df54-11e9-84a8-00505681224b,c4epi0alpbg0009o3r70
af267d41-e8af-4fa6-b60c-de98dea4b349,cf8c7ntt0el000fgen80
af267d41-e8af-4fa6-b60c-de98dea4b349,cf8c7ocqsijg00epe04g
af313488-4ae5-4279-887a-3b88ae14a0a1,c4e9hblksi2g00c0upb0
af313488-4ae5-4279-887a-3b88ae14a0a1,c4e9nhp6lb7g00ceithg
af3b1258-df54-11e9-bac4-00505681224b,c4ephtforvtg00d0f710
af3b1258-df54-11e9-bac4-00505681224b,c4epi04bq3o000ac3hf0
af48ae91-6c18-4237-b14a-c85ab87a0d76,cod07a3rfj6g00aj25k0
af48ae91-6c18-4237-b14a-c85ab87a0d76,cod07aar4qng00af8kgg
af492c9d-a474-4b83-b435-021fd2aaaea2,c4en4crvdq3000f01nbg
af492c9d-a474-4b83-b435-021fd2aaaea2,c4en57vdeto0008a0070
af79c666-78f2-426a-9866-36da631665b8,coguppjai11g00d72g5g
af79c666-78f2-426a-9866-36da631665b8,cogupplqk3gg00chq1fg
afd47402-df54-11e9-a5c7-00505681224b,c4epht96lb7g00cennag
afd47402-df54-11e9-a5c7-00505681224b,c4epi07tarsg00au8kig
afeb9f02-1824-11e8-9b6e-00505681224b,c4dtn2bvdq3000evlju0
afeb9f02-1824-11e8-9b6e-00505681224b,c4dtngcu12qg0096igcg
b023b090-1600-4b1b-9ca5-502aca374602,c4e9hbggdkfg00cken0g
b023b090-1600-4b1b-9ca5-502aca374602,c4e9ni61ja2g00ccf9dg
b02a44ab-adbb-4420-a8c3-b0815458ac97,cofkjkpgkbk0009j9n00
b02a44ab-adbb-4420-a8c3-b0815458ac97,cofkjkrn5d9000e295v0
b0344e7e-7ed9-4fc9-be02-487f02d030ff,c4e9hi72551g00d1hhr0
b0344e7e-7ed9-4fc9-be02-487f02d030ff,c4e9ni4bq3o000abuqag
b04911d9-59ea-45da-884a-9a13f58b6bb6,cf8c7o2qhpqg00ct7g20
b04911d9-59ea-45da-884a-9a13f58b6bb6,cf8c7o80oqo000bbt76g
b067e4ee-21c4-448c-b4b7-b9de4f09f3b2,cnp7djd7tiqg00aku230
b067e4ee-21c4-448c-b4b7-b9de4f09f3b2,cnp7djh9galg00cub8n0
b06c1186-73f7-4931-bcb4-1521f0ea83f9,coabqrrnofvg00bfduf0
b06c1186-73f7-4931-bcb4-1521f0ea83f9,coabqrtqk3gg00cghbug
b07a7973-7e77-43af-b2cd-f704d8b39219,c4e9hbnl13i0009r7gf0
b07a7973-7e77-43af-b2cd-f704d8b39219,c4e9nmogdkfg00ckep00
b0a7e941-c9e3-4526-960f-0c0aed845657,c4e9hi0kqp4g00aan3s0
b0a7e941-c9e3-4526-960f-0c0aed845657,c4e9nl5nv8a0008hc470
b0ab095c-f0a1-4716-bd64-d33b258a9fcc,cnp7dhrn5d9000dt9j60
b0ab095c-f0a1-4716-bd64-d33b258a9fcc,cnp7di57tiqg00aku220
b0c6566f-9e55-401a-9f34-24c8d0001bd6,cofkjkv3r4d000f3bpd0
b0c6566f-9e55-401a-9f34-24c8d0001bd6,cofkjl1g8bvg00b54g60
b0d2597d-ba6e-4524-b109-5d23b409a71f,c4e9hbkmi4og00d2bpp0
b0d2597d-ba6e-4524-b109-5d23b409a71f,c4e9nosfjb0000cm0970
b11d96aa-9956-40b5-bb50-902773350888,c4e9hbkmi4og00d2bppg
b11d96aa-9956-40b5-bb50-902773350888,c4e9noogdkfg00ckep1g
b1301fd0-223a-444d-91a1-ffc7f1685021,c4e9hi4bq3o000abuok0
b1301fd0-223a-444d-91a1-ffc7f1685021,c4e9nn6lljag008akqp0
b13e85f4-b165-4730-9d4b-d95affe9ccdf,c4e9hbvtarsg00au3o3g
b13e85f4-b165-4730-9d4b-d95affe9ccdf,c4e9nn2lpbg0009nuusg
b141a15c-d233-4d05-9db4-e0f6588c6e8e,cnv582q8kqpg00aojit0
b141a15c-d233-4d05-9db4-e0f6588c6e8e,cnv582v3r4d000euvurg
b166307a-1e76-41a8-a56b-ecd4f4308a3c,c4e9hbtnv8a0008hc23g
b166307a-1e76-41a8-a56b-ecd4f4308a3c,c4e9nn5nv8a0008hc480
b179ab7d-cf41-4ba9-b1f4-709bf1b97b28,c4e9hbv2551g00d1hhqg
b179ab7d-cf41-4ba9-b1f4-709bf1b97b28,c4e9nn3vdq3000evtcu0
b17a0fbc-a111-46a5-bbfb-27c2c8a5df1a,cech6q1uln7g008uvu8g
b17a0fbc-a111-46a5-bbfb-27c2c8a5df1a,cechej2qhpqg00cqhcj0
b1891452-d40d-41fb-883e-50c90cf2d8ce,c4e9hi7orvtg00d0af70
b1891452-d40d-41fb-883e-50c90cf2d8ce,c4e9nqoqui1g00dcsj70
b19bd856-c5ba-4267-9f45-eb4a6f9856df,cngl6car4qng00a9i9p0
b19bd856-c5ba-4267-9f45-eb4a6f9856df,cngl6chmiud0009pv100
b1dec20d-ec5b-4df5-a0c4-d094fce312d8,c4e9hc2lpbg0009nusq0
b1dec20d-ec5b-4df5-a0c4-d094fce312d8,c4e9nn622pr000dqlh0g
b1fc8b82-0663-42d4-8235-0cf90e4fab0e,c4e9hc47bhug00afcrj0
b1fc8b82-0663-42d4-8235-0cf90e4fab0e,c4e9nn61ja2g00ccf9eg
b1ffbeb5-fb71-4bd0-855e-7c894125a081,cogupphgkbk0009jg7f0
b1ffbeb5-fb71-4bd0-855e-7c894125a081,coguppn3r4d000f3j1tg
b2047ce1-a1a4-411c-9a1d-8bf84ed474cf,cogupgo1277000ehlt2g
b2047ce1-a1a4-411c-9a1d-8bf84ed474cf,cogupgs10vk00088skig
b21ea967-96dc-467d-8f8f-30d67d8f71ca,c4e9hcac0ku000ap47ng
b21ea967-96dc-467d-8f8f-30d67d8f71ca,c4e9nn2c0ku000ap49sg
b229ffe2-de92-4c15-927c-f0c7e8873813,cf8c7o5cpqj000e98nc0
b229ffe2-de92-4c15-927c-f0c7e8873813,cf8c7ofd49lg009lmekg
b22bdf77-a594-4dc0-b92c-5cc462ce7354,cofkjl410vk00088mf6g
b22bdf77-a594-4dc0-b92c-5cc462ce7354,cofkjl5orq7g008nr410
b237c2d7-7a9f-4430-8404-ef18f5e4403d,c4e9hi7f3f9g0080rve0
b237c2d7-7a9f-4430-8404-ef18f5e4403d,c4e9nn30tnc000c8509g
b258f1d3-baa9-416d-9fec-1048403425de,co72btdqk3gg00cfu790
b258f1d3-baa9-416d-9fec-1048403425de,co72btn3r4d000f1fc60
b26c9533-6a40-4ff4-b9a5-2a39b75d4932,c4e9hicfjb0000cm071g
b26c9533-6a40-4ff4-b9a5-2a39b75d4932,c4e9nqu1ja2g00ccf9fg
b2b944e7-85c4-4e94-b965-05b2cfb0ba90,cf8c7o6vss5g0096t6d0
b2b944e7-85c4-4e94-b965-05b2cfb0ba90,cf8c7oaqhpqg00ct7g3g
b2c20421-081d-47ce-b520-e33cdf82fdb3,c4e9hiac0ku000ap47og
b2c20421-081d-47ce-b520-e33cdf82fdb3,c4e9nn4o26gg008qparg
b2cfbdf0-9289-4c76-a038-ed2dd15b1e60,c4e9hie1ja2g00ccf7fg
b2cfbdf0-9289-4c76-a038-ed2dd15b1e60,c4e9nn3jknf000amng40
b2d19ed3-bcba-480d-91ab-b18c3096b492,c4e9hie1ja2g00ccf7f0
b2d19ed3-bcba-480d-91ab-b18c3096b492,c4e9nqp2rh1g009f4hig
b2d55ab1-b541-453e-a59a-b15e23449dfe,c4e9hq92rh1g009f4fjg
b2d55ab1-b541-453e-a59a-b15e23449dfe,c4e9nqogdkfg00ckep20
b2f35153-b4d8-46b0-b795-56f98c5fca02,c4e9hqa11o1g008c00c0
b2f35153-b4d8-46b0-b795-56f98c5fca02,c4e9nndnv8a0008hc48g
b302b6f9-11c0-4c20-bd10-0d75d2330074,c4e9hia11o1g008c00b0
b302b6f9-11c0-4c20-bd10-0d75d2330074,c4e9nqs7bhug00afctgg
b30797a0-cf9e-424b-b2b6-198c8e8e5098,coguph1jhmbg00fgv6f0
b30797a0-cf9e-424b-b2b6-198c8e8e5098,coguph5orq7g008o20q0
b318f2d3-fba6-4144-8c95-4a92ad71a02f,cf8c7o5cpqj000e98nbg
b318f2d3-fba6-4144-8c95-4a92ad71a02f,cf8c7of6bs0g00842lig
b31c2a70-88de-4e10-9dff-024a70d936cc,cofkjl57tiqg00apt57g
b31c2a70-88de-4e10-9dff-024a70d936cc,cofkjl87ov20008i8ah0
b32899bd-1e96-4dab-b4cb-b12ff0ca13f1,c4e9hqfdeto00089sbsg
b32899bd-1e96-4dab-b4cb-b12ff0ca13f1,c4e9nnalpbg0009nuut0
b32e38bf-f745-4abb-af4f-67f3dce728e6,cngl6cmudun000eckun0
b32e38bf-f745-4abb-af4f-67f3dce728e6,cngl6cv3r4d000et7rr0
b332611b-a335-4cb4-878a-90973f8c8c48,co8ci0bnofvg00bf9ho0
b332611b-a335-4cb4-878a-90973f8c8c48,co8ci0f9iisg009u7lug
b33dd0ff-df26-49d3-b676-e9a717b9de29,cnfb0abvem1g00ecmcvg
b33dd0ff-df26-49d3-b676-e9a717b9de29,cnfb0acpru2g00bipuvg
b33e059d-4d8c-4f80-a1d6-493abdfc68be,c4e9hifdeto00089sbqg
b33e059d-4d8c-4f80-a1d6-493abdfc68be,c4e9nqplms9g00depitg
b3443c44-16b8-4fbf-a2e1-d45871edde00,co8ci0flrmbg00b6a3r0
b3443c44-16b8-4fbf-a2e1-d45871edde00,co8ci0i8kqpg00argm70
b3544d46-6f95-406a-9f9b-427eea3e70ad,cnpsfop3sto000bmrnfg
b3544d46-6f95-406a-9f9b-427eea3e70ad,cnpsfospru2g00bkcmtg
b36c88fd-6cc5-4e75-8e17-567d70add1fd,c4e9hibjknf000amne4g
b36c88fd-6cc5-4e75-8e17-567d70add1fd,c4e9nnfl13i0009r7if0
b372f84a-1a66-42b0-b72b-c4fd54760dde,c4e9hinorvtg00d0af7g
b372f84a-1a66-42b0-b72b-c4fd54760dde,c4e9nnfdeto00089sdm0
b37cc2dd-a311-4d6d-a38e-59bcd12df23b,coabqrpgkbk0009i54g0
b37cc2dd-a311-4d6d-a38e-59bcd12df23b,coabqs0im8r000fsrrlg
b3814989-3975-408c-8b9b-193de431def0,c4e9hqcvfoog00ds2upg
b3814989-3975-408c-8b9b-193de431def0,c4e9nnj0tnc000c850a0
b3b595c3-f68e-4df9-8abb-405bf4732234,coguph0n2q9g00f23o50
b3b595c3-f68e-4df9-8abb-405bf4732234,coguph2r4qng00afrjhg
b3b80698-66ba-4e23-a7c0-1c0afb43ecb2,co8ci0h9galg00d232eg
b3b80698-66ba-4e23-a7c0-1c0afb43ecb2,co8ci0n9iisg009u7lvg
b3f93989-94d5-49b5-866f-ded3b9799df6,cogupha8kqpg00at1210
b3f93989-94d5-49b5-866f-ded3b9799df6,cogupheudun000eiiov0
b3ff2f4d-a4d6-491d-aaf8-bf218c91212a,cod07a9jhmbg00fges2g
b3ff2f4d-a4d6-491d-aaf8-bf218c91212a,cod07ahmiud0009viipg
b4054390-9d0f-4842-a672-f35b56bf12cc,cee020heff7g00asjrng
b4054390-9d0f-4842-a672-f35b56bf12cc,cee020iqhpqg00cqo3bg
b414cc47-63a2-4dda-9ab6-7d816341eb23,coguphjrfj6g00ajl9l0
b414cc47-63a2-4dda-9ab6-7d816341eb23,coguphn9iisg009vnqd0
b425fbed-aab7-43f3-a8e1-cbd666d5a8fc,cngl6cpqkol000a4jrs0
b425fbed-aab7-43f3-a8e1-cbd666d5a8fc,cngl6cv9iisg009pp15g
b44726b9-e49b-43c6-aeb1-d85894414508,c4e9hinf3f9g0080rvf0
b44726b9-e49b-43c6-aeb1-d85894414508,c4e9nqplms9g00depiu0
b448873b-26f3-4da1-af21-7455e9962897,c4e9hqe22pr000dqlf60
b448873b-26f3-4da1-af21-7455e9962897,c4e9nqsvfoog00ds30h0
B4639FB4-EC50-40E7-B60C-B7BAEDF5447D,che6gpoucpi000ag0d3g
B4639FB4-EC50-40E7-B60C-B7BAEDF5447D,che6gq658pdg009mt5i0
b46876b2-f12f-4010-9904-8702b104d56b,cf8c7o7d49lg009lmejg
b46876b2-f12f-4010-9904-8702b104d56b,cf8c7oaqhpqg00ct7g4g
b4731ad5-c596-c943-b921-4f7e661ab729,chdhdtghgjrg00fopadg
b4731ad5-c596-c943-b921-4f7e661ab729,chdhdth3b7dg00e94j20
b49abbf7-f790-4666-a6d7-401c29a9a185,c4e9hintarsg00au3o50
b49abbf7-f790-4666-a6d7-401c29a9a185,c4e9nskvfoog00ds30i0
b4a250e7-137e-4112-82b7-f7e4beb5339d,c4e9hihlms9g00depgu0
b4a250e7-137e-4112-82b7-f7e4beb5339d,c4e9np211o1g008c025g
b4c9135c-e954-44bb-8746-1636404dec18,c4e9hij0tnc000c84uk0
b4c9135c-e954-44bb-8746-1636404dec18,c4e9np4fjb0000cm097g
b4f5318d-6782-40f6-b238-499e386af90f,co8ci0oim8r000fsn560
b4f5318d-6782-40f6-b238-499e386af90f,co8ci0tqk3gg00cgcvb0
b4fdfb5f-40a2-4d7a-b2d4-f2063d3b5b1d,c4e9higqui1g00dcshbg
b4fdfb5f-40a2-4d7a-b2d4-f2063d3b5b1d,c4e9np96lb7g00ceitig
b4fe1031-6f74-4efc-bcb3-df5df5a7b559,cngl6cr0ekp0008urtmg
b4fe1031-6f74-4efc-bcb3-df5df5a7b559,cngl6d3n5d9000dsaphg
b52f0587-aa60-40b0-adf9-56e78b887402,cngl6698t1lg00a2vakg
b52f0587-aa60-40b0-adf9-56e78b887402,cngl669gkbk0009daeqg
b537166a-47cd-4fba-9cb1-4d499fbebdd8,cee0207lle4000982sg0
b537166a-47cd-4fba-9cb1-4d499fbebdd8,cee020agr9bg0093cg80
b53dc5c3-8ef4-4abc-a6ad-ea503b0ea9a2,c4e9hijvdq3000evtb10
b53dc5c3-8ef4-4abc-a6ad-ea503b0ea9a2,c4e9nsku12qg0096plmg
b5465de0-5855-42e4-b093-d138ba868e4f,co14haq8kqpg00aonvcg
b5465de0-5855-42e4-b093-d138ba868e4f,co14hb3n5d9000du661g
b54f2301-2d89-405c-bdac-9fb2360d8793,c4e9hinf3f9g0080rvfg
b54f2301-2d89-405c-bdac-9fb2360d8793,c4e9nr211o1g008c0260
b5625c45-dda4-423f-bccd-9fed3af6fe44,c4e9hikvfoog00ds2up0
b5625c45-dda4-423f-bccd-9fed3af6fe44,c4e9nr622pr000dqlh2g
b5681147-ae59-4466-b750-63bb78f100c6,c4e9hih6lb7g00ceirp0
b5681147-ae59-4466-b750-63bb78f100c6,c4e9nv30tnc000c850bg
b58bfa26-d607-4308-80ff-5196e985e08a,c4e9hivl13i0009r7gfg
b58bfa26-d607-4308-80ff-5196e985e08a,c4e9nr4fjb0000cm0980
b5d73432-318d-4440-a7c3-cd528b4d8acf,co8ci0pmiud0009ukqj0
b5d73432-318d-4440-a7c3-cd528b4d8acf,co8ci0rnofvg00bf9hp0
b5e19ab8-ed09-471c-95c4-071bcbdb15cf,com7gvh8t1lg00aa4jag
b5e19ab8-ed09-471c-95c4-071bcbdb15cf,com7gvq8kqpg00atpff0
b5e36b90-2cb6-4060-930a-80d2f843cebd,c4e9hisfjb0000cm0720
b5e36b90-2cb6-4060-930a-80d2f843cebd,c4e9nr4fjb0000cm098g
b5ec6a6c-f720-4d4f-b4fb-37472c456a5c,cngl66iase3000bgt81g
b5ec6a6c-f720-4d4f-b4fb-37472c456a5c,cngl66k5646000ceq3ug
b630e866-b6fc-4754-9af7-c966a662d152,c4e9hisfjb0000cm072g
b630e866-b6fc-4754-9af7-c966a662d152,c4e9nr5nv8a0008hc4a0
b647e3a5-b5fa-463a-9b08-c45fd38cd1fc,c4e9hitksi2g00c0upc0
b647e3a5-b5fa-463a-9b08-c45fd38cd1fc,c4e9nr211o1g008c026g
b67ef72e-093f-4547-8729-295890fba532,c4e9hitksi2g00c0upcg
b67ef72e-093f-4547-8729-295890fba532,c4e9nv2lpbg0009nuv00
b68c74e4-824c-4da4-ba3e-07e9c764abed,c4e9hivf3f9g0080rvg0
b68c74e4-824c-4da4-ba3e-07e9c764abed,c4e9nv7tarsg00au3qb0
b69b2b5a-a220-4ade-9737-75fbb9474465,cofkjlaase3000bmjn7g
b69b2b5a-a220-4ade-9737-75fbb9474465,cofkjlc5646000ckkpcg
b6a5bb2d-3b15-4a28-9592-c514845c4e70,c4e9hqbjknf000amne60
b6a5bb2d-3b15-4a28-9592-c514845c4e70,c4e9nr4vfoog00ds30hg
b6c0e564-d9af-411a-9723-21776b500cb0,cf8c7nuvss5g0096t6bg
b6c0e564-d9af-411a-9723-21776b500cb0,cf8c7of9dv5000dk29n0
b6c747a8-d7b0-4eff-b4a2-61458447b6ee,c4e9hiokqp4g00aan3t0
b6c747a8-d7b0-4eff-b4a2-61458447b6ee,c4e9nrc7bhug00afcthg
b6d3ee0f-bc9a-4f5f-836d-550446619c2e,cei03gfd49lg009jk8f0
b6d3ee0f-bc9a-4f5f-836d-550446619c2e,cei03gfd49lg009jk8fg
b6ef6af3-484f-4b44-81b6-0b2fee630b5f,cod07ag7ov20008hua10
b6ef6af3-484f-4b44-81b6-0b2fee630b5f,cod07air4qng00af8kh0
b6ff799f-1a78-46db-b724-e79da3f76c10,cnpsfp01277000ecif10
b6ff799f-1a78-46db-b724-e79da3f76c10,cnpsfp73r4d000eucea0
b710e879-e276-4c27-addd-4a2bb77c7a5f,cee0201uln7g008v6pdg
b710e879-e276-4c27-addd-4a2bb77c7a5f,cee020frci6g009ngqdg
b729f2ea-950f-4adf-886b-320d406dc17f,c4e9hj5nv8a0008hc260
b729f2ea-950f-4adf-886b-320d406dc17f,c4e9nrbvdq3000evtcv0
b7377b9b-f7c4-40fb-ba54-79c3c128cc40,cngl66lorq7g008hram0
b7377b9b-f7c4-40fb-ba54-79c3c128cc40,cngl66v9iisg009pp0u0
b76928c4-4e7d-4aba-82e8-a0ca40ee4515,cf8c7o2qhpqg00ct7g1g
b76928c4-4e7d-4aba-82e8-a0ca40ee4515,cf8c7o7jch3g00fqvlrg
b774624a-d922-42e3-80bf-fe8084f0ff56,c4e9hj2lpbg0009nusr0
b774624a-d922-42e3-80bf-fe8084f0ff56,c4e9nv5nv8a0008hc4c0
b776ea82-845b-4d1c-a782-dea21c09b6be,co8chq1jhmbg00ffg8jg
b776ea82-845b-4d1c-a782-dea21c09b6be,co8chq2ase3000blcjh0
b78cde4e-c596-4b02-ad62-c398000b9cf1,coguphiase3000bmpm5g
b78cde4e-c596-4b02-ad62-c398000b9cf1,cogupho1277000ehlt50
b7b4ebf3-5900-4602-9ab6-18e829c3b434,cf8c7o1qn33g00fs5t20
b7b4ebf3-5900-4602-9ab6-18e829c3b434,cf8c7oeea3q0008b14sg
b7b6235e-001e-4134-bcca-b73256d32a60,c4e9hj6lljag008akop0
b7b6235e-001e-4134-bcca-b73256d32a60,c4e9nv5ksi2g00c0urd0
b7bddeb8-efff-4242-a17b-8799e7da94a8,c4e9hj4bq3o000abuokg
b7bddeb8-efff-4242-a17b-8799e7da94a8,c4e9nv4vfoog00ds30j0
b7c0fcf9-c641-449d-b233-956ff05ebc47,c4e9hj7orvtg00d0af80
b7c0fcf9-c641-449d-b233-956ff05ebc47,c4e9nrbvdq3000evtd00
b7c841d6-8163-4ad7-a374-1f71152602f8,co91l3ar4qng00ae8i40
b7c841d6-8163-4ad7-a374-1f71152602f8,co91l3h8t1lg00a7p0lg
b7f97de5-180e-4b91-a082-7aab8e2b20a9,c4e9hj2lpbg0009nusrg
b7f97de5-180e-4b91-a082-7aab8e2b20a9,c4e9nrcfjb0000cm099g
b809cd2d-d115-4212-8ff6-41216fa86da0,cei03gf4lcs000b19pog
b809cd2d-d115-4212-8ff6-41216fa86da0,cei03gfrci6g009ntj50
b8411734-522e-44ff-ae50-36a77c0f1c20,c4e9hqc7bhug00afcrk0
b8411734-522e-44ff-ae50-36a77c0f1c20,c4e9nv16lb7g00ceitk0
b8545627-a826-472b-ad95-fbfa650cc8ec,cofkjl9miud0009vsclg
b8545627-a826-472b-ad95-fbfa650cc8ec,cofkjlg1qiv000f47vs0
b863dbb5-193b-4b24-ba7a-d2e7afd39714,cntm5biase3000bi9th0
b863dbb5-193b-4b24-ba7a-d2e7afd39714,cntm5dpmiud0009rhki0
b86ced04-9c50-4ca7-a080-ba99dd553276,c4e9hjbjknf000amne5g
b86ced04-9c50-4ca7-a080-ba99dd553276,c4e9nrku12qg0096plm0
b8763591-4614-4cbd-b948-2dafa026fc89,c4e9hqftarsg00au3o5g
b8763591-4614-4cbd-b948-2dafa026fc89,c4e9nv2c0ku000ap4a00
b88d7df6-53d2-49f2-aea4-9f43e6a6387e,c4e9hqe1ja2g00ccf7h0
b88d7df6-53d2-49f2-aea4-9f43e6a6387e,c4e9o0hlms9g00depj10
b8b30942-6140-40f4-9b18-d13a4a421efd,c4e9hqbjknf000amne6g
b8b30942-6140-40f4-9b18-d13a4a421efd,c4e9o0jjknf000amng70
b8b5f1fe-aa3a-486a-afb2-529994b358f5,c4e9hvcmi4og00d2bpsg
b8b5f1fe-aa3a-486a-afb2-529994b358f5,c4e9nvcbq3o000abuqeg
b8bc6053-ef4d-466f-90d8-9afed2d4852e,co8chq01qiv000f2snm0
b8bc6053-ef4d-466f-90d8-9afed2d4852e,co8chq9g8bvg00b3t0hg
b8d26f55-84fa-404a-8851-9ea7f3724a40,c4e9hve1ja2g00ccf7ig
b8d26f55-84fa-404a-8851-9ea7f3724a40,c4e9o33vdq3000evtd3g
b8d4881d-1cdc-4d5f-a35b-73f017cd0a83,c4e9hqi11o1g008c00cg
b8d4881d-1cdc-4d5f-a35b-73f017cd0a83,c4e9nv8qui1g00dcsj9g
b8db5e13-7672-4d1b-b916-9e3b48ccc10e,c4e9hqjvdq3000evtb20
b8db5e13-7672-4d1b-b916-9e3b48ccc10e,c4e9nv8kqp4g00aan5u0
b910f657-30ad-4fdf-a2ea-738ac9f9c362,c4e9hvac0ku000ap47r0
b910f657-30ad-4fdf-a2ea-738ac9f9c362,c4e9nvcu12qg0096plng
b9169062-4a3a-11ea-bfbc-00505681224b,c4en4di11o1g008c3cug
b9169062-4a3a-11ea-bfbc-00505681224b,c4en57qlpbg0009o2kf0
b9169063-4a3a-11ea-8c8c-00505681224b,c4en4dko26gg008qtj0g
b9169063-4a3a-11ea-8c8c-00505681224b,c4en57u22pr000dqor8g
b9169064-4a3a-11ea-8f40-00505681224b,c4en4drvdq3000f01nc0
b9169064-4a3a-11ea-8f40-00505681224b,c4en58lksi2g00c12jmg
b9169065-4a3a-11ea-bf9c-00505681224b,c4en4e3vdq3000f01ncg
b9169065-4a3a-11ea-bf9c-00505681224b,c4en58i11o1g008c3de0
b9169066-4a3a-11ea-aeb7-00505681224b,c4en4e4o26gg008qtj1g
b9169066-4a3a-11ea-aeb7-00505681224b,c4en58m22pr000dqor90
b9169067-4a3a-11ea-952a-00505681224b,c4en4eac0ku000ap8800
b9169067-4a3a-11ea-952a-00505681224b,c4en58j0tnc000c88kgg
b9169068-4a3a-11ea-a741-00505681224b,c4en4eff3f9g0080vpg0
b9169068-4a3a-11ea-a741-00505681224b,c4en58okqp4g00aaqi4g
b95190fb-e5a6-4879-8ea7-78e103bb6cba,co8chqaase3000blcjhg
b95190fb-e5a6-4879-8ea7-78e103bb6cba,co8chqeudun000eh5jig
b96091cd-70d5-48fb-841d-c5c6f2023ca1,c4e9hqkfjb0000cm0730
b96091cd-70d5-48fb-841d-c5c6f2023ca1,c4e9nvf2551g00d1hjn0
b99c421e-f897-4c4a-8c3b-5d0eb5205d26,cngl66rrfj6g00ad3p8g
b99c421e-f897-4c4a-8c3b-5d0eb5205d26,cngl6701277000ebeqn0
b9ba061e-ff97-454a-bfe0-c507f8783cd7,c4e9hqnl13i0009r7gg0
b9ba061e-ff97-454a-bfe0-c507f8783cd7,c4e9nve22pr000dqlh3g
b9c20e5e-df2f-49e1-b567-48edadf35bad,coguphpgkbk0009jg71g
b9c20e5e-df2f-49e1-b567-48edadf35bad,coguphpmiud000a02f70
b9d95b3e-2529-48da-87ff-e06f98c8a868,c4e9hvcmi4og00d2bps0
b9d95b3e-2529-48da-87ff-e06f98c8a868,c4e9nv9lms9g00depivg
ba0ebbad-2059-44e4-a955-8b5606fa1b31,coabqs5orq7g008ml5rg
ba0ebbad-2059-44e4-a955-8b5606fa1b31,coabqsflrmbg00b6etqg
ba1271db-2373-427f-8938-bff8fb6f22b6,c4e9hqlnv8a0008hc270
ba1271db-2373-427f-8938-bff8fb6f22b6,c4e9nvftarsg00au3qc0
ba34afa8-d3ce-44ff-ad17-fb4ab7681820,cnv58357tiqg00allmq0
ba34afa8-d3ce-44ff-ad17-fb4ab7681820,cnv583a8kqpg00aojitg
ba39445d-ee42-4445-9168-beaf04e9c2fe,c4e9hqku12qg0096pjs0
ba39445d-ee42-4445-9168-beaf04e9c2fe,c4e9nvco26gg008qpat0
ba44be0d-e382-4383-9d17-ac48c6d78421,com7gvtqk3gg00cigk7g
ba44be0d-e382-4383-9d17-ac48c6d78421,com7h079iisg00a0g3og
ba4d53f7-2059-4094-8ac5-1068fdb18c97,c4e9hqqlpbg0009nussg
ba4d53f7-2059-4094-8ac5-1068fdb18c97,c4e9nvff3f9g0080s1j0
ba54805e-2f78-4f6c-9a52-5e62e17926d0,c4e9hqv2551g00d1hhs0
ba54805e-2f78-4f6c-9a52-5e62e17926d0,c4e9o34fjb0000cm09c0
ba61d5a6-8ac3-4ab0-8c9b-6ace4b0ea9af,c4e9hqokqp4g00aan3tg
ba61d5a6-8ac3-4ab0-8c9b-6ace4b0ea9af,c4e9nvalpbg0009nuv0g
ba63683e-d321-48be-abe2-cb8fad7cfe14,cngl675ralig008m3ltg
ba63683e-d321-48be-abe2-cb8fad7cfe14,cngl6787ov20008cb6s0
ba669bcb-c782-4fa6-b9b0-41c22572e201,c4e9hqtksi2g00c0updg
ba669bcb-c782-4fa6-b9b0-41c22572e201,c4e9nv8kqp4g00aan5ug
ba684f4d-9fa1-4108-a8e4-ae543d127974,co8chqjrfj6g00ai0u3g
ba684f4d-9fa1-4108-a8e4-ae543d127974,co8chqk5646000cjdipg
ba8b0a95-7cee-4a54-abdf-06540c9346b6,coabrkuudun000eha2r0
ba8b0a95-7cee-4a54-abdf-06540c9346b6,coabrl2ase3000blguqg
bab5651e-332a-453c-b505-6bcca6ed7b32,cod07aq8kqpg00asfqg0
bab5651e-332a-453c-b505-6bcca6ed7b32,cod07arn5d9000e1ucdg
bac4d856-af77-43c5-9a0e-c3deebfd7b3a,c4e9hqu1ja2g00ccf7hg
bac4d856-af77-43c5-9a0e-c3deebfd7b3a,c4e9o37l13i0009r7ij0
bac8230d-a79d-47b6-a862-2989b1dd5b9f,co8chqg1qiv000f2snn0
bac8230d-a79d-47b6-a862-2989b1dd5b9f,co8chqrn5d9000e0v060
baf55880-92d9-491f-bc01-9de773bc10a1,c4e9hvbjknf000amne8g
baf55880-92d9-491f-bc01-9de773bc10a1,c4e9nvi11o1g008c0280
bb05e438-e36d-48d9-83fb-1ab88f2e0adc,c4e9hqtnv8a0008hc27g
bb05e438-e36d-48d9-83fb-1ab88f2e0adc,c4e9nvjjknf000amng6g
bb2268ea-c3d9-44db-bd55-e96ea8289bd9,cogupi3n5d9000e2ftt0
bb2268ea-c3d9-44db-bd55-e96ea8289bd9,cogupi57tiqg00aq3ol0
bb49b9e6-f581-49cf-984f-00e778d04d0c,c4e9hqulljag008akor0
bb49b9e6-f581-49cf-984f-00e778d04d0c,c4e9nvgqui1g00dcsja0
bb6cb6f7-2a73-4ec3-8055-f3affe587574,cp03u481277000ejuf20
bb6cb6f7-2a73-4ec3-8055-f3affe587574,cp03u49g8bvg00b7eeqg
bb908ed9-384f-432c-804e-63f32bca84d6,c4e9hvb0tnc000c84ulg
bb908ed9-384f-432c-804e-63f32bca84d6,c4e9o34o26gg008qpav0
bba34bd3-be7c-4406-a585-f3014f0b366e,cofkj65qk3gg00chk14g
bba34bd3-be7c-4406-a585-f3014f0b366e,cofkj673r4d000f3bp60
bbd25489-83d8-4b0a-b071-d8c6b877ec36,c4e9hqp6lb7g00ceirpg
bbd25489-83d8-4b0a-b071-d8c6b877ec36,c4e9nvko26gg008qpatg
bbd416c9-f72c-4605-93e0-53b5e6615787,cod07arrfj6g00aj25m0
bbd416c9-f72c-4605-93e0-53b5e6615787,cod07avlrmbg00b799b0
bbe00702-b75d-4e71-999d-8337f6b3c5fb,cf8c7nvjch3g00fqvlpg
bbe00702-b75d-4e71-999d-8337f6b3c5fb,cf8c7ofs0e4g00e051sg
bc253748-f6cb-4396-b69b-c13e061f52dd,coabqs81qiv000f31ogg
bc253748-f6cb-4396-b69b-c13e061f52dd,coabqsf9iisg009uceqg
bc270679-4586-4d26-8f96-23bc64f467e8,cod07b01qiv000f3sr90
bc270679-4586-4d26-8f96-23bc64f467e8,cod07b2f6nn0008uua20
bc290cca-b1e0-44a1-b11a-db69c6e266c0,cf8c7o79dv5000dk29m0
bc290cca-b1e0-44a1-b11a-db69c6e266c0,cf8c7oc4op8000ddu180
bc3a5a29-23fb-4551-b452-662373aa7224,co8chqqase3000blcji0
bc3a5a29-23fb-4551-b452-662373aa7224,co8chqui5iag009ucqd0
bc63e058-be94-4276-a4eb-f8ebd77087a5,co8chr0n2q9g00f0iaag
bc63e058-be94-4276-a4eb-f8ebd77087a5,co8chr1gkbk0009i0amg
bc7c66ba-757d-412c-a53d-8d6ae727402c,c4e9hr12rh1g009f4fk0
bc7c66ba-757d-412c-a53d-8d6ae727402c,c4e9nvlksi2g00c0urdg
bc81a0be-9677-4eba-9d68-b56050ceabb3,c4e9hr16lb7g00ceirq0
bc81a0be-9677-4eba-9d68-b56050ceabb3,c4e9nvi11o1g008c028g
bc8b0635-7737-4b16-a489-9ec75a0b927b,c4e9hr47bhug00afcrkg
bc8b0635-7737-4b16-a489-9ec75a0b927b,c4e9nvkmi4og00d2brog
bc907471-2cea-48cb-a727-4c79ad47e5f3,c4e9hr4o26gg008qp8j0
bc907471-2cea-48cb-a727-4c79ad47e5f3,c4e9o32c0ku000ap4a2g
bca8496b-5a2a-40aa-95e9-aae09ed8a19e,cogupi8im8r000fu6640
bca8496b-5a2a-40aa-95e9-aae09ed8a19e,cogupi98t1lg00a9b5p0
bcac6225-f23e-4d42-bcc6-15afd693521e,cogupi9gkbk0009jg72g
bcac6225-f23e-4d42-bcc6-15afd693521e,cogupi9miud000a02f7g
bcaf3452-f001-4280-9f57-406d80d1c91f,cobm1cp8t1lg00a8fs50
bcaf3452-f001-4280-9f57-406d80d1c91f,cobm1cqr4qng00aevg0g
bcb336b8-338d-4b4b-ace3-d0b738958b56,c4e9hr30tnc000c84ul0
bcb336b8-338d-4b4b-ace3-d0b738958b56,c4e9nvsbq3o000abuqfg
bcb65078-cd1d-4127-9c05-af6b9f60c35e,c4e9hvfl13i0009r7ghg
bcb65078-cd1d-4127-9c05-af6b9f60c35e,c4e9nvu22pr000dqlh4g
bcc567ed-4fbd-4713-9fd6-22cf3b3fcbb0,cobm1d01qiv000f3ju30
bcc567ed-4fbd-4713-9fd6-22cf3b3fcbb0,cobm1d0n2q9g00f19870
bccaa1f8-6959-4370-b3da-1f8104a80e29,cngl679gkbk0009daes0
bccaa1f8-6959-4370-b3da-1f8104a80e29,cngl67bn5d9000dsapag
bcd24086-cd68-4f84-8e68-4ad21e5dfc26,cngl679qkol000a4jrmg
bcd24086-cd68-4f84-8e68-4ad21e5dfc26,cngl67h9galg00ctc85g
bd0bca66-32a6-49d9-9c94-a1133a81e3fc,cogupihg8bvg00b5ajq0
bd0bca66-32a6-49d9-9c94-a1133a81e3fc,cogupik5646000ckqnbg
bd3d6881-a109-4d90-9e35-d12d398fbf0b,c4e9hr7f3f9g0080rvi0
bd3d6881-a109-4d90-9e35-d12d398fbf0b,c4e9nvoqui1g00dcsjag
bd4c7e41-70e0-4798-b53d-cc99d31bdc89,cofkjlgn2q9g00f1stng
bd4c7e41-70e0-4798-b53d-cc99d31bdc89,cofkjljn5d9000e29620
bd55f6c9-60cc-4d54-a0b6-2ce0a43614b7,co8chr01277000eg3m10
bd55f6c9-60cc-4d54-a0b6-2ce0a43614b7,co8chr3n5d9000e0v070
bd6abce8-79c3-45db-9143-ba35b6dcd577,cod07b1g8bvg00b4qqgg
bd6abce8-79c3-45db-9143-ba35b6dcd577,cod07b99galg00d30no0
bd6aed80-81e4-4233-99e6-74008a608d06,c4e9hrforvtg00d0af90
bd6aed80-81e4-4233-99e6-74008a608d06,c4e9o34fjb0000cm09bg
bd826789-3a0f-49a6-9030-5318a91acdfa,c4e9hrforvtg00d0af8g
bd826789-3a0f-49a6-9030-5318a91acdfa,c4e9nvsu12qg0096plog
bd86c265-5c47-4f93-9ab4-210548178a79,c4e9hrdksi2g00c0upe0
bd86c265-5c47-4f93-9ab4-210548178a79,c4e9o03vdq3000evtd1g
bd8a0cb5-ff5b-477a-b979-53212af8b5c9,c4e9hrftarsg00au3o70
bd8a0cb5-ff5b-477a-b979-53212af8b5c9,c4e9o04fjb0000cm09ag
bdb2c047-38a3-4994-9283-48c40dff9c67,c4e9hrff3f9g0080rvig
bdb2c047-38a3-4994-9283-48c40dff9c67,c4e9o012rh1g009f4hkg
bde2de35-bd15-47be-8007-089aed6de9aa,cei03g9eff7g00at0hk0
bde2de35-bd15-47be-8007-089aed6de9aa,cei03g9eff7g00at0hkg
bdf3f9b1-7d02-4722-9d82-d83cbf661a87,cf8c7o79dv5000dk29l0
bdf3f9b1-7d02-4722-9d82-d83cbf661a87,cf8c7oevss5g0096t6dg
bdf91354-660d-4171-a37e-b17bc792b700,c4e9hrnorvtg00d0af9g
bdf91354-660d-4171-a37e-b17bc792b700,c4e9o0co26gg008qpaug
bdfd6b60-2984-4c2d-bc69-5a6616333c40,co8chr98t1lg00a7oeq0
bdfd6b60-2984-4c2d-bc69-5a6616333c40,co8chraase3000blcjig
be04ae09-feb0-4491-b30a-f895dbfbbb19,c4e9hrhlms9g00deph00
be04ae09-feb0-4491-b30a-f895dbfbbb19,c4e9o0fl13i0009r7ihg
be181c94-add3-4c70-a741-c1c2fe64eeee,c4e9hvftarsg00au3o80
be181c94-add3-4c70-a741-c1c2fe64eeee,c4e9o0e22pr000dqlh50
be34529a-973e-4169-ae38-7f4f8d35588a,c4e9hrggdkfg00cken40
be34529a-973e-4169-ae38-7f4f8d35588a,c4e9o0ntarsg00au3qdg
be5109c4-7dfd-4172-8028-25756ac21137,c4e9hrtnv8a0008hc280
be5109c4-7dfd-4172-8028-25756ac21137,c4e9o0norvtg00d0ahbg
be54ee7d-0593-4227-a031-979a3925fd64,co8chrhg8bvg00b3t0i0
be54ee7d-0593-4227-a031-979a3925fd64,co8chrk10vk00087eo50
be790730-1660-4462-ad8c-ee9452e7df90,c4e9hrso26gg008qp8jg
be790730-1660-4462-ad8c-ee9452e7df90,c4e9o0gqui1g00dcsjbg
be7958cf-442d-4005-af25-838ebefc5191,cogupin3r4d000f3j1g0
be7958cf-442d-4005-af25-838ebefc5191,cogupion2q9g00f23o7g
be8722cc-6037-46bc-a9c4-60e2c17a35bf,c4e9hru1ja2g00ccf7i0
be8722cc-6037-46bc-a9c4-60e2c17a35bf,c4e9o0ggdkfg00ckep50
be9d93f4-e3ce-4f92-8b94-6282d43b3522,cnvqb1f9iisg009rc6i0
be9d93f4-e3ce-4f92-8b94-6282d43b3522,cnvqb1jnofvg00bcesu0
bed51538-c59d-4119-854e-88830c371b7a,co72bthqkol000a8ubl0
bed51538-c59d-4119-854e-88830c371b7a,co72bttorq7g008m0q90
bedeb457-50fc-45a1-8184-15176ef1c3b6,c4e9hs4fjb0000cm0740
bedeb457-50fc-45a1-8184-15176ef1c3b6,c4e9o4vl13i0009r7il0
bee5c0bf-cd2c-4e20-ba0b-2f3e3c4b595e,c4e9hvdnv8a0008hc28g
bee5c0bf-cd2c-4e20-ba0b-2f3e3c4b595e,c4e9o0vtarsg00au3qe0
beed4c3c-a8c9-4c18-8877-872c9279ba6c,c4e9hs2lpbg0009nusu0
beed4c3c-a8c9-4c18-8877-872c9279ba6c,c4e9o0v2551g00d1hjng
bef9d3b6-327b-11e9-977f-00505681224b,c4en4eftarsg00au7crg
bef9d3b6-327b-11e9-977f-00505681224b,c4en58qc0ku000ap88h0
bef9d3d5-327b-11e9-a299-00505681224b,c4en4eggdkfg00cki7sg
bef9d3d5-327b-11e9-a299-00505681224b,c4en58vl13i0009rbirg
bef9d3dc-327b-11e9-8a39-00505681224b,c4en4ecbq3o000ac2b0g
bef9d3dc-327b-11e9-8a39-00505681224b,c4en58s7bhug00afg960
bf4eff21-f6ea-4b51-ade0-e8705bb8f83d,co8chrg1qiv000f2sno0
bf4eff21-f6ea-4b51-ade0-e8705bb8f83d,co8chrv9iisg009u7lng
bf8a4505-b0f7-49f2-a30f-428b8b95e72e,c4e9hvdksi2g00c0upeg
bf8a4505-b0f7-49f2-a30f-428b8b95e72e,c4e9o0oqui1g00dcsjc0
bf8f0c0c-02d7-456c-82e4-b8eca96cd539,c4e9hvn2551g00d1hhtg
bf8f0c0c-02d7-456c-82e4-b8eca96cd539,c4e9o4qc0ku000ap4a4g
bf91f4dc-3dc8-4428-b908-311a601f1956,c4e9i4c7bhug00afcrlg
bf91f4dc-3dc8-4428-b908-311a601f1956,c4e9o0u22pr000dqlh5g
bffc0e68-e3ce-4e6e-9c35-21e6458d1b1d,c4e9hvi11o1g008c00dg
bffc0e68-e3ce-4e6e-9c35-21e6458d1b1d,c4e9o12c0ku000ap4a20
c0019dff-a822-4479-b701-031d9782edf3,cod07ba8kqpg00asfqi0
c0019dff-a822-4479-b701-031d9782edf3,cod07bf3r4d000f301fg
c002e77c-4fa8-4f4d-b049-e409a1ada2c3,cf8c7o1qn33g00fs5t1g
c002e77c-4fa8-4f4d-b049-e409a1ada2c3,cf8c7oagr9bg0095tgag
c00307ea-b4c6-41f0-a21f-26eb57604e8a,c4e9i4cu12qg0096pjtg
c00307ea-b4c6-41f0-a21f-26eb57604e8a,c4e9o13jknf000amng7g
c01f2838-c1a0-4240-a58b-82789e7715d4,cofkjlir4qng00afkc40
c01f2838-c1a0-4240-a58b-82789e7715d4,cofkjlpg8bvg00b54g6g
c031c8a2-abdc-43e0-869a-d6dd45fb9191,c4e9hvgqui1g00dcshdg
c031c8a2-abdc-43e0-869a-d6dd45fb9191,c4e9o4qlpbg0009nuv20
c04e5c4f-5efb-4684-bf7b-a35538e66248,c4e9i48gdkfg00cken5g
c04e5c4f-5efb-4684-bf7b-a35538e66248,c4e9o1cbq3o000abuqg0
c0571ba3-fa9a-4988-8fe7-0180f33a3457,c4e9i496lb7g00ceirqg
c0571ba3-fa9a-4988-8fe7-0180f33a3457,c4e9o1alpbg0009nuv10
c082535d-3ba0-425b-b750-95253de7003e,cofkjlp9galg00d3af80
c082535d-3ba0-425b-b750-95253de7003e,cofkjlq8kqpg00asqddg
c0a49e0f-413b-48ea-bd63-0ebc115f1418,cogupio1277000ehlt60
c0a49e0f-413b-48ea-bd63-0ebc115f1418,cogupiqase3000bmpm7g
c0b2280c-69b4-4a97-92e8-545557532767,cofkjlrn5d9000e29630
c0b2280c-69b4-4a97-92e8-545557532767,cofkjlrrfj6g00aje1eg
c0b35123-aae4-4996-8d8a-44ac704b5244,c4e9hvmlljag008akos0
c0b35123-aae4-4996-8d8a-44ac704b5244,c4e9o4so26gg008qpb10
c0cfdb27-3bd3-4852-9744-8e88de957280,coabrl2f6nn0008u36sg
c0cfdb27-3bd3-4852-9744-8e88de957280,coabrl6i5iag009uilh0
c0d60391-c920-489e-bc04-22797bc36186,c4e9i48gdkfg00cken50
c0d60391-c920-489e-bc04-22797bc36186,c4e9o34fjb0000cm09cg
c0f00b00-dbc1-4a64-9484-943ba1ce1e30,c4e9i4dksi2g00c0upg0
c0f00b00-dbc1-4a64-9484-943ba1ce1e30,c4e9o8qc0ku000ap4a60
c0fb3da8-71f9-45fc-b0eb-dfda8f11c3fe,cngl67iase3000bgt82g
c0fb3da8-71f9-45fc-b0eb-dfda8f11c3fe,cngl67k5646000ceq3vg
c1098e1e-1af4-470f-a80f-0cd8c3ab2807,co8chroim8r000fsn4v0
c1098e1e-1af4-470f-a80f-0cd8c3ab2807,co8chrpmiud0009ukqbg
c10e568b-67ba-44cd-b955-2737179d0fa0,cogupis10vk00088skl0
c10e568b-67ba-44cd-b955-2737179d0fa0,cogupj3nofvg00bgm2ag
c1160e89-e743-48e2-a4b0-d568a0c98c5c,c4e9i48kqp4g00aan3v0
c1160e89-e743-48e2-a4b0-d568a0c98c5c,c4e9o8qc0ku000ap4a6g
c1232cd9-ab49-4483-b8a7-e7d749254f11,cnpsfp28kqpg00ao0t20
c1232cd9-ab49-4483-b8a7-e7d749254f11,cnpsfpbrfj6g00ae7p10
c144c779-3e89-407e-b6ef-b52664a0d80b,cei03gf4lcs000b19pp0
c144c779-3e89-407e-b6ef-b52664a0d80b,cei03gfjch3g00fos7ug
c14a5cdc-9ef0-4beb-92f4-0b9ea0903d41,cf8c7o1eff7g00av1q40
c14a5cdc-9ef0-4beb-92f4-0b9ea0903d41,cf8c7o63mlvg0094ait0
c14f8c7f-943a-4d52-aecc-5ecabdac716c,cofkjm0n2q9g00f1stog
c14f8c7f-943a-4d52-aecc-5ecabdac716c,cofkjm2r4qng00afkc50
c1560cc4-aa43-4a4c-b7b3-119d49cc3daa,cngl67oim8r000fnttqg
c1560cc4-aa43-4a4c-b7b3-119d49cc3daa,cngl67t7tiqg00aju2ng
c17edad4-858e-4c0b-bee8-f38faa8d125c,cnp7di0im8r000fotng0
c17edad4-858e-4c0b-bee8-f38faa8d125c,cnp7di7s7se0009up6ag
c196b477-a18c-4f49-abcd-f457dc7ed928,c4e9hvko26gg008qp8k0
c196b477-a18c-4f49-abcd-f457dc7ed928,c4e9o3dksi2g00c0urg0
c19eaae6-98ac-4b56-8c59-5c68d4217486,c4e9i4cvfoog00ds2uqg
c19eaae6-98ac-4b56-8c59-5c68d4217486,c4e9o8vl13i0009r7img
c1a656d0-8fe0-428c-94af-7cfecb45ca9c,c4e9hvjjknf000amne90
c1a656d0-8fe0-428c-94af-7cfecb45ca9c,c4e9o3dnv8a0008hc4fg
c1e394bc-9a32-4b6a-a15a-e675080b1842,c4e9hvu1ja2g00ccf7j0
c1e394bc-9a32-4b6a-a15a-e675080b1842,c4e9o39lms9g00depj20
c1e741fe-ea79-448f-ae00-6818dd0ccd48,cf8c7o4t3gj000ckl7kg
c1e741fe-ea79-448f-ae00-6818dd0ccd48,cf8c7o4t3gj000ckl7lg
c2299b99-68fb-4ee3-908b-8aa008a2101a,cf8c7o1uln7g0091m4f0
c2299b99-68fb-4ee3-908b-8aa008a2101a,cf8c7o2gr9bg0095tg9g
c24aea51-df49-4d7f-a89c-546644b4d8e0,co8chs0n2q9g00f0iabg
c24aea51-df49-4d7f-a89c-546644b4d8e0,co8chs19galg00d2328g
c25f2086-6a07-415f-9b85-a4d91c9f974c,c4e9hvvl13i0009r7gi0
c25f2086-6a07-415f-9b85-a4d91c9f974c,c4e9o3b0tnc000c850dg
c2654087-ea8e-4e2a-bf17-85118da2b926,c4e9hvqc0ku000ap47s0
c2654087-ea8e-4e2a-bf17-85118da2b926,c4e9o3fdeto00089sdpg
c26cd099-fc28-414d-b69c-0ed7cb75e310,cei03fu7fmtg008083bg
c26cd099-fc28-414d-b69c-0ed7cb75e310,cei03g7s0e4g00du3f1g
c2703785-0af7-4745-b91a-3f3004cfb39a,c4e9i4e1ja2g00ccf7jg
c2703785-0af7-4745-b91a-3f3004cfb39a,c4e9o3cmi4og00d2brq0
c277dbe7-99ce-489d-9297-3dcfb31ed843,c4e9i030tnc000c84um0
c277dbe7-99ce-489d-9297-3dcfb31ed843,c4e9o8tnv8a0008hc4gg
c285ccdd-8927-4449-8617-3f32db56271a,c4e9i0fdeto00089sbt0
c285ccdd-8927-4449-8617-3f32db56271a,c4e9o930tnc000c850f0
c296216c-81cc-4827-bd5d-d9280e3acb55,cofkjm1g8bvg00b54g7g
c296216c-81cc-4827-bd5d-d9280e3acb55,cofkjm6udun000eicoq0
c2b03c9c-1182-4979-99dc-55d4e868da1b,cod07bbnofvg00bg6l90
c2b03c9c-1182-4979-99dc-55d4e868da1b,cod07bgn2q9g00f1i0eg
c2bbfa48-84ee-474f-957f-de4c6f088431,cofkjm99galg00d3af8g
c2bbfa48-84ee-474f-957f-de4c6f088431,cofkjm9qkol000aam1j0
c2f82808-42b2-4c30-83a1-08f0bda323bb,c4e9i092rh1g009f4fl0
c2f82808-42b2-4c30-83a1-08f0bda323bb,c4e9o3h2rh1g009f4hlg
c30301a9-da3f-4e13-9863-c0cd573a7c3e,c4e9i4alpbg0009nusv0
c30301a9-da3f-4e13-9863-c0cd573a7c3e,c4e9o3h6lb7g00ceitm0
c315e66b-2522-4bd0-8f92-04d2412c1e15,c4e9i4forvtg00d0afc0
c315e66b-2522-4bd0-8f92-04d2412c1e15,c4e9o8tksi2g00c0urhg
c3614d1f-09ad-44cb-a34b-ba3aa0417a80,cod07bg7ov20008hua3g
c3614d1f-09ad-44cb-a34b-ba3aa0417a80,cod07bhgkbk0009iv9g0
c3663c39-e43b-43c7-bbfe-a3cb1550c4fd,c4e9i9211o1g008c00eg
c3663c39-e43b-43c7-bbfe-a3cb1550c4fd,c4e9oagkqp4g00aan620
c372a763-a0d0-4eef-8f69-fc410690c2ca,cogupj1jhmbg00fgv6h0
c372a763-a0d0-4eef-8f69-fc410690c2ca,cogupj1qkol000aas8ng
c3847a80-f7bb-4b86-9bdd-a04079ed9891,c4e9i48qui1g00dcshe0
c3847a80-f7bb-4b86-9bdd-a04079ed9891,c4e9o4su12qg0096plq0
c39bcbe8-22ff-4e58-a38d-9b73826557ea,c4e9i4fl13i0009r7gig
c39bcbe8-22ff-4e58-a38d-9b73826557ea,c4e9o54vfoog00ds30lg
c3e4787a-a49f-4ac3-81aa-832f4304a15a,co8chs9qkol000a9djjg
c3e4787a-a49f-4ac3-81aa-832f4304a15a,co8chsa8kqpg00argm10
c4087039-2432-49de-88fa-fa83d12d4fe8,co8chsdqk3gg00cgcv6g
c4087039-2432-49de-88fa-fa83d12d4fe8,co8chsk10vk00087eo70
c408b2a1-323d-4364-9729-0d3bc33555d0,co8chsg1277000eg3m3g
c408b2a1-323d-4364-9729-0d3bc33555d0,co8chsjrfj6g00ai0u6g
c41257bb-c912-446f-bf92-051824ac831f,c4e9i96lljag008akot0
c41257bb-c912-446f-bf92-051824ac831f,c4e9oajvdq3000evtd6g
c435bb1e-c340-42b2-84ca-8fb02873b112,c4e9i94mi4og00d2bptg
c435bb1e-c340-42b2-84ca-8fb02873b112,c4e9o55ksi2g00c0urgg
c4458c5f-8d11-40bb-9fe7-0a581894450b,c4e9i4mlljag008akosg
c4458c5f-8d11-40bb-9fe7-0a581894450b,c4e9o512rh1g009f4hm0
c48351b7-268d-4bdf-a59c-bf6f4eb9170a,c4e9i912rh1g009f4flg
c48351b7-268d-4bdf-a59c-bf6f4eb9170a,c4e9oah2rh1g009f4hng
c49948df-2de2-4968-a4bb-6b19d0f1cfb7,c4e9i9622pr000dqlf90
c49948df-2de2-4968-a4bb-6b19d0f1cfb7,c4e9o5a11o1g008c02ag
c4ae66c3-ce79-4c99-b36a-53b03412e5bf,c4e9i94vfoog00ds2urg
c4ae66c3-ce79-4c99-b36a-53b03412e5bf,c4e9o5fdeto00089sdq0
c4b4925f-a2c8-4891-93e1-cf5c281f4026,cobm1df9iisg009utu2g
c4b4925f-a2c8-4891-93e1-cf5c281f4026,cobm1dflrmbg00b70h3g
c4eafcc5-93a8-450f-8f76-4aca66950cbe,co8chsqase3000blcjl0
c4eafcc5-93a8-450f-8f76-4aca66950cbe,co8chsrai11g00d5ktd0
c4ecaa23-c27a-4074-b9a5-376f4cd0b3bf,c4e9i4k7bhug00afcrmg
c4ecaa23-c27a-4074-b9a5-376f4cd0b3bf,c4e9o5jjknf000amng8g
c5045177-42df-4925-8ccb-f2f23aeb57bd,co8chsrnofvg00bf9hj0
c5045177-42df-4925-8ccb-f2f23aeb57bd,co8cht28kqpg00argm20
c50be1ed-cad5-4c4d-949a-75bdce1950ca,cf8c7o5gpjbg00eeha40
c50be1ed-cad5-4c4d-949a-75bdce1950ca,cf8c7o5gpjbg00eeha4g
c5165c36-1153-48ae-a2ad-b9ecde9c28e3,co72btrn5d9000e0frsg
c5165c36-1153-48ae-a2ad-b9ecde9c28e3,co72bu7lrmbg00b5r0k0
c51869af-54dd-446e-8f5d-4c5a15e76d03,c4e9i90qui1g00dcsheg
c51869af-54dd-446e-8f5d-4c5a15e76d03,c4e9o5oqui1g00dcsjdg
c51a0c63-9764-4482-a704-26206be6a5fb,c4e9i94bq3o000abuon0
c51a0c63-9764-4482-a704-26206be6a5fb,c4e9o5s7bhug00afctl0
c5216a76-5029-49f9-b580-0f528cc8ccf9,c4e9i916lb7g00ceirr0
c5216a76-5029-49f9-b580-0f528cc8ccf9,c4e9o63vdq3000evtd60
c525064e-0c3a-40b3-9af1-da1e7bb1a821,co8cht01277000eg3m4g
c525064e-0c3a-40b3-9af1-da1e7bb1a821,co8cht3ai11g00d5ktdg
c53cad1b-6698-4ba1-b83f-02278bdc5791,c4e9i9211o1g008c00f0
c53cad1b-6698-4ba1-b83f-02278bdc5791,c4e9o64u12qg0096plrg
c5458398-e5e6-43fb-a6ae-adf613824b3c,c4e9i9elljag008akotg
c5458398-e5e6-43fb-a6ae-adf613824b3c,c4e9oako26gg008qpb2g
c5565cd2-4821-419a-b84d-d976b57b7842,coabqsh9galg00d27i7g
c5565cd2-4821-419a-b84d-d976b57b7842,coabqshgkbk0009i54gg
c56f4928-2c1a-435f-9536-5468d2131331,cech9gfjch3g00fo8gp0
c56f4928-2c1a-435f-9536-5468d2131331,cechelf4lcs000b0mg30
c57115b2-311f-4e85-838e-33c350f1f3f3,c4e9ig0qui1g00dcshfg
c57115b2-311f-4e85-838e-33c350f1f3f3,c4e9oek7bhug00afctmg
c57b7c85-56ba-4064-b0ae-8b6bd76fb03c,co8cht73r4d000f1v3ig
c57b7c85-56ba-4064-b0ae-8b6bd76fb03c,co8chtaf6nn0008tu4hg
c5895a42-effd-44bf-981e-069cd97c1d5a,cnpsfpbai11g00d23nl0
c5895a42-effd-44bf-981e-069cd97c1d5a,cnpsfpgim8r000fp1ec0
c5a639fc-69c4-4949-b03e-adf7f6a1c228,c4e9i98kqp4g00aan3vg
c5a639fc-69c4-4949-b03e-adf7f6a1c228,c4e9o912rh1g009f4hn0
c5ace29e-f637-4b5e-87d3-0cb9972b7a0f,c4e9i9c7bhug00afcrn0
c5ace29e-f637-4b5e-87d3-0cb9972b7a0f,c4e9o9a11o1g008c02c0
c5ad67b8-7a76-4ac9-9a6c-8053470f18c1,c4e9i9ftarsg00au3o9g
c5ad67b8-7a76-4ac9-9a6c-8053470f18c1,c4e9oenf3f9g0080s1og
c5c2fd21-9625-4f53-b4be-cf9edea8b9ac,co8cht9gkbk0009i0ao0
c5c2fd21-9625-4f53-b4be-cf9edea8b9ac,co8cht9qkol000a9djm0
c5dd4878-34aa-4ae3-bb87-2768cfb1e582,c4e9i9b0tnc000c84ung
c5dd4878-34aa-4ae3-bb87-2768cfb1e582,c4e9oei11o1g008c02d0
c5e7c53c-a729-4b58-bf0f-5d8a0f8ddbbc,co8cht98t1lg00a7oet0
c5e7c53c-a729-4b58-bf0f-5d8a0f8ddbbc,co8chtbai11g00d5kte0
c6011508-9d25-47dd-9453-99349056daac,c4e9ig0kqp4g00aan400
c6011508-9d25-47dd-9453-99349056daac,c4e9o9alpbg0009nuv40
c6018702-1d6c-4afc-8bca-79b7cd54f443,cee0205gpjbg00ec12ig
c6018702-1d6c-4afc-8bca-79b7cd54f443,cee0209uln7g008v6pe0
c6069ecf-ef8d-4069-b2a8-4536f21968be,cngl67o1277000ebeqog
c6069ecf-ef8d-4069-b2a8-4536f21968be,cngl6830ekp0008urth0
c608c777-17a2-46d1-a98c-24efcad230cf,c4e9i9b0tnc000c84uo0
c608c777-17a2-46d1-a98c-24efcad230cf,c4e9o9c7bhug00afctm0
c61ae77d-5fce-4cc1-bfef-950ac5982b97,cngl687s7se0009tosp0
c61ae77d-5fce-4cc1-bfef-950ac5982b97,cngl68aase3000bgt83g
c6213705-9fd8-4a11-871f-490289e90ec3,c4e9ig4bq3o000abuop0
c6213705-9fd8-4a11-871f-490289e90ec3,c4e9oen2551g00d1hjq0
c635a9ea-f599-42a6-8360-a2ca8492b111,c4e9ig7orvtg00d0afeg
c635a9ea-f599-42a6-8360-a2ca8492b111,c4e9o9bjknf000amng9g
c64c3ff3-8721-4fc1-b84d-beb4c720e8c0,cf8c7o1uln7g0091m4fg
c64c3ff3-8721-4fc1-b84d-beb4c720e8c0,cf8c7o3tr21000f7bo8g
c6596a54-8496-411c-b9f9-b6ed20ff8b7f,cngl689tk7jg009q90mg
c6596a54-8496-411c-b9f9-b6ed20ff8b7f,cngl68dorq7g008hrang
c6618ef8-1f6d-4f10-abf2-c277a2e75a86,c4e9i9jvdq3000evtb3g
c6618ef8-1f6d-4f10-abf2-c277a2e75a86,c4e9oeh2rh1g009f4hp0
c677e661-0932-4cdd-8aa8-d457d442eb8a,cnv582kpru2g00bl2ic0
c677e661-0932-4cdd-8aa8-d457d442eb8a,cnv583bn5d9000du1o80
c6796e48-fe57-40e1-9b4a-7ed076db119f,c4e9ig211o1g008c00fg
c6796e48-fe57-40e1-9b4a-7ed076db119f,c4e9o9ilpbg0009nuv4g
c683af0f-561f-411e-86c4-2f770823a7e4,cnv582jn5d9000du1o70
c683af0f-561f-411e-86c4-2f770823a7e4,cnv582q8kqpg00aojisg
c6904ccf-74ff-4c3b-b907-880596cb1fda,cogupj81277000ehlt6g
c6904ccf-74ff-4c3b-b907-880596cb1fda,cogupjdorq7g008o20t0
c69dd10a-8cba-4c8c-ac41-33109c7d00d6,c4e9i9ko26gg008qp8lg
c69dd10a-8cba-4c8c-ac41-33109c7d00d6,c4e9oek7bhug00afctn0
c6c75bc4-430f-4a65-8f0a-28265d1724c4,cp03u4eudun000ekk4l0
c6c75bc4-430f-4a65-8f0a-28265d1724c4,cp03u4if6nn00091rk10
c6cd04c1-cce1-4729-a474-f43aa31a8aa2,c4e9i9hlms9g00deph0g
c6cd04c1-cce1-4729-a474-f43aa31a8aa2,c4e9oaso26gg008qpb3g
c6ec3447-c286-450e-8d52-e9e75244c9a8,co8chtiase3000blcjm0
c6ec3447-c286-450e-8d52-e9e75244c9a8,co8chtmi5iag009ucqfg
c6f0752c-7275-4dfd-a191-defa350188e4,c4e9i9kfjb0000cm076g
c6f0752c-7275-4dfd-a191-defa350188e4,c4e9oeqlpbg0009nuv60
c6fe9e86-ad9c-44b5-9045-460dfe1884b8,c4e9i9n2551g00d1hhug
c6fe9e86-ad9c-44b5-9045-460dfe1884b8,c4e9oaqc0ku000ap4a70
c725cccc-b726-45cb-bf5f-7cba347d9bd5,cee020njch3g00fofe6g
c725cccc-b726-45cb-bf5f-7cba347d9bd5,cee020nlle4000982slg
c729ddcf-2350-402d-843b-5f759172b14c,c4e9ig30tnc000c84uog
c729ddcf-2350-402d-843b-5f759172b14c,c4e9ob7tarsg00au3qi0
c742111e-35d7-4a2a-9fd7-ae96710fbee1,c4e9i9mlljag008akoug
c742111e-35d7-4a2a-9fd7-ae96710fbee1,c4e9oeulljag008akr10
c74c5be7-8f2f-42a2-93bf-c59fc53c86b9,c4e9ig7tarsg00au3oag
c74c5be7-8f2f-42a2-93bf-c59fc53c86b9,c4e9oevl13i0009r7ip0
c79e12f1-835b-464a-9af8-2c8e737763c2,c4e9ig4vfoog00ds2ut0
c79e12f1-835b-464a-9af8-2c8e737763c2,c4e9oer0tnc000c850fg
c7a4216a-afbc-43a9-9ef0-49e442334071,cnnt752ase3000bhkvk0
c7a4216a-afbc-43a9-9ef0-49e442334071,cnnt757lrmbg00b2d24g
c7b8cfd7-8525-4601-bd6f-0d0342969c2c,c4e9i9qlpbg0009nusvg
c7b8cfd7-8525-4601-bd6f-0d0342969c2c,c4e9oetksi2g00c0urj0
c7cd4b48-cfbc-4220-88aa-798cac869547,c4e9i9smi4og00d2bpu0
c7cd4b48-cfbc-4220-88aa-798cac869547,c4e9oevtarsg00au3qj0
c7d45291-9db4-4930-9654-b308e0bd6f60,cobm1dgim8r000ftd920
c7d45291-9db4-4930-9654-b308e0bd6f60,cobm1dhgkbk0009imnn0
c8263092-67df-423a-a7a6-3f2e00c0d48f,c4e9i9vorvtg00d0afe0
c8263092-67df-423a-a7a6-3f2e00c0d48f,c4e9oevorvtg00d0ahf0
c82a5cbd-3c54-4c81-adf7-ca5743ccd3ee,cf8c7ntgpjbg00eeha3g
c82a5cbd-3c54-4c81-adf7-ca5743ccd3ee,cf8c7o7s0e4g00e051rg
c85a9559-94fd-4256-963e-067051171e65,c4e9i9oqui1g00dcshf0
c85a9559-94fd-4256-963e-067051171e65,c4e9oeoqui1g00dcsjgg
c869a2e5-6ea8-4acb-ac2e-42661463b7d8,c4e9ia1lms9g00deph10
c869a2e5-6ea8-4acb-ac2e-42661463b7d8,c4e9oeogdkfg00ckep80
c872418a-6598-4962-87a7-cefded099e79,cf8c7nigr9bg0095tg8g
c872418a-6598-4962-87a7-cefded099e79,cf8c7o4qsijg00epe010
c88ac452-b798-11eb-89b7-00505681224b,c4epht8gdkfg00ckjdbg
c88ac452-b798-11eb-89b7-00505681224b,c4epi061ja2g00ccjpq0
c88fa634-b798-11eb-a9c5-00505681224b,c4epht8kqp4g00aarmag
c88fa634-b798-11eb-a9c5-00505681224b,c4epi012rh1g009f92r0
c894af22-b798-11eb-b167-00505681224b,c4ephtco26gg008qutog
c894af22-b798-11eb-b167-00505681224b,c4epi04bq3o000ac3hfg
c8999102-b798-11eb-b061-00505681224b,c4epht8qui1g00dd15ng
c8999102-b798-11eb-b061-00505681224b,c4epi04o26gg008quu00
c89f0f1c-b798-11eb-9935-00505681224b,c4epht30tnc000c89qb0
c89f0f1c-b798-11eb-9935-00505681224b,c4epi03vdq3000f032p0
c8c1918b-770e-4f34-bc4d-436e38e2b31b,c4e9ia72551g00d1hhv0
c8c1918b-770e-4f34-bc4d-436e38e2b31b,c4e9oiulljag008akr3g
c8ca7844-6136-4ccd-918f-ea85a86e36fc,c4e9ia4vfoog00ds2usg
c8ca7844-6136-4ccd-918f-ea85a86e36fc,c4e9oev2551g00d1hjqg
c8d13bf7-fd76-4f55-8837-3bd5e7fa0535,c4e9ig1lms9g00deph1g
c8d13bf7-fd76-4f55-8837-3bd5e7fa0535,c4e9oeu1ja2g00ccf9o0
c8f81a05-df7b-4f27-a1ea-2d2e15c66e94,cei03fvjch3g00fos7s0
c8f81a05-df7b-4f27-a1ea-2d2e15c66e94,cei03g79dv5000dhv6jg
c903043e-03d3-4faa-a73d-c66decafae6b,c4e9ig2lpbg0009nut0g
c903043e-03d3-4faa-a73d-c66decafae6b,c4e9oiu22pr000dqlhag
c9201b93-d47b-42b5-87b3-727a79e9f169,c4e9igdksi2g00c0upi0
c9201b93-d47b-42b5-87b3-727a79e9f169,c4e9oirjknf000amngcg
c920abdc-054d-452d-96dd-f289ac4c9c4a,c4e9igdnv8a0008hc2b0
c920abdc-054d-452d-96dd-f289ac4c9c4a,c4e9oer0tnc000c850g0
c92318ce-d69c-48d7-8ba2-7f5ad074a289,cngl68gim8r000fnttr0
c92318ce-d69c-48d7-8ba2-7f5ad074a289,cngl68h9galg00ctc870
c94d7221-8275-4f1a-9116-ae399dc45860,c4e9iru22pr000dqlff0
c94d7221-8275-4f1a-9116-ae399dc45860,c4e9oeu22pr000dqlh9g
c956e75f-0551-4a2f-a3bc-a6a0ed2e10b3,cf8c7neea3q0008b14pg
c956e75f-0551-4a2f-a3bc-a6a0ed2e10b3,cf8c7o44op8000ddu170
c97dfad0-c6a9-4ec6-b153-9d74a16e1460,cogupjbn5d9000e2fu00
c97dfad0-c6a9-4ec6-b153-9d74a16e1460,cogupji8kqpg00at123g
c991042e-c978-44a5-974b-a97e107f1ee2,co8chtir4qng00ae7vk0
c991042e-c978-44a5-974b-a97e107f1ee2,co8chtpqkol000a9djng
c991bb4a-901d-4d4e-89b5-30db12dfede0,cf8c7nvlle40009am1eg
c991bb4a-901d-4d4e-89b5-30db12dfede0,cf8c7o3tr21000f7bo80
c994d5b1-09a5-45dd-a25e-433f255136e7,c4e9irsfjb0000cm07b0
c994d5b1-09a5-45dd-a25e-433f255136e7,c4e9of7l13i0009r7ipg
c9b5cfae-cfc8-11ea-97d6-00505681224b,c4epht5ksi2g00c13rqg
c9b5cfae-cfc8-11ea-97d6-00505681224b,c4epi04mi4og00d2gd7g
c9b72f46-cfc8-11ea-9585-00505681224b,c4epht92rh1g009f92m0
c9b72f46-cfc8-11ea-9585-00505681224b,c4epi05ksi2g00c13s20
c9e1f296-33d0-45a4-afce-76f39f3adbc8,c4e9igftarsg00au3ob0
c9e1f296-33d0-45a4-afce-76f39f3adbc8,c4e9oisfjb0000cm09i0
c9e5fe31-d2ec-4972-b396-fba55d7a158b,c4e9igbjknf000amneb0
c9e5fe31-d2ec-4972-b396-fba55d7a158b,c4e9of6lljag008akr20
c9ecb98a-d878-4bcd-a36e-44f704051f28,co14hb1qkol000a6jdo0
c9ecb98a-d878-4bcd-a36e-44f704051f28,co14hb5orq7g008jlh9g
c9eefcd1-3c63-4ce8-8306-41432f644d51,co8chtp9galg00d232b0
c9eefcd1-3c63-4ce8-8306-41432f644d51,co8chtrrfj6g00ai0u8g
c9f7b03a-f49b-41c0-8ff2-b91e1bd44f2a,coabrl81qiv000f31oig
c9f7b03a-f49b-41c0-8ff2-b91e1bd44f2a,coabrl8n2q9g00f0n7l0
c9ffdef0-bfb6-406c-a594-335b72d4f7fa,c4e9igcbq3o000abuopg
c9ffdef0-bfb6-406c-a594-335b72d4f7fa,c4e9oivdeto00089sdu0
ca116ac2-8c2c-42d2-bf60-5e029a160b2d,cngl68nlrmbg00b1krl0
ca116ac2-8c2c-42d2-bf60-5e029a160b2d,cngl68p8t1lg00a2vam0
ca252e34-44ba-11ea-bc74-00505681224b,c4dtn2ff3f9g0080krp0
ca252e34-44ba-11ea-bc74-00505681224b,c4dtngcmi4og00d25500
ca25c499-7f56-4a2a-a52d-52f1ebe39284,c4e9ig92rh1g009f4fo0
ca25c499-7f56-4a2a-a52d-52f1ebe39284,c4e9of7l13i0009r7iq0
ca355b3e-44ba-11ea-9577-00505681224b,c4dtn2alpbg0009nnsn0
ca355b3e-44ba-11ea-9577-00505681224b,c4dtngcvfoog00drs600
ca365cb6-0538-4a64-b3b5-8431e7e116be,c4e9iru1ja2g00ccf7r0
ca365cb6-0538-4a64-b3b5-8431e7e116be,c4e9of7tarsg00au3qjg
ca3ad9a2-44ba-11ea-ab1a-00505681224b,c4dtn2ku12qg0096ift0
ca3ad9a2-44ba-11ea-ab1a-00505681224b,c4dtngdksi2g00c0nk1g
ca438c6c-44ba-11ea-b208-00505681224b,c4dtn2lksi2g00c0njj0
ca438c6c-44ba-11ea-b208-00505681224b,c4dtngbjknf000amgk9g
ca46c0d0-44ba-11ea-b6a9-00505681224b,c4dtn2h6lb7g00cebs3g
ca46c0d0-44ba-11ea-b6a9-00505681224b,c4dtngm22pr000dqersg
ca4958f4-44ba-11ea-b697-00505681224b,c4dtn2ggdkfg00ck7ui0
ca4958f4-44ba-11ea-b697-00505681224b,c4dtngmlljag008adovg
ca4e6222-44ba-11ea-8d5d-00505681224b,c4dtn2j0tnc000c7u0cg
ca4e6222-44ba-11ea-8d5d-00505681224b,c4dtngm1ja2g00cc8kr0
ca519688-44ba-11ea-a9a2-00505681224b,c4dtn2gkqp4g00aagdc0
ca519688-44ba-11ea-a9a2-00505681224b,c4dtngko26gg008qhmeg
ca5ec7c1-c75f-4b6a-8c2b-13e5580f29cd,cobm1dg7ov20008hm0f0
ca5ec7c1-c75f-4b6a-8c2b-13e5580f29cd,cobm1dh9galg00d2okig
ca7ed5b9-902d-4ec2-abb0-8ad702bd7760,c4e9irsu12qg0096pk30
ca7ed5b9-902d-4ec2-abb0-8ad702bd7760,c4e9of3jknf000amngb0
ca9c04e4-4299-4ffe-bf78-44c53963711b,c4e9irrvdq3000evtb8g
ca9c04e4-4299-4ffe-bf78-44c53963711b,c4e9of4mi4og00d2brtg
caaa59a3-5fcf-4d00-b12e-b93246b1835c,co8chtqf6nn0008tu4ig
caaa59a3-5fcf-4d00-b12e-b93246b1835c,co8chu0im8r000fsn520
cab30eec-70a6-11e8-be85-00505681224b,c4en4eh2rh1g009f7th0
cab30eec-70a6-11e8-be85-00505681224b,c4en58p6lb7g00cemhrg
cab30eed-70a6-11e8-ba1e-00505681224b,c4en4en2551g00d1kts0
cab30eed-70a6-11e8-ba1e-00505681224b,c4en58ulljag008aohc0
cacf0b37-95fa-4cad-8e0f-55bdc4cc7cec,c4e9igkbq3o000abuoq0
cacf0b37-95fa-4cad-8e0f-55bdc4cc7cec,c4e9of0qui1g00dcsjh0
caf4728d-a2b0-423b-91e1-ab08f299beac,cf8c7nst3gj000ckl7k0
caf4728d-a2b0-423b-91e1-ab08f299beac,cf8c7o7d49lg009lmek0
cb135bb4-68df-480e-b095-b4b5caa3fdbd,c4e9igic0ku000ap47tg
cb135bb4-68df-480e-b095-b4b5caa3fdbd,c4e9of16lb7g00ceitqg
cb141fe0-6508-4e2a-bc3a-f65b58bcb1f0,cogupjoim8r000fu6670
cb141fe0-6508-4e2a-bc3a-f65b58bcb1f0,cogupjs10vk00088skm0
cb249374-4882-4f54-95b9-2e36edaf14f3,c4e9iglnv8a0008hc2bg
cb249374-4882-4f54-95b9-2e36edaf14f3,c4e9of211o1g008c02eg
cb41dd22-ca29-49ae-9b55-7a7bc648c8dd,c4e9iglksi2g00c0upig
cb41dd22-ca29-49ae-9b55-7a7bc648c8dd,c4e9ofelljag008akr2g
cb457da5-621f-4f6e-8744-8ced56246911,cnpsfpgn2q9g00esvmr0
cb457da5-621f-4f6e-8744-8ced56246911,cnpsfpui5iag009qid50
cb54dcc0-b566-4d3d-a891-018fa3fde3a4,co91l387ov20008h0dl0
cb54dcc0-b566-4d3d-a891-018fa3fde3a4,co91l39gkbk0009i0ui0
cb5e041e-459e-42bb-8232-8386ab26a319,c4e9irqc0ku000ap481g
cb5e041e-459e-42bb-8232-8386ab26a319,c4e9oirvdq3000evtd90
cb7ce481-17dd-47a3-ab85-b04540367bc3,cechc1pqn33g00fph33g
cb7ce481-17dd-47a3-ab85-b04540367bc3,cechel2gr9bg00935q2g
cba9a69c-cdce-4426-a1f8-e571251f85a3,co8chu1jhmbg00ffg8p0
cba9a69c-cdce-4426-a1f8-e571251f85a3,co8chu3n5d9000e0v0ag
cbac79d7-51d9-423d-971d-1b41da6af78a,c4e9irsmi4og00d2bq2g
cbac79d7-51d9-423d-971d-1b41da6af78a,c4e9oiqc0ku000ap4a90
cbb0d2fb-a555-4821-813e-c490bf013311,c4e9iglksi2g00c0upj0
cbb0d2fb-a555-4821-813e-c490bf013311,c4e9ofe22pr000dqlha0
cbe57abc-16ce-43f1-b17e-110fc323efd2,c4e9igmlljag008akp0g
cbe57abc-16ce-43f1-b17e-110fc323efd2,c4e9of92rh1g009f4hq0
cbf8684a-a9b6-4efc-8f63-b173fe94e0c5,co8chu18t1lg00a7oeu0
cbf8684a-a9b6-4efc-8f63-b173fe94e0c5,co8chu9miud0009ukqeg
cbf8bbbe-37f4-4306-8a78-5f46ba1b4473,c4e9igr0tnc000c84up0
cbf8bbbe-37f4-4306-8a78-5f46ba1b4473,c4e9offdeto00089sdt0
cc0a7d3f-de02-4b32-9204-8ca067ebc595,c4e9iru22pr000dqlfeg
cc0a7d3f-de02-4b32-9204-8ca067ebc595,c4e9off2551g00d1hjr0
cc37abe7-99f6-488c-8fa6-ba9a3ee46e1f,cngl68torq7g008hraog
cc37abe7-99f6-488c-8fa6-ba9a3ee46e1f,cngl68tralig008m3m0g
cc426492-2ecb-4cb4-8657-f64c4cee7d03,co8chu8im8r000fsn53g
cc426492-2ecb-4cb4-8657-f64c4cee7d03,co8chud7tiqg00aojlvg
cc44eb45-967f-4ea5-ae2d-6753ec98004a,co5o5saf6nn0008s04jg
cc44eb45-967f-4ea5-ae2d-6753ec98004a,co5o5sg1277000ee4vhg
cc4978c9-a896-47aa-a5d2-818972cd9c12,c4e9igoqui1g00dcshgg
cc4978c9-a896-47aa-a5d2-818972cd9c12,c4e9oisfjb0000cm09ig
cc541af9-03ba-49f3-9d47-724223bf09fb,c4e9irvl13i0009r7gng
cc541af9-03ba-49f3-9d47-724223bf09fb,c4e9oflksi2g00c0urjg
cc5bee21-ad65-45aa-a65c-cf7af52e3424,co72bu0im8r000fs81og
cc5bee21-ad65-45aa-a65c-cf7af52e3424,co72bu19galg00d1k40g
cc71f480-a3d5-4f62-9cca-e4262238a40c,c4e9iroqui1g00dcshl0
cc71f480-a3d5-4f62-9cca-e4262238a40c,c4e9ofh2rh1g009f4hqg
cc72e599-2406-405d-902a-2953db3af318,cogupjs5646000ckqnd0
cc72e599-2406-405d-902a-2953db3af318,cogupk5qk3gg00chq17g
cc88f5aa-ab51-4499-a25d-f0424c5882d5,c4e9is72551g00d1hi30
cc88f5aa-ab51-4499-a25d-f0424c5882d5,c4e9oioqui1g00dcsjig
cc8f49d8-80eb-45d3-87b0-b0d0a8dce034,cobm1drai11g00d6aer0
cc8f49d8-80eb-45d3-87b0-b0d0a8dce034,cobm1ds5646000ck2ukg
cc965a2e-1824-11e8-ba81-00505681224b,c4dtn2h6lb7g00cebs4g
cc965a2e-1824-11e8-ba81-00505681224b,c4dtnglksi2g00c0nk20
cc9f4a73-7fb5-4f75-ab3b-6dbaf7f3fc85,c4e9is622pr000dqlffg
cc9f4a73-7fb5-4f75-ab3b-6dbaf7f3fc85,c4e9oftnv8a0008hc4j0
cc9fab31-e133-483a-ab6b-a75dfebc7633,cf8c7nv6bs0g00842lgg
cc9fab31-e133-483a-ab6b-a75dfebc7633,cf8c7o1qn33g00fs5t2g
cca6017b-5770-4ab4-b223-5f6799b5b95e,c4e9is2lpbg0009nut6g
cca6017b-5770-4ab4-b223-5f6799b5b95e,c4e9ofrvdq3000evtd8g
ccac473b-e0a6-4753-bd45-3e6718e5738c,c4e9is7deto00089sc30
ccac473b-e0a6-4753-bd45-3e6718e5738c,c4e9oir0tnc000c850h0
ccb87f36-799d-4286-a3c3-f3060d37afe7,c4e9j27tarsg00au3oh0
ccb87f36-799d-4286-a3c3-f3060d37afe7,c4e9oj7f3f9g0080s1qg
ccc9842f-0aa3-4ea4-b5f2-6392162c58dd,cod07bhg8bvg00b4qqhg
ccc9842f-0aa3-4ea4-b5f2-6392162c58dd,cod07brnofvg00bg6l9g
ccca863a-61af-40c0-8d24-201488f58677,cogupk3nofvg00bgm2c0
ccca863a-61af-40c0-8d24-201488f58677,cogupk5orq7g008o20tg
ccd93323-25ab-4faf-a798-37f0d047c8bc,c4e9is12rh1g009f4fr0
ccd93323-25ab-4faf-a798-37f0d047c8bc,c4e9oj4bq3o000abuqkg
ccdef3cb-ad1f-4796-aed5-31611673816e,c4e9j27l13i0009r7gqg
ccdef3cb-ad1f-4796-aed5-31611673816e,c4e9oj6lljag008akr40
cce65bed-7a29-43b9-bf15-b7d0cfc33ce9,c4e9j20qui1g00dcshn0
cce65bed-7a29-43b9-bf15-b7d0cfc33ce9,c4e9omvdeto00089se00
cd2d652e-f69d-4890-958b-dd696705993d,c4e9is3jknf000amneeg
cd2d652e-f69d-4890-958b-dd696705993d,c4e9oj5nv8a0008hc4k0
cd5ab539-295c-490d-8b61-2d74e19457c8,c4e9is2lpbg0009nut70
cd5ab539-295c-490d-8b61-2d74e19457c8,c4e9oj622pr000dqlhb0
cd7a0cf9-da4f-4bc7-9982-21a7fe139ae1,c4e9is0kqp4g00aan450
cd7a0cf9-da4f-4bc7-9982-21a7fe139ae1,c4e9omvf3f9g0080s1sg
cd81dd46-4073-4337-a7b9-bdd5bf9bb066,c4e9is7orvtg00d0afkg
cd81dd46-4073-4337-a7b9-bdd5bf9bb066,c4e9oj3vdq3000evtd9g
cda8e114-62d8-4917-a9a5-5fbd5c3f1432,c4e9j2211o1g008c00n0
cda8e114-62d8-4917-a9a5-5fbd5c3f1432,c4e9oj2c0ku000ap4a9g
cdac5ef4-1fd8-4ef9-9218-8fbc280361b6,c4e9j24o26gg008qp8u0
cdac5ef4-1fd8-4ef9-9218-8fbc280361b6,c4e9oj16lb7g00ceitr0
cdae4738-2ab1-4de5-b700-5893ce4540ee,c4e9isftarsg00au3of0
cdae4738-2ab1-4de5-b700-5893ce4540ee,c4e9oj5nv8a0008hc4kg
cdbedb7d-1ab9-4b10-9840-c45acf2d762f,c4e9is9lms9g00deph50
cdbedb7d-1ab9-4b10-9840-c45acf2d762f,c4e9omp6lb7g00ceitsg
cddbf992-90dd-48d0-ac6d-8a0d314f9181,cngl691tk7jg009q90n0
cddbf992-90dd-48d0-ac6d-8a0d314f9181,cngl692r4qng00a9i9l0
cdea6210-e9ca-4f4c-87aa-cea38543e9b0,c4e9j27orvtg00d0afmg
cdea6210-e9ca-4f4c-87aa-cea38543e9b0,c4e9oj2lpbg0009nuv80
cdf18930-f4c8-463d-b5b7-10b59281d37d,c4e9j24bq3o000abup10
cdf18930-f4c8-463d-b5b7-10b59281d37d,c4e9omrvdq3000evtdag
cdf30292-da95-11e7-83e6-00505681224b,c4dtn2hlms9g00deinag
cdf30292-da95-11e7-83e6-00505681224b,c4dtngjvdq3000evlkd0
cdf79c02-ee42-483f-9b20-4aac4c7c3b4d,cei03ftt0el000febvo0
cdf79c02-ee42-483f-9b20-4aac4c7c3b4d,cei03g7s0e4g00du3f20
cdfeef3c-704f-4409-b4cc-a34c6870db21,c4e9isf2551g00d1hi3g
cdfeef3c-704f-4409-b4cc-a34c6870db21,c4e9oj7tarsg00au3qm0
ce2b37e5-672c-45c7-89db-abbf3dab1ed6,cei03g76bs0g0081u6f0
ce2b37e5-672c-45c7-89db-abbf3dab1ed6,cei03gcqsijg00ena9ng
ce46a507-dbd8-4c85-b688-de5d948f8314,c4e9isbvdq3000evtb9g
ce46a507-dbd8-4c85-b688-de5d948f8314,c4e9oms7bhug00afctr0
ce5b8e88-671a-11e9-84fe-00505681224b,c4ephte22pr000dqpvcg
ce5b8e88-671a-11e9-84fe-00505681224b,c4epi07tarsg00au8ki0
ce6198b9-d02d-4a78-b71c-6338cc1770ec,cei03gbtr21000f59rug
ce6198b9-d02d-4a78-b71c-6338cc1770ec,cei03genbbog009trml0
ce69d718-671a-11e9-a0c2-00505681224b,c4ephtelljag008aplvg
ce69d718-671a-11e9-a0c2-00505681224b,c4epi04u12qg0096ummg
ce6e99f0-671a-11e9-9dd6-00505681224b,c4ephtdnv8a0008hh6jg
ce6e99f0-671a-11e9-9dd6-00505681224b,c4epi05ksi2g00c13s2g
ce74a236-e194-44f8-a36d-77f883af8930,c4e9iscmi4og00d2bq3g
ce74a236-e194-44f8-a36d-77f883af8930,c4e9oj4fjb0000cm09j0
ce781fa4-671a-11e9-8e37-00505681224b,c4epht7f3f9g008110q0
ce781fa4-671a-11e9-8e37-00505681224b,c4ephvogdkfg00ckjdi0
ce7f43ec-671a-11e9-82ba-00505681224b,c4epht622pr000dqpvc0
ce7f43ec-671a-11e9-82ba-00505681224b,c4ephvvf3f9g008110v0
ce866834-671a-11e9-8cd1-00505681224b,c4epht7tarsg00au8k8g
ce866834-671a-11e9-8cd1-00505681224b,c4ephvsu12qg0096umlg
ce8d8c7a-671a-11e9-a8c4-00505681224b,c4epht3jknf000ams5pg
ce8d8c7a-671a-11e9-a8c4-00505681224b,c4ephvtksi2g00c13s1g
ce94b0c0-671a-11e9-b588-00505681224b,c4epht72551g00d1m240
ce94b0c0-671a-11e9-b588-00505681224b,c4ephvv2551g00d1m2d0
ce9e3676-671a-11e9-a647-00505681224b,c4epht3vdq3000f032ig
ce9e3676-671a-11e9-a647-00505681224b,c4ephvrvdq3000f032og
cea097e2-671a-11e9-925e-00505681224b,c4ephsu1ja2g00ccjpgg
cea097e2-671a-11e9-925e-00505681224b,c4ephvsmi4og00d2gd6g
cea0eb31-7fb6-4cef-9847-9d7b1e4dedce,cogupkc5646000ckqne0
cea0eb31-7fb6-4cef-9847-9d7b1e4dedce,cogupkdqk3gg00chq18g
ceaee070-671a-11e9-8665-00505681224b,c4epht16lb7g00cenna0
ceaee070-671a-11e9-8665-00505681224b,c4ephvq11o1g008c4heg
ceb3a34a-671a-11e9-b6f4-00505681224b,c4epht7f3f9g008110pg
ceb3a34a-671a-11e9-b6f4-00505681224b,c4ephvs7bhug00afhe60
ceb5b753-606e-4343-9e0f-5c7fca50cf38,cf8c7o00oqo000bbt760
ceb5b753-606e-4343-9e0f-5c7fca50cf38,cf8c7o3tr21000f7bo7g
cebac792-671a-11e9-a7ca-00505681224b,c4epht7deto0008a15t0
cebac792-671a-11e9-a7ca-00505681224b,c4ephvqc0ku000ap9h6g
cec95e22-d39d-4cfd-a5da-a2f99afe78b5,c4e9j24u12qg0096pk4g
cec95e22-d39d-4cfd-a5da-a2f99afe78b5,c4e9omqc0ku000ap4ab0
cecba1e0-5e8a-4e51-8482-13f0f7645a27,c4e9itc7bhug00afcrs0
cecba1e0-5e8a-4e51-8482-13f0f7645a27,c4e9omrvdq3000evtdb0
cecfc2f3-cfca-46f8-bf31-9ecd5b205b59,c4e9j20gdkfg00ckeneg
cecfc2f3-cfca-46f8-bf31-9ecd5b205b59,c4e9ojfdeto00089sdv0
ced638aa-8e63-11e9-9bcc-00505681224b,c4en4etksi2g00c12j90
ced638aa-8e63-11e9-9bcc-00505681224b,c4en58oqui1g00dd0120
ced638ab-8e63-11e9-8c9a-00505681224b,c4en4f3vdq3000f01ndg
ced638ab-8e63-11e9-8c9a-00505681224b,c4en59bvdq3000f01nv0
cedaabee-4131-4128-b0f7-79aea0617250,cod07bp8t1lg00a8oq1g
cedaabee-4131-4128-b0f7-79aea0617250,cod07bs10vk00088cit0
cee3309c-92cb-40ab-bc50-cbff5974b4e5,co8chug7ov20008gvsf0
cee3309c-92cb-40ab-bc50-cbff5974b4e5,co8chulorq7g008mg5rg
ceeb24cd-2a10-4fbb-aaf6-82a23394954a,co72bu8n2q9g00f032gg
ceeb24cd-2a10-4fbb-aaf6-82a23394954a,co72buaase3000bktm5g
cf059bd7-6603-47a5-9fe2-3f06ffdb04fe,cnnt759miud0009qpj70
cf059bd7-6603-47a5-9fe2-3f06ffdb04fe,cnnt759qkol000a5d400
cf0a4e1d-30f1-45fa-a669-f27bd47bcef7,cee020f9dv5000dhi49g
cf0a4e1d-30f1-45fa-a669-f27bd47bcef7,cee020kqsijg00emtbo0
cf504734-b4e4-441f-bf09-edc4e07596aa,c4e9itko26gg008qp8s0
cf504734-b4e4-441f-bf09-edc4e07596aa,c4e9omr0tnc000c850jg
cf5dd5e3-3f5a-4411-a4c9-0710c22f5d6c,cech6r76bs0g0081a1f0
cf5dd5e3-3f5a-4411-a4c9-0710c22f5d6c,cechejiqhpqg00cqhck0
cf5e3a2d-76ac-4bb5-ac2a-e0b8a6770636,c4e9j24bq3o000abup1g
cf5e3a2d-76ac-4bb5-ac2a-e0b8a6770636,c4e9ojcvfoog00ds30qg
cf5f816e-10dd-400b-a152-ac0e241b53a4,c4e9j2c7bhug00afcrv0
cf5f816e-10dd-400b-a152-ac0e241b53a4,c4e9oj8kqp4g00aan65g
cf6618da-894f-4a68-9a25-b16425931473,c4e9j2bvdq3000evtbc0
cf6618da-894f-4a68-9a25-b16425931473,c4e9ojac0ku000ap4aa0
cf6a5cc0-1568-4dba-8041-5e62685ff405,c4e9j2f2551g00d1hi60
cf6a5cc0-1568-4dba-8041-5e62685ff405,c4e9ojlnv8a0008hc4l0
cf7ef447-33a7-42c2-a2df-1ea55799c468,c4e9j292rh1g009f4ftg
cf7ef447-33a7-42c2-a2df-1ea55799c468,c4e9ojlksi2g00c0url0
cf8e8d67-257c-4243-9219-52801c2ce114,c4e9j2bvdq3000evtbbg
cf8e8d67-257c-4243-9219-52801c2ce114,c4e9ojnorvtg00d0ahhg
cf910c7b-0d2a-46aa-b5d0-390aeb0e643f,cngl6919galg00ctc880
cf910c7b-0d2a-46aa-b5d0-390aeb0e643f,cngl69flrmbg00b1krlg
cf9c68aa-7a4d-4e71-b08a-fa569cb927c3,co8chug1qiv000f2snqg
cf9c68aa-7a4d-4e71-b08a-fa569cb927c3,co8chuiase3000blcjp0
cfa85941-72f0-49f8-a529-7ed4492dcdd8,co8churnofvg00bf9hlg
cfa85941-72f0-49f8-a529-7ed4492dcdd8,co8chuv9iisg009u7lsg
cfad1c94-6ccd-4426-ba15-cfc0fccbcf4c,c4e9ja7orvtg00d0afr0
cfad1c94-6ccd-4426-ba15-cfc0fccbcf4c,c4e9oju22pr000dqlhc0
cfdb7ffd-cd41-4d64-94a4-3ad52306dcf8,cogupkgn2q9g00f23oa0
cfdb7ffd-cd41-4d64-94a4-3ad52306dcf8,cogupkpjhmbg00fgv6jg
cff92eab-402a-4e26-bd72-ff4bac7a71e5,co8chup8t1lg00a7oevg
cff92eab-402a-4e26-bd72-ff4bac7a71e5,co8churrfj6g00ai0uag
d0233423-c2eb-45b0-8951-33462c3c3134,cod07bq8kqpg00asfqjg
d0233423-c2eb-45b0-8951-33462c3c3134,cod07brai11g00d6ill0
d03d5704-0eb9-4a27-8ae1-4a48d239e719,c4e9j2e22pr000dqlfj0
d03d5704-0eb9-4a27-8ae1-4a48d239e719,c4e9ojqc0ku000ap4aag
d0527b92-8a13-4821-b164-9ccd595734cd,cngl6998t1lg00a2vamg
d0527b92-8a13-4821-b164-9ccd595734cd,cngl69bnofvg00barmag
d0682b0a-310f-4c69-930f-386c483cc755,colidr2ase3000bncpr0
d0682b0a-310f-4c69-930f-386c483cc755,colidr8im8r000fuqhm0
d086add3-ce75-401e-aba8-76d86211f302,c4e9j296lb7g00ceis3g
d086add3-ce75-401e-aba8-76d86211f302,c4e9oju1ja2g00ccf9q0
d08fca4c-5b7d-42fe-9667-8c5a9d20c56c,cei03gagr9bg0093pnk0
d08fca4c-5b7d-42fe-9667-8c5a9d20c56c,cei03gf6bs0g0081u6g0
d0b773ef-2c59-4eb1-9541-e4eff68fea14,c4e9j2ftarsg00au3ohg
d0b773ef-2c59-4eb1-9541-e4eff68fea14,c4e9ojvl13i0009r7is0
d0c9651f-270b-422e-bcf6-9e393511c7de,c4e9j2dksi2g00c0upn0
d0c9651f-270b-422e-bcf6-9e393511c7de,c4e9ok2lpbg0009nuv90
d0df42b2-41f7-4d7b-8ca7-154b61ee103c,buj240k6g9b0009bg82g
d0df42b2-41f7-4d7b-8ca7-154b61ee103c,buj240pdjg6000fjelc0
d0e0007b-dbfb-4542-a1e0-d61db74eb5e1,c4e9ja4bq3o000abup5g
d0e0007b-dbfb-4542-a1e0-d61db74eb5e1,c4e9ok6lljag008akr5g
d16e785b-375e-43f8-99ec-d5e23b19a69e,codla5hg8bvg00b4r4dg
d16e785b-375e-43f8-99ec-d5e23b19a69e,codla5n9iisg009v7100
d17f580d-50f4-4c9a-a00c-1cf5349dc40e,cod07c2f6nn0008uua4g
d17f580d-50f4-4c9a-a00c-1cf5349dc40e,cod07c45646000ckb570
d18b8f50-c268-461c-9d4c-96f2067ee4ae,cogupkpg8bvg00b5ajr0
d18b8f50-c268-461c-9d4c-96f2067ee4ae,cogupkuudun000eiip30
d1935d63-7839-4934-a3b3-a00272962529,cogupl19galg00d3gkg0
d1935d63-7839-4934-a3b3-a00272962529,cogupl2ase3000bmpm8g
d195b76a-fe47-4ef4-b867-2542b7d64e5a,c4e9j2e1ja2g00ccf7u0
d195b76a-fe47-4ef4-b867-2542b7d64e5a,c4e9ok16lb7g00ceits0
d1a6e6bf-655e-4318-a29a-dfa284c6930e,c4e9j2h6lb7g00ceis40
d1a6e6bf-655e-4318-a29a-dfa284c6930e,c4e9ondksi2g00c0urm0
d1a7550c-88a6-4b0b-af07-490924035867,cnnt75i8kqpg00annt20
d1a7550c-88a6-4b0b-af07-490924035867,cnnt75l7tiqg00aknn40
d1c5ae12-aa09-4e3f-863b-2d4c63e7d513,cp03u4hgkbk0009llgr0
d1c5ae12-aa09-4e3f-863b-2d4c63e7d513,cp03u4nlrmbg00ba2ejg
d1c9bfa1-f419-422c-af24-9b6c220908db,cf8c7npqn33g00fs5t0g
d1c9bfa1-f419-422c-af24-9b6c220908db,cf8c7o6nbbog009vtubg
d1e1efac-8ea3-40cc-be0e-fb0f6ab2d3dc,c4e9ja0gdkfg00ckeni0
d1e1efac-8ea3-40cc-be0e-fb0f6ab2d3dc,c4e9okcmi4og00d2bs0g
d1e6f767-1717-40e2-bd4c-06a5c28ca7c9,c4e9ja0qui1g00dcshqg
d1e6f767-1717-40e2-bd4c-06a5c28ca7c9,c4e9onforvtg00d0ahj0
d1e8b93f-3220-483b-b56d-7fe54a83622b,cf8c7ntt0el000fgen8g
d1e8b93f-3220-483b-b56d-7fe54a83622b,cf8c7o76bs0g00842lh0
d2070842-e2b8-4163-9caf-5510fbc65e28,c4e9j2jjknf000amneig
d2070842-e2b8-4163-9caf-5510fbc65e28,c4e9on1lms9g00depj60
d20b1aef-74e1-426b-bb52-8d621099341d,cobm1dtqk3gg00ch2bfg
d20b1aef-74e1-426b-bb52-8d621099341d,cobm1e3nofvg00bfukmg
d20ce097-68f3-4861-9113-81737f42cde4,cf8c7ns4op8000ddu15g
d20ce097-68f3-4861-9113-81737f42cde4,cf8c7o7rci6g009pvmn0
d22bc8b0-a1ed-4fd7-8153-c31619a1cfc9,c4e9ja0kqp4g00aan4a0
d22bc8b0-a1ed-4fd7-8153-c31619a1cfc9,c4e9on4u12qg0096pm2g
d22e69a1-6d4a-4952-9e79-a17c431bc6b2,c4e9j2ko26gg008qp8v0
d22e69a1-6d4a-4952-9e79-a17c431bc6b2,c4e9on4mi4og00d2bs1g
d23cc1a0-f534-41b7-b15e-d6e8778cb5e0,codla5rn5d9000e1uq8g
d23cc1a0-f534-41b7-b15e-d6e8778cb5e0,codla5v9iisg009v710g
d24f1f27-6a62-4597-a15c-2b623d5d66e8,c4e9j2h2rh1g009f4fug
d24f1f27-6a62-4597-a15c-2b623d5d66e8,c4e9oqelljag008akr90
d25bc42e-ed68-4d47-a267-1956c1a3f42e,c4e9j2m22pr000dqlfjg
d25bc42e-ed68-4d47-a267-1956c1a3f42e,c4e9oqfl13i0009r7iug
d2689c57-ebc2-4e0e-9bd9-b649d41cad8f,c4e9j2j0tnc000c84uug
d2689c57-ebc2-4e0e-9bd9-b649d41cad8f,c4e9oqe1ja2g00ccf9s0
d291ec51-93de-447d-9e56-8070615a3804,co8chv1miud0009ukqh0
d291ec51-93de-447d-9e56-8070615a3804,co8chv3ai11g00d5ktg0
d2d54b8c-e681-4d0c-9c55-d497ac8f2e8c,c4e9ja1lms9g00dephag
d2d54b8c-e681-4d0c-9c55-d497ac8f2e8c,c4e9oqff3f9g0080s1v0
d2d9edea-bde9-46cf-9e26-64d2b162ca7a,c4e9ja211o1g008c00p0
d2d9edea-bde9-46cf-9e26-64d2b162ca7a,c4e9on7f3f9g0080s1t0
d2dd611d-3253-455a-8bed-10201436c713,co8chv5qk3gg00cgcv9g
d2dd611d-3253-455a-8bed-10201436c713,co8chv9qkol000a9djog
d2ebc031-ef2b-4ce6-b5c1-871ce9fd1eb8,c4e9j2ulljag008akp70
d2ebc031-ef2b-4ce6-b5c1-871ce9fd1eb8,c4e9on0qui1g00dcsjk0
d2fd9e96-0a7a-45d5-99ec-4b3a24db73ed,c4e9j2tnv8a0008hc2k0
d2fd9e96-0a7a-45d5-99ec-4b3a24db73ed,c4e9on7deto00089se0g
d3068169-3676-4704-bec9-712876fc4e30,c4e9ja4mi4og00d2bq7g
d3068169-3676-4704-bec9-712876fc4e30,c4e9on92rh1g009f4htg
d3574412-e305-46e6-aae1-d8f822c422f4,c4e9ja0gdkfg00ckenhg
d3574412-e305-46e6-aae1-d8f822c422f4,c4e9onftarsg00au3qn0
d361c584-1b97-4370-9d32-3138285028ad,co8chvf3r4d000f1v3m0
d361c584-1b97-4370-9d32-3138285028ad,co8chvgn2q9g00f0iag0
d379e3e8-0286-47bf-9ec2-ee5295b5753a,codla5torq7g008nggfg
d379e3e8-0286-47bf-9ec2-ee5295b5753a,codla63rfj6g00aj2n6g
d37f9d54-ac8e-4088-9d93-81c85e69f609,c4e9j2p6lb7g00ceis4g
d37f9d54-ac8e-4088-9d93-81c85e69f609,c4e9onco26gg008qpb7g
d38365dd-8de0-4d1a-95c9-5ba6014aabe0,cngl91s10vk00082s970
d38365dd-8de0-4d1a-95c9-5ba6014aabe0,cngl91v9iisg009pp1bg
d39c95b7-a492-46fc-8c6d-a0be7227304d,cnpsfpoim8r000fp1ed0
d39c95b7-a492-46fc-8c6d-a0be7227304d,cnpsfpp8t1lg00a42bt0
d39f4119-3a10-4ee1-98e1-44d145b08ead,co8chvir4qng00ae7vng
d39f4119-3a10-4ee1-98e1-44d145b08ead,co8chvl7tiqg00aojm20
d3b1e38b-bcd4-45d2-b503-9b86f0c1d12f,c4e9j34fjb0000cm07fg
d3b1e38b-bcd4-45d2-b503-9b86f0c1d12f,c4e9oq8gdkfg00ckepdg
d3c7ae28-5b52-45b1-8de3-c3ef5761d486,c4e9j37tarsg00au3oig
d3c7ae28-5b52-45b1-8de3-c3ef5761d486,c4e9on8gdkfg00ckepbg
d3d7a587-ee1f-4e67-93e5-91111f80473c,cf8c7niqhpqg00ct7fvg
d3d7a587-ee1f-4e67-93e5-91111f80473c,cf8c7o79dv5000dk29kg
d3d7e69a-88ca-40be-8510-6fe88493491c,coguplbn5d9000e2fu1g
d3d7e69a-88ca-40be-8510-6fe88493491c,cogupli8kqpg00at125g
d3de68b8-d81f-46b0-b53d-cd1de67f89b6,cngl69htk7jg009q90og
d3de68b8-d81f-46b0-b53d-cd1de67f89b6,cngl69kpru2g00bj9m40
d3f09613-d954-469a-b5e0-479b8283c328,codla601qiv000f3t9sg
d3f09613-d954-469a-b5e0-479b8283c328,codla60n2q9g00f1ie70
d3fc6afa-b22c-4c51-9340-aa9fb08a9af0,co8chvnlrmbg00b6a3q0
d3fc6afa-b22c-4c51-9340-aa9fb08a9af0,co8chvv3r4d000f1v3n0
d40fbacd-5ced-4a9a-bcf4-5aa28cf5ad88,cod07c57tiqg00apiih0
d40fbacd-5ced-4a9a-bcf4-5aa28cf5ad88,cod07c5qk3gg00chaft0
d41531af-c69f-4cde-81b2-223c8f820f37,cod07c1qkol000aabv20
d41531af-c69f-4cde-81b2-223c8f820f37,cod07cei5iag009veulg
d437d66c-b006-4b6b-b624-82188aa06511,c4e9j3j0tnc000c84uvg
d437d66c-b006-4b6b-b624-82188aa06511,c4e9one1ja2g00ccf9r0
d4481fcb-6988-4875-8235-aa7a7ef2a8a0,cf8c7nbo765000dka4l0
d4481fcb-6988-4875-8235-aa7a7ef2a8a0,cf8c7o6nbbog009vtub0
d44c4716-30ac-494d-8459-2d7dbde09d8f,co8chvon2q9g00f0iah0
d44c4716-30ac-494d-8459-2d7dbde09d8f,co8chvpg8bvg00b3t0ng
d44f29dc-1ade-49d7-ad94-095c5cb5a982,cngl922ase3000bgt8e0
d44f29dc-1ade-49d7-ad94-095c5cb5a982,cngl923vem1g00ed60f0
d47347ee-fe21-4e28-b052-305a63c63c10,c4e9j3m22pr000dqlfk0
d47347ee-fe21-4e28-b052-305a63c63c10,c4e9onmlljag008akr70
d473bce5-bc74-4c3b-9306-61d1ea4dbb86,c4e9ja3jknf000amnelg
d473bce5-bc74-4c3b-9306-61d1ea4dbb86,c4e9onh6lb7g00ceittg
d4b507ef-a520-4da3-bfdf-712f0e0a1dbd,c4e9ja5ksi2g00c0upp0
d4b507ef-a520-4da3-bfdf-712f0e0a1dbd,c4e9onk7bhug00afcts0
d4b6147d-6b46-4684-87eb-8f8486b046b5,co8ci02f6nn0008tu4mg
d4b6147d-6b46-4684-87eb-8f8486b046b5,co8ci03nofvg00bf9hng
d4be948a-249b-44a3-9eee-b9ad27184c44,co8ci01jhmbg00ffg8s0
d4be948a-249b-44a3-9eee-b9ad27184c44,co8ci09gkbk0009i0arg
d4ca0f77-d9f4-425b-a2e0-d17061d6b983,c4e9ja2lpbg0009nutc0
d4ca0f77-d9f4-425b-a2e0-d17061d6b983,c4e9onmlljag008akr7g
d4d13fea-3f25-4895-bf4c-71f47dfe0eb5,c4e9ja7l13i0009r7gv0
d4d13fea-3f25-4895-bf4c-71f47dfe0eb5,c4e9onndeto00089se1g
d4de08d3-d221-4bd2-8c05-80b710687069,c4e9jaff3f9g0080s010
d4de08d3-d221-4bd2-8c05-80b710687069,c4e9oqfdeto00089se2g
d4e7c924-f0df-4896-ac6e-33106011e06d,c4e9ja6lljag008akpa0
d4e7c924-f0df-4896-ac6e-33106011e06d,c4e9onn2551g00d1hju0
d4f35d76-1284-44e2-850b-cb58183982ee,cp03u4hmiud000a26el0
d4f35d76-1284-44e2-850b-cb58183982ee,cp03u4ui5iag00a2k760
d50b5f53-e1da-4925-a924-bd04c0759cf3,c4e9jgn2551g00d1hi90
d50b5f53-e1da-4925-a924-bd04c0759cf3,c4e9onkvfoog00ds30t0
d520c0f1-97b8-495d-b9bb-dd2f26e123e7,c4e9jgh6lb7g00ceis90
d520c0f1-97b8-495d-b9bb-dd2f26e123e7,c4e9onnl13i0009r7iu0
d53483d7-25df-46bb-b671-d78edc38313f,c4e9jacbq3o000abup60
d53483d7-25df-46bb-b671-d78edc38313f,c4e9oqcbq3o000abuqp0
d546be4b-84da-48ec-b81e-5114fdb03cc4,co8ci0bai11g00d5kti0
d546be4b-84da-48ec-b81e-5114fdb03cc4,co8ci0bn5d9000e0v0f0
d5474f4d-3c70-4649-a02a-fd9ac3be1b37,coguplhmiud000a02fd0
d5474f4d-3c70-4649-a02a-fd9ac3be1b37,coguplrai11g00d72g0g
d56bbe75-bbc0-4afa-864f-0d51eef9eab7,c4e9jggkqp4g00aan4c0
d56bbe75-bbc0-4afa-864f-0d51eef9eab7,c4e9onrvdq3000evtdc0
d5709c13-11d7-4804-b431-05cbf11c9e81,co8ci0ei5iag009ucqig
d5709c13-11d7-4804-b431-05cbf11c9e81,co8ci0f9iisg009u7lv0
d57781f2-3002-4972-8d05-0e4f664ae514,c4e9jgkbq3o000abup90
d57781f2-3002-4972-8d05-0e4f664ae514,c4e9onu22pr000dqlheg
d57c15c9-60d9-491f-ad5c-457165d47d9a,co8ci0g1277000eg3ma0
d57c15c9-60d9-491f-ad5c-457165d47d9a,co8ci0n3r4d000f1v3p0
d5a9f4cb-5722-4dde-8b08-52889a222bcc,cobm1e1jhmbg00fg6fjg
d5a9f4cb-5722-4dde-8b08-52889a222bcc,cobm1e9qkol000aa3gig
d5acb769-c7bd-4ede-8d84-dd7a7d725fbc,c4e9jaftarsg00au3olg
d5acb769-c7bd-4ede-8d84-dd7a7d725fbc,c4e9oqftarsg00au3qo0
d5b058ee-dbb2-4601-b84e-8e97db378708,c4e9jabvdq3000evtbf0
d5b058ee-dbb2-4601-b84e-8e97db378708,c4e9onsu12qg0096pm30
d5c7b7ea-9859-495f-aea5-ac4fc0c5c7d9,c4e9jgndeto00089sc9g
d5c7b7ea-9859-495f-aea5-ac4fc0c5c7d9,c4e9onsu12qg0096pm3g
d5d557dd-b18a-4d63-9ef3-1cd885a3a09b,c4e9jacbq3o000abup6g
d5d557dd-b18a-4d63-9ef3-1cd885a3a09b,c4e9oo30tnc000c850kg
d5daccb8-c839-4b47-ad8a-8c7b2b6f621c,bul115qnlisg00ci3mm0
d5daccb8-c839-4b47-ad8a-8c7b2b6f621c,bul116anlisg00ci3mmg
d5ebb730-0877-4c5b-87f6-787406037b93,co8chq0n2q9g00f0iaa0
d5ebb730-0877-4c5b-87f6-787406037b93,co8ci0k5646000cjdivg
d5ff04d5-97bd-485c-b3b6-d721641647d5,co8chq2r4qng00ae7vfg
d5ff04d5-97bd-485c-b3b6-d721641647d5,co8chq3nofvg00bf9he0
d60d61e4-1e87-4367-895f-57e11ec6bc37,c4e9jgjjknf000amneo0
d60d61e4-1e87-4367-895f-57e11ec6bc37,c4e9oo4mi4og00d2bs2g
d60d95e8-1824-11e8-bff3-00505681224b,c4dtn2ulljag008adofg
d60d95e8-1824-11e8-bff3-00505681224b,c4dtngnorvtg00d03ke0
d628079a-8e4a-4cde-8aaa-14cbf81fef87,c4e9jadksi2g00c0uppg
d628079a-8e4a-4cde-8aaa-14cbf81fef87,c4e9oo47bhug00afctsg
d63da4e3-9479-4ecb-a208-a679e90b09c4,c4e9jgkmi4og00d2bqa0
d63da4e3-9479-4ecb-a208-a679e90b09c4,c4e9oocbq3o000abuqo0
d64ed89e-b335-4546-ad1c-aada86ddb3c5,c4e9jgnorvtg00d0aft0
d64ed89e-b335-4546-ad1c-aada86ddb3c5,c4e9orn2551g00d1hk0g
d65f721a-f6b8-40b4-8631-77bbe9690040,cdic7igmqsl000da3qc0
d65f721a-f6b8-40b4-8631-77bbe9690040,cdic7tcdi60g00en5f20
d675f11d-83a6-4295-82c4-8165e46e5640,c4e9jgjvdq3000evtbh0
d675f11d-83a6-4295-82c4-8165e46e5640,c4e9ornl13i0009r7ivg
d67d1db9-5110-4815-bcb6-ca3b132c3b3a,cngl69hqkol000a4jro0
d67d1db9-5110-4815-bcb6-ca3b132c3b3a,cngl69ovhjtg00d6lc6g
d68569dc-a7a8-4712-b231-8b3ba8854b01,c4e9jagkqp4g00aan4b0
d68569dc-a7a8-4712-b231-8b3ba8854b01,c4e9oqgqui1g00dcsjkg
d68779b5-2153-41c6-8c37-6d993c5305de,c4e9jako26gg008qp92g
d68779b5-2153-41c6-8c37-6d993c5305de,c4e9oqlksi2g00c0urng
d6b99b7d-3925-4c5d-aa80-e641f773d295,c4e9jgkfjb0000cm07jg
d6b99b7d-3925-4c5d-aa80-e641f773d295,c4e9oqm22pr000dqlhfg
d722c556-7a1d-40fd-9e7f-70ca8eac8fdb,c4e9jgkbq3o000abup9g
d722c556-7a1d-40fd-9e7f-70ca8eac8fdb,c4e9otvdeto00089se40
d725fd20-1fc1-4b69-8c7f-4054dd558ce7,c4e9jncu12qg0096pkb0
d725fd20-1fc1-4b69-8c7f-4054dd558ce7,c4e9oqj0tnc000c850lg
d74bc841-bde7-492b-a090-1be701cde7cb,c4e9jgq11o1g008c00r0
d74bc841-bde7-492b-a090-1be701cde7cb,c4e9oqgkqp4g00aan6a0
d75d0c12-f887-44f5-90ed-f190e24e8522,c4e9jgu22pr000dqlfng
d75d0c12-f887-44f5-90ed-f190e24e8522,c4e9otvorvtg00d0ahkg
d75e6e31-02c6-41cf-bb03-c18074d165df,cod07c8im8r000ftlot0
d75e6e31-02c6-41cf-bb03-c18074d165df,cod07c9jhmbg00fges50
d773b5c8-a8b0-44d9-b03d-f9c0ef462409,c4e9jgvl13i0009r7h1g
d773b5c8-a8b0-44d9-b03d-f9c0ef462409,c4e9oqic0ku000ap4acg
d776ed5d-4906-4d06-9c7c-034dc6fd4263,c4e9jgso26gg008qp950
d776ed5d-4906-4d06-9c7c-034dc6fd4263,c4e9oqhlms9g00depj7g
d7805487-fb78-4cf0-9dc1-4c008db7e1c7,c4e9jnfdeto00089scb0
d7805487-fb78-4cf0-9dc1-4c008db7e1c7,c4e9otokqp4g00aan6b0
d784f41a-f2e5-4687-b2db-bba77d67ee2b,c4e9jndnv8a0008hc2r0
d784f41a-f2e5-4687-b2db-bba77d67ee2b,c4e9oqkbq3o000abuqpg
d7ae170d-8a2a-4d9e-a8f5-4340b6f0aa75,c4e9jgvorvtg00d0aftg
d7ae170d-8a2a-4d9e-a8f5-4340b6f0aa75,c4e9otu22pr000dqlhi0
d7b0c04e-dc03-4c1e-9e6c-5d5729389e8e,cnpsfq19galg00cues90
d7b0c04e-dc03-4c1e-9e6c-5d5729389e8e,cnpsfq3n5d9000dtd280
d7cbeac4-1c18-41e9-b1c5-840c1e8dc653,co8chq99galg00d23270
d7cbeac4-1c18-41e9-b1c5-840c1e8dc653,co8chqflrmbg00b6a3j0
d7d32b39-fdfc-4d10-825e-3449863a6a22,coabrlflrmbg00b6ettg
d7d32b39-fdfc-4d10-825e-3449863a6a22,coabrln9iisg009ucesg
d7e41b74-7236-48d7-9411-4c0fde04ad9f,c4e9jnbjknf000amneq0
d7e41b74-7236-48d7-9411-4c0fde04ad9f,c4e9oqulljag008akr9g
d7fb935b-8df1-4aaf-9050-dbb35bd9f268,c4e9jndksi2g00c0uptg
d7fb935b-8df1-4aaf-9050-dbb35bd9f268,c4e9otp6lb7g00ceitv0
d7fe0da8-789c-4b2e-b294-d03d75fb7b4f,c4e9jnalpbg0009nuthg
d7fe0da8-789c-4b2e-b294-d03d75fb7b4f,c4e9otvl13i0009r7j00
d8085128-86e0-40f7-90ac-a1e3d1f04430,c4e9jgqlpbg0009nutfg
d8085128-86e0-40f7-90ac-a1e3d1f04430,c4e9oqrjknf000amngg0
d80973cf-5164-409f-a8e2-855025b21326,co8chqei5iag009ucqcg
d80973cf-5164-409f-a8e2-855025b21326,co8chqjn5d9000e0v050
d8110bd6-02d1-454a-a539-8c701efce7a0,c4e9jgp6lb7g00ceis9g
d8110bd6-02d1-454a-a539-8c701efce7a0,c4e9oqogdkfg00ckepe0
d8138f6d-86f2-4b7b-a7d5-1da01e573395,c4e9jgr0tnc000c84v30
d8138f6d-86f2-4b7b-a7d5-1da01e573395,c4e9or12rh1g009f4hug
d8416b5a-82e4-47d0-b61e-287617e0b206,cngl69pgkbk0009daev0
d8416b5a-82e4-47d0-b61e-287617e0b206,cngl69uudun000eckujg
d866bc61-e84e-4fef-af83-e1b3dba2ce1e,co8chqk5646000cjdip0
d866bc61-e84e-4fef-af83-e1b3dba2ce1e,co8chqmudun000eh5jj0
d879f133-5869-40e5-975b-e01dc5987d05,cnnt7428kqpg00annt10
d879f133-5869-40e5-975b-e01dc5987d05,cnnt745ralig008mrsj0
d87ca604-fed7-4922-8978-90282b15739f,c4e9jgogdkfg00ckenm0
d87ca604-fed7-4922-8978-90282b15739f,c4e9otvl13i0009r7j0g
d89a294d-d88c-4f3c-a387-920f6a82221e,c4e9jn96lb7g00ceisc0
d89a294d-d88c-4f3c-a387-920f6a82221e,c4e9or72551g00d1hk00
d89fe7d2-85d2-46ee-be11-38efec262b67,c4e9jnelljag008akpdg
d89fe7d2-85d2-46ee-be11-38efec262b67,c4e9otogdkfg00ckepf0
d8ac2425-0256-49bc-9622-d1619d4eea08,c4e9jnff3f9g0080s030
d8ac2425-0256-49bc-9622-d1619d4eea08,c4e9orplms9g00depj80
d8b54e8e-5559-4ed5-9bf3-70e7a9b8ab5c,c4e9jh622pr000dqlfo0
d8b54e8e-5559-4ed5-9bf3-70e7a9b8ab5c,c4e9orq11o1g008c02k0
d8bc2b32-8dc2-442e-b847-adf9bc86bbd5,c4e9jnfl13i0009r7h3g
d8bc2b32-8dc2-442e-b847-adf9bc86bbd5,c4e9orrjknf000amnggg
d8c2e741-86cc-4a5c-897b-70bf9588c9ea,c4e9juh2rh1g009f4g90
d8c2e741-86cc-4a5c-897b-70bf9588c9ea,c4e9os4vfoog00ds30v0
d8ca1a29-76fe-4574-9bd1-19b60c901b7d,c4e9juko26gg008qp9bg
d8ca1a29-76fe-4574-9bd1-19b60c901b7d,c4e9os622pr000dqlhh0
d8d8148f-a362-4e31-9821-b4ef031c9cea,c4e9jnko26gg008qp98g
d8d8148f-a362-4e31-9821-b4ef031c9cea,c4e9osff3f9g0080s200
d8da115e-8e9d-47d3-b832-2c2e868edd7a,c4e9jnlksi2g00c0upu0
d8da115e-8e9d-47d3-b832-2c2e868edd7a,c4e9ovftarsg00au3qrg
d8fbc1d1-827d-4f1a-a258-60081f242c5c,c4e9juko26gg008qp9b0
d8fbc1d1-827d-4f1a-a258-60081f242c5c,c4e9oscu12qg0096pm50
d90e368c-38fa-4016-8a92-cd1c7d15769d,c4e9jnk7bhug00afcs30
d90e368c-38fa-4016-8a92-cd1c7d15769d,c4e9ovcbq3o000abuqrg
d935f825-b617-4439-907b-73245eabe598,cogupm79iisg009vnqj0
d935f825-b617-4439-907b-73245eabe598,cogupm7lrmbg00b7qnog
d9451171-be76-4472-a986-9e73f5fd14d5,cei03g5gpjbg00ece7b0
d9451171-be76-4472-a986-9e73f5fd14d5,cei03g76bs0g0081u6dg
d94c3a2f-0b2d-4561-8756-45d0ba8566cf,c4e9jnm1ja2g00ccf850
d94c3a2f-0b2d-4561-8756-45d0ba8566cf,c4e9p1a11o1g008c02m0
d95b24f8-948e-4170-8c21-d0ac3ee5d116,co8chqpjhmbg00ffg8l0
d95b24f8-948e-4170-8c21-d0ac3ee5d116,co8chqs10vk00087eo4g
d963e20c-9d1d-4983-92b8-11e0b9e77115,c4e9jnj0tnc000c84v50
d963e20c-9d1d-4983-92b8-11e0b9e77115,c4e9ou7f3f9g0080s20g
d9b8f08e-8db7-4eaf-934a-f8ebe72342c4,c4e9jusvfoog00ds2vbg
d9b8f08e-8db7-4eaf-934a-f8ebe72342c4,c4e9ou1lms9g00depj90
d9fb4095-6e22-4f1d-a5a5-1fb174da6661,c4e9jnku12qg0096pkbg
d9fb4095-6e22-4f1d-a5a5-1fb174da6661,c4e9p196lb7g00ceiu10
d9fc3ff7-4f6e-45c0-8b9a-3e4c8da1e4a1,cp03u4rn5d9000e4mhm0
d9fc3ff7-4f6e-45c0-8b9a-3e4c8da1e4a1,cp03u51qkol000ad0hog
da066af2-1015-4a15-b5ab-34ae231d93be,c4e9jui11o1g008c0100
da066af2-1015-4a15-b5ab-34ae231d93be,c4e9ou0gdkfg00ckepfg
da08164a-b37b-4bfd-bd0c-ddaef1749746,cee020f4lcs000b0t3jg
da08164a-b37b-4bfd-bd0c-ddaef1749746,cee020iac3n000ekr5l0
da393489-cf4e-4f26-ae77-11e81ea4e77c,cei03g1uln7g008vjqpg
da393489-cf4e-4f26-ae77-11e81ea4e77c,cei03g74lcs000b19png
da50f26b-eba4-4160-9922-7904594a7fbe,cogupm81qiv000f4es4g
da50f26b-eba4-4160-9922-7904594a7fbe,cogupmei5iag00a0374g
da999923-3344-45f8-a418-000083b67117,co8chqq8kqpg00arglv0
da999923-3344-45f8-a418-000083b67117,co8chr3n5d9000e0v06g
dadde509-7385-46fa-a4c0-ee2c1d83e6a7,coabrlg1277000eg8n70
dadde509-7385-46fa-a4c0-ee2c1d83e6a7,coabrlh8t1lg00a7thp0
daf21bcc-2f1c-4077-8647-5ffc71413958,com7h019galg00d47qqg
daf21bcc-2f1c-4077-8647-5ffc71413958,com7h08n2q9g00f2slh0
db041e23-8bba-4f57-a353-27339a8d2ac4,cech9fs4op8000db5m8g
db041e23-8bba-4f57-a353-27339a8d2ac4,cechejf6bs0g0081a4h0
db15e885-8693-4ac3-9f3b-5e79cde35743,cogupmif6nn0008vguu0
db15e885-8693-4ac3-9f3b-5e79cde35743,cogupmjn5d9000e2fu2g
db200087-6003-4253-8f67-33bbe8e86217,co8chr3ai11g00d5ktbg
db200087-6003-4253-8f67-33bbe8e86217,co8chr7lrmbg00b6a3l0
db20b1fa-be9c-40fa-ac4b-9ba61c0cd31d,c4e9jnh6lb7g00ceisd0
db20b1fa-be9c-40fa-ac4b-9ba61c0cd31d,c4e9ou4o26gg008qpbag
db20e099-4e29-42d4-833e-23309c8ebc83,c4e9juhlms9g00dephj0
db20e099-4e29-42d4-833e-23309c8ebc83,c4e9ou30tnc000c850n0
db285ab9-6eee-43a4-8c11-539624020b82,cngl6a2r4qng00a9i9mg
db285ab9-6eee-43a4-8c11-539624020b82,cngl6a410vk00082s8sg
db294411-faf8-4983-a577-f042ae8ac53f,com7h081qiv000f580m0
db294411-faf8-4983-a577-f042ae8ac53f,com7h087ov20008j6870
db2f3067-dacf-46cd-bc63-8855ecbd47c7,c4e9joko26gg008qp99g
db2f3067-dacf-46cd-bc63-8855ecbd47c7,c4e9ou7orvtg00d0ahl0
db387729-900b-4cf8-902d-e9ad79b07f53,c4e9jusfjb0000cm07rg
db387729-900b-4cf8-902d-e9ad79b07f53,c4e9ou7l13i0009r7j10
db447587-e1b0-4da2-a93c-0c5b3c50a72b,cobm1e9miud0009vaeh0
db447587-e1b0-4da2-a93c-0c5b3c50a72b,cobm1ec10vk0008849ng
db50e952-669a-4715-bd35-6bc9fe5feed1,cf8c7nfjch3g00fqvln0
db50e952-669a-4715-bd35-6bc9fe5feed1,cf8c7o1uln7g0091m4eg
db5fe46a-34a1-4e97-bd33-d251ea0d1114,c4e9jujvdq3000evtbo0
db5fe46a-34a1-4e97-bd33-d251ea0d1114,c4e9ouelljag008akrc0
db69c2a6-21b4-4c70-892a-94b67af8df66,cei03g6ea3q00088st2g
db69c2a6-21b4-4c70-892a-94b67af8df66,cei03g7jch3g00fos7sg
db9358ec-68b6-4b46-85b7-c5cda083f9d9,coabrlpmiud0009upa8g
db9358ec-68b6-4b46-85b7-c5cda083f9d9,coabrlrrfj6g00ai6bkg
db9853fb-05de-472d-9f80-186376385267,c4e9jnoqui1g00dcshug
db9853fb-05de-472d-9f80-186376385267,c4e9p1c7bhug00afcu1g
dbad9f1a-e2af-4006-872b-628dc9eb2d00,c4e9juvtarsg00au3ou0
dbad9f1a-e2af-4006-872b-628dc9eb2d00,c4e9oucvfoog00ds30vg
dbb150b7-3556-4418-a8e3-da2402b4aa80,c4e9jookqp4g00aan4f0
dbb150b7-3556-4418-a8e3-da2402b4aa80,c4e9oucfjb0000cm09lg
dbcd2bf0-947a-431c-80a0-b1c05522ef71,cod07c9gkbk0009iv9i0
dbcd2bf0-947a-431c-80a0-b1c05522ef71,cod07ck5646000ckb59g
dbdc9d9b-8997-471a-b4ca-85e2c3029959,cnpsfq6i5iag009qid60
dbdc9d9b-8997-471a-b4ca-85e2c3029959,cnpsfq7s7se0009usjcg
dbee31bb-ddcd-4de3-8382-9fcbf41389e6,c4e9jou22pr000dqlfq0
dbee31bb-ddcd-4de3-8382-9fcbf41389e6,c4e9oucu12qg0096pm60
dbf44d95-770d-49cc-b973-5f0c43405aa9,cocb3va8kqpg00ascagg
dbf44d95-770d-49cc-b973-5f0c43405aa9,cocb3vf9iisg009v31pg
dbfa06f9-6bf3-4bf7-b3f0-ef69c6b71b24,coabqsgim8r000fsrrn0
dbfa06f9-6bf3-4bf7-b3f0-ef69c6b71b24,coabqstorq7g008ml5sg
dbfa1221-da65-4da9-99c9-81d902c762c0,c4e9jp16lb7g00ceise0
dbfa1221-da65-4da9-99c9-81d902c762c0,c4e9p1cu12qg0096pm7g
dc0bb3d9-8254-49b2-acae-d1b24d18499a,coabrlpg8bvg00b41gl0
dc0bb3d9-8254-49b2-acae-d1b24d18499a,coabrm6udun000eha2tg
dc0d71fa-b916-41c2-bbeb-d8948e19dc1a,coabrm0im8r000fsrrog
dc0d71fa-b916-41c2-bbeb-d8948e19dc1a,coabrm2ase3000blgusg
dc0f2314-da12-45bc-a5c1-54bbf93ec106,cocb3v9gkbk0009irshg
dc0f2314-da12-45bc-a5c1-54bbf93ec106,cocb3vc5646000ck7rb0
dc279b60-7538-407e-8550-506ff24ff66f,co8chrar4qng00ae7vh0
dc279b60-7538-407e-8550-506ff24ff66f,co8chrc5646000cjdir0
dc4941ad-21e7-4a2b-9331-939f491bbbd6,cogupml7tiqg00aq3os0
dc4941ad-21e7-4a2b-9331-939f491bbbd6,cogupmpmiud000a02fe0
dc4bf4ab-7cfc-429e-97b7-aeacf5610532,cocb3vlorq7g008ncemg
dc4bf4ab-7cfc-429e-97b7-aeacf5610532,cocb3vn9iisg009v31qg
dc57da7f-3d0c-11e8-9390-00505681224b,c4en4f4fjb0000cm4dqg
dc57da7f-3d0c-11e8-9390-00505681224b,c4en59co26gg008qtjg0
dc57da80-3d0c-11e8-b06e-00505681224b,c4en4f7f3f9g0080vpgg
dc57da80-3d0c-11e8-b06e-00505681224b,c4en59rjknf000amr0n0
dc57da81-3d0c-11e8-8112-00505681224b,c4en4falpbg0009o2k0g
dc57da81-3d0c-11e8-8112-00505681224b,c4en59oqui1g00dd012g
dc57da82-3d0c-11e8-a4ae-00505681224b,c4en4fb0tnc000c88k00
dc57da82-3d0c-11e8-a4ae-00505681224b,c4en59okqp4g00aaqi50
dc74f83b-2bb1-44e1-94d4-189286baca7b,c4e9jp4fjb0000cm07q0
dc74f83b-2bb1-44e1-94d4-189286baca7b,c4e9ouelljag008akrcg
dc96e33f-74a6-4489-ad72-39a46ea0b5b9,c4e9jukfjb0000cm07r0
dc96e33f-74a6-4489-ad72-39a46ea0b5b9,c4e9ou96lb7g00ceitvg
dc9b1b9a-4e0f-494c-8ccb-595c2e9e0cb6,c4e9juokqp4g00aan4hg
dc9b1b9a-4e0f-494c-8ccb-595c2e9e0cb6,c4e9ouftarsg00au3qr0
dcc3db06-dcda-43ae-92bc-972de395fc82,c4e9jus7bhug00afcs6g
dcc3db06-dcda-43ae-92bc-972de395fc82,c4e9ou8kqp4g00aan6bg
dcc6d29a-8850-4c71-af0f-2c32ffde1033,c4e9juv2551g00d1hig0
dcc6d29a-8850-4c71-af0f-2c32ffde1033,c4e9ougqui1g00dcsjm0
dcca6a38-dc36-4c01-bac3-9637f3a8cf3b,c4e9jv30tnc000c84v6g
dcca6a38-dc36-4c01-bac3-9637f3a8cf3b,c4e9ouic0ku000ap4ae0
dccf7b5c-d047-4187-b816-70d97b7a03ec,co8chr98t1lg00a7oeqg
dccf7b5c-d047-4187-b816-70d97b7a03ec,co8chrif6nn0008tu4e0
dce208e6-e273-4c75-b9f7-f27909a9b6f3,c4e9jv3vdq3000evtbp0
dce208e6-e273-4c75-b9f7-f27909a9b6f3,c4e9ounf3f9g0080s210
dce4810e-8737-4ea9-bf28-c88b5e091afb,cobm1ehg8bvg00b4ildg
dce4810e-8737-4ea9-bf28-c88b5e091afb,cobm1emudun000ehr1vg
dcec4552-271a-460f-833e-cd94f04fdb90,c4e9k54o26gg008qp9dg
dcec4552-271a-460f-833e-cd94f04fdb90,c4e9p192rh1g009f4i10
dcf39028-d1f6-497e-9390-7fdb6eade353,cei03g3tr21000f59rt0
dcf39028-d1f6-497e-9390-7fdb6eade353,cei03g7rci6g009ntj40
dd17a038-19bb-4f32-9219-6dab2d2242ab,cngl6a1miud0009pv0s0
dd17a038-19bb-4f32-9219-6dab2d2242ab,cngl6ab0ekp0008urtjg
dd198ef9-2c32-4bec-b36a-54492633b2da,co8chrn9iisg009u7ln0
dd198ef9-2c32-4bec-b36a-54492633b2da,co8chrrrfj6g00ai0u60
dd229039-e2e2-4812-a866-677e10616330,cobm1eiase3000bm2390
dd229039-e2e2-4812-a866-677e10616330,cobm1epgkbk0009imno0
dd3bfcc5-cf3f-44de-8093-f4cbb8be217c,c4e9jv4fjb0000cm07sg
dd3bfcc5-cf3f-44de-8093-f4cbb8be217c,c4e9ouhlms9g00depj9g
dd4a60dc-81ad-45fa-812c-d7f81b7b5e22,cocb3vir4qng00af4v5g
dd4a60dc-81ad-45fa-812c-d7f81b7b5e22,cocb3vrnofvg00bg3da0
dd64401c-faab-4867-b4dd-b2f3752dd163,cod07ch8t1lg00a8oq30
dd64401c-faab-4867-b4dd-b2f3752dd163,cod07ciase3000bma6c0
dd70bf2e-07ee-417e-9fbf-b7b8a320002d,c4e9jv4bq3o000abupd0
dd70bf2e-07ee-417e-9fbf-b7b8a320002d,c4e9p1bvdq3000evtdgg
dd8c67e6-db8d-4227-aca1-8f9d2cdc7a97,c4e9k547bhug00afcs9g
dd8c67e6-db8d-4227-aca1-8f9d2cdc7a97,c4e9ouggdkfg00ckepg0
dd8f8dde-1f85-479a-890a-68fd49be76bd,cobm1eo7ov20008hm0fg
dd8f8dde-1f85-479a-890a-68fd49be76bd,cobm1eoim8r000ftd93g
dd94930d-63e3-4588-aaab-2105e46e5b4c,cocb3vo1277000eh05g0
dd94930d-63e3-4588-aaab-2105e46e5b4c,cocb3vt7tiqg00apf140
dda65e88-5d83-4cbf-9b31-cc1f0945ceed,cfabl3s4op8000de70dg
dda65e88-5d83-4cbf-9b31-cc1f0945ceed,cfabl42qhpqg00ctg0bg
ddc34f8c-16f2-4d52-a7a2-180ff9af0214,cocb3vp9galg00d2tgh0
ddc34f8c-16f2-4d52-a7a2-180ff9af0214,cocb3vs10vk0008899h0
ddd949cb-1b0b-4f2f-897b-37b315ccc07d,c4e9k54o26gg008qp9e0
ddd949cb-1b0b-4f2f-897b-37b315ccc07d,c4e9oup2rh1g009f4i0g
de122264-5bc8-4423-8632-73630f122450,c4e9jv47bhug00afcs70
de122264-5bc8-4423-8632-73630f122450,c4e9ouso26gg008qpbb0
de14cbaf-cde7-4c4e-afd5-a05a7fbcf140,coabrmaf6nn0008u36u0
de14cbaf-cde7-4c4e-afd5-a05a7fbcf140,coabrmei5iag009uili0
de25e42c-ec7e-4d5a-ad35-0c0301b47511,codla699galg00d31260
de25e42c-ec7e-4d5a-ad35-0c0301b47511,codla6d7tiqg00apivt0
de2da392-1528-4101-b000-3eae9967a3e0,cp0p0u3rfj6g00am2qs0
de2da392-1528-4101-b000-3eae9967a3e0,cp0p0uar4qng00ai7n7g
de3089e0-d746-4aaf-80cf-f2f122443adb,c4e9jv1lms9g00dephkg
de3089e0-d746-4aaf-80cf-f2f122443adb,c4e9ov72551g00d1hk1g
de33f9cf-ada8-4da0-bdbc-c8e64b432350,c4e9jv6lljag008akpi0
de33f9cf-ada8-4da0-bdbc-c8e64b432350,c4e9ov7deto00089se4g
de369da6-3c0e-4c9e-ab8c-a6c1b13a722f,cocb4019galg00d2tgi0
de369da6-3c0e-4c9e-ab8c-a6c1b13a722f,cocb402f6nn0008uqn10
de475918-e836-4d54-af10-e55a23456ef8,cngl6aeudun000eckukg
de475918-e836-4d54-af10-e55a23456ef8,cngl6afs7se0009tosrg
de52a459-e7f2-45be-a948-3a698ae13b2d,cocb4001qiv000f3p8jg
de52a459-e7f2-45be-a948-3a698ae13b2d,cocb4045646000ck7rbg
de6682cc-70f7-4383-8ab4-402b4caf3615,c4e9k54mi4og00d2bqhg
de6682cc-70f7-4383-8ab4-402b4caf3615,c4e9p230tnc000c850p0
de69c3fa-71a4-41f0-a583-62de2e3bf6ff,cohjs29qkol000aaugog
de69c3fa-71a4-41f0-a583-62de2e3bf6ff,cohjs2g1277000ehofqg
de70f5f6-c88a-4e25-8ac0-442e193ba7c6,c4e9k512rh1g009f4gcg
de70f5f6-c88a-4e25-8ac0-442e193ba7c6,c4e9ove1ja2g00ccf9vg
deac0f29-bab4-4ce8-905c-f8041b7c0ba8,cp03u50n2q9g00f4arn0
deac0f29-bab4-4ce8-905c-f8041b7c0ba8,cp03u57lrmbg00ba2ek0
dece11e7-cce9-4784-9c84-b20834bbcb80,c4e9jv7tarsg00au3ov0
dece11e7-cce9-4784-9c84-b20834bbcb80,c4e9ov96lb7g00ceiu0g
deda638f-ffa0-4fbc-bc16-35203ae67c6a,c4e9jv61ja2g00ccf890
deda638f-ffa0-4fbc-bc16-35203ae67c6a,c4e9p212rh1g009f4i1g
deeb1bdf-c4bf-4104-85d7-097fd55ddbb4,c4e9jvalpbg0009nutm0
deeb1bdf-c4bf-4104-85d7-097fd55ddbb4,c4e9ovc7bhug00afcu00
deec2baf-963d-439e-a266-7835e99e016d,cogupmpqkol000aas8t0
deec2baf-963d-439e-a266-7835e99e016d,cogupn410vk00088sks0
deff7683-7c6e-4958-a323-a6e0a72e1053,c4e9jvdksi2g00c0uq30
deff7683-7c6e-4958-a323-a6e0a72e1053,c4e9ovgkqp4g00aan6cg
df0b7e2d-4b79-4a42-b1f5-3d1e13091696,c4e9k50kqp4g00aan4k0
df0b7e2d-4b79-4a42-b1f5-3d1e13091696,c4e9ovlnv8a0008hc4q0
df133366-3104-4c4a-8d0c-3f376d7bbc11,c4e9k57tarsg00au3p20
df133366-3104-4c4a-8d0c-3f376d7bbc11,c4e9p2211o1g008c02n0
df176753-4fb8-42e7-898c-ff38412f0923,c4e9jv8kqp4g00aan4i0
df176753-4fb8-42e7-898c-ff38412f0923,c4e9ovsfjb0000cm09mg
df1908bd-8f98-4cdf-8803-7d103c2a6c6e,c4e9jvk7bhug00afcs7g
df1908bd-8f98-4cdf-8803-7d103c2a6c6e,c4e9ovq11o1g008c02lg
df1f23eb-cec1-4197-90a8-9a09d6e35b42,c4e9jvnf3f9g0080s070
df1f23eb-cec1-4197-90a8-9a09d6e35b42,c4e9p07orvtg00d0ahmg
df20ec10-7772-4512-9a19-255e0faff0d8,cpd68r1qkol000aetseg
df20ec10-7772-4512-9a19-255e0faff0d8,cpd68r9g8bvg00b9i3l0
df4578ca-40a0-11e9-9d31-00505681224b,c4en4fcvfoog00ds6et0
df4578ca-40a0-11e9-9d31-00505681224b,c4en59vf3f9g0080vq2g
df4578cb-40a0-11e9-b522-00505681224b,c4en4ff2551g00d1ktsg
df4578cb-40a0-11e9-b522-00505681224b,c4en59v2551g00d1ku9g
df4578cc-40a0-11e9-8a77-00505681224b,c4en4ffl13i0009rbifg
df4578cc-40a0-11e9-8a77-00505681224b,c4en59qc0ku000ap88ig
df4578ce-40a0-11e9-a98c-00505681224b,c4en4frvdq3000f01ne0
df4578ce-40a0-11e9-a98c-00505681224b,c4en59tksi2g00c12jo0
df4578cf-40a0-11e9-932d-00505681224b,c4en4fsmi4og00d2f7t0
df4578cf-40a0-11e9-932d-00505681224b,c4en59vf3f9g0080vq30
df4578d4-40a0-11e9-a4af-00505681224b,c4en4g2c0ku000ap8810
df4578d4-40a0-11e9-a4af-00505681224b,c4en59vl13i0009rbisg
df4578d5-40a0-11e9-b628-00505681224b,c4en4g30tnc000c88k0g
df4578d5-40a0-11e9-b628-00505681224b,c4en5a30tnc000c88kh0
df4578d7-40a0-11e9-9e5e-00505681224b,c4en4g4bq3o000ac2b1g
df4578d7-40a0-11e9-9e5e-00505681224b,c4en5ac7bhug00afg97g
df4578d9-40a0-11e9-b114-00505681224b,c4en4g9lms9g00det17g
df4578d9-40a0-11e9-b114-00505681224b,c4en5aac0ku000ap88j0
df4578ed-40a0-11e9-9d12-00505681224b,c4en4gcvfoog00ds6etg
df4578ed-40a0-11e9-9d12-00505681224b,c4en5alnv8a0008hfuh0
df4578f2-40a0-11e9-875c-00505681224b,c4en4ge1ja2g00ccikjg
df4578f2-40a0-11e9-875c-00505681224b,c4en5arvdq3000f01o10
df4578f3-40a0-11e9-b30a-00505681224b,c4en4gdksi2g00c12j9g
df4578f3-40a0-11e9-b30a-00505681224b,c4en5avl13i0009rbit0
df457931-40a0-11e9-928e-00505681224b,c4en4gelljag008aoh0g
df457931-40a0-11e9-928e-00505681224b,c4en5b6lljag008aohdg
df457932-40a0-11e9-9ac5-00505681224b,c4en4gqlpbg0009o2k10
df457932-40a0-11e9-9ac5-00505681224b,c4en5b4fjb0000cm4ed0
df457933-40a0-11e9-a3a8-00505681224b,c4en4gvtarsg00au7cs0
df457933-40a0-11e9-a3a8-00505681224b,c4en5b7f3f9g0080vq40
df457934-40a0-11e9-94ed-00505681224b,c4en4gvdeto00089vvng
df457934-40a0-11e9-94ed-00505681224b,c4en5b5ksi2g00c12jpg
df52880f-309b-41eb-9638-7149774178ab,cocb40brfj6g00aiufj0
df52880f-309b-41eb-9638-7149774178ab,cocb40d7tiqg00apf15g
df69fdbf-ba3c-47cb-a322-23d26acd4c38,c4e9jvj0tnc000c84v80
df69fdbf-ba3c-47cb-a322-23d26acd4c38,c4e9p00qui1g00dcsjmg
df6de548-1cb8-4aa6-8512-5861ae7ab165,cngl6aei5iag009pbcg0
df6de548-1cb8-4aa6-8512-5861ae7ab165,cngl6an3r4d000et7ro0
df821a7e-98bc-4e3f-86db-74a36a7ee9c7,cocb4087ov20008hqv3g
df821a7e-98bc-4e3f-86db-74a36a7ee9c7,cocb408im8r000ftid60
df866cc9-4c71-4dde-94fd-17b4c9469858,cp0p0u98t1lg00ablv30
df866cc9-4c71-4dde-94fd-17b4c9469858,cp0p0u9miud000a2703g
df8bf5c6-1824-11e8-80c3-00505681224b,c4dtn2rvdq3000evljv0
df8bf5c6-1824-11e8-80c3-00505681224b,c4dtngvtarsg00atsrf0
df8d9f29-52ee-4438-b4c8-d68ea5ac4b6f,c4e9k53vdq3000evtbrg
df8d9f29-52ee-4438-b4c8-d68ea5ac4b6f,c4e9p0elljag008akrdg
dfb0e950-0685-4519-a324-4436a8d4008d,c4e9jvu22pr000dqlfs0
dfb0e950-0685-4519-a324-4436a8d4008d,c4e9p2v2551g00d1hk4g
dfc49540-d3a9-442a-84ef-a69b1bc7adfb,cogupn1miud000a02feg
dfc49540-d3a9-442a-84ef-a69b1bc7adfb,cogupn3rfj6g00ajl9sg
dfd1894f-56c4-4390-a891-4659eb59b484,cee02050p0eg0097h020
dfd1894f-56c4-4390-a891-4659eb59b484,cee0207lle4000982shg
dff0deff-1411-4c8d-bf88-c7c0105f6bf5,c4e9k072551g00d1hihg
dff0deff-1411-4c8d-bf88-c7c0105f6bf5,c4e9p5mlljag008akrfg
e015afb6-9dc4-449a-b05f-48fdfd45b22c,codla6jrfj6g00aj2n80
e015afb6-9dc4-449a-b05f-48fdfd45b22c,codla6pjhmbg00fgf8c0
e042111a-8688-11e9-ad93-00505681224b,c4epht6lljag008aplug
e042111a-8688-11e9-ad93-00505681224b,c4ephvu22pr000dqpvj0
e04a3c53-eb45-4e5e-90be-426d693ff837,c4e9k04u12qg0096pke0
e04a3c53-eb45-4e5e-90be-426d693ff837,c4e9p1i11o1g008c02mg
e04b8738-8688-11e9-89dd-00505681224b,c4epht61ja2g00ccjph0
e04b8738-8688-11e9-89dd-00505681224b,c4ephvtksi2g00c13s10
e058f510-8688-11e9-bfdc-00505681224b,c4ephsokqp4g00aarm90
e058f510-8688-11e9-bfdc-00505681224b,c4ephvi11o1g008c4hdg
e05e9a86-8688-11e9-8db5-00505681224b,c4ephsulljag008aplu0
e05e9a86-8688-11e9-8db5-00505681224b,c4ephvnf3f9g008110tg
e06662e8-8688-11e9-bd4d-00505681224b,c4ephsso26gg008qutng
e06662e8-8688-11e9-bd4d-00505681224b,c4ephvgqui1g00dd15rg
e06bba3a-8688-11e9-b9e2-00505681224b,c4ephsplms9g00deu6dg
e06bba3a-8688-11e9-b9e2-00505681224b,c4ephvtksi2g00c13s0g
e06d09e6-e129-4bbf-837f-0e7d59589d47,c4e9k07tarsg00au3p00
e06d09e6-e129-4bbf-837f-0e7d59589d47,c4e9p1kmi4og00d2bs7g
e07ad5d0-8688-11e9-b473-00505681224b,c4ephssmi4og00d2gd0g
e07ad5d0-8688-11e9-b473-00505681224b,c4ephvvorvtg00d0f76g
e0805434-8688-11e9-9248-00505681224b,c4ephssvfoog00ds7jtg
e0805434-8688-11e9-9248-00505681224b,c4ephvoqui1g00dd15s0
e085f9a8-8688-11e9-a021-00505681224b,c4ephsvl13i0009rcr60
e085f9a8-8688-11e9-a021-00505681224b,c4ephvjjknf000ams61g
e08b5762-ed80-4635-9763-c5dde1cc8a82,c4e9k0rjknf000amneug
e08b5762-ed80-4635-9763-c5dde1cc8a82,c4e9p1mlljag008akreg
e08db4f0-c8b4-4b5c-9953-5aafa6f2eaef,c4e9k0elljag008akpig
e08db4f0-c8b4-4b5c-9953-5aafa6f2eaef,c4e9p1ndeto00089se6g
e098e5e2-8688-11e9-9fb5-00505681224b,c4ephsqlpbg0009o3qug
e098e5e2-8688-11e9-9fb5-00505681224b,c4ephvk7bhug00afhe50
e0b814ae-ce29-4a5d-aa4e-d02f56f24568,cngl6ag1277000ebeqqg
e0b814ae-ce29-4a5d-aa4e-d02f56f24568,cngl6ag7ov20008cb6vg
e0c17378-3856-4b03-95c1-d87ab18292aa,cei03g44op8000dbpkqg
e0c17378-3856-4b03-95c1-d87ab18292aa,cei03g5t0el000febvp0
e0d3d474-5781-49e9-b4d4-0eeec3071eb1,c4e9k54vfoog00ds2vd0
e0d3d474-5781-49e9-b4d4-0eeec3071eb1,c4e9p1svfoog00ds3110
e0d640cc-2479-40ea-8242-ea69aa9b5b6e,c4e9k55nv8a0008hc300
e0d640cc-2479-40ea-8242-ea69aa9b5b6e,c4e9p596lb7g00ceiu20
e0ed95d3-fe08-411e-853d-81117173d078,c4e9kbsu12qg0096pkfg
e0ed95d3-fe08-411e-853d-81117173d078,c4e9p5ff3f9g0080s230
e0f48efc-6d00-49bb-ac41-e654327f0bdd,cngl5q45646000ceq3u0
e0f48efc-6d00-49bb-ac41-e654327f0bdd,cngl5qbnofvg00barm70
e11601a8-b7ca-443d-aeb0-8c0f3730a92a,cocb4081277000eh05h0
e11601a8-b7ca-443d-aeb0-8c0f3730a92a,cocb40hjhmbg00fgbfi0
e11b3eaa-749b-4c13-ac58-42407be2fa20,co72bumudun000egmvf0
e11b3eaa-749b-4c13-ac58-42407be2fa20,co72bun3r4d000f1fc7g
e1267358-93f9-11e8-9900-00505681224b,c4ephsplms9g00deu6d0
e1267358-93f9-11e8-9900-00505681224b,c4ephvndeto0008a161g
e12b3636-93f9-11e8-8ae6-00505681224b,c4ephssvfoog00ds7jt0
e12b3636-93f9-11e8-8ae6-00505681224b,c4ephvku12qg0096umk0
e12bee6f-d62c-4d79-b3a0-3980a2e04079,com7gvi8kqpg00atpfeg
e12bee6f-d62c-4d79-b3a0-3980a2e04079,com7gvrai11g00d7pge0
e12d97a6-93f9-11e8-a1d8-00505681224b,c4ephsu22pr000dqpvbg
e12d97a6-93f9-11e8-a1d8-00505681224b,c4ephvlnv8a0008hh6n0
e1325a82-93f9-11e8-8c4d-00505681224b,c4ephssbq3o000ac3h60
e1325a82-93f9-11e8-8c4d-00505681224b,c4ephvndeto0008a1620
e1371d62-93f9-11e8-86aa-00505681224b,c4ephsj0tnc000c89qa0
e1371d62-93f9-11e8-86aa-00505681224b,c4ephvm22pr000dqpvhg
e143c11b-a752-4e6c-99ef-8f67a9ad23f8,cechbsfrci6g009na710
e143c11b-a752-4e6c-99ef-8f67a9ad23f8,cechel9uln7g008v01lg
e15cd53c-43f0-4ce3-a322-0a3412469725,c4e9k5cfjb0000cm07ug
e15cd53c-43f0-4ce3-a322-0a3412469725,c4e9p5kfjb0000cm09o0
e1781f34-743b-4962-8751-e6c5d3d764ee,co8chrqase3000blcjjg
e1781f34-743b-4962-8751-e6c5d3d764ee,co8chrqf6nn0008tu4eg
e1828769-aefe-4875-a979-ab2e6c78085f,cech9mnlle400097rr9g
e1828769-aefe-4875-a979-ab2e6c78085f,cechejmea3q000888sj0
e1830dea-9829-40bc-8e19-aae8fe44e0cd,c4e9kbvdeto00089scig
e1830dea-9829-40bc-8e19-aae8fe44e0cd,c4e9p5ac0ku000ap4ah0
e1a79652-1439-42ea-a8a3-25dd32ed4de1,cocb3v9jhmbg00fgbfg0
e1a79652-1439-42ea-a8a3-25dd32ed4de1,cocb3vaase3000bm6vmg
e1b5ca10-8e39-4e69-ae1d-40ecd4f4a3ea,com7gvo1277000eifcd0
e1b5ca10-8e39-4e69-ae1d-40ecd4f4a3ea,com7h01g8bvg00b61kr0
e1c61c5c-f627-4896-aeac-6fccc71937f1,co72buo1qiv000f2dfug
e1c61c5c-f627-4896-aeac-6fccc71937f1,co72bupjhmbg00ff16tg
e1d89d18-ee5c-43d9-8bdb-f9ee91fc37fc,cod07coim8r000ftlotg
e1d89d18-ee5c-43d9-8bdb-f9ee91fc37fc,cod07cp9galg00d30nsg
e1e1aaf5-ed8c-464b-9872-c26846da3008,c4e9k592rh1g009f4gd0
e1e1aaf5-ed8c-464b-9872-c26846da3008,c4e9p5h6lb7g00ceiu2g
e1ecd50e-e14e-4cd0-9c3a-f5f825daa5ce,c4e9k5fdeto00089sch0
e1ecd50e-e14e-4cd0-9c3a-f5f825daa5ce,c4e9p5hlms9g00depjd0
e1f0886c-4882-45b1-b333-306480644195,c4e9k596lb7g00ceisj0
e1f0886c-4882-45b1-b333-306480644195,c4e9p296lb7g00ceiu1g
e209ae3d-f5ca-4989-83fb-1eada3428a86,c4e9k58kqp4g00aan4kg
e209ae3d-f5ca-4989-83fb-1eada3428a86,c4e9p28qui1g00dcsjn0
e21d50b0-f03a-46d8-9fcd-4e00877ccf4c,co8chrv3r4d000f1v3g0
e21d50b0-f03a-46d8-9fcd-4e00877ccf4c,co8chs2f6nn0008tu4f0
e224dc71-9955-4c6a-a650-ebb50fff6df2,c4e9k58qui1g00dcsi2g
e224dc71-9955-4c6a-a650-ebb50fff6df2,c4e9p5nl13i0009r7j30
e22c3a96-3119-4910-a9c3-a5e07c8a0e01,co8chs45646000cjdis0
e22c3a96-3119-4910-a9c3-a5e07c8a0e01,co8chs6i5iag009ucqdg
e2640d59-8fdf-4484-9d25-6894985abd63,c4e9kbsbq3o000abupi0
e2640d59-8fdf-4484-9d25-6894985abd63,c4e9p5ftarsg00au3qtg
E27C9C44-3B96-49CD-9DE9-CDFDD853DA09,c5kfqlfl13i0009v3j2g
E27C9C44-3B96-49CD-9DE9-CDFDD853DA09,c5kfqmdksi2g00c4m7gg
e27da9f9-5b5a-4a50-b1d1-f01d14cec43b,cf8c7n9eff7g00av1q1g
e27da9f9-5b5a-4a50-b1d1-f01d14cec43b,cf8c7nppr5lg00cggbsg
e2a41301-4680-4b0f-8f31-5a27452b0567,coabrmjai11g00d5pd00
e2a41301-4680-4b0f-8f31-5a27452b0567,coabrmk10vk00087j9hg
e2c58942-4802-4552-a6a2-852e281ee921,c4e9k5co26gg008qp9eg
e2c58942-4802-4552-a6a2-852e281ee921,c4e9p32c0ku000ap4ag0
e2d35307-be0f-439a-a34c-74189f51dd83,cp03u599galg00d5l3qg
e2d35307-be0f-439a-a34c-74189f51dd83,cp03u5dorq7g008q9h4g
e306bf8a-8556-4cac-92af-f65afe510cd0,cf8c7nqqhpqg00ct7g00
e306bf8a-8556-4cac-92af-f65afe510cd0,cf8c7nuea3q0008b14r0
e310a9eb-0b25-4b10-9501-e4dff8d5f7b7,c4e9kbqlpbg0009nutq0
e310a9eb-0b25-4b10-9501-e4dff8d5f7b7,c4e9p3211o1g008c02ng
e31a6a37-59ee-43e5-b06d-640ce9c2b71c,co8chs3nofvg00bf9hhg
e31a6a37-59ee-43e5-b06d-640ce9c2b71c,co8chs81277000eg3m30
e32553f1-3d23-4494-b777-c666eb0c84b0,cogupn81277000ehltdg
e32553f1-3d23-4494-b777-c666eb0c84b0,cogupn9g8bvg00b5ajv0
e33b2854-7ec7-444a-a0a8-45c274590993,co8chs9g8bvg00b3t0j0
e33b2854-7ec7-444a-a0a8-45c274590993,co8chsei5iag009ucqe0
e33bdae6-ea0d-47ea-97da-e0b45db59cd0,cngl6aovhjtg00d6lc80
e33bdae6-ea0d-47ea-97da-e0b45db59cd0,cngl6as5646000ceq440
e3496d37-041e-4a8f-9a75-99c4438c3f7c,cech9ghpr5lg00cdko40
e3496d37-041e-4a8f-9a75-99c4438c3f7c,cecherbtr21000f4mdng
e357fe43-1e96-4b02-a254-c3d1cac9f5e2,cogupneudun000eiip6g
e357fe43-1e96-4b02-a254-c3d1cac9f5e2,cogupniase3000bmpmc0
e37b1ca2-c4d5-49c8-a7c7-62dbbe1fe416,coabrmk5646000cji0u0
e37b1ca2-c4d5-49c8-a7c7-62dbbe1fe416,coabrmlqk3gg00cghc1g
e37c8547-0794-4dbd-a20c-76430ca1021a,coabqsvlrmbg00b6etsg
e37c8547-0794-4dbd-a20c-76430ca1021a,coabqt79iisg009ucerg
e3844d8c-4abb-4c60-8fbe-87830bb72530,cf8c7npeff7g00av1q2g
e3844d8c-4abb-4c60-8fbe-87830bb72530,cf8c7npqn33g00fs5t00
e3a4dadb-04dc-44ca-972d-475838520e94,c4e9k5alpbg0009nuto0
e3a4dadb-04dc-44ca-972d-475838520e94,c4e9p7e22pr000dqlhmg
e3c482c4-b864-4909-b309-4077a904c4db,cogupnif6nn0008vgv10
e3c482c4-b864-4909-b309-4077a904c4db,cogupnn3r4d000f3j1og
e3cb5393-43a7-4bcb-a581-bce801791a69,cf8c7nt0p0eg0099uhf0
e3cb5393-43a7-4bcb-a581-bce801791a69,cf8c7ntcpqj000e98na0
e3cb77ee-2779-47c3-899d-4296263e457b,cpd68r45646000conm00
e3cb77ee-2779-47c3-899d-4296263e457b,cpd68r98t1lg00adq6f0
e3fcfb93-21b2-4368-8cf6-d949f15600fb,c4e9kbvf3f9g0080s0c0
e3fcfb93-21b2-4368-8cf6-d949f15600fb,c4e9p5i11o1g008c02o0
e4031a1d-89c2-4e33-adf1-87b363e8fbdd,c4e9kbp6lb7g00ceiskg
e4031a1d-89c2-4e33-adf1-87b363e8fbdd,c4e9p5kmi4og00d2bs9g
e4168202-954c-420a-aaf9-a08b9aefea54,c4e9k5cfjb0000cm07v0
e4168202-954c-420a-aaf9-a08b9aefea54,c4e9p5ilpbg0009nuvfg
e41d4d8e-e81a-4224-96bd-7d2513163d09,cocb3vaase3000bm6vng
e41d4d8e-e81a-4224-96bd-7d2513163d09,cocb3vdqk3gg00ch768g
e42c7f1e-be2c-4994-ae96-78026d4e4b98,cei03fuea3q00088st1g
e42c7f1e-be2c-4994-ae96-78026d4e4b98,cei03g1eff7g00at0hig
e451f77e-13b4-4b3a-bd78-6633261024ac,cogupnrn5d9000e2fu60
e451f77e-13b4-4b3a-bd78-6633261024ac,cogupntorq7g008o212g
e463cd34-8096-4822-ae27-ce7f56959a61,c4e9k5cbq3o000abupgg
e463cd34-8096-4822-ae27-ce7f56959a61,c4e9p5ko26gg008qpbe0
e468a040-14a1-4ce4-acbc-6b090bdaf8d1,coabrmpqkol000a9i750
e468a040-14a1-4ce4-acbc-6b090bdaf8d1,coabrmrnofvg00bfdui0
e4954aef-f97b-4a4a-9af0-6e2c6c723a54,cod07co1qiv000f3sre0
e4954aef-f97b-4a4a-9af0-6e2c6c723a54,cod07cqf6nn0008uua7g
e4a8ed20-ad74-4120-9307-508ba08996b6,c4en4he22pr000dqoqr0
e4a8ed20-ad74-4120-9307-508ba08996b6,c4en5aelljag008aohd0
e4ac55da-21fb-4cd2-bd8b-53507ffd2c61,c4e9k5fl13i0009r7h9g
e4ac55da-21fb-4cd2-bd8b-53507ffd2c61,c4e9p5gqui1g00dcsjo0
e4cf4a68-fa15-4489-9424-6bcb3c02aacb,cnnt74410vk00083mkg0
e4cf4a68-fa15-4489-9424-6bcb3c02aacb,cnnt7499galg00cu4nf0
e4f4542f-7596-4596-b11e-5c1ccb22b2b1,c4e9k5ntarsg00au3p30
e4f4542f-7596-4596-b11e-5c1ccb22b2b1,c4e9p83vdq3000evtdjg
e50bd563-cd2a-434b-8c59-d1a98a1e5190,c4e9k5n2551g00d1hiig
e50bd563-cd2a-434b-8c59-d1a98a1e5190,c4e9p5h2rh1g009f4i3g
e52c4c59-d18d-43ba-bb1f-4e1aa3be2938,c4e9k5j0tnc000c84vb0
e52c4c59-d18d-43ba-bb1f-4e1aa3be2938,c4e9p5lksi2g00c0urqg
e531ad8a-91eb-4761-8811-3f029d8b5f3a,c4e9k5h2rh1g009f4gdg
e531ad8a-91eb-4761-8811-3f029d8b5f3a,c4e9p87orvtg00d0ahqg
e5344438-f157-4b67-a757-842ff9b09d25,c4e9k5kbq3o000abuph0
e5344438-f157-4b67-a757-842ff9b09d25,c4e9p80gdkfg00ckepj0
e5399170-4c07-48bd-afac-a2a59da225ef,cocb3vg1qiv000f3p8j0
e5399170-4c07-48bd-afac-a2a59da225ef,cocb3vn9iisg009v31q0
e542e0af-c7da-40df-be41-a5d44dd9eadd,c4e9k5lnv8a0008hc31g
e542e0af-c7da-40df-be41-a5d44dd9eadd,c4e9p5ulljag008akrg0
e54b108a-d15f-4588-9ebe-dbfc0753d257,cnp7di8im8r000fotngg
e54b108a-d15f-4588-9ebe-dbfc0753d257,cnp7dibnofvg00bbp5fg
e5524b76-46be-4a5f-9cbf-d02112401329,c4e9kbr0tnc000c84vcg
e5524b76-46be-4a5f-9cbf-d02112401329,c4e9p5vl13i0009r7j3g
e5576b7c-7586-4888-8686-9f064b57e765,cogupo07ov20008iem6g
e5576b7c-7586-4888-8686-9f064b57e765,cogupo79iisg009vnqlg
e573ce4f-2933-4093-83ad-c210e0c60b0d,c4e9k5so26gg008qp9f0
e573ce4f-2933-4093-83ad-c210e0c60b0d,c4e9p86lljag008akri0
e5787f03-9ac1-4947-8f24-ed2ee8874ca6,cp03u5g7ov20008ki33g
e5787f03-9ac1-4947-8f24-ed2ee8874ca6,cp03u5nlrmbg00ba2el0
e59cce63-d5a7-4a4a-ac7b-d5932f447336,cee020iqhpqg00cqo3cg
e59cce63-d5a7-4a4a-ac7b-d5932f447336,cee020m3mlvg0091osqg
e5c98776-fa80-4dd6-a60d-1821c3ee7017,c4e9kbulljag008akpn0
e5c98776-fa80-4dd6-a60d-1821c3ee7017,c4e9p7s7bhug00afcu3g
e5ea32f5-8c10-4fa6-af81-c4474bafbba9,cogup3410vk00088skhg
e5ea32f5-8c10-4fa6-af81-c4474bafbba9,cogup35orq7g008o20p0
e5f8db1e-f22b-42c2-93f6-ac62ebaaf58a,coabrmp8t1lg00a7thqg
e5f8db1e-f22b-42c2-93f6-ac62ebaaf58a,coabrn3rfj6g00ai6bmg
e61ef077-4972-4a2b-a917-936b164043e7,c4e9kbtksi2g00c0uq5g
e61ef077-4972-4a2b-a917-936b164043e7,c4e9p5smi4og00d2bsa0
e64641fb-5476-4d36-b8bc-8486bdf37898,cngl6av9iisg009pp12g
e64641fb-5476-4d36-b8bc-8486bdf37898,cngl6b3nofvg00barmc0
e648cd58-0c02-492f-acf5-43f4f40123e5,c4e9kbqc0ku000ap48jg
e648cd58-0c02-492f-acf5-43f4f40123e5,c4e9p5q11o1g008c02p0
e6548d6a-c30e-499e-99e6-0080e2abc16e,cngl9207ov20008cb79g
e6548d6a-c30e-499e-99e6-0080e2abc16e,cngl92f3r4d000et7s00
e65ef281-93b1-4790-b454-eb386b5debb9,cee020m3mlvg0091osq0
e65ef281-93b1-4790-b454-eb386b5debb9,cee020nlle4000982sm0
e6685933-3c12-45a3-b5d3-bf1c1a356d4d,cee020nrci6g009ngqg0
e6685933-3c12-45a3-b5d3-bf1c1a356d4d,cee020nrci6g009ngqh0
e678317c-ab90-49be-844d-7ea434b10493,c4e9khrvdq3000evtc10
e678317c-ab90-49be-844d-7ea434b10493,c4e9p5ogdkfg00ckepi0
e679f60a-eab8-4ac0-81d5-8b28081a7cde,cnv582t7tiqg00allmpg
e679f60a-eab8-4ac0-81d5-8b28081a7cde,cnv5833ai11g00d2oic0
e68f51fb-8871-4352-b229-46de00c4d2eb,c4e9khq11o1g008c016g
e68f51fb-8871-4352-b229-46de00c4d2eb,c4e9p7smi4og00d2bsag
e6b32641-eefb-4d58-9553-dd43d09ee8ec,cocb3vh8t1lg00a8l5vg
e6b32641-eefb-4d58-9553-dd43d09ee8ec,cocb3vjrfj6g00aiufi0
e6d39c4f-a2f3-4629-921e-eac3ce65be25,cnnt74bnofvg00bbjc5g
e6d39c4f-a2f3-4629-921e-eac3ce65be25,cnnt74jrfj6g00adt43g
e6d97f2b-5ca6-4bf4-9b0b-78cf66542a99,c4e9kc4o26gg008qp9hg
e6d97f2b-5ca6-4bf4-9b0b-78cf66542a99,c4e9p7u1ja2g00ccfa0g
e6e1b3a2-835d-4f5a-9771-6cc92354baaa,c4e9kc5nv8a0008hc33g
e6e1b3a2-835d-4f5a-9771-6cc92354baaa,c4e9p5vf3f9g0080s240
e6e9149d-ebe8-44fe-94f5-d08dd4b793f5,cocb3vtorq7g008ncen0
e6e9149d-ebe8-44fe-94f5-d08dd4b793f5,cocb3vuudun000ehvuvg
e6f31e01-28bb-4327-8c7e-67e383de7d2c,co8chs8n2q9g00f0iac0
e6f31e01-28bb-4327-8c7e-67e383de7d2c,co8chsif6nn0008tu4fg
e6f42344-a12a-435d-a6da-faf99349f6ab,cei03g3o765000di6h30
e6f42344-a12a-435d-a6da-faf99349f6ab,cei03g44op8000dbpkr0
e70871b1-ead7-4d2f-b82e-22682f44d84d,c4e9kc7l13i0009r7hc0
e70871b1-ead7-4d2f-b82e-22682f44d84d,c4e9p63jknf000amngl0
e740fdf4-f481-4de9-8b89-7ee85d449a11,c4e9khqc0ku000ap48mg
e740fdf4-f481-4de9-8b89-7ee85d449a11,c4e9p64fjb0000cm09p0
e74ac195-5088-4aa8-8dca-e6c4e4f0035d,c4e9kc7tarsg00au3p4g
e74ac195-5088-4aa8-8dca-e6c4e4f0035d,c4e9p7svfoog00ds3150
e7574d55-d1b5-4762-a94c-f8353b9dc990,coevg49g8bvg00b4vd60
e7574d55-d1b5-4762-a94c-f8353b9dc990,coevg4aase3000bmem9g
e75a5d63-6f7b-484b-8e8e-3b850d7104c8,c4e9kc7f3f9g0080s0cg
e75a5d63-6f7b-484b-8e8e-3b850d7104c8,c4e9p6dksi2g00c0urr0
e75b6730-f1d0-4021-94b3-3e605ae63862,c4e9kc2lpbg0009nutqg
e75b6730-f1d0-4021-94b3-3e605ae63862,c4e9p6f2551g00d1hk5g
e76a4b29-f043-497a-bb42-f4e4dff5ecee,c4e9khoqui1g00dcsi50
e76a4b29-f043-497a-bb42-f4e4dff5ecee,c4e9p6nf3f9g0080s24g
e7730fc2-35d4-43cc-8887-9b3349e5f688,co8chshjhmbg00ffg8n0
e7730fc2-35d4-43cc-8887-9b3349e5f688,co8chsn3r4d000f1v3hg
e77c7801-38b3-48fe-96df-0be18302bd07,c4e9kc8kqp4g00aan4mg
e77c7801-38b3-48fe-96df-0be18302bd07,c4e9p6q11o1g008c02pg
e788b815-dad8-4c06-94aa-a469b55a5c5f,coevg4if6nn0008v47pg
e788b815-dad8-4c06-94aa-a469b55a5c5f,coevg4lqk3gg00chf1v0
e7ae60ec-6dff-4704-bb35-7d223e277fcd,coevg4i8kqpg00asl380
e7ae60ec-6dff-4704-bb35-7d223e277fcd,coevg4tqk3gg00chf1vg
e7b00c0b-9b03-4128-aa04-098c5b9b7750,coabrn1g8bvg00b41gn0
e7b00c0b-9b03-4128-aa04-098c5b9b7750,coabrn1miud0009upaa0
e7bb0796-77a1-442c-ada7-401ca9cc5ddf,c4e9khso26gg008qp9kg
e7bb0796-77a1-442c-ada7-401ca9cc5ddf,c4e9p6p6lb7g00ceiu40
e7bdcf22-fb9f-4d55-b0f8-f8823ae68d9e,c4e9kcbvdq3000evtbug
e7bdcf22-fb9f-4d55-b0f8-f8823ae68d9e,c4e9p74u12qg0096pm9g
e7cc6fa8-e4be-4c32-b8a5-b815d3f671ca,co8chshmiud0009ukqd0
e7cc6fa8-e4be-4c32-b8a5-b815d3f671ca,co8chsq8kqpg00argm1g
e7d89870-a29f-4846-a945-302e4ffd1353,c4e9khv2551g00d1hil0
e7d89870-a29f-4846-a945-302e4ffd1353,c4e9p77orvtg00d0ahpg
e7ef8ce5-46a6-4c0e-8f23-fbdb04a84244,cpd68r5qk3gg00clm7ag
e7ef8ce5-46a6-4c0e-8f23-fbdb04a84244,cpd68rbnofvg00bkht0g
e7f3e61d-9380-420b-b1d3-826d8e69b3e1,c4e9kcco26gg008qp9i0
e7f3e61d-9380-420b-b1d3-826d8e69b3e1,c4e9p78kqp4g00aan6f0
e7f42d46-be00-400d-861a-5f35c1207fcd,cngl6b1gkbk0009daf10
e7f42d46-be00-400d-861a-5f35c1207fcd,cngl6b2r4qng00a9i9ng
e7f9ae29-5ffd-436a-bee5-82623765d84f,c4e9kcbjknf000amnf3g
e7f9ae29-5ffd-436a-bee5-82623765d84f,c4e9p7dnv8a0008hc4sg
e8174c30-4874-4408-8887-c145683cdf7a,c4e9kcforvtg00d0ag80
e8174c30-4874-4408-8887-c145683cdf7a,c4e9p7kvfoog00ds314g
e84247ca-6150-4bd8-82f9-4c781db762b4,c4e9kcbjknf000amnf40
e84247ca-6150-4bd8-82f9-4c781db762b4,c4e9p7ntarsg00au3r00
e8539580-40d5-4b66-a4e5-bd826a5c4216,c4e9kce1ja2g00ccf8d0
e8539580-40d5-4b66-a4e5-bd826a5c4216,c4e9p7nf3f9g0080s250
e8543a2b-25cc-4796-a5a9-9c4cf4fb0df6,coevg4o1277000eh9f2g
e8543a2b-25cc-4796-a5a9-9c4cf4fb0df6,coevg4pqkol000aagp4g
e858ba45-be47-4fad-8f88-6be751550534,co8chso7ov20008gvscg
e858ba45-be47-4fad-8f88-6be751550534,co8chsrnofvg00bf9hig
e87bf9cf-d559-4237-943d-cc3e5cbc33ed,c4e9kcgqui1g00dcsi40
e87bf9cf-d559-4237-943d-cc3e5cbc33ed,c4e9p7q11o1g008c02q0
e87eaeaf-3b25-4de1-a57f-1fcb081d2418,co8cht6udun000eh5jl0
e87eaeaf-3b25-4de1-a57f-1fcb081d2418,co8cht73r4d000f1v3i0
e8a2070e-1ef4-4304-8350-b3743c1ec76e,c4e9khokqp4g00aan4p0
e8a2070e-1ef4-4304-8350-b3743c1ec76e,c4e9pc3vdq3000evtdlg
e8cc72c8-a13c-44b5-9ca7-4bdb590796e0,c4e9kcggdkfg00ckenug
e8cc72c8-a13c-44b5-9ca7-4bdb590796e0,c4e9p812rh1g009f4i5g
e8cd4c0f-b41e-4e22-869e-217c1854b80d,c4e9kck7bhug00afcsc0
e8cd4c0f-b41e-4e22-869e-217c1854b80d,c4e9p85nv8a0008hc4t0
e8d35cf2-8fa2-4c60-bb0b-5840032f7175,co8cht01277000eg3m50
e8d35cf2-8fa2-4c60-bb0b-5840032f7175,co8cht3nofvg00bf9hjg
e8e264e7-d23d-4428-b502-bf2fcb8a988d,coevg52ase3000bmemb0
e8e264e7-d23d-4428-b502-bf2fcb8a988d,coevg53nofvg00bgb2n0
e8e74169-13c7-4e1d-af45-068c5eaa26c1,com7h03n5d9000e38iq0
e8e74169-13c7-4e1d-af45-068c5eaa26c1,com7h0aase3000bngdeg
e8e8e4d0-ad75-46af-8203-a37cf40a4b27,cnpsfq98t1lg00a42bu0
e8e8e4d0-ad75-46af-8203-a37cf40a4b27,cnpsfq99galg00cuesag
e8ecc31c-f8dd-44cf-97f6-956107a3f310,cnpsfqir4qng00aamjag
e8ecc31c-f8dd-44cf-97f6-956107a3f310,cnpsfqjai11g00d23nmg
e8f0161e-c309-11e9-bed1-00505681224b,c4en4h61ja2g00ccikk0
e8f0161e-c309-11e9-bed1-00505681224b,c4en5b9lms9g00det1m0
e8f0161f-c309-11e9-9200-00505681224b,c4en4h47bhug00afg8og
e8f0161f-c309-11e9-9200-00505681224b,c4en5bforvtg00d0e1d0
e8f01622-c309-11e9-8a93-00505681224b,c4en4hcbq3o000ac2b2g
e8f01622-c309-11e9-8a93-00505681224b,c4en5bggdkfg00cki8ag
e8f01623-c309-11e9-a326-00505681224b,c4en4hac0ku000ap881g
e8f01623-c309-11e9-a326-00505681224b,c4en5bkmi4og00d2f8i0
e8f01625-c309-11e9-8720-00505681224b,c4en4hcfjb0000cm4dr0
e8f01625-c309-11e9-8720-00505681224b,c4en5bqc0ku000ap88k0
e8f01626-c309-11e9-92ea-00505681224b,c4en4hforvtg00d0e0vg
e8f01626-c309-11e9-92ea-00505681224b,c4en5bso26gg008qtji0
e8f01627-c309-11e9-bbd2-00505681224b,c4en4hggdkfg00cki7tg
e8f01627-c309-11e9-bbd2-00505681224b,c4en5c7l13i0009rbiu0
e8f01628-c309-11e9-aaac-00505681224b,c4en4hm1ja2g00ccikkg
e8f01628-c309-11e9-aaac-00505681224b,c4en5c5ksi2g00c12jq0
e8f01629-c309-11e9-8c88-00505681224b,c4en4hgkqp4g00aaqhr0
e8f01629-c309-11e9-8c88-00505681224b,c4en5c2c0ku000ap88l0
e8f0162a-c309-11e9-8d04-00505681224b,c4en4htksi2g00c12ja0
e8f0162a-c309-11e9-8d04-00505681224b,c4en5c7f3f9g0080vq50
e8f0162b-c309-11e9-b7cd-00505681224b,c4en4ibvdq3000f01neg
e8f0162b-c309-11e9-b7cd-00505681224b,c4en5cbjknf000amr0og
e8f0162c-c309-11e9-bd54-00505681224b,c4en4i211o1g008c3d00
e8f0162c-c309-11e9-bd54-00505681224b,c4en5c8gdkfg00cki8b0
e8f0162d-c309-11e9-b294-00505681224b,c4en4ialpbg0009o2k20
e8f0162d-c309-11e9-b294-00505681224b,c4en5c92rh1g009f7u10
e8f0162e-c309-11e9-b26e-00505681224b,c4en4icbq3o000ac2b30
e8f0162e-c309-11e9-b26e-00505681224b,c4en5ck7bhug00afg980
e8f0162f-c309-11e9-bf3e-00505681224b,c4en4ib0tnc000c88k1g
e8f0162f-c309-11e9-bf3e-00505681224b,c4en5cku12qg0096tec0
e8f01630-c309-11e9-91c2-00505681224b,c4en4icvfoog00ds6eu0
e8f01630-c309-11e9-91c2-00505681224b,c4en5d0qui1g00dd0140
e8f01631-c309-11e9-8395-00505681224b,c4en4ih2rh1g009f7tig
e8f01631-c309-11e9-8395-00505681224b,c4en5d4u12qg0096tecg
e8f01632-c309-11e9-ad58-00505681224b,c4en4ilksi2g00c12jag
e8f01632-c309-11e9-ad58-00505681224b,c4en5d5ksi2g00c12jrg
e8f01633-c309-11e9-a79b-00505681224b,c4en4iic0ku000ap882g
e8f01633-c309-11e9-a79b-00505681224b,c4en5d47bhug00afg98g
e8f01634-c309-11e9-911f-00505681224b,c4en4j4u12qg0096tdtg
e8f01634-c309-11e9-911f-00505681224b,c4en5dfl13i0009rbiug
e8f01635-c309-11e9-8fdf-00505681224b,c4en4j7tarsg00au7ct0
e8f01635-c309-11e9-8fdf-00505681224b,c4en5ddnv8a0008hfuj0
e8f01636-c309-11e9-a3f5-00505681224b,c4en4j3vdq3000f01nf0
e8f01636-c309-11e9-a3f5-00505681224b,c4en5d96lb7g00cemhu0
e8f01637-c309-11e9-9383-00505681224b,c4en4jcbq3o000ac2b3g
e8f01637-c309-11e9-9383-00505681224b,c4en5dftarsg00au7df0
e8f01638-c309-11e9-8867-00505681224b,c4en4j8gdkfg00cki7u0
e8f01638-c309-11e9-8867-00505681224b,c4en5d96lb7g00cemhug
e8f01639-c309-11e9-bc66-00505681224b,c4en4jcmi4og00d2f7ug
e8f01639-c309-11e9-bc66-00505681224b,c4en5dforvtg00d0e1eg
e8f0163a-c309-11e9-b2fd-00505681224b,c4en4je1ja2g00ccikl0
e8f0163a-c309-11e9-b2fd-00505681224b,c4en5ek7bhug00afg99g
e8f0163b-c309-11e9-9f02-00505681224b,c4en4jjvdq3000f01nfg
e8f0163b-c309-11e9-9f02-00505681224b,c4en5d8kqp4g00aaqi7g
e8f0163c-c309-11e9-8e71-00505681224b,c4en4jic0ku000ap8830
e8f0163c-c309-11e9-8e71-00505681224b,c4en5ehlms9g00det1ng
e8f0163d-c309-11e9-a6b9-00505681224b,c4en4jnf3f9g0080vpig
e8f0163d-c309-11e9-a6b9-00505681224b,c4en5eku12qg0096ted0
e8f0163e-c309-11e9-b18b-00505681224b,c4en4k2c0ku000ap8840
e8f0163e-c309-11e9-b18b-00505681224b,c4en5dgkqp4g00aaqi80
e8f0163f-c309-11e9-88de-00505681224b,c4en4k5nv8a0008hfu3g
e8f0163f-c309-11e9-88de-00505681224b,c4en5eh6lb7g00cemhvg
e8f01640-c309-11e9-a5e5-00505681224b,c4en4kcu12qg0096tdug
e8f01640-c309-11e9-a5e5-00505681224b,c4en5emlljag008aohfg
e8f01641-c309-11e9-b182-00505681224b,c4en4kb0tnc000c88k20
e8f01641-c309-11e9-b182-00505681224b,c4en5dm1ja2g00ccil50
e8f01642-c309-11e9-b80b-00505681224b,c4en4kcmi4og00d2f7vg
e8f01642-c309-11e9-b80b-00505681224b,c4en5en2551g00d1kuag
e8f0164d-c309-11e9-b0f3-00505681224b,c4en4kbvdq3000f01nh0
e8f0164d-c309-11e9-b0f3-00505681224b,c4en5dm1ja2g00ccil5g
e8f0164e-c309-11e9-9e27-00505681224b,c4en4kco26gg008qtj4g
e8f0164e-c309-11e9-9e27-00505681224b,c4en5dkfjb0000cm4eeg
e8f0164f-c309-11e9-a3de-00505681224b,c4en4kic0ku000ap8850
e8f0164f-c309-11e9-a3de-00505681224b,c4en5ei11o1g008c3dh0
e8f01650-c309-11e9-a8b1-00505681224b,c4en4klnv8a0008hfu40
e8f01650-c309-11e9-a8b1-00505681224b,c4en5ej0tnc000c88kjg
e8f01651-c309-11e9-bb86-00505681224b,c4en4kvf3f9g0080vpjg
e8f01651-c309-11e9-bb86-00505681224b,c4en5eplms9g00det1o0
e8f01652-c309-11e9-8de1-00505681224b,c4en4l7tarsg00au7cvg
e8f01652-c309-11e9-8de1-00505681224b,c4en5eu22pr000dqorbg
e8f01653-c309-11e9-8c90-00505681224b,c4en4l8qui1g00dd00ig
e8f01653-c309-11e9-8c90-00505681224b,c4en5f7f3f9g0080vq6g
e8f01655-c309-11e9-bff7-00505681224b,c4en4le22pr000dqoqs0
e8f01655-c309-11e9-bff7-00505681224b,c4en5f61ja2g00ccil6g
e8f01656-c309-11e9-b6fd-00505681224b,c4en4le1ja2g00ccikmg
e8f01656-c309-11e9-b6fd-00505681224b,c4en5fkmi4og00d2f8kg
e8f0165a-c309-11e9-b705-00505681224b,c4en4l8kqp4g00aaqhs0
e8f0165a-c309-11e9-b705-00505681224b,c4en5fs7bhug00afg9ag
e8f0165b-c309-11e9-825e-00505681224b,c4en4lcu12qg0096te00
e8f0165b-c309-11e9-825e-00505681224b,c4en5fvorvtg00d0e1fg
e8f0165d-c309-11e9-adeb-00505681224b,c4en4lb0tnc000c88k3g
e8f0165d-c309-11e9-adeb-00505681224b,c4en5fp2rh1g009f7u40
e8f0165e-c309-11e9-b0f2-00505681224b,c4en4lac0ku000ap886g
e8f0165e-c309-11e9-b0f2-00505681224b,c4en5fvdeto0008a00bg
e8f01660-c309-11e9-95e9-00505681224b,c4en4llksi2g00c12jdg
e8f01660-c309-11e9-95e9-00505681224b,c4en5fu1ja2g00ccil70
e8f01663-c309-11e9-ba1c-00505681224b,c4en4lmlljag008aoh40
e8f01663-c309-11e9-ba1c-00505681224b,c4en5fqlpbg0009o2kjg
e8f01665-c309-11e9-bbf0-00505681224b,c4en4logdkfg00cki7v0
e8f01665-c309-11e9-bbf0-00505681224b,c4en5fvorvtg00d0e1g0
e8f01666-c309-11e9-a847-00505681224b,c4en4lrjknf000amr0b0
e8f01666-c309-11e9-a847-00505681224b,c4en5fq11o1g008c3di0
e8f01668-c309-11e9-8b91-00505681224b,c4en4m4vfoog00ds6f00
e8f01668-c309-11e9-8b91-00505681224b,c4en5fplms9g00det1og
e8f4e938-1824-11e8-bd4f-00505681224b,c4dtn2plms9g00deinbg
e8f4e938-1824-11e8-bd4f-00505681224b,c4dtngs7bhug00af66e0
e8fb45cc-4c79-426f-83ce-732d5fb7f047,c4e9khtksi2g00c0uq80
e8fb45cc-4c79-426f-83ce-732d5fb7f047,c4e9p87orvtg00d0ahr0
e9032458-a415-4de9-b209-539022c8924f,cp03u5hqkol000ad0hpg
e9032458-a415-4de9-b209-539022c8924f,cp03u5jn5d9000e4mhn0
e9144e5b-5f1d-4ae3-9a62-2a97f6dd6c77,c4e9khsfjb0000cm0830
e9144e5b-5f1d-4ae3-9a62-2a97f6dd6c77,c4e9pc4o26gg008qpbh0
e91e4965-7c38-4540-badc-19df19202d49,c4e9kcjvdq3000evtbv0
e91e4965-7c38-4540-badc-19df19202d49,c4e9p87deto00089se90
e9381128-33d7-4257-9f8f-0bdf125eee75,c4e9kcplms9g00dephog
e9381128-33d7-4257-9f8f-0bdf125eee75,c4e9pc8gdkfg00ckepkg
e97517ad-dffa-4560-bc4b-1183fa403045,coabrnaase3000blguvg
e97517ad-dffa-4560-bc4b-1183fa403045,coabrneudun000eha2v0
e9928295-3a38-4ee0-a816-5e2f0003f013,buj2410vkqg000d4uum0
e9928295-3a38-4ee0-a816-5e2f0003f013,buj241mug0eg00a2g160
e997b8dd-b1f6-4766-b31c-19710bd74686,c4e9khsmi4og00d2bqk0
e997b8dd-b1f6-4766-b31c-19710bd74686,c4e9p87tarsg00au3r0g
e9a0dd6b-5b65-4aa4-a9f3-fef4f9af0f73,c4e9kpcu12qg0096pki0
e9a0dd6b-5b65-4aa4-a9f3-fef4f9af0f73,c4e9p89lms9g00depje0
e9a5e169-de39-41f3-9e6d-d3910bb58128,cpd68r28kqpg00b1b61g
e9a5e169-de39-41f3-9e6d-d3910bb58128,cpd68rar24n000dgteh0
e9a9d451-5731-4a8c-979f-2b0003661fd5,cf8c7nqac3n000enef90
e9a9d451-5731-4a8c-979f-2b0003661fd5,cf8c7nv4lcs000b3c350
e9cc07e1-fd6e-4be8-a801-44a8d6bfd520,co8cht9gkbk0009i0aog
e9cc07e1-fd6e-4be8-a801-44a8d6bfd520,co8chtaase3000blcjlg
e9d6c027-155a-4938-9f4b-0f7ff431d76d,c4e9ki72551g00d1hilg
e9d6c027-155a-4938-9f4b-0f7ff431d76d,c4e9pc7l13i0009r7j6g
e9e19190-de33-44cd-ad31-107492fa9c40,c4e9ki47bhug00afcseg
e9e19190-de33-44cd-ad31-107492fa9c40,c4e9pc2c0ku000ap4al0
ea12cd14-0b69-4594-940e-8ea8c8042ec7,c4e9ki5nv8a0008hc35g
ea12cd14-0b69-4594-940e-8ea8c8042ec7,c4e9p8fdeto00089se9g
ea1e114d-5e64-4db2-81c3-97c62f6dcf9a,c4e9ki6lljag008akpog
ea1e114d-5e64-4db2-81c3-97c62f6dcf9a,c4e9p8a11o1g008c02qg
ea31bc41-fbe5-4085-910b-320504e2ca42,c4e9kp8qui1g00dcsi8g
ea31bc41-fbe5-4085-910b-320504e2ca42,c4e9p88kqp4g00aan6g0
ea346893-a486-418a-aeff-755c996a1944,cei03g3o765000di6h3g
ea346893-a486-418a-aeff-755c996a1944,cei03g5cpqj000e738sg
ea4a91d7-1251-443e-8988-3ee3cb324ac9,c4e9ki0qui1g00dcsi5g
ea4a91d7-1251-443e-8988-3ee3cb324ac9,c4e9p8ac0ku000ap4ajg
ea53cdef-8ec5-4b17-a5bd-7d2b2af41139,cech9nlcpqj000e6f63g
ea53cdef-8ec5-4b17-a5bd-7d2b2af41139,cecheraqhpqg00cqhcqg
ea7c3a18-2219-4644-9fbb-de715b9362cc,c4e9ki4fjb0000cm083g
ea7c3a18-2219-4644-9fbb-de715b9362cc,c4e9p8elljag008akrig
ea93a279-b3d9-46f3-be2c-52a4fbcf314f,coabrn8im8r000fsrrq0
ea93a279-b3d9-46f3-be2c-52a4fbcf314f,coabrnaf6nn0008u36vg
eab4bcff-741b-4810-9ba8-e1672f521ddc,c4e9ki4u12qg0096pkh0
eab4bcff-741b-4810-9ba8-e1672f521ddc,c4e9p8forvtg00d0ahrg
eabbd09d-138d-4854-a6db-1f0abf22a1ad,co8chtbn5d9000e0v09g
eabbd09d-138d-4854-a6db-1f0abf22a1ad,co8chtn9iisg009u7lqg
eabe03ec-8fc2-46da-9e0c-4904a89b39b7,c4e9ki16lb7g00ceisng
eabe03ec-8fc2-46da-9e0c-4904a89b39b7,c4e9p8ftarsg00au3r10
eaf9794b-f72c-483b-a788-08bfdb120a4e,cngl6b9miud0009pv0u0
eaf9794b-f72c-483b-a788-08bfdb120a4e,cngl6bc10vk00082s8tg
eafe47b9-7050-4d10-ae01-16c6905082f3,c4e9kpac0ku000ap48r0
eafe47b9-7050-4d10-ae01-16c6905082f3,c4e9p89lms9g00depjeg
eaff1fe8-3aef-4f7f-8f6a-b426c266e9ef,cocb3vs10vk0008899gg
eaff1fe8-3aef-4f7f-8f6a-b426c266e9ef,cocb3vt7tiqg00apf14g
eb0e2d25-6996-4a02-ada1-1fb1703fdfae,c4e9kpff3f9g0080s0ig
eb0e2d25-6996-4a02-ada1-1fb1703fdfae,c4e9p8n2551g00d1hk70
eb31b2b9-5bd4-4a82-8f65-4585be29bd2c,c4e9kpcfjb0000cm086g
eb31b2b9-5bd4-4a82-8f65-4585be29bd2c,c4e9p8k7bhug00afcu40
eb36ee23-c81c-435a-b41d-9f802bd1fa38,cech6o7s0e4g00dtfv70
eb36ee23-c81c-435a-b41d-9f802bd1fa38,cecherenbbog009t8c2g
eb478284-8f85-4ea4-a6a3-437c91192435,coabrnk10vk00087j9ig
eb478284-8f85-4ea4-a6a3-437c91192435,coabrnmi5iag009uilj0
eb4ab685-2f5d-4a81-a351-2a2e7287655a,c4e9kif2551g00d1him0
eb4ab685-2f5d-4a81-a351-2a2e7287655a,c4e9pc4vfoog00ds316g
eb659022-a558-4881-aa4d-353907cb750b,c4e9kiforvtg00d0ag9g
eb659022-a558-4881-aa4d-353907cb750b,c4e9p8k7bhug00afcu4g
eb827246-2227-40b0-95d0-0c698f419aeb,c4e9kic7bhug00afcsf0
eb827246-2227-40b0-95d0-0c698f419aeb,c4e9pcb0tnc000c850s0
eb91752c-0711-41c5-bce3-ca1bd7d62013,coabrnjai11g00d5pd2g
eb91752c-0711-41c5-bce3-ca1bd7d62013,coabrns5646000cji0v0
eb9b4747-3853-415f-a5e3-f1f097e52d0b,c4e9kpalpbg0009nutu0
eb9b4747-3853-415f-a5e3-f1f097e52d0b,c4e9pc3vdq3000evtdm0
ebbcdcb8-f15f-4a1e-9b0f-d783bad80ac4,cei03g50p0eg0097tk10
ebbcdcb8-f15f-4a1e-9b0f-d783bad80ac4,cei03g6nbbog009trmjg
ebc16426-2f0c-40ce-a650-bd6fcfa680c6,c4e9kpbjknf000amnf70
ebc16426-2f0c-40ce-a650-bd6fcfa680c6,c4e9pc7f3f9g0080s280
ebc72b38-c8fd-4a72-95a7-95aac6ac57d7,c4e9kpe22pr000dqlg3g
ebc72b38-c8fd-4a72-95a7-95aac6ac57d7,c4e9p8ko26gg008qpbg0
ebd81982-dce7-437f-8977-c162bb014978,c4e9kpdnv8a0008hc37g
ebd81982-dce7-437f-8977-c162bb014978,c4e9p8smi4og00d2bsc0
ebebbaf3-50e9-4e37-b644-d73227db7b8c,cngl6bb0ekp0008urtl0
ebebbaf3-50e9-4e37-b644-d73227db7b8c,cngl6bi8kqpg00amug70
ec03811e-8ba8-4dc3-8c30-983aa1d933e2,co8chthjhmbg00ffg8og
ec03811e-8ba8-4dc3-8c30-983aa1d933e2,co8chtnlrmbg00b6a3ng
ec05f823-793c-4c69-ac85-c40b9a3b8a30,c4e9kpc7bhug00afcsi0
ec05f823-793c-4c69-ac85-c40b9a3b8a30,c4e9p8vorvtg00d0ahs0
ec105816-c011-4936-91e3-97ec927512e3,coevg528kqpg00asl390
ec105816-c011-4936-91e3-97ec927512e3,coevg5aase3000bmembg
ec1d5946-0d44-4408-92b2-4cf4b5ed6843,codla6rn5d9000e1uqag
ec1d5946-0d44-4408-92b2-4cf4b5ed6843,codla6t7tiqg00apivtg
ec5673c9-1c08-47b2-8df7-3e00af00c762,coabrnrnofvg00bfdujg
ec5673c9-1c08-47b2-8df7-3e00af00c762,coabrntqk3gg00cghc3g
ec575144-2f2b-40f1-be54-2a73ed0752ac,co8chtpqkol000a9djn0
ec575144-2f2b-40f1-be54-2a73ed0752ac,co8chtuudun000eh5jm0
ec7534b1-3418-4394-b709-c976f1242314,cf8c7ns4op8000ddu16g
ec7534b1-3418-4394-b709-c976f1242314,cf8c7nv9dv5000dk29jg
ec8dfbae-118d-4668-8fef-143e21a85232,coevg59qkol000aagp50
ec8dfbae-118d-4668-8fef-143e21a85232,coevg5c5646000ckfnk0
ecb60396-3b8a-4448-b8f4-98152d3231ae,c4e9l1ff3f9g0080s0kg
ecb60396-3b8a-4448-b8f4-98152d3231ae,c4e9pc7deto00089seag
ecc28cec-451e-4538-a78d-dc6a359391a0,c4e9kpkmi4og00d2bqng
ecc28cec-451e-4538-a78d-dc6a359391a0,c4e9pc4u12qg0096pmb0
ecc58411-8fa7-4ba6-b5b2-74f66294fb10,cpd68r19galg00d7qae0
ecc58411-8fa7-4ba6-b5b2-74f66294fb10,cpd68r81qiv000f8jh20
ece54685-2ccc-42d9-9b3a-7f4505f321fe,cee020mnbbog009tf160
ece54685-2ccc-42d9-9b3a-7f4505f321fe,cee020mvss5g0094f1s0
ecf36768-a148-4614-8aba-20797c499780,c4e9kpgkqp4g00aan4t0
ecf36768-a148-4614-8aba-20797c499780,c4e9pc6lljag008akrjg
ecfbaa1e-33c3-42c3-8621-f9c0635f2ad2,codla718t1lg00a8p8s0
ecfbaa1e-33c3-42c3-8621-f9c0635f2ad2,codla72ase3000bmag9g
ed290904-bf8e-4d9f-a3b7-062c7c82fee2,cobm1f19galg00d2okjg
ed290904-bf8e-4d9f-a3b7-062c7c82fee2,cobm1f3ai11g00d6aesg
ed3f0c75-0104-43f4-8f33-0693af3a6320,coevg48n2q9g00f1nf90
ed3f0c75-0104-43f4-8f33-0693af3a6320,coevg4aase3000bmema0
ed4868d5-6b86-44a6-9616-c815925ed3e1,c4e9kpndeto00089sco0
ed4868d5-6b86-44a6-9616-c815925ed3e1,c4e9pc6lljag008akrk0
ed606ccf-1de8-4297-b4e7-72cd3fae70cc,c4e9l14fjb0000cm088g
ed606ccf-1de8-4297-b4e7-72cd3fae70cc,c4e9pcfdeto00089seb0
ed7a327d-98df-419c-9157-ca6b5b83b4b0,c4e9l1dksi2g00c0uqd0
ed7a327d-98df-419c-9157-ca6b5b83b4b0,c4e9pccbq3o000abuqv0
ed7bf597-7483-4636-a78e-3a8f64e917b9,codla71gkbk0009ivnqg
ed7bf597-7483-4636-a78e-3a8f64e917b9,codla71jhmbg00fgf8cg
ed8252e2-20fd-4905-9d92-38d04da810c7,codla799galg00d31270
ed8252e2-20fd-4905-9d92-38d04da810c7,codla7c5646000ckbf3g
edcc1b80-b3fc-4b91-8d2e-bb0590746e72,co14hb7s7se0009vmdv0
edcc1b80-b3fc-4b91-8d2e-bb0590746e72,co14hbcpru2g00bl83hg
ede33237-902c-42f8-9d3c-cf51f6452c4d,co8chton2q9g00f0iae0
ede33237-902c-42f8-9d3c-cf51f6452c4d,co8chtqase3000blcjn0
ee18c1b6-c35f-4cdf-8972-da4e8a7b3638,cngl6bl7tiqg00aju2r0
ee18c1b6-c35f-4cdf-8972-da4e8a7b3638,cngl6bmi5iag009pbci0
ee43812c-e2e3-47aa-90bd-fb96340a3891,c4e9l14o26gg008qp9p0
ee43812c-e2e3-47aa-90bd-fb96340a3891,c4e9pfogdkfg00ckeplg
ee497e5a-fa8a-4f19-a1be-09484fcf4657,codla7aase3000bmaga0
ee497e5a-fa8a-4f19-a1be-09484fcf4657,codla7aase3000bmagag
ee6698ba-6c06-488e-8c9c-21c6c0b522d8,c4e9l14fjb0000cm0890
ee6698ba-6c06-488e-8c9c-21c6c0b522d8,c4e9pcbjknf000amngn0
ee84fd3d-57b4-42cd-85bb-edd610a46e1d,cobm1f45646000ck2umg
ee84fd3d-57b4-42cd-85bb-edd610a46e1d,cobm1f5qk3gg00ch2bgg
ee9afc81-e1b1-4b75-b4c1-e5b38bbeac27,cee020nd49lg009j7d30
ee9afc81-e1b1-4b75-b4c1-e5b38bbeac27,cee020njch3g00fofe5g
ee9b3f9a-da95-11e7-a12d-00505681224b,c4dtn2smi4og00d254i0
ee9b3f9a-da95-11e7-a12d-00505681224b,c4dtngvorvtg00d03keg
eea38d46-8fe7-4bd2-b021-f21406b75dd2,c4e9l1ac0ku000ap48t0
eea38d46-8fe7-4bd2-b021-f21406b75dd2,c4e9pc92rh1g009f4i80
eee60757-4ba4-4411-8cc4-094d476280d5,cngl6bo7ov20008cb70g
eee60757-4ba4-4411-8cc4-094d476280d5,cngl6bv3r4d000et7rp0
eee9c126-ca14-4438-bcb4-9d139159a428,c4e9kpnf3f9g0080s0j0
eee9c126-ca14-4438-bcb4-9d139159a428,c4e9pccmi4og00d2bsdg
ef08fcd2-65ee-4fb4-b578-57d29c3fbab9,c4e9l14o26gg008qp9pg
ef08fcd2-65ee-4fb4-b578-57d29c3fbab9,c4e9pcf2551g00d1hk8g
ef11831d-354f-4d55-8d51-3c806a72bddc,cngl6bo1277000ebeqrg
ef11831d-354f-4d55-8d51-3c806a72bddc,cngl6c0vhjtg00d6lcag
ef1fff35-eac6-4f2b-aabe-c7f43bfebf76,coabrnpqkol000a9i76g
ef1fff35-eac6-4f2b-aabe-c7f43bfebf76,coabro18t1lg00a7thr0
ef2158f6-8908-4f59-8d37-02eb93af77ae,c4e9kpvorvtg00d0agbg
ef2158f6-8908-4f59-8d37-02eb93af77ae,c4e9pcc7bhug00afcu5g
ef21cd64-4307-4fa0-963c-deb6f1123ca5,c4e9kpu1ja2g00ccf8g0
ef21cd64-4307-4fa0-963c-deb6f1123ca5,c4e9pgftarsg00au3r3g
ef2c10a8-7245-11ea-a4ff-00505681224b,c4ephsku12qg0096umc0
ef2c10a8-7245-11ea-a4ff-00505681224b,c4ephvh2rh1g009f92og
ef2ca832-333f-4c57-bd41-ebd0ff85877e,c4e9kprvdq3000evtc20
ef2ca832-333f-4c57-bd41-ebd0ff85877e,c4e9pg4vfoog00ds318g
ef37833a-7245-11ea-b3da-00505681224b,c4ephsi11o1g008c4h70
ef37833a-7245-11ea-b3da-00505681224b,c4ephvi11o1g008c4hd0
ef3b2d02-7245-11ea-a314-00505681224b,c4ephsko26gg008qutn0
ef3b2d02-7245-11ea-a314-00505681224b,c4ephvkbq3o000ac3hd0
ef3c77e5-3c9a-4a62-b034-6dc57c06433f,cee020jo765000dhpo00
ef3c77e5-3c9a-4a62-b034-6dc57c06433f,cee020l0p0eg0097h05g
ef3e6192-7245-11ea-a994-00505681224b,c4ephskfjb0000cm5nn0
ef3e6192-7245-11ea-a994-00505681224b,c4ephvh2rh1g009f92p0
ef4aca14-d85e-48f1-90a9-1d041d56a859,c4e9l17l13i0009r7hi0
ef4aca14-d85e-48f1-90a9-1d041d56a859,c4e9pc96lb7g00ceiu6g
ef626504-557a-4d66-a49d-28371837af35,cngl6c45646000ceq45g
ef626504-557a-4d66-a49d-28371837af35,cngl6cfs7se0009tosu0
ef7b19d8-2a14-4a19-b5b9-d08128fb295d,c4e9kq30tnc000c84vh0
ef7b19d8-2a14-4a19-b5b9-d08128fb295d,c4e9pgco26gg008qpbkg
efa12616-08e7-4668-a0c8-a2deaa0a1dc6,cpd68r3ai11g00dbakc0
efa12616-08e7-4668-a0c8-a2deaa0a1dc6,cpd68r98t1lg00adq6eg
efa41ebd-3e40-449b-a1ea-2fb3d69cee2b,co5o5slorq7g008khd80
efa41ebd-3e40-449b-a1ea-2fb3d69cee2b,co5o5srn5d9000dv0ngg
efae7420-46c6-4183-9e72-df7bc7d9af51,cnv5839gkbk0009f3bk0
efae7420-46c6-4183-9e72-df7bc7d9af51,cnv583ar4qng00aba3l0
efb516aa-af37-4c75-b513-9d8d623062f3,co8chu28kqpg00argm3g
efb516aa-af37-4c75-b513-9d8d623062f3,co8chu79iisg009u7lrg
efc2e01c-1fd8-435d-8624-613132940f33,cocb4019galg00d2tghg
efc2e01c-1fd8-435d-8624-613132940f33,cocb406i5iag009vavlg
efc9e1c2-2929-4fc5-8370-efea8527fd07,c4e9kq2c0ku000ap48rg
efc9e1c2-2929-4fc5-8370-efea8527fd07,c4e9pce22pr000dqlhog
efcf0fae-f9d5-4178-8069-9cc1eeee1836,c4e9kq7orvtg00d0agc0
efcf0fae-f9d5-4178-8069-9cc1eeee1836,c4e9pcbvdq3000evtdmg
efd92098-41f7-4058-af7e-b8f3a25cd3a8,c4e9l1dksi2g00c0uqcg
efd92098-41f7-4058-af7e-b8f3a25cd3a8,c4e9pcnl13i0009r7j70
efd984dd-51b9-4daf-9657-7200a04fea0b,cocb4018t1lg00a8l610
efd984dd-51b9-4daf-9657-7200a04fea0b,cocb4028kqpg00ascai0
efe00e56-4d82-4893-8913-18b7b54f0303,coabrkp9galg00d27i8g
efe00e56-4d82-4893-8913-18b7b54f0303,coabro3rfj6g00ai6bog
efe2006f-80c8-46dc-9b3b-8bd192dac3b5,co8chu5qk3gg00cgcv8g
efe2006f-80c8-46dc-9b3b-8bd192dac3b5,co8chu7lrmbg00b6a3og
efe4a5d7-aa46-4f0b-a688-56793e3cc352,coabrks5646000cji0sg
efe4a5d7-aa46-4f0b-a688-56793e3cc352,coabrl3nofvg00bfdug0
efff2d6d-bffe-4e48-aa85-f0eb588a0d0e,codla7ar4qng00af9500
efff2d6d-bffe-4e48-aa85-f0eb588a0d0e,codla7hmiud0009vitb0
f00ae8ff-bb6e-4a7b-a459-dc0038dc49ef,c4e9kqfl13i0009r7hh0
f00ae8ff-bb6e-4a7b-a459-dc0038dc49ef,c4e9pgbvdq3000evtdo0
f0255b79-5751-453f-9dfb-bb7197fdbd3a,cei03g5cpqj000e738s0
f0255b79-5751-453f-9dfb-bb7197fdbd3a,cei03g76bs0g0081u6eg
f02782ec-c707-480a-9cf6-90d7936a732b,co8chuaase3000blcjo0
f02782ec-c707-480a-9cf6-90d7936a732b,co8chubnofvg00bf9hkg
f04228c3-b111-47a5-8f4d-7b84266b105e,c4e9kqilpbg0009nutv0
f04228c3-b111-47a5-8f4d-7b84266b105e,c4e9pclnv8a0008hc4tg
f043a39e-12d4-4110-9468-2d8e8337d3da,c4e9l17l13i0009r7hig
f043a39e-12d4-4110-9468-2d8e8337d3da,c4e9pcndeto00089sebg
f05b4588-14ef-11eb-aede-00505681224b,buge15ihoh9g00d64vtg
f05b4588-14ef-11eb-aede-00505681224b,buge166ug0eg00a24ot0
f05e2bde-14ef-11eb-a91c-00505681224b,buge16baejq0009it1o0
f05e2bde-14ef-11eb-a91c-00505681224b,buge16ihoh9g00d64vug
f06027c8-14ef-11eb-8c4d-00505681224b,buge1784p5lg00ene0bg
f06027c8-14ef-11eb-8c4d-00505681224b,buge17kvrfq0009liiv0
f06223b4-14ef-11eb-9075-00505681224b,buge182nlisg00chmoog
f06223b4-14ef-11eb-9075-00505681224b,buge18glmiag00arj470
f06446ae-14ef-11eb-9956-00505681224b,buge18tat10000e6q3qg
f06446ae-14ef-11eb-9956-00505681224b,buge19au0ob000c08n40
f066429a-14ef-11eb-8f71-00505681224b,buge19he0j9g00e58qo0
f066429a-14ef-11eb-8f71-00505681224b,buge19v1rnt000es5on0
f06a135a-14ef-11eb-b2e2-00505681224b,buge15igfjmg00c1m9mg
f06a135a-14ef-11eb-b2e2-00505681224b,buge176m1e8g00c6d32g
f06e5952-14ef-11eb-8a39-00505681224b,buge18cg0fi000b05bs0
f06e5952-14ef-11eb-8a39-00505681224b,buge1904p5lg00ene0c0
f06faaf1-364b-461e-a994-0e1b8e970cdf,coabrl1gkbk0009i54hg
f06faaf1-364b-461e-a994-0e1b8e970cdf,coabrl2f6nn0008u36s0
f070a35e-14ef-11eb-8edb-00505681224b,buge19olmiag00arj47g
f070a35e-14ef-11eb-8edb-00505681224b,buge1akg0fi000b05bsg
f073d7da-14ef-11eb-a4a8-00505681224b,buge1b1s162g00boo8l0
f073d7da-14ef-11eb-a4a8-00505681224b,buge1batfeb000a5l020
f076700c-14ef-11eb-8b83-00505681224b,buge1bgvkqg000d4jgeg
f076700c-14ef-11eb-8b83-00505681224b,buge1c2nlisg00chmop0
f079083e-14ef-11eb-a689-00505681224b,buge15n1rnt000es5om0
f079083e-14ef-11eb-a689-00505681224b,buge1ccvrfq0009lij00
f0795811-178b-40c9-a5c6-3aa2b4405331,c4e9l85ksi2g00c0uqfg
f0795811-178b-40c9-a5c6-3aa2b4405331,c4e9pfkvfoog00ds3180
f07ba070-14ef-11eb-8356-00505681224b,buge161djg6000fj2ofg
f07ba070-14ef-11eb-8356-00505681224b,buge16au0ob000c08n30
f07e5fb4-14ef-11eb-8bb5-00505681224b,buge16nsqo6g00fn1u90
f07e5fb4-14ef-11eb-8bb5-00505681224b,buge16p81sl0008s7kag
f08201f5-f869-49ec-9573-a6ee2badda70,c4e9l19lms9g00dephtg
f08201f5-f869-49ec-9573-a6ee2badda70,c4e9pcnorvtg00d0ahtg
f08516cc-14ef-11eb-8726-00505681224b,buge17c9perg00dqs8i0
f08516cc-14ef-11eb-8726-00505681224b,buge17hdjg6000fj2og0
f0884b48-14ef-11eb-8a6d-00505681224b,buge181e0j9g00e58qng
f0884b48-14ef-11eb-8a6d-00505681224b,buge18tb1hk000er7bc0
f08ae378-14ef-11eb-83f9-00505681224b,buge19k6g9b0009b4ep0
f08ae378-14ef-11eb-83f9-00505681224b,buge1an1rnt000es5ong
f0903fe8-329f-4d57-916f-23413ffc761e,c4e9l18kqp4g00aan4ug
f0903fe8-329f-4d57-916f-23413ffc761e,c4e9pckvfoog00ds317g
f092a715-9fde-44ad-b500-84929865a4dd,co8chudqk3gg00cgcv90
f092a715-9fde-44ad-b500-84929865a4dd,co8chujrfj6g00ai0u9g
f095143a-6c53-4a8d-8d66-5bcfab58090a,c4e9l86lljag008akpug
f095143a-6c53-4a8d-8d66-5bcfab58090a,c4e9pci11o1g008c02s0
f097ce6e-2d02-47fe-873a-62d99dad963f,c4e9l18gdkfg00ckeo4g
f097ce6e-2d02-47fe-873a-62d99dad963f,c4e9pg8qui1g00dcsjrg
f0a63476-8b39-44bf-8b82-be6de7154cee,c4e9l1m1ja2g00ccf8i0
f0a63476-8b39-44bf-8b82-be6de7154cee,c4e9pcsmi4og00d2bse0
f0c343e8-eccd-44a0-8e12-42a9876e0643,c4e9l1m1ja2g00ccf8hg
f0c343e8-eccd-44a0-8e12-42a9876e0643,c4e9pg4bq3o000abur10
f0d2fead-7607-40b7-836b-d7be7389cd77,c4e9l84o26gg008qp9s0
f0d2fead-7607-40b7-836b-d7be7389cd77,c4e9pfmlljag008akrn0
f0eeff10-8cd4-11e9-b217-00505681224b,c4ae76smi4og00d1k5hg
f0eeff10-8cd4-11e9-b217-00505681224b,c4ae777deto000893org
f10534bf-de7f-4a9c-8e90-58ee15950be6,cee02044op8000dbcg8g
f10534bf-de7f-4a9c-8e90-58ee15950be6,cee0205t0el000fdv5r0
f10b91e9-5be4-444e-bc6e-7ea02fd2f1bd,cpd68r1g8bvg00b9i3k0
f10b91e9-5be4-444e-bc6e-7ea02fd2f1bd,cpd68rflrmbg00bc5140
f128f95b-dd6a-43b3-9532-45b0284f34de,c4e9l1h2rh1g009f4gmg
f128f95b-dd6a-43b3-9532-45b0284f34de,c4e9pcqlpbg0009nuvjg
f12e2aa9-5a4f-43cd-ac9e-80a6044279d2,cngl6ceudun000eckumg
f12e2aa9-5a4f-43cd-ac9e-80a6044279d2,cngl6chgkbk0009daf20
f12f3586-f457-4cb1-ba3c-369274dcc9d8,c4e9l1n2551g00d1hiqg
f12f3586-f457-4cb1-ba3c-369274dcc9d8,c4e9pd4o26gg008qpbig
f14beabd-768b-481b-8f07-f17b1bc458de,c4e9l1lnv8a0008hc3b0
f14beabd-768b-481b-8f07-f17b1bc458de,c4e9pd3jknf000amngog
f150f903-db8f-4fcb-a043-37a23aa04f16,co33q39miud0009sihg0
f150f903-db8f-4fcb-a043-37a23aa04f16,co33q3brfj6g00afrap0
f155e3a5-86ef-49d2-8ac5-e0d331271aed,co72bv1gkbk0009hgurg
f155e3a5-86ef-49d2-8ac5-e0d331271aed,co72bv45646000ciulvg
f1591a38-f837-46bf-9b83-bc9a3e2dc179,c4e9l83vdq3000evtc50
f1591a38-f837-46bf-9b83-bc9a3e2dc179,c4e9pd96lb7g00ceiu70
f197786a-db1d-457f-b49b-009c1b750ca5,c4e9l83vdq3000evtc5g
f197786a-db1d-457f-b49b-009c1b750ca5,c4e9pdgkqp4g00aan6i0
f1b2ad15-eadd-425d-9687-bebbc2209501,cf8c7nf6bs0g00842leg
f1b2ad15-eadd-425d-9687-bebbc2209501,cf8c7npqn33g00fs5t10
f1bbe338-a785-455f-a8ba-24ebccaae7f7,cpd68r0im8r000828log
f1bbe338-a785-455f-a8ba-24ebccaae7f7,cpd68rar4qng00akddlg
f1ca55d0-8622-42eb-9310-cea279c8b8fd,c4e9l1ko26gg008qp9q0
f1ca55d0-8622-42eb-9310-cea279c8b8fd,c4e9pdnf3f9g0080s28g
f1d218d1-d424-4d1a-9fda-e93e43aee453,coevg4g1qiv000f42f70
f1d218d1-d424-4d1a-9fda-e93e43aee453,coevg4nlrmbg00b7ekog
f1da6513-fe9e-11e8-902c-00505681224b,c4en4m7deto00089vvr0
f1da6513-fe9e-11e8-902c-00505681224b,c4en5g5ksi2g00c12jt0
f1da6516-fe9e-11e8-87eb-00505681224b,c4en4m8qui1g00dd00kg
f1da6516-fe9e-11e8-87eb-00505681224b,c4en5g622pr000dqorcg
f1da6518-fe9e-11e8-84ff-00505681224b,c4en4mf2551g00d1ktu0
f1da6518-fe9e-11e8-84ff-00505681224b,c4en5gb0tnc000c88kl0
f1da6524-fe9e-11e8-b5b3-00505681224b,c4en4mcvfoog00ds6f10
f1da6524-fe9e-11e8-b5b3-00505681224b,c4en5gnf3f9g0080vq70
f1da6525-fe9e-11e8-9931-00505681224b,c4en4mco26gg008qtj5g
f1da6525-fe9e-11e8-9931-00505681224b,c4en5gkfjb0000cm4efg
f1da6526-fe9e-11e8-873f-00505681224b,c4en4mnl13i0009rbiig
f1da6526-fe9e-11e8-873f-00505681224b,c4en5gm1ja2g00ccil8g
f1da6527-fe9e-11e8-8b77-00505681224b,c4en4me1ja2g00cciko0
f1da6527-fe9e-11e8-8b77-00505681224b,c4en5gnl13i0009rbiv0
f1da6528-fe9e-11e8-b4f0-00505681224b,c4en4mkfjb0000cm4dvg
f1da6528-fe9e-11e8-b4f0-00505681224b,c4en5gic0ku000ap88n0
f1da6529-fe9e-11e8-b8b0-00505681224b,c4en4mndeto00089vvrg
f1da6529-fe9e-11e8-b8b0-00505681224b,c4en5gi11o1g008c3dig
f1da652a-fe9e-11e8-9637-00505681224b,c4en4mku12qg0096te0g
f1da652a-fe9e-11e8-9637-00505681224b,c4en5gk7bhug00afg9bg
f1e4ea93-fdce-4682-a56a-0be32ce5b854,c4e9l84fjb0000cm08b0
f1e4ea93-fdce-4682-a56a-0be32ce5b854,c4e9pdrvdq3000evtdn0
f1e74246-ea36-44af-9533-ffcfd5969829,coabrl3ai11g00d5pcug
f1e74246-ea36-44af-9533-ffcfd5969829,coabrl9qkol000a9i72g
f1fc8ac9-8bc7-4793-9649-f6e77de94c96,cobm1f9jhmbg00fg6fl0
f1fc8ac9-8bc7-4793-9649-f6e77de94c96,cobm1fbnofvg00bfukog
f1ff321f-7a6c-445b-bd22-8d68d40031cd,cobm1f9qkol000aa3gk0
f1ff321f-7a6c-445b-bd22-8d68d40031cd,cobm1fk10vk0008849og
f204d48a-b67b-454d-b6a5-9823136aa55a,codla7h9galg00d31280
f204d48a-b67b-454d-b6a5-9823136aa55a,codla7jnofvg00bg6v00
f2060c43-94ee-4d44-8f8d-a01cb7dc0728,coevg4o7ov20008i33i0
f2060c43-94ee-4d44-8f8d-a01cb7dc0728,coevg4pjhmbg00fgjnjg
f2132f74-0245-4ece-8d62-e00d9746ed72,c4e9l1nl13i0009r7hj0
f2132f74-0245-4ece-8d62-e00d9746ed72,c4e9pi7f3f9g0080s2a0
f23b597d-8288-4ad0-97a8-6055f9255d24,c4e9l1ilpbg0009nuu1g
f23b597d-8288-4ad0-97a8-6055f9255d24,c4e9pfsmi4og00d2bseg
f26e12c6-d834-4945-bb36-08b4963c033e,c4e9l1ko26gg008qp9qg
f26e12c6-d834-4945-bb36-08b4963c033e,c4e9pfp2rh1g009f4i8g
f29e21e8-1824-11e8-9df5-00505681224b,c4dtn2oqui1g00dclpj0
f29e21e8-1824-11e8-9df5-00505681224b,c4dtngrvdq3000evlkdg
f2ae22bd-4242-4ac1-a476-a01a4512b994,c4e9l1smi4og00d2bqq0
f2ae22bd-4242-4ac1-a476-a01a4512b994,c4e9pje1ja2g00ccfa50
f2baabb8-4335-45f4-838d-cd4e56589da0,cnnt74nlrmbg00b2d230
f2baabb8-4335-45f4-838d-cd4e56589da0,cnnt74tralig008mrsjg
f2c1d8fe-95e3-466a-9d76-b4006e2a0300,cp03u5ir24n000deqdq0
f2c1d8fe-95e3-466a-9d76-b4006e2a0300,cp03u5uudun000ekk4ng
f2c9eb8a-24a4-4dd4-b35f-be17d4aaceaa,cocb40a8kqpg00ascaig
f2c9eb8a-24a4-4dd4-b35f-be17d4aaceaa,cocb40dqk3gg00ch76b0
f2d1508e-68db-42ee-8e9a-06bb4ba8e3ba,cocb40brfj6g00aiufjg
f2d1508e-68db-42ee-8e9a-06bb4ba8e3ba,cocb40ei5iag009vavn0
f2e3ebe7-09b1-4c9e-813a-df5c2ba928be,coabrlf9iisg009uces0
f2e3ebe7-09b1-4c9e-813a-df5c2ba928be,coabrljn5d9000e13qrg
f3161934-b71e-41b7-b072-a8c384ff19b2,coabrlhqkol000a9i730
f3161934-b71e-41b7-b072-a8c384ff19b2,coabrllorq7g008ml5u0
f3430b10-22eb-479a-9f41-3a85f0912ebb,cocb40g1qiv000f3p8kg
f3430b10-22eb-479a-9f41-3a85f0912ebb,cocb40iase3000bm6vog
f34c54eb-2b40-4946-b214-0cfc9e392e81,c4e9l85nv8a0008hc3cg
f34c54eb-2b40-4946-b214-0cfc9e392e81,c4e9pgcmi4og00d2bsf0
f36dc4c0-886e-4e1d-aeda-0ec2e8bb859a,c4e9l82c0ku000ap48ug
f36dc4c0-886e-4e1d-aeda-0ec2e8bb859a,c4e9pjcvfoog00ds31a0
f37c6dbd-9111-4372-b116-aeea52728aa3,coevg4rn5d9000e23pb0
f37c6dbd-9111-4372-b116-aeea52728aa3,coevg573r4d000f362hg
f3c0c4cb-6752-4de2-912a-5b2cfb19c465,c4e9l1tksi2g00c0uqe0
f3c0c4cb-6752-4de2-912a-5b2cfb19c465,c4e9pjbjknf000amngqg
f3d4124f-8ed1-49bd-8349-466458d37ca2,c4e9l2ggdkfg00ckeo50
f3d4124f-8ed1-49bd-8349-466458d37ca2,c4e9pjforvtg00d0ai00
f3e5ab9f-7b7b-4aa5-be81-f13bcecc130a,cnnt74o1277000ec972g
f3e5ab9f-7b7b-4aa5-be81-f13bcecc130a,cnnt74vs7se0009uiq9g
f4029835-2e12-4182-ab16-4b2d64a863d0,c4e9l2h6lb7g00ceisrg
f4029835-2e12-4182-ab16-4b2d64a863d0,c4e9pja11o1g008c02u0
f428e40f-f5f3-497e-b17e-365db6b5279b,c4e9l85ksi2g00c0uqg0
f428e40f-f5f3-497e-b17e-365db6b5279b,c4e9pg8kqp4g00aan6j0
f4486cee-db7a-4e95-bda9-9ff8d963012b,coevg51miud0009vn8j0
f4486cee-db7a-4e95-bda9-9ff8d963012b,coevg579iisg009vbr4g
f47b9b54-6e3d-48dd-b64a-8576c1c3e1dc,cf8c7nnjch3g00fqvlo0
f47b9b54-6e3d-48dd-b64a-8576c1c3e1dc,cf8c7nt0p0eg0099uheg
f4adc727-ea22-47e8-835f-a69c1182da06,c4e9l8211o1g008c01c0
f4adc727-ea22-47e8-835f-a69c1182da06,c4e9pgnf3f9g0080s290
f4b3c148-d6e6-44ec-82f6-9c1d705ed43e,cf8c7nv4lcs000b3c340
f4b3c148-d6e6-44ec-82f6-9c1d705ed43e,cf8c7nvrci6g009pvmlg
f4ba3e46-0701-4369-afe1-54c188ae19a4,coabrlhg8bvg00b41gkg
f4ba3e46-0701-4369-afe1-54c188ae19a4,coabrlqase3000blgus0
f4c46185-2308-44ea-9d79-dae355c073d8,c4e9lfvl13i0009r7hog
f4c46185-2308-44ea-9d79-dae355c073d8,c4e9pgh6lb7g00ceiu8g
f4cf40be-98ca-4d08-ab15-2b3ac2d0afec,cnnt753ai11g00d1plf0
f4cf40be-98ca-4d08-ab15-2b3ac2d0afec,cnnt755qk3gg00ccggk0
f4e534e5-e285-4d5a-b6c3-e8c2ad97de04,cf8c7nfrci6g009pvmk0
f4e534e5-e285-4d5a-b6c3-e8c2ad97de04,cf8c7nvd49lg009lmehg
f4ed8633-4287-445e-bade-5ecf0267429b,coevg587ov20008i33ig
f4ed8633-4287-445e-bade-5ecf0267429b,coevg59jhmbg00fgjnkg
f503901f-746e-4ef6-996d-54710681d034,c4e9l8ac0ku000ap48vg
f503901f-746e-4ef6-996d-54710681d034,c4e9pgj0tnc000c850tg
f50b4560-129d-45f1-b20c-a58205760ec8,c4e9l8fdeto00089scqg
f50b4560-129d-45f1-b20c-a58205760ec8,c4e9pj8qui1g00dcsjt0
f539f15c-d6f1-406a-994f-a58a0355d9e4,coabrlv9iisg009ucet0
f539f15c-d6f1-406a-994f-a58a0355d9e4,coabrm6udun000eha2t0
f53ae9f8-e383-459e-b512-fd2360850237,c4e9l8dnv8a0008hc3d0
f53ae9f8-e383-459e-b512-fd2360850237,c4e9pgku12qg0096pmdg
f55c0829-4eb1-403c-89c3-6b53ab1cc635,cf8c7neea3q0008b14q0
f55c0829-4eb1-403c-89c3-6b53ab1cc635,cf8c7nu7fmtg0082c9ng
f5651737-0499-4a01-898f-56a60f1efb0e,coabrm01qiv000f31oj0
f5651737-0499-4a01-898f-56a60f1efb0e,coabrm2ase3000blgut0
f57943fb-29a9-40cf-8868-292cd5d0baee,cei03g6ea3q00088st30
f57943fb-29a9-40cf-8868-292cd5d0baee,cei03g7lle400098g4dg
f59047e3-ed12-450d-9dd9-6da2a219f1ab,c4e9l8cu12qg0096pkmg
f59047e3-ed12-450d-9dd9-6da2a219f1ab,c4e9pggkqp4g00aan6jg
f5906a74-e7d4-43c0-a4ad-f3a97ad30ce0,co8chugn2q9g00f0iaf0
f5906a74-e7d4-43c0-a4ad-f3a97ad30ce0,co8chuk5646000cjdit0
f5b29d89-3645-4bf1-b4ca-37dc5ed553b7,cp03u5o1qiv000f6mueg
f5b29d89-3645-4bf1-b4ca-37dc5ed553b7,cp03u5v9iisg00a1uq4g
f5d1a72c-b46a-4e82-84da-8dcbbd1a132a,cf8c7nfrci6g009pvmjg
f5d1a72c-b46a-4e82-84da-8dcbbd1a132a,cf8c7nvlle40009am1dg
f5d5baf1-41e0-40c3-b966-d13ec978f401,c4e9l8elljag008akpv0
f5d5baf1-41e0-40c3-b966-d13ec978f401,c4e9pgggdkfg00ckepmg
f5e64c18-a198-11eb-929f-00505681224b,c4ephsvtarsg00au8k7g
f5e64c18-a198-11eb-929f-00505681224b,c4ephvgkqp4g00aarmeg
f5ef25f0-a198-11eb-ae21-00505681224b,c4ephsntarsg00au8k70
f5ef25f0-a198-11eb-ae21-00505681224b,c4ephvcvfoog00ds7k40
f5f1e522-a198-11eb-a205-00505681224b,c4ephsj0tnc000c89q9g
f5f1e522-a198-11eb-a205-00505681224b,c4ephvbjknf000ams60g
f5ff6ac8-d37b-4a85-b211-959773aa2133,cf8c7niac3n000enef70
f5ff6ac8-d37b-4a85-b211-959773aa2133,cf8c7nsqsijg00epe000
f600a1bd-4748-4298-89b9-1e29f488580c,cpd68r7lrmbg00bc512g
f600a1bd-4748-4298-89b9-1e29f488580c,cpd68raase3000bqm1tg
f604351a-a198-11eb-8a5a-00505681224b,c4ephsh6lb7g00cenn9g
f604351a-a198-11eb-8a5a-00505681224b,c4ephvcu12qg0096umj0
f610df9e-a198-11eb-bc93-00505681224b,c4ephsndeto0008a15sg
f610df9e-a198-11eb-bc93-00505681224b,c4ephv8gdkfg00ckjdgg
f61d3c00-a198-11eb-a695-00505681224b,c4ephshlms9g00deu6cg
f61d3c00-a198-11eb-a695-00505681224b,c4ephvgqui1g00dd15r0
f6204952-a198-11eb-9fe1-00505681224b,c4ephsi11o1g008c4h6g
f6204952-a198-11eb-9fe1-00505681224b,c4ephvmlljag008apm5g
f6244f4e-e855-4430-9a89-68da369b69d5,c4e9lfvdeto00089scvg
f6244f4e-e855-4430-9a89-68da369b69d5,c4e9pgokqp4g00aan6k0
f6272750-a198-11eb-a4e2-00505681224b,c4ephse22pr000dqpvag
f6272750-a198-11eb-a4e2-00505681224b,c4ephv4u12qg0096umhg
f62a82c8-a198-11eb-ad66-00505681224b,c4ephsbvdq3000f032hg
f62a82c8-a198-11eb-ad66-00505681224b,c4ephv6lljag008apm3g
f635cdae-a198-11eb-9c6a-00505681224b,c4ephsalpbg0009o3qtg
f635cdae-a198-11eb-9c6a-00505681224b,c4ephv3jknf000ams5vg
f638db06-a198-11eb-a986-00505681224b,c4ephsc7bhug00afhdtg
f638db06-a198-11eb-a986-00505681224b,c4ephv211o1g008c4hbg
f63d549b-f830-4bfe-81d2-21d16fd34f67,c4e9l89lms9g00dephug
f63d549b-f830-4bfe-81d2-21d16fd34f67,c4e9pgsbq3o000abur2g
f64166ba-a198-11eb-baed-00505681224b,c4ephskmi4og00d2gcvg
f64166ba-a198-11eb-baed-00505681224b,c4ephvcvfoog00ds7k3g
f6473342-a198-11eb-b407-00505681224b,c4ephslksi2g00c13rpg
f6473342-a198-11eb-b407-00505681224b,c4ephvdksi2g00c13rug
f64b7e3f-192a-43ab-b4cb-2cd70ef620b6,coabrm07ov20008h4ja0
f64b7e3f-192a-43ab-b4cb-2cd70ef620b6,coabrm19galg00d27iag
f64dcd4c-2c13-4c4c-ab04-a3181f562a22,c4e9l8alpbg0009nuu3g
f64dcd4c-2c13-4c4c-ab04-a3181f562a22,c4e9pgsmi4og00d2bsg0
f65ed854-dfef-4159-9bc0-7a146799e6a7,co8chui8kqpg00argm4g
f65ed854-dfef-4159-9bc0-7a146799e6a7,co8chuv9iisg009u7ls0
f6730da2-0a1d-41e0-9110-08177ae621cd,cngl6cir4qng00a9i9pg
f6730da2-0a1d-41e0-9110-08177ae621cd,cngl6ck10vk00082s8ug
f685ac46-26c4-49d5-b26b-8bf3afac202e,c4e9l8b0tnc000c84vk0
f685ac46-26c4-49d5-b26b-8bf3afac202e,c4e9pgv2551g00d1hkb0
f6a0cb77-58f4-4e38-9e2d-cda2917f1986,c4e9l8e22pr000dqlg60
f6a0cb77-58f4-4e38-9e2d-cda2917f1986,c4e9ph47bhug00afcu70
f6be9065-ea1d-4bf4-8b3e-55ccef973d27,c4e9l8forvtg00d0agfg
f6be9065-ea1d-4bf4-8b3e-55ccef973d27,c4e9pjfl13i0009r7j90
f6d05f86-2cda-4ec2-9331-f5a29f1e1633,c4e9l8m1ja2g00ccf8k0
f6d05f86-2cda-4ec2-9331-f5a29f1e1633,c4e9pj9lms9g00depjig
f703ef11-3183-45e1-a745-de5408c043f2,coabrm9gkbk0009i54ig
f703ef11-3183-45e1-a745-de5408c043f2,coabrmflrmbg00b6etu0
f7152ac3-c82b-49e7-ac5a-c8ddffb5dec4,coabrmbnofvg00bfduhg
f7152ac3-c82b-49e7-ac5a-c8ddffb5dec4,coabrmlqk3gg00cghc10
f7154300-6382-48df-ba9c-c9e99ad9b8d2,c4e9lfoqui1g00dcsii0
f7154300-6382-48df-ba9c-c9e99ad9b8d2,c4e9ph4fjb0000cm09v0
f7272c70-cc88-4f44-876f-35d6313d3b16,c4e9l8lksi2g00c0uqh0
f7272c70-cc88-4f44-876f-35d6313d3b16,c4e9phff3f9g0080s29g
f7398f5f-91b0-4a95-ba8d-799d2088322f,co8chup8t1lg00a7oev0
f7398f5f-91b0-4a95-ba8d-799d2088322f,co8churnofvg00bf9hm0
f7420572-260d-469e-a863-a20124ff9fe2,cf8c7nbtr21000f7bo5g
f7420572-260d-469e-a863-a20124ff9fe2,cf8c7no0oqo000bbt74g
f7646740-6af8-4a47-8b5b-b6efa5bf512d,coevg487ov20008i33h0
f7646740-6af8-4a47-8b5b-b6efa5bf512d,coevg5flrmbg00b7ekqg
f775513e-91ef-4632-93af-59a8e537df5d,c4e9lfq11o1g008c01f0
f775513e-91ef-4632-93af-59a8e537df5d,c4e9phfdeto00089secg
f7880b12-a789-4278-8e58-e207d2b8a393,cocb3v81277000eh05f0
f7880b12-a789-4278-8e58-e207d2b8a393,cocb3vaase3000bm6vn0
f7a2ce53-3afc-4543-ade6-04fa1123c8ef,c4e9l8ntarsg00au3pag
f7a2ce53-3afc-4543-ade6-04fa1123c8ef,c4e9phhlms9g00depjh0
f7c8ddc6-0a50-4df8-9672-6a73f4c1924f,c4e9l8ilpbg0009nuu40
f7c8ddc6-0a50-4df8-9672-6a73f4c1924f,c4e9phh2rh1g009f4i9g
f7cb8867-fb9b-4b00-9a20-4524eecca023,co8churai11g00d5ktfg
f7cb8867-fb9b-4b00-9a20-4524eecca023,co8chv6udun000eh5jn0
f7d96141-3d5e-482a-ab26-31418d808cad,c4e9lfp2rh1g009f4gtg
f7d96141-3d5e-482a-ab26-31418d808cad,c4e9phs7bhug00afcu7g
f7da55ce-2f2e-49a1-a83f-9b086aed526b,cnp7dijnofvg00bbp5g0
f7da55ce-2f2e-49a1-a83f-9b086aed526b,cnp7dimi5iag009qejp0
f80fa764-8a8f-4162-9635-bd165d268474,c6fbni5nv8a0008mmr2g
f80fa764-8a8f-4162-9635-bd165d268474,c6fbni7f3f9g00860sjg
f8143ce5-7c6c-43b2-8db5-aaa7a112997f,c4e9lfrjknf000amnfdg
f8143ce5-7c6c-43b2-8db5-aaa7a112997f,c4e9phqc0ku000ap4ap0
f826efe9-c377-4cf5-b2ec-f1ea13dd53ec,cnnt750n2q9g00esmnfg
f826efe9-c377-4cf5-b2ec-f1ea13dd53ec,cnnt75c5646000cfjr60
f82b0462-9536-4886-b6b1-68edaa210392,co8chv1gkbk0009i0aqg
f82b0462-9536-4886-b6b1-68edaa210392,co8chv3rfj6g00ai0ub0
f839c697-1906-479e-974d-e716b5277e12,coabrmjai11g00d5pd0g
f839c697-1906-479e-974d-e716b5277e12,coabrmjrfj6g00ai6blg
f8401227-f54e-4725-884e-f4177a34a5a9,c4e9l8norvtg00d0agg0
f8401227-f54e-4725-884e-f4177a34a5a9,c4e9pi5nv8a0008hc4vg
f8405b0b-55cf-486a-8ec9-5f2c8b88af6d,cechsqjo765000dhj7u0
f8405b0b-55cf-486a-8ec9-5f2c8b88af6d,ceci512gr9bg0093620g
f849bd7c-fc44-4a3f-a87c-d0dd319b678a,c4e9lfsbq3o000abupr0
f849bd7c-fc44-4a3f-a87c-d0dd319b678a,c4e9pia11o1g008c02tg
f85d5fe7-eff3-41e0-bddc-e1e8ff7ca7fc,cf8c7nmvss5g0096t690
f85d5fe7-eff3-41e0-bddc-e1e8ff7ca7fc,cf8c7nvs0e4g00e051qg
f88b7e48-0d05-490e-be7a-89a000c41c07,coabrmg1277000eg8n8g
f88b7e48-0d05-490e-be7a-89a000c41c07,coabrmrrfj6g00ai6bm0
f89bcdfa-34d9-4dc9-ab4c-112ec19871fc,cech9n7rci6g009na62g
f89bcdfa-34d9-4dc9-ab4c-112ec19871fc,cechelqgr9bg00935q40
f8e469fc-07f1-49a8-80b3-c46073664224,cnp7dih3sto000bmojmg
f8e469fc-07f1-49a8-80b3-c46073664224,cnp7dipqkol000a5jvc0
f901c3a3-21da-490a-b39f-1b2968b20757,cobm1fhmiud0009vaej0
f901c3a3-21da-490a-b39f-1b2968b20757,cobm1fmi5iag009v5da0
f9109a97-af26-43e3-9ddd-193942bd9f17,cech9mv6bs0g0081a2e0
f9109a97-af26-43e3-9ddd-193942bd9f17,cechem79dv5000dhbelg
f92dc53e-454d-4331-b658-5be520503e47,c4e9l8kfjb0000cm08bg
f92dc53e-454d-4331-b658-5be520503e47,c4e9pi96lb7g00ceiu90
f961866c-0a13-4c4e-9cc2-ec3444b94743,c4e9l8gqui1g00dcsicg
f961866c-0a13-4c4e-9cc2-ec3444b94743,c4e9pibjknf000amngpg
f9722ac5-e997-4f91-b240-613ce6d6f05e,co72bv6i5iag009tsphg
f9722ac5-e997-4f91-b240-613ce6d6f05e,co72bvf3r4d000f1fc9g
f9767223-37d4-4716-b946-7e860a7da7a2,c4e9lfsmi4og00d2br1g
f9767223-37d4-4716-b946-7e860a7da7a2,c4e9picu12qg0096pmeg
f9981df3-d815-40c6-842c-cf0ee9ca1a80,coabrmpg8bvg00b41gm0
f9981df3-d815-40c6-842c-cf0ee9ca1a80,coabrmq8kqpg00arlhb0
f9a0212b-b755-4733-a7da-95fad743e9c9,c4e9l8rjknf000amnfa0
f9a0212b-b755-4733-a7da-95fad743e9c9,c4e9pigkqp4g00aan6l0
f9addac8-0b5e-45a0-a068-99e671ddd44c,c4e9l8tnv8a0008hc3dg
f9addac8-0b5e-45a0-a068-99e671ddd44c,c4e9pih6lb7g00ceiu9g
f9cb5d26-1cdd-492a-a57e-260c657482ad,cocb3v81277000eh05fg
f9cb5d26-1cdd-492a-a57e-260c657482ad,cocb3v9jhmbg00fgbfgg
f9f91278-37c7-4eb1-8f25-769f14846e78,c4e9l8u22pr000dqlg6g
f9f91278-37c7-4eb1-8f25-769f14846e78,c4e9pim22pr000dqlhrg
fa021cc6-5dcc-47ae-a635-35b74c1f1035,c4e9l94fjb0000cm08c0
fa021cc6-5dcc-47ae-a635-35b74c1f1035,c4e9piqc0ku000ap4apg
fa0d91ad-7022-43e1-9680-b051f5d442e2,c4e9l930tnc000c84vkg
fa0d91ad-7022-43e1-9680-b051f5d442e2,c4e9pn12rh1g009f4icg
fa2c2d31-5306-47a6-9f5b-31435b574498,cnp7dis5646000cfpmm0
fa2c2d31-5306-47a6-9f5b-31435b574498,cnp7diui5iag009qejpg
fa45212e-d698-43aa-a0f4-aa3f1042ad43,com0d7rn5d9000e374q0
fa45212e-d698-43aa-a0f4-aa3f1042ad43,com0ejf9iisg00a0elog
fa4f8af8-2317-4674-804e-a40469fd740e,c4e9l94bq3o000abupo0
fa4f8af8-2317-4674-804e-a40469fd740e,c4e9pn5nv8a0008hc520
fa52b885-37f3-4e42-be99-41c71cf11388,c4e9l98kqp4g00aan500
fa52b885-37f3-4e42-be99-41c71cf11388,c4e9pjk7bhug00afcu80
FA5477D7-4F96-42B5-87CD-E7F6CFFA3946,c4bk05vf3f9g0080aoc0
FA5477D7-4F96-42B5-87CD-E7F6CFFA3946,c4bk063jknf000am72ag
fa808cb7-77f6-4c3a-9b80-3f0df41a905f,c4e9l9c7bhug00afcsn0
fa808cb7-77f6-4c3a-9b80-3f0df41a905f,c4e9pjkmi4og00d2bsi0
fa858985-cb85-4fea-a4bd-b2d997f77e7f,coabrmon2q9g00f0n7ng
fa858985-cb85-4fea-a4bd-b2d997f77e7f,coabrn6udun000eha2ug
fa879e91-6115-43b4-9e16-4a1f5f502a4e,c4e9lfsvfoog00ds2vq0
fa879e91-6115-43b4-9e16-4a1f5f502a4e,c4e9pn0kqp4g00aan6n0
fa9d9920-fb9a-4551-a625-8d427a1179a7,codla7o1277000eh49b0
fa9d9920-fb9a-4551-a625-8d427a1179a7,codla7rrfj6g00aj2na0
faac0a60-ab55-461f-9dea-c92a5dbfb9b0,c4e9l98gdkfg00ckeo60
faac0a60-ab55-461f-9dea-c92a5dbfb9b0,c4e9pn7orvtg00d0ai1g
fab05188-3d0e-4859-97cf-4a0ac15e5691,c4e9l9hlms9g00dephvg
fab05188-3d0e-4859-97cf-4a0ac15e5691,c4e9pn2c0ku000ap4arg
facc3d3b-094f-4dd9-9e52-cade83c914f6,cocb3vmi5iag009vavl0
facc3d3b-094f-4dd9-9e52-cade83c914f6,cocb3vmudun000ehvuug
fb14bd3d-eaca-4931-a672-180cf0fa1690,c4e9l9rvdq3000evtc60
fb14bd3d-eaca-4931-a672-180cf0fa1690,c4e9pjkfjb0000cm0a00
fb2b43ac-ca92-4808-a074-ff403850d182,c4e9l9vtarsg00au3pbg
fb2b43ac-ca92-4808-a074-ff403850d182,c4e9pn4u12qg0096pmh0
fb3b7d0c-145c-4957-bcba-5393438a48e8,c4e9lg7l13i0009r7hp0
fb3b7d0c-145c-4957-bcba-5393438a48e8,c4e9pjilpbg0009nuvog
fb4ee0ce-b271-4bae-a2ca-93d8025b6b5a,coabrn3ai11g00d5pd1g
fb4ee0ce-b271-4bae-a2ca-93d8025b6b5a,coabrn3rfj6g00ai6bn0
fb5d3919-b665-4240-aa02-552e4d4329bf,c4e9lg72551g00d1hj0g
fb5d3919-b665-4240-aa02-552e4d4329bf,c4e9pju1ja2g00ccfa5g
fb7c15cd-317f-4304-a89d-b4b3f078d300,coabrn8n2q9g00f0n7o0
fb7c15cd-317f-4304-a89d-b4b3f078d300,coabrndqk3gg00cghc2g
fba49968-9d04-4711-a63e-960bd0cc812d,cnpsfqh3sto000bmrnig
fba49968-9d04-4711-a63e-960bd0cc812d,cnpsfqk10vk00083vre0
fbae4e69-7c4e-448b-9f19-5ae5b4e65888,cmatn97vfag000edbv30
fbae4e69-7c4e-448b-9f19-5ae5b4e65888,cmatnrd51pog008k9sg0
fbb61667-cfa4-400e-9fed-e9ae285d480b,c4e9lg6lljag008akq2g
fbb61667-cfa4-400e-9fed-e9ae285d480b,c4e9pjsvfoog00ds31b0
fbc0e6cf-b0ac-46e0-ac15-82f8871345a4,cngl6cpgkbk0009daf2g
fbc0e6cf-b0ac-46e0-ac15-82f8871345a4,cngl6cqr4qng00a9i9q0
fbc1f385-2938-4c83-ab66-831ee67a7053,coevg4bn5d9000e23pag
fbc1f385-2938-4c83-ab66-831ee67a7053,coevg4jnofvg00bgb2m0
fbc22352-2be7-4bf4-8f47-30bfefa74a5e,coabrn9miud0009upaag
fbc22352-2be7-4bf4-8f47-30bfefa74a5e,coabrna8kqpg00arlhcg
fbd0f38d-ed19-4834-a312-1fd24dba52d2,cf8c7nm7fmtg0082c9mg
fbd0f38d-ed19-4834-a312-1fd24dba52d2,cf8c7nv4lcs000b3c34g
fbd9a3aa-ce96-4c81-83a3-fd4a8d44b858,c4e9lg16lb7g00ceit0g
fbd9a3aa-ce96-4c81-83a3-fd4a8d44b858,c4e9pjrjknf000amngr0
fbdb0feb-9ac3-491d-ba7c-47ae426c1440,cocb3vnlrmbg00b75p60
fbdb0feb-9ac3-491d-ba7c-47ae426c1440,cocb3vqf6nn0008uqn0g
fc06cf30-5e6b-4eb4-9320-008e9ef29411,c4e9lm0kqp4g00aan55g
fc06cf30-5e6b-4eb4-9320-008e9ef29411,c4e9pjsu12qg0096pmfg
fc0e5516-be25-499b-a17e-4321fdaea4a2,c4e9lg5nv8a0008hc3gg
fc0e5516-be25-499b-a17e-4321fdaea4a2,c4e9pjtnv8a0008hc50g
fc1c81c6-1824-11e8-b1af-00505681224b,c4dtn2q11o1g008bpcqg
fc1c81c6-1824-11e8-b1af-00505681224b,c4dtngsmi4og00d2550g
fc227d7d-52d3-4735-b21b-46070312c880,com7h0f9iisg00a0g3pg
fc227d7d-52d3-4735-b21b-46070312c880,com7h0jai11g00d7pgeg
fc29fac4-9065-4617-9556-f8539dd28efd,c4e9lm2c0ku000ap4960
fc29fac4-9065-4617-9556-f8539dd28efd,c4e9pn4bq3o000abur40
fc3cf80a-fc50-4354-85e8-cfa493c0e425,cee0205cpqj000e6m300
fc3cf80a-fc50-4354-85e8-cfa493c0e425,cee020agr9bg0093cg8g
fc69dfe7-c28e-4c5f-8706-b7e0ec47493b,c4e9lg4mi4og00d2br20
fc69dfe7-c28e-4c5f-8706-b7e0ec47493b,c4e9pk4mi4og00d2bsig
fc7c02c1-42d7-4442-b10e-b8663568d95f,c4e9lm7tarsg00au3ph0
fc7c02c1-42d7-4442-b10e-b8663568d95f,c4e9pk1lms9g00depjj0
fc853152-4ae7-40ed-a49f-ca4f54765fdd,coevg4gn2q9g00f1nf9g
fc853152-4ae7-40ed-a49f-ca4f54765fdd,coevg4n3r4d000f362gg
fc919baf-4ff8-47a1-a32e-8f061d0314cc,coabrnlqk3gg00cghc30
fc919baf-4ff8-47a1-a32e-8f061d0314cc,coabrnn3r4d000f24dkg
fc9ca1bb-7117-462c-8c4d-5872b92aba85,cocb3vp9galg00d2tggg
fc9ca1bb-7117-462c-8c4d-5872b92aba85,cocb3vpgkbk0009irsig
fcb3717b-2a6b-4e0b-b191-9f1c5df62ebe,cpd68r2r24n000dgtegg
fcb3717b-2a6b-4e0b-b191-9f1c5df62ebe,cpd68rflrmbg00bc5130
fcb52fda-0141-4a3f-b836-8603476623a9,cocb3vt7tiqg00apf150
fcb52fda-0141-4a3f-b836-8603476623a9,cocb3vuudun000ehvv00
fce23d95-d5f2-4d2f-8962-707e11ea606e,c4e9lg12rh1g009f4gu0
fce23d95-d5f2-4d2f-8962-707e11ea606e,c4e9pk7deto00089sedg
fcec503c-a38a-4ee9-a896-3ba0a7a11b02,co8chv2ase3000blcjpg
fcec503c-a38a-4ee9-a896-3ba0a7a11b02,co8chvf3r4d000f1v3lg
fcf3f101-acf8-48a8-b6cc-5ed04ebd910a,co8chv9g8bvg00b3t0n0
fcf3f101-acf8-48a8-b6cc-5ed04ebd910a,co8chvaase3000blcjq0
fcfdebdd-65fe-497d-ad47-2fb3fc93e8bb,cocb403ai11g00d6fbj0
fcfdebdd-65fe-497d-ad47-2fb3fc93e8bb,cocb403n5d9000e1qs20
fd12fd2b-a00c-43e8-93c6-785448cc6094,c4e9lg5ksi2g00c0uqlg
fd12fd2b-a00c-43e8-93c6-785448cc6094,c4e9pk7deto00089see0
fd4a5a33-5d5c-4f40-b3de-4e3099d5e50b,c4e9lg47bhug00afcsqg
fd4a5a33-5d5c-4f40-b3de-4e3099d5e50b,c4e9pk0qui1g00dcsju0
fd5730f0-2a18-47c9-814c-ed78590af066,c4e9lg7tarsg00au3pf0
fd5730f0-2a18-47c9-814c-ed78590af066,c4e9pn47bhug00afcua0
fd63cac4-0bf8-4c55-980a-99053402fe26,c4e9lg8gdkfg00ckeoag
fd63cac4-0bf8-4c55-980a-99053402fe26,c4e9pka11o1g008c02v0
fd793a52-5e2d-4815-be81-ce5351458df6,c4e9lm0gdkfg00ckeobg
fd793a52-5e2d-4815-be81-ce5351458df6,c4e9pk8gdkfg00ckepng
fd8e5c61-949c-41be-ab31-27186e2750ca,c4e9lg8qui1g00dcsiig
fd8e5c61-949c-41be-ab31-27186e2750ca,c4e9pk8kqp4g00aan6m0
fdb551a7-2396-49d6-bb93-5079ce4b3b3e,c4e9lm0kqp4g00aan560
fdb551a7-2396-49d6-bb93-5079ce4b3b3e,c4e9pk8gdkfg00ckepo0
fdc1aea3-1260-45fe-8670-f625da8b9a16,cocb401gkbk0009irsjg
fdc1aea3-1260-45fe-8670-f625da8b9a16,cocb401jhmbg00fgbfh0
fe124b7d-f643-40e5-9d8b-d37625878e81,coevg4o1qiv000f42f7g
fe124b7d-f643-40e5-9d8b-d37625878e81,coevg4ui5iag009vlec0
fe129a7d-3e58-46b8-a8ef-1f0180609c55,c4e9lge1ja2g00ccf8og
fe129a7d-3e58-46b8-a8ef-1f0180609c55,c4e9pkh2rh1g009f4ibg
fe328b99-6204-4cce-b31c-12e6b21b6c69,c4e9lm6lljag008akq5g
fe328b99-6204-4cce-b31c-12e6b21b6c69,c4e9pkgqui1g00dcsjug
fe3dfc1f-09fc-4a0d-92ed-2b78f43ea6df,cee0202qhpqg00cqo38g
fe3dfc1f-09fc-4a0d-92ed-2b78f43ea6df,cee020aac3n000ekr5ig
fe5901c5-a256-4176-9561-e1988711e106,coevg4q8kqpg00asl38g
fe5901c5-a256-4176-9561-e1988711e106,coevg52f6nn0008v47q0
fe645399-78a3-4cf2-9b6f-c2c8fd8ebcbe,cpd68r2f6nn000940v2g
fe645399-78a3-4cf2-9b6f-c2c8fd8ebcbe,cpd68r9miud000a4a100
fe9687fe-3943-43ee-b519-05db7fcb4d06,co8chvl7tiqg00aojm2g
fe9687fe-3943-43ee-b519-05db7fcb4d06,co8chvnlrmbg00b6a3pg
fea0d1c0-a58e-400d-9296-dba15a075535,cnp7dj3rfj6g00ae40lg
fea0d1c0-a58e-400d-9296-dba15a075535,cnp7dj7lrmbg00b2jiag
febaccdc-947f-4ec5-bd91-8f479cc6a092,coevg51gkbk0009j4bgg
febaccdc-947f-4ec5-bd91-8f479cc6a092,coevg56udun000ei7mb0
fec853f3-f646-4dc6-b8e4-9d101f11b3e7,c4e9lga11o1g008c01fg
fec853f3-f646-4dc6-b8e4-9d101f11b3e7,c4e9pkic0ku000ap4aqg
fed0af26-92ac-4633-9a29-1dc52c07b874,co8chvh8t1lg00a7of00
fed0af26-92ac-4633-9a29-1dc52c07b874,co8chviase3000blcjqg
fee1b558-c17c-4748-b1e9-a96a7876a0e6,cocb402f6nn0008uqn1g
fee1b558-c17c-4748-b1e9-a96a7876a0e6,cocb40dqk3gg00ch76ag
feeaf105-9b61-472a-9c8d-dbc530b494b0,cpd68r18t1lg00adq6e0
feeaf105-9b61-472a-9c8d-dbc530b494b0,cpd68rdorq7g008s5r4g
feedc633-5faf-48af-a0d6-f75efa4fb14f,co8chvpmiud0009ukqi0
feedc633-5faf-48af-a0d6-f75efa4fb14f,co8chvqf6nn0008tu4m0
fef4f6c2-040b-412d-9837-c789802b128e,cobm1fn3r4d000f2mqvg
fef4f6c2-040b-412d-9837-c789802b128e,cobm1fqf6nn0008ul940
fefe4f6c-bfa1-49e4-bb0e-a44a8c22c4fd,c4e9lm0qui1g00dcsijg
fefe4f6c-bfa1-49e4-bb0e-a44a8c22c4fd,c4e9pkvorvtg00d0ai10
ff016e20-f378-4343-b3e0-e14364d01227,c4e9lgf2551g00d1hj1g
ff016e20-f378-4343-b3e0-e14364d01227,c4e9pksmi4og00d2bsj0
ff01a20c-8faa-4438-99aa-520f455c848b,c4e9lm7orvtg00d0aglg
ff01a20c-8faa-4438-99aa-520f455c848b,c4e9podksi2g00c0us0g
ff1754c4-55bd-40b0-872f-e7f023531b94,coabrnl7tiqg00aood20
ff1754c4-55bd-40b0-872f-e7f023531b94,coabrnnlrmbg00b6eu00
ff28bf62-1620-489c-9789-b00e4cc05456,c4e9lm4o26gg008qpa4g
ff28bf62-1620-489c-9789-b00e4cc05456,c4e9pof2551g00d1hke0
ff29c3e4-390c-4aa7-a954-eadde62ad52f,cnp7dj87ov20008dbrk0
ff29c3e4-390c-4aa7-a954-eadde62ad52f,cnp7djfs7se0009up6c0
ff594848-b12b-4455-a818-aeb298cabc81,c4e9lgkfjb0000cm08h0
ff594848-b12b-4455-a818-aeb298cabc81,c4e9pna11o1g008c0300
ff5bb8d2-f804-425f-9701-14cc8ab658a9,co8chvp8t1lg00a7of0g
ff5bb8d2-f804-425f-9701-14cc8ab658a9,co8chvp9galg00d232dg
ff5ce61e-80b8-4277-801f-74d8c510681d,cocb40c5646000ck7rcg
ff5ce61e-80b8-4277-801f-74d8c510681d,cocb40ei5iag009vavmg
ff96cd70-1667-4466-bf89-929a3581b3ae,coabrnqr4qng00aed2v0
ff96cd70-1667-4466-bf89-929a3581b3ae,coabrnuudun000eha2vg
ff998a37-7ed2-4fc8-a6be-8f76ce7b2682,cngl6co1277000ebeqtg
ff998a37-7ed2-4fc8-a6be-8f76ce7b2682,cngl6d0vhjtg00d6lcbg
ffa36ba5-2bde-439c-a97a-b75fe1ac13bf,co8ci001277000eg3m90
ffa36ba5-2bde-439c-a97a-b75fe1ac13bf,co8ci01qkol000a9djqg
ffafc38f-8561-4db1-b6b0-46f9ea949326,co8ci001277000eg3m9g
ffafc38f-8561-4db1-b6b0-46f9ea949326,co8ci00n2q9g00f0iahg
ffb63dc5-cee0-496e-8bdc-aa4a2d9f825f,c4e9lm3jknf000amnffg
ffb63dc5-cee0-496e-8bdc-aa4a2d9f825f,c4e9pn72551g00d1hkdg
ffc2fc8a-c8bc-46f9-b5df-e5a54a451241,cocb409qkol000aa8k00
ffc2fc8a-c8bc-46f9-b5df-e5a54a451241,cocb40hmiud0009vfcmg
ffe02cb8-bdc9-43fe-9ee2-3be77be06b3c,cmau7clqjak000bnldi0
ffe02cb8-bdc9-43fe-9ee2-3be77be06b3c,cmau7q5qjak000bnldog
ffe4f828-1c83-4f85-88ec-4286f3afbc50,co8ci08n2q9g00f0iai0
ffe4f828-1c83-4f85-88ec-4286f3afbc50,co8ci0c10vk00087eob0
ffef3c7c-d20a-4778-842c-4a4e7196db9c,coevg58im8r000ftqkpg
ffef3c7c-d20a-4778-842c-4a4e7196db9c,coevg59g8bvg00b4vd6g
