chd_recordID,in_diml_xref,in_cole_logs,package_id,recordID,_ModifiedDateTime,_CreatedDateTime,_modified_date_package_id,package_id_1,inputDataset,OCRErrorMessage,IIEErrorMessage,_OCRModifiedDateTime,_IIEModifiedDateTime,OCRs3Path
0069A957-C8FA-402F-9DFA-556E024DB102,0,0,,,,,,,,,,,,
00D18DA8-D49C-4E30-BEFE-DB505BD185CD,0,0,,,,,,,,,,,,
0140CF87-3440-4742-9D69-535FA48013EB,0,0,,,,,,,,,,,,
00A82B5B-ED84-420B-8BA3-CAD1DB11B302,0,0,,,,,,,,,,,,
003B4FA7-65DC-4D79-BD07-1D7D6C995FF3,0,0,,,,,,,,,,,,
003C76F8-802B-400C-A070-B2761ED39F48,0,0,,,,,,,,,,,,
0117B80B-8343-4E36-8312-C340390E100A,0,0,,,,,,,,,,,,
0143D980-E258-483C-AD4F-D81CD69D76F4,0,0,,,,,,,,,,,,
007B64E6-B837-4B9C-810D-28F2B6C6EF62,0,0,,,,,,,,,,,,
00AC1D04-E0CD-4954-BC73-DBDBBB775715,0,0,,,,,,,,,,,,
0061EC0C-8D31-4306-A3BB-5FF713C7A88E,0,0,,,,,,,,,,,,
00DC715C-FA10-41BF-864B-3826F3F18759,0,0,,,,,,,,,,,,
00825480-A4E1-4B9E-B89F-AFEB6A98FCAF,0,0,,,,,,,,,,,,
0029BEDE-4F0B-4436-BB06-BAB1A77EF8E2,0,0,,,,,,,,,,,,
00B763B6-1260-4859-9F5D-0BA35C12D7FD,1,1,d0i6l0c72f3g00cr914g,00b763b6-1260-4859-9f5d-0ba35c12d7fd,2025-05-14 05:05:45.420000,2025-05-14 05:05:45.420000,2025-05-14 05:05:45.420d0i6l0c72f3g00cr914g,d0i6l0c72f3g00cr914g,3,,,2025-05-14 06:37:21.280000,2025-05-14 06:57:13.630000,s3://di-diml-silver-prod/d0i6l0c72f3g00cr914g/d0i6rg5lhp0g00aiohb0/d0i6l0c72f3g00cr914g.tsv
00878803-2798-486C-9D2A-83D5DB810035,1,1,d0i6l72calk0008lav00,00878803-2798-486c-9d2a-83d5db810035,2025-05-14 05:05:45.420000,2025-05-14 05:05:45.420000,2025-05-14 05:05:45.420d0i6l72calk0008lav00,d0i6l72calk0008lav00,3,,,2025-05-14 06:47:23.247000,2025-05-14 07:02:23.803000,s3://di-diml-silver-prod/d0i6l72calk0008lav00/d0i71ptlhp0g00aj0ni0/d0i6l72calk0008lav00.tsv
00B1A97A-C62B-48BC-BA0F-2DF1D33B880B,1,1,d0i6l8tu3ph000e7o1p0,00b1a97a-c62b-48bc-ba0f-2df1d33b880b,2025-05-14 05:05:45.420000,2025-05-14 05:05:45.420000,2025-05-14 05:05:45.420d0i6l8tu3ph000e7o1p0,d0i6l8tu3ph000e7o1p0,3,,,2025-05-14 06:21:33.477000,2025-05-14 06:41:54.267000,s3://di-diml-silver-prod/d0i6l8tu3ph000e7o1p0/d0i70ef9vfn000fgja60/d0i6l8tu3ph000e7o1p0.tsv
000BF536-3147-4CDF-8A74-42E8BF064D80,1,1,d0i6lbk72f3g00cr9uhg,000bf536-3147-4cdf-8a74-42e8bf064d80,2025-05-14 05:05:45.420000,2025-05-14 05:05:45.420000,2025-05-14 05:05:45.420d0i6lbk72f3g00cr9uhg,d0i6lbk72f3g00cr9uhg,3,,,2025-05-14 06:57:38.507000,2025-05-14 07:17:27.440000,s3://di-diml-silver-prod/d0i6lbk72f3g00cr9uhg/d0i71kkmmp3000avidcg/d0i6lbk72f3g00cr9uhg.tsv
0055C859-B431-436F-BFC9-FA6D932CBE40,1,1,d0i6ld038n7000ace0hg,0055c859-b431-436f-bfc9-fa6d932cbe40,2025-05-14 05:05:45.420000,2025-05-14 05:05:45.420000,2025-05-14 05:05:45.420d0i6ld038n7000ace0hg,d0i6ld038n7000ace0hg,3,,,2025-05-14 06:16:05.970000,2025-05-14 06:37:02.010000,s3://di-diml-silver-prod/d0i6ld038n7000ace0hg/d0i7325jt2pg00dnhct0/d0i6ld038n7000ace0hg.tsv
00EE1902-72A2-4A59-B48D-E825B423D705,1,1,d0i6lfuqdhp00083s2l0,00ee1902-72a2-4a59-b48d-e825b423d705,2025-05-14 05:05:45.420000,2025-05-14 05:05:45.420000,2025-05-14 05:05:45.420d0i6lfuqdhp00083s2l0,d0i6lfuqdhp00083s2l0,3,,,2025-05-14 06:00:36.050000,2025-05-14 06:20:57.877000,s3://di-diml-silver-prod/d0i6lfuqdhp00083s2l0/d0i6racs3cjg0096ctug/d0i6lfuqdhp00083s2l0.tsv
0134237B-58AF-40E4-8B39-359C13607EBD,1,1,d0i6lgdu3ph000e7olf0,0134237b-58af-40e4-8b39-359c13607ebd,2025-05-14 05:05:45.420000,2025-05-14 05:05:45.420000,2025-05-14 05:05:45.420d0i6lgdu3ph000e7olf0,d0i6lgdu3ph000e7olf0,3,,,2025-05-14 06:10:51.547000,2025-05-14 06:37:02.010000,s3://di-diml-silver-prod/d0i6lgdu3ph000e7olf0/d0i710tjt2pg00dngsq0/d0i6lgdu3ph000e7olf0.tsv
010F0563-DA50-400C-8587-839867FA9CE7,1,1,d0i6lgegi0og00aude30,010f0563-da50-400c-8587-839867fa9ce7,2025-05-14 05:05:45.420000,2025-05-14 05:05:45.420000,2025-05-14 05:05:45.420d0i6lgegi0og00aude30,d0i6lgegi0og00aude30,3,,,2025-05-14 06:16:05.970000,2025-05-14 06:37:02.010000,s3://di-diml-silver-prod/d0i6lgegi0og00aude30/d0i71mmqdhp00084bsq0/d0i6lgegi0og00aude30.tsv
00B078E9-923D-4EAB-BC22-173E2CEC72DF,1,1,d0i6lgfo5c2000ekrrkg,00b078e9-923d-4eab-bc22-173e2cec72df,2025-05-14 05:05:45.420000,2025-05-14 05:05:45.420000,2025-05-14 05:05:45.420d0i6lgfo5c2000ekrrkg,d0i6lgfo5c2000ekrrkg,3,,,2025-05-14 06:10:51.547000,2025-05-14 06:37:02.010000,s3://di-diml-silver-prod/d0i6lgfo5c2000ekrrkg/d0i72pcs3cjg0096lco0/d0i6lgfo5c2000ekrrkg.tsv
00BA3E2F-052E-4E2A-94C3-F9ED94B3E490,1,1,d0i6lhfo5c2000ekru4g,00ba3e2f-052e-4e2a-94c3-f9ed94b3e490,2025-05-14 05:05:45.420000,2025-05-14 05:05:45.420000,2025-05-14 05:05:45.420d0i6lhfo5c2000ekru4g,d0i6lhfo5c2000ekru4g,3,,,2025-05-14 06:57:38.507000,2025-05-14 07:17:27.440000,s3://di-diml-silver-prod/d0i6lhfo5c2000ekru4g/d0i74d3pp0p000a7pht0/d0i6lhfo5c2000ekru4g.tsv
00CB9C5B-4CAA-451B-A028-0A412BFF85E8,1,1,d0i6lhg38n7000acebk0,00cb9c5b-4caa-451b-a028-0a412bff85e8,2025-05-14 05:05:45.420000,2025-05-14 05:05:45.420000,2025-05-14 05:05:45.420d0i6lhg38n7000acebk0,d0i6lhg38n7000acebk0,3,,,2025-05-14 06:21:33.477000,2025-05-14 06:41:54.267000,s3://di-diml-silver-prod/d0i6lhg38n7000acebk0/d0i7296qdhp00084c23g/d0i6lhg38n7000acebk0.tsv
00A4F509-52EC-4DA1-91D6-48365FF34010,1,1,d0i6lhmjsr2g00bjclr0,00a4f509-52ec-4da1-91d6-48365ff34010,2025-05-14 05:05:45.420000,2025-05-14 05:05:45.420000,2025-05-14 05:05:45.420d0i6lhmjsr2g00bjclr0,d0i6lhmjsr2g00bjclr0,3,,,2025-05-14 06:21:33.477000,2025-05-14 06:37:02.010000,s3://di-diml-silver-prod/d0i6lhmjsr2g00bjclr0/d0i72sv9vfn000fgjrr0/d0i6lhmjsr2g00bjclr0.tsv
0055B9A4-DD75-4125-8AE6-5E41310632D9,1,1,d0i6lhuo773g00ccohs0,0055b9a4-dd75-4125-8ae6-5e41310632d9,2025-05-14 05:05:45.420000,2025-05-14 05:05:45.420000,2025-05-14 05:05:45.420d0i6lhuo773g00ccohs0,d0i6lhuo773g00ccohs0,3,,,2025-05-14 06:37:21.280000,2025-05-14 06:52:13.470000,s3://di-diml-silver-prod/d0i6lhuo773g00ccohs0/d0i72h527ee0009v68j0/d0i6lhuo773g00ccohs0.tsv
00361B3D-03C1-413B-BFE0-DD121B4C3A4E,1,1,d0i6li6qdhp00083s7k0,00361b3d-03c1-413b-bfe0-dd121b4c3a4e,2025-05-14 05:05:45.420000,2025-05-14 05:05:45.420000,2025-05-14 05:05:45.420d0i6li6qdhp00083s7k0,d0i6li6qdhp00083s7k0,3,,,2025-05-14 06:21:33.477000,2025-05-14 06:37:02.010000,s3://di-diml-silver-prod/d0i6li6qdhp00083s7k0/d0i71eps5hl000fcahc0/d0i6li6qdhp00083s7k0.tsv
00C965B4-A9BF-4482-A46F-A4F729E157BA,1,1,d0i6lid27ee0009um510,00c965b4-a9bf-4482-a46f-a4f729e157ba,2025-05-14 05:05:45.420000,2025-05-14 05:05:45.420000,2025-05-14 05:05:45.420d0i6lid27ee0009um510,d0i6lid27ee0009um510,3,,,2025-05-14 06:16:05.970000,2025-05-14 06:37:02.010000,s3://di-diml-silver-prod/d0i6lid27ee0009um510/d0i70mps5hl000fcacig/d0i6lid27ee0009um510.tsv
01287DCB-0F82-4DFE-BFAD-8403D26D2F9C,1,1,d0i6lig38n7000acee20,01287dcb-0f82-4dfe-bfad-8403d26d2f9c,2025-05-14 05:05:45.420000,2025-05-14 05:05:45.420000,2025-05-14 05:05:45.420d0i6lig38n7000acee20,d0i6lig38n7000acee20,3,,,2025-05-14 06:21:33.477000,2025-05-14 06:37:02.010000,s3://di-diml-silver-prod/d0i6lig38n7000acee20/d0i6s9smmp3000avb1i0/d0i6lig38n7000acee20.tsv
013EDE11-B981-4FFF-BAB5-910338433E43,1,1,d0i6limjsr2g00bjco9g,013ede11-b981-4fff-bab5-910338433e43,2025-05-14 05:05:45.420000,2025-05-14 05:05:45.420000,2025-05-14 05:05:45.420d0i6limjsr2g00bjco9g,d0i6limjsr2g00bjco9g,3,,,2025-05-14 06:16:05.970000,2025-05-14 06:37:02.010000,s3://di-diml-silver-prod/d0i6limjsr2g00bjco9g/d0i70v1s5hl000fcae80/d0i6limjsr2g00bjco9g.tsv
0103CAE3-A182-4145-9662-49BB19CB7CDF,1,1,d0i6litjt2pg00dn1380,0103cae3-a182-4145-9662-49bb19cb7cdf,2025-05-14 05:05:45.420000,2025-05-14 05:05:45.420000,2025-05-14 05:05:45.420d0i6litjt2pg00dn1380,d0i6litjt2pg00dn1380,3,,,2025-05-14 06:32:07.410000,2025-05-14 06:47:06.213000,s3://di-diml-silver-prod/d0i6litjt2pg00dn1380/d0i71jc72f3g00crordg/d0i6litjt2pg00dn1380.tsv
00932E83-4672-4264-8A94-94C0EFFDC59C,1,1,d0i6lj038n7000acefag,00932e83-4672-4264-8a94-94c0effdc59c,2025-05-14 05:05:45.420000,2025-05-14 05:05:45.420000,2025-05-14 05:05:45.420d0i6lj038n7000acefag,d0i6lj038n7000acefag,3,,,2025-05-14 06:47:23.247000,2025-05-14 07:07:24.653000,s3://di-diml-silver-prod/d0i6lj038n7000acefag/d0i73oqcalk0008lrmjg/d0i6lj038n7000acefag.tsv
003556CF-1AA1-4DB7-870B-14EB72816017,1,1,d0i6lj6gi0og00audk9g,003556cf-1aa1-4db7-870b-14eb72816017,2025-05-14 05:05:45.420000,2025-05-14 05:05:45.420000,2025-05-14 05:05:45.420d0i6lj6gi0og00audk9g,d0i6lj6gi0og00audk9g,3,,,2025-05-14 06:37:21.280000,2025-05-14 06:52:13.470000,s3://di-diml-silver-prod/d0i6lj6gi0og00audk9g/d0i71n6qdhp00084bss0/d0i6lj6gi0og00audk9g.tsv
00AB8993-7F1E-4F60-B8E0-91432B0A9BC4,1,1,d0i6ljuo773g00ccomo0,00ab8993-7f1e-4f60-b8e0-91432b0a9bc4,2025-05-14 05:05:45.420000,2025-05-14 05:05:45.420000,2025-05-14 05:05:45.420d0i6ljuo773g00ccomo0,d0i6ljuo773g00ccomo0,3,,,2025-05-14 06:32:07.410000,2025-05-14 06:52:13.470000,s3://di-diml-silver-prod/d0i6ljuo773g00ccomo0/d0i72t0b12i000ap2cs0/d0i6ljuo773g00ccomo0.tsv
008E189C-B820-48A8-8EC5-EB657CFCAD4B,1,1,d0i6lk1s5hl000fbrjvg,008e189c-b820-48a8-8ec5-eb657cfcad4b,2025-05-14 05:05:45.420000,2025-05-14 05:05:45.420000,2025-05-14 05:05:45.420d0i6lk1s5hl000fbrjvg,d0i6lk1s5hl000fbrjvg,3,,,2025-05-14 06:52:33.337000,2025-05-14 07:02:23.803000,s3://di-diml-silver-prod/d0i6lk1s5hl000fbrjvg/d0i72dd27ee0009v67f0/d0i6lk1s5hl000fbrjvg.tsv
0144007C-0D05-4454-8EC6-6ED16CEC5FBC,1,1,d0i6lkl27ee0009um9tg,0144007c-0d05-4454-8ec6-6ed16cec5fbc,2025-05-14 05:05:45.420000,2025-05-14 05:05:45.420000,2025-05-14 05:05:45.420d0i6lkl27ee0009um9tg,d0i6lkl27ee0009um9tg,3,,,2025-05-14 06:16:05.970000,2025-05-14 06:37:02.010000,s3://di-diml-silver-prod/d0i6lkl27ee0009um9tg/d0i745hs5hl000fcbj30/d0i6lkl27ee0009um9tg.tsv
00EA41A4-6C62-4A67-919A-05309DCF63A2,1,1,d0i6ll3kf5cg00e6pl70,00ea41a4-6c62-4a67-919a-05309dcf63a2,2025-05-14 05:05:45.420000,2025-05-14 05:05:45.420000,2025-05-14 05:05:45.420d0i6ll3kf5cg00e6pl70,d0i6ll3kf5cg00e6pl70,3,,,2025-05-14 06:10:51.547000,2025-05-14 06:37:02.010000,s3://di-diml-silver-prod/d0i6ll3kf5cg00e6pl70/d0i6s45lhp0g00aioirg/d0i6ll3kf5cg00e6pl70.tsv
0144F3EA-0B97-4507-8656-3AAA76916BF7,1,1,d0i6ll5u3ph000e7p1ug,0144f3ea-0b97-4507-8656-3aaa76916bf7,2025-05-14 05:05:45.420000,2025-05-14 05:05:45.420000,2025-05-14 05:05:45.420d0i6ll5u3ph000e7p1ug,d0i6ll5u3ph000e7p1ug,3,,,2025-05-14 06:16:05.970000,2025-05-14 06:37:02.010000,s3://di-diml-silver-prod/d0i6ll5u3ph000e7p1ug/d0i71ougi0og00autam0/d0i6ll5u3ph000e7p1ug.tsv
0026B48E-CDC7-4464-98E3-70BD1D74F78F,1,1,d0i6ll7o5c2000eks7vg,0026b48e-cdc7-4464-98e3-70bd1d74f78f,2025-05-14 05:05:45.420000,2025-05-14 05:05:45.420000,2025-05-14 05:05:45.420d0i6ll7o5c2000eks7vg,d0i6ll7o5c2000eks7vg,3,,,2025-05-14 06:10:51.547000,2025-05-14 06:37:02.010000,s3://di-diml-silver-prod/d0i6ll7o5c2000eks7vg/d0i72d527ee0009v67eg/d0i6ll7o5c2000eks7vg.tsv
009654F3-53CA-477A-AEB5-7F9A95FECC7A,1,1,d0i6ller7j8g00cb79hg,009654f3-53ca-477a-aeb5-7f9a95fecc7a,2025-05-14 05:05:45.420000,2025-05-14 05:05:45.420000,2025-05-14 05:05:45.420d0i6ller7j8g00cb79hg,d0i6ller7j8g00cb79hg,3,,,2025-05-14 06:00:36.050000,2025-05-14 06:10:27.760000,s3://di-diml-silver-prod/d0i6ller7j8g00cb79hg/d0i71osclak000dcohfg/d0i6ller7j8g00cb79hg.tsv
000A342F-BDF3-46E5-9B09-EC0256223E39,1,1,d0i6llhggil000a0qoeg,000a342f-bdf3-46e5-9b09-ec0256223e39,2025-05-14 05:05:45.420000,2025-05-14 05:05:45.420000,2025-05-14 05:05:45.420d0i6llhggil000a0qoeg,d0i6llhggil000a0qoeg,3,,,2025-05-14 06:05:36.750000,2025-05-14 06:20:57.877000,s3://di-diml-silver-prod/d0i6llhggil000a0qoeg/d0i73hhggil000a1aps0/d0i6llhggil000a0qoeg.tsv
005E6842-8FD5-4751-9C07-8BF91EB8A6CA,1,1,d0i6llrpp0p000a78qag,005e6842-8fd5-4751-9c07-8bf91eb8a6ca,2025-05-14 05:05:45.420000,2025-05-14 05:05:45.420000,2025-05-14 05:05:45.420d0i6llrpp0p000a78qag,d0i6llrpp0p000a78qag,3,,,2025-05-14 06:32:07.410000,2025-05-14 06:47:06.213000,s3://di-diml-silver-prod/d0i6llrpp0p000a78qag/d0i722cs10rg00aedlc0/d0i6llrpp0p000a78qag.tsv
012786BC-7EA1-4B45-BC06-DDD73B62AF76,1,1,d0i6llv9vfn000fg417g,012786bc-7ea1-4b45-bc06-ddd73b62af76,2025-05-14 05:05:45.420000,2025-05-14 05:05:45.420000,2025-05-14 05:05:45.420d0i6llv9vfn000fg417g,d0i6llv9vfn000fg417g,3,,,2025-05-14 06:10:51.547000,2025-05-14 06:15:41.887000,s3://di-diml-silver-prod/d0i6llv9vfn000fg417g/d0i73h0sssgg00895ltg/d0i6llv9vfn000fg417g.tsv
01236BC6-6E0B-45A5-81EE-2E72E45D7E63,1,1,d0i6lmmo773g00ccossg,01236bc6-6e0b-45a5-81ee-2e72e45d7e63,2025-05-14 05:05:45.420000,2025-05-14 05:05:45.420000,2025-05-14 05:05:45.420d0i6lmmo773g00ccossg,d0i6lmmo773g00ccossg,3,,,2025-05-14 06:32:07.410000,2025-05-14 06:52:13.470000,s3://di-diml-silver-prod/d0i6lmmo773g00ccossg/d0i7394aa58000f0emb0/d0i6lmmo773g00ccossg.tsv
010A199C-50EF-4180-B0BD-F7CB815B7D40,1,1,d0i6lnmgi0og00audvf0,010a199c-50ef-4180-b0bd-f7cb815b7d40,2025-05-14 05:05:45.420000,2025-05-14 05:05:45.420000,2025-05-14 05:05:45.420d0i6lnmgi0og00audvf0,d0i6lnmgi0og00audvf0,3,,,2025-05-14 06:37:21.280000,2025-05-14 06:52:13.470000,s3://di-diml-silver-prod/d0i6lnmgi0og00audvf0/d0i72j1ggil000a1ae9g/d0i6lnmgi0og00audvf0.tsv
00D5093F-EBD9-4649-BCD7-53242B1D6F4F,1,1,d0i6loao7i8g00bh23mg,00d5093f-ebd9-4649-bcd7-53242b1d6f4f,2025-05-14 05:05:45.420000,2025-05-14 05:05:45.420000,2025-05-14 05:05:45.420d0i6loao7i8g00bh23mg,d0i6loao7i8g00bh23mg,3,,,2025-05-14 06:57:38.507000,2025-05-14 07:17:27.440000,s3://di-diml-silver-prod/d0i6loao7i8g00bh23mg/d0i776djt2pg00dnjq6g/d0i6loao7i8g00bh23mg.tsv
001C713A-2EBE-4B32-BE70-7A166AE19C8C,1,1,d0i6loao7i8g00bh23n0,001c713a-2ebe-4b32-be70-7a166ae19c8c,2025-05-14 05:05:45.420000,2025-05-14 05:05:45.420000,2025-05-14 05:05:45.420d0i6loao7i8g00bh23n0,d0i6loao7i8g00bh23n0,3,,,2025-05-14 06:00:36.050000,2025-05-14 06:31:43.773000,s3://di-diml-silver-prod/d0i6loao7i8g00bh23n0/d0i73hd27ee0009v6kf0/d0i6loao7i8g00bh23n0.tsv
00846976-963B-483E-AE4F-8E52C27B2B4E,1,1,d0i6lojpp0p000a790eg,00846976-963b-483e-ae4f-8e52c27b2b4e,2025-05-14 05:05:45.420000,2025-05-14 05:05:45.420000,2025-05-14 05:05:45.420d0i6lojpp0p000a790eg,d0i6lojpp0p000a790eg,3,,,2025-05-14 06:42:21.903000,2025-05-14 07:02:23.803000,s3://di-diml-silver-prod/d0i6lojpp0p000a790eg/d0i74f9ggil000a1b8l0/d0i6lojpp0p000a790eg.tsv
008565B3-9D43-4A68-8E03-1D986EE06510,1,1,d0i6lojpp0p000a790f0,008565b3-9d43-4a68-8e03-1d986ee06510,2025-05-14 05:05:45.420000,2025-05-14 05:05:45.420000,2025-05-14 05:05:45.420d0i6lojpp0p000a790f0,d0i6lojpp0p000a790f0,3,,,2025-05-14 06:32:07.410000,2025-05-14 06:52:13.470000,s3://di-diml-silver-prod/d0i6lojpp0p000a790f0/d0i736sclak000dcov6g/d0i6lojpp0p000a790f0.tsv
01083344-8700-4AC3-8847-C021C30A18DA,1,1,d0i6lomr7j8g00cb7i2g,01083344-8700-4ac3-8847-c021c30a18da,2025-05-14 05:05:45.420000,2025-05-14 05:05:45.420000,2025-05-14 05:05:45.420d0i6lomr7j8g00cb7i2g,d0i6lomr7j8g00cb7i2g,3,,,2025-05-14 06:16:05.970000,2025-05-14 06:37:02.010000,s3://di-diml-silver-prod/d0i6lomr7j8g00cb7i2g/d0i6s8ao7i8g00bhaj90/d0i6lomr7j8g00cb7i2g.tsv
001109E2-839D-4CA1-94D5-824432C55478,1,1,d0i6lops5hl000fbs09g,001109e2-839d-4ca1-94d5-824432c55478,2025-05-14 05:05:45.420000,2025-05-14 05:05:45.420000,2025-05-14 05:05:45.420d0i6lops5hl000fbs09g,d0i6lops5hl000fbs09g,3,,,2025-05-14 06:32:07.410000,2025-05-14 06:47:06.213000,s3://di-diml-silver-prod/d0i6lops5hl000fbs09g/d0i735mqdhp00084cc10/d0i6lops5hl000fbs09g.tsv
00545496-149B-4061-84A2-F0CA0A6DCADD,1,1,d0i6lp6r7j8g00cb7jc0,00545496-149b-4061-84a2-f0ca0a6dcadd,2025-05-14 05:05:45.420000,2025-05-14 05:05:45.420000,2025-05-14 05:05:45.420d0i6lp6r7j8g00cb7jc0,d0i6lp6r7j8g00cb7jc0,3,,,2025-05-14 06:32:07.410000,2025-05-14 06:47:06.213000,s3://di-diml-silver-prod/d0i6lp6r7j8g00cb7jc0/d0i71brpp0p000a7of1g/d0i6lp6r7j8g00cb7jc0.tsv
0018FD35-26DF-4549-BF53-8DA825D61DDA,1,1,d0i6lq4mmp3000av2i50,0018fd35-26df-4549-bf53-8da825d61dda,2025-05-14 05:05:45.420000,2025-05-14 05:05:45.420000,2025-05-14 05:05:45.420d0i6lq4mmp3000av2i50,d0i6lq4mmp3000av2i50,3,,,2025-05-14 06:32:07.410000,2025-05-14 06:52:13.470000,s3://di-diml-silver-prod/d0i6lq4mmp3000av2i50/d0i75tcclak000dcqdeg/d0i6lq4mmp3000av2i50.tsv
01263A8B-ECCA-42BA-B11A-222832D0B091,1,1,d0i6lq6jsr2g00bjdbug,01263a8b-ecca-42ba-b11a-222832d0b091,2025-05-14 05:05:45.420000,2025-05-14 05:05:45.420000,2025-05-14 05:05:45.420d0i6lq6jsr2g00bjdbug,d0i6lq6jsr2g00bjdbug,3,,,2025-05-14 06:10:51.547000,2025-05-14 06:37:02.010000,s3://di-diml-silver-prod/d0i6lq6jsr2g00bjdbug/d0i6t2mgi0og00auo9d0/d0i6lq6jsr2g00bjdbug.tsv
001D3D01-9BE9-4B71-9A17-296B757A9088,1,1,d0i6lqeqdhp00083ssbg,001d3d01-9be9-4b71-9a17-296b757a9088,2025-05-14 05:05:45.420000,2025-05-14 05:05:45.420000,2025-05-14 05:05:45.420d0i6lqeqdhp00083ssbg,d0i6lqeqdhp00083ssbg,3,,,2025-05-14 05:49:55.220000,2025-05-14 06:00:09.373000,s3://di-diml-silver-prod/d0i6lqeqdhp00083ssbg/d0i6srdpebk000f1m66g/d0i6lqeqdhp00083ssbg.tsv
0145954A-C0C2-4152-A89D-13E7FCED9447,1,1,d0i6lqks10rg00adufgg,0145954a-c0c2-4152-a89d-13e7fced9447,2025-05-14 05:05:45.420000,2025-05-14 05:05:45.420000,2025-05-14 05:05:45.420d0i6lqks10rg00adufgg,d0i6lqks10rg00adufgg,3,,,2025-05-14 06:42:21.903000,2025-05-14 06:57:13.630000,s3://di-diml-silver-prod/d0i6lqks10rg00adufgg/d0i6v9gsssgg00893ni0/d0i6lqks10rg00adufgg.tsv
00DAD30F-C605-4836-9D7D-97A2957DDEAD,1,1,d0i6lqmr7j8g00cb7n00,00dad30f-c605-4836-9d7d-97a2957ddead,2025-05-14 05:05:45.420000,2025-05-14 05:05:45.420000,2025-05-14 05:05:45.420d0i6lqmr7j8g00cb7n00,d0i6lqmr7j8g00cb7n00,3,,,2025-05-14 06:21:33.477000,2025-05-14 06:41:54.267000,s3://di-diml-silver-prod/d0i6lqmr7j8g00cb7n00/d0i73rp0qf8g00b01ic0/d0i6lqmr7j8g00cb7n00.tsv
00E5539B-94C9-417E-AEED-A87B98E3734D,1,1,d0i6lr79vfn000fg4er0,00e5539b-94c9-417e-aeed-a87b98e3734d,2025-05-14 05:05:45.420000,2025-05-14 05:05:45.420000,2025-05-14 05:05:45.420d0i6lr79vfn000fg4er0,d0i6lr79vfn000fg4er0,3,,,2025-05-14 06:37:21.280000,2025-05-14 06:57:13.630000,s3://di-diml-silver-prod/d0i6lr79vfn000fg4er0/d0i7d6vo5c2000elilng/d0i6lr79vfn000fg4er0.tsv
00F2F95A-DEA9-49A1-B478-2509812AED60,1,1,d0i6lreqdhp00083supg,00f2f95a-dea9-49a1-b478-2509812aed60,2025-05-14 05:05:45.420000,2025-05-14 05:05:45.420000,2025-05-14 05:05:45.420d0i6lreqdhp00083supg,d0i6lreqdhp00083supg,3,,,2025-05-14 06:16:05.970000,2025-05-14 06:37:02.010000,s3://di-diml-silver-prod/d0i6lreqdhp00083supg/d0i737tjt2pg00dnhf10/d0i6lreqdhp00083supg.tsv
0120AE95-3193-4C2D-9259-7F195C81A61C,1,1,d0i6lrn9vfn000fg4g0g,0120ae95-3193-4c2d-9259-7f195c81a61c,2025-05-14 05:05:45.420000,2025-05-14 05:05:45.420000,2025-05-14 05:05:45.420d0i6lrn9vfn000fg4g0g,d0i6lrn9vfn000fg4g0g,3,,,2025-05-14 06:32:07.410000,2025-05-14 06:47:06.213000,s3://di-diml-silver-prod/d0i6lrn9vfn000fg4g0g/d0i75kss3cjg0096movg/d0i6lrn9vfn000fg4g0g.tsv
011EEEA0-01FA-4F94-81A6-48EC4607CC83,1,1,d0i6lrob12i000aojaq0,011eeea0-01fa-4f94-81a6-48ec4607cc83,2025-05-14 05:05:45.420000,2025-05-14 05:05:45.420000,2025-05-14 05:05:45.420d0i6lrob12i000aojaq0,d0i6lrob12i000aojaq0,3,,,2025-05-14 06:57:38.507000,2025-05-14 07:12:25.727000,s3://di-diml-silver-prod/d0i6lrob12i000aojaq0/d0i75h2dvnk000bn8hrg/d0i6lrob12i000aojaq0.tsv
003109AF-AAD2-4E4A-8CE6-C1FCF55F35EE,1,1,d0i6lrpggil000a0r8g0,003109af-aad2-4e4a-8ce6-c1fcf55f35ee,2025-05-14 05:05:45.420000,2025-05-14 05:05:45.420000,2025-05-14 05:05:45.420d0i6lrpggil000a0r8g0,d0i6lrpggil000a0r8g0,3,,,2025-05-14 06:16:05.970000,2025-05-14 06:37:02.010000,s3://di-diml-silver-prod/d0i6lrpggil000a0r8g0/d0i73qqcalk0008lrnq0/d0i6lrpggil000a0r8g0.tsv
00EDA2A4-D64F-4411-BA33-D462F493D786,1,1,d0i6ls8b12i000aojc10,00eda2a4-d64f-4411-ba33-d462f493d786,2025-05-14 05:05:45.420000,2025-05-14 05:05:45.420000,2025-05-14 05:05:45.420d0i6ls8b12i000aojc10,d0i6ls8b12i000aojc10,3,,,2025-05-14 06:16:05.970000,2025-05-14 06:37:02.010000,s3://di-diml-silver-prod/d0i6ls8b12i000aojc10/d0i721du3ph000e87trg/d0i6ls8b12i000aojc10.tsv
00F45401-1DD0-4CDF-A511-FB93FD8CAA63,1,1,d0i6ls9ggil000a0r9r0,00f45401-1dd0-4cdf-a511-fb93fd8caa63,2025-05-14 05:05:45.420000,2025-05-14 05:05:45.420000,2025-05-14 05:05:45.420d0i6ls9ggil000a0r9r0,d0i6ls9ggil000a0r9r0,3,,,2025-05-14 06:16:05.970000,2025-05-14 06:37:02.010000,s3://di-diml-silver-prod/d0i6ls9ggil000a0r9r0/d0i71j8b12i000ap1vvg/d0i6ls9ggil000a0r9r0.tsv
003A0126-7877-46A1-8137-78732B5615E7,1,1,d0i6lsdjt2pg00dn1qi0,003a0126-7877-46a1-8137-78732b5615e7,2025-05-14 05:05:45.420000,2025-05-14 05:05:45.420000,2025-05-14 05:05:45.420d0i6lsdjt2pg00dn1qi0,d0i6lsdjt2pg00dn1qi0,3,,,2025-05-14 06:10:51.547000,2025-05-14 06:20:57.877000,s3://di-diml-silver-prod/d0i6lsdjt2pg00dn1qi0/d0i71uejsr2g00bjsd50/d0i6lsdjt2pg00dn1qi0.tsv
01274026-AF25-49CC-9C7B-FE864560BC07,1,1,d0i6lser7j8g00cb7rv0,01274026-af25-49cc-9c7b-fe864560bc07,2025-05-14 05:05:45.420000,2025-05-14 05:05:45.420000,2025-05-14 05:05:45.420d0i6lser7j8g00cb7rv0,d0i6lser7j8g00cb7rv0,3,,,2025-05-14 06:05:36.750000,2025-05-14 06:37:02.010000,s3://di-diml-silver-prod/d0i6lser7j8g00cb7rv0/d0i71ssclak000dcoid0/d0i6lser7j8g00cb7rv0.tsv
00B3158B-42E7-4966-96D5-31BD027A2F63,1,1,d0i6ltcaa58000evuu50,00b3158b-42e7-4966-96d5-31bd027a2f63,2025-05-14 05:05:45.420000,2025-05-14 05:05:45.420000,2025-05-14 05:05:45.420d0i6ltcaa58000evuu50,d0i6ltcaa58000evuu50,3,,,2025-05-14 06:32:07.410000,2025-05-14 06:47:06.213000,s3://di-diml-silver-prod/d0i6ltcaa58000evuu50/d0i7494clak000dcpetg/d0i6ltcaa58000evuu50.tsv
013A190D-86EA-4996-A9C8-5C52BAA5D5F3,1,1,d0i6ltno5c2000eksu20,013a190d-86ea-4996-a9c8-5c52baa5d5f3,2025-05-14 05:05:45.420000,2025-05-14 05:05:45.420000,2025-05-14 05:05:45.420d0i6ltno5c2000eksu20,d0i6ltno5c2000eksu20,3,,,2025-05-14 06:16:05.970000,2025-05-14 06:37:02.010000,s3://di-diml-silver-prod/d0i6ltno5c2000eksu20/d0i72n472f3g00crp70g/d0i6ltno5c2000eksu20.tsv
01326206-C4A9-49AA-BA99-2BB0AC94E8AE,1,1,d0i6ltpggil000a0rdfg,01326206-c4a9-49aa-ba99-2bb0ac94e8ae,2025-05-14 05:05:45.420000,2025-05-14 05:05:45.420000,2025-05-14 05:05:45.420d0i6ltpggil000a0rdfg,d0i6ltpggil000a0rdfg,3,,,2025-05-14 06:10:51.547000,2025-05-14 06:20:57.877000,s3://di-diml-silver-prod/d0i6ltpggil000a0rdfg/d0i71tks10rg00aedjs0/d0i6ltpggil000a0rdfg.tsv
0072683D-0BD9-4CB2-A8CB-A483B99A0429,1,1,d0i6lu4mmp3000av2qng,0072683d-0bd9-4cb2-a8cb-a483b99a0429,2025-05-14 05:05:45.420000,2025-05-14 05:05:45.420000,2025-05-14 05:05:45.420d0i6lu4mmp3000av2qng,d0i6lu4mmp3000av2qng,3,,,2025-05-14 06:10:51.547000,2025-05-14 06:37:02.010000,s3://di-diml-silver-prod/d0i6lu4mmp3000av2qng/d0i724mjsr2g00bjsf7g/d0i6lu4mmp3000av2qng.tsv
000DC302-80AD-4FEF-9F56-235C0A32AD05,1,1,d0i6lu9ggil000a0rem0,000dc302-80ad-4fef-9f56-235c0a32ad05,2025-05-14 05:05:45.420000,2025-05-14 05:05:45.420000,2025-05-14 05:05:45.420d0i6lu9ggil000a0rem0,d0i6lu9ggil000a0rem0,3,,,2025-05-14 06:10:51.547000,2025-05-14 06:37:02.010000,s3://di-diml-silver-prod/d0i6lu9ggil000a0rem0/d0i71ms72f3g00crosdg/d0i6lu9ggil000a0rem0.tsv
004194B3-0D45-4051-8A99-FF118263DBEB,1,1,d0i6luao7i8g00bh2hag,004194b3-0d45-4051-8a99-ff118263dbeb,2025-05-14 05:05:45.420000,2025-05-14 05:05:45.420000,2025-05-14 05:05:45.420d0i6luao7i8g00bh2hag,d0i6luao7i8g00bh2hag,3,,,2025-05-14 06:47:23.247000,2025-05-14 06:57:13.630000,s3://di-diml-silver-prod/d0i6luao7i8g00bh2hag/d0i770o38n7000ad0i20/d0i6luao7i8g00bh2hag.tsv
00ECC432-92AF-40CF-BF4D-CD090C2C50F2,1,1,d0i6lucaa58000evv0hg,00ecc432-92af-40cf-bf4d-cd090c2c50f2,2025-05-14 05:05:45.420000,2025-05-14 05:05:45.420000,2025-05-14 05:05:45.420d0i6lucaa58000evv0hg,d0i6lucaa58000evv0hg,3,,,2025-05-14 06:16:05.970000,2025-05-14 06:37:02.010000,s3://di-diml-silver-prod/d0i6lucaa58000evv0hg/d0i72q6r7j8g00cbn2eg/d0i6lucaa58000evv0hg.tsv
01197D10-DC28-4344-828D-226CFBDBB971,1,1,d0i6luuomc2g00fsh7tg,01197d10-dc28-4344-828d-226cfbdbb971,2025-05-14 05:05:45.420000,2025-05-14 05:05:45.420000,2025-05-14 05:05:45.420d0i6luuomc2g00fsh7tg,d0i6luuomc2g00fsh7tg,3,,,2025-05-14 06:32:07.410000,2025-05-14 06:52:13.470000,s3://di-diml-silver-prod/d0i6luuomc2g00fsh7tg/d0i74kmqdhp00084d2r0/d0i6luuomc2g00fsh7tg.tsv
01168D01-5E71-45D0-85E4-C8727FCCC320,1,1,d0i6lv4s3cjg00965rd0,01168d01-5e71-45d0-85e4-c8727fccc320,2025-05-14 05:05:45.420000,2025-05-14 05:05:45.420000,2025-05-14 05:05:45.420d0i6lv4s3cjg00965rd0,d0i6lv4s3cjg00965rd0,3,,,2025-05-14 06:47:23.247000,2025-05-14 07:02:23.803000,s3://di-diml-silver-prod/d0i6lv4s3cjg00965rd0/d0i76c2o7i8g00bhk470/d0i6lv4s3cjg00965rd0.tsv
0024983B-3F19-4DAA-9BAA-DBA5B2A62C6A,1,1,d0i6lv6o773g00ccpj10,0024983b-3f19-4daa-9baa-dba5b2a62c6a,2025-05-14 05:05:45.420000,2025-05-14 05:05:45.420000,2025-05-14 05:05:45.420d0i6lv6o773g00ccpj10,d0i6lv6o773g00ccpj10,3,,,2025-05-14 06:32:07.410000,2025-05-14 06:47:06.213000,s3://di-diml-silver-prod/d0i6lv6o773g00ccpj10/d0i76dmjsr2g00bjump0/d0i6lv6o773g00ccpj10.tsv
010DEC29-7829-413D-A48A-93BBF10F2280,1,1,d0i6m04s3cjg00965tr0,010dec29-7829-413d-a48a-93bbf10f2280,2025-05-14 05:05:45.420000,2025-05-14 05:05:45.420000,2025-05-14 05:05:45.420d0i6m04s3cjg00965tr0,d0i6m04s3cjg00965tr0,3,,,2025-05-14 06:16:05.970000,2025-05-14 06:37:02.010000,s3://di-diml-silver-prod/d0i6m04s3cjg00965tr0/d0i73o527ee0009v6nj0/d0i6m04s3cjg00965tr0.tsv
0055E5F0-4C1C-4ECB-AD32-297EB91D9F4D,1,1,d0i6m0caa58000evv5e0,0055e5f0-4c1c-4ecb-ad32-297eb91d9f4d,2025-05-14 05:05:45.420000,2025-05-14 05:05:45.420000,2025-05-14 05:05:45.420d0i6m0caa58000evv5e0,d0i6m0caa58000evv5e0,3,,,2025-05-14 06:16:05.970000,2025-05-14 06:37:02.010000,s3://di-diml-silver-prod/d0i6m0caa58000evv5e0/d0i73rgb12i000ap2pv0/d0i6m0caa58000evv5e0.tsv
00BB93F0-3518-4B31-A765-5F505E4AB737,1,1,d0i6m0llhp0g00aigsk0,00bb93f0-3518-4b31-a765-5f505e4ab737,2025-05-14 05:05:45.420000,2025-05-14 05:05:45.420000,2025-05-14 05:05:45.420d0i6m0llhp0g00aigsk0,d0i6m0llhp0g00aigsk0,3,,,2025-05-14 06:32:07.410000,2025-05-14 06:52:13.470000,s3://di-diml-silver-prod/d0i6m0llhp0g00aigsk0/d0i74c6qdhp00084cua0/d0i6m0llhp0g00aigsk0.tsv
0030FDD0-4F46-46A6-BB5C-5EDEE32D6F44,1,1,d0i6m0momc2g00fshcsg,0030fdd0-4f46-46a6-bb5c-5edee32d6f44,2025-05-14 05:05:45.420000,2025-05-14 05:05:45.420000,2025-05-14 05:05:45.420d0i6m0momc2g00fshcsg,d0i6m0momc2g00fshcsg,3,,,2025-05-14 06:16:05.970000,2025-05-14 06:37:02.010000,s3://di-diml-silver-prod/d0i6m0momc2g00fshcsg/d0i731osssgg00895gc0/d0i6m0momc2g00fshcsg.tsv
00CC422A-F421-415F-93E1-0F7DB3FEDC90,1,1,d0i6m0mqdhp00083tcf0,00cc422a-f421-415f-93e1-0f7db3fedc90,2025-05-14 05:05:45.420000,2025-05-14 05:05:45.420000,2025-05-14 05:05:45.420d0i6m0mqdhp00083tcf0,d0i6m0mqdhp00083tcf0,3,,,2025-05-14 06:32:07.410000,2025-05-14 06:47:06.213000,s3://di-diml-silver-prod/d0i6m0mqdhp00083tcf0/d0i72bejsr2g00bjshag/d0i6m0mqdhp00083tcf0.tsv
00EA929B-7A0F-4FE1-8C4B-D2EDE9BF287C,1,1,d0i6m0smmp3000av324g,00ea929b-7a0f-4fe1-8c4b-d2ede9bf287c,2025-05-14 05:05:45.420000,2025-05-14 05:05:45.420000,2025-05-14 05:05:45.420d0i6m0smmp3000av324g,d0i6m0smmp3000av324g,3,,,2025-05-14 06:16:05.970000,2025-05-14 06:37:02.010000,s3://di-diml-silver-prod/d0i6m0smmp3000av324g/d0i765advnk000bn8u00/d0i6m0smmp3000av324g.tsv
01329BCA-7E13-478D-8286-C1268426FE1E,1,1,d0i6m1io7i8g00bh2ps0,01329bca-7e13-478d-8286-c1268426fe1e,2025-05-14 05:05:45.420000,2025-05-14 05:05:45.420000,2025-05-14 05:05:45.420d0i6m1io7i8g00bh2ps0,d0i6m1io7i8g00bh2ps0,3,,,2025-05-14 06:10:51.547000,2025-05-14 06:37:02.010000,s3://di-diml-silver-prod/d0i6m1io7i8g00bh2ps0/d0i6tm838n7000acqagg/d0i6m1io7i8g00bh2ps0.tsv
00B9A641-CEDF-4567-924B-1804EC944CC4,1,1,d0i6m1jpp0p000a79np0,00b9a641-cedf-4567-924b-1804ec944cc4,2025-05-14 05:05:45.420000,2025-05-14 05:05:45.420000,2025-05-14 05:05:45.420d0i6m1jpp0p000a79np0,d0i6m1jpp0p000a79np0,3,,,2025-05-14 06:21:33.477000,2025-05-14 06:37:02.010000,s3://di-diml-silver-prod/d0i6m1jpp0p000a79np0/d0i73p90qf8g00b01h30/d0i6m1jpp0p000a79np0.tsv
009FC3E9-3FB4-4D85-985B-BAA2BFD814A6,1,1,d0i6m1kaa58000evv94g,009fc3e9-3fb4-4d85-985b-baa2bfd814a6,2025-05-14 05:05:45.420000,2025-05-14 05:05:45.420000,2025-05-14 05:05:45.420d0i6m1kaa58000evv94g,d0i6m1kaa58000evv94g,3,,,2025-05-14 06:32:07.410000,2025-05-14 06:57:13.630000,s3://di-diml-silver-prod/d0i6m1kaa58000evv94g/d0i774ks10rg00aegbjg/d0i6m1kaa58000evv94g.tsv
001A0238-0A48-4075-9738-3AF44AA9B1AC,1,1,d0i6m2472f3g00crapqg,001a0238-0a48-4075-9738-3af44aa9b1ac,2025-05-14 05:07:48.917000,2025-05-14 05:07:48.917000,2025-05-14 05:07:48.917d0i6m2472f3g00crapqg,d0i6m2472f3g00crapqg,3,,,2025-05-14 06:32:07.410000,2025-05-14 06:47:06.213000,s3://di-diml-silver-prod/d0i6m2472f3g00crapqg/d0i73nt27ee0009v6nfg/d0i6m2472f3g00crapqg.tsv
0096D767-D356-4EC9-A592-C8384D0596ED,1,1,d0i6m2gsssgg0088lelg,0096d767-d356-4ec9-a592-c8384d0596ed,2025-05-14 05:05:45.420000,2025-05-14 05:05:45.420000,2025-05-14 05:05:45.420d0i6m2gsssgg0088lelg,d0i6m2gsssgg0088lelg,3,,,2025-05-14 06:16:05.970000,2025-05-14 06:37:02.010000,s3://di-diml-silver-prod/d0i6m2gsssgg0088lelg/d0i732smmp3000aviq50/d0i6m2gsssgg0088lelg.tsv
00009751-D13B-4DD1-9D96-E7542DA72025,1,1,d0i6m2jkf5cg00e6qm9g,00009751-d13b-4dd1-9d96-e7542da72025,2025-05-14 05:05:45.420000,2025-05-14 05:05:45.420000,2025-05-14 05:05:45.420d0i6m2jkf5cg00e6qm9g,d0i6m2jkf5cg00e6qm9g,3,,,2025-05-14 05:55:12.067000,2025-05-14 06:05:11.643000,s3://di-diml-silver-prod/d0i6m2jkf5cg00e6qm9g/d0i730tlhp0g00aj116g/d0i6m2jkf5cg00e6qm9g.tsv
00C3ECA5-412D-483A-A641-836AF9CC026B,1,1,d0i6m2jkf5cg00e6qma0,00c3eca5-412d-483a-a641-836af9cc026b,2025-05-14 05:05:45.420000,2025-05-14 05:05:45.420000,2025-05-14 05:05:45.420d0i6m2jkf5cg00e6qma0,d0i6m2jkf5cg00e6qma0,3,,,2025-05-14 06:05:36.750000,2025-05-14 06:37:02.010000,s3://di-diml-silver-prod/d0i6m2jkf5cg00e6qma0/d0i6u6qcalk0008lou70/d0i6m2jkf5cg00e6qma0.tsv
0126E156-8820-477A-9880-5D45074D1478,1,1,d0i6m3du3ph000e7p9fg,0126e156-8820-477a-9880-5d45074d1478,2025-05-14 05:07:48.917000,2025-05-14 05:07:48.917000,2025-05-14 05:07:48.917d0i6m3du3ph000e7p9fg,d0i6m3du3ph000e7p9fg,3,,,2025-05-14 06:32:07.410000,2025-05-14 06:47:06.213000,s3://di-diml-silver-prod/d0i6m3du3ph000e7p9fg/d0i7578sssgg00896fc0/d0i6m3du3ph000e7p9fg.tsv
013C55E5-1E19-4A2D-AB82-9B2D9C2FE876,1,1,d0i6m44aa58000evvfd0,013c55e5-1e19-4a2d-ab82-9b2d9c2fe876,2025-05-14 05:05:45.420000,2025-05-14 05:05:45.420000,2025-05-14 05:05:45.420d0i6m44aa58000evvfd0,d0i6m44aa58000evvfd0,3,,,2025-05-14 06:21:33.477000,2025-05-14 06:41:54.267000,s3://di-diml-silver-prod/d0i6m44aa58000evvfd0/d0i7642dvnk000bn8t90/d0i6m44aa58000evvfd0.tsv
005C1B54-DEEE-4D3B-99D9-6649EEB60418,1,1,d0i6m45lhp0g00aih3u0,005c1b54-deee-4d3b-99d9-6649eeb60418,2025-05-14 05:05:45.420000,2025-05-14 05:05:45.420000,2025-05-14 05:05:45.420d0i6m45lhp0g00aih3u0,d0i6m45lhp0g00aih3u0,3,,,2025-05-14 06:32:07.410000,2025-05-14 06:47:06.213000,s3://di-diml-silver-prod/d0i6m45lhp0g00aih3u0/d0i6sv3pp0p000a7j0n0/d0i6m45lhp0g00aih3u0.tsv
005EBAF4-E5C4-4356-B13E-AE0824C5D498,1,1,d0i6m4djt2pg00dn2fl0,005ebaf4-e5c4-4356-b13e-ae0824c5d498,2025-05-14 05:05:45.420000,2025-05-14 05:05:45.420000,2025-05-14 05:05:45.420d0i6m4djt2pg00dn2fl0,d0i6m4djt2pg00dn2fl0,3,,,2025-05-14 06:16:05.970000,2025-05-14 06:37:02.010000,s3://di-diml-silver-prod/d0i6m4djt2pg00dn2fl0/d0i74vejsr2g00bjto40/d0i6m4djt2pg00dn2fl0.tsv
008EFA03-9581-40BC-81C2-2A0E189592D3,1,1,d0i6m4qo7i8g00bh32fg,008efa03-9581-40bc-81c2-2a0e189592d3,2025-05-14 05:05:45.420000,2025-05-14 05:05:45.420000,2025-05-14 05:05:45.420d0i6m4qo7i8g00bh32fg,d0i6m4qo7i8g00bh32fg,3,,,2025-05-14 06:42:21.903000,2025-05-14 06:57:13.630000,s3://di-diml-silver-prod/d0i6m4qo7i8g00bh32fg/d0i77qio7i8g00bhl540/d0i6m4qo7i8g00bh32fg.tsv
013EB998-EE7C-4403-9C9F-8C7EE14A2472,1,1,d0i6m5p0qf8g00avhpag,013eb998-ee7c-4403-9c9f-8c7ee14a2472,2025-05-14 05:05:45.420000,2025-05-14 05:05:45.420000,2025-05-14 05:05:45.420d0i6m5p0qf8g00avhpag,d0i6m5p0qf8g00avhpag,3,,,2025-05-14 06:05:36.750000,2025-05-14 06:37:02.010000,s3://di-diml-silver-prod/d0i6m5p0qf8g00avhpag/d0i72bc72f3g00crp310/d0i6m5p0qf8g00avhpag.tsv
012F294A-76D3-4819-860E-C1C30B882DDB,1,1,d0i6m6tpebk000f1dga0,012f294a-76d3-4819-860e-c1c30b882ddb,2025-05-14 05:05:45.420000,2025-05-14 05:05:45.420000,2025-05-14 05:05:45.420d0i6m6tpebk000f1dga0,d0i6m6tpebk000f1dga0,3,,,2025-05-14 06:37:21.280000,2025-05-14 06:47:06.213000,s3://di-diml-silver-prod/d0i6m6tpebk000f1dga0/d0i76s10qf8g00b038k0/d0i6m6tpebk000f1dga0.tsv
00926AFC-FA6A-49D8-A75E-62F8BF5C30C1,1,1,d0i6m7dpebk000f1dhhg,00926afc-fa6a-49d8-a75e-62f8bf5c30c1,2025-05-14 05:05:45.420000,2025-05-14 05:05:45.420000,2025-05-14 05:05:45.420d0i6m7dpebk000f1dhhg,d0i6m7dpebk000f1dhhg,3,,,2025-05-14 06:10:51.547000,2025-05-14 06:20:57.877000,s3://di-diml-silver-prod/d0i6m7dpebk000f1dhhg/d0i74kkaa58000f0fbbg/d0i6m7dpebk000f1dhhg.tsv
00622471-639F-475F-A3BB-8CE773C1F885,1,1,d0i6m7icalk0008lcje0,00622471-639f-475f-a3bb-8ce773c1f885,2025-05-14 05:07:48.917000,2025-05-14 05:07:48.917000,2025-05-14 05:07:48.917d0i6m7icalk0008lcje0,d0i6m7icalk0008lcje0,3,,,2025-05-14 06:42:21.903000,2025-05-14 07:02:23.803000,s3://di-diml-silver-prod/d0i6m7icalk0008lcje0/d0i7d82dvnk000bne1o0/d0i6m7icalk0008lcje0.tsv
005BF81F-4E02-4529-B840-7A1E0622F62B,1,1,d0i6m80sssgg0088ls6g,005bf81f-4e02-4529-b840-7a1e0622f62b,2025-05-14 05:05:45.420000,2025-05-14 05:05:45.420000,2025-05-14 05:05:45.420d0i6m80sssgg0088ls6g,d0i6m80sssgg0088ls6g,3,,,2025-05-14 06:32:07.410000,2025-05-14 06:47:06.213000,s3://di-diml-silver-prod/d0i6m80sssgg0088ls6g/d0i75auqdhp00084dg5g/d0i6m80sssgg0088ls6g.tsv
0017B112-34C1-411D-979E-929649A90CEA,1,1,d0i6m8qdvnk000bmo6g0,0017b112-34c1-411d-979e-929649a90cea,2025-05-14 05:05:45.420000,2025-05-14 05:05:45.420000,2025-05-14 05:05:45.420d0i6m8qdvnk000bmo6g0,d0i6m8qdvnk000bmo6g0,3,,,2025-05-14 06:16:05.970000,2025-05-14 06:37:02.010000,s3://di-diml-silver-prod/d0i6m8qdvnk000bmo6g0/d0i75r6gi0og00auv5rg/d0i6m8qdvnk000bmo6g0.tsv
002A4D11-6D1C-4146-A0AB-8BDF2A5EB7D4,1,1,d0i6matu3ph000e7prvg,002a4d11-6d1c-4146-a0ab-8bdf2a5eb7d4,2025-05-14 05:07:48.917000,2025-05-14 05:07:48.917000,2025-05-14 05:07:48.917d0i6matu3ph000e7prvg,d0i6matu3ph000e7prvg,3,,,2025-05-14 06:21:33.477000,2025-05-14 06:37:02.010000,s3://di-diml-silver-prod/d0i6matu3ph000e7prvg/d0i74v3kf5cg00e7aqgg/d0i6matu3ph000e7prvg.tsv
00A7E3FD-1527-4BAA-99AA-6AC024D73746,1,1,d0i6mb10qf8g00avi6rg,00a7e3fd-1527-4baa-99aa-6ac024d73746,2025-05-14 05:05:45.420000,2025-05-14 05:05:45.420000,2025-05-14 05:05:45.420d0i6mb10qf8g00avi6rg,d0i6mb10qf8g00avi6rg,3,,,2025-05-14 06:00:36.050000,2025-05-14 06:15:41.887000,s3://di-diml-silver-prod/d0i6mb10qf8g00avi6rg/d0i745pggil000a1b3rg/d0i6mb10qf8g00avi6rg.tsv
00EC3123-5023-4A5A-97A3-080DEF8621F9,1,1,d0i6mbh0qf8g00avi840,00ec3123-5023-4a5a-97a3-080def8621f9,2025-05-14 05:05:45.420000,2025-05-14 05:05:45.420000,2025-05-14 05:05:45.420d0i6mbh0qf8g00avi840,d0i6mbh0qf8g00avi840,3,,,2025-05-14 06:32:07.410000,2025-05-14 06:47:06.213000,s3://di-diml-silver-prod/d0i6mbh0qf8g00avi840/d0i79nsmmp3000avn0mg/d0i6mbh0qf8g00avi840.tsv
0092D2EC-C7EE-43BC-A01D-4BF515AAD186,1,1,d0i6mbmjsr2g00bjds70,0092d2ec-c7ee-43bc-a01d-4bf515aad186,2025-05-14 05:07:48.917000,2025-05-14 05:07:48.917000,2025-05-14 05:07:48.917d0i6mbmjsr2g00bjds70,d0i6mbmjsr2g00bjds70,3,,,2025-05-14 06:37:21.280000,2025-05-14 06:57:13.630000,s3://di-diml-silver-prod/d0i6mbmjsr2g00bjds70/d0i72jlpebk000f1sudg/d0i6mbmjsr2g00bjds70.tsv
006718B1-C3DF-46C3-A1C8-8C42EDDCD312,1,1,d0i6mc0sssgg0088m64g,006718b1-c3df-46c3-a1c8-8c42eddcd312,2025-05-14 05:05:45.420000,2025-05-14 05:05:45.420000,2025-05-14 05:05:45.420d0i6mc0sssgg0088m64g,d0i6mc0sssgg0088m64g,3,,,2025-05-14 06:32:07.410000,2025-05-14 06:47:06.213000,s3://di-diml-silver-prod/d0i6mc0sssgg0088m64g/d0i6vf5pebk000f1rub0/d0i6mc0sssgg0088m64g.tsv
00D06505-C603-4799-B149-7DA7619F62C8,1,1,d0i6mc1s5hl000fbsjfg,00d06505-c603-4799-b149-7da7619f62c8,2025-05-14 05:07:48.917000,2025-05-14 05:07:48.917000,2025-05-14 05:07:48.917d0i6mc1s5hl000fbsjfg,d0i6mc1s5hl000fbsjfg,3,,,2025-05-14 06:32:07.410000,2025-05-14 06:52:13.470000,s3://di-diml-silver-prod/d0i6mc1s5hl000fbsjfg/d0i763fo5c2000eldj2g/d0i6mc1s5hl000fbsjfg.tsv
012125FD-FD6A-462D-9461-4FD14DF2036A,1,1,d0i6mc2calk0008lcv40,012125fd-fd6a-462d-9461-4fd14df2036a,2025-05-14 05:07:48.917000,2025-05-14 05:07:48.917000,2025-05-14 05:07:48.917d0i6mc2calk0008lcv40,d0i6mc2calk0008lcv40,3,,,2025-05-14 06:21:33.477000,2025-05-14 06:37:02.010000,s3://di-diml-silver-prod/d0i6mc2calk0008lcv40/d0i76hob12i000ap4dk0/d0i6mc2calk0008lcv40.tsv
012846F9-A47F-42DB-A2AC-93A9040CF54B,1,1,d0i6mc5pebk000f1dtug,012846f9-a47f-42db-a2ac-93a9040cf54b,2025-05-14 05:05:45.420000,2025-05-14 05:05:45.420000,2025-05-14 05:05:45.420d0i6mc5pebk000f1dtug,d0i6mc5pebk000f1dtug,3,,,2025-05-14 06:05:36.750000,2025-05-14 06:37:02.010000,s3://di-diml-silver-prod/d0i6mc5pebk000f1dtug/d0i750ejsr2g00bjtoq0/d0i6mc5pebk000f1dtug.tsv
00CC5730-6A25-4572-903D-6ED9D840FDEA,1,1,d0i6mcps5hl000fbslbg,00cc5730-6a25-4572-903d-6ed9d840fdea,2025-05-14 05:07:48.917000,2025-05-14 05:07:48.917000,2025-05-14 05:07:48.917d0i6mcps5hl000fbslbg,d0i6mcps5hl000fbslbg,3,,,2025-05-14 06:32:07.410000,2025-05-14 06:47:06.213000,s3://di-diml-silver-prod/d0i6mcps5hl000fbslbg/d0i7b0io7i8g00bhnd9g/d0i6mcps5hl000fbslbg.tsv
00AAA865-8109-4803-8DAF-0C452375187A,1,1,d0i6md5lhp0g00aihrc0,00aaa865-8109-4803-8daf-0c452375187a,2025-05-14 05:05:45.420000,2025-05-14 05:05:45.420000,2025-05-14 05:05:45.420d0i6md5lhp0g00aihrc0,d0i6md5lhp0g00aihrc0,3,,,2025-05-14 06:16:05.970000,2025-05-14 06:37:02.010000,s3://di-diml-silver-prod/d0i6md5lhp0g00aihrc0/d0i76dsaa58000f0gen0/d0i6md5lhp0g00aihrc0.tsv
000F901F-A8A0-4BAA-8DF1-C4708B7ACFD0,1,1,d0i6mf79vfn000fg54h0,000f901f-a8a0-4baa-8df1-c4708b7acfd0,2025-05-14 05:07:48.917000,2025-05-14 05:07:48.917000,2025-05-14 05:07:48.917d0i6mf79vfn000fg54h0,d0i6mf79vfn000fg54h0,3,,,2025-05-14 06:21:33.477000,2025-05-14 06:37:02.010000,s3://di-diml-silver-prod/d0i6mf79vfn000fg54h0/d0i79dv9vfn000fgntt0/d0i6mf79vfn000fg54h0.tsv
000571D4-6708-4766-B314-82D3D261CD5E,1,1,d0i6mg9ggil000a0rupg,000571d4-6708-4766-b314-82d3d261cd5e,2025-05-14 05:07:48.917000,2025-05-14 05:07:48.917000,2025-05-14 05:07:48.917d0i6mg9ggil000a0rupg,d0i6mg9ggil000a0rupg,3,,,2025-05-14 06:05:36.750000,2025-05-14 06:20:57.877000,s3://di-diml-silver-prod/d0i6mg9ggil000a0rupg/d0i704cclak000dco9vg/d0i6mg9ggil000a0rupg.tsv
00571B48-2331-4DF5-A05A-AF55D9401FA2,1,1,d0i6mg9ggil000a0rut0,00571b48-2331-4df5-a05a-af55d9401fa2,2025-05-14 05:07:48.917000,2025-05-14 05:07:48.917000,2025-05-14 05:07:48.917d0i6mg9ggil000a0rut0,d0i6mg9ggil000a0rut0,3,,,2025-05-14 06:16:05.970000,2025-05-14 06:37:02.010000,s3://di-diml-silver-prod/d0i6mg9ggil000a0rut0/d0i7461s5hl000fcbjbg/d0i6mg9ggil000a0rut0.tsv
01452F3B-1EF2-4CC9-8EDE-0EFBC5CE52BA,1,1,d0i6mghs5hl000fbsv70,01452f3b-1ef2-4cc9-8ede-0efbc5ce52ba,2025-05-14 05:07:48.917000,2025-05-14 05:07:48.917000,2025-05-14 05:07:48.917d0i6mghs5hl000fbsv70,d0i6mghs5hl000fbsv70,3,,,2025-05-14 06:00:36.050000,2025-05-14 06:15:41.887000,s3://di-diml-silver-prod/d0i6mghs5hl000fbsv70/d0i71v4aa58000f0e8kg/d0i6mghs5hl000fbsv70.tsv
0024B43D-63A6-49F2-8BFF-ED906C146E2E,1,1,d0i6mguqdhp00083to70,0024b43d-63a6-49f2-8bff-ed906c146e2e,2025-05-14 05:07:48.917000,2025-05-14 05:07:48.917000,2025-05-14 05:07:48.917d0i6mguqdhp00083to70,d0i6mguqdhp00083to70,3,,,2025-05-14 06:05:36.750000,2025-05-14 06:15:41.887000,s3://di-diml-silver-prod/d0i6mguqdhp00083to70/d0i7406gi0og00auu400/d0i6mguqdhp00083to70.tsv
00591CBF-1BEF-42BD-9BBB-503111391A35,1,1,d0i6mh6r7j8g00cb8is0,00591cbf-1bef-42bd-9bbb-503111391a35,2025-05-14 05:07:48.917000,2025-05-14 05:07:48.917000,2025-05-14 05:07:48.917d0i6mh6r7j8g00cb8is0,d0i6mh6r7j8g00cb8is0,3,,,2025-05-14 06:32:07.410000,2025-05-14 06:47:06.213000,s3://di-diml-silver-prod/d0i6mh6r7j8g00cb8is0/d0i76sosssgg00897g70/d0i6mh6r7j8g00cb8is0.tsv
002C9655-24BD-4F0F-A63F-85D74AB555B4,1,1,d0i6mhl27ee0009unmdg,002c9655-24bd-4f0f-a63f-85d74ab555b4,2025-05-14 05:07:48.917000,2025-05-14 05:07:48.917000,2025-05-14 05:07:48.917d0i6mhl27ee0009unmdg,d0i6mhl27ee0009unmdg,3,,,2025-05-14 06:16:05.970000,2025-05-14 06:37:02.010000,s3://di-diml-silver-prod/d0i6mhl27ee0009unmdg/d0i7646omc2g00ft2l80/d0i6mhl27ee0009unmdg.tsv
0057DC48-50F6-4DF2-8112-11D5A97F570A,1,1,d0i6mhmo773g00ccq4dg,0057dc48-50f6-4df2-8112-11d5a97f570a,2025-05-14 05:07:48.917000,2025-05-14 05:07:48.917000,2025-05-14 05:07:48.917d0i6mhmo773g00ccq4dg,d0i6mhmo773g00ccq4dg,3,,,2025-05-14 06:16:05.970000,2025-05-14 06:37:02.010000,s3://di-diml-silver-prod/d0i6mhmo773g00ccq4dg/d0i73guo773g00cd93dg/d0i6mhmo773g00ccq4dg.tsv
002CBA91-B060-4EEA-8CB9-CB6D1413A6A7,1,1,d0i6mi6r7j8g00cb8lag,002cba91-b060-4eea-8cb9-cb6d1413a6a7,2025-05-14 05:07:48.917000,2025-05-14 05:07:48.917000,2025-05-14 05:07:48.917d0i6mi6r7j8g00cb8lag,d0i6mi6r7j8g00cb8lag,3,,,2025-05-14 06:00:36.050000,2025-05-14 06:15:41.887000,s3://di-diml-silver-prod/d0i6mi6r7j8g00cb8lag/d0i74p5pebk000f1tpmg/d0i6mi6r7j8g00cb8lag.tsv
00DBB54F-F1CD-4913-834A-7C1619A5A383,1,1,d0i6mihggil000a0s4ug,00dbb54f-f1cd-4913-834a-7c1619a5a383,2025-05-14 05:07:48.917000,2025-05-14 05:07:48.917000,2025-05-14 05:07:48.917d0i6mihggil000a0s4ug,d0i6mihggil000a0s4ug,3,,,2025-05-14 07:02:39.850000,2025-05-14 07:17:27.440000,s3://di-diml-silver-prod/d0i6mihggil000a0s4ug/d0i7bieo773g00cdedu0/d0i6mihggil000a0s4ug.tsv
0141FAF1-94C2-4357-9E0F-817E03553B04,1,1,d0i6mj8b12i000aok8ug,0141faf1-94c2-4357-9e0f-817e03553b04,2025-05-14 05:07:48.917000,2025-05-14 05:07:48.917000,2025-05-14 05:07:48.917d0i6mj8b12i000aok8ug,d0i6mj8b12i000aok8ug,3,,,2025-05-14 06:10:51.547000,2025-05-14 06:37:02.010000,s3://di-diml-silver-prod/d0i6mj8b12i000aok8ug/d0i76cdpebk000f1uo0g/d0i6mj8b12i000aok8ug.tsv
006FB739-00EB-435D-8CB9-183CE40E702F,1,1,d0i6mkd27ee0009untng,006fb739-00eb-435d-8cb9-183ce40e702f,2025-05-14 05:07:48.917000,2025-05-14 05:07:48.917000,2025-05-14 05:07:48.917d0i6mkd27ee0009untng,d0i6mkd27ee0009untng,3,,,2025-05-14 06:05:36.750000,2025-05-14 06:37:02.010000,s3://di-diml-silver-prod/d0i6mkd27ee0009untng/d0i71amgi0og00aut7qg/d0i6mkd27ee0009untng.tsv
00B5CE86-606E-4DBD-8324-6738F47D07F7,1,1,d0i6mkjkf5cg00e6r740,00b5ce86-606e-4dbd-8324-6738f47d07f7,2025-05-14 05:07:48.917000,2025-05-14 05:07:48.917000,2025-05-14 05:07:48.917d0i6mkjkf5cg00e6r740,d0i6mkjkf5cg00e6r740,3,,,2025-05-14 06:00:36.050000,2025-05-14 06:20:57.877000,s3://di-diml-silver-prod/d0i6mkjkf5cg00e6r740/d0i74ajpp0p000a7pghg/d0i6mkjkf5cg00e6r740.tsv
01019694-F72F-457D-8131-807A2E4BA8E6,1,1,d0i6mkrpp0p000a7ablg,01019694-f72f-457d-8131-807a2e4ba8e6,2025-05-14 05:07:48.917000,2025-05-14 05:07:48.917000,2025-05-14 05:07:48.917d0i6mkrpp0p000a7ablg,d0i6mkrpp0p000a7ablg,3,,,2025-05-14 06:16:05.970000,2025-05-14 06:37:02.010000,s3://di-diml-silver-prod/d0i6mkrpp0p000a7ablg/d0i750bpp0p000a7psng/d0i6mkrpp0p000a7ablg.tsv
0104AE2D-410F-4A39-B1E9-EAABDFD76E7A,1,1,d0i6ml4aa58000evvt20,0104ae2d-410f-4a39-b1e9-eaabdfd76e7a,2025-05-14 05:07:48.917000,2025-05-14 05:07:48.917000,2025-05-14 05:07:48.917d0i6ml4aa58000evvt20,d0i6ml4aa58000evvt20,3,,,2025-05-14 06:10:51.547000,2025-05-14 06:20:57.877000,s3://di-diml-silver-prod/d0i6ml4aa58000evvt20/d0i70rf9vfn000fgjbng/d0i6ml4aa58000evvt20.tsv
0135972C-E680-4ADD-AF9A-4362142224D8,1,1,d0i6ml6jsr2g00bjej0g,0135972c-e680-4add-af9a-4362142224d8,2025-05-14 05:07:48.917000,2025-05-14 05:07:48.917000,2025-05-14 05:07:48.917d0i6ml6jsr2g00bjej0g,d0i6ml6jsr2g00bjej0g,3,,,2025-05-14 05:49:55.220000,2025-05-14 06:10:27.760000,s3://di-diml-silver-prod/d0i6ml6jsr2g00bjej0g/d0i6um8sssgg00892h7g/d0i6ml6jsr2g00bjej0g.tsv
007EA882-D5A7-4A60-93EF-2DD2246CB69B,1,1,d0i6mlmjsr2g00bjek7g,007ea882-d5a7-4a60-93ef-2dd2246cb69b,2025-05-14 05:07:48.917000,2025-05-14 05:07:48.917000,2025-05-14 05:07:48.917d0i6mlmjsr2g00bjek7g,d0i6mlmjsr2g00bjek7g,3,,,2025-05-14 06:32:07.410000,2025-05-14 06:47:06.213000,s3://di-diml-silver-prod/d0i6mlmjsr2g00bjek7g/d0i79ccclak000dcssng/d0i6mlmjsr2g00bjek7g.tsv
0024C8CA-9296-4C1F-879A-36779405345A,1,1,d0i6mlt27ee0009uo1cg,0024c8ca-9296-4c1f-879a-36779405345a,2025-05-14 05:07:48.917000,2025-05-14 05:07:48.917000,2025-05-14 05:07:48.917d0i6mlt27ee0009uo1cg,d0i6mlt27ee0009uo1cg,3,,,2025-05-14 06:32:07.410000,2025-05-14 06:52:13.470000,s3://di-diml-silver-prod/d0i6mlt27ee0009uo1cg/d0i788icalk0008luns0/d0i6mlt27ee0009uo1cg.tsv
000910E2-F08F-4BB7-AEEE-6802CA3BAAB0,1,1,d0i6mmg38n7000acgcq0,000910e2-f08f-4bb7-aeee-6802ca3baab0,2025-05-14 05:07:48.917000,2025-05-14 05:07:48.917000,2025-05-14 05:07:48.917d0i6mmg38n7000acgcq0,d0i6mmg38n7000acgcq0,3,,,2025-05-14 06:32:07.410000,2025-05-14 06:52:13.470000,s3://di-diml-silver-prod/d0i6mmg38n7000acgcq0/d0i77qhggil000a1dgag/d0i6mmg38n7000acgcq0.tsv
0050105F-0615-4BC6-8E82-70D7423374B6,1,1,d0i6mmob12i000aokhh0,0050105f-0615-4bc6-8e82-70d7423374b6,2025-05-14 05:07:48.917000,2025-05-14 05:07:48.917000,2025-05-14 05:07:48.917d0i6mmob12i000aokhh0,d0i6mmob12i000aokhh0,3,,,2025-05-14 06:16:05.970000,2025-05-14 06:37:02.010000,s3://di-diml-silver-prod/d0i6mmob12i000aokhh0/d0i76h6r7j8g00cbp4j0/d0i6mmob12i000aokhh0.tsv
00540A56-1933-4E5B-BD94-955A58200966,1,1,d0i6mn0b12i000aoki4g,00540a56-1933-4e5b-bd94-955a58200966,2025-05-14 05:07:48.917000,2025-05-14 05:07:48.917000,2025-05-14 05:07:48.917d0i6mn0b12i000aoki4g,d0i6mn0b12i000aoki4g,3,,,2025-05-14 06:16:05.970000,2025-05-14 06:37:02.010000,s3://di-diml-silver-prod/d0i6mn0b12i000aoki4g/d0i76ver7j8g00cbpf90/d0i6mn0b12i000aoki4g.tsv
002B7989-1F77-42FC-994F-4A7BEFA248CC,1,1,d0i6mnacalk0008ldstg,002b7989-1f77-42fc-994f-4a7befa248cc,2025-05-14 05:07:48.917000,2025-05-14 05:07:48.917000,2025-05-14 05:07:48.917d0i6mnacalk0008ldstg,d0i6mnacalk0008ldstg,3,,,2025-05-14 06:21:33.477000,2025-05-14 06:37:02.010000,s3://di-diml-silver-prod/d0i6mnacalk0008ldstg/d0i77nmgi0og00av0hf0/d0i6mnacalk0008ldstg.tsv
0025F199-A12E-45E4-B5A2-AB90EAA759C2,1,1,d0i6mo0b12i000aokl6g,0025f199-a12e-45e4-b5a2-ab90eaa759c2,2025-05-14 05:07:48.917000,2025-05-14 05:07:48.917000,2025-05-14 05:07:48.917d0i6mo0b12i000aokl6g,d0i6mo0b12i000aokl6g,3,,,2025-05-14 06:21:33.477000,2025-05-14 06:41:54.267000,s3://di-diml-silver-prod/d0i6mo0b12i000aokl6g/d0i74g6r7j8g00cbnrng/d0i6mo0b12i000aokl6g.tsv
011FC1F1-24EE-4941-B412-19304CD7D813,1,1,d0i6mok72f3g00crbrt0,011fc1f1-24ee-4941-b412-19304cd7d813,2025-05-14 05:09:44.507000,2025-05-14 05:09:44.507000,2025-05-14 05:09:44.507d0i6mok72f3g00crbrt0,d0i6mok72f3g00crbrt0,3,,,2025-05-14 06:37:21.280000,2025-05-14 06:57:13.630000,s3://di-diml-silver-prod/d0i6mok72f3g00crbrt0/d0i70dk72f3g00croiog/d0i6mok72f3g00crbrt0.tsv
000B8ABB-1965-4AA7-983D-84BEC2F97C6C,1,1,d0i6mouqdhp00083ucd0,000b8abb-1965-4aa7-983d-84bec2f97c6c,2025-05-14 05:07:48.917000,2025-05-14 05:07:48.917000,2025-05-14 05:07:48.917d0i6mouqdhp00083ucd0,d0i6mouqdhp00083ucd0,3,,,2025-05-14 06:32:07.410000,2025-05-14 06:52:13.470000,s3://di-diml-silver-prod/d0i6mouqdhp00083ucd0/d0i79kg38n7000ad2emg/d0i6mouqdhp00083ucd0.tsv
00AEB7F2-AD26-4AF5-9D19-6FA1E3F936D3,1,1,d0i6mp7o5c2000eku6n0,00aeb7f2-ad26-4af5-9d19-6fa1e3f936d3,2025-05-14 05:07:48.917000,2025-05-14 05:07:48.917000,2025-05-14 05:07:48.917d0i6mp7o5c2000eku6n0,d0i6mp7o5c2000eku6n0,3,,,2025-05-14 06:42:21.903000,2025-05-14 06:57:13.630000,s3://di-diml-silver-prod/d0i6mp7o5c2000eku6n0/d0i79c1s5hl000fcf4d0/d0i6mp7o5c2000eku6n0.tsv
00DC8B77-8F89-4B83-9579-20BA1E0C2AFA,1,1,d0i6mpmo773g00ccqos0,00dc8b77-8f89-4b83-9579-20ba1e0c2afa,2025-05-14 05:07:48.917000,2025-05-14 05:07:48.917000,2025-05-14 05:07:48.917d0i6mpmo773g00ccqos0,d0i6mpmo773g00ccqos0,3,,,2025-05-14 06:05:36.750000,2025-05-14 06:20:57.877000,s3://di-diml-silver-prod/d0i6mpmo773g00ccqos0/d0i6v0o38n7000acta3g/d0i6mpmo773g00ccqos0.tsv
01346B69-28C5-48DA-AF64-0B29708E4BBE,1,1,d0i6mpo38n7000acgkr0,01346b69-28c5-48da-af64-0b29708e4bbe,2025-05-14 05:07:48.917000,2025-05-14 05:07:48.917000,2025-05-14 05:07:48.917d0i6mpo38n7000acgkr0,d0i6mpo38n7000acgkr0,3,,,2025-05-14 06:00:36.050000,2025-05-14 06:15:41.887000,s3://di-diml-silver-prod/d0i6mpo38n7000acgkr0/d0i754hs5hl000fcc520/d0i6mpo38n7000acgkr0.tsv
00282A9E-8759-423F-8013-84D784D78CDC,1,1,d0i6mpqo7i8g00bh3q6g,00282a9e-8759-423f-8013-84d784d78cdc,2025-05-14 05:07:48.917000,2025-05-14 05:07:48.917000,2025-05-14 05:07:48.917d0i6mpqo7i8g00bh3q6g,d0i6mpqo7i8g00bh3q6g,3,,,2025-05-14 06:00:36.050000,2025-05-14 06:15:41.887000,s3://di-diml-silver-prod/d0i6mpqo7i8g00bh3q6g/d0i76nidvnk000bn99rg/d0i6mpqo7i8g00bh3q6g.tsv
012B0D86-65C1-45FE-B6BC-360276788623,1,1,d0i6mq038n7000acglgg,012b0d86-65c1-45fe-b6bc-360276788623,2025-05-14 05:07:48.917000,2025-05-14 05:07:48.917000,2025-05-14 05:07:48.917d0i6mq038n7000acglgg,d0i6mq038n7000acglgg,3,,,2025-05-14 06:00:36.050000,2025-05-14 06:15:41.887000,s3://di-diml-silver-prod/d0i6mq038n7000acglgg/d0i7486qdhp00084cs8g/d0i6mq038n7000acglgg.tsv
003227BA-FD57-4590-A4E5-10207984C3E8,1,1,d0i6mq5jt2pg00dn3940,003227ba-fd57-4590-a4e5-10207984c3e8,2025-05-14 05:07:48.917000,2025-05-14 05:07:48.917000,2025-05-14 05:07:48.917d0i6mq5jt2pg00dn3940,d0i6mq5jt2pg00dn3940,3,,,2025-05-14 06:21:33.477000,2025-05-14 06:37:02.010000,s3://di-diml-silver-prod/d0i6mq5jt2pg00dn3940/d0i78u9s5hl000fceqcg/d0i6mq5jt2pg00dn3940.tsv
0018BD36-0C6B-4BD0-9100-62183DC579EC,1,1,d0i6mqjkf5cg00e6rlqg,0018bd36-0c6b-4bd0-9100-62183dc579ec,2025-05-14 05:07:48.917000,2025-05-14 05:07:48.917000,2025-05-14 05:07:48.917d0i6mqjkf5cg00e6rlqg,d0i6mqjkf5cg00e6rlqg,3,,,2025-05-14 06:05:36.750000,2025-05-14 06:37:02.010000,s3://di-diml-silver-prod/d0i6mqjkf5cg00e6rlqg/d0i78g3pp0p000a7s9jg/d0i6mqjkf5cg00e6rlqg.tsv
000D5C3E-473F-4258-BCD4-F2AB870A3E53,1,1,d0i6mqjkf5cg00e6rlrg,000d5c3e-473f-4258-bcd4-f2ab870a3e53,2025-05-14 05:07:48.917000,2025-05-14 05:07:48.917000,2025-05-14 05:07:48.917d0i6mqjkf5cg00e6rlrg,d0i6mqjkf5cg00e6rlrg,3,,,2025-05-14 06:05:36.750000,2025-05-14 06:20:57.877000,s3://di-diml-silver-prod/d0i6mqjkf5cg00e6rlrg/d0i751uomc2g00ft20e0/d0i6mqjkf5cg00e6rlrg.tsv
01357FE3-D34F-4E22-BFD9-D05B0C96E52E,1,1,d0i6mquo773g00ccqsgg,01357fe3-d34f-4e22-bfd9-d05b0c96e52e,2025-05-14 05:07:48.917000,2025-05-14 05:07:48.917000,2025-05-14 05:07:48.917d0i6mquo773g00ccqsgg,d0i6mquo773g00ccqsgg,3,,,2025-05-14 06:37:21.280000,2025-05-14 06:57:13.630000,s3://di-diml-silver-prod/d0i6mquo773g00ccqsgg/d0i7d1no5c2000elii6g/d0i6mquo773g00ccqsgg.tsv
00B5AE9E-9BAE-451E-8F9F-05E07E5DAAA5,1,1,d0i6mr4mmp3000av47c0,00b5ae9e-9bae-451e-8f9f-05e07e5daaa5,2025-05-14 05:07:48.917000,2025-05-14 05:07:48.917000,2025-05-14 05:07:48.917d0i6mr4mmp3000av47c0,d0i6mr4mmp3000av47c0,3,,,2025-05-14 06:21:33.477000,2025-05-14 06:37:02.010000,s3://di-diml-silver-prod/d0i6mr4mmp3000av47c0/d0i74ricalk0008ls9jg/d0i6mr4mmp3000av47c0.tsv
013D4E81-6286-4883-BD8C-CBE2B4CF388F,1,1,d0i6msob12i000aol1h0,013d4e81-6286-4883-bd8c-cbe2b4cf388f,2025-05-14 05:07:48.917000,2025-05-14 05:07:48.917000,2025-05-14 05:07:48.917d0i6msob12i000aol1h0,d0i6msob12i000aol1h0,3,,,2025-05-14 06:32:07.410000,2025-05-14 06:47:06.213000,s3://di-diml-silver-prod/d0i6msob12i000aol1h0/d0i787k72f3g00crsok0/d0i6msob12i000aol1h0.tsv
005C60E2-8572-4FD3-B313-9F02AC673E90,1,1,d0i6msqo7i8g00bh422g,005c60e2-8572-4fd3-b313-9f02ac673e90,2025-05-14 05:07:48.917000,2025-05-14 05:07:48.917000,2025-05-14 05:07:48.917d0i6msqo7i8g00bh422g,d0i6msqo7i8g00bh422g,3,,,2025-05-14 06:05:36.750000,2025-05-14 06:37:02.010000,s3://di-diml-silver-prod/d0i6msqo7i8g00bh422g/d0i75kugi0og00auv1lg/d0i6msqo7i8g00bh422g.tsv
00E79E73-9099-48C9-B401-A170FF5DD2E6,1,1,d0i6msss10rg00ae09mg,00e79e73-9099-48c9-b401-a170ff5dd2e6,2025-05-14 05:07:48.917000,2025-05-14 05:07:48.917000,2025-05-14 05:07:48.917d0i6msss10rg00ae09mg,d0i6msss10rg00ae09mg,3,,,2025-05-14 06:21:33.477000,2025-05-14 06:37:02.010000,s3://di-diml-silver-prod/d0i6msss10rg00ae09mg/d0i78f6jsr2g00bk06jg/d0i6msss10rg00ae09mg.tsv
00411C0A-2474-4BAD-B5E3-5B9C50B43216,1,1,d0i6mtidvnk000bmou00,00411c0a-2474-4bad-b5e3-5b9c50b43216,2025-05-14 05:07:48.917000,2025-05-14 05:07:48.917000,2025-05-14 05:07:48.917d0i6mtidvnk000bmou00,d0i6mtidvnk000bmou00,3,,,2025-05-14 06:37:21.280000,2025-05-14 06:57:13.630000,s3://di-diml-silver-prod/d0i6mtidvnk000bmou00/d0i79d4aa58000f0ijhg/d0i6mtidvnk000bmou00.tsv
011B4ADB-D150-40D1-BF90-A351ECA4FBB8,1,1,d0i6mtmqdhp00083uokg,011b4adb-d150-40d1-bf90-a351eca4fbb8,2025-05-14 05:07:48.917000,2025-05-14 05:07:48.917000,2025-05-14 05:07:48.917d0i6mtmqdhp00083uokg,d0i6mtmqdhp00083uokg,3,,,2025-05-14 06:32:07.410000,2025-05-14 06:52:13.470000,s3://di-diml-silver-prod/d0i6mtmqdhp00083uokg/d0i7bg5pebk000f22ecg/d0i6mtmqdhp00083uokg.tsv
000302A5-6261-4211-A006-FFD81A6E0833,1,1,d0i6mtuo773g00ccr400,000302a5-6261-4211-a006-ffd81a6e0833,2025-05-14 05:07:48.917000,2025-05-14 05:07:48.917000,2025-05-14 05:07:48.917d0i6mtuo773g00ccr400,d0i6mtuo773g00ccr400,3,,,2025-05-14 06:10:51.547000,2025-05-14 06:37:02.010000,s3://di-diml-silver-prod/d0i6mtuo773g00ccr400/d0i76gsclak000dcqrfg/d0i6mtuo773g00ccr400.tsv
009432D1-9494-4BBE-A7B9-AEE885BBAEFC,1,1,d0i6mu79vfn000fg6arg,009432d1-9494-4bbe-a7b9-aee885bbaefc,2025-05-14 05:07:48.917000,2025-05-14 05:07:48.917000,2025-05-14 05:07:48.917d0i6mu79vfn000fg6arg,d0i6mu79vfn000fg6arg,3,,,2025-05-14 06:10:51.547000,2025-05-14 06:20:57.877000,s3://di-diml-silver-prod/d0i6mu79vfn000fg6arg/d0i72l3pp0p000a7op80/d0i6mu79vfn000fg6arg.tsv
00D5A97A-99CC-4D4C-8ED0-3B5D93733ED6,1,1,d0i6mu90qf8g00aviq70,00d5a97a-99cc-4d4c-8ed0-3b5d93733ed6,2025-05-14 05:07:48.917000,2025-05-14 05:07:48.917000,2025-05-14 05:07:48.917d0i6mu90qf8g00aviq70,d0i6mu90qf8g00aviq70,3,,,2025-05-14 07:02:39.850000,2025-05-14 07:17:27.440000,s3://di-diml-silver-prod/d0i6mu90qf8g00aviq70/d0i7t76omc2g00ftl47g/d0i6mu90qf8g00aviq70.tsv
005875DA-85A5-4DEB-A3EA-371209E9749F,1,1,d0i6mvcclak000dcb530,005875da-85a5-4deb-a3ea-371209e9749f,2025-05-14 05:07:48.917000,2025-05-14 05:07:48.917000,2025-05-14 05:07:48.917d0i6mvcclak000dcb530,d0i6mvcclak000dcb530,3,,,2025-05-14 06:37:21.280000,2025-05-14 06:47:06.213000,s3://di-diml-silver-prod/d0i6mvcclak000dcb530/d0i7734s10rg00aegae0/d0i6mvcclak000dcb530.tsv
0087C20E-0751-4D8F-B7E8-15C15FFCC4BE,1,1,d0i6mveomc2g00fsitk0,0087c20e-0751-4d8f-b7e8-15c15ffcc4be,2025-05-14 05:07:48.917000,2025-05-14 05:07:48.917000,2025-05-14 05:07:48.917d0i6mveomc2g00fsitk0,d0i6mveomc2g00fsitk0,3,,,2025-05-14 06:00:36.050000,2025-05-14 06:20:57.877000,s3://di-diml-silver-prod/d0i6mveomc2g00fsitk0/d0i75gmgi0og00auuuv0/d0i6mveomc2g00fsitk0.tsv
007A10B2-E357-4C98-A180-811139912CB1,1,1,d0i6mvf9vfn000fg6ehg,007a10b2-e357-4c98-a180-811139912cb1,2025-05-14 05:07:48.917000,2025-05-14 05:07:48.917000,2025-05-14 05:07:48.917d0i6mvf9vfn000fg6ehg,d0i6mvf9vfn000fg6ehg,3,,,2025-05-14 06:21:33.477000,2025-05-14 06:37:02.010000,s3://di-diml-silver-prod/d0i6mvf9vfn000fg6ehg/d0i77fljt2pg00dnk1j0/d0i6mvf9vfn000fg6ehg.tsv
01413EAC-3EEF-48F7-A5A6-AC35297A284A,1,1,d0i6mvt27ee0009uore0,01413eac-3eef-48f7-a5a6-ac35297a284a,2025-05-14 05:07:48.917000,2025-05-14 05:07:48.917000,2025-05-14 05:07:48.917d0i6mvt27ee0009uore0,d0i6mvt27ee0009uore0,3,,,2025-05-14 06:16:05.970000,2025-05-14 06:37:02.010000,s3://di-diml-silver-prod/d0i6mvt27ee0009uore0/d0i76vh0qf8g00b03b5g/d0i6mvt27ee0009uore0.tsv
00FC710B-1391-4246-B446-8E62C148E5CC,1,1,d0i6n0cclak000dcb890,00fc710b-1391-4246-b446-8e62c148e5cc,2025-05-14 05:07:48.917000,2025-05-14 05:07:48.917000,2025-05-14 05:07:48.917d0i6n0cclak000dcb890,d0i6n0cclak000dcb890,3,,,2025-05-14 06:16:05.970000,2025-05-14 06:37:02.010000,s3://di-diml-silver-prod/d0i6n0cclak000dcb890/d0i74nss3cjg0096m890/d0i6n0cclak000dcb890.tsv
00505330-172A-4567-8AED-E16B2703C2F5,1,1,d0i6n0cs10rg00ae0ivg,00505330-172a-4567-8aed-e16b2703c2f5,2025-05-14 05:07:48.917000,2025-05-14 05:07:48.917000,2025-05-14 05:07:48.917d0i6n0cs10rg00ae0ivg,d0i6n0cs10rg00ae0ivg,3,,,2025-05-14 05:44:40.610000,2025-05-14 06:00:09.373000,s3://di-diml-silver-prod/d0i6n0cs10rg00ae0ivg/d0i6ttob12i000aouuf0/d0i6n0cs10rg00ae0ivg.tsv
01123599-7985-4DAE-9BF4-E2E102CD8913,1,1,d0i6n1cs10rg00ae0lg0,01123599-7985-4dae-9bf4-e2e102cd8913,2025-05-14 05:07:48.917000,2025-05-14 05:07:48.917000,2025-05-14 05:07:48.917d0i6n1cs10rg00ae0lg0,d0i6n1cs10rg00ae0lg0,3,,,2025-05-14 06:16:05.970000,2025-05-14 06:37:02.010000,s3://di-diml-silver-prod/d0i6n1cs10rg00ae0lg0/d0i79kuomc2g00ft5670/d0i6n1cs10rg00ae0lg0.tsv
012453F6-A107-4092-8AC8-C49C95AC6B36,1,1,d0i6n1llhp0g00aiiiag,012453f6-a107-4092-8ac8-c49c95ac6b36,2025-05-14 05:07:48.917000,2025-05-14 05:07:48.917000,2025-05-14 05:07:48.917d0i6n1llhp0g00aiiiag,d0i6n1llhp0g00aiiiag,3,,,2025-05-14 06:05:36.750000,2025-05-14 06:37:02.010000,s3://di-diml-silver-prod/d0i6n1llhp0g00aiiiag/d0i76t2o7i8g00bhkg60/d0i6n1llhp0g00aiiiag.tsv
01429A6C-FDB0-4317-9EBB-88F1DCAF51DF,1,1,d0i6n1mo773g00ccrdog,01429a6c-fdb0-4317-9ebb-88f1dcaf51df,2025-05-14 05:07:48.917000,2025-05-14 05:07:48.917000,2025-05-14 05:07:48.917d0i6n1mo773g00ccrdog,d0i6n1mo773g00ccrdog,3,,,2025-05-14 06:10:51.547000,2025-05-14 06:37:02.010000,s3://di-diml-silver-prod/d0i6n1mo773g00ccrdog/d0i74bob12i000ap3230/d0i6n1mo773g00ccrdog.tsv
011B9A80-E389-4B6F-AD5A-A76542362CF2,1,1,d0i6n1rkf5cg00e6s8ig,011b9a80-e389-4b6f-ad5a-a76542362cf2,2025-05-14 05:07:48.917000,2025-05-14 05:07:48.917000,2025-05-14 05:07:48.917d0i6n1rkf5cg00e6s8ig,d0i6n1rkf5cg00e6s8ig,3,,,2025-05-14 06:21:33.477000,2025-05-14 06:37:02.010000,s3://di-diml-silver-prod/d0i6n1rkf5cg00e6s8ig/d0i76if9vfn000fglqr0/d0i6n1rkf5cg00e6s8ig.tsv
0141610A-4001-4BF2-8292-005EF3C6947F,1,1,d0i6n20sssgg0088n0q0,0141610a-4001-4bf2-8292-005ef3c6947f,2025-05-14 05:07:48.917000,2025-05-14 05:07:48.917000,2025-05-14 05:07:48.917d0i6n20sssgg0088n0q0,d0i6n20sssgg0088n0q0,3,,,2025-05-14 06:32:07.410000,2025-05-14 06:47:06.213000,s3://di-diml-silver-prod/d0i6n20sssgg0088n0q0/d0i7aibkf5cg00e7eo20/d0i6n20sssgg0088n0q0.tsv
00AD76EE-962A-451C-8D97-698831635944,1,1,d0i6n2c72f3g00crckig,00ad76ee-962a-451c-8d97-698831635944,2025-05-14 05:09:44.507000,2025-05-14 05:09:44.507000,2025-05-14 05:09:44.507d0i6n2c72f3g00crckig,d0i6n2c72f3g00crckig,3,,,2025-05-14 05:55:12.067000,2025-05-14 06:15:41.887000,s3://di-diml-silver-prod/d0i6n2c72f3g00crckig/d0i7072calk0008lqjk0/d0i6n2c72f3g00crckig.tsv
009C0511-EE99-478C-A51F-C32D479559B7,1,1,d0i6n2cmmp3000av4qhg,009c0511-ee99-478c-a51f-c32d479559b7,2025-05-14 05:07:48.917000,2025-05-14 05:07:48.917000,2025-05-14 05:07:48.917d0i6n2cmmp3000av4qhg,d0i6n2cmmp3000av4qhg,3,,,2025-05-14 06:37:21.280000,2025-05-14 06:57:13.630000,s3://di-diml-silver-prod/d0i6n2cmmp3000av4qhg/d0i7h8ljt2pg00dnquo0/d0i6n2cmmp3000av4qhg.tsv
0063F41E-0FF7-457F-B41C-D0E661171B45,1,1,d0i6n2eo773g00ccrfkg,0063f41e-0ff7-457f-b41c-d0e661171b45,2025-05-14 05:07:48.917000,2025-05-14 05:07:48.917000,2025-05-14 05:07:48.917d0i6n2eo773g00ccrfkg,d0i6n2eo773g00ccrfkg,3,,,2025-05-14 06:00:36.050000,2025-05-14 06:15:41.887000,s3://di-diml-silver-prod/d0i6n2eo773g00ccrfkg/d0i76jt27ee0009v8eqg/d0i6n2eo773g00ccrfkg.tsv
002C9CC6-826A-48D7-8863-CC50AC9A98B5,1,1,d0i6n2gsssgg0088n20g,002c9cc6-826a-48d7-8863-cc50ac9a98b5,2025-05-14 05:07:48.917000,2025-05-14 05:07:48.917000,2025-05-14 05:07:48.917d0i6n2gsssgg0088n20g,d0i6n2gsssgg0088n20g,3,,,2025-05-14 07:02:39.850000,2025-05-14 07:23:48.563000,s3://di-diml-silver-prod/d0i6n2gsssgg0088n20g/d0i7m9io7i8g00bhvpv0/d0i6n2gsssgg0088n20g.tsv
0039CE69-E4ED-4220-BCCE-8EB383833A16,1,1,d0i6n2jpp0p000a7beu0,0039ce69-e4ed-4220-bcce-8eb383833a16,2025-05-14 05:07:48.917000,2025-05-14 05:07:48.917000,2025-05-14 05:07:48.917d0i6n2jpp0p000a7beu0,d0i6n2jpp0p000a7beu0,3,,,2025-05-14 06:47:23.247000,2025-05-14 06:57:13.630000,s3://di-diml-silver-prod/d0i6n2jpp0p000a7beu0/d0i7cvmqdhp00084j0rg/d0i6n2jpp0p000a7beu0.tsv
014285F1-654C-40DA-BDF5-102C2CCCB94D,1,1,d0i6n35pebk000f1er10,014285f1-654c-40da-bdf5-102c2cccb94d,2025-05-14 05:07:48.917000,2025-05-14 05:07:48.917000,2025-05-14 05:07:48.917d0i6n35pebk000f1er10,d0i6n35pebk000f1er10,3,,,2025-05-14 06:32:07.410000,2025-05-14 06:52:13.470000,s3://di-diml-silver-prod/d0i6n35pebk000f1er10/d0i79i7o5c2000elg2fg/d0i6n35pebk000f1er10.tsv
0120AE5C-2EB7-43B6-B84E-7CA38F18AE8D,1,1,d0i6n4cclak000dcbi30,0120ae5c-2eb7-43b6-b84e-7ca38f18ae8d,2025-05-14 05:07:48.917000,2025-05-14 05:07:48.917000,2025-05-14 05:07:48.917d0i6n4cclak000dcbi30,d0i6n4cclak000dcbi30,3,,,2025-05-14 06:00:36.050000,2025-05-14 06:15:41.887000,s3://di-diml-silver-prod/d0i6n4cclak000dcbi30/d0i72jh0qf8g00b013ug/d0i6n4cclak000dcbi30.tsv
01266926-491D-413F-9E20-81AAD5487E31,1,1,d0i6n4du3ph000e7r4b0,01266926-491d-413f-9e20-81aad5487e31,2025-05-14 05:09:44.507000,2025-05-14 05:09:44.507000,2025-05-14 05:09:44.507d0i6n4du3ph000e7r4b0,d0i6n4du3ph000e7r4b0,3,,,2025-05-14 06:10:51.547000,2025-05-14 06:20:57.877000,s3://di-diml-silver-prod/d0i6n4du3ph000e7r4b0/d0i762f9vfn000fglgag/d0i6n4du3ph000e7r4b0.tsv
011D9C3B-884A-4218-A8A1-B3D14C1EB619,1,1,d0i6n4h0qf8g00avjaag,011d9c3b-884a-4218-a8a1-b3d14c1eb619,2025-05-14 05:07:48.917000,2025-05-14 05:07:48.917000,2025-05-14 05:07:48.917d0i6n4h0qf8g00avjaag,d0i6n4h0qf8g00avjaag,3,,,2025-05-14 06:16:05.970000,2025-05-14 06:37:02.010000,s3://di-diml-silver-prod/d0i6n4h0qf8g00avjaag/d0i780lu3ph000e8bf9g/d0i6n4h0qf8g00avjaag.tsv
004B88A7-F22D-4EFF-BEFE-042CA9ED8333,1,1,d0i6n4kclak000dcbjbg,004b88a7-f22d-4eff-befe-042ca9ed8333,2025-05-14 05:07:48.917000,2025-05-14 05:07:48.917000,2025-05-14 05:07:48.917d0i6n4kclak000dcbjbg,d0i6n4kclak000dcbjbg,3,,,2025-05-14 06:16:05.970000,2025-05-14 06:37:02.010000,s3://di-diml-silver-prod/d0i6n4kclak000dcbjbg/d0i7aass3cjg0096q5o0/d0i6n4kclak000dcbjbg.tsv
00886B65-560D-4048-AC7E-412BBBF45112,1,1,d0i6n5bpp0p000a7bma0,00886b65-560d-4048-ac7e-412bbbf45112,2025-05-14 05:07:48.917000,2025-05-14 05:07:48.917000,2025-05-14 05:07:48.917d0i6n5bpp0p000a7bma0,d0i6n5bpp0p000a7bma0,3,,,2025-05-14 06:16:05.970000,2025-05-14 06:37:02.010000,s3://di-diml-silver-prod/d0i6n5bpp0p000a7bma0/d0i7986jsr2g00bk0nsg/d0i6n5bpp0p000a7bma0.tsv
000382CA-F763-412B-93D6-D5C71D7DAE15,1,1,d0i6n5icalk0008le83g,000382ca-f763-412b-93d6-d5c71d7dae15,2025-05-14 05:09:44.507000,2025-05-14 05:09:44.507000,2025-05-14 05:09:44.507d0i6n5icalk0008le83g,d0i6n5icalk0008le83g,3,,,2025-05-14 06:32:07.410000,2025-05-14 06:47:06.213000,s3://di-diml-silver-prod/d0i6n5icalk0008le83g/d0i73geqdhp00084cgog/d0i6n5icalk0008le83g.tsv
00D3B1D7-A76C-472D-A290-C99C96103618,1,1,d0i6n5ps5hl000fbtt30,00d3b1d7-a76c-472d-a290-c99c96103618,2025-05-14 05:09:44.507000,2025-05-14 05:09:44.507000,2025-05-14 05:09:44.507d0i6n5ps5hl000fbtt30,d0i6n5ps5hl000fbtt30,3,,,2025-05-14 06:32:07.410000,2025-05-14 06:52:13.470000,s3://di-diml-silver-prod/d0i6n5ps5hl000fbtt30/d0i7dbtjt2pg00dno9hg/d0i6n5ps5hl000fbtt30.tsv
00A1B65A-4084-49B8-BF11-3C285F5A4A5E,1,1,d0i6n62dvnk000bmpjog,00a1b65a-4084-49b8-bf11-3c285f5a4a5e,2025-05-14 05:07:48.917000,2025-05-14 05:07:48.917000,2025-05-14 05:07:48.917d0i6n62dvnk000bmpjog,d0i6n62dvnk000bmpjog,3,,,2025-05-14 06:32:07.410000,2025-05-14 06:47:06.213000,s3://di-diml-silver-prod/d0i6n62dvnk000bmpjog/d0i7df6o773g00cdfpe0/d0i6n62dvnk000bmpjog.tsv
00100A9A-E788-43D7-829B-57737EA19276,1,1,d0i6n6momc2g00fsjgpg,00100a9a-e788-43d7-829b-57737ea19276,2025-05-14 05:07:48.917000,2025-05-14 05:07:48.917000,2025-05-14 05:07:48.917d0i6n6momc2g00fsjgpg,d0i6n6momc2g00fsjgpg,3,,,2025-05-14 06:05:36.750000,2025-05-14 06:20:57.877000,s3://di-diml-silver-prod/d0i6n6momc2g00fsjgpg/d0i77rcs3cjg0096obp0/d0i6n6momc2g00fsjgpg.tsv
01278A19-A2DD-4FEA-83BF-2DCBE2864B0B,1,1,d0i6n7kmmp3000av5890,01278a19-a2dd-4fea-83bf-2dcbe2864b0b,2025-05-14 05:07:48.917000,2025-05-14 05:07:48.917000,2025-05-14 05:07:48.917d0i6n7kmmp3000av5890,d0i6n7kmmp3000av5890,3,,,2025-05-14 06:21:33.477000,2025-05-14 06:37:02.010000,s3://di-diml-silver-prod/d0i6n7kmmp3000av5890/d0i79kegi0og00av1r1g/d0i6n7kmmp3000av5890.tsv
00950B45-A550-4B10-B2A4-3F0EDC515E26,1,1,d0i6n7smmp3000av58t0,00950b45-a550-4b10-b2a4-3f0edc515e26,2025-05-14 05:07:48.917000,2025-05-14 05:07:48.917000,2025-05-14 05:07:48.917d0i6n7smmp3000av58t0,d0i6n7smmp3000av58t0,3,,,2025-05-14 06:21:33.477000,2025-05-14 06:37:02.010000,s3://di-diml-silver-prod/d0i6n7smmp3000av58t0/d0i755er7j8g00cbo6m0/d0i6n7smmp3000av58t0.tsv
01382582-5418-471D-9F8B-E55DEE5575B8,1,1,d0i6n8eomc2g00fsjl6g,01382582-5418-471d-9f8b-e55dee5575b8,2025-05-14 05:07:48.917000,2025-05-14 05:07:48.917000,2025-05-14 05:07:48.917d0i6n8eomc2g00fsjl6g,d0i6n8eomc2g00fsjl6g,3,,,2025-05-14 06:10:51.547000,2025-05-14 06:20:57.877000,s3://di-diml-silver-prod/d0i6n8eomc2g00fsjl6g/d0i78c0sssgg00898i90/d0i6n8eomc2g00fsjl6g.tsv
0139AA19-EE1D-4427-AF74-9A7EF2808CFA,1,1,d0i6n8lpebk000f1f9c0,0139aa19-ee1d-4427-af74-9a7ef2808cfa,2025-05-14 05:07:48.917000,2025-05-14 05:07:48.917000,2025-05-14 05:07:48.917d0i6n8lpebk000f1f9c0,d0i6n8lpebk000f1f9c0,3,,,2025-05-14 06:16:05.970000,2025-05-14 06:37:02.010000,s3://di-diml-silver-prod/d0i6n8lpebk000f1f9c0/d0i7aev9vfn000fgolj0/d0i6n8lpebk000f1f9c0.tsv
002D57CE-F871-497D-9B76-35A7C364E4EA,1,1,d0i6n8momc2g00fsjlng,002d57ce-f871-497d-9b76-35a7c364e4ea,2025-05-14 05:07:48.917000,2025-05-14 05:07:48.917000,2025-05-14 05:07:48.917d0i6n8momc2g00fsjlng,d0i6n8momc2g00fsjlng,3,,,2025-05-14 06:10:51.547000,2025-05-14 06:37:02.010000,s3://di-diml-silver-prod/d0i6n8momc2g00fsjlng/d0i77ctu3ph000e8b0h0/d0i6n8momc2g00fsjlng.tsv
002202D0-9518-4E4C-938A-4C55C3E41D3B,1,1,d0i6n8tlhp0g00aij4r0,002202d0-9518-4e4c-938a-4c55c3e41d3b,2025-05-14 05:07:48.917000,2025-05-14 05:07:48.917000,2025-05-14 05:07:48.917d0i6n8tlhp0g00aij4r0,d0i6n8tlhp0g00aij4r0,3,,,2025-05-14 06:05:36.750000,2025-05-14 06:20:57.877000,s3://di-diml-silver-prod/d0i6n8tlhp0g00aij4r0/d0i723du3ph000e87ug0/d0i6n8tlhp0g00aij4r0.tsv
00BBDCC7-CA87-4902-9DCB-83377F816C71,1,1,d0i6n92dvnk000bmprqg,00bbdcc7-ca87-4902-9dcb-83377f816c71,2025-05-14 05:07:48.917000,2025-05-14 05:07:48.917000,2025-05-14 05:07:48.917d0i6n92dvnk000bmprqg,d0i6n92dvnk000bmprqg,3,,,2025-05-14 06:32:07.410000,2025-05-14 06:47:06.213000,s3://di-diml-silver-prod/d0i6n92dvnk000bmprqg/d0i7e1tlhp0g00aj88rg/d0i6n92dvnk000bmprqg.tsv
000224EA-02A1-4773-91F2-7347EA38640E,1,1,d0i6n990qf8g00avjmng,000224ea-02a1-4773-91f2-7347ea38640e,2025-05-14 05:07:48.917000,2025-05-14 05:07:48.917000,2025-05-14 05:07:48.917d0i6n990qf8g00avjmng,d0i6n990qf8g00avjmng,3,,,2025-05-14 06:21:33.477000,2025-05-14 06:37:02.010000,s3://di-diml-silver-prod/d0i6n990qf8g00avjmng/d0i7ai2dvnk000bnc2n0/d0i6n990qf8g00avjmng.tsv
0121EC79-57D3-4829-9F45-4DD19BD3BD72,1,1,d0i6nbc72f3g00crdbgg,0121ec79-57d3-4829-9f45-4dd19bd3bd72,2025-05-14 05:09:44.507000,2025-05-14 05:09:44.507000,2025-05-14 05:09:44.507d0i6nbc72f3g00crdbgg,d0i6nbc72f3g00crdbgg,3,,,2025-05-14 06:10:51.547000,2025-05-14 06:20:57.877000,s3://di-diml-silver-prod/d0i6nbc72f3g00crdbgg/d0i77otjt2pg00dnk85g/d0i6nbc72f3g00crdbgg.tsv
010518F4-05D5-4C52-91F9-F9C7E70BF809,1,1,d0i6nbejsr2g00bjfjs0,010518f4-05d5-4c52-91f9-f9c7e70bf809,2025-05-14 05:09:44.507000,2025-05-14 05:09:44.507000,2025-05-14 05:09:44.507d0i6nbejsr2g00bjfjs0,d0i6nbejsr2g00bjfjs0,3,,,2025-05-14 06:16:05.970000,2025-05-14 06:37:02.010000,s3://di-diml-silver-prod/d0i6nbejsr2g00bjfjs0/d0i79hjpp0p000a7t280/d0i6nbejsr2g00bjfjs0.tsv
00F7E60F-323B-4DE7-9C48-224BB7FEBC1A,1,1,d0i6nbeqdhp00083v3pg,00f7e60f-323b-4de7-9c48-224bb7febc1a,2025-05-14 05:09:44.507000,2025-05-14 05:09:44.507000,2025-05-14 05:09:44.507d0i6nbeqdhp00083v3pg,d0i6nbeqdhp00083v3pg,3,,,2025-05-14 06:10:51.547000,2025-05-14 06:37:02.010000,s3://di-diml-silver-prod/d0i6nbeqdhp00083v3pg/d0i749mgi0og00auu8ug/d0i6nbeqdhp00083v3pg.tsv
0056D9D8-2B1D-45D0-8CE0-DAFC5F2BC4FD,1,1,d0i6nc79vfn000fg6mk0,0056d9d8-2b1d-45d0-8ce0-dafc5f2bc4fd,2025-05-14 05:09:44.507000,2025-05-14 05:09:44.507000,2025-05-14 05:09:44.507d0i6nc79vfn000fg6mk0,d0i6nc79vfn000fg6mk0,3,,,2025-05-14 06:32:07.410000,2025-05-14 06:41:54.267000,s3://di-diml-silver-prod/d0i6nc79vfn000fg6mk0/d0i7d2eomc2g00ft7mhg/d0i6nc79vfn000fg6mk0.tsv
0081A74E-47E8-4FEB-AA6F-6AB50159C489,1,1,d0i6ncks10rg00ae0pd0,0081a74e-47e8-4feb-aa6f-6ab50159c489,2025-05-14 05:09:44.507000,2025-05-14 05:09:44.507000,2025-05-14 05:09:44.507d0i6ncks10rg00ae0pd0,d0i6ncks10rg00ae0pd0,3,,,2025-05-14 06:32:07.410000,2025-05-14 06:52:13.470000,s3://di-diml-silver-prod/d0i6ncks10rg00ae0pd0/d0i7eijpp0p000a80kb0/d0i6ncks10rg00ae0pd0.tsv
00722032-ABDB-4C8D-BE40-A69BC597420F,1,1,d0i6ncur7j8g00cba1dg,00722032-abdb-4c8d-be40-a69bc597420f,2025-05-14 05:09:44.507000,2025-05-14 05:09:44.507000,2025-05-14 05:09:44.507d0i6ncur7j8g00cba1dg,d0i6ncur7j8g00cba1dg,3,,,2025-05-14 06:32:07.410000,2025-05-14 06:47:06.213000,s3://di-diml-silver-prod/d0i6ncur7j8g00cba1dg/d0i77usaa58000f0hi10/d0i6ncur7j8g00cba1dg.tsv
00ED2E37-EEAF-42EB-AAF3-5D20F82846EF,1,1,d0i6ndacalk0008lesg0,00ed2e37-eeaf-42eb-aaf3-5d20f82846ef,2025-05-14 05:09:44.507000,2025-05-14 05:09:44.507000,2025-05-14 05:09:44.507d0i6ndacalk0008lesg0,d0i6ndacalk0008lesg0,3,,,2025-05-14 06:16:05.970000,2025-05-14 06:37:02.010000,s3://di-diml-silver-prod/d0i6ndacalk0008lesg0/d0i7ailjt2pg00dnm8d0/d0i6ndacalk0008lesg0.tsv
00B998EE-6B03-4176-AACA-9D872379F41A,1,1,d0i6nddpebk000f1fllg,00b998ee-6b03-4176-aaca-9d872379f41a,2025-05-14 05:07:48.917000,2025-05-14 05:07:48.917000,2025-05-14 05:07:48.917d0i6nddpebk000f1fllg,d0i6nddpebk000f1fllg,3,,,2025-05-14 06:32:07.410000,2025-05-14 06:52:13.470000,s3://di-diml-silver-prod/d0i6nddpebk000f1fllg/d0i7c110qf8g00b071ng/d0i6nddpebk000f1fllg.tsv
00EE358B-5381-42CF-B43F-26BE9F784577,1,1,d0i6ndgb12i000aoljeg,00ee358b-5381-42cf-b43f-26be9f784577,2025-05-14 05:09:44.507000,2025-05-14 05:09:44.507000,2025-05-14 05:09:44.507d0i6ndgb12i000aoljeg,d0i6ndgb12i000aoljeg,3,,,2025-05-14 06:37:21.280000,2025-05-14 06:47:06.213000,s3://di-diml-silver-prod/d0i6ndgb12i000aoljeg/d0i7llvo5c2000elouag/d0i6ndgb12i000aoljeg.tsv
00DCF634-F377-45D6-88EF-D27063C82CF2,1,1,d0i6ndmr7j8g00cba38g,00dcf634-f377-45d6-88ef-d27063c82cf2,2025-05-14 05:09:44.507000,2025-05-14 05:09:44.507000,2025-05-14 05:09:44.507d0i6ndmr7j8g00cba38g,d0i6ndmr7j8g00cba38g,3,,,2025-05-14 06:16:05.970000,2025-05-14 06:37:02.010000,s3://di-diml-silver-prod/d0i6ndmr7j8g00cba38g/d0i7aiidvnk000bnc36g/d0i6ndmr7j8g00cba38g.tsv
0110026A-F265-473E-BFE6-356305AEFC21,1,1,d0i6ndps5hl000fbuhvg,0110026a-f265-473e-bfe6-356305aefc21,2025-05-14 05:09:44.507000,2025-05-14 05:09:44.507000,2025-05-14 05:09:44.507d0i6ndps5hl000fbuhvg,d0i6ndps5hl000fbuhvg,3,,,2025-05-14 06:32:07.410000,2025-05-14 06:52:13.470000,s3://di-diml-silver-prod/d0i6ndps5hl000fbuhvg/d0i7bfsmmp3000avo8lg/d0i6ndps5hl000fbuhvg.tsv
00C4ADB6-16DB-4A59-BD56-4DDC9D4F39B7,1,1,d0i6neeo773g00ccrls0,00c4adb6-16db-4a59-bd56-4ddc9d4f39b7,2025-05-14 05:09:44.507000,2025-05-14 05:09:44.507000,2025-05-14 05:09:44.507d0i6neeo773g00ccrls0,d0i6neeo773g00ccrls0,3,,,2025-05-14 06:52:33.337000,2025-05-14 07:12:25.727000,s3://di-diml-silver-prod/d0i6neeo773g00ccrls0/d0i7i1fo5c2000ellv30/d0i6neeo773g00ccrls0.tsv
0099C360-3AEB-4B1E-8F96-518E61265230,1,1,d0i6netlhp0g00aijktg,0099c360-3aeb-4b1e-8f96-518e61265230,2025-05-14 05:07:48.917000,2025-05-14 05:07:48.917000,2025-05-14 05:07:48.917d0i6netlhp0g00aijktg,d0i6netlhp0g00aijktg,3,,,2025-05-14 06:00:36.050000,2025-05-14 06:15:41.887000,s3://di-diml-silver-prod/d0i6netlhp0g00aijktg/d0i775mr7j8g00cbpjr0/d0i6netlhp0g00aijktg.tsv
007FE7CA-EA74-4BA9-9717-431B458956FD,1,1,d0i6nfgsssgg0088o430,007fe7ca-ea74-4ba9-9717-431b458956fd,2025-05-14 05:07:48.917000,2025-05-14 05:07:48.917000,2025-05-14 05:07:48.917d0i6nfgsssgg0088o430,d0i6nfgsssgg0088o430,3,,,2025-05-14 06:47:23.247000,2025-05-14 06:57:13.630000,s3://di-diml-silver-prod/d0i6nfgsssgg0088o430/d0i7jtks10rg00aepjd0/d0i6nfgsssgg0088o430.tsv
008E114C-2DDE-4CD2-A4CF-A2AAE3CF7F1D,1,1,d0i6ng038n7000achkv0,008e114c-2dde-4cd2-a4cf-a2aae3cf7f1d,2025-05-14 05:09:44.507000,2025-05-14 05:09:44.507000,2025-05-14 05:09:44.507d0i6ng038n7000achkv0,d0i6ng038n7000achkv0,3,,,2025-05-14 06:21:33.477000,2025-05-14 06:37:02.010000,s3://di-diml-silver-prod/d0i6ng038n7000achkv0/d0i7dmfo5c2000elj0eg/d0i6ng038n7000achkv0.tsv
0111C231-AC32-4CE3-B8AC-47A97BEA7FE8,1,1,d0i6ng6qdhp00083vfhg,0111c231-ac32-4ce3-b8ac-47a97bea7fe8,2025-05-14 05:09:44.507000,2025-05-14 05:09:44.507000,2025-05-14 05:09:44.507d0i6ng6qdhp00083vfhg,d0i6ng6qdhp00083vfhg,3,,,2025-05-14 06:21:33.477000,2025-05-14 06:37:02.010000,s3://di-diml-silver-prod/d0i6ng6qdhp00083vfhg/d0i7b2eqdhp00084hjdg/d0i6ng6qdhp00083vfhg.tsv
00CBF5C3-84FF-4125-A2EA-E9C0EE193E80,1,1,d0i6ngeqdhp00083vg6g,00cbf5c3-84ff-4125-a2ea-e9c0ee193e80,2025-05-14 05:09:44.507000,2025-05-14 05:09:44.507000,2025-05-14 05:09:44.507d0i6ngeqdhp00083vg6g,d0i6ngeqdhp00083vg6g,3,,,2025-05-14 06:47:23.247000,2025-05-14 06:57:13.630000,s3://di-diml-silver-prod/d0i6ngeqdhp00083vg6g/d0i7kp472f3g00cs60ug/d0i6ngeqdhp00083vg6g.tsv
00006615-2F8C-4772-AF27-472D3F6EE5FF,1,1,d0i6ngpggil000a0tpo0,00006615-2f8c-4772-af27-472d3f6ee5ff,2025-05-14 05:09:44.507000,2025-05-14 05:09:44.507000,2025-05-14 05:09:44.507d0i6ngpggil000a0tpo0,d0i6ngpggil000a0tpo0,3,,,2025-05-14 06:32:07.410000,2025-05-14 06:47:06.213000,s3://di-diml-silver-prod/d0i6ngpggil000a0tpo0/d0i77ubpp0p000a7rsh0/d0i6ngpggil000a0tpo0.tsv
001D8801-3642-403F-8203-761036E17D1A,1,1,d0i6ngpggil000a0tppg,001d8801-3642-403f-8203-761036e17d1a,2025-05-14 05:09:44.507000,2025-05-14 05:09:44.507000,2025-05-14 05:09:44.507d0i6ngpggil000a0tppg,d0i6ngpggil000a0tppg,3,,,2025-05-14 06:16:05.970000,2025-05-14 06:37:02.010000,s3://di-diml-silver-prod/d0i6ngpggil000a0tppg/d0i75c6gi0og00auus70/d0i6ngpggil000a0tppg.tsv
00C1CE0E-E244-41CD-9698-D6327FC6A258,1,1,d0i6nhgsssgg0088o910,00c1ce0e-e244-41cd-9698-d6327fc6a258,2025-05-14 05:07:48.917000,2025-05-14 05:07:48.917000,2025-05-14 05:07:48.917d0i6nhgsssgg0088o910,d0i6nhgsssgg0088o910,3,,,2025-05-14 06:00:36.050000,2025-05-14 06:10:27.760000,s3://di-diml-silver-prod/d0i6nhgsssgg0088o910/d0i75dv9vfn000fgl370/d0i6nhgsssgg0088o910.tsv
0115C97F-936B-4632-A1AA-451B57E18CA1,1,1,d0i6nhqcalk0008lf7pg,0115c97f-936b-4632-a1aa-451b57e18ca1,2025-05-14 05:09:44.507000,2025-05-14 05:09:44.507000,2025-05-14 05:09:44.507d0i6nhqcalk0008lf7pg,d0i6nhqcalk0008lf7pg,3,,,2025-05-14 06:16:05.970000,2025-05-14 06:37:02.010000,s3://di-diml-silver-prod/d0i6nhqcalk0008lf7pg/d0i79cdu3ph000e8cdug/d0i6nhqcalk0008lf7pg.tsv
002E0A7C-620B-4089-98B4-11FB318F4A4D,1,1,d0i6nhsaa58000f01el0,002e0a7c-620b-4089-98b4-11fb318f4a4d,2025-05-14 05:09:44.507000,2025-05-14 05:09:44.507000,2025-05-14 05:09:44.507d0i6nhsaa58000f01el0,d0i6nhsaa58000f01el0,3,,,2025-05-14 06:05:36.750000,2025-05-14 06:15:41.887000,s3://di-diml-silver-prod/d0i6nhsaa58000f01el0/d0i77v472f3g00crshvg/d0i6nhsaa58000f01el0.tsv
0009B9C4-AC22-434A-B593-A94C1D41E0E1,1,1,d0i6ni1ggil000a0tte0,0009b9c4-ac22-434a-b593-a94c1d41e0e1,2025-05-14 05:09:44.507000,2025-05-14 05:09:44.507000,2025-05-14 05:09:44.507d0i6ni1ggil000a0tte0,d0i6ni1ggil000a0tte0,3,,,2025-05-14 05:49:55.220000,2025-05-14 06:10:27.760000,s3://di-diml-silver-prod/d0i6ni1ggil000a0tte0/d0i728ss3cjg0096l7p0/d0i6ni1ggil000a0tte0.tsv
00A8F61B-BC55-4536-8EA1-7A1FD6879E05,1,1,d0i6ni5jt2pg00dn4e40,00a8f61b-bc55-4536-8ea1-7a1fd6879e05,2025-05-14 05:09:44.507000,2025-05-14 05:09:44.507000,2025-05-14 05:09:44.507d0i6ni5jt2pg00dn4e40,d0i6ni5jt2pg00dn4e40,3,,,2025-05-14 06:21:33.477000,2025-05-14 06:37:02.010000,s3://di-diml-silver-prod/d0i6ni5jt2pg00dn4e40/d0i7c1uqdhp00084i9ug/d0i6ni5jt2pg00dn4e40.tsv
00ADAF85-34C1-4E3B-A22C-33FEC796D225,1,1,d0i6nier7j8g00cbafhg,00adaf85-34c1-4e3b-a22c-33fec796d225,2025-05-14 05:09:44.507000,2025-05-14 05:09:44.507000,2025-05-14 05:09:44.507d0i6nier7j8g00cbafhg,d0i6nier7j8g00cbafhg,3,,,2025-05-14 06:52:33.337000,2025-05-14 07:02:23.803000,s3://di-diml-silver-prod/d0i6nier7j8g00cbafhg/d0i7j0smmp3000avtj80/d0i6nier7j8g00cbafhg.tsv
00608157-ABA6-4F8E-8809-CCAA7C719FA7,1,1,d0i6nin9vfn000fg76n0,00608157-aba6-4f8e-8809-ccaa7c719fa7,2025-05-14 05:09:44.507000,2025-05-14 05:09:44.507000,2025-05-14 05:09:44.507d0i6nin9vfn000fg76n0,d0i6nin9vfn000fg76n0,3,,,2025-05-14 06:42:21.903000,2025-05-14 07:02:23.803000,s3://di-diml-silver-prod/d0i6nin9vfn000fg76n0/d0i7ibno5c2000elm62g/d0i6nin9vfn000fg76n0.tsv
00948248-F9E7-4618-8E68-06364CA0D515,1,1,d0i6nino5c2000ekvf40,00948248-f9e7-4618-8e68-06364ca0d515,2025-05-14 05:09:44.507000,2025-05-14 05:09:44.507000,2025-05-14 05:09:44.507d0i6nino5c2000ekvf40,d0i6nino5c2000ekvf40,3,,,2025-05-14 06:05:36.750000,2025-05-14 06:20:57.877000,s3://di-diml-silver-prod/d0i6nino5c2000ekvf40/d0i73cvo5c2000elc2c0/d0i6nino5c2000ekvf40.tsv
0122B968-4861-423B-9EE9-F741F4B3C242,1,1,d0i6nj0b12i000aom1k0,0122b968-4861-423b-9ee9-f741f4b3c242,2025-05-14 05:09:44.507000,2025-05-14 05:09:44.507000,2025-05-14 05:09:44.507d0i6nj0b12i000aom1k0,d0i6nj0b12i000aom1k0,3,,,2025-05-14 06:21:33.477000,2025-05-14 06:37:02.010000,s3://di-diml-silver-prod/d0i6nj0b12i000aom1k0/d0i79pdlhp0g00aj55k0/d0i6nj0b12i000aom1k0.tsv
01120757-D96B-4AAD-A12C-6C5A0E1F6EED,1,1,d0i6njuomc2g00fsjqn0,01120757-d96b-4aad-a12c-6c5a0e1f6eed,2025-05-14 05:09:44.507000,2025-05-14 05:09:44.507000,2025-05-14 05:09:44.507d0i6njuomc2g00fsjqn0,d0i6njuomc2g00fsjqn0,3,,,2025-05-14 06:05:36.750000,2025-05-14 06:20:57.877000,s3://di-diml-silver-prod/d0i6njuomc2g00fsjqn0/d0i74oo38n7000acv34g/d0i6njuomc2g00fsjqn0.tsv
00F8985C-6951-4C43-A90D-F80AD9A5A542,1,1,d0i6nld27ee0009uppqg,00f8985c-6951-4c43-a90d-f80ad9a5a542,2025-05-14 05:09:44.507000,2025-05-14 05:09:44.507000,2025-05-14 05:09:44.507d0i6nld27ee0009uppqg,d0i6nld27ee0009uppqg,3,,,2025-05-14 06:05:36.750000,2025-05-14 06:20:57.877000,s3://di-diml-silver-prod/d0i6nld27ee0009uppqg/d0i782du3ph000e8bgfg/d0i6nld27ee0009uppqg.tsv
006E1862-1EDA-4492-BD2B-342F9620DE28,1,1,d0i6nlhggil000a0u61g,006e1862-1eda-4492-bd2b-342f9620de28,2025-05-14 05:09:44.507000,2025-05-14 05:09:44.507000,2025-05-14 05:09:44.507d0i6nlhggil000a0u61g,d0i6nlhggil000a0u61g,3,,,2025-05-14 06:05:36.750000,2025-05-14 06:37:02.010000,s3://di-diml-silver-prod/d0i6nlhggil000a0u61g/d0i78muo773g00cdcclg/d0i6nlhggil000a0u61g.tsv
0013B674-F42A-4D7D-8ABD-600ADD077C5E,1,1,d0i6nlmqdhp00083vtl0,0013b674-f42a-4d7d-8abd-600add077c5e,2025-05-14 05:09:44.507000,2025-05-14 05:09:44.507000,2025-05-14 05:09:44.507d0i6nlmqdhp00083vtl0,d0i6nlmqdhp00083vtl0,3,,,2025-05-14 06:05:36.750000,2025-05-14 06:15:41.887000,s3://di-diml-silver-prod/d0i6nlmqdhp00083vtl0/d0i75ag38n7000acvd2g/d0i6nlmqdhp00083vtl0.tsv
00D339A5-A581-4AD3-AA2B-66C045F95892,1,1,d0i6nm0b12i000aom93g,00d339a5-a581-4ad3-aa2b-66c045f95892,2025-05-14 05:09:44.507000,2025-05-14 05:09:44.507000,2025-05-14 05:09:44.507d0i6nm0b12i000aom93g,d0i6nm0b12i000aom93g,3,,,2025-05-14 06:16:05.970000,2025-05-14 06:37:02.010000,s3://di-diml-silver-prod/d0i6nm0b12i000aom93g/d0i79bg38n7000ad2810/d0i6nm0b12i000aom93g.tsv
0071D778-988A-4629-92C5-D48C59310B37,1,1,d0i6nm6qdhp00083vusg,0071d778-988a-4629-92c5-d48c59310b37,2025-05-14 05:09:44.507000,2025-05-14 05:09:44.507000,2025-05-14 05:09:44.507d0i6nm6qdhp00083vusg,d0i6nm6qdhp00083vusg,3,,,2025-05-14 06:16:05.970000,2025-05-14 06:37:02.010000,s3://di-diml-silver-prod/d0i6nm6qdhp00083vusg/d0i7d81s5hl000fchu5g/d0i6nm6qdhp00083vusg.tsv
0084467F-FF62-4FB7-92A9-6D8F5247039D,1,1,d0i6nmao7i8g00bh5b3g,0084467f-ff62-4fb7-92a9-6d8f5247039d,2025-05-14 05:09:44.507000,2025-05-14 05:09:44.507000,2025-05-14 05:09:44.507d0i6nmao7i8g00bh5b3g,d0i6nmao7i8g00bh5b3g,3,,,2025-05-14 06:10:51.547000,2025-05-14 06:37:02.010000,s3://di-diml-silver-prod/d0i6nmao7i8g00bh5b3g/d0i7an527ee0009vbci0/d0i6nmao7i8g00bh5b3g.tsv
009AA354-8143-4419-B1DB-6DBA8CB789BB,1,1,d0i6nn472f3g00crdibg,009aa354-8143-4419-b1db-6dba8cb789bb,2025-05-14 05:11:37.033000,2025-05-14 05:11:37.033000,2025-05-14 05:11:37.033d0i6nn472f3g00crdibg,d0i6nn472f3g00crdibg,3,,,2025-05-14 06:42:21.903000,2025-05-14 06:57:13.630000,s3://di-diml-silver-prod/d0i6nn472f3g00crdibg/d0i7f7lpebk000f2533g/d0i6nn472f3g00crdibg.tsv
00B4A4EA-48F2-49D7-8EE3-A8C5BF962022,1,1,d0i6nnegi0og00auhcr0,00b4a4ea-48f2-49d7-8ee3-a8c5bf962022,2025-05-14 05:09:44.507000,2025-05-14 05:09:44.507000,2025-05-14 05:09:44.507d0i6nnegi0og00auhcr0,d0i6nnegi0og00auhcr0,3,,,2025-05-14 06:21:33.477000,2025-05-14 06:37:02.010000,s3://di-diml-silver-prod/d0i6nnegi0og00auhcr0/d0i7dgs72f3g00cs0ihg/d0i6nnegi0og00auhcr0.tsv
00DBA492-59E0-4CC9-A7A5-79A61D41CCF4,1,1,d0i6nnks10rg00ae1ll0,00dba492-59e0-4cc9-a7a5-79a61d41ccf4,2025-05-14 05:09:44.507000,2025-05-14 05:09:44.507000,2025-05-14 05:09:44.507d0i6nnks10rg00ae1ll0,d0i6nnks10rg00ae1ll0,3,,,2025-05-14 05:44:40.610000,2025-05-14 06:00:09.373000,s3://di-diml-silver-prod/d0i6nnks10rg00ae1ll0/d0i7142calk0008lqohg/d0i6nnks10rg00ae1ll0.tsv
00404D0F-3C87-4E9C-AD53-C7B3214863D2,1,1,d0i6nnugi0og00auhe10,00404d0f-3c87-4e9c-ad53-c7b3214863d2,2025-05-14 05:09:44.507000,2025-05-14 05:09:44.507000,2025-05-14 05:09:44.507d0i6nnugi0og00auhe10,d0i6nnugi0og00auhe10,3,,,2025-05-14 06:32:07.410000,2025-05-14 06:47:06.213000,s3://di-diml-silver-prod/d0i6nnugi0og00auhe10/d0i7c74aa58000f0kls0/d0i6nnugi0og00auhe10.tsv
0123E3F7-5429-4294-A9EE-60D7A0F5EFF6,1,1,d0i6no90qf8g00avk5fg,0123e3f7-5429-4294-a9ee-60d7a0f5eff6,2025-05-14 05:09:44.507000,2025-05-14 05:09:44.507000,2025-05-14 05:09:44.507d0i6no90qf8g00avk5fg,d0i6no90qf8g00avk5fg,3,,,2025-05-14 06:16:05.970000,2025-05-14 06:37:02.010000,s3://di-diml-silver-prod/d0i6no90qf8g00avk5fg/d0i7cvcmmp3000avpb3g/d0i6no90qf8g00avk5fg.tsv
00C32A9D-8EF5-47C0-A909-588DD60A834D,1,1,d0i6nocs10rg00ae1nig,00c32a9d-8ef5-47c0-a909-588dd60a834d,2025-05-14 05:09:44.507000,2025-05-14 05:09:44.507000,2025-05-14 05:09:44.507d0i6nocs10rg00ae1nig,d0i6nocs10rg00ae1nig,3,,,2025-05-14 06:21:33.477000,2025-05-14 06:41:54.267000,s3://di-diml-silver-prod/d0i6nocs10rg00ae1nig/d0i7dag38n7000ad55rg/d0i6nocs10rg00ae1nig.tsv
0122904E-5FF1-49A8-BD86-038B10213990,1,1,d0i6noeo773g00ccsf30,0122904e-5ff1-49a8-bd86-038b10213990,2025-05-14 05:09:44.507000,2025-05-14 05:09:44.507000,2025-05-14 05:09:44.507d0i6noeo773g00ccsf30,d0i6noeo773g00ccsf30,3,,,2025-05-14 06:16:05.970000,2025-05-14 06:37:02.010000,s3://di-diml-silver-prod/d0i6noeo773g00ccsf30/d0i7c0er7j8g00cbt3ag/d0i6noeo773g00ccsf30.tsv
000B4B6E-1343-4626-AAF3-0B1A2B06ED7B,1,1,d0i6norpp0p000a7cet0,000b4b6e-1343-4626-aaf3-0b1a2b06ed7b,2025-05-14 05:09:44.507000,2025-05-14 05:09:44.507000,2025-05-14 05:09:44.507d0i6norpp0p000a7cet0,d0i6norpp0p000a7cet0,3,,,2025-05-14 06:21:33.477000,2025-05-14 06:37:02.010000,s3://di-diml-silver-prod/d0i6norpp0p000a7cet0/d0i7e86r7j8g00cbumeg/d0i6norpp0p000a7cet0.tsv
00955DF3-CAB5-462B-BC6F-247B8711EAB6,1,1,d0i6nouo773g00ccsgb0,00955df3-cab5-462b-bc6f-247b8711eab6,2025-05-14 05:09:44.507000,2025-05-14 05:09:44.507000,2025-05-14 05:09:44.507d0i6nouo773g00ccsgb0,d0i6nouo773g00ccsgb0,3,,,2025-05-14 06:32:07.410000,2025-05-14 06:47:06.213000,s3://di-diml-silver-prod/d0i6nouo773g00ccsgb0/d0i7evmomc2g00ft92c0/d0i6nouo773g00ccsgb0.tsv
008A19B6-7125-4BD7-9A7C-32447B4ADFFB,1,1,d0i6nouomc2g00fsk6g0,008a19b6-7125-4bd7-9a7c-32447b4adffb,2025-05-14 05:09:44.507000,2025-05-14 05:09:44.507000,2025-05-14 05:09:44.507d0i6nouomc2g00fsk6g0,d0i6nouomc2g00fsk6g0,3,,,2025-05-14 06:21:33.477000,2025-05-14 06:37:02.010000,s3://di-diml-silver-prod/d0i6nouomc2g00fsk6g0/d0i77bmr7j8g00cbpo00/d0i6nouomc2g00fsk6g0.tsv
009A9CA7-D5DE-4416-A9B3-1DEBAB081A1E,1,1,d0i6np527ee0009uq3o0,009a9ca7-d5de-4416-a9b3-1debab081a1e,2025-05-14 05:09:44.507000,2025-05-14 05:09:44.507000,2025-05-14 05:09:44.507d0i6np527ee0009uq3o0,d0i6np527ee0009uq3o0,3,,,2025-05-14 06:32:07.410000,2025-05-14 06:52:13.470000,s3://di-diml-silver-prod/d0i6np527ee0009uq3o0/d0i7gbmomc2g00fta0t0/d0i6np527ee0009uq3o0.tsv
01321534-E2E5-4760-A673-CDDF565FFACD,1,1,d0i6nplpebk000f1ft4g,01321534-e2e5-4760-a673-cddf565ffacd,2025-05-14 05:09:44.507000,2025-05-14 05:09:44.507000,2025-05-14 05:09:44.507d0i6nplpebk000f1ft4g,d0i6nplpebk000f1ft4g,3,,,2025-05-14 06:00:36.050000,2025-05-14 06:15:41.887000,s3://di-diml-silver-prod/d0i6nplpebk000f1ft4g/d0i78bosssgg00898i20/d0i6nplpebk000f1ft4g.tsv
00F6DDB3-2FF4-4B83-ADB5-D819967C4910,1,1,d0i6npmr7j8g00cbb2lg,00f6ddb3-2ff4-4b83-adb5-d819967c4910,2025-05-14 05:09:44.507000,2025-05-14 05:09:44.507000,2025-05-14 05:09:44.507d0i6npmr7j8g00cbb2lg,d0i6npmr7j8g00cbb2lg,3,,,2025-05-14 06:16:05.970000,2025-05-14 06:37:02.010000,s3://di-diml-silver-prod/d0i6npmr7j8g00cbb2lg/d0i7b7fo5c2000elh7tg/d0i6npmr7j8g00cbb2lg.tsv
01436A4A-1B0E-443B-810D-225215784C05,1,1,d0i6nqjkf5cg00e6tfg0,01436a4a-1b0e-443b-810d-225215784c05,2025-05-14 05:09:44.507000,2025-05-14 05:09:44.507000,2025-05-14 05:09:44.507d0i6nqjkf5cg00e6tfg0,d0i6nqjkf5cg00e6tfg0,3,,,2025-05-14 06:21:33.477000,2025-05-14 06:37:02.010000,s3://di-diml-silver-prod/d0i6nqjkf5cg00e6tfg0/d0i7bfujsr2g00bk2b1g/d0i6nqjkf5cg00e6tfg0.tsv
0061D49F-166B-4ADB-9B26-3017A3F3ECCE,1,1,d0i6nqt27ee0009uq84g,0061d49f-166b-4adb-9b26-3017a3f3ecce,2025-05-14 05:09:44.507000,2025-05-14 05:09:44.507000,2025-05-14 05:09:44.507d0i6nqt27ee0009uq84g,d0i6nqt27ee0009uq84g,3,,,2025-05-14 06:32:07.410000,2025-05-14 06:47:06.213000,s3://di-diml-silver-prod/d0i6nqt27ee0009uq84g/d0i7aeuqdhp00084h610/d0i6nqt27ee0009uq84g.tsv
0072F5C3-CED8-4665-B35D-6C181C072D46,1,1,d0i6nquo773g00ccsm0g,0072f5c3-ced8-4665-b35d-6c181c072d46,2025-05-14 05:09:44.507000,2025-05-14 05:09:44.507000,2025-05-14 05:09:44.507d0i6nquo773g00ccsm0g,d0i6nquo773g00ccsm0g,3,,,2025-05-14 06:05:36.750000,2025-05-14 06:20:57.877000,s3://di-diml-silver-prod/d0i6nquo773g00ccsm0g/d0i769fo5c2000eldni0/d0i6nquo773g00ccsm0g.tsv
0029C423-2A93-432B-9019-059D8C106B85,1,1,d0i6nr4mmp3000av6140,0029c423-2a93-432b-9019-059d8c106b85,2025-05-14 05:09:44.507000,2025-05-14 05:09:44.507000,2025-05-14 05:09:44.507d0i6nr4mmp3000av6140,d0i6nr4mmp3000av6140,3,,,2025-05-14 06:21:33.477000,2025-05-14 06:37:02.010000,s3://di-diml-silver-prod/d0i6nr4mmp3000av6140/d0i7fr472f3g00cs27jg/d0i6nr4mmp3000av6140.tsv
0112946E-BE67-4EE2-81FA-2F75FFBAF1E7,1,1,d0i6nrbkf5cg00e6thbg,0112946e-be67-4ee2-81fa-2f75ffbaf1e7,2025-05-14 05:09:44.507000,2025-05-14 05:09:44.507000,2025-05-14 05:09:44.507d0i6nrbkf5cg00e6thbg,d0i6nrbkf5cg00e6thbg,3,,,2025-05-14 06:21:33.477000,2025-05-14 06:47:06.213000,s3://di-diml-silver-prod/d0i6nrbkf5cg00e6thbg/d0i77ktjt2pg00dnk5e0/d0i6nrbkf5cg00e6thbg.tsv
00E296F2-5B8A-4CE6-95D2-32D72926B7C2,1,1,d0i6nrcs3cjg00968ve0,00e296f2-5b8a-4ce6-95d2-32d72926b7c2,2025-05-14 05:09:44.507000,2025-05-14 05:09:44.507000,2025-05-14 05:09:44.507d0i6nrcs3cjg00968ve0,d0i6nrcs3cjg00968ve0,3,,,2025-05-14 05:49:55.220000,2025-05-14 06:05:11.643000,s3://di-diml-silver-prod/d0i6nrcs3cjg00968ve0/d0i72lmqdhp00084c66g/d0i6nrcs3cjg00968ve0.tsv
00FBF9DE-A34E-4409-B416-EE53C384BE98,1,1,d0i6nrmo773g00ccsnsg,00fbf9de-a34e-4409-b416-ee53c384be98,2025-05-14 05:09:44.507000,2025-05-14 05:09:44.507000,2025-05-14 05:09:44.507d0i6nrmo773g00ccsnsg,d0i6nrmo773g00ccsnsg,3,,,2025-05-14 05:55:12.067000,2025-05-14 06:15:41.887000,s3://di-diml-silver-prod/d0i6nrmo773g00ccsnsg/d0i732ljt2pg00dnhd30/d0i6nrmo773g00ccsnsg.tsv
006E6794-EC71-40FD-99F9-D1A066D592F2,1,1,d0i6nrtjt2pg00dn57dg,006e6794-ec71-40fd-99f9-d1a066d592f2,2025-05-14 05:09:44.507000,2025-05-14 05:09:44.507000,2025-05-14 05:09:44.507d0i6nrtjt2pg00dn57dg,d0i6nrtjt2pg00dn57dg,3,,,2025-05-14 06:16:05.970000,2025-05-14 06:37:02.010000,s3://di-diml-silver-prod/d0i6nrtjt2pg00dn57dg/d0i7b5hs5hl000fcgdsg/d0i6nrtjt2pg00dn57dg.tsv
00B5C2DE-76B3-4BE6-9ADD-B801A3713F30,1,1,d0i6nsljt2pg00dn598g,00b5c2de-76b3-4be6-9add-b801a3713f30,2025-05-14 05:09:44.507000,2025-05-14 05:09:44.507000,2025-05-14 05:09:44.507d0i6nsljt2pg00dn598g,d0i6nsljt2pg00dn598g,3,,,2025-05-14 06:16:05.970000,2025-05-14 06:37:02.010000,s3://di-diml-silver-prod/d0i6nsljt2pg00dn598g/d0i7cdcs3cjg0096rm8g/d0i6nsljt2pg00dn598g.tsv
004A600F-ACB0-466D-8F52-06356B34A04B,1,1,d0i6nstjt2pg00dn59sg,004a600f-acb0-466d-8f52-06356b34a04b,2025-05-14 05:09:44.507000,2025-05-14 05:09:44.507000,2025-05-14 05:09:44.507d0i6nstjt2pg00dn59sg,d0i6nstjt2pg00dn59sg,3,,,2025-05-14 06:21:33.477000,2025-05-14 06:37:02.010000,s3://di-diml-silver-prod/d0i6nstjt2pg00dn59sg/d0i7atujsr2g00bk1u6g/d0i6nstjt2pg00dn59sg.tsv
00FEFAB7-500E-4752-B14A-177CF469AD3C,1,1,d0i6nt472f3g00cre1og,00fefab7-500e-4752-b14a-177cf469ad3c,2025-05-14 05:11:37.033000,2025-05-14 05:11:37.033000,2025-05-14 05:11:37.033d0i6nt472f3g00cre1og,d0i6nt472f3g00cre1og,3,,,2025-05-14 06:42:21.903000,2025-05-14 07:02:23.803000,s3://di-diml-silver-prod/d0i6nt472f3g00cre1og/d0i7itlu3ph000e8jah0/d0i6nt472f3g00cre1og.tsv
00702BE8-E7EB-43D0-8F7F-B9C4C775293F,1,1,d0i6nt4aa58000f02b6g,00702be8-e7eb-43d0-8f7f-b9c4c775293f,2025-05-14 05:09:44.507000,2025-05-14 05:09:44.507000,2025-05-14 05:09:44.507d0i6nt4aa58000f02b6g,d0i6nt4aa58000f02b6g,3,,,2025-05-14 06:05:36.750000,2025-05-14 06:15:41.887000,s3://di-diml-silver-prod/d0i6nt4aa58000f02b6g/d0i773l27ee0009v8q80/d0i6nt4aa58000f02b6g.tsv
01114A0B-89EE-460B-84D7-58CDBE7EB68F,1,1,d0i6nt5pebk000f1g550,01114a0b-89ee-460b-84d7-58cdbe7eb68f,2025-05-14 05:09:44.507000,2025-05-14 05:09:44.507000,2025-05-14 05:09:44.507d0i6nt5pebk000f1g550,d0i6nt5pebk000f1g550,3,,,2025-05-14 06:05:36.750000,2025-05-14 06:37:02.010000,s3://di-diml-silver-prod/d0i6nt5pebk000f1g550/d0i778acalk0008ltus0/d0i6nt5pebk000f1g550.tsv
00BC22F8-9C4F-4B37-9064-33AFEB09DD74,1,1,d0i6ntqdvnk000bmqo9g,00bc22f8-9c4f-4b37-9064-33afeb09dd74,2025-05-14 05:09:44.507000,2025-05-14 05:09:44.507000,2025-05-14 05:09:44.507d0i6ntqdvnk000bmqo9g,d0i6ntqdvnk000bmqo9g,3,,,2025-05-14 06:10:51.547000,2025-05-14 06:37:02.010000,s3://di-diml-silver-prod/d0i6ntqdvnk000bmqo9g/d0i7bhllhp0g00aj6e90/d0i6ntqdvnk000bmqo9g.tsv
00278E89-DD56-44B0-ADCA-E34255804F13,1,1,d0i6nttu3ph000e7ser0,00278e89-dd56-44b0-adca-e34255804f13,2025-05-14 05:11:37.033000,2025-05-14 05:11:37.033000,2025-05-14 05:11:37.033d0i6nttu3ph000e7ser0,d0i6nttu3ph000e7ser0,3,,,2025-05-14 06:57:38.507000,2025-05-14 07:12:25.727000,s3://di-diml-silver-prod/d0i6nttu3ph000e7ser0/d0i7qr038n7000adg4n0/d0i6nttu3ph000e7ser0.tsv
002632D1-DD97-4A3D-8296-35425F7A2DA1,1,1,d0i6nuc72f3g00cre4qg,002632d1-dd97-4a3d-8296-35425f7a2da1,2025-05-14 05:11:37.033000,2025-05-14 05:11:37.033000,2025-05-14 05:11:37.033d0i6nuc72f3g00cre4qg,d0i6nuc72f3g00cre4qg,3,,,2025-05-14 06:10:51.547000,2025-05-14 06:37:02.010000,s3://di-diml-silver-prod/d0i6nuc72f3g00cre4qg/d0i7c6cmmp3000avoong/d0i6nuc72f3g00cre4qg.tsv
00DA35A9-79C7-4D07-B335-6D2D7EC7D5C7,1,1,d0i6nucmmp3000av69o0,00da35a9-79c7-4d07-b335-6d2d7ec7d5c7,2025-05-14 05:09:44.507000,2025-05-14 05:09:44.507000,2025-05-14 05:09:44.507d0i6nucmmp3000av69o0,d0i6nucmmp3000av69o0,3,,,2025-05-14 06:21:33.477000,2025-05-14 06:37:02.010000,s3://di-diml-silver-prod/d0i6nucmmp3000av69o0/d0i7adn9vfn000fgokig/d0i6nucmmp3000av69o0.tsv
0050DECB-EF72-422F-8E24-CCC6065DFB19,1,1,d0i6nullhp0g00aik3n0,0050decb-ef72-422f-8e24-ccc6065dfb19,2025-05-14 05:09:44.507000,2025-05-14 05:09:44.507000,2025-05-14 05:09:44.507d0i6nullhp0g00aik3n0,d0i6nullhp0g00aik3n0,3,,,2025-05-14 06:05:36.750000,2025-05-14 06:15:41.887000,s3://di-diml-silver-prod/d0i6nullhp0g00aik3n0/d0i796n9vfn000fgno50/d0i6nullhp0g00aik3n0.tsv
00C374C0-2FC1-467F-AA40-E7238D77A60B,1,1,d0i6nv10qf8g00avklgg,00c374c0-2fc1-467f-aa40-e7238d77a60b,2025-05-14 05:09:44.507000,2025-05-14 05:09:44.507000,2025-05-14 05:09:44.507d0i6nv10qf8g00avklgg,d0i6nv10qf8g00avklgg,3,,,2025-05-14 06:16:05.970000,2025-05-14 06:37:02.010000,s3://di-diml-silver-prod/d0i6nv10qf8g00avklgg/d0i7bijkf5cg00e7ffv0/d0i6nv10qf8g00avklgg.tsv
006EB14B-8829-4951-ABCB-26E69A655496,1,1,d0i6nv4mmp3000av6bl0,006eb14b-8829-4951-abcb-26e69a655496,2025-05-14 05:09:44.507000,2025-05-14 05:09:44.507000,2025-05-14 05:09:44.507d0i6nv4mmp3000av6bl0,d0i6nv4mmp3000av6bl0,3,,,2025-05-14 06:32:07.410000,2025-05-14 06:47:06.213000,s3://di-diml-silver-prod/d0i6nv4mmp3000av6bl0/d0i7k1cs10rg00aepmg0/d0i6nv4mmp3000av6bl0.tsv
008CAE91-098B-4BC2-8B6B-ABCC023FA51A,1,1,d0i6nvk72f3g00cre8e0,008cae91-098b-4bc2-8b6b-abcc023fa51a,2025-05-14 05:11:37.033000,2025-05-14 05:11:37.033000,2025-05-14 05:11:37.033d0i6nvk72f3g00cre8e0,d0i6nvk72f3g00cre8e0,3,,,2025-05-14 06:16:05.970000,2025-05-14 06:37:02.010000,s3://di-diml-silver-prod/d0i6nvk72f3g00cre8e0/d0i7b06o773g00cde0pg/d0i6nvk72f3g00cre8e0.tsv
00D5D70B-546D-44D1-85F4-36B9CB9CFC8A,1,1,d0i6nvmo773g00cct2f0,00d5d70b-546d-44d1-85f4-36b9cb9cfc8a,2025-05-14 05:09:44.507000,2025-05-14 05:09:44.507000,2025-05-14 05:09:44.507d0i6nvmo773g00cct2f0,d0i6nvmo773g00cct2f0,3,,,2025-05-14 06:05:36.750000,2025-05-14 06:20:57.877000,s3://di-diml-silver-prod/d0i6nvmo773g00cct2f0/d0i7aahs5hl000fcfq9g/d0i6nvmo773g00cct2f0.tsv
00573425-610A-4C28-8577-05C29D53D9AC,1,1,d0i6nvmomc2g00fsknng,00573425-610a-4c28-8577-05c29d53d9ac,2025-05-14 05:09:44.507000,2025-05-14 05:09:44.507000,2025-05-14 05:09:44.507d0i6nvmomc2g00fsknng,d0i6nvmomc2g00fsknng,3,,,2025-05-14 05:55:12.067000,2025-05-14 06:15:41.887000,s3://di-diml-silver-prod/d0i6nvmomc2g00fsknng/d0i74np0qf8g00b01vcg/d0i6nvmomc2g00fsknng.tsv
00F74AB1-51F6-4732-8476-37CE1EB4C8D0,1,1,d0i6nvsmmp3000av6df0,00f74ab1-51f6-4732-8476-37ce1eb4c8d0,2025-05-14 05:09:44.507000,2025-05-14 05:09:44.507000,2025-05-14 05:09:44.507d0i6nvsmmp3000av6df0,d0i6nvsmmp3000av6df0,3,,,2025-05-14 06:32:07.410000,2025-05-14 06:52:13.470000,s3://di-diml-silver-prod/d0i6nvsmmp3000av6df0/d0i7ibgsssgg0089fo10/d0i6nvsmmp3000av6df0.tsv
00CAC3AA-26F7-4758-8C88-8C9F78C93841,1,1,d0i6o0bkf5cg00e6tue0,00cac3aa-26f7-4758-8c88-8c9f78c93841,2025-05-14 05:09:44.507000,2025-05-14 05:09:44.507000,2025-05-14 05:09:44.507d0i6o0bkf5cg00e6tue0,d0i6o0bkf5cg00e6tue0,3,,,2025-05-14 06:32:07.410000,2025-05-14 06:47:06.213000,s3://di-diml-silver-prod/d0i6o0bkf5cg00e6tue0/d0i7b9cclak000dcu7lg/d0i6o0bkf5cg00e6tue0.tsv
0051916C-D59A-4650-B630-2A304C1EE533,1,1,d0i6o0eo773g00cct4ag,0051916c-d59a-4650-b630-2a304c1ee533,2025-05-14 05:09:44.507000,2025-05-14 05:09:44.507000,2025-05-14 05:09:44.507d0i6o0eo773g00cct4ag,d0i6o0eo773g00cct4ag,3,,,2025-05-14 06:10:51.547000,2025-05-14 06:37:02.010000,s3://di-diml-silver-prod/d0i6o0eo773g00cct4ag/d0i7bihggil000a1g6m0/d0i6o0eo773g00cct4ag.tsv
00952AB4-8BEC-4BDB-A915-D1A119A96A59,1,1,d0i6o1lpebk000f1gg8g,00952ab4-8bec-4bdb-a915-d1a119a96a59,2025-05-14 05:09:44.507000,2025-05-14 05:09:44.507000,2025-05-14 05:09:44.507d0i6o1lpebk000f1gg8g,d0i6o1lpebk000f1gg8g,3,,,2025-05-14 06:05:36.750000,2025-05-14 06:15:41.887000,s3://di-diml-silver-prod/d0i6o1lpebk000f1gg8g/d0i79lbkf5cg00e7e32g/d0i6o1lpebk000f1gg8g.tsv
010A5153-E510-471D-BD0B-C84F5431F67B,1,1,d0i6o1osssgg0088opqg,010a5153-e510-471d-bd0b-c84f5431f67b,2025-05-14 05:09:44.507000,2025-05-14 05:09:44.507000,2025-05-14 05:09:44.507d0i6o1osssgg0088opqg,d0i6o1osssgg0088opqg,3,,,2025-05-14 06:16:05.970000,2025-05-14 06:37:02.010000,s3://di-diml-silver-prod/d0i6o1osssgg0088opqg/d0i7ct6o773g00cdfd80/d0i6o1osssgg0088opqg.tsv
00DB6368-763B-4840-9167-C631FE963BB0,1,1,d0i6o1s72f3g00credvg,00db6368-763b-4840-9167-c631fe963bb0,2025-05-14 05:11:37.033000,2025-05-14 05:11:37.033000,2025-05-14 05:11:37.033d0i6o1s72f3g00credvg,d0i6o1s72f3g00credvg,3,,,2025-05-14 06:21:33.477000,2025-05-14 06:37:02.010000,s3://di-diml-silver-prod/d0i6o1s72f3g00credvg/d0i7ebl27ee0009vdvdg/d0i6o1s72f3g00credvg.tsv
001D1E47-1D5C-44ED-BB6D-33BB42BD8D6B,1,1,d0i6o2c72f3g00cref40,001d1e47-1d5c-44ed-bb6d-33bb42bd8d6b,2025-05-14 05:11:37.033000,2025-05-14 05:11:37.033000,2025-05-14 05:11:37.033d0i6o2c72f3g00cref40,d0i6o2c72f3g00cref40,3,,,2025-05-14 06:10:51.547000,2025-05-14 06:37:02.010000,s3://di-diml-silver-prod/d0i6o2c72f3g00cref40/d0i79dicalk0008lvit0/d0i6o2c72f3g00cref40.tsv
002A7987-23C9-4FB6-AB12-33ED09F01942,1,1,d0i6o3du3ph000e7st0g,002a7987-23c9-4fb6-ab12-33ed09f01942,2025-05-14 05:11:37.033000,2025-05-14 05:11:37.033000,2025-05-14 05:11:37.033d0i6o3du3ph000e7st0g,d0i6o3du3ph000e7st0g,3,,,2025-05-14 06:00:36.050000,2025-05-14 06:10:27.760000,s3://di-diml-silver-prod/d0i6o3du3ph000e7st0g/d0i79n6jsr2g00bk12gg/d0i6o3du3ph000e7st0g.tsv
00CD90C4-CD2D-46E3-9210-D1B86D0D9ADF,1,1,d0i6o3h0qf8g00avl190,00cd90c4-cd2d-46e3-9210-d1b86d0d9adf,2025-05-14 05:09:44.507000,2025-05-14 05:09:44.507000,2025-05-14 05:09:44.507d0i6o3h0qf8g00avl190,d0i6o3h0qf8g00avl190,3,,,2025-05-14 06:42:21.903000,2025-05-14 06:57:13.630000,s3://di-diml-silver-prod/d0i6o3h0qf8g00avl190/d0i7ndp0qf8g00b0fnvg/d0i6o3h0qf8g00avl190.tsv
01170915-FC55-4089-A07C-F4A39A649BB4,1,1,d0i6o490qf8g00avl33g,01170915-fc55-4089-a07c-f4a39a649bb4,2025-05-14 05:09:44.507000,2025-05-14 05:09:44.507000,2025-05-14 05:09:44.507d0i6o490qf8g00avl33g,d0i6o490qf8g00avl33g,3,,,2025-05-14 06:21:33.477000,2025-05-14 06:37:02.010000,s3://di-diml-silver-prod/d0i6o490qf8g00avl33g/d0i7ftdjt2pg00dnq2dg/d0i6o490qf8g00avl33g.tsv
011FF7B0-C7D6-431F-B180-B90052FC1D99,1,1,d0i6o58sssgg0088p330,011ff7b0-c7d6-431f-b180-b90052fc1d99,2025-05-14 05:09:44.507000,2025-05-14 05:09:44.507000,2025-05-14 05:09:44.507d0i6o58sssgg0088p330,d0i6o58sssgg0088p330,3,,,2025-05-14 06:21:33.477000,2025-05-14 06:37:02.010000,s3://di-diml-silver-prod/d0i6o58sssgg0088p330/d0i7eqmomc2g00ft8ug0/d0i6o58sssgg0088p330.tsv
001689E2-182D-4973-867E-21CE42CABCF2,1,1,d0i6o5o38n7000aciljg,001689e2-182d-4973-867e-21ce42cabcf2,2025-05-14 05:11:37.033000,2025-05-14 05:11:37.033000,2025-05-14 05:11:37.033d0i6o5o38n7000aciljg,d0i6o5o38n7000aciljg,3,,,2025-05-14 06:00:36.050000,2025-05-14 06:20:57.877000,s3://di-diml-silver-prod/d0i6o5o38n7000aciljg/d0i792eo773g00cdcl8g/d0i6o5o38n7000aciljg.tsv
008D8C91-BF1E-4380-933F-7342C23037DF,1,1,d0i6o5p0qf8g00avl7h0,008d8c91-bf1e-4380-933f-7342c23037df,2025-05-14 05:09:44.507000,2025-05-14 05:09:44.507000,2025-05-14 05:09:44.507d0i6o5p0qf8g00avl7h0,d0i6o5p0qf8g00avl7h0,3,,,2025-05-14 06:32:07.410000,2025-05-14 06:52:13.470000,s3://di-diml-silver-prod/d0i6o5p0qf8g00avl7h0/d0i7iagsssgg0089fn4g/d0i6o5p0qf8g00avl7h0.tsv
013F50B0-2DF7-46BF-8601-AC9766F07942,1,1,d0i6o60sssgg0088p4t0,013f50b0-2df7-46bf-8601-ac9766f07942,2025-05-14 05:09:44.507000,2025-05-14 05:09:44.507000,2025-05-14 05:09:44.507d0i6o60sssgg0088p4t0,d0i6o60sssgg0088p4t0,3,,,2025-05-14 06:10:51.547000,2025-05-14 06:37:02.010000,s3://di-diml-silver-prod/d0i6o60sssgg0088p4t0/d0i7ar6omc2g00ft61b0/d0i6o60sssgg0088p4t0.tsv
009FAFC3-A7F2-44EE-85DF-F1E1C7524A41,1,1,d0i6o6gsssgg0088p64g,009fafc3-a7f2-44ee-85df-f1e1c7524a41,2025-05-14 05:09:44.507000,2025-05-14 05:09:44.507000,2025-05-14 05:09:44.507d0i6o6gsssgg0088p64g,d0i6o6gsssgg0088p64g,3,,,2025-05-14 06:00:36.050000,2025-05-14 06:10:27.760000,s3://di-diml-silver-prod/d0i6o6gsssgg0088p64g/d0i78hno5c2000elfcv0/d0i6o6gsssgg0088p64g.tsv
01418D00-8F21-4D76-86FF-F5CC946E8A51,1,1,d0i6o7er7j8g00cbbf2g,01418d00-8f21-4d76-86ff-f5cc946e8a51,2025-05-14 05:11:37.033000,2025-05-14 05:11:37.033000,2025-05-14 05:11:37.033d0i6o7er7j8g00cbbf2g,d0i6o7er7j8g00cbbf2g,3,,,2025-05-14 06:16:05.970000,2025-05-14 06:37:02.010000,s3://di-diml-silver-prod/d0i6o7er7j8g00cbbf2g/d0i7f2jpp0p000a80vl0/d0i6o7er7j8g00cbbf2g.tsv
00962A37-CA8D-4B27-A54B-7E0F134259A3,1,1,d0i6o7p0qf8g00avlcgg,00962a37-ca8d-4b27-a54b-7e0f134259a3,2025-05-14 05:09:44.507000,2025-05-14 05:09:44.507000,2025-05-14 05:09:44.507d0i6o7p0qf8g00avlcgg,d0i6o7p0qf8g00avlcgg,3,,,2025-05-14 06:05:36.750000,2025-05-14 06:15:41.887000,s3://di-diml-silver-prod/d0i6o7p0qf8g00avlcgg/d0i75uqo7i8g00bhjrb0/d0i6o7p0qf8g00avlcgg.tsv
0132E0AD-810E-4B3D-8D4A-4296D3C8EC98,1,1,d0i6o7pggil000a0uu70,0132e0ad-810e-4b3d-8d4a-4296d3c8ec98,2025-05-14 05:11:37.033000,2025-05-14 05:11:37.033000,2025-05-14 05:11:37.033d0i6o7pggil000a0uu70,d0i6o7pggil000a0uu70,3,,,2025-05-14 06:16:05.970000,2025-05-14 06:37:02.010000,s3://di-diml-silver-prod/d0i6o7pggil000a0uu70/d0i7ekosssgg0089d4c0/d0i6o7pggil000a0uu70.tsv
00B966E4-D239-4090-AD9A-D5C565CDCE18,1,1,d0i6o86jsr2g00bjh6e0,00b966e4-d239-4090-ad9a-d5c565cdce18,2025-05-14 05:11:37.033000,2025-05-14 05:11:37.033000,2025-05-14 05:11:37.033d0i6o86jsr2g00bjh6e0,d0i6o86jsr2g00bjh6e0,3,,,2025-05-14 06:32:07.410000,2025-05-14 06:52:13.470000,s3://di-diml-silver-prod/d0i6o86jsr2g00bjh6e0/d0i7hj79vfn000fgtn9g/d0i6o86jsr2g00bjh6e0.tsv
00CABC0A-C168-441A-9DC8-5A4A6CEF49A8,1,1,d0i6o8mgi0og00aui2fg,00cabc0a-c168-441a-9dc8-5a4a6cef49a8,2025-05-14 05:11:37.033000,2025-05-14 05:11:37.033000,2025-05-14 05:11:37.033d0i6o8mgi0og00aui2fg,d0i6o8mgi0og00aui2fg,3,,,2025-05-14 06:21:33.477000,2025-05-14 06:41:54.267000,s3://di-diml-silver-prod/d0i6o8mgi0og00aui2fg/d0i7h2ks3cjg0096uv7g/d0i6o8mgi0og00aui2fg.tsv
002E61F7-2066-4E80-94CC-622663ECDB0C,1,1,d0i6o8mjsr2g00bjh7mg,002e61f7-2066-4e80-94cc-622663ecdb0c,2025-05-14 05:11:37.033000,2025-05-14 05:11:37.033000,2025-05-14 05:11:37.033d0i6o8mjsr2g00bjh7mg,d0i6o8mjsr2g00bjh7mg,3,,,2025-05-14 06:10:51.547000,2025-05-14 06:37:02.010000,s3://di-diml-silver-prod/d0i6o8mjsr2g00bjh7mg/d0i7b8eo773g00cde6rg/d0i6o8mjsr2g00bjh7mg.tsv
00B39693-C875-4C19-BDF7-8EE7820777E5,1,1,d0i6o90b12i000aon2ng,00b39693-c875-4c19-bdf7-8ee7820777e5,2025-05-14 05:11:37.033000,2025-05-14 05:11:37.033000,2025-05-14 05:11:37.033d0i6o90b12i000aon2ng,d0i6o90b12i000aon2ng,3,,,2025-05-14 06:16:05.970000,2025-05-14 06:37:02.010000,s3://di-diml-silver-prod/d0i6o90b12i000aon2ng/d0i7fm2o7i8g00bhqns0/d0i6o90b12i000aon2ng.tsv
00CF217A-9BA5-409F-8E58-97BC14B32D3B,1,1,d0i6o9hs5hl000fc01gg,00cf217a-9ba5-409f-8e58-97bc14b32d3b,2025-05-14 05:11:37.033000,2025-05-14 05:11:37.033000,2025-05-14 05:11:37.033d0i6o9hs5hl000fc01gg,d0i6o9hs5hl000fc01gg,3,,,2025-05-14 05:49:55.220000,2025-05-14 06:10:27.760000,s3://di-diml-silver-prod/d0i6o9hs5hl000fc01gg/d0i736ks10rg00aee0ug/d0i6o9hs5hl000fc01gg.tsv
01312232-4B24-4DE8-9D01-216D329F32F6,1,1,d0i6o9mo773g00cct5hg,01312232-4b24-4de8-9d01-216d329f32f6,2025-05-14 05:11:37.033000,2025-05-14 05:11:37.033000,2025-05-14 05:11:37.033d0i6o9mo773g00cct5hg,d0i6o9mo773g00cct5hg,3,,,2025-05-14 06:10:51.547000,2025-05-14 06:37:02.010000,s3://di-diml-silver-prod/d0i6o9mo773g00cct5hg/d0i7bc2calk0008m102g/d0i6o9mo773g00cct5hg.tsv
0017A23B-C288-414D-9EF0-3B53C69B896F,1,1,d0i6oa6qdhp000840qk0,0017a23b-c288-414d-9ef0-3b53c69b896f,2025-05-14 05:11:37.033000,2025-05-14 05:11:37.033000,2025-05-14 05:11:37.033d0i6oa6qdhp000840qk0,d0i6oa6qdhp000840qk0,3,,,2025-05-14 06:16:05.970000,2025-05-14 06:37:02.010000,s3://di-diml-silver-prod/d0i6oa6qdhp000840qk0/d0i7c56omc2g00ft70l0/d0i6oa6qdhp000840qk0.tsv
005A207C-2727-481B-B5F0-3B74CFF9BA21,1,1,d0i6obuo773g00cctah0,005a207c-2727-481b-b5f0-3b74cff9ba21,2025-05-14 05:11:37.033000,2025-05-14 05:11:37.033000,2025-05-14 05:11:37.033d0i6obuo773g00cctah0,d0i6obuo773g00cctah0,3,,,2025-05-14 05:49:55.220000,2025-05-14 06:00:09.373000,s3://di-diml-silver-prod/d0i6obuo773g00cctah0/d0i72hn9vfn000fgjo2g/d0i6obuo773g00cctah0.tsv
00862B25-84C9-4B9B-81A6-2D76591F1489,1,1,d0i6ocicalk0008lglu0,00862b25-84c9-4b9b-81a6-2d76591f1489,2025-05-14 05:11:37.033000,2025-05-14 05:11:37.033000,2025-05-14 05:11:37.033d0i6ocicalk0008lglu0,d0i6ocicalk0008lglu0,3,,,2025-05-14 06:16:05.970000,2025-05-14 06:37:02.010000,s3://di-diml-silver-prod/d0i6ocicalk0008lglu0/d0i7f8idvnk000bnfffg/d0i6ocicalk0008lglu0.tsv
00E11817-3988-4438-9023-B7A0AE5B2258,1,1,d0i6ocmr7j8g00cbbrq0,00e11817-3988-4438-9023-b7a0ae5b2258,2025-05-14 05:11:37.033000,2025-05-14 05:11:37.033000,2025-05-14 05:11:37.033d0i6ocmr7j8g00cbbrq0,d0i6ocmr7j8g00cbbrq0,3,,,2025-05-14 06:21:33.477000,2025-05-14 06:37:02.010000,s3://di-diml-silver-prod/d0i6ocmr7j8g00cbbrq0/d0i7cdicalk0008m1p60/d0i6ocmr7j8g00cbbrq0.tsv
000A6EB8-EF1F-4BA9-9634-FE7FD4630CE0,1,1,d0i6od038n7000acj8kg,000a6eb8-ef1f-4ba9-9634-fe7fd4630ce0,2025-05-14 05:11:37.033000,2025-05-14 05:11:37.033000,2025-05-14 05:11:37.033d0i6od038n7000acj8kg,d0i6od038n7000acj8kg,3,,,2025-05-14 06:10:51.547000,2025-05-14 06:20:57.877000,s3://di-diml-silver-prod/d0i6od038n7000acj8kg/d0i7cuvo5c2000elig9g/d0i6od038n7000acj8kg.tsv
00D1D02E-A9C1-4F3C-8A5E-5DA79A06097E,1,1,d0i6od3pp0p000a7dc1g,00d1d02e-a9c1-4f3c-8a5e-5da79a06097e,2025-05-14 05:11:37.033000,2025-05-14 05:11:37.033000,2025-05-14 05:11:37.033d0i6od3pp0p000a7dc1g,d0i6od3pp0p000a7dc1g,3,,,2025-05-14 06:32:07.410000,2025-05-14 06:47:06.213000,s3://di-diml-silver-prod/d0i6od3pp0p000a7dc1g/d0i7gr472f3g00cs2tr0/d0i6od3pp0p000a7dc1g.tsv
00AFC1C7-5FAC-4A3A-AEF8-7516F9C51FEE,1,1,d0i6od527ee0009uqvjg,00afc1c7-5fac-4a3a-aef8-7516f9c51fee,2025-05-14 05:11:37.033000,2025-05-14 05:11:37.033000,2025-05-14 05:11:37.033d0i6od527ee0009uqvjg,d0i6od527ee0009uqvjg,3,,,2025-05-14 06:21:33.477000,2025-05-14 06:41:54.267000,s3://di-diml-silver-prod/d0i6od527ee0009uqvjg/d0i7goc72f3g00cs2rvg/d0i6od527ee0009uqvjg.tsv
001AACAE-F38C-4F13-9CA8-D3CC7B5ACB3E,1,1,d0i6od5lhp0g00ail9f0,001aacae-f38c-4f13-9ca8-d3cc7b5acb3e,2025-05-14 05:09:44.507000,2025-05-14 05:09:44.507000,2025-05-14 05:09:44.507d0i6od5lhp0g00ail9f0,d0i6od5lhp0g00ail9f0,3,,,2025-05-14 05:49:55.220000,2025-05-14 06:05:11.643000,s3://di-diml-silver-prod/d0i6od5lhp0g00ail9f0/d0i73u9ggil000a1avug/d0i6od5lhp0g00ail9f0.tsv
00B50512-F5F0-4EF8-8545-589B3F2FFB9A,1,1,d0i6odd27ee0009ur06g,00b50512-f5f0-4ef8-8545-589b3f2ffb9a,2025-05-14 05:11:37.033000,2025-05-14 05:11:37.033000,2025-05-14 05:11:37.033d0i6odd27ee0009ur06g,d0i6odd27ee0009ur06g,3,,,2025-05-14 06:37:21.280000,2025-05-14 06:52:13.470000,s3://di-diml-silver-prod/d0i6odd27ee0009ur06g/d0i7kpllhp0g00ajd3j0/d0i6odd27ee0009ur06g.tsv
0117B998-5CB6-442E-8559-E37B02408905,1,1,d0i6odejsr2g00bjhk1g,0117b998-5cb6-442e-8559-e37b02408905,2025-05-14 05:11:37.033000,2025-05-14 05:11:37.033000,2025-05-14 05:11:37.033d0i6odejsr2g00bjhk1g,d0i6odejsr2g00bjhk1g,3,,,2025-05-14 06:32:07.410000,2025-05-14 06:47:06.213000,s3://di-diml-silver-prod/d0i6odejsr2g00bjhk1g/d0i7jn7o5c2000eln7eg/d0i6odejsr2g00bjhk1g.tsv
00D8410C-74B8-4FB6-9F96-0657DCF51B51,1,1,d0i6odfo5c2000el0s0g,00d8410c-74b8-4fb6-9f96-0657dcf51b51,2025-05-14 05:11:37.033000,2025-05-14 05:11:37.033000,2025-05-14 05:11:37.033d0i6odfo5c2000el0s0g,d0i6odfo5c2000el0s0g,3,,,2025-05-14 06:10:51.547000,2025-05-14 06:20:57.877000,s3://di-diml-silver-prod/d0i6odfo5c2000el0s0g/d0i7d66omc2g00ft7pig/d0i6odfo5c2000el0s0g.tsv
00022C02-3DCD-43A7-9D33-D3D14D14BAC5,1,1,d0i6oetjt2pg00dn60h0,00022c02-3dcd-43a7-9d33-d3d14d14bac5,2025-05-14 05:11:37.033000,2025-05-14 05:11:37.033000,2025-05-14 05:11:37.033d0i6oetjt2pg00dn60h0,d0i6oetjt2pg00dn60h0,3,,,2025-05-14 06:16:05.970000,2025-05-14 06:37:02.010000,s3://di-diml-silver-prod/d0i6oetjt2pg00dn60h0/d0i7dp8sssgg0089che0/d0i6oetjt2pg00dn60h0.tsv
01210B33-0C96-4020-9E11-1A58DB52A4FF,1,1,d0i6oeujsr2g00bjhnpg,01210b33-0c96-4020-9e11-1a58db52a4ff,2025-05-14 05:11:37.033000,2025-05-14 05:11:37.033000,2025-05-14 05:11:37.033d0i6oeujsr2g00bjhnpg,d0i6oeujsr2g00bjhnpg,3,,,2025-05-14 06:37:21.280000,2025-05-14 06:52:13.470000,s3://di-diml-silver-prod/d0i6oeujsr2g00bjhnpg/d0i7ofhs5hl000fcqqrg/d0i6oeujsr2g00bjhnpg.tsv
00E169E8-9DCB-456D-BB45-0EC8BE191C15,1,1,d0i6of3kf5cg00e6ud7g,00e169e8-9dcb-456d-bb45-0ec8be191c15,2025-05-14 05:11:37.033000,2025-05-14 05:11:37.033000,2025-05-14 05:11:37.033d0i6of3kf5cg00e6ud7g,d0i6of3kf5cg00e6ud7g,3,,,2025-05-14 06:32:07.410000,2025-05-14 06:52:13.470000,s3://di-diml-silver-prod/d0i6of3kf5cg00e6ud7g/d0i7nvkaa58000f0tpm0/d0i6of3kf5cg00e6ud7g.tsv
0063E697-785B-40D7-97E4-2FDED0ED22D1,1,1,d0i6of6o773g00ccticg,0063e697-785b-40d7-97e4-2fded0ed22d1,2025-05-14 05:11:37.033000,2025-05-14 05:11:37.033000,2025-05-14 05:11:37.033d0i6of6o773g00ccticg,d0i6of6o773g00ccticg,3,,,2025-05-14 06:21:33.477000,2025-05-14 06:37:02.010000,s3://di-diml-silver-prod/d0i6of6o773g00ccticg/d0i7l290qf8g00b0dofg/d0i6of6o773g00ccticg.tsv
009E1A6E-1097-4DE3-B4DC-C7382B31852B,1,1,d0i6ofcclak000dcdgh0,009e1a6e-1097-4de3-b4dc-c7382b31852b,2025-05-14 05:11:37.033000,2025-05-14 05:11:37.033000,2025-05-14 05:11:37.033d0i6ofcclak000dcdgh0,d0i6ofcclak000dcdgh0,3,,,2025-05-14 06:10:51.547000,2025-05-14 06:37:02.010000,s3://di-diml-silver-prod/d0i6ofcclak000dcdgh0/d0i7andjt2pg00dnmbq0/d0i6ofcclak000dcdgh0.tsv
005539C7-B5B7-42B7-A480-5510619B0EFA,1,1,d0i6ofrkf5cg00e6uf40,005539c7-b5b7-42b7-a480-5510619b0efa,2025-05-14 05:11:37.033000,2025-05-14 05:11:37.033000,2025-05-14 05:11:37.033d0i6ofrkf5cg00e6uf40,d0i6ofrkf5cg00e6uf40,3,,,2025-05-14 06:21:33.477000,2025-05-14 06:37:02.010000,s3://di-diml-silver-prod/d0i6ofrkf5cg00e6uf40/d0i7hjmgi0og00av7d00/d0i6ofrkf5cg00e6uf40.tsv
00B5090D-0EA3-4D90-9BBA-9349DE36BC99,1,1,d0i6og3pp0p000a7djtg,00b5090d-0ea3-4d90-9bba-9349de36bc99,2025-05-14 05:11:37.033000,2025-05-14 05:11:37.033000,2025-05-14 05:11:37.033d0i6og3pp0p000a7djtg,d0i6og3pp0p000a7djtg,3,,,2025-05-14 06:00:36.050000,2025-05-14 06:15:41.887000,s3://di-diml-silver-prod/d0i6og3pp0p000a7djtg/d0i7955pebk000f20p00/d0i6og3pp0p000a7djtg.tsv
01160AA1-8CD1-4D36-8F81-A51B4211E476,1,1,d0i6ogss10rg00ae2vng,01160aa1-8cd1-4d36-8f81-a51b4211e476,2025-05-14 05:11:37.033000,2025-05-14 05:11:37.033000,2025-05-14 05:11:37.033d0i6ogss10rg00ae2vng,d0i6ogss10rg00ae2vng,3,,,2025-05-14 06:42:21.903000,2025-05-14 06:57:13.630000,s3://di-diml-silver-prod/d0i6ogss10rg00ae2vng/d0i7nrjkf5cg00e7otn0/d0i6ogss10rg00ae2vng.tsv
005697C7-F350-44AA-89C4-96206C75AFC7,1,1,d0i6ohjkf5cg00e6ujag,005697c7-f350-44aa-89c4-96206c75afc7,2025-05-14 05:11:37.033000,2025-05-14 05:11:37.033000,2025-05-14 05:11:37.033d0i6ohjkf5cg00e6ujag,d0i6ohjkf5cg00e6ujag,3,,,2025-05-14 06:52:33.337000,2025-05-14 07:02:23.803000,s3://di-diml-silver-prod/d0i6ohjkf5cg00e6ujag/d0i7vq6qdhp000852550/d0i6ohjkf5cg00e6ujag.tsv
00290C3D-E7C3-4085-A17B-2377FBFDE04A,1,1,d0i6oi038n7000acjlcg,00290c3d-e7c3-4085-a17b-2377fbfde04a,2025-05-14 05:11:37.033000,2025-05-14 05:11:37.033000,2025-05-14 05:11:37.033d0i6oi038n7000acjlcg,d0i6oi038n7000acjlcg,3,,,2025-05-14 06:32:07.410000,2025-05-14 06:47:06.213000,s3://di-diml-silver-prod/d0i6oi038n7000acjlcg/d0i7mrkclak000dd72hg/d0i6oi038n7000acjlcg.tsv
01186F5F-4B18-4661-AB75-101C0AAC7DFD,1,1,d0i6oi038n7000acjld0,01186f5f-4b18-4661-ab75-101c0aac7dfd,2025-05-14 05:11:37.033000,2025-05-14 05:11:37.033000,2025-05-14 05:11:37.033d0i6oi038n7000acjld0,d0i6oi038n7000acjld0,3,,,2025-05-14 06:21:33.477000,2025-05-14 06:37:02.010000,s3://di-diml-silver-prod/d0i6oi038n7000acjld0/d0i7f4s72f3g00cs1o40/d0i6oi038n7000acjld0.tsv
006E2BA8-907F-4CC1-A7A4-1CCD475B865D,1,1,d0i6oi6r7j8g00cbca2g,006e2ba8-907f-4cc1-a7a4-1ccd475b865d,2025-05-14 05:11:37.033000,2025-05-14 05:11:37.033000,2025-05-14 05:11:37.033d0i6oi6r7j8g00cbca2g,d0i6oi6r7j8g00cbca2g,3,,,2025-05-14 06:21:33.477000,2025-05-14 06:37:02.010000,s3://di-diml-silver-prod/d0i6oi6r7j8g00cbca2g/d0i7e6vo5c2000eljc3g/d0i6oi6r7j8g00cbca2g.tsv
0094D54C-0696-4E8C-B264-BCDDC2BBDB4B,1,1,d0i6oiks3cjg0096a3t0,0094d54c-0696-4e8c-b264-bcddc2bbdb4b,2025-05-14 05:11:37.033000,2025-05-14 05:11:37.033000,2025-05-14 05:11:37.033d0i6oiks3cjg0096a3t0,d0i6oiks3cjg0096a3t0,3,,,2025-05-14 06:05:36.750000,2025-05-14 06:15:41.887000,s3://di-diml-silver-prod/d0i6oiks3cjg0096a3t0/d0i78geqdhp00084fojg/d0i6oiks3cjg0096a3t0.tsv
0084F315-AA93-4E40-A973-5826F0129531,1,1,d0i6oiqo7i8g00bh6sh0,0084f315-aa93-4e40-a973-5826f0129531,2025-05-14 05:11:37.033000,2025-05-14 05:11:37.033000,2025-05-14 05:11:37.033d0i6oiqo7i8g00bh6sh0,d0i6oiqo7i8g00bh6sh0,3,,,2025-05-14 06:32:07.410000,2025-05-14 06:47:06.213000,s3://di-diml-silver-prod/d0i6oiqo7i8g00bh6sh0/d0i7frdpebk000f25gkg/d0i6oiqo7i8g00bh6sh0.tsv
0011E875-0FDD-42C3-91AF-9088D266E2EE,1,1,d0i6ojao7i8g00bh6ubg,0011e875-0fdd-42c3-91af-9088d266e2ee,2025-05-14 05:11:37.033000,2025-05-14 05:11:37.033000,2025-05-14 05:11:37.033d0i6ojao7i8g00bh6ubg,d0i6ojao7i8g00bh6ubg,3,,,2025-05-14 06:16:05.970000,2025-05-14 06:37:02.010000,s3://di-diml-silver-prod/d0i6ojao7i8g00bh6ubg/d0i7fsd27ee0009vf0k0/d0i6ojao7i8g00bh6ubg.tsv
002EB0DB-79BC-4FE2-80C5-F6A486CA88F3,1,1,d0i6ojjkf5cg00e6uoq0,002eb0db-79bc-4fe2-80c5-f6a486ca88f3,2025-05-14 05:11:37.033000,2025-05-14 05:11:37.033000,2025-05-14 05:11:37.033d0i6ojjkf5cg00e6uoq0,d0i6ojjkf5cg00e6uoq0,3,,,2025-05-14 06:37:21.280000,2025-05-14 06:57:13.630000,s3://di-diml-silver-prod/d0i6ojjkf5cg00e6uoq0/d0i7lmsclak000dd5v40/d0i6ojjkf5cg00e6uoq0.tsv
00B8B74E-F114-452D-B0B1-4A1B1C985146,1,1,d0i6ojkclak000dcdrj0,00b8b74e-f114-452d-b0b1-4a1b1c985146,2025-05-14 05:11:37.033000,2025-05-14 05:11:37.033000,2025-05-14 05:11:37.033d0i6ojkclak000dcdrj0,d0i6ojkclak000dcdrj0,3,,,2025-05-14 06:32:07.410000,2025-05-14 06:47:06.213000,s3://di-diml-silver-prod/d0i6ojkclak000dcdrj0/d0i7nuqdvnk000bnm9q0/d0i6ojkclak000dcdrj0.tsv
0111EF98-6DE6-4F3F-931C-ACD1C3F41753,1,1,d0i6ojmomc2g00fslk50,0111ef98-6de6-4f3f-931c-acd1c3f41753,2025-05-14 05:11:37.033000,2025-05-14 05:11:37.033000,2025-05-14 05:11:37.033d0i6ojmomc2g00fslk50,d0i6ojmomc2g00fslk50,3,,,2025-05-14 06:32:07.410000,2025-05-14 06:52:13.470000,s3://di-diml-silver-prod/d0i6ojmomc2g00fslk50/d0i7lbdpebk000f29kqg/d0i6ojmomc2g00fslk50.tsv
00362168-D862-471B-8A48-8ACAF195BBB5,1,1,d0i6okg38n7000acjreg,00362168-d862-471b-8a48-8acaf195bbb5,2025-05-14 05:11:37.033000,2025-05-14 05:11:37.033000,2025-05-14 05:11:37.033d0i6okg38n7000acjreg,d0i6okg38n7000acjreg,3,,,2025-05-14 06:32:07.410000,2025-05-14 06:47:06.213000,s3://di-diml-silver-prod/d0i6okg38n7000acjreg/d0i7h4k72f3g00cs34pg/d0i6okg38n7000acjreg.tsv
010B7AF4-90F9-4BD1-A17F-C95FCB665A7E,1,1,d0i6ol79vfn000fg98ng,010b7af4-90f9-4bd1-a17f-c95fcb665a7e,2025-05-14 05:11:37.033000,2025-05-14 05:11:37.033000,2025-05-14 05:11:37.033d0i6ol79vfn000fg98ng,d0i6ol79vfn000fg98ng,3,,,2025-05-14 06:32:07.410000,2025-05-14 06:47:06.213000,s3://di-diml-silver-prod/d0i6ol79vfn000fg98ng/d0i7ir0sssgg0089g32g/d0i6ol79vfn000fg98ng.tsv
00DF1426-F322-436D-B960-635FEB9B8738,1,1,d0i6om6qdhp000841pq0,00df1426-f322-436d-b960-635feb9b8738,2025-05-14 05:11:37.033000,2025-05-14 05:11:37.033000,2025-05-14 05:11:37.033d0i6om6qdhp000841pq0,d0i6om6qdhp000841pq0,3,,,2025-05-14 06:32:07.410000,2025-05-14 06:47:06.213000,s3://di-diml-silver-prod/d0i6om6qdhp000841pq0/d0i7l9d27ee0009vj4b0/d0i6om6qdhp000841pq0.tsv
007909CA-34B3-4964-AE7B-C843DF8240B2,1,1,d0i6omidvnk000bms0f0,007909ca-34b3-4964-ae7b-c843df8240b2,2025-05-14 05:11:37.033000,2025-05-14 05:11:37.033000,2025-05-14 05:11:37.033d0i6omidvnk000bms0f0,d0i6omidvnk000bms0f0,3,,,2025-05-14 06:05:36.750000,2025-05-14 06:37:02.010000,s3://di-diml-silver-prod/d0i6omidvnk000bms0f0/d0i7d4f9vfn000fgqkpg/d0i6omidvnk000bms0f0.tsv
0029A819-0EAA-4A2B-9CA7-1CE945C0C00A,1,1,d0i6ommjsr2g00bjibtg,0029a819-0eaa-4a2b-9ca7-1ce945c0c00a,2025-05-14 05:11:37.033000,2025-05-14 05:11:37.033000,2025-05-14 05:11:37.033d0i6ommjsr2g00bjibtg,d0i6ommjsr2g00bjibtg,3,,,2025-05-14 06:16:05.970000,2025-05-14 06:37:02.010000,s3://di-diml-silver-prod/d0i6ommjsr2g00bjibtg/d0i7dj10qf8g00b086ug/d0i6ommjsr2g00bjibtg.tsv
00DA6E6E-7E7B-433D-BC91-6983772C9AF9,1,1,d0i6omn9vfn000fg9cf0,00da6e6e-7e7b-433d-bc91-6983772c9af9,2025-05-14 05:11:37.033000,2025-05-14 05:11:37.033000,2025-05-14 05:11:37.033d0i6omn9vfn000fg9cf0,d0i6omn9vfn000fg9cf0,3,,,2025-05-14 06:05:36.750000,2025-05-14 06:15:41.887000,s3://di-diml-silver-prod/d0i6omn9vfn000fg9cf0/d0i7bkur7j8g00cbsqmg/d0i6omn9vfn000fg9cf0.tsv
00837234-1095-4A3C-B12E-E9A90DB73F5B,1,1,d0i6omqdvnk000bms12g,00837234-1095-4a3c-b12e-e9a90db73f5b,2025-05-14 05:11:37.033000,2025-05-14 05:11:37.033000,2025-05-14 05:11:37.033d0i6omqdvnk000bms12g,d0i6omqdvnk000bms12g,3,,,2025-05-14 06:21:33.477000,2025-05-14 06:37:02.010000,s3://di-diml-silver-prod/d0i6omqdvnk000bms12g/d0i7hg038n7000ad8300/d0i6omqdvnk000bms12g.tsv
011085C8-F787-4CE9-B2DB-F09A9DE7CE24,1,1,d0i6onmjsr2g00bjied0,011085c8-f787-4ce9-b2db-f09a9de7ce24,2025-05-14 05:11:37.033000,2025-05-14 05:11:37.033000,2025-05-14 05:11:37.033d0i6onmjsr2g00bjied0,d0i6onmjsr2g00bjied0,3,,,2025-05-14 06:00:36.050000,2025-05-14 06:15:41.887000,s3://di-diml-silver-prod/d0i6onmjsr2g00bjied0/d0i7bbllhp0g00aj69sg/d0i6onmjsr2g00bjied0.tsv
0127154F-70AA-4D9A-A362-4E311E031B4E,1,1,d0i6ontu3ph000e7tu30,0127154f-70aa-4d9a-a362-4e311e031b4e,2025-05-14 05:13:26.070000,2025-05-14 05:13:26.070000,2025-05-14 05:13:26.070d0i6ontu3ph000e7tu30,d0i6ontu3ph000e7tu30,3,,,2025-05-14 06:37:21.280000,2025-05-14 06:47:06.213000,s3://di-diml-silver-prod/d0i6ontu3ph000e7tu30/d0i7nsl27ee0009vlbp0/d0i6ontu3ph000e7tu30.tsv
012507AC-6A7E-424C-9ABF-72FFE7AF7320,1,1,d0i6oo5lhp0g00ailev0,012507ac-6a7e-424c-9abf-72ffe7af7320,2025-05-14 05:11:37.033000,2025-05-14 05:11:37.033000,2025-05-14 05:11:37.033d0i6oo5lhp0g00ailev0,d0i6oo5lhp0g00ailev0,3,,,2025-05-14 06:47:23.247000,2025-05-14 07:02:23.803000,s3://di-diml-silver-prod/d0i6oo5lhp0g00ailev0/d0i7turpp0p000a8dnjg/d0i6oo5lhp0g00ailev0.tsv
00F749EA-3132-4D8A-BBA4-103C4B2BC56D,1,1,d0i6oocs10rg00ae3im0,00f749ea-3132-4d8a-bba4-103c4b2bc56d,2025-05-14 05:11:37.033000,2025-05-14 05:11:37.033000,2025-05-14 05:11:37.033d0i6oocs10rg00ae3im0,d0i6oocs10rg00ae3im0,3,,,2025-05-14 06:10:51.547000,2025-05-14 06:37:02.010000,s3://di-diml-silver-prod/d0i6oocs10rg00ae3im0/d0i7dllu3ph000e8fhu0/d0i6oocs10rg00ae3im0.tsv
00BE5C9C-336C-4EEC-9CDF-B2BEF6647A26,1,1,d0i6ooh0qf8g00avm05g,00be5c9c-336c-4eec-9cdf-b2bef6647a26,2025-05-14 05:11:37.033000,2025-05-14 05:11:37.033000,2025-05-14 05:11:37.033d0i6ooh0qf8g00avm05g,d0i6ooh0qf8g00avm05g,3,,,2025-05-14 06:21:33.477000,2025-05-14 06:37:02.010000,s3://di-diml-silver-prod/d0i6ooh0qf8g00avm05g/d0i7ijgsssgg0089fu0g/d0i6ooh0qf8g00avm05g.tsv
00DCC131-7FE6-43FD-BB4B-73B4C9F6ECD3,1,1,d0i6ookclak000dce8fg,00dcc131-7fe6-43fd-bb4b-73b4c9f6ecd3,2025-05-14 05:11:37.033000,2025-05-14 05:11:37.033000,2025-05-14 05:11:37.033d0i6ookclak000dce8fg,d0i6ookclak000dce8fg,3,,,2025-05-14 06:21:33.477000,2025-05-14 06:37:02.010000,s3://di-diml-silver-prod/d0i6ookclak000dce8fg/d0i7jsmgi0og00av93bg/d0i6ookclak000dce8fg.tsv
00FDC323-0224-44F7-8C94-51056B557742,1,1,d0i6oov9vfn000fg9ih0,00fdc323-0224-44f7-8c94-51056b557742,2025-05-14 05:11:37.033000,2025-05-14 05:11:37.033000,2025-05-14 05:11:37.033d0i6oov9vfn000fg9ih0,d0i6oov9vfn000fg9ih0,3,,,2025-05-14 06:21:33.477000,2025-05-14 06:37:02.010000,s3://di-diml-silver-prod/d0i6oov9vfn000fg9ih0/d0i7je5jt2pg00dnsgbg/d0i6oov9vfn000fg9ih0.tsv
00C6496D-EC7E-4189-AD03-2B336603FE09,1,1,d0i6opjpp0p000a7ecng,00c6496d-ec7e-4189-ad03-2b336603fe09,2025-05-14 05:11:37.033000,2025-05-14 05:11:37.033000,2025-05-14 05:11:37.033d0i6opjpp0p000a7ecng,d0i6opjpp0p000a7ecng,3,,,2025-05-14 06:10:51.547000,2025-05-14 06:20:57.877000,s3://di-diml-silver-prod/d0i6opjpp0p000a7ecng/d0i7cecaa58000f0kr90/d0i6opjpp0p000a7ecng.tsv
00B3F114-6FA1-401F-8402-6D38FCDBA68A,1,1,d0i6opkaa58000f03tjg,00b3f114-6fa1-401f-8402-6d38fcdba68a,2025-05-14 05:11:37.033000,2025-05-14 05:11:37.033000,2025-05-14 05:11:37.033d0i6opkaa58000f03tjg,d0i6opkaa58000f03tjg,3,,,2025-05-14 06:42:21.903000,2025-05-14 07:02:23.803000,s3://di-diml-silver-prod/d0i6opkaa58000f03tjg/d0i7rkgsssgg0089nor0/d0i6opkaa58000f03tjg.tsv
0019D3BD-BE3E-4422-A03C-810CB8AED410,1,1,d0i6opsmmp3000av7pc0,0019d3bd-be3e-4422-a03c-810cb8aed410,2025-05-14 05:11:37.033000,2025-05-14 05:11:37.033000,2025-05-14 05:11:37.033d0i6opsmmp3000av7pc0,d0i6opsmmp3000av7pc0,3,,,2025-05-14 06:47:23.247000,2025-05-14 06:57:13.630000,s3://di-diml-silver-prod/d0i6opsmmp3000av7pc0/d0i7ts0sssgg0089q1a0/d0i6opsmmp3000av7pc0.tsv
01420FBC-3B6B-41BE-923D-DCE3D1126ABE,1,1,d0i6oqrkf5cg00e6vb90,01420fbc-3b6b-41be-923d-dce3d1126abe,2025-05-14 05:11:37.033000,2025-05-14 05:11:37.033000,2025-05-14 05:11:37.033d0i6oqrkf5cg00e6vb90,d0i6oqrkf5cg00e6vb90,3,,,2025-05-14 06:37:21.280000,2025-05-14 06:52:13.470000,s3://di-diml-silver-prod/d0i6oqrkf5cg00e6vb90/d0i7phs72f3g00csacl0/d0i6oqrkf5cg00e6vb90.tsv
0130E3FD-0FD8-428F-92FE-3E0E4FF12EF1,1,1,d0i6ormomc2g00fsm8ig,0130e3fd-0fd8-428f-92fe-3e0e4ff12ef1,2025-05-14 05:11:37.033000,2025-05-14 05:11:37.033000,2025-05-14 05:11:37.033d0i6ormomc2g00fsm8ig,d0i6ormomc2g00fsm8ig,3,,,2025-05-14 06:21:33.477000,2025-05-14 06:37:02.010000,s3://di-diml-silver-prod/d0i6ormomc2g00fsm8ig/d0i7i4kmmp3000avsueg/d0i6ormomc2g00fsm8ig.tsv
00FD7758-6FB3-46EB-9999-DB5BCF52F3EE,1,1,d0i6orqdvnk000bmse50,00fd7758-6fb3-46eb-9999-db5bcf52f3ee,2025-05-14 05:11:37.033000,2025-05-14 05:11:37.033000,2025-05-14 05:11:37.033d0i6orqdvnk000bmse50,d0i6orqdvnk000bmse50,3,,,2025-05-14 06:00:36.050000,2025-05-14 06:10:27.760000,s3://di-diml-silver-prod/d0i6orqdvnk000bmse50/d0i7bjegi0og00av36jg/d0i6orqdvnk000bmse50.tsv
008A801C-75B2-4561-8F33-55521F4E4F57,1,1,d0i6ort27ee0009us5jg,008a801c-75b2-4561-8f33-55521f4e4f57,2025-05-14 05:11:37.033000,2025-05-14 05:11:37.033000,2025-05-14 05:11:37.033d0i6ort27ee0009us5jg,d0i6ort27ee0009us5jg,3,,,2025-05-14 06:00:36.050000,2025-05-14 06:15:41.887000,s3://di-diml-silver-prod/d0i6ort27ee0009us5jg/d0i7bqcclak000dcujv0/d0i6ort27ee0009us5jg.tsv
006D1A84-99D1-4A6B-AE86-CE30E48CABE4,1,1,d0i6ot2dvnk000bmshog,006d1a84-99d1-4a6b-ae86-ce30e48cabe4,2025-05-14 05:11:37.033000,2025-05-14 05:11:37.033000,2025-05-14 05:11:37.033d0i6ot2dvnk000bmshog,d0i6ot2dvnk000bmshog,3,,,2025-05-14 06:05:36.750000,2025-05-14 06:20:57.877000,s3://di-diml-silver-prod/d0i6ot2dvnk000bmshog/d0i7ci4aa58000f0ku8g/d0i6ot2dvnk000bmshog.tsv
00EF226B-3DDC-4D68-9AAC-C97C38C78272,1,1,d0i6otdjt2pg00dn763g,00ef226b-3ddc-4d68-9aac-c97c38c78272,2025-05-14 05:11:37.033000,2025-05-14 05:11:37.033000,2025-05-14 05:11:37.033d0i6otdjt2pg00dn763g,d0i6otdjt2pg00dn763g,3,,,2025-05-14 06:21:33.477000,2025-05-14 06:41:54.267000,s3://di-diml-silver-prod/d0i6otdjt2pg00dn763g/d0i7j4qdvnk000bni7l0/d0i6otdjt2pg00dn763g.tsv
003DC2D2-DC87-45BE-9AF9-A52B9A8D12B7,1,1,d0i6oucclak000dcen70,003dc2d2-dc87-45be-9af9-a52b9a8d12b7,2025-05-14 05:11:37.033000,2025-05-14 05:11:37.033000,2025-05-14 05:11:37.033d0i6oucclak000dcen70,d0i6oucclak000dcen70,3,,,2025-05-14 06:16:05.970000,2025-05-14 06:37:02.010000,s3://di-diml-silver-prod/d0i6oucclak000dcen70/d0i7idqdvnk000bnhml0/d0i6oucclak000dcen70.tsv
009A6162-BA56-4926-87A6-0FF54AFD5BE7,1,1,d0i6oucmmp3000av852g,009a6162-ba56-4926-87a6-0ff54afd5be7,2025-05-14 05:11:37.033000,2025-05-14 05:11:37.033000,2025-05-14 05:11:37.033d0i6oucmmp3000av852g,d0i6oucmmp3000av852g,3,,,2025-05-14 06:32:07.410000,2025-05-14 06:47:06.213000,s3://di-diml-silver-prod/d0i6oucmmp3000av852g/d0i7kosmmp3000avv10g/d0i6oucmmp3000av852g.tsv
00FC90C5-6FA5-4126-8A98-3F2086AB3F94,1,1,d0i6oulpebk000f1i48g,00fc90c5-6fa5-4126-8a98-3f2086ab3f94,2025-05-14 05:11:37.033000,2025-05-14 05:11:37.033000,2025-05-14 05:11:37.033d0i6oulpebk000f1i48g,d0i6oulpebk000f1i48g,3,,,2025-05-14 06:42:21.903000,2025-05-14 07:02:23.803000,s3://di-diml-silver-prod/d0i6oulpebk000f1i48g/d0i7talpebk000f2h420/d0i6oulpebk000f1i48g.tsv
0004F290-0EB8-48EA-8644-FDC500533791,1,1,d0i6oups5hl000fc13rg,0004f290-0eb8-48ea-8644-fdc500533791,2025-05-14 05:13:26.070000,2025-05-14 05:13:26.070000,2025-05-14 05:13:26.070d0i6oups5hl000fc13rg,d0i6oups5hl000fc13rg,3,,,2025-05-14 06:21:33.477000,2025-05-14 06:37:02.010000,s3://di-diml-silver-prod/d0i6oups5hl000fc13rg/d0i7ktlpebk000f299ng/d0i6oups5hl000fc13rg.tsv
00EC6893-6C35-431B-99E3-FA8D409B314B,1,1,d0i6ovqdvnk000bmsog0,00ec6893-6c35-431b-99e3-fa8d409b314b,2025-05-14 05:11:37.033000,2025-05-14 05:11:37.033000,2025-05-14 05:11:37.033d0i6ovqdvnk000bmsog0,d0i6ovqdvnk000bmsog0,3,,,2025-05-14 06:10:51.547000,2025-05-14 06:37:02.010000,s3://di-diml-silver-prod/d0i6ovqdvnk000bmsog0/d0i7gbadvnk000bng710/d0i6ovqdvnk000bmsog0.tsv
0026B82D-03EC-405A-AE46-3320AFAD8BC1,1,1,d0i6ovrkf5cg00e6vo50,0026b82d-03ec-405a-ae46-3320afad8bc1,2025-05-14 05:11:37.033000,2025-05-14 05:11:37.033000,2025-05-14 05:11:37.033d0i6ovrkf5cg00e6vo50,d0i6ovrkf5cg00e6vo50,3,,,2025-05-14 06:32:07.410000,2025-05-14 06:47:06.213000,s3://di-diml-silver-prod/d0i6ovrkf5cg00e6vo50/d0i7h39s5hl000fckkv0/d0i6ovrkf5cg00e6vo50.tsv
012446A6-0B92-463E-BD8D-2807C07AB922,1,1,d0i6ovuomc2g00fsmk5g,012446a6-0b92-463e-bd8d-2807c07ab922,2025-05-14 05:11:37.033000,2025-05-14 05:11:37.033000,2025-05-14 05:11:37.033d0i6ovuomc2g00fsmk5g,d0i6ovuomc2g00fsmk5g,3,,,2025-05-14 06:21:33.477000,2025-05-14 06:37:02.010000,s3://di-diml-silver-prod/d0i6ovuomc2g00fsmk5g/d0i7i710qf8g00b0bftg/d0i6ovuomc2g00fsmk5g.tsv
00FFD288-6040-46D1-B398-FD71EC19CE07,1,1,d0i6p0momc2g00fsmm0g,00ffd288-6040-46d1-b398-fd71ec19ce07,2025-05-14 05:11:37.033000,2025-05-14 05:11:37.033000,2025-05-14 05:11:37.033d0i6p0momc2g00fsmm0g,d0i6p0momc2g00fsmm0g,3,,,2025-05-14 06:16:05.970000,2025-05-14 06:37:02.010000,s3://di-diml-silver-prod/d0i6p0momc2g00fsmm0g/d0i7h64clak000dd2bs0/d0i6p0momc2g00fsmm0g.tsv
006FEF29-EA7D-4D83-8EC7-A203235B46EB,1,1,d0i6p0uomc2g00fsmmj0,006fef29-ea7d-4d83-8ec7-a203235b46eb,2025-05-14 05:11:37.033000,2025-05-14 05:11:37.033000,2025-05-14 05:11:37.033d0i6p0uomc2g00fsmmj0,d0i6p0uomc2g00fsmmj0,3,,,2025-05-14 06:10:51.547000,2025-05-14 06:20:57.877000,s3://di-diml-silver-prod/d0i6p0uomc2g00fsmmj0/d0i7eck72f3g00cs16v0/d0i6p0uomc2g00fsmmj0.tsv
00A2BFF0-CEC5-41FD-8E2F-B41713EAAAD7,1,1,d0i6p10b12i000aoobrg,00a2bff0-cec5-41fd-8e2f-b41713eaaad7,2025-05-14 05:13:26.070000,2025-05-14 05:13:26.070000,2025-05-14 05:13:26.070d0i6p10b12i000aoobrg,d0i6p10b12i000aoobrg,3,,,2025-05-14 06:52:33.337000,2025-05-14 07:12:25.727000,s3://di-diml-silver-prod/d0i6p10b12i000aoobrg/d0i84dss10rg00af7cd0/d0i6p10b12i000aoobrg.tsv
01417593-4A1A-4AC3-ADE8-05565C677839,1,1,d0i6p190qf8g00avmmv0,01417593-4a1a-4ac3-ade8-05565c677839,2025-05-14 05:11:37.033000,2025-05-14 05:11:37.033000,2025-05-14 05:11:37.033d0i6p190qf8g00avmmv0,d0i6p190qf8g00avmmv0,3,,,2025-05-14 06:16:05.970000,2025-05-14 06:37:02.010000,s3://di-diml-silver-prod/d0i6p190qf8g00avmmv0/d0i7gmc72f3g00cs2qa0/d0i6p190qf8g00avmmv0.tsv
00C3DC70-D313-4248-B600-6687CBB1A02B,1,1,d0i6p1ao7i8g00bh82k0,00c3dc70-d313-4248-b600-6687cbb1a02b,2025-05-14 05:11:37.033000,2025-05-14 05:11:37.033000,2025-05-14 05:11:37.033d0i6p1ao7i8g00bh82k0,d0i6p1ao7i8g00bh82k0,3,,,2025-05-14 06:52:33.337000,2025-05-14 07:07:24.653000,s3://di-diml-silver-prod/d0i6p1ao7i8g00bh82k0/d0i7ucp0qf8g00b0m9mg/d0i6p1ao7i8g00bh82k0.tsv
00B6BDA3-7031-4A84-93AE-B1DD1AB6B469,1,1,d0i6p1ps5hl000fc1b80,00b6bda3-7031-4a84-93ae-b1dd1ab6b469,2025-05-14 05:13:26.070000,2025-05-14 05:13:26.070000,2025-05-14 05:13:26.070d0i6p1ps5hl000fc1b80,d0i6p1ps5hl000fc1b80,3,,,2025-05-14 06:00:36.050000,2025-05-14 06:20:57.877000,s3://di-diml-silver-prod/d0i6p1ps5hl000fc1b80/d0i7bicaa58000f0k6l0/d0i6p1ps5hl000fc1b80.tsv
0070F9D3-3554-4AE0-9CFC-39C906478675,1,1,d0i6p21ggil000a10dh0,0070f9d3-3554-4ae0-9cfc-39c906478675,2025-05-14 05:13:26.070000,2025-05-14 05:13:26.070000,2025-05-14 05:13:26.070d0i6p21ggil000a10dh0,d0i6p21ggil000a10dh0,3,,,2025-05-14 06:37:21.280000,2025-05-14 06:57:13.630000,s3://di-diml-silver-prod/d0i6p21ggil000a10dh0/d0i7o3rkf5cg00e7p40g/d0i6p21ggil000a10dh0.tsv
002E9F5D-9AAE-47F5-9353-78EF23F03C02,1,1,d0i6p2cmmp3000av8ffg,002e9f5d-9aae-47f5-9353-78ef23f03c02,2025-05-14 05:11:37.033000,2025-05-14 05:11:37.033000,2025-05-14 05:11:37.033d0i6p2cmmp3000av8ffg,d0i6p2cmmp3000av8ffg,3,,,2025-05-14 06:32:07.410000,2025-05-14 06:47:06.213000,s3://di-diml-silver-prod/d0i6p2cmmp3000av8ffg/d0i7obuqdhp00084rrvg/d0i6p2cmmp3000av8ffg.tsv
00F0A689-A488-48D2-AD77-22EEC80492F8,1,1,d0i6p2mr7j8g00cbd0ng,00f0a689-a488-48d2-ad77-22eec80492f8,2025-05-14 05:13:26.070000,2025-05-14 05:13:26.070000,2025-05-14 05:13:26.070d0i6p2mr7j8g00cbd0ng,d0i6p2mr7j8g00cbd0ng,3,,,2025-05-14 06:10:51.547000,2025-05-14 06:20:57.877000,s3://di-diml-silver-prod/d0i6p2mr7j8g00cbd0ng/d0i7fuqdvnk000bnfuc0/d0i6p2mr7j8g00cbd0ng.tsv
003E020C-910F-4714-B8A1-7035608B7999,1,1,d0i6p2no5c2000el1u6g,003e020c-910f-4714-b8a1-7035608b7999,2025-05-14 05:13:26.070000,2025-05-14 05:13:26.070000,2025-05-14 05:13:26.070d0i6p2no5c2000el1u6g,d0i6p2no5c2000el1u6g,3,,,2025-05-14 06:32:07.410000,2025-05-14 06:52:13.470000,s3://di-diml-silver-prod/d0i6p2no5c2000el1u6g/d0i7j7mjsr2g00bk7te0/d0i6p2no5c2000el1u6g.tsv
004E9BFA-C42A-4029-A234-6C354AF24487,1,1,d0i6p379vfn000fg9ol0,004e9bfa-c42a-4029-a234-6c354af24487,2025-05-14 05:13:26.070000,2025-05-14 05:13:26.070000,2025-05-14 05:13:26.070d0i6p379vfn000fg9ol0,d0i6p379vfn000fg9ol0,3,,,2025-05-14 06:16:05.970000,2025-05-14 06:37:02.010000,s3://di-diml-silver-prod/d0i6p379vfn000fg9ol0/d0i7hfpggil000a1keng/d0i6p379vfn000fg9ol0.tsv
0019B055-1EF7-4294-8B31-29C9774609C9,1,1,d0i6p3ao7i8g00bh87i0,0019b055-1ef7-4294-8b31-29c9774609c9,2025-05-14 05:11:37.033000,2025-05-14 05:11:37.033000,2025-05-14 05:11:37.033d0i6p3ao7i8g00bh87i0,d0i6p3ao7i8g00bh87i0,3,,,2025-05-14 05:49:55.220000,2025-05-14 06:05:11.643000,s3://di-diml-silver-prod/d0i6p3ao7i8g00bh87i0/d0i76qujsr2g00bjv17g/d0i6p3ao7i8g00bh87i0.tsv
0059BE4F-BFA4-4E85-AED2-EC53C9639067,1,1,d0i6p3icalk0008lhs50,0059be4f-bfa4-4e85-aed2-ec53c9639067,2025-05-14 05:13:26.070000,2025-05-14 05:13:26.070000,2025-05-14 05:13:26.070d0i6p3icalk0008lhs50,d0i6p3icalk0008lhs50,3,,,2025-05-14 07:02:39.850000,2025-05-14 07:23:48.563000,s3://di-diml-silver-prod/d0i6p3icalk0008lhs50/d0i87eks3cjg0097gsng/d0i6p3icalk0008lhs50.tsv
008D2310-E6D4-4FD2-8710-9150525805E9,1,1,d0i6p45pebk000f1iieg,008d2310-e6d4-4fd2-8710-9150525805e9,2025-05-14 05:11:37.033000,2025-05-14 05:11:37.033000,2025-05-14 05:11:37.033d0i6p45pebk000f1iieg,d0i6p45pebk000f1iieg,3,,,2025-05-14 06:00:36.050000,2025-05-14 06:15:41.887000,s3://di-diml-silver-prod/d0i6p45pebk000f1iieg/d0i7amsaa58000f0ji90/d0i6p45pebk000f1iieg.tsv
0077FC10-F399-4CE1-9DB1-8E709196A817,1,1,d0i6p45u3ph000e7us9g,0077fc10-f399-4ce1-9db1-8e709196a817,2025-05-14 05:13:26.070000,2025-05-14 05:13:26.070000,2025-05-14 05:13:26.070d0i6p45u3ph000e7us9g,d0i6p45u3ph000e7us9g,3,,,2025-05-14 06:16:05.970000,2025-05-14 06:37:02.010000,s3://di-diml-silver-prod/d0i6p45u3ph000e7us9g/d0i7gduqdhp00084ldl0/d0i6p45u3ph000e7us9g.tsv
000334BE-42CD-454B-A7DC-D042E7726BAF,1,1,d0i6p4acalk0008lhts0,000334be-42cd-454b-a7dc-d042e7726baf,2025-05-14 05:13:26.070000,2025-05-14 05:13:26.070000,2025-05-14 05:13:26.070d0i6p4acalk0008lhts0,d0i6p4acalk0008lhts0,3,,,2025-05-14 06:16:05.970000,2025-05-14 06:37:02.010000,s3://di-diml-silver-prod/d0i6p4acalk0008lhts0/d0i7f7osssgg0089dilg/d0i6p4acalk0008lhts0.tsv
01044D54-BAB8-48C8-A4E2-2C6164107278,1,1,d0i6p5mo773g00ccuoeg,01044d54-bab8-48c8-a4e2-2c6164107278,2025-05-14 05:13:26.070000,2025-05-14 05:13:26.070000,2025-05-14 05:13:26.070d0i6p5mo773g00ccuoeg,d0i6p5mo773g00ccuoeg,3,,,2025-05-14 06:32:07.410000,2025-05-14 06:47:06.213000,s3://di-diml-silver-prod/d0i6p5mo773g00ccuoeg/d0i7nlegi0og00avccg0/d0i6p5mo773g00ccuoeg.tsv
01445EC9-B0AC-4478-8850-A7C80391A2AE,1,1,d0i6p5o38n7000ackiqg,01445ec9-b0ac-4478-8850-a7c80391a2ae,2025-05-14 05:13:26.070000,2025-05-14 05:13:26.070000,2025-05-14 05:13:26.070d0i6p5o38n7000ackiqg,d0i6p5o38n7000ackiqg,3,,,2025-05-14 06:42:21.903000,2025-05-14 06:57:13.630000,s3://di-diml-silver-prod/d0i6p5o38n7000ackiqg/d0i7p4eomc2g00fth4m0/d0i6p5o38n7000ackiqg.tsv
003A5593-92BB-4756-BE57-B26241ED5AAC,1,1,d0i6p5qdvnk000bmt8e0,003a5593-92bb-4756-be57-b26241ed5aac,2025-05-14 05:11:37.033000,2025-05-14 05:11:37.033000,2025-05-14 05:11:37.033d0i6p5qdvnk000bmt8e0,d0i6p5qdvnk000bmt8e0,3,,,2025-05-14 06:16:05.970000,2025-05-14 06:37:02.010000,s3://di-diml-silver-prod/d0i6p5qdvnk000bmt8e0/d0i7j3djt2pg00dns85g/d0i6p5qdvnk000bmt8e0.tsv
009C4D6E-CB7A-4FB9-BC2C-76C1F82E2556,1,1,d0i6p68sssgg0088r0og,009c4d6e-cb7a-4fb9-bc2c-76c1f82e2556,2025-05-14 05:11:37.033000,2025-05-14 05:11:37.033000,2025-05-14 05:11:37.033d0i6p68sssgg0088r0og,d0i6p68sssgg0088r0og,3,,,2025-05-14 06:42:21.903000,2025-05-14 06:57:13.630000,s3://di-diml-silver-prod/d0i6p68sssgg0088r0og/d0i7qf7o5c2000elt8vg/d0i6p68sssgg0088r0og.tsv
0142CDD9-4D4A-4480-990C-00FCB4F76477,1,1,d0i6p690qf8g00avn3pg,0142cdd9-4d4a-4480-990c-00fcb4f76477,2025-05-14 05:11:37.033000,2025-05-14 05:11:37.033000,2025-05-14 05:11:37.033d0i6p690qf8g00avn3pg,d0i6p690qf8g00avn3pg,3,,,2025-05-14 06:37:21.280000,2025-05-14 06:47:06.213000,s3://di-diml-silver-prod/d0i6p690qf8g00avn3pg/d0i7sbsmmp3000b05u80/d0i6p690qf8g00avn3pg.tsv
010B9F69-00AD-4533-87D8-B81C93FF936D,1,1,d0i6p6dlhp0g00aimj30,010b9f69-00ad-4533-87d8-b81c93ff936d,2025-05-14 05:11:37.033000,2025-05-14 05:11:37.033000,2025-05-14 05:11:37.033d0i6p6dlhp0g00aimj30,d0i6p6dlhp0g00aimj30,3,,,2025-05-14 06:32:07.410000,2025-05-14 06:47:06.213000,s3://di-diml-silver-prod/d0i6p6dlhp0g00aimj30/d0i7k1g38n7000ada18g/d0i6p6dlhp0g00aimj30.tsv
0000F850-8EF0-4774-B6DC-F0BBA8FB9306,1,1,d0i6p6mr7j8g00cbd9vg,0000f850-8ef0-4774-b6dc-f0bba8fb9306,2025-05-14 05:13:26.070000,2025-05-14 05:13:26.070000,2025-05-14 05:13:26.070d0i6p6mr7j8g00cbd9vg,d0i6p6mr7j8g00cbd9vg,3,,,2025-05-14 06:16:05.970000,2025-05-14 06:37:02.010000,s3://di-diml-silver-prod/d0i6p6mr7j8g00cbd9vg/d0i7h16jsr2g00bk6990/d0i6p6mr7j8g00cbd9vg.tsv
005E0B8F-C246-4B61-B1EF-8385540C6DA9,1,1,d0i6p6tu3ph000e7v3rg,005e0b8f-c246-4b61-b1ef-8385540c6da9,2025-05-14 05:13:26.070000,2025-05-14 05:13:26.070000,2025-05-14 05:13:26.070d0i6p6tu3ph000e7v3rg,d0i6p6tu3ph000e7v3rg,3,,,2025-05-14 06:16:05.970000,2025-05-14 06:37:02.010000,s3://di-diml-silver-prod/d0i6p6tu3ph000e7v3rg/d0i7hhd27ee0009vg5d0/d0i6p6tu3ph000e7v3rg.tsv
01375D7C-3518-4BEE-A209-33F7CACAF81A,1,1,d0i6p6uqdhp000842fvg,01375d7c-3518-4bee-a209-33f7cacaf81a,2025-05-14 05:13:26.070000,2025-05-14 05:13:26.070000,2025-05-14 05:13:26.070d0i6p6uqdhp000842fvg,d0i6p6uqdhp000842fvg,3,,,2025-05-14 06:10:51.547000,2025-05-14 06:37:02.010000,s3://di-diml-silver-prod/d0i6p6uqdhp000842fvg/d0i7gs6qdhp00084lnm0/d0i6p6uqdhp000842fvg.tsv
011B721C-8CC0-4878-9EB9-02277CAC88F1,1,1,d0i6p6ur7j8g00cbdaj0,011b721c-8cc0-4878-9eb9-02277cac88f1,2025-05-14 05:13:26.070000,2025-05-14 05:13:26.070000,2025-05-14 05:13:26.070d0i6p6ur7j8g00cbdaj0,d0i6p6ur7j8g00cbdaj0,3,,,2025-05-14 06:21:33.477000,2025-05-14 06:41:54.267000,s3://di-diml-silver-prod/d0i6p6ur7j8g00cbdaj0/d0i7j1gb12i000apdbcg/d0i6p6ur7j8g00cbdaj0.tsv
011AC56E-BF67-419D-BB8B-5078C19E7023,1,1,d0i6p779vfn000fga20g,011ac56e-bf67-419d-bb8b-5078c19e7023,2025-05-14 05:13:26.070000,2025-05-14 05:13:26.070000,2025-05-14 05:13:26.070d0i6p779vfn000fga20g,d0i6p779vfn000fga20g,3,,,2025-05-14 06:32:07.410000,2025-05-14 06:47:06.213000,s3://di-diml-silver-prod/d0i6p779vfn000fga20g/d0i7o9advnk000bnmhqg/d0i6p779vfn000fga20g.tsv
007C6F51-CA27-4F52-AC76-E479698FE30C,1,1,d0i6p7dpebk000f1ir20,007c6f51-ca27-4f52-ac76-e479698fe30c,2025-05-14 05:11:37.033000,2025-05-14 05:11:37.033000,2025-05-14 05:11:37.033d0i6p7dpebk000f1ir20,d0i6p7dpebk000f1ir20,3,,,2025-05-14 06:32:07.410000,2025-05-14 06:47:06.213000,s3://di-diml-silver-prod/d0i6p7dpebk000f1ir20/d0i7p15u3ph000e8on90/d0i6p7dpebk000f1ir20.tsv
00123960-BB0B-4126-A89D-1F96A1E67C8C,1,1,d0i6p7h0qf8g00avn6tg,00123960-bb0b-4126-a89d-1f96a1e67c8c,2025-05-14 05:11:37.033000,2025-05-14 05:11:37.033000,2025-05-14 05:11:37.033d0i6p7h0qf8g00avn6tg,d0i6p7h0qf8g00avn6tg,3,,,2025-05-14 06:10:51.547000,2025-05-14 06:20:57.877000,s3://di-diml-silver-prod/d0i6p7h0qf8g00avn6tg/d0i7hu10qf8g00b0b9i0/d0i6p7h0qf8g00avn6tg.tsv
00398EC8-A451-4E3E-B8F3-F39F16EA370C,1,1,d0i6p7lpebk000f1irm0,00398ec8-a451-4e3e-b8f3-f39f16ea370c,2025-05-14 05:11:37.033000,2025-05-14 05:11:37.033000,2025-05-14 05:11:37.033d0i6p7lpebk000f1irm0,d0i6p7lpebk000f1irm0,3,,,2025-05-14 06:32:07.410000,2025-05-14 06:52:13.470000,s3://di-diml-silver-prod/d0i6p7lpebk000f1irm0/d0i7lqkaa58000f0ru00/d0i6p7lpebk000f1irm0.tsv
00785887-234A-4D3A-AFCD-A55E21123ADC,1,1,d0i6p7n9vfn000fga36g,00785887-234a-4d3a-afcd-a55e21123adc,2025-05-14 05:13:26.070000,2025-05-14 05:13:26.070000,2025-05-14 05:13:26.070d0i6p7n9vfn000fga36g,d0i6p7n9vfn000fga36g,3,,,2025-05-14 06:32:07.410000,2025-05-14 06:47:06.213000,s3://di-diml-silver-prod/d0i6p7n9vfn000fga36g/d0i7qf8sssgg0089mlug/d0i6p7n9vfn000fga36g.tsv
002B5513-DCA6-476B-A253-11BF62EC66E5,1,1,d0i6p7osssgg0088r4f0,002b5513-dca6-476b-a253-11bf62ec66e5,2025-05-14 05:11:37.033000,2025-05-14 05:11:37.033000,2025-05-14 05:11:37.033d0i6p7osssgg0088r4f0,d0i6p7osssgg0088r4f0,3,,,2025-05-14 06:16:05.970000,2025-05-14 06:37:02.010000,s3://di-diml-silver-prod/d0i6p7osssgg0088r4f0/d0i7kh3kf5cg00e7m0b0/d0i6p7osssgg0088r4f0.tsv
00145A3A-BF36-4FCD-952F-DA9514E81F7E,1,1,d0i6p9dlhp0g00aimr0g,00145a3a-bf36-4fcd-952f-da9514e81f7e,2025-05-14 05:11:37.033000,2025-05-14 05:11:37.033000,2025-05-14 05:11:37.033d0i6p9dlhp0g00aimr0g,d0i6p9dlhp0g00aimr0g,3,,,2025-05-14 06:21:33.477000,2025-05-14 06:37:02.010000,s3://di-diml-silver-prod/d0i6p9dlhp0g00aimr0g/d0i7ktqdvnk000bnjmq0/d0i6p9dlhp0g00aimr0g.tsv
0027763B-481C-4DD9-8C81-B289E74B6886,1,1,d0i6p9eo773g00ccv16g,0027763b-481c-4dd9-8c81-b289e74b6886,2025-05-14 05:13:26.070000,2025-05-14 05:13:26.070000,2025-05-14 05:13:26.070d0i6p9eo773g00ccv16g,d0i6p9eo773g00ccv16g,3,,,2025-05-14 06:16:05.970000,2025-05-14 06:37:02.010000,s3://di-diml-silver-prod/d0i6p9eo773g00ccv16g/d0i7h3bkf5cg00e7jb30/d0i6p9eo773g00ccv16g.tsv
013F5AAD-AC46-4280-820B-F00963C25C66,1,1,d0i6p9gb12i000aop1eg,013f5aad-ac46-4280-820b-f00963c25c66,2025-05-14 05:13:26.070000,2025-05-14 05:13:26.070000,2025-05-14 05:13:26.070d0i6p9gb12i000aop1eg,d0i6p9gb12i000aop1eg,3,,,2025-05-14 06:05:36.750000,2025-05-14 06:20:57.877000,s3://di-diml-silver-prod/d0i6p9gb12i000aop1eg/d0i7edcclak000dd0fn0/d0i6p9gb12i000aop1eg.tsv
012AE30D-E72F-4CB3-B96A-C99889A88CB6,1,1,d0i6p9n9vfn000fga8ng,012ae30d-e72f-4cb3-b96a-c99889a88cb6,2025-05-14 05:13:26.070000,2025-05-14 05:13:26.070000,2025-05-14 05:13:26.070d0i6p9n9vfn000fga8ng,d0i6p9n9vfn000fga8ng,3,,,2025-05-14 06:32:07.410000,2025-05-14 06:47:06.213000,s3://di-diml-silver-prod/d0i6p9n9vfn000fga8ng/d0i7r0kaa58000f10j1g/d0i6p9n9vfn000fga8ng.tsv
008DAF8B-AF29-45E6-9F31-7875A90992ED,1,1,d0i6pagsssgg0088rbrg,008daf8b-af29-45e6-9f31-7875a90992ed,2025-05-14 05:11:37.033000,2025-05-14 05:11:37.033000,2025-05-14 05:11:37.033d0i6pagsssgg0088rbrg,d0i6pagsssgg0088rbrg,3,,,2025-05-14 06:32:07.410000,2025-05-14 06:52:13.470000,s3://di-diml-silver-prod/d0i6pagsssgg0088rbrg/d0i7n5g38n7000adco70/d0i6pagsssgg0088rbrg.tsv
0138F4FE-678E-4027-9C13-70D80978C226,1,1,d0i6pakclak000dcf1o0,0138f4fe-678e-4027-9c13-70d80978c226,2025-05-14 05:13:26.070000,2025-05-14 05:13:26.070000,2025-05-14 05:13:26.070d0i6pakclak000dcf1o0,d0i6pakclak000dcf1o0,3,,,2025-05-14 06:21:33.477000,2025-05-14 06:37:02.010000,s3://di-diml-silver-prod/d0i6pakclak000dcf1o0/d0i7jihggil000a1m0ag/d0i6pakclak000dcf1o0.tsv
00D0DB70-815C-42EA-88BC-D7AED558A149,1,1,d0i6patjt2pg00dn7jog,00d0db70-815c-42ea-88bc-d7aed558a149,2025-05-14 05:13:26.070000,2025-05-14 05:13:26.070000,2025-05-14 05:13:26.070d0i6patjt2pg00dn7jog,d0i6patjt2pg00dn7jog,3,,,2025-05-14 06:32:07.410000,2025-05-14 06:52:13.470000,s3://di-diml-silver-prod/d0i6patjt2pg00dn7jog/d0i7o89s5hl000fcqjpg/d0i6patjt2pg00dn7jog.tsv
01408A3A-B702-4E4B-B38F-D6A4DEC40244,1,1,d0i6pb0sssgg0088rd40,01408a3a-b702-4e4b-b38f-d6a4dec40244,2025-05-14 05:11:37.033000,2025-05-14 05:11:37.033000,2025-05-14 05:11:37.033d0i6pb0sssgg0088rd40,d0i6pb0sssgg0088rd40,3,,,2025-05-14 06:16:05.970000,2025-05-14 06:37:02.010000,s3://di-diml-silver-prod/d0i6pb0sssgg0088rd40/d0i7hb79vfn000fgtgt0/d0i6pb0sssgg0088rd40.tsv
002DE5AC-2A04-4F86-8BC1-3245744BCA67,1,1,d0i6pbks10rg00ae4frg,002de5ac-2a04-4f86-8bc1-3245744bca67,2025-05-14 05:13:26.070000,2025-05-14 05:13:26.070000,2025-05-14 05:13:26.070d0i6pbks10rg00ae4frg,d0i6pbks10rg00ae4frg,3,,,2025-05-14 06:21:33.477000,2025-05-14 06:41:54.267000,s3://di-diml-silver-prod/d0i6pbks10rg00ae4frg/d0i7jmhs5hl000fcmiqg/d0i6pbks10rg00ae4frg.tsv
00ECE18F-8994-4D84-B5E8-AD282BE83CBA,1,1,d0i6pbqcalk0008lih90,00ece18f-8994-4d84-b5e8-ad282be83cba,2025-05-14 05:13:26.070000,2025-05-14 05:13:26.070000,2025-05-14 05:13:26.070d0i6pbqcalk0008lih90,d0i6pbqcalk0008lih90,3,,,2025-05-14 06:16:05.970000,2025-05-14 06:37:02.010000,s3://di-diml-silver-prod/d0i6pbqcalk0008lih90/d0i7hfkclak000dd2ie0/d0i6pbqcalk0008lih90.tsv
009B90C9-BA54-4BD9-AB2E-3CC9AD1D6D9A,1,1,d0i6pbtjt2pg00dn7m70,009b90c9-ba54-4bd9-ab2e-3cc9ad1d6d9a,2025-05-14 05:13:26.070000,2025-05-14 05:13:26.070000,2025-05-14 05:13:26.070d0i6pbtjt2pg00dn7m70,d0i6pbtjt2pg00dn7m70,3,,,2025-05-14 06:16:05.970000,2025-05-14 06:37:02.010000,s3://di-diml-silver-prod/d0i6pbtjt2pg00dn7m70/d0i7ki8sssgg0089hecg/d0i6pbtjt2pg00dn7m70.tsv
00CB374C-D046-40AB-9E29-E3885939CB6B,1,1,d0i6pckaa58000f04pa0,00cb374c-d046-40ab-9e29-e3885939cb6b,2025-05-14 05:13:26.070000,2025-05-14 05:13:26.070000,2025-05-14 05:13:26.070d0i6pckaa58000f04pa0,d0i6pckaa58000f04pa0,3,,,2025-05-14 06:37:21.280000,2025-05-14 06:57:13.630000,s3://di-diml-silver-prod/d0i6pckaa58000f04pa0/d0i7tqcaa58000f13b0g/d0i6pckaa58000f04pa0.tsv
0106AF79-A3B5-4D7E-A68F-6B588FA4893B,1,1,d0i6pcrkf5cg00e7057g,0106af79-a3b5-4d7e-a68f-6b588fa4893b,2025-05-14 05:13:26.070000,2025-05-14 05:13:26.070000,2025-05-14 05:13:26.070d0i6pcrkf5cg00e7057g,d0i6pcrkf5cg00e7057g,3,,,2025-05-14 06:32:07.410000,2025-05-14 06:47:06.213000,s3://di-diml-silver-prod/d0i6pcrkf5cg00e7057g/d0i7q12o7i8g00bi33q0/d0i6pcrkf5cg00e7057g.tsv
00444454-CC0B-47BE-A187-3B793E8FAD6D,1,1,d0i6pdljt2pg00dn7r60,00444454-cc0b-47be-a187-3b793e8fad6d,2025-05-14 05:13:26.070000,2025-05-14 05:13:26.070000,2025-05-14 05:13:26.070d0i6pdljt2pg00dn7r60,d0i6pdljt2pg00dn7r60,3,,,2025-05-14 06:32:07.410000,2025-05-14 06:47:06.213000,s3://di-diml-silver-prod/d0i6pdljt2pg00dn7r60/d0i7rlpggil000a1tcdg/d0i6pdljt2pg00dn7r60.tsv
011683F1-062C-415C-9A34-3AC8ABC61862,1,1,d0i6pemomc2g00fsn4pg,011683f1-062c-415c-9a34-3ac8abc61862,2025-05-14 05:13:26.070000,2025-05-14 05:13:26.070000,2025-05-14 05:13:26.070d0i6pemomc2g00fsn4pg,d0i6pemomc2g00fsn4pg,3,,,2025-05-14 06:10:51.547000,2025-05-14 06:20:57.877000,s3://di-diml-silver-prod/d0i6pemomc2g00fsn4pg/d0i7gtc72f3g00cs2va0/d0i6pemomc2g00fsn4pg.tsv
00ED18D8-65A8-4BA9-9BD1-74C699AE013A,1,1,d0i6pf3pp0p000a7ff50,00ed18d8-65a8-4ba9-9bd1-74c699ae013a,2025-05-14 05:13:26.070000,2025-05-14 05:13:26.070000,2025-05-14 05:13:26.070d0i6pf3pp0p000a7ff50,d0i6pf3pp0p000a7ff50,3,,,2025-05-14 06:21:33.477000,2025-05-14 06:37:02.010000,s3://di-diml-silver-prod/d0i6pf3pp0p000a7ff50/d0i7krlu3ph000e8ku3g/d0i6pf3pp0p000a7ff50.tsv
007C737B-D0A1-4653-AEF0-815EBC97B141,1,1,d0i6pffo5c2000el2usg,007c737b-d0a1-4653-aef0-815ebc97b141,2025-05-14 05:13:26.070000,2025-05-14 05:13:26.070000,2025-05-14 05:13:26.070d0i6pffo5c2000el2usg,d0i6pffo5c2000el2usg,3,,,2025-05-14 06:21:33.477000,2025-05-14 06:37:02.010000,s3://di-diml-silver-prod/d0i6pffo5c2000el2usg/d0i7n30sssgg0089jme0/d0i6pffo5c2000el2usg.tsv
0011D681-31DA-4176-A054-EFE147C3FD65,1,1,d0i6pfkclak000dcfejg,0011d681-31da-4176-a054-efe147c3fd65,2025-05-14 05:13:26.070000,2025-05-14 05:13:26.070000,2025-05-14 05:13:26.070d0i6pfkclak000dcfejg,d0i6pfkclak000dcfejg,3,,,2025-05-14 06:16:05.970000,2025-05-14 06:37:02.010000,s3://di-diml-silver-prod/d0i6pfkclak000dcfejg/d0i7ji6r7j8g00cc2epg/d0i6pfkclak000dcfejg.tsv
006046AA-9FD1-4C34-8354-22DA980CCD10,1,1,d0i6pfljt2pg00dn8050,006046aa-9fd1-4c34-8354-22da980ccd10,2025-05-14 05:13:26.070000,2025-05-14 05:13:26.070000,2025-05-14 05:13:26.070d0i6pfljt2pg00dn8050,d0i6pfljt2pg00dn8050,3,,,2025-05-14 06:32:07.410000,2025-05-14 06:47:06.213000,s3://di-diml-silver-prod/d0i6pfljt2pg00dn8050/d0i7p8kaa58000f0uve0/d0i6pfljt2pg00dn8050.tsv
0113F6AF-AC1D-4E9E-A1FE-793D5559291C,1,1,d0i6pfp0qf8g00avn820,0113f6af-ac1d-4e9e-a1fe-793d5559291c,2025-05-14 05:13:26.070000,2025-05-14 05:13:26.070000,2025-05-14 05:13:26.070d0i6pfp0qf8g00avn820,d0i6pfp0qf8g00avn820,3,,,2025-05-14 06:21:33.477000,2025-05-14 06:41:54.267000,s3://di-diml-silver-prod/d0i6pfp0qf8g00avn820/d0i7jkeqdhp00084nn30/d0i6pfp0qf8g00avn820.tsv
00B64D45-895F-4851-BD82-D6C846AD3EFB,1,1,d0i6pfsclak000dcff7g,00b64d45-895f-4851-bd82-d6c846ad3efb,2025-05-14 05:13:26.070000,2025-05-14 05:13:26.070000,2025-05-14 05:13:26.070d0i6pfsclak000dcff7g,d0i6pfsclak000dcff7g,3,,,2025-05-14 06:10:51.547000,2025-05-14 06:20:57.877000,s3://di-diml-silver-prod/d0i6pfsclak000dcff7g/d0i7gueqdhp00084lp4g/d0i6pfsclak000dcff7g.tsv
008570F5-8235-45D0-B34B-213F79B6BC27,1,1,d0i6pgcmmp3000av8uu0,008570f5-8235-45d0-b34b-213f79b6bc27,2025-05-14 05:13:26.070000,2025-05-14 05:13:26.070000,2025-05-14 05:13:26.070d0i6pgcmmp3000av8uu0,d0i6pgcmmp3000av8uu0,3,,,2025-05-14 06:21:33.477000,2025-05-14 06:41:54.267000,s3://di-diml-silver-prod/d0i6pgcmmp3000av8uu0/d0i7mger7j8g00cc51i0/d0i6pgcmmp3000av8uu0.tsv
011D49DA-5DE4-406E-A33D-6ABEA1220704,1,1,d0i6pgkmmp3000av8vi0,011d49da-5de4-406e-a33d-6abea1220704,2025-05-14 05:13:26.070000,2025-05-14 05:13:26.070000,2025-05-14 05:13:26.070d0i6pgkmmp3000av8vi0,d0i6pgkmmp3000av8vi0,3,,,2025-05-14 06:21:33.477000,2025-05-14 06:41:54.267000,s3://di-diml-silver-prod/d0i6pgkmmp3000av8vi0/d0i7ncss10rg00aesmog/d0i6pgkmmp3000av8vi0.tsv
012E54F0-02D6-4006-B929-F60A53EADEA4,1,1,d0i6pgob12i000aopjt0,012e54f0-02d6-4006-b929-f60a53eadea4,2025-05-14 05:13:26.070000,2025-05-14 05:13:26.070000,2025-05-14 05:13:26.070d0i6pgob12i000aopjt0,d0i6pgob12i000aopjt0,3,,,2025-05-14 06:47:23.247000,2025-05-14 06:57:13.630000,s3://di-diml-silver-prod/d0i6pgob12i000aopjt0/d0i82mh0qf8g00b0o2ng/d0i6pgob12i000aopjt0.tsv
009CB1D9-EAF6-4A90-9462-C5289FDF7E32,1,1,d0i6pgur7j8g00cbe4mg,009cb1d9-eaf6-4a90-9462-c5289fdf7e32,2025-05-14 05:13:26.070000,2025-05-14 05:13:26.070000,2025-05-14 05:13:26.070d0i6pgur7j8g00cbe4mg,d0i6pgur7j8g00cbe4mg,3,,,2025-05-14 05:55:12.067000,2025-05-14 06:10:27.760000,s3://di-diml-silver-prod/d0i6pgur7j8g00cbe4mg/d0i7bdujsr2g00bk29jg/d0i6pgur7j8g00cbe4mg.tsv
00EB9232-9D74-4858-B21B-98D4FEED711A,1,1,d0i6ph4mmp3000av9090,00eb9232-9d74-4858-b21b-98d4feed711a,2025-05-14 05:13:26.070000,2025-05-14 05:13:26.070000,2025-05-14 05:13:26.070d0i6ph4mmp3000av9090,d0i6ph4mmp3000av9090,3,,,2025-05-14 06:32:07.410000,2025-05-14 06:52:13.470000,s3://di-diml-silver-prod/d0i6ph4mmp3000av9090/d0i7qhkmmp3000b045sg/d0i6ph4mmp3000av9090.tsv
003F2E0A-407E-427B-914D-384CEE6AD5D3,1,1,d0i6pher7j8g00cbe5v0,003f2e0a-407e-427b-914d-384cee6ad5d3,2025-05-14 05:13:26.070000,2025-05-14 05:13:26.070000,2025-05-14 05:13:26.070d0i6pher7j8g00cbe5v0,d0i6pher7j8g00cbe5v0,3,,,2025-05-14 06:32:07.410000,2025-05-14 06:47:06.213000,s3://di-diml-silver-prod/d0i6pher7j8g00cbe5v0/d0i7rd4aa58000f10vrg/d0i6pher7j8g00cbe5v0.tsv
0120324C-618B-4AC2-85B5-A4F60E1A8C71,1,1,d0i6phks3cjg0096bv20,0120324c-618b-4ac2-85b5-a4f60e1a8c71,2025-05-14 05:13:26.070000,2025-05-14 05:13:26.070000,2025-05-14 05:13:26.070d0i6phks3cjg0096bv20,d0i6phks3cjg0096bv20,3,,,2025-05-14 06:21:33.477000,2025-05-14 06:37:02.010000,s3://di-diml-silver-prod/d0i6phks3cjg0096bv20/d0i7jv4aa58000f0qa9g/d0i6phks3cjg0096bv20.tsv
0115E833-A51C-45D6-8151-F5A9172578EC,1,1,d0i6phmqdhp000843bog,0115e833-a51c-45d6-8151-f5a9172578ec,2025-05-14 05:13:26.070000,2025-05-14 05:13:26.070000,2025-05-14 05:13:26.070d0i6phmqdhp000843bog,d0i6phmqdhp000843bog,3,,,2025-05-14 06:21:33.477000,2025-05-14 06:37:02.010000,s3://di-diml-silver-prod/d0i6phmqdhp000843bog/d0i7nf6omc2g00ftfjqg/d0i6phmqdhp000843bog.tsv
007796DE-7EBC-400F-8327-C1116E291D06,1,1,d0i6phuqdhp000843cfg,007796de-7ebc-400f-8327-c1116e291d06,2025-05-14 05:13:26.070000,2025-05-14 05:13:26.070000,2025-05-14 05:13:26.070d0i6phuqdhp000843cfg,d0i6phuqdhp000843cfg,3,,,2025-05-14 06:32:07.410000,2025-05-14 06:52:13.470000,s3://di-diml-silver-prod/d0i6phuqdhp000843cfg/d0i7sh527ee0009vpq10/d0i6phuqdhp000843cfg.tsv
009EEF9F-B4B3-4A27-8FB3-8FAB14726DFB,1,1,d0i6pikclak000dcfmf0,009eef9f-b4b3-4a27-8fb3-8fab14726dfb,2025-05-14 05:13:26.070000,2025-05-14 05:13:26.070000,2025-05-14 05:13:26.070d0i6pikclak000dcfmf0,d0i6pikclak000dcfmf0,3,,,2025-05-14 06:21:33.477000,2025-05-14 06:37:02.010000,s3://di-diml-silver-prod/d0i6pikclak000dcfmf0/d0i7lkllhp0g00ajdp30/d0i6pikclak000dcfmf0.tsv
00B43744-4422-4473-8178-818C3AD4FA99,1,1,d0i6pitlhp0g00aimvb0,00b43744-4422-4473-8178-818c3ad4fa99,2025-05-14 05:13:26.070000,2025-05-14 05:13:26.070000,2025-05-14 05:13:26.070d0i6pitlhp0g00aimvb0,d0i6pitlhp0g00aimvb0,3,,,2025-05-14 06:00:36.050000,2025-05-14 06:10:27.760000,s3://di-diml-silver-prod/d0i6pitlhp0g00aimvb0/d0i7dk2dvnk000bneb20/d0i6pitlhp0g00aimvb0.tsv
003C1B2E-5E72-4FEB-8B2E-50565509457D,1,1,d0i6piuomc2g00fsnfvg,003c1b2e-5e72-4feb-8b2e-50565509457d,2025-05-14 05:13:26.070000,2025-05-14 05:13:26.070000,2025-05-14 05:13:26.070d0i6piuomc2g00fsnfvg,d0i6piuomc2g00fsnfvg,3,,,2025-05-14 06:16:05.970000,2025-05-14 06:37:02.010000,s3://di-diml-silver-prod/d0i6piuomc2g00fsnfvg/d0i7hl5u3ph000e8icsg/d0i6piuomc2g00fsnfvg.tsv
00B4D30E-BC2C-4297-940A-AA6EB95C826A,1,1,d0i6pj6jsr2g00bjk0jg,00b4d30e-bc2c-4297-940a-aa6eb95c826a,2025-05-14 05:13:26.070000,2025-05-14 05:13:26.070000,2025-05-14 05:13:26.070d0i6pj6jsr2g00bjk0jg,d0i6pj6jsr2g00bjk0jg,3,,,2025-05-14 06:00:36.050000,2025-05-14 06:15:41.887000,s3://di-diml-silver-prod/d0i6pj6jsr2g00bjk0jg/d0i7daqo7i8g00bhp2qg/d0i6pj6jsr2g00bjk0jg.tsv
01243827-9D1A-4CC9-B773-3A7E0F1E4A08,1,1,d0i6pjuo773g00ccvsc0,01243827-9d1a-4cc9-b773-3a7e0f1e4a08,2025-05-14 05:13:26.070000,2025-05-14 05:13:26.070000,2025-05-14 05:13:26.070d0i6pjuo773g00ccvsc0,d0i6pjuo773g00ccvsc0,3,,,2025-05-14 06:00:36.050000,2025-05-14 06:10:27.760000,s3://di-diml-silver-prod/d0i6pjuo773g00ccvsc0/d0i7dfao7i8g00bhp660/d0i6pjuo773g00ccvsc0.tsv
00A9F694-2699-40A8-ABAE-298F7D39E77C,1,1,d0i6pkdjt2pg00dn8cf0,00a9f694-2699-40a8-abae-298f7d39e77c,2025-05-14 05:13:26.070000,2025-05-14 05:13:26.070000,2025-05-14 05:13:26.070d0i6pkdjt2pg00dn8cf0,d0i6pkdjt2pg00dn8cf0,3,,,2025-05-14 06:37:21.280000,2025-05-14 06:47:06.213000,s3://di-diml-silver-prod/d0i6pkdjt2pg00dn8cf0/d0i7tdt27ee0009vqlgg/d0i6pkdjt2pg00dn8cf0.tsv
0085F205-AC6A-4C7D-A7CD-20AACFF3DD30,1,1,d0i6pkhggil000a11sjg,0085f205-ac6a-4c7d-a7cd-20aacff3dd30,2025-05-14 05:13:26.070000,2025-05-14 05:13:26.070000,2025-05-14 05:13:26.070d0i6pkhggil000a11sjg,d0i6pkhggil000a11sjg,3,,,2025-05-14 06:32:07.410000,2025-05-14 06:52:13.470000,s3://di-diml-silver-prod/d0i6pkhggil000a11sjg/d0i7skhs5hl000fcura0/d0i6pkhggil000a11sjg.tsv
00091E8F-2DC2-4EE0-8B00-EE05B1502EA1,1,1,d0i6pkmr7j8g00cbeei0,00091e8f-2dc2-4ee0-8b00-ee05b1502ea1,2025-05-14 05:13:26.070000,2025-05-14 05:13:26.070000,2025-05-14 05:13:26.070d0i6pkmr7j8g00cbeei0,d0i6pkmr7j8g00cbeei0,3,,,2025-05-14 06:16:05.970000,2025-05-14 06:37:02.010000,s3://di-diml-silver-prod/d0i6pkmr7j8g00cbeei0/d0i7k0vo5c2000elngb0/d0i6pkmr7j8g00cbeei0.tsv
007DFAFB-BD4A-40DD-9380-12FC4B2CC6E8,1,1,d0i6pl527ee0009uti2g,007dfafb-bd4a-40dd-9380-12fc4b2cc6e8,2025-05-14 05:13:26.070000,2025-05-14 05:13:26.070000,2025-05-14 05:13:26.070d0i6pl527ee0009uti2g,d0i6pl527ee0009uti2g,3,,,2025-05-14 06:16:05.970000,2025-05-14 06:37:02.010000,s3://di-diml-silver-prod/d0i6pl527ee0009uti2g/d0i7m63kf5cg00e7nefg/d0i6pl527ee0009uti2g.tsv
003FCEF2-FAFE-4076-B0E5-EF7057E85B29,1,1,d0i6pl5pebk000f1j9e0,003fcef2-fafe-4076-b0e5-ef7057e85b29,2025-05-14 05:13:26.070000,2025-05-14 05:13:26.070000,2025-05-14 05:13:26.070d0i6pl5pebk000f1j9e0,d0i6pl5pebk000f1j9e0,3,,,2025-05-14 06:21:33.477000,2025-05-14 06:37:02.010000,s3://di-diml-silver-prod/d0i6pl5pebk000f1j9e0/d0i7n75u3ph000e8n28g/d0i6pl5pebk000f1j9e0.tsv
00460D3F-D6E8-436F-8B98-4F4C84613440,1,1,d0i6pladvnk000bmtqu0,00460d3f-d6e8-436f-8b98-4f4c84613440,2025-05-14 05:13:26.070000,2025-05-14 05:13:26.070000,2025-05-14 05:13:26.070d0i6pladvnk000bmtqu0,d0i6pladvnk000bmtqu0,3,,,2025-05-14 06:00:36.050000,2025-05-14 06:15:41.887000,s3://di-diml-silver-prod/d0i6pladvnk000bmtqu0/d0i7do6r7j8g00cbub40/d0i6pladvnk000bmtqu0.tsv
004B6656-5FED-42D1-A0DA-4DCA42B80EAE,1,1,d0i6pljpp0p000a7fvn0,004b6656-5fed-42d1-a0da-4dca42b80eae,2025-05-14 05:13:26.070000,2025-05-14 05:13:26.070000,2025-05-14 05:13:26.070d0i6pljpp0p000a7fvn0,d0i6pljpp0p000a7fvn0,3,,,2025-05-14 06:42:21.903000,2025-05-14 06:57:13.630000,s3://di-diml-silver-prod/d0i6pljpp0p000a7fvn0/d0i824eo773g00cdv82g/d0i6pljpp0p000a7fvn0.tsv
00F15E95-2F4A-49DA-9320-A16D339EECA9,1,1,d0i6plmgi0og00aul1i0,00f15e95-2f4a-49da-9320-a16d339eeca9,2025-05-14 05:13:26.070000,2025-05-14 05:13:26.070000,2025-05-14 05:13:26.070d0i6plmgi0og00aul1i0,d0i6plmgi0og00aul1i0,3,,,2025-05-14 05:55:12.067000,2025-05-14 06:05:11.643000,s3://di-diml-silver-prod/d0i6plmgi0og00aul1i0/d0i7b8dlhp0g00aj67l0/d0i6plmgi0og00aul1i0.tsv
0002C9F2-E512-4272-8F38-DFA4B521F308,1,1,d0i6pmgsssgg0088rlo0,0002c9f2-e512-4272-8f38-dfa4b521f308,2025-05-14 05:13:26.070000,2025-05-14 05:13:26.070000,2025-05-14 05:13:26.070d0i6pmgsssgg0088rlo0,d0i6pmgsssgg0088rlo0,3,,,2025-05-14 06:16:05.970000,2025-05-14 06:37:02.010000,s3://di-diml-silver-prod/d0i6pmgsssgg0088rlo0/d0i7liqdvnk000bnk7k0/d0i6pmgsssgg0088rlo0.tsv
002B0A6B-06AE-4EC8-B63E-A18F26F0AEE0,1,1,d0i6pncclak000dcg2r0,002b0a6b-06ae-4ec8-b63e-a18f26f0aee0,2025-05-14 05:13:26.070000,2025-05-14 05:13:26.070000,2025-05-14 05:13:26.070d0i6pncclak000dcg2r0,d0i6pncclak000dcg2r0,3,,,2025-05-14 06:52:33.337000,2025-05-14 07:07:24.653000,s3://di-diml-silver-prod/d0i6pncclak000dcg2r0/d0i866er7j8g00cchjb0/d0i6pncclak000dcg2r0.tsv
00E79E0D-111E-4BF4-97BB-CBA903B68787,1,1,d0i6pnrpp0p000a7g59g,00e79e0d-111e-4bf4-97bb-cba903b68787,2025-05-14 05:13:26.070000,2025-05-14 05:13:26.070000,2025-05-14 05:13:26.070d0i6pnrpp0p000a7g59g,d0i6pnrpp0p000a7g59g,3,,,2025-05-14 06:10:51.547000,2025-05-14 06:37:02.010000,s3://di-diml-silver-prod/d0i6pnrpp0p000a7g59g/d0i7jl4mmp3000avu24g/d0i6pnrpp0p000a7g59g.tsv
00D0BF93-9695-4333-8555-107D4ADE2A34,1,1,d0i6pnsmmp3000av9i1g,00d0bf93-9695-4333-8555-107d4ade2a34,2025-05-14 05:13:26.070000,2025-05-14 05:13:26.070000,2025-05-14 05:13:26.070d0i6pnsmmp3000av9i1g,d0i6pnsmmp3000av9i1g,3,,,2025-05-14 06:32:07.410000,2025-05-14 06:52:13.470000,s3://di-diml-silver-prod/d0i6pnsmmp3000av9i1g/d0i7pa6gi0og00avdt70/d0i6pnsmmp3000av9i1g.tsv
0084E7B0-B4C1-44A6-A23C-EF8244C1DFB9,1,1,d0i6pocaa58000f05o20,0084e7b0-b4c1-44a6-a23c-ef8244c1dfb9,2025-05-14 05:13:26.070000,2025-05-14 05:13:26.070000,2025-05-14 05:13:26.070d0i6pocaa58000f05o20,d0i6pocaa58000f05o20,3,,,2025-05-14 06:21:33.477000,2025-05-14 06:37:02.010000,s3://di-diml-silver-prod/d0i6pocaa58000f05o20/d0i7m7djt2pg00dnurvg/d0i6pocaa58000f05o20.tsv
0132E0B0-4CCA-45C8-A7EB-0E83BE9CFC95,1,1,d0i6poidvnk000bmu3n0,0132e0b0-4cca-45c8-a7eb-0e83be9cfc95,2025-05-14 05:13:26.070000,2025-05-14 05:13:26.070000,2025-05-14 05:13:26.070d0i6poidvnk000bmu3n0,d0i6poidvnk000bmu3n0,3,,,2025-05-14 06:16:05.970000,2025-05-14 06:37:02.010000,s3://di-diml-silver-prod/d0i6poidvnk000bmu3n0/d0i7k0osssgg0089gv70/d0i6poidvnk000bmu3n0.tsv
00E05176-1145-4409-A591-5B01C5AEB03C,1,1,d0i6pp2dvnk000bmu4rg,00e05176-1145-4409-a591-5b01c5aeb03c,2025-05-14 05:13:26.070000,2025-05-14 05:13:26.070000,2025-05-14 05:13:26.070d0i6pp2dvnk000bmu4rg,d0i6pp2dvnk000bmu4rg,3,,,2025-05-14 06:16:05.970000,2025-05-14 06:37:02.010000,s3://di-diml-silver-prod/d0i6pp2dvnk000bmu4rg/d0i7kaob12i000apeesg/d0i6pp2dvnk000bmu4rg.tsv
00715657-115B-468A-BA8D-1FAE75E6C725,1,1,d0i6pq5lhp0g00aingog,00715657-115b-468a-ba8d-1fae75e6c725,2025-05-14 05:13:26.070000,2025-05-14 05:13:26.070000,2025-05-14 05:13:26.070d0i6pq5lhp0g00aingog,d0i6pq5lhp0g00aingog,3,,,2025-05-14 06:37:21.280000,2025-05-14 06:57:13.630000,s3://di-diml-silver-prod/d0i6pq5lhp0g00aingog/d0i7v3vo5c2000em17rg/d0i6pq5lhp0g00aingog.tsv
0112B7E5-9FE1-4703-8B4B-8F12C953F27B,1,1,d0i6ps2dvnk000bmucug,0112b7e5-9fe1-4703-8b4b-8f12c953f27b,2025-05-14 05:13:26.070000,2025-05-14 05:13:26.070000,2025-05-14 05:13:26.070d0i6ps2dvnk000bmucug,d0i6ps2dvnk000bmucug,3,,,2025-05-14 06:10:51.547000,2025-05-14 06:20:57.877000,s3://di-diml-silver-prod/d0i6ps2dvnk000bmucug/d0i7h9lu3ph000e8i470/d0i6ps2dvnk000bmucug.tsv
0048A194-227B-49EF-9B34-A8EAB903B1CA,1,1,d0i6pt4s3cjg0096csr0,0048a194-227b-49ef-9b34-a8eab903b1ca,2025-05-14 05:13:26.070000,2025-05-14 05:13:26.070000,2025-05-14 05:13:26.070d0i6pt4s3cjg0096csr0,d0i6pt4s3cjg0096csr0,3,,,2025-05-14 06:21:33.477000,2025-05-14 06:41:54.267000,s3://di-diml-silver-prod/d0i6pt4s3cjg0096csr0/d0i7otcclak000dd8s7g/d0i6pt4s3cjg0096csr0.tsv
00823612-FDCF-48B9-807D-CB98A012BBB9,1,1,d0i6ptdpebk000f1jutg,00823612-fdcf-48b9-807d-cb98a012bbb9,2025-05-14 05:13:26.070000,2025-05-14 05:13:26.070000,2025-05-14 05:13:26.070d0i6ptdpebk000f1jutg,d0i6ptdpebk000f1jutg,3,,,2025-05-14 06:16:05.970000,2025-05-14 06:37:02.010000,s3://di-diml-silver-prod/d0i6ptdpebk000f1jutg/d0i7kb5lhp0g00ajcnfg/d0i6ptdpebk000f1jutg.tsv
010081E4-B230-4507-8DAD-147EC5333A19,1,1,d0i6puidvnk000bmuit0,010081e4-b230-4507-8dad-147ec5333a19,2025-05-14 05:13:26.070000,2025-05-14 05:13:26.070000,2025-05-14 05:13:26.070d0i6puidvnk000bmuit0,d0i6puidvnk000bmuit0,3,,,2025-05-14 06:32:07.410000,2025-05-14 06:52:13.470000,s3://di-diml-silver-prod/d0i6puidvnk000bmuit0/d0i7sldu3ph000e8s9h0/d0i6puidvnk000bmuit0.tsv
006FCA94-45DA-4F7C-AC24-7CEAD4C1D1D5,1,1,d0i6puosssgg0088sbag,006fca94-45da-4f7c-ac24-7cead4c1d1d5,2025-05-14 05:13:26.070000,2025-05-14 05:13:26.070000,2025-05-14 05:13:26.070d0i6puosssgg0088sbag,d0i6puosssgg0088sbag,3,,,2025-05-14 06:32:07.410000,2025-05-14 06:47:06.213000,s3://di-diml-silver-prod/d0i6puosssgg0088sbag/d0i7tutpebk000f2hn70/d0i6puosssgg0088sbag.tsv
00C8D99D-122C-4292-8DF9-A3D2FB07BAB8,1,1,d0i6pvllhp0g00ainvh0,00c8d99d-122c-4292-8df9-a3d2fb07bab8,2025-05-14 05:13:26.070000,2025-05-14 05:13:26.070000,2025-05-14 05:13:26.070d0i6pvllhp0g00ainvh0,d0i6pvllhp0g00ainvh0,3,,,2025-05-14 05:55:12.067000,2025-05-14 06:10:27.760000,s3://di-diml-silver-prod/d0i6pvllhp0g00ainvh0/d0i7csqo7i8g00bhooeg/d0i6pvllhp0g00ainvh0.tsv
0143805D-08E9-44F0-B634-BEC6531170D6,1,1,d0i6q1tpebk000f1ka6g,0143805d-08e9-44f0-b634-bec6531170d6,2025-05-14 05:13:26.070000,2025-05-14 05:13:26.070000,2025-05-14 05:13:26.070d0i6q1tpebk000f1ka6g,d0i6q1tpebk000f1ka6g,3,,,2025-05-14 06:21:33.477000,2025-05-14 06:37:02.010000,s3://di-diml-silver-prod/d0i6q1tpebk000f1ka6g/d0i7op4mmp3000b02ig0/d0i6q1tpebk000f1ka6g.tsv
00EADF09-6BEE-4133-9289-10FD028B5FAB,1,1,d0k67jmgi0og00b3kdh0,00eadf09-6bee-4133-9289-10fd028b5fab,2025-05-17 05:24:54.530000,2025-05-17 05:24:54.530000,2025-05-17 05:24:54.530d0k67jmgi0og00b3kdh0,d0k67jmgi0og00b3kdh0,3,,,2025-05-17 06:37:13.960000,2025-05-17 07:01:42.020000,s3://di-diml-silver-prod/d0k67jmgi0og00b3kdh0/d0k6kl4clak000dhqp8g/d0k67jmgi0og00b3kdh0.tsv
00D4BBE0-94B0-48CC-814C-4820645FE98F,1,1,d0k6as6jsr2g00boo8pg,00d4bbe0-94b0-48cc-814c-4820645fe98f,2025-05-17 05:31:38.953000,2025-05-17 05:31:38.953000,2025-05-17 05:31:38.953d0k6as6jsr2g00boo8pg,d0k6as6jsr2g00boo8pg,3,,,2025-05-17 06:42:18,2025-05-17 07:01:42.020000,s3://di-diml-silver-prod/d0k6as6jsr2g00boo8pg/d0k6td4aa58000f5n5bg/d0k6as6jsr2g00boo8pg.tsv
000ADB5B-E5FA-42C3-9ACF-2D93257D29C2,1,1,d0k6crrkf5cg00ec7qp0,000adb5b-e5fa-42c3-9acf-2d93257d29c2,2025-05-17 05:35:26.287000,2025-05-17 05:35:26.287000,2025-05-17 05:35:26.287d0k6crrkf5cg00ec7qp0,d0k6crrkf5cg00ec7qp0,3,,,2025-05-17 06:42:18,2025-05-17 07:01:42.020000,s3://di-diml-silver-prod/d0k6crrkf5cg00ec7qp0/d0k751eo773g00cince0/d0k6crrkf5cg00ec7qp0.tsv
00530569-8F7E-49DD-87BB-AB4F1011FC91,1,1,d0k6csqfqkig00estu9g,00530569-8f7e-49dd-87bb-ab4f1011fc91,2025-05-17 05:35:26.287000,2025-05-17 05:35:26.287000,2025-05-17 05:35:26.287d0k6csqfqkig00estu9g,d0k6csqfqkig00estu9g,3,,,2025-05-17 06:52:21.800000,2025-05-17 07:06:45.783000,s3://di-diml-silver-prod/d0k6csqfqkig00estu9g/d0k7alob12i000aultsg/d0k6csqfqkig00estu9g.tsv
005EC3BE-4660-440D-A40C-DCB5A56A2AC3,1,1,d0kr6beqdhp0008ab290,005ec3be-4660-440d-a40c-dcb5a56a2ac3,2025-05-18 05:15:25.233000,2025-05-18 05:15:25.233000,2025-05-18 05:15:25.233d0kr6beqdhp0008ab290,d0kr6beqdhp0008ab290,3,,,2025-05-18 06:50:32.753000,2025-05-18 07:06:12.017000,s3://di-diml-silver-prod/d0kr6beqdhp0008ab290/d0ks6n79vfn000fn2e2g/d0kr6beqdhp0008ab290.tsv
012DE7E5-7DC2-4F48-9C76-A3CB4EDC3130,1,1,d0kr6iadvnk000bt5ba0,012de7e5-7dc2-4f48-9c76-a3cb4edc3130,2025-05-18 05:15:25.233000,2025-05-18 05:15:25.233000,2025-05-18 05:15:25.233d0kr6iadvnk000bt5ba0,d0kr6iadvnk000bt5ba0,3,,,2025-05-18 07:05:57.113000,2025-05-18 07:26:35.690000,s3://di-diml-silver-prod/d0kr6iadvnk000bt5ba0/d0ksbn2fqkig00euj38g/d0kr6iadvnk000bt5ba0.tsv
00375118-C41F-40A0-A838-8E2F7635C523,1,1,d0krcb6jsr2g00bpvoe0,00375118-c41f-40a0-a838-8e2f7635c523,2025-05-18 05:28:16.997000,2025-05-18 05:28:16.997000,2025-05-18 05:28:16.997d0krcb6jsr2g00bpvoe0,d0krcb6jsr2g00bpvoe0,3,,,2025-05-18 07:05:57.113000,2025-05-18 07:21:25.480000,s3://di-diml-silver-prod/d0krcb6jsr2g00bpvoe0/d0ksn3hs5hl000fj6do0/d0krcb6jsr2g00bpvoe0.tsv
006FCE52-9AD1-4908-842F-D4887444A8EB,1,1,d0krsillhp0g00apakb0,006fce52-9ad1-4908-842f-d4887444a8eb,2025-05-18 06:02:00.537000,2025-05-18 06:02:00.537000,2025-05-18 06:02:00.537d0krsillhp0g00apakb0,d0krsillhp0g00apakb0,3,,,2025-05-18 07:36:13.123000,2025-05-18 07:52:01.770000,s3://di-diml-silver-prod/d0krsillhp0g00apakb0/d0ksu1g38n7000ajtpmg/d0krsillhp0g00apakb0.tsv
005AB365-E0DC-4B45-8301-3D767D10E223,1,1,d0lg5aejsr2g00br5kug,005ab365-e0dc-4b45-8301-3d767d10e223,2025-05-19 05:07:21.217000,2025-05-19 05:07:21.217000,2025-05-19 05:07:21.217d0lg5aejsr2g00br5kug,d0lg5aejsr2g00br5kug,3,,,2025-05-19 08:20:57.373000,2025-05-19 08:45:24.413000,s3://di-diml-silver-prod/d0lg5aejsr2g00br5kug/d0lgihcmmp3000b730s0/d0lg5aejsr2g00br5kug.tsv
0092AF8D-8636-45D1-B51D-7899C7169977,1,1,d0lg5imo773g00ckhsg0,0092af8d-8636-45d1-b51d-7899c7169977,2025-05-19 05:07:21.217000,2025-05-19 05:07:21.217000,2025-05-19 05:07:21.217d0lg5imo773g00ckhsg0,d0lg5imo773g00ckhsg0,3,,,2025-05-19 08:20:57.373000,2025-05-19 08:40:17.563000,s3://di-diml-silver-prod/d0lg5imo773g00ckhsg0/d0lgjdmomc2g0084icu0/d0lg5imo773g00ckhsg0.tsv
006351E0-DFE8-4BE9-9E41-03C76E8C569E,1,1,d0lg9feqdhp0008bou40,006351e0-dfe8-4be9-9e41-03c76e8c569e,2025-05-19 05:15:34.127000,2025-05-19 05:15:34.127000,2025-05-19 05:15:34.127d0lg9feqdhp0008bou40,d0lg9feqdhp0008bou40,3,,,2025-05-19 08:20:57.373000,2025-05-19 08:45:24.413000,s3://di-diml-silver-prod/d0lg9feqdhp0008bou40/d0lgs1v9vfn000fo92k0/d0lg9feqdhp0008bou40.tsv
000ADBD6-A03C-46E8-AA98-0D4297B6B39F,1,1,d0lgboifqkig00eve4fg,000adbd6-a03c-46e8-aa98-0d4297b6b39f,2025-05-19 05:20:28.563000,2025-05-19 05:20:28.563000,2025-05-19 05:20:28.563d0lgboifqkig00eve4fg,d0lgboifqkig00eve4fg,3,,,2025-05-19 08:20:57.373000,2025-05-19 08:40:17.563000,s3://di-diml-silver-prod/d0lgboifqkig00eve4fg/d0lh0raprk700093eg80/d0lgboifqkig00eve4fg.tsv
00FDDC8E-81E2-48A9-8675-493229C17CAD,1,1,d0lge8jkf5cg00eeqdq0,00fddc8e-81e2-48a9-8675-493229c17cad,2025-05-19 05:25:17.187000,2025-05-19 05:25:17.187000,2025-05-19 05:25:17.187d0lge8jkf5cg00eeqdq0,d0lge8jkf5cg00eeqdq0,3,,,2025-05-19 08:20:57.373000,2025-05-19 08:50:29.367000,s3://di-diml-silver-prod/d0lge8jkf5cg00eeqdq0/d0lh78cclak000dkkd5g/d0lge8jkf5cg00eeqdq0.tsv
000C1369-3953-425A-8784-94C64CA0BA4F,1,1,d0lgkq4aa58000f806eg,000c1369-3953-425a-8784-94c64ca0ba4f,2025-05-19 05:38:58.767000,2025-05-19 05:38:58.767000,2025-05-19 05:38:58.767d0lgkq4aa58000f806eg,d0lgkq4aa58000f806eg,3,,,2025-05-19 08:30:37.953000,2025-05-19 08:55:36.453000,s3://di-diml-silver-prod/d0lgkq4aa58000f806eg/d0lhkrks10rg00amdmi0/d0lgkq4aa58000f806eg.tsv
00BE5B4F-16A4-4705-A6D5-4E455D939F70,1,1,d0lh7rcclak000dkleqg,00be5b4f-16a4-4705-a6d5-4e455d939f70,2025-05-19 06:19:58.657000,2025-05-19 06:19:58.657000,2025-05-19 06:19:58.657d0lh7rcclak000dkleqg,d0lh7rcclak000dkleqg,3,,,2025-05-19 09:12:35.120000,2025-05-19 09:28:13.330000,s3://di-diml-silver-prod/d0lh7rcclak000dkleqg/d0ljl7s72f3g00d493dg/d0lh7rcclak000dkleqg.tsv
00AE2340-D29B-4499-8250-11647D67398B,1,1,d0m5ajqo7i8g00bqdda0,00ae2340-d29b-4499-8250-11647d67398b,2025-05-20 05:11:06.343000,2025-05-20 05:11:06.343000,2025-05-20 05:11:06.343d0m5ajqo7i8g00bqdda0,d0m5ajqo7i8g00bqdda0,3,,,2025-05-20 06:48:52.830000,2025-05-20 07:17:03.060000,s3://di-diml-silver-prod/d0m5ajqo7i8g00bqdda0/d0m5snkaa58000f9lll0/d0m5ajqo7i8g00bqdda0.tsv
01307051-8300-47EC-AD0E-34366FA77247,1,1,d0m5d3o38n7000alqog0,01307051-8300-47ec-ad0e-34366fa77247,2025-05-20 05:16:55.140000,2025-05-20 05:16:55.140000,2025-05-20 05:16:55.140d0m5d3o38n7000alqog0,d0m5d3o38n7000alqog0,3,,,2025-05-20 07:10:52.610000,2025-05-20 07:27:14.573000,s3://di-diml-silver-prod/d0m5d3o38n7000alqog0/d0m6qu9s5hl000fm00u0/d0m5d3o38n7000alqog0.tsv
0013C825-EFDF-4EE7-B153-DF39249C022E,1,1,d0m5dcadvnk000c045r0,0013c825-efdf-4ee7-b153-df39249c022e,2025-05-20 05:16:55.140000,2025-05-20 05:16:55.140000,2025-05-20 05:16:55.140d0m5dcadvnk000c045r0,d0m5dcadvnk000c045r0,3,,,2025-05-20 06:48:52.830000,2025-05-20 07:11:54.380000,s3://di-diml-silver-prod/d0m5dcadvnk000c045r0/d0m6faqprk7000955cd0/d0m5dcadvnk000c045r0.tsv
00F5A7A7-8ED6-42A1-9D64-55E3FCBB1FA7,1,1,d0m5k3ps5hl000fldip0,00f5a7a7-8ed6-42a1-9d64-55e3fcbb1fa7,2025-05-20 05:32:12.637000,2025-05-20 05:32:12.637000,2025-05-20 05:32:12.637d0m5k3ps5hl000fldip0,d0m5k3ps5hl000fldip0,3,,,2025-05-20 06:50:23.693000,2025-05-20 07:11:54.380000,s3://di-diml-silver-prod/d0m5k3ps5hl000fldip0/d0m66amgi0og00b893vg/d0m5k3ps5hl000fldip0.tsv
00E7D27B-DD0D-46EA-A1B1-BDA74ED0A9CD,1,1,d0m5k7ugi0og00b7vavg,00e7d27b-dd0d-46ea-a1b1-bda74ed0a9cd,2025-05-20 05:32:12.637000,2025-05-20 05:32:12.637000,2025-05-20 05:32:12.637d0m5k7ugi0og00b7vavg,d0m5k7ugi0og00b7vavg,3,,,2025-05-20 07:00:41.767000,2025-05-20 07:27:14.573000,s3://di-diml-silver-prod/d0m5k7ugi0og00b7vavg/d0m688qdvnk000c0jlp0/d0m5k7ugi0og00b7vavg.tsv
001CD6A0-197B-46D4-8BC2-196947823131,1,1,d0m5lvks10rg00aniq1g,001cd6a0-197b-46d4-8bc2-196947823131,2025-05-20 05:35:53.917000,2025-05-20 05:35:53.917000,2025-05-20 05:35:53.917d0m5lvks10rg00aniq1g,d0m5lvks10rg00aniq1g,3,,,2025-05-20 06:50:23.693000,2025-05-20 07:17:03.060000,s3://di-diml-silver-prod/d0m5lvks10rg00aniq1g/d0m6cosaa58000f9st90/d0m5lvks10rg00aniq1g.tsv
01461CB6-3802-4D9D-854A-58CD706A1303,1,1,d0m5qbllhp0g00as8ec0,01461cb6-3802-4d9d-854a-58cd706a1303,2025-05-20 05:43:37.690000,2025-05-20 05:43:37.690000,2025-05-20 05:43:37.690d0m5qbllhp0g00as8ec0,d0m5qbllhp0g00as8ec0,3,,,2025-05-20 06:50:23.693000,2025-05-20 07:11:54.380000,s3://di-diml-silver-prod/d0m5qbllhp0g00as8ec0/d0m6nmo38n7000amh4mg/d0m5qbllhp0g00as8ec0.tsv
00474CB2-4F2A-4CF6-AAD8-B83AFE6EA311,1,1,d0mqbbcaa58000faji00,00474cb2-4f2a-4cf6-aad8-b83afe6ea311,2025-05-21 05:06:56.817000,2025-05-21 05:06:56.817000,2025-05-21 05:06:56.817d0mqbbcaa58000faji00,d0mqbbcaa58000faji00,3,,,2025-05-21 06:17:22.840000,2025-05-21 06:35:23.193000,s3://di-diml-silver-prod/d0mqbbcaa58000faji00/d0mqnrer7j8g00cm6op0/d0mqbbcaa58000faji00.tsv
0145F418-33E7-49D4-BF47-5A24DF083BFD,1,1,d0mqcdcaa58000faksd0,0145f418-33e7-49d4-bf47-5a24df083bfd,2025-05-21 05:09:19.927000,2025-05-21 05:09:19.927000,2025-05-21 05:09:19.927d0mqcdcaa58000faksd0,d0mqcdcaa58000faksd0,3,,,2025-05-21 06:17:22.840000,2025-05-21 06:35:23.193000,s3://di-diml-silver-prod/d0mqcdcaa58000faksd0/d0mqmviprk70009645c0/d0mqcdcaa58000faksd0.tsv
0087ADBF-CE08-4BFB-973A-D36421C7FD8A,1,1,d0mqcncaa58000fallu0,0087adbf-ce08-4bfb-973a-d36421c7fd8a,2025-05-21 05:09:19.927000,2025-05-21 05:09:19.927000,2025-05-21 05:09:19.927d0mqcncaa58000fallu0,d0mqcncaa58000fallu0,3,,,2025-05-21 07:05:45.863000,2025-05-21 07:16:35.863000,s3://di-diml-silver-prod/d0mqcncaa58000fallu0/d0mrbdcclak000dngq9g/d0mqcncaa58000fallu0.tsv
0036F519-757B-4B77-A297-79AA9704F101,1,1,d0mqcuk72f3g00d62ag0,0036f519-757b-4b77-a297-79aa9704f101,2025-05-21 05:11:51.160000,2025-05-21 05:11:51.160000,2025-05-21 05:11:51.160d0mqcuk72f3g00d62ag0,d0mqcuk72f3g00d62ag0,3,,,2025-05-21 06:22:29.740000,2025-05-21 06:35:23.193000,s3://di-diml-silver-prod/d0mqcuk72f3g00d62ag0/d0mqvt8sssgg008jojkg/d0mqcuk72f3g00d62ag0.tsv
00639373-2D08-46CA-9A0E-88F1868659B2,1,1,d0mqevrpp0p000ai3ti0,00639373-2d08-46ca-9a0e-88f1868659b2,2025-05-21 05:14:17.467000,2025-05-21 05:14:17.467000,2025-05-21 05:14:17.467d0mqevrpp0p000ai3ti0,d0mqevrpp0p000ai3ti0,3,,,2025-05-21 06:35:06.067000,2025-05-21 06:55:29.557000,s3://di-diml-silver-prod/d0mqevrpp0p000ai3ti0/d0mrb2527ee000a9u0ig/d0mqevrpp0p000ai3ti0.tsv
0086E1C4-4CAD-4250-9F4A-96F411494E27,1,1,d0mqf2h0qf8g00bab7ng,0086e1c4-4cad-4250-9f4a-96f411494e27,2025-05-21 05:14:17.467000,2025-05-21 05:14:17.467000,2025-05-21 05:14:17.467d0mqf2h0qf8g00bab7ng,d0mqf2h0qf8g00bab7ng,3,,,2025-05-21 06:17:22.840000,2025-05-21 06:35:23.193000,s3://di-diml-silver-prod/d0mqf2h0qf8g00bab7ng/d0mr5q6jsr2g00buhmhg/d0mqf2h0qf8g00bab7ng.tsv
00704956-CB63-48D6-8178-CE11E8934674,1,1,d4bgqs6i2fk000a8b4bg,00704956-cb63-48d6-8178-ce11e8934674,2025-11-14 05:08:14.147000,2025-11-14 05:08:14.147000,2025-11-14 05:08:14.147d4bgqs6i2fk000a8b4bg,d4bgqs6i2fk000a8b4bg,3,,,2025-11-14 05:20:30.283000,2025-11-14 05:28:47.410000,s3://di-diml-silver-prod/d4bgqs6i2fk000a8b4bg/d4bgs4hpnfb000ad6nfg/d4bgqs6i2fk000a8b4bg.tsv
00078DB9-12E2-488F-A04B-937F0CDCE2B4,1,1,d4bgqthr2gng00dgcqig,00078db9-12e2-488f-a04b-937f0cdce2b4,2025-11-14 05:08:14.147000,2025-11-14 05:08:14.147000,2025-11-14 05:08:14.147d4bgqthr2gng00dgcqig,d4bgqthr2gng00dgcqig,3,,,2025-11-14 05:25:31.417000,2025-11-14 05:33:48.590000,s3://di-diml-silver-prod/d4bgqthr2gng00dgcqig/d4bgsrgrovqg00fvgil0/d4bgqthr2gng00dgcqig.tsv
00CEEC47-572A-44EC-A27A-1F49B54057DE,1,1,d4bgqtj7b9cg0089smm0,00ceec47-572a-44ec-a27a-1f49b54057de,2025-11-14 05:08:14.147000,2025-11-14 05:08:14.147000,2025-11-14 05:08:14.147d4bgqtj7b9cg0089smm0,d4bgqtj7b9cg0089smm0,3,,,2025-11-14 05:35:32.053000,2025-11-14 05:38:49.240000,s3://di-diml-silver-prod/d4bgqtj7b9cg0089smm0/d4bgssm3niag00830jdg/d4bgqtj7b9cg0089smm0.tsv
00E585C0-24E2-4DC8-8CCB-44989408BE75,1,1,d4bgqtlhpu5g00cgjb50,00e585c0-24e2-4dc8-8ccb-44989408be75,2025-11-14 05:08:14.147000,2025-11-14 05:08:14.147000,2025-11-14 05:08:14.147d4bgqtlhpu5g00cgjb50,d4bgqtlhpu5g00cgjb50,3,,,2025-11-14 05:30:32.073000,2025-11-14 05:38:49.240000,s3://di-diml-silver-prod/d4bgqtlhpu5g00cgjb50/d4bgst97bgd000cfkj70/d4bgqtlhpu5g00cgjb50.tsv
0044D8B2-BEA1-4596-8211-0C632F9AA8A0,1,1,d4bgqtqldc5000807ln0,0044d8b2-bea1-4596-8211-0c632f9aa8a0,2025-11-14 05:08:14.147000,2025-11-14 05:08:14.147000,2025-11-14 05:08:14.147d4bgqtqldc5000807ln0,d4bgqtqldc5000807ln0,3,,,2025-11-14 05:25:31.417000,2025-11-14 05:33:48.590000,s3://di-diml-silver-prod/d4bgqtqldc5000807ln0/d4bgsqvikk0g009qsi30/d4bgqtqldc5000807ln0.tsv
00D627C7-ACEC-43CE-B913-EBC24E8CCC37,1,1,d4bgqtvikk0g009qrt80,00d627c7-acec-43ce-b913-ebc24e8ccc37,2025-11-14 05:08:14.147000,2025-11-14 05:08:14.147000,2025-11-14 05:08:14.147d4bgqtvikk0g009qrt80,d4bgqtvikk0g009qrt80,3,,,2025-11-14 05:20:30.283000,2025-11-14 05:28:47.410000,s3://di-diml-silver-prod/d4bgqtvikk0g009qrt80/d4bgsjpr2gng00dgdem0/d4bgqtvikk0g009qrt80.tsv
0089523E-BF40-4A92-A8CF-70B3E29B0AC0,1,1,d4bgqu236bb000bp8ci0,0089523e-bf40-4a92-a8cf-70b3e29b0ac0,2025-11-14 05:08:14.147000,2025-11-14 05:08:14.147000,2025-11-14 05:08:14.147d4bgqu236bb000bp8ci0,d4bgqu236bb000bp8ci0,3,,,2025-11-14 05:30:32.073000,2025-11-14 05:38:49.240000,s3://di-diml-silver-prod/d4bgqu236bb000bp8ci0/d4bgtsjmftcg00edautg/d4bgqu236bb000bp8ci0.tsv
00A67856-AE76-4C59-92D8-F8CFB35365A5,1,1,d4bgqub2am1g00du5gh0,00a67856-ae76-4c59-92d8-f8cfb35365a5,2025-11-14 05:08:14.147000,2025-11-14 05:08:14.147000,2025-11-14 05:08:14.147d4bgqub2am1g00du5gh0,d4bgqub2am1g00du5gh0,3,,,2025-11-14 05:25:31.417000,2025-11-14 05:28:47.410000,s3://di-diml-silver-prod/d4bgqub2am1g00du5gh0/d4bgsrnng86g00dnur6g/d4bgqub2am1g00du5gh0.tsv
0014168D-81D7-4ED8-9D6C-0E678D7679A7,1,1,d4bgqupr2gng00dgcsjg,0014168d-81d7-4ed8-9d6c-0e678d7679a7,2025-11-14 05:08:14.147000,2025-11-14 05:08:14.147000,2025-11-14 05:08:14.147d4bgqupr2gng00dgcsjg,d4bgqupr2gng00dgcsjg,3,,,2025-11-14 05:25:31.417000,2025-11-14 05:28:47.410000,s3://di-diml-silver-prod/d4bgqupr2gng00dgcsjg/d4bgt5e8nps0009blomg/d4bgqupr2gng00dgcsjg.tsv
0077ECD1-A06A-49BD-9D06-9601CA3E13C1,1,1,d4bgquq8gkl0009iqsdg,0077ecd1-a06a-49bd-9d06-9601ca3e13c1,2025-11-14 05:08:14.147000,2025-11-14 05:08:14.147000,2025-11-14 05:08:14.147d4bgquq8gkl0009iqsdg,d4bgquq8gkl0009iqsdg,3,,,2025-11-14 05:25:31.417000,2025-11-14 05:33:48.590000,s3://di-diml-silver-prod/d4bgquq8gkl0009iqsdg/d4bgu5nikk0g009qsn3g/d4bgquq8gkl0009iqsdg.tsv
001987BC-A6F3-4C3E-ACF1-F1BBCFEBAB36,1,1,d4bgqvaldc5000807nvg,001987bc-a6f3-4c3e-acf1-f1bbcfebab36,2025-11-14 05:08:14.147000,2025-11-14 05:08:14.147000,2025-11-14 05:08:14.147d4bgqvaldc5000807nvg,d4bgqvaldc5000807nvg,3,,,2025-11-14 05:25:31.417000,2025-11-14 05:28:47.410000,s3://di-diml-silver-prod/d4bgqvaldc5000807nvg/d4bgtt28gkl0009irjf0/d4bgqvaldc5000807nvg.tsv
00201446-8785-47E4-BC58-8D570CDFFBEA,1,1,d4bgqvdhpu5g00cgje1g,00201446-8785-47e4-bc58-8d570cdffbea,2025-11-14 05:08:14.147000,2025-11-14 05:08:14.147000,2025-11-14 05:08:14.147d4bgqvdhpu5g00cgje1g,d4bgqvdhpu5g00cgje1g,3,,,2025-11-14 05:30:32.073000,2025-11-14 05:38:49.240000,s3://di-diml-silver-prod/d4bgqvdhpu5g00cgje1g/d4bgu0ui2fk000a8c0u0/d4bgqvdhpu5g00cgje1g.tsv
00A308F9-97B1-476A-84E7-23311CCB137C,1,1,d4bgqvnr8kvg00asmeug,00a308f9-97b1-476a-84e7-23311ccb137c,2025-11-14 05:08:14.147000,2025-11-14 05:08:14.147000,2025-11-14 05:08:14.147d4bgqvnr8kvg00asmeug,d4bgqvnr8kvg00asmeug,3,,,2025-11-14 05:25:31.417000,2025-11-14 05:28:47.410000,s3://di-diml-silver-prod/d4bgqvnr8kvg00asmeug/d4bgvbelkkgg00b947dg/d4bgqvnr8kvg00asmeug.tsv
00AA3A0D-F009-42F6-A4F1-5B6E2B08BE10,1,1,d4bgr0a36bb000bp8h0g,00aa3a0d-f009-42f6-a4f1-5b6e2b08be10,2025-11-14 05:08:14.147000,2025-11-14 05:08:14.147000,2025-11-14 05:08:14.147d4bgr0a36bb000bp8h0g,d4bgr0a36bb000bp8h0g,3,,,2025-11-14 05:20:30.283000,2025-11-14 05:28:47.410000,s3://di-diml-silver-prod/d4bgr0a36bb000bp8h0g/d4bgunnh3nb000drclug/d4bgr0a36bb000bp8h0g.tsv
007FAAC7-6C13-4F5B-A4DF-E8E102915E95,1,1,d4bgr1q36bb000bp8jl0,007faac7-6c13-4f5b-a4df-e8e102915e95,2025-11-14 05:08:14.147000,2025-11-14 05:08:14.147000,2025-11-14 05:08:14.147d4bgr1q36bb000bp8jl0,d4bgr1q36bb000bp8jl0,3,,,2025-11-14 05:25:31.417000,2025-11-14 05:28:47.410000,s3://di-diml-silver-prod/d4bgr1q36bb000bp8jl0/d4bgttu3niag00830nb0/d4bgr1q36bb000bp8jl0.tsv
01362D46-6ECF-4F4B-AA6F-EEC1495FB757,1,1,d4bgr1u8nps0009blar0,01362d46-6ecf-4f4b-aa6f-eec1495fb757,2025-11-14 05:08:14.147000,2025-11-14 05:08:14.147000,2025-11-14 05:08:14.147d4bgr1u8nps0009blar0,d4bgr1u8nps0009blar0,3,,,2025-11-14 05:30:32.073000,2025-11-14 05:33:48.590000,s3://di-diml-silver-prod/d4bgr1u8nps0009blar0/d4bh1hjbj1b000d3bhmg/d4bgr1u8nps0009blar0.tsv
00A949A3-9D81-4BA2-BA31-9052C0FA716C,1,1,d4bgr2m8nps0009blcd0,00a949a3-9d81-4ba2-ba31-9052c0fa716c,2025-11-14 05:08:14.147000,2025-11-14 05:08:14.147000,2025-11-14 05:08:14.147d4bgr2m8nps0009blcd0,d4bgr2m8nps0009blcd0,3,,,2025-11-14 05:30:32.073000,2025-11-14 05:38:49.240000,s3://di-diml-silver-prod/d4bgr2m8nps0009blcd0/d4bh1bildc5000808pvg/d4bgr2m8nps0009blcd0.tsv
00B421D2-5B6F-495D-B39A-0299947B702B,1,1,d4bgr2ri4ndg00c9njmg,00b421d2-5b6f-495d-b39a-0299947b702b,2025-11-14 05:08:14.147000,2025-11-14 05:08:14.147000,2025-11-14 05:08:14.147d4bgr2ri4ndg00c9njmg,d4bgr2ri4ndg00c9njmg,3,,,2025-11-14 05:30:32.073000,2025-11-14 05:33:48.590000,s3://di-diml-silver-prod/d4bgr2ri4ndg00c9njmg/d4bh0dkeh59g00fm9h60/d4bgr2ri4ndg00c9njmg.tsv
000A990D-842B-4EE1-9F93-3A9677978375,1,1,d4bgr32ldc5000807vrg,000a990d-842b-4ee1-9f93-3a9677978375,2025-11-14 05:08:14.147000,2025-11-14 05:08:14.147000,2025-11-14 05:08:14.147d4bgr32ldc5000807vrg,d4bgr32ldc5000807vrg,3,,,2025-11-14 05:25:31.417000,2025-11-14 05:28:47.410000,s3://di-diml-silver-prod/d4bgr32ldc5000807vrg/d4bgvgmlkkgg00b94820/d4bgr32ldc5000807vrg.tsv
00DAF98A-C36D-4F04-9090-81753AF50C52,1,1,d4bgr3b2am1g00du5qe0,00daf98a-c36d-4f04-9090-81753af50c52,2025-11-14 05:08:14.147000,2025-11-14 05:08:14.147000,2025-11-14 05:08:14.147d4bgr3b2am1g00du5qe0,d4bgr3b2am1g00du5qe0,3,,,2025-11-14 05:25:31.417000,2025-11-14 05:28:47.410000,s3://di-diml-silver-prod/d4bgr3b2am1g00du5qe0/d4bh0knng86g00dnv8qg/d4bgr3b2am1g00du5qe0.tsv
00BE8944-0356-4490-B5FA-07AAD6C248CF,1,1,d4bgr3fng86g00dnuh1g,00be8944-0356-4490-b5fa-07aad6c248cf,2025-11-14 05:08:14.147000,2025-11-14 05:08:14.147000,2025-11-14 05:08:14.147d4bgr3fng86g00dnuh1g,d4bgr3fng86g00dnuh1g,3,,,2025-11-14 05:30:32.073000,2025-11-14 05:38:49.240000,s3://di-diml-silver-prod/d4bgr3fng86g00dnuh1g/d4bh1v3i4ndg00c9ofug/d4bgr3fng86g00dnuh1g.tsv
00248E06-96C9-4915-8308-A12C8503F4DA,1,1,d4bgr3ni154000cfu0h0,00248e06-96c9-4915-8308-a12c8503f4da,2025-11-14 05:08:14.147000,2025-11-14 05:08:14.147000,2025-11-14 05:08:14.147d4bgr3ni154000cfu0h0,d4bgr3ni154000cfu0h0,3,,,2025-11-14 05:30:32.073000,2025-11-14 05:33:48.590000,s3://di-diml-silver-prod/d4bgr3ni154000cfu0h0/d4bh1cm3niag0083133g/d4bgr3ni154000cfu0h0.tsv
00B57316-4D90-4704-93D3-DC61EB70568B,1,1,d4bgr43i4ndg00c9nmjg,00b57316-4d90-4704-93d3-dc61eb70568b,2025-11-14 05:08:14.147000,2025-11-14 05:08:14.147000,2025-11-14 05:08:14.147d4bgr43i4ndg00c9nmjg,d4bgr43i4ndg00c9nmjg,3,,,2025-11-14 05:20:30.283000,2025-11-14 05:23:44.200000,s3://di-diml-silver-prod/d4bgr43i4ndg00c9nmjg/d4bgubulkkgg00b9443g/d4bgr43i4ndg00c9nmjg.tsv
00BF725A-26AD-4B4A-ABB5-9BE9ACCDF4BE,1,1,d4bgr4elkkgg00b93llg,00bf725a-26ad-4b4a-abb5-9be9accdf4be,2025-11-14 05:08:14.147000,2025-11-14 05:08:14.147000,2025-11-14 05:08:14.147d4bgr4elkkgg00b93llg,d4bgr4elkkgg00b93llg,3,,,2025-11-14 05:20:30.283000,2025-11-14 05:28:47.410000,s3://di-diml-silver-prod/d4bgr4elkkgg00b93llg/d4bguuei8kjg00bua3n0/d4bgr4elkkgg00b93llg.tsv
00519887-BDF2-4F9C-932F-AC605A5D597E,1,1,d4bgr57ng86g00dnukb0,00519887-bdf2-4f9c-932f-ac605a5d597e,2025-11-14 05:08:14.147000,2025-11-14 05:08:14.147000,2025-11-14 05:08:14.147d4bgr57ng86g00dnukb0,d4bgr57ng86g00dnukb0,3,,,2025-11-14 05:25:31.417000,2025-11-14 05:33:48.590000,s3://di-diml-silver-prod/d4bgr57ng86g00dnukb0/d4bh0en8t2j000fr7i10/d4bgr57ng86g00dnukb0.tsv
00916CF2-842F-4E03-8283-191F470D2EBC,1,1,d4bgr5ji4ndg00c9npng,00916cf2-842f-4e03-8283-191f470d2ebc,2025-11-14 05:08:14.147000,2025-11-14 05:08:14.147000,2025-11-14 05:08:14.147d4bgr5ji4ndg00c9npng,d4bgr5ji4ndg00c9npng,3,,,2025-11-14 05:20:30.283000,2025-11-14 05:23:44.200000,s3://di-diml-silver-prod/d4bgr5ji4ndg00c9npng/d4bgutmlkkgg00b94630/d4bgr5ji4ndg00c9npng.tsv
01046B22-DD66-4E06-A082-DE880B837DC8,1,1,d4bgr5m3niag00830dp0,01046b22-dd66-4e06-a082-de880b837dc8,2025-11-14 05:08:14.147000,2025-11-14 05:08:14.147000,2025-11-14 05:08:14.147d4bgr5m3niag00830dp0,d4bgr5m3niag00830dp0,3,,,2025-11-14 05:35:32.053000,2025-11-14 05:43:50.277000,s3://di-diml-silver-prod/d4bgr5m3niag00830dp0/d4bh50la7eog00bq4hvg/d4bgr5m3niag00830dp0.tsv
006C3632-FF03-4648-9949-CBFE1895D535,1,1,d4bgr5nikk0g009qschg,006c3632-ff03-4648-9949-cbfe1895d535,2025-11-14 05:08:14.147000,2025-11-14 05:08:14.147000,2025-11-14 05:08:14.147d4bgr5nikk0g009qschg,d4bgr5nikk0g009qschg,3,,,2025-11-14 05:20:30.283000,2025-11-14 05:23:44.200000,s3://di-diml-silver-prod/d4bgr5nikk0g009qschg/d4bgupq8gkl0009irmqg/d4bgr5nikk0g009qschg.tsv
005C357E-4636-4D42-A0A5-139B227AF2C2,1,1,d4bgr5vikk0g009qsd5g,005c357e-4636-4d42-a0a5-139b227af2c2,2025-11-14 05:08:14.147000,2025-11-14 05:08:14.147000,2025-11-14 05:08:14.147d4bgr5vikk0g009qsd5g,d4bgr5vikk0g009qsd5g,3,,,2025-11-14 05:20:30.283000,2025-11-14 05:23:44.200000,s3://di-diml-silver-prod/d4bgr5vikk0g009qsd5g/d4bgvhf8t2j000fr7ej0/d4bgr5vikk0g009qsd5g.tsv
0053122F-1935-4A3D-A7B4-F043578161C8,1,1,d4bgr6fh3nb000drca0g,0053122f-1935-4a3d-a7b4-f043578161c8,2025-11-14 05:08:14.147000,2025-11-14 05:08:14.147000,2025-11-14 05:08:14.147d4bgr6fh3nb000drca0g,d4bgr6fh3nb000drca0g,3,,,2025-11-14 05:30:32.073000,2025-11-14 05:33:48.590000,s3://di-diml-silver-prod/d4bgr6fh3nb000drca0g/d4bh273i4ndg00c9ogs0/d4bgr6fh3nb000drca0g.tsv
003C402E-3B7A-4652-B818-03E47F466494,1,1,d4bgr6fikk0g009qse20,003c402e-3b7a-4652-b818-03e47f466494,2025-11-14 05:08:14.147000,2025-11-14 05:08:14.147000,2025-11-14 05:08:14.147d4bgr6fikk0g009qse20,d4bgr6fikk0g009qse20,3,,,2025-11-14 05:35:32.053000,2025-11-14 05:43:50.277000,s3://di-diml-silver-prod/d4bgr6fikk0g009qse20/d4bh6ifng86g00dnvve0/d4bgr6fikk0g009qse20.tsv
00DE1455-81E3-4D5B-AEB4-B2FAA31A72F4,1,1,d4bgr6grovqg00fvgf90,00de1455-81e3-4d5b-aeb4-b2faa31a72f4,2025-11-14 05:08:14.147000,2025-11-14 05:08:14.147000,2025-11-14 05:08:14.147d4bgr6grovqg00fvgf90,d4bgr6grovqg00fvgf90,3,,,2025-11-14 05:30:32.073000,2025-11-14 05:38:49.240000,s3://di-diml-silver-prod/d4bgr6grovqg00fvgf90/d4bh407r8kvg00asnosg/d4bgr6grovqg00fvgf90.tsv
0022136E-CFF8-4C05-99B9-703014C9FD5C,1,1,d4bgr6r2am1g00du6190,0022136e-cff8-4c05-99b9-703014c9fd5c,2025-11-14 05:08:14.147000,2025-11-14 05:08:14.147000,2025-11-14 05:08:14.147d4bgr6r2am1g00du6190,d4bgr6r2am1g00du6190,3,,,2025-11-14 05:25:31.417000,2025-11-14 05:33:48.590000,s3://di-diml-silver-prod/d4bgr6r2am1g00du6190/d4bh1s1l0ln000dd9430/d4bgr6r2am1g00du6190.tsv
0021FB26-FD4A-4BB1-897A-83F2C09A5BAE,1,1,d8vqu9vak3500084o8kg,0021fb26-fd4a-4bb1-897a-83f2c09a5bae,2026-06-27 06:08:39.867000,2026-06-27 06:08:39.867000,2026-06-27 06:08:39.867d8vqu9vak3500084o8kg,d8vqu9vak3500084o8kg,3,,,2026-06-27 06:38:02.230000,2026-06-27 06:42:19.420000,s3://di-diml-silver-prod/d8vqu9vak3500084o8kg/d8vr5ji2oub000e03vag/d8vqu9vak3500084o8kg.tsv
00F53477-AC9C-4689-B85A-A70427D7AFC4,1,1,d8vqucrte9l000f5vv20,00f53477-ac9c-4689-b85a-a70427d7afc4,2026-06-27 06:08:39.867000,2026-06-27 06:08:39.867000,2026-06-27 06:08:39.867d8vqucrte9l000f5vv20,d8vqucrte9l000f5vv20,3,,,2026-06-27 06:38:02.230000,2026-06-27 06:42:19.420000,s3://di-diml-silver-prod/d8vqucrte9l000f5vv20/d8vr69hd6jhg0081edqg/d8vqucrte9l000f5vv20.tsv
0140E2D1-7926-45FC-8B5E-48970C54CA43,1,1,d8vqusnpfdig00f8fs20,0140e2d1-7926-45fc-8b5e-48970c54ca43,2026-06-27 06:10:12.330000,2026-06-27 06:10:12.330000,2026-06-27 06:10:12.330d8vqusnpfdig00f8fs20,d8vqusnpfdig00f8fs20,3,,,2026-06-27 06:42:47.230000,2026-06-27 06:47:23.687000,s3://di-diml-silver-prod/d8vqusnpfdig00f8fs20/d8vr79059fgg00dvukd0/d8vqusnpfdig00f8fs20.tsv
00E1107E-C1AD-48A0-B545-997176A9FE1A,1,1,d8vqut288lv000bs2neg,00e1107e-c1ad-48a0-b545-997176a9fe1a,2026-06-27 06:10:12.330000,2026-06-27 06:10:12.330000,2026-06-27 06:10:12.330d8vqut288lv000bs2neg,d8vqut288lv000bs2neg,3,,,2026-06-27 06:38:02.230000,2026-06-27 06:42:19.420000,s3://di-diml-silver-prod/d8vqut288lv000bs2neg/d8vr5lhd6jhg0081e9m0/d8vqut288lv000bs2neg.tsv
00F5AEBD-D9C1-4305-BCD3-B7BB1FEF29F4,1,1,d8vqv1npfcq000fdbbm0,00f5aebd-d9c1-4305-bcd3-b7bb1fef29f4,2026-06-27 06:10:12.330000,2026-06-27 06:10:12.330000,2026-06-27 06:10:12.330d8vqv1npfcq000fdbbm0,d8vqv1npfcq000fdbbm0,3,,,2026-06-27 06:38:02.230000,2026-06-27 06:47:23.687000,s3://di-diml-silver-prod/d8vqv1npfcq000fdbbm0/d8vr7tcogvn00098oegg/d8vqv1npfcq000fdbbm0.tsv
0067143F-D470-4424-B58E-19FF909B020B,1,1,d8vqv2shn77000f7uleg,0067143f-d470-4424-b58e-19ff909b020b,2026-06-27 06:10:12.330000,2026-06-27 06:10:12.330000,2026-06-27 06:10:12.330d8vqv2shn77000f7uleg,d8vqv2shn77000f7uleg,3,,,2026-06-27 06:42:47.230000,2026-06-27 06:47:23.687000,s3://di-diml-silver-prod/d8vqv2shn77000f7uleg/d8vrbgjs7m5g0086iopg/d8vqv2shn77000f7uleg.tsv
008430E3-FD13-4181-8E92-C73DCCB85BCA,1,1,d8vqv2vpfcq000fdbgj0,008430e3-fd13-4181-8e92-c73dccb85bca,2026-06-27 06:10:12.330000,2026-06-27 06:10:12.330000,2026-06-27 06:10:12.330d8vqv2vpfcq000fdbgj0,d8vqv2vpfcq000fdbgj0,3,,,2026-06-27 06:38:02.230000,2026-06-27 06:42:19.420000,s3://di-diml-silver-prod/d8vqv2vpfcq000fdbgj0/d8vr9ui88lv000bs5fs0/d8vqv2vpfcq000fdbgj0.tsv
