recordNumber,countyName,StateName,recordID,s3FilePath,pageCount,fileSizeBytes,_ModifiedDateTime,_ModifiedBy,recordID,sourceFilePath,storageFilePath,originalFileName,fileType,fileExtension,gathererID,receivedDate,bookTypeID,countyID,stateID,volume,page,outsourceID,outsourcedDate,stapled,stapleInspectorNumber,stapleQcDate,statusID,keyerNumber,reassignedTo,keyedDate,modifiedDate,inspectorNumber,qcDate,manualAccept,manualReject,qaReserved,holding,keyerComments,supervisorComments,pendingDate,exported,exportDate,RecordDate,effectiveDate,instrumentTypeID,recordNumber,instrumentDate,fileDate,remarks,MultipleLeasesForTract,AreaAmount,AreaNotAvailable,LandDescriptionNotAvailable,DepthsCoveredType,DepthsCoveredFrom,DepthsCoveredTo,Extension,ExtensionLength,ExtensionType,ExtensionBonus,ExtensionBLM,ExtensionState,TermLength,TermType,TermAvailable,RoyaltyAmount,DelayRental,RentalAmount,RentalBonus,DRVolumePage,DRRecordNumber,needsRedaction,ExportedToWeb2,ExportedToWeb2Date,ExportedToWeb,ExportedToWebDate,FAQDate,FAQAnsweredDate,FAQAnsweredBy,PoorImage,NoPriorReference,MIP,HandWritten,_CreatedDateTime,_CreatedBy,_ModifiedDateTime,_ModifiedBy,causeNumber,qcBatchID,auditBatchID,IsWebDoc,SiteId,Url,recordIsLease,recordIsCourthouse,recordIsAssignment,prevQCBID,ParcelNumber,InstrumentTypeFull,TotalPages,Consideration,InstrumentTypeFullId,CountyID,StateID,CountyName,priority,isPLSS,ExportToHalfile,HalfileExportPath,ExportToWeb,WebExportPathForImages,PriorityOutsource_0,PriorityOutsource_11,PriorityOutsource_12,CSWebCountyName,assignmentCounty,assignmentPriority,inReport,isCourthouse,isLeasing,Div1CountyID,isCHD,UseCOLE,diCourthouse2ImageExporter,s3key,StateID,StateName,StateAbbreviation
83968,McMullen,TEXAS,ea719dca-edf2-4e41-baca-a36f8e489698,s3://enverus-courthouse-prod-chd-plants/tx/mcmullen/ea71/ea719dca-edf2-4e41-baca-a36f8e489698.pdf,11,1155218,2026-07-13 08:50:49.130,LND-8093,ea719dca-edf2-4e41-baca-a36f8e489698,\\smb.dc2isilon.na.drillinginfo.com\county_scans_beta\cs_digital\tx\mcmullen\ea71,\\aus2-cs-fss01.na.drillinginfo.com\CS_TitleImages\CountyScansTitleImages\gpdm_imagestore\MCMULLEN_IMAGES\EA71,ea719dca-edf2-4e41-baca-a36f8e489698,.pdf,.pdf,12,2018-01-12 17:09:51.430,17,162,48,00138,00060,16,NULL,1,NULL,NULL,4,513,513,2018-01-16 00:13:56.533,2018-01-16 00:13:56.533,NULL,NULL,0,0,0,0,NULL,NULL,NULL,0,NULL,2017-10-20 00:00:00.000,2017-08-01 00:00:00.000,OGL,83968,2017-08-01 00:00:00.000,2017-10-20 00:00:00.000,"ROYALTY: ON OIL(1/4%), ON GAS(1/4%)",0,64,0,0,No Data,NULL,NULL,0,NULL,NULL,NULL,0,0,3,Years,1,0.25,0,NULL,NULL,NULL,NULL,0,1,2018-01-16 07:33:20.517,NULL,NULL,NULL,NULL,NULL,NULL,-1,NULL,0,2018-01-12 17:09:52.710,cs_updates,2018-01-16 02:02:46.710,NA\svc_ch_sql,NULL,NULL,NULL,0,NULL,NULL,1,0,NULL,NULL,NULL,NULL,NULL,NULL,72636,162,48,McMullen,500,0,NULL,NULL,0,NULL,500,500,500,NULL,NULL,NULL,1,0,0,159,NULL,1,NULL,NULL,48,TEXAS,TX
83860,McMullen,TEXAS,8a80e1d7-3533-422a-93ed-2dd315ff074d,s3://enverus-courthouse-prod-chd-plants/tx/mcmullen/8a80/8a80e1d7-3533-422a-93ed-2dd315ff074d.pdf,2,115244,2026-07-13 08:38:26.943,LND-8093,8a80e1d7-3533-422a-93ed-2dd315ff074d,\\smb.dc2isilon.na.drillinginfo.com\county_scans_beta\cs_digital\tx\mcmullen\8a80,\\aus2-cs-fss01.na.drillinginfo.com\CS_TitleImages\CountyScansTitleImages\gpdm_imagestore\MCMULLEN_IMAGES\8A80,8a80e1d7-3533-422a-93ed-2dd315ff074d,.pdf,.pdf,12,2018-01-12 17:09:51.430,17,162,48,00137,00257,16,NULL,1,NULL,NULL,4,440,440,2018-01-16 00:10:39.480,2018-01-16 00:10:39.480,NULL,NULL,0,0,0,0,NULL,NULL,NULL,0,NULL,2017-09-21 00:00:00.000,2017-01-10 00:00:00.000,MOGL,83860,2017-01-10 00:00:00.000,2017-09-21 00:00:00.000,NULL,0,5.5057,0,0,No Data,NULL,NULL,0,NULL,NULL,NULL,0,0,3,Years,1,NULL,0,NULL,NULL,NULL,NULL,0,1,2018-01-16 07:33:20.517,NULL,NULL,NULL,NULL,NULL,NULL,0,NULL,0,2018-01-12 17:09:52.710,cs_updates,2018-01-16 02:02:46.710,NA\svc_ch_sql,NULL,NULL,NULL,0,NULL,NULL,1,0,NULL,NULL,NULL,NULL,NULL,NULL,67507,162,48,McMullen,500,0,NULL,NULL,0,NULL,500,500,500,NULL,NULL,NULL,1,0,0,159,NULL,1,NULL,NULL,48,TEXAS,TX
00083923,McMullen,TEXAS,66d99bf5-949e-4f25-9655-cb41beb55092,s3://enverus-courthouse-prod-chd-plants/tx/mcmullen/66d9/66d99bf5-949e-4f25-9655-cb41beb55092.pdf,9,424798,2026-07-13 08:43:28.690,LND-8093,66d99bf5-949e-4f25-9655-cb41beb55092,\\smb.dc2isilon.na.drillinginfo.com\county_scans_beta\cs_digital\tx\mcmullen\66d9,\\aus2-cs-fss01.na.drillinginfo.com\CS_TitleImages\CountyScansTitleImages\gpdm_imagestore\MCMULLEN_IMAGES\66D9,66d99bf5-949e-4f25-9655-cb41beb55092,.pdf,.pdf,12,2018-01-12 17:09:51.430,17,162,48,0137,0702,16,NULL,1,NULL,NULL,4,446,446,2018-01-16 00:27:15.587,2018-01-16 00:27:15.587,NULL,NULL,0,0,0,0,NULL,NULL,NULL,0,NULL,2017-10-03 00:00:00.000,2017-08-21 00:00:00.000,OGL,00083923,2017-08-21 00:00:00.000,2017-10-03 00:00:00.000,"ROYALTY: ON OIL (0.25%), ON GAS (0.25%)",0,80,0,0,DeeperThan,10143,NULL,1,2,Years,500,0,0,3,Years,1,0.25,0,NULL,NULL,NULL,NULL,0,1,2018-01-16 07:33:20.517,NULL,NULL,NULL,NULL,NULL,NULL,0,NULL,0,2018-01-12 17:09:52.710,cs_updates,2018-01-16 02:02:46.710,NA\svc_ch_sql,NULL,NULL,NULL,0,NULL,NULL,1,0,NULL,NULL,NULL,NULL,NULL,NULL,72636,162,48,McMullen,500,0,NULL,NULL,0,NULL,500,500,500,NULL,NULL,NULL,1,0,0,159,NULL,1,NULL,NULL,48,TEXAS,TX
84113,McMullen,TEXAS,c7125da7-c6b1-49b1-ac5d-e210ce5cda4b,s3://enverus-courthouse-prod-chd-plants/tx/mcmullen/c712/c7125da7-c6b1-49b1-ac5d-e210ce5cda4b.pdf,3,98380,2026-07-13 09:03:01.450,LND-8093,c7125da7-c6b1-49b1-ac5d-e210ce5cda4b,\\smb.dc2isilon.na.drillinginfo.com\county_scans_beta\cs_digital\tx\mcmullen\c712,\\aus2-cs-fss01.na.drillinginfo.com\CS_TitleImages\CountyScansTitleImages\gpdm_imagestore\MCMULLEN_IMAGES\C712,c7125da7-c6b1-49b1-ac5d-e210ce5cda4b,.pdf,.pdf,12,2018-01-21 16:13:03.390,17,162,48,00139,00322,16,NULL,1,NULL,NULL,4,513,513,2018-01-28 18:05:01.160,2018-01-28 18:05:01.160,NULL,NULL,0,0,0,0,NULL,NULL,NULL,0,NULL,2017-12-01 00:00:00.000,2017-10-13 00:00:00.000,MOGL,84113,2017-10-13 00:00:00.000,2017-12-01 00:00:00.000,NULL,0,10.16,0,0,No Data,NULL,NULL,0,NULL,NULL,NULL,0,0,3,Years,1,NULL,0,NULL,NULL,NULL,NULL,0,NULL,NULL,NULL,NULL,NULL,NULL,NULL,NULL,0,NULL,0,2018-01-21 16:13:10.960,cs_updates,2018-01-29 02:00:53.850,NA\svc_ch_sql,NULL,NULL,NULL,0,NULL,NULL,1,0,NULL,NULL,NULL,NULL,NULL,NULL,67507,162,48,McMullen,500,0,NULL,NULL,0,NULL,500,500,500,NULL,NULL,NULL,1,0,0,159,NULL,1,NULL,NULL,48,TEXAS,TX
00084117,McMullen,TEXAS,73b8adcf-d36c-4dfb-8436-a23eac7aa867,s3://enverus-courthouse-prod-chd-plants/tx/mcmullen/73b8/73b8adcf-d36c-4dfb-8436-a23eac7aa867.pdf,2,114831,2026-07-13 08:40:53.273,LND-8093,73b8adcf-d36c-4dfb-8436-a23eac7aa867,\\smb.dc2isilon.na.drillinginfo.com\county_scans_beta\cs_digital\tx\mcmullen\73b8,\\aus2-cs-fss01.na.drillinginfo.com\CS_TitleImages\CountyScansTitleImages\gpdm_imagestore\MCMULLEN_IMAGES\73B8,73b8adcf-d36c-4dfb-8436-a23eac7aa867,.pdf,.pdf,12,2018-01-21 16:13:03.390,17,162,48,00139,00331,16,NULL,1,NULL,NULL,4,440,440,2018-01-28 18:07:27.363,2018-01-28 18:07:27.363,NULL,NULL,0,0,0,0,NULL,NULL,NULL,0,NULL,2017-12-01 00:00:00.000,2017-08-16 00:00:00.000,MOGL,00084117,2017-09-02 00:00:00.000,2017-12-01 00:00:00.000,NULL,0,10.16,0,0,No Data,NULL,NULL,0,NULL,NULL,NULL,0,0,3,Years,1,NULL,0,NULL,NULL,NULL,NULL,0,NULL,NULL,NULL,NULL,NULL,NULL,NULL,NULL,0,NULL,0,2018-01-21 16:13:10.960,cs_updates,2018-01-29 02:00:53.850,NA\svc_ch_sql,NULL,NULL,NULL,0,NULL,NULL,1,0,NULL,NULL,NULL,NULL,NULL,NULL,67507,162,48,McMullen,500,0,NULL,NULL,0,NULL,500,500,500,NULL,NULL,NULL,1,0,0,159,NULL,1,NULL,NULL,48,TEXAS,TX
00084118,McMullen,TEXAS,672e6a07-8e81-4952-9b81-c875f3df2afd,s3://enverus-courthouse-prod-chd-plants/tx/mcmullen/672e/672e6a07-8e81-4952-9b81-c875f3df2afd.pdf,2,108702,2026-07-13 09:00:06.700,LND-8093,672e6a07-8e81-4952-9b81-c875f3df2afd,\\smb.dc2isilon.na.drillinginfo.com\county_scans_beta\cs_digital\tx\mcmullen\672e,\\aus2-cs-fss01.na.drillinginfo.com\CS_TitleImages\CountyScansTitleImages\gpdm_imagestore\MCMULLEN_IMAGES\672E,672e6a07-8e81-4952-9b81-c875f3df2afd,.pdf,.pdf,12,2018-01-21 16:13:03.390,17,162,48,00139,00333,16,NULL,1,NULL,NULL,4,514,514,2018-01-28 18:11:30.447,2018-01-28 18:11:30.447,NULL,NULL,0,0,0,0,NULL,NULL,NULL,0,NULL,2017-12-01 00:00:00.000,2017-08-16 00:00:00.000,MOGL,00084118,2017-08-25 00:00:00.000,2017-12-01 00:00:00.000,NULL,0,10.22,0,0,No Data,NULL,NULL,0,NULL,NULL,NULL,0,0,3,Years,1,NULL,0,NULL,NULL,NULL,NULL,0,NULL,NULL,NULL,NULL,NULL,NULL,NULL,NULL,0,NULL,0,2018-01-21 16:13:10.960,cs_updates,2018-01-29 02:00:53.850,NA\svc_ch_sql,NULL,NULL,NULL,0,NULL,NULL,1,0,NULL,NULL,NULL,NULL,NULL,NULL,67507,162,48,McMullen,500,0,NULL,NULL,0,NULL,500,500,500,NULL,NULL,NULL,1,0,0,159,NULL,1,NULL,NULL,48,TEXAS,TX
84115,McMullen,TEXAS,52e835bb-a7c3-4e57-8aac-5e90a7afda7a,s3://enverus-courthouse-prod-chd-plants/tx/mcmullen/52e8/52e835bb-a7c3-4e57-8aac-5e90a7afda7a.pdf,2,111305,2026-07-13 08:22:32.273,LND-8093,52e835bb-a7c3-4e57-8aac-5e90a7afda7a,\\smb.dc2isilon.na.drillinginfo.com\county_scans_beta\cs_digital\tx\mcmullen\52e8,\\aus2-cs-fss01.na.drillinginfo.com\CS_TitleImages\CountyScansTitleImages\gpdm_imagestore\MCMULLEN_IMAGES\52E8,52e835bb-a7c3-4e57-8aac-5e90a7afda7a,.pdf,.pdf,12,2018-01-21 16:13:03.390,17,162,48,00139,00327,16,NULL,1,NULL,NULL,4,460,460,2018-01-28 18:03:44.370,2018-01-28 18:03:44.370,NULL,NULL,0,0,0,0,NULL,NULL,NULL,0,NULL,2017-12-01 00:00:00.000,2017-10-31 00:00:00.000,MOGL,84115,2017-11-06 00:00:00.000,2017-12-01 00:00:00.000,NULL,0,10.16,0,0,No Data,NULL,NULL,0,NULL,NULL,NULL,0,0,3,Years,1,NULL,0,NULL,NULL,NULL,NULL,0,NULL,NULL,NULL,NULL,NULL,NULL,NULL,NULL,0,NULL,0,2018-01-21 16:13:10.960,cs_updates,2018-01-29 02:00:53.850,NA\svc_ch_sql,NULL,NULL,NULL,0,NULL,NULL,1,0,NULL,NULL,NULL,NULL,NULL,NULL,67507,162,48,McMullen,500,0,NULL,NULL,0,NULL,500,500,500,NULL,NULL,NULL,1,0,0,159,NULL,1,NULL,NULL,48,TEXAS,TX
84183,McMullen,TEXAS,79c04b09-5604-4245-956d-e2f8917a3709,s3://enverus-courthouse-prod-chd-plants/tx/mcmullen/79c0/79c04b09-5604-4245-956d-e2f8917a3709.pdf,2,111542,2026-07-13 08:44:25.547,LND-8093,79c04b09-5604-4245-956d-e2f8917a3709,\\smb.dc2isilon.na.drillinginfo.com\county_scans_beta\cs_digital\tx\mcmullen\79c0,\\aus2-cs-fss01.na.drillinginfo.com\CS_TitleImages\CountyScansTitleImages\gpdm_imagestore\MCMULLEN_IMAGES\79C0,79c04b09-5604-4245-956d-e2f8917a3709,.pdf,.pdf,12,2018-01-21 16:13:03.390,17,162,48,00139,00846,16,NULL,1,NULL,NULL,4,454,454,2018-01-28 18:04:52.587,2018-01-28 18:04:52.587,NULL,NULL,0,0,0,0,NULL,NULL,NULL,0,NULL,2017-12-13 00:00:00.000,2017-10-31 00:00:00.000,MOGL,84183,2017-11-08 00:00:00.000,2017-12-13 00:00:00.000,NULL,0,10.16,0,0,No Data,NULL,NULL,0,NULL,NULL,NULL,0,0,3,Years,1,NULL,0,NULL,NULL,NULL,NULL,0,NULL,NULL,NULL,NULL,NULL,NULL,NULL,NULL,0,NULL,0,2018-01-21 16:13:10.960,cs_updates,2018-01-29 02:00:53.850,NA\svc_ch_sql,NULL,NULL,NULL,0,NULL,NULL,1,0,NULL,NULL,NULL,NULL,NULL,NULL,67507,162,48,McMullen,500,0,NULL,NULL,0,NULL,500,500,500,NULL,NULL,NULL,1,0,0,159,NULL,1,NULL,NULL,48,TEXAS,TX
84116,McMullen,TEXAS,c723fc9a-2d40-45e0-8b72-006b9121ac87,s3://enverus-courthouse-prod-chd-plants/tx/mcmullen/c723/c723fc9a-2d40-45e0-8b72-006b9121ac87.pdf,2,112697,2026-07-13 08:51:21.833,LND-8093,c723fc9a-2d40-45e0-8b72-006b9121ac87,\\smb.dc2isilon.na.drillinginfo.com\county_scans_beta\cs_digital\tx\mcmullen\c723,\\aus2-cs-fss01.na.drillinginfo.com\CS_TitleImages\CountyScansTitleImages\gpdm_imagestore\MCMULLEN_IMAGES\C723,c723fc9a-2d40-45e0-8b72-006b9121ac87,.pdf,.pdf,12,2018-01-21 16:13:03.390,17,162,48,00139,00329,16,NULL,1,NULL,NULL,4,517,517,2018-01-28 18:02:28.400,2018-01-28 18:02:28.400,NULL,NULL,0,0,0,0,NULL,NULL,NULL,0,NULL,2017-12-01 00:00:00.000,2017-08-16 00:00:00.000,MOGL,84116,2017-08-16 00:00:00.000,2017-12-01 00:00:00.000,NULL,0,10.16,0,0,No Data,NULL,NULL,0,NULL,NULL,NULL,0,0,3,Years,1,NULL,0,NULL,NULL,NULL,NULL,0,NULL,NULL,NULL,NULL,NULL,NULL,NULL,NULL,0,NULL,0,2018-01-21 16:13:10.960,cs_updates,2018-01-29 02:00:53.850,NA\svc_ch_sql,NULL,NULL,NULL,0,NULL,NULL,1,0,NULL,NULL,NULL,NULL,NULL,NULL,67507,162,48,McMullen,500,0,NULL,NULL,0,NULL,500,500,500,NULL,NULL,NULL,1,0,0,159,NULL,1,NULL,NULL,48,TEXAS,TX
84122,McMullen,TEXAS,ab78f977-04dc-48df-aad7-cf296d95e0a8,s3://enverus-courthouse-prod-chd-plants/tx/mcmullen/ab78/ab78f977-04dc-48df-aad7-cf296d95e0a8.pdf,2,112843,2026-07-13 08:51:59.643,LND-8093,ab78f977-04dc-48df-aad7-cf296d95e0a8,\\smb.dc2isilon.na.drillinginfo.com\county_scans_beta\cs_digital\tx\mcmullen\ab78,\\aus2-cs-fss01.na.drillinginfo.com\CS_TitleImages\CountyScansTitleImages\gpdm_imagestore\MCMULLEN_IMAGES\AB78,ab78f977-04dc-48df-aad7-cf296d95e0a8,.pdf,.pdf,12,2018-01-21 16:13:03.390,17,162,48,00139,00342,16,NULL,1,NULL,NULL,4,517,517,2018-01-28 18:06:53.860,2018-01-28 18:06:53.860,NULL,NULL,0,0,0,0,NULL,NULL,NULL,0,NULL,2017-12-01 00:00:00.000,2017-08-16 00:00:00.000,MOGL,84122,2017-08-16 00:00:00.000,2017-12-01 00:00:00.000,NULL,0,10.16,0,0,No Data,NULL,NULL,0,NULL,NULL,NULL,0,0,3,Years,1,NULL,0,NULL,NULL,NULL,NULL,0,NULL,NULL,NULL,NULL,NULL,NULL,NULL,NULL,0,NULL,0,2018-01-21 16:13:10.960,cs_updates,2018-01-29 02:00:53.850,NA\svc_ch_sql,NULL,NULL,NULL,0,NULL,NULL,1,0,NULL,NULL,NULL,NULL,NULL,NULL,67507,162,48,McMullen,500,0,NULL,NULL,0,NULL,500,500,500,NULL,NULL,NULL,1,0,0,159,NULL,1,NULL,NULL,48,TEXAS,TX
00084114,McMullen,TEXAS,1c3f8812-913f-4af3-82d0-9ebeb9aa3de4,s3://enverus-courthouse-prod-chd-plants/tx/mcmullen/1c3f/1c3f8812-913f-4af3-82d0-9ebeb9aa3de4.pdf,2,110822,2026-07-13 08:45:59.943,LND-8093,1c3f8812-913f-4af3-82d0-9ebeb9aa3de4,\\smb.dc2isilon.na.drillinginfo.com\county_scans_beta\cs_digital\tx\mcmullen\1c3f,\\aus2-cs-fss01.na.drillinginfo.com\CS_TitleImages\CountyScansTitleImages\gpdm_imagestore\MCMULLEN_IMAGES\1C3F,1c3f8812-913f-4af3-82d0-9ebeb9aa3de4,.pdf,.pdf,12,2018-01-21 16:13:03.390,17,162,48,00139,00325,16,NULL,1,NULL,NULL,4,452,452,2018-01-28 18:11:08.653,2018-01-28 18:11:08.653,NULL,NULL,0,0,0,0,NULL,NULL,NULL,0,NULL,2017-12-01 00:00:00.000,2013-10-31 00:00:00.000,MOGL,00084114,2017-11-08 00:00:00.000,2017-12-01 00:00:00.000,NULL,0,10.16,0,0,No Data,NULL,NULL,0,NULL,NULL,NULL,0,0,3,Years,1,NULL,0,NULL,NULL,NULL,NULL,0,NULL,NULL,NULL,NULL,NULL,NULL,NULL,NULL,0,NULL,0,2018-01-21 16:13:10.960,cs_updates,2018-01-29 02:00:53.850,NA\svc_ch_sql,NULL,NULL,NULL,0,NULL,NULL,1,0,NULL,NULL,NULL,NULL,NULL,NULL,67507,162,48,McMullen,500,0,NULL,NULL,0,NULL,500,500,500,NULL,NULL,NULL,1,0,0,159,NULL,1,NULL,NULL,48,TEXAS,TX
00083996,McMullen,TEXAS,995fc18f-f9ed-4ddb-a8f7-28a193867820,s3://enverus-courthouse-prod-chd-plants/tx/mcmullen/995f/995fc18f-f9ed-4ddb-a8f7-28a193867820.pdf,6,276651,2026-07-13 08:51:16.123,LND-8093,995fc18f-f9ed-4ddb-a8f7-28a193867820,\\smb.dc2isilon.na.drillinginfo.com\county_scans_beta\cs_digital\tx\mcmullen\995f,\\aus2-cs-fss01.na.drillinginfo.com\CS_TitleImages\CountyScansTitleImages\gpdm_imagestore\MCMULLEN_IMAGES\995F,995fc18f-f9ed-4ddb-a8f7-28a193867820,.pdf,.pdf,12,2018-01-12 17:09:51.430,17,162,48,00138,00187,16,NULL,1,NULL,NULL,4,460,460,2018-01-16 00:24:23.823,2018-01-16 00:24:23.823,NULL,NULL,0,0,0,0,NULL,NULL,NULL,0,NULL,2017-10-30 00:00:00.000,2014-12-01 00:00:00.000,MOGL,00083996,2017-10-24 00:00:00.000,2017-10-30 00:00:00.000,TLEDAT-3370,0,24485,0,0,No Data,NULL,NULL,1,2,Years,NULL,0,0,3,Years,1,NULL,0,NULL,NULL,NULL,NULL,0,1,2018-01-16 07:33:20.517,NULL,NULL,NULL,NULL,NULL,NULL,0,NULL,0,2018-01-12 17:09:52.710,cs_updates,2019-06-19 13:39:55.527,NA\svc_ch_sql,NULL,NULL,NULL,0,NULL,NULL,1,0,NULL,NULL,NULL,NULL,NULL,NULL,67507,162,48,McMullen,500,0,NULL,NULL,0,NULL,500,500,500,NULL,NULL,NULL,1,0,0,159,NULL,1,NULL,NULL,48,TEXAS,TX
KSNM140298,Decatur,KANSAS,1ac7af7d-8b02-45e6-a49b-408650a28212,s3://enverus-courthouse-prod-chd-plants/ks/decatur/1ac7/1ac7af7d-8b02-45e6-a49b-408650a28212.pdf,72,1044089,2026-07-01 14:06:46.890,LND-8093,1ac7af7d-8b02-45e6-a49b-408650a28212,\\aus2-cs-fss01.na.drillinginfo.com\CS_TitleImages\CountyScansTitleImages\gpdm_imagestore\BLM_STATE_IMAGES\1ac7,\\aus2-cs-fss01.na.drillinginfo.com\CS_TitleImages\CountyScansTitleImages\gpdm_imagestore\BLM_STATE_IMAGES\1ac7,1ac7af7d-8b02-45e6-a49b-408650a28212,.pdf,.pdf,12,2019-07-08 16:33:27.790,NULL,984,20,NULL,NULL,16,2019-07-08 16:33:27.790,1,NULL,NULL,4,435,435,2019-09-06 00:53:32.850,2019-09-06 00:53:32.850,NULL,NULL,0,0,0,0,NULL,NULL,NULL,0,NULL,2019-06-20 00:00:00.000,NULL,OGL,KSNM140298,2019-06-20 00:00:00.000,2019-06-20 00:00:00.000,NULL,0,320,0,0,NULL,NULL,NULL,0,NULL,NULL,NULL,-1,0,10,Years,1,0.125,1,1.5,3,NULL,NULL,0,NULL,NULL,NULL,NULL,NULL,NULL,NULL,NULL,-1,NULL,NULL,2019-07-08 16:33:28.350,cs_updates,2019-09-06 02:04:07.297,NA\di-mssql-engine,NULL,NULL,NULL,0,NULL,NULL,1,0,0,NULL,NM-201906-001,NULL,NULL,NULL,72636,984,20,Decatur,0,1,NULL,NULL,NULL,NULL,500,500,500,NULL,NULL,NULL,0,0,0,1489,NULL,1,NULL,NULL,20,KANSAS,KS
UTU94462,Morgan,UTAH,66dc8c96-2565-4448-b544-345efad7c62b,s3://enverus-courthouse-prod-chd-plants/ut/morgan/66dc/66dc8c96-2565-4448-b544-345efad7c62b.pdf,125,543527,2026-07-01 11:06:46.630,LND-8093,66dc8c96-2565-4448-b544-345efad7c62b,\\aus2-cs-fss01.na.drillinginfo.com\CS_TitleImages\CountyScansTitleImages\gpdm_imagestore\BLM_STATE_IMAGES\66dc,\\aus2-cs-fss01.na.drillinginfo.com\CS_TitleImages\CountyScansTitleImages\gpdm_imagestore\BLM_STATE_IMAGES\66dc,66dc8c96-2565-4448-b544-345efad7c62b,.pdf,.pdf,12,2019-09-20 10:05:09.113,NULL,947,49,NULL,NULL,16,2019-09-20 10:05:09.113,1,NULL,NULL,4,427,427,2019-09-25 01:49:42.280,2019-09-25 01:49:42.280,NULL,NULL,0,0,0,0,NULL,NULL,NULL,0,NULL,2019-09-11 00:00:00.000,NULL,OGL,UTU94462,2019-09-11 00:00:00.000,2019-09-11 00:00:00.000,NULL,0,280,0,0,NULL,NULL,NULL,0,NULL,NULL,NULL,-1,0,10,Years,1,0.125,1,1.5,2,NULL,NULL,0,NULL,NULL,NULL,NULL,NULL,NULL,NULL,NULL,-1,NULL,NULL,2019-09-20 10:05:09.363,cs_updates,2019-09-25 02:00:18.540,NA\di-mssql-engine,NULL,NULL,NULL,0,NULL,NULL,1,0,0,NULL,UT1218-366,NULL,NULL,NULL,72636,947,49,Morgan,0,1,NULL,NULL,NULL,NULL,500,500,500,NULL,NULL,NULL,0,0,0,3023,NULL,1,NULL,NULL,49,UTAH,UT
KSNM140710,Greeley,KANSAS,a84865bb-ed21-434c-ae13-4ec4c5f5f6e6,s3://enverus-courthouse-prod-chd-plants/ks/greeley/a848/a84865bb-ed21-434c-ae13-4ec4c5f5f6e6.pdf,5,252011,2026-07-01 14:06:47.497,LND-8093,a84865bb-ed21-434c-ae13-4ec4c5f5f6e6,\\aus2-cs-fss01.na.drillinginfo.com\CS_TitleImages\CountyScansTitleImages\gpdm_imagestore\BLM_STATE_IMAGES\a848,\\aus2-cs-fss01.na.drillinginfo.com\CS_TitleImages\CountyScansTitleImages\gpdm_imagestore\BLM_STATE_IMAGES\a848,a84865bb-ed21-434c-ae13-4ec4c5f5f6e6,.pdf,.pdf,12,2019-10-01 07:29:35.587,NULL,993,20,NULL,NULL,16,2019-10-01 07:29:35.587,1,NULL,NULL,4,548,548,2019-10-01 21:47:41.650,2019-10-01 21:47:41.650,NULL,NULL,0,0,0,0,NULL,NULL,NULL,0,NULL,2019-09-05 00:00:00.000,NULL,OGL,KSNM140710,2019-09-05 00:00:00.000,2019-09-05 00:00:00.000,NULL,0,320,0,0,NULL,NULL,NULL,0,NULL,NULL,NULL,-1,0,10,Years,1,0.125,1,1.5,2,NULL,NULL,0,NULL,NULL,NULL,NULL,NULL,NULL,NULL,NULL,-1,NULL,NULL,2019-10-01 07:29:35.690,cs_updates,2019-10-02 02:00:11.023,NA\di-mssql-engine,NULL,NULL,NULL,0,NULL,NULL,1,0,0,NULL,NM-201909-001,NULL,NULL,NULL,72636,993,20,Greeley,0,1,NULL,NULL,NULL,NULL,500,500,500,NULL,NULL,NULL,0,0,0,1505,NULL,1,NULL,NULL,20,KANSAS,KS
1227794,St. Landry,LOUISIANA,3d055130-0eb7-4f9b-9db2-a99ababfd67f,s3://enverus-courthouse-prod-chd-plants/la/st landry/3d05/3d055130-0eb7-4f9b-9db2-a99ababfd67f.pdf,3,106020,2026-07-02 11:00:07.000,LND-8093,3d055130-0eb7-4f9b-9db2-a99ababfd67f,\\smb.dc2isilon.na.drillinginfo.com\lease_data_entry\data_sources\nondigital_data\updates\ST_LANDRY_UPDATES_202212141432_0,\\smb.dc2isilon.na.drillinginfo.com\CS_TitleImages\CountyScansTitleImages\gpdm_imagestore\St. Landry_IMAGES\3d05,3d055130-0eb7-4f9b-9db2-a99ababfd67f.pdf,.pdf,.pdf,12,2022-12-28 12:50:46.177,NULL,445,22,NULL,NULL,28,2022-12-28 12:50:46.177,1,NULL,NULL,4,631,631,2023-01-13 07:55:40.757,2023-01-13 07:55:40.757,NULL,NULL,0,0,0,0,NULL,NULL,NULL,0,NULL,2022-03-24 00:00:00.000,2020-09-01 00:00:00.000,SMEM,1227794,2020-09-01 00:00:00.000,2022-03-24 00:00:00.000,NULL,0,134.56,0,0,No Data,NULL,NULL,0,NULL,NULL,NULL,0,0,5,Years,1,NULL,0,NULL,NULL,NULL,NULL,0,NULL,NULL,NULL,NULL,NULL,NULL,NULL,NULL,0,NULL,NULL,2022-12-28 12:50:49.277,cs_updates,2023-01-14 00:04:55.050,cs_updates,NULL,c2b15a23-06ec-4559-87f6-38fd2271f179,NULL,0,NULL,NULL,1,0,NULL,c2b15a23-06ec-4559-87f6-38fd2271f179,NULL,NOTICE OF GEOPHYSICAL PERMIT AND OPTION TO ACQUIRE OIL GAS AND MINERAL LEASE,3,NULL,69879,445,22,St. Landry,0,1,NULL,NULL,NULL,NULL,500,500,500,NULL,NULL,NULL,0,0,1,326,NULL,1,NULL,la/st landry,22,LOUISIANA,LA
1227798,St. Landry,LOUISIANA,3c92e85c-06b4-4468-9c0f-80b83fb9f4cd,s3://enverus-courthouse-prod-chd-plants/la/st landry/3c92/3c92e85c-06b4-4468-9c0f-80b83fb9f4cd.pdf,3,103994,2026-07-02 11:00:05.677,LND-8093,3c92e85c-06b4-4468-9c0f-80b83fb9f4cd,\\smb.dc2isilon.na.drillinginfo.com\lease_data_entry\data_sources\nondigital_data\updates\ST_LANDRY_UPDATES_202212141432_0,\\smb.dc2isilon.na.drillinginfo.com\CS_TitleImages\CountyScansTitleImages\gpdm_imagestore\St. Landry_IMAGES\3c92,3c92e85c-06b4-4468-9c0f-80b83fb9f4cd.pdf,.pdf,.pdf,12,2022-12-28 12:50:46.177,NULL,445,22,NULL,NULL,28,2022-12-28 12:50:46.177,1,NULL,NULL,4,642,642,2023-01-13 07:57:09.990,2023-01-13 07:57:09.990,NULL,NULL,0,0,0,0,NULL,NULL,NULL,0,NULL,2022-03-24 00:00:00.000,2020-09-30 00:00:00.000,SMEM,1227798,2020-09-30 00:00:00.000,2022-03-24 00:00:00.000,NULL,0,11.6,0,0,No Data,NULL,NULL,0,NULL,NULL,NULL,0,0,5,Years,1,NULL,0,NULL,NULL,NULL,NULL,0,NULL,NULL,NULL,NULL,NULL,NULL,NULL,NULL,0,NULL,NULL,2022-12-28 12:50:49.277,cs_updates,2023-01-14 00:04:55.050,cs_updates,NULL,eea00fa0-77ab-42ae-9452-038453fb45d7,NULL,0,NULL,NULL,1,0,NULL,eea00fa0-77ab-42ae-9452-038453fb45d7,NULL,NOTICE OF GEOPHYSICAL PERMIT AND OPTION TO ACQUIRE OIL GAS AND MINERAL LEASE,3,NULL,69879,445,22,St. Landry,0,1,NULL,NULL,NULL,NULL,500,500,500,NULL,NULL,NULL,0,0,1,326,NULL,1,NULL,la/st landry,22,LOUISIANA,LA
1227808,St. Landry,LOUISIANA,31402f5e-2a2b-4efc-b903-163226174ed3,s3://enverus-courthouse-prod-chd-plants/la/st landry/3140/31402f5e-2a2b-4efc-b903-163226174ed3.pdf,3,102978,2026-07-02 11:00:09.003,LND-8093,31402f5e-2a2b-4efc-b903-163226174ed3,\\smb.dc2isilon.na.drillinginfo.com\lease_data_entry\data_sources\nondigital_data\updates\ST_LANDRY_UPDATES_202212141432_0,\\smb.dc2isilon.na.drillinginfo.com\CS_TitleImages\CountyScansTitleImages\gpdm_imagestore\St. Landry_IMAGES\3140,31402f5e-2a2b-4efc-b903-163226174ed3.pdf,.pdf,.pdf,12,2022-12-28 12:50:46.177,NULL,445,22,NULL,NULL,28,2022-12-28 12:50:46.177,1,NULL,NULL,4,642,642,2023-01-13 08:09:45.327,2023-01-13 08:09:45.327,637,2023-01-13 09:00:24.127,1,0,0,0,NULL,NULL,NULL,0,NULL,2022-03-24 00:00:00.000,2021-02-10 00:00:00.000,SMEM,1227808,2021-02-10 00:00:00.000,2022-03-24 00:00:00.000,NULL,0,1.587,0,0,No Data,NULL,NULL,0,NULL,NULL,NULL,0,0,5,Years,1,NULL,0,NULL,NULL,NULL,NULL,0,NULL,NULL,NULL,NULL,NULL,NULL,NULL,NULL,0,NULL,NULL,2022-12-28 12:50:49.277,cs_updates,2023-01-14 00:04:55.050,cs_updates,NULL,ab1af7fc-bcb3-45e2-8b63-1440b36cff17,NULL,0,NULL,NULL,1,0,NULL,ab1af7fc-bcb3-45e2-8b63-1440b36cff17,NULL,NOTICE OF GEOPHYSICAL PERMIT AND OPTION TO ACQUIRE OIL GAS AND MINERAL LEASE,3,NULL,69879,445,22,St. Landry,0,1,NULL,NULL,NULL,NULL,500,500,500,NULL,NULL,NULL,0,0,1,326,NULL,1,NULL,la/st landry,22,LOUISIANA,LA
1227813,St. Landry,LOUISIANA,3d971139-bd7e-447b-97ca-d45eac8001d6,s3://enverus-courthouse-prod-chd-plants/la/st landry/3d97/3d971139-bd7e-447b-97ca-d45eac8001d6.pdf,3,103727,2026-07-02 11:00:07.930,LND-8093,3d971139-bd7e-447b-97ca-d45eac8001d6,\\smb.dc2isilon.na.drillinginfo.com\lease_data_entry\data_sources\nondigital_data\updates\ST_LANDRY_UPDATES_202212141432_0,\\smb.dc2isilon.na.drillinginfo.com\CS_TitleImages\CountyScansTitleImages\gpdm_imagestore\St. Landry_IMAGES\3d97,3d971139-bd7e-447b-97ca-d45eac8001d6.pdf,.pdf,.pdf,12,2022-12-28 12:50:46.177,NULL,445,22,NULL,NULL,28,2022-12-28 12:50:46.177,1,NULL,NULL,4,635,635,2023-01-13 06:21:17.897,2023-01-13 06:21:17.897,637,2023-01-13 07:25:26.617,1,0,0,0,NULL,NULL,NULL,0,NULL,2022-03-24 00:00:00.000,2021-02-10 00:00:00.000,SOP,1227813,2021-02-10 00:00:00.000,2022-03-24 00:00:00.000,NULL,0,24.347,0,0,No Data,NULL,NULL,0,NULL,NULL,NULL,0,0,5,Years,1,NULL,0,NULL,NULL,NULL,NULL,0,NULL,NULL,NULL,NULL,NULL,NULL,NULL,NULL,0,NULL,NULL,2022-12-28 12:50:49.277,cs_updates,2023-01-14 00:04:55.050,cs_updates,NULL,dc77ef28-1598-4bc3-a7fe-70fe213d6034,NULL,0,NULL,NULL,1,0,NULL,dc77ef28-1598-4bc3-a7fe-70fe213d6034,NULL,NOTICE OF GEOPHYSICAL PERMIT AND OPTION TO ACQUIRE OIL GAS AND MINERAL LEASE,3,NULL,69879,445,22,St. Landry,0,1,NULL,NULL,NULL,NULL,500,500,500,NULL,NULL,NULL,0,0,1,326,NULL,1,NULL,la/st landry,22,LOUISIANA,LA
1227862,St. Landry,LOUISIANA,319e3860-7826-4f32-8b45-371f67daa784,s3://enverus-courthouse-prod-chd-plants/la/st landry/319e/319e3860-7826-4f32-8b45-371f67daa784.pdf,3,110351,2026-07-02 11:00:07.377,LND-8093,319e3860-7826-4f32-8b45-371f67daa784,\\smb.dc2isilon.na.drillinginfo.com\lease_data_entry\data_sources\nondigital_data\updates\ST_LANDRY_UPDATES_202212141432_0,\\smb.dc2isilon.na.drillinginfo.com\CS_TitleImages\CountyScansTitleImages\gpdm_imagestore\St. Landry_IMAGES\319e,319e3860-7826-4f32-8b45-371f67daa784.pdf,.pdf,.pdf,12,2022-12-28 12:50:46.177,NULL,445,22,NULL,NULL,28,2022-12-28 12:50:46.177,1,NULL,NULL,4,642,642,2023-01-13 08:13:29.733,2023-01-13 08:13:29.733,NULL,NULL,0,0,0,0,NULL,NULL,NULL,0,NULL,2022-03-24 00:00:00.000,2021-01-10 00:00:00.000,SMEM,1227862,2021-01-10 00:00:00.000,2022-03-24 00:00:00.000,NULL,0,43.2,0,-1,No Data,NULL,NULL,0,NULL,NULL,NULL,0,0,5,Years,1,NULL,0,NULL,NULL,NULL,NULL,0,NULL,NULL,NULL,NULL,NULL,NULL,NULL,NULL,0,NULL,NULL,2022-12-28 12:50:49.277,cs_updates,2023-01-14 00:04:55.050,cs_updates,NULL,ab1af7fc-bcb3-45e2-8b63-1440b36cff17,NULL,0,NULL,NULL,1,0,NULL,ab1af7fc-bcb3-45e2-8b63-1440b36cff17,NULL,NOTICE OF GEOPHYSICAL PERMIT AND OPTION TO ACQUIRE OIL GAS AND MINERAL LEASE,3,NULL,69879,445,22,St. Landry,0,1,NULL,NULL,NULL,NULL,500,500,500,NULL,NULL,NULL,0,0,1,326,NULL,1,NULL,la/st landry,22,LOUISIANA,LA
1227777,St. Landry,LOUISIANA,41f9b952-52a8-41a5-8054-870a350d8816,s3://enverus-courthouse-prod-chd-plants/la/st landry/41f9/41f9b952-52a8-41a5-8054-870a350d8816.pdf,3,109551,2026-07-02 11:00:07.470,LND-8093,41f9b952-52a8-41a5-8054-870a350d8816,\\smb.dc2isilon.na.drillinginfo.com\lease_data_entry\data_sources\nondigital_data\updates\ST_LANDRY_UPDATES_202212141432_0,\\smb.dc2isilon.na.drillinginfo.com\CS_TitleImages\CountyScansTitleImages\gpdm_imagestore\St. Landry_IMAGES\41f9,41f9b952-52a8-41a5-8054-870a350d8816.pdf,.pdf,.pdf,12,2022-12-28 12:50:46.177,NULL,445,22,NULL,NULL,28,2022-12-28 12:50:46.177,1,NULL,NULL,4,642,642,2023-01-13 05:44:18.617,2023-01-13 05:44:18.617,NULL,NULL,0,0,0,0,NULL,NULL,NULL,0,NULL,2022-03-24 00:00:00.000,2020-09-02 00:00:00.000,SMEM,1227777,2020-09-02 00:00:00.000,2022-03-24 00:00:00.000,NULL,0,25.414,0,0,No Data,NULL,NULL,0,NULL,NULL,NULL,0,0,5,Years,1,NULL,0,NULL,NULL,NULL,NULL,0,NULL,NULL,NULL,NULL,NULL,NULL,NULL,NULL,0,NULL,NULL,2022-12-28 12:50:49.277,cs_updates,2023-01-14 00:04:55.050,cs_updates,NULL,b5763525-0165-4257-b2c2-a70237631dfe,NULL,0,NULL,NULL,1,0,NULL,b5763525-0165-4257-b2c2-a70237631dfe,NULL,NOTICE OF GEOPHYSICAL PERMIT AND OPTION TO ACQUIRE OIL GAS AND MINERAL LEASE,3,NULL,69879,445,22,St. Landry,0,1,NULL,NULL,NULL,NULL,500,500,500,NULL,NULL,NULL,0,0,1,326,NULL,1,NULL,la/st landry,22,LOUISIANA,LA
1227807,St. Landry,LOUISIANA,30222d4f-568e-4ec5-aecc-de5886fd0a36,s3://enverus-courthouse-prod-chd-plants/la/st landry/3022/30222d4f-568e-4ec5-aecc-de5886fd0a36.pdf,3,102698,2026-07-02 11:00:07.370,LND-8093,30222d4f-568e-4ec5-aecc-de5886fd0a36,\\smb.dc2isilon.na.drillinginfo.com\lease_data_entry\data_sources\nondigital_data\updates\ST_LANDRY_UPDATES_202212141432_0,\\smb.dc2isilon.na.drillinginfo.com\CS_TitleImages\CountyScansTitleImages\gpdm_imagestore\St. Landry_IMAGES\3022,30222d4f-568e-4ec5-aecc-de5886fd0a36.pdf,.pdf,.pdf,12,2022-12-28 12:50:46.177,NULL,445,22,NULL,NULL,28,2022-12-28 12:50:46.177,1,NULL,NULL,4,642,642,2023-01-13 04:58:07.000,2023-01-13 04:58:07.000,NULL,NULL,0,0,0,0,NULL,NULL,NULL,0,NULL,2022-03-24 00:00:00.000,2021-02-10 00:00:00.000,SMEM,1227807,2021-02-10 00:00:00.000,2022-03-24 00:00:00.000,NULL,0,24.054,0,0,No Data,NULL,NULL,0,NULL,NULL,NULL,0,0,5,Years,1,NULL,0,NULL,NULL,NULL,NULL,0,NULL,NULL,NULL,NULL,NULL,NULL,NULL,NULL,0,NULL,NULL,2022-12-28 12:50:49.277,cs_updates,2023-01-14 00:04:55.050,cs_updates,NULL,e60e6a65-8251-4d47-909f-8d81674e3478,NULL,0,NULL,NULL,1,0,NULL,e60e6a65-8251-4d47-909f-8d81674e3478,NULL,NOTICE OF GEOPHYSICAL PERMIT AND OPTION TO ACQUIRE OIL GAS AND MINERAL LEASE,3,NULL,69879,445,22,St. Landry,0,1,NULL,NULL,NULL,NULL,500,500,500,NULL,NULL,NULL,0,0,1,326,NULL,1,NULL,la/st landry,22,LOUISIANA,LA
1227864,St. Landry,LOUISIANA,4cd0f58b-5972-45ae-8627-ab2471dc3f7c,s3://enverus-courthouse-prod-chd-plants/la/st landry/4cd0/4cd0f58b-5972-45ae-8627-ab2471dc3f7c.pdf,3,115608,2026-07-02 11:00:04.557,LND-8093,4cd0f58b-5972-45ae-8627-ab2471dc3f7c,\\smb.dc2isilon.na.drillinginfo.com\lease_data_entry\data_sources\nondigital_data\updates\ST_LANDRY_UPDATES_202212141432_0,\\smb.dc2isilon.na.drillinginfo.com\CS_TitleImages\CountyScansTitleImages\gpdm_imagestore\St. Landry_IMAGES\4cd0,4cd0f58b-5972-45ae-8627-ab2471dc3f7c.pdf,.pdf,.pdf,12,2022-12-28 12:50:46.177,NULL,445,22,NULL,NULL,28,2022-12-28 12:50:46.177,1,NULL,NULL,4,631,631,2023-01-13 06:22:19.987,2023-01-13 06:22:19.987,637,2023-01-13 07:28:58.893,1,0,0,0,NULL,NULL,NULL,0,NULL,2022-03-24 00:00:00.000,2020-10-19 00:00:00.000,SMEM,1227864,2020-10-19 00:00:00.000,2022-03-24 00:00:00.000,NULL,0,13.13,0,0,No Data,NULL,NULL,0,NULL,NULL,NULL,0,0,5,Years,1,NULL,0,NULL,NULL,NULL,NULL,0,NULL,NULL,NULL,NULL,NULL,NULL,NULL,NULL,0,NULL,NULL,2022-12-28 12:50:49.277,cs_updates,2023-01-14 00:04:55.050,cs_updates,NULL,23331cc8-310e-4c8d-9ca7-a2e72055481b,NULL,0,NULL,NULL,1,0,NULL,23331cc8-310e-4c8d-9ca7-a2e72055481b,NULL,NOTICE OF GEOPHYSICAL PERMIT AND OPTION TO ACQUIRE OIL GAS AND MINERAL LEASE,3,NULL,69879,445,22,St. Landry,0,1,NULL,NULL,NULL,NULL,500,500,500,NULL,NULL,NULL,0,0,1,326,NULL,1,NULL,la/st landry,22,LOUISIANA,LA
1227713,St. Landry,LOUISIANA,25fa4f95-2cd6-4151-b8b2-548a0699ac86,s3://enverus-courthouse-prod-chd-plants/la/st landry/25fa/25fa4f95-2cd6-4151-b8b2-548a0699ac86.pdf,3,113580,2026-07-02 11:00:05.953,LND-8093,25fa4f95-2cd6-4151-b8b2-548a0699ac86,\\smb.dc2isilon.na.drillinginfo.com\lease_data_entry\data_sources\nondigital_data\updates\ST_LANDRY_UPDATES_202212141432_0,\\smb.dc2isilon.na.drillinginfo.com\CS_TitleImages\CountyScansTitleImages\gpdm_imagestore\St. Landry_IMAGES\25fa,25fa4f95-2cd6-4151-b8b2-548a0699ac86.pdf,.pdf,.pdf,12,2022-12-28 12:50:46.177,NULL,445,22,NULL,NULL,28,2022-12-28 12:50:46.177,1,NULL,NULL,4,631,631,2023-01-13 06:48:03.460,2023-01-13 06:48:03.460,NULL,NULL,0,0,0,0,NULL,NULL,NULL,0,NULL,2022-03-23 00:00:00.000,2020-09-23 00:00:00.000,SMEM,1227713,2020-09-23 00:00:00.000,2022-03-23 00:00:00.000,NULL,0,138.827,0,0,No Data,NULL,NULL,0,NULL,NULL,NULL,0,0,5,Years,1,NULL,0,NULL,NULL,NULL,NULL,0,NULL,NULL,NULL,NULL,NULL,NULL,NULL,NULL,0,NULL,NULL,2022-12-28 12:50:49.277,cs_updates,2023-01-14 00:04:55.050,cs_updates,NULL,23331cc8-310e-4c8d-9ca7-a2e72055481b,NULL,0,NULL,NULL,1,0,NULL,23331cc8-310e-4c8d-9ca7-a2e72055481b,NULL,NOTICE OF GEOPHYSICAL PERMIT AND OPTION TO ACQUIRE OIL GAS AND MINERAL LEASE,3,NULL,69879,445,22,St. Landry,0,1,NULL,NULL,NULL,NULL,500,500,500,NULL,NULL,NULL,0,0,1,326,NULL,1,NULL,la/st landry,22,LOUISIANA,LA
1227721,St. Landry,LOUISIANA,68e7cc09-bc15-49a2-b27e-d69478b56893,s3://enverus-courthouse-prod-chd-plants/la/st landry/68e7/68e7cc09-bc15-49a2-b27e-d69478b56893.pdf,3,106869,2026-07-02 11:00:07.400,LND-8093,68e7cc09-bc15-49a2-b27e-d69478b56893,\\smb.dc2isilon.na.drillinginfo.com\lease_data_entry\data_sources\nondigital_data\updates\ST_LANDRY_UPDATES_202212141432_0,\\smb.dc2isilon.na.drillinginfo.com\CS_TitleImages\CountyScansTitleImages\gpdm_imagestore\St. Landry_IMAGES\68e7,68e7cc09-bc15-49a2-b27e-d69478b56893.pdf,.pdf,.pdf,12,2022-12-28 12:50:46.177,NULL,445,22,NULL,NULL,28,2022-12-28 12:50:46.177,1,NULL,NULL,4,631,631,2023-01-13 07:47:46.187,2023-01-13 07:47:46.187,NULL,NULL,0,0,0,0,NULL,NULL,NULL,0,NULL,2022-03-23 00:00:00.000,2020-09-11 00:00:00.000,SMEM,1227721,2020-09-11 00:00:00.000,2022-03-23 00:00:00.000,NULL,0,88.853,0,0,No Data,NULL,NULL,0,NULL,NULL,NULL,0,0,5,Years,1,NULL,0,NULL,NULL,NULL,NULL,0,NULL,NULL,NULL,NULL,NULL,NULL,NULL,NULL,0,NULL,NULL,2022-12-28 12:50:49.277,cs_updates,2023-01-14 00:04:55.050,cs_updates,NULL,c2b15a23-06ec-4559-87f6-38fd2271f179,NULL,0,NULL,NULL,1,0,NULL,c2b15a23-06ec-4559-87f6-38fd2271f179,NULL,NOTICE OF GEOPHYSICAL PERMIT AND OPTION TO ACQUIRE OIL GAS AND MINERAL LEASE,3,NULL,69879,445,22,St. Landry,0,1,NULL,NULL,NULL,NULL,500,500,500,NULL,NULL,NULL,0,0,1,326,NULL,1,NULL,la/st landry,22,LOUISIANA,LA
1227807,St. Landry,LOUISIANA,16822fa4-5e4e-4d97-97bd-b9a9a267b68d,s3://enverus-courthouse-prod-chd-plants/la/st landry/1682/16822fa4-5e4e-4d97-97bd-b9a9a267b68d.pdf,3,102698,2026-07-02 11:00:10.150,LND-8093,16822fa4-5e4e-4d97-97bd-b9a9a267b68d,\\smb.dc2isilon.na.drillinginfo.com\lease_data_entry\data_sources\nondigital_data\updates\ST_LANDRY_UPDATES_202212141432_0,\\smb.dc2isilon.na.drillinginfo.com\CS_TitleImages\CountyScansTitleImages\gpdm_imagestore\St. Landry_IMAGES\1682,16822fa4-5e4e-4d97-97bd-b9a9a267b68d.pdf,.pdf,.pdf,12,2022-12-28 12:50:46.177,NULL,445,22,NULL,NULL,28,2022-12-28 12:50:46.177,1,NULL,NULL,4,630,630,2023-01-13 08:18:55.673,2023-01-13 08:18:55.673,637,2023-01-13 08:51:59.077,1,0,0,0,NULL,NULL,NULL,0,NULL,2022-03-24 00:00:00.000,2021-02-10 00:00:00.000,SMEM,1227807,2021-02-10 00:00:00.000,2022-03-24 00:00:00.000,NULL,0,24.054,0,0,No Data,NULL,NULL,0,NULL,NULL,NULL,0,0,5,Years,1,NULL,0,NULL,NULL,NULL,NULL,0,NULL,NULL,NULL,NULL,NULL,NULL,NULL,NULL,-1,NULL,NULL,2022-12-28 12:50:49.277,cs_updates,2023-01-14 00:04:55.050,cs_updates,NULL,e2d41c68-284a-4325-8d3c-6ca2c1bf85a0,NULL,0,NULL,NULL,1,0,NULL,e2d41c68-284a-4325-8d3c-6ca2c1bf85a0,NULL,NOTICE OF GEOPHYSICAL PERMIT AND OPTION TO ACQUIRE OIL GAS AND MINERAL LEASE,3,NULL,69879,445,22,St. Landry,0,1,NULL,NULL,NULL,NULL,500,500,500,NULL,NULL,NULL,0,0,1,326,NULL,1,NULL,la/st landry,22,LOUISIANA,LA
1227799,St. Landry,LOUISIANA,71504a3a-7288-4721-b89a-43d0447331e8,s3://enverus-courthouse-prod-chd-plants/la/st landry/7150/71504a3a-7288-4721-b89a-43d0447331e8.pdf,3,104188,2026-07-02 11:00:04.260,LND-8093,71504a3a-7288-4721-b89a-43d0447331e8,\\smb.dc2isilon.na.drillinginfo.com\lease_data_entry\data_sources\nondigital_data\updates\ST_LANDRY_UPDATES_202212141432_0,\\smb.dc2isilon.na.drillinginfo.com\CS_TitleImages\CountyScansTitleImages\gpdm_imagestore\St. Landry_IMAGES\7150,71504a3a-7288-4721-b89a-43d0447331e8.pdf,.pdf,.pdf,12,2022-12-28 12:50:46.177,NULL,445,22,NULL,NULL,28,2022-12-28 12:50:46.177,1,NULL,NULL,4,631,631,2023-01-13 07:05:50.093,2023-01-13 07:05:50.093,NULL,NULL,0,0,0,0,NULL,NULL,NULL,0,NULL,2022-03-24 00:00:00.000,2020-09-23 00:00:00.000,SMEM,1227799,2020-09-23 00:00:00.000,2022-03-24 00:00:00.000,NULL,0,8,0,0,No Data,NULL,NULL,0,NULL,NULL,NULL,0,0,5,Years,1,NULL,0,NULL,NULL,NULL,NULL,0,NULL,NULL,NULL,NULL,NULL,NULL,NULL,NULL,0,NULL,NULL,2022-12-28 12:50:49.277,cs_updates,2023-01-14 00:04:55.050,cs_updates,NULL,23331cc8-310e-4c8d-9ca7-a2e72055481b,NULL,0,NULL,NULL,1,0,NULL,23331cc8-310e-4c8d-9ca7-a2e72055481b,NULL,NOTICE OF GEOPHYSICAL PERMIT AND OPTION TO ACQUIRE OIL GAS AND MINERAL LEASE,3,NULL,69879,445,22,St. Landry,0,1,NULL,NULL,NULL,NULL,500,500,500,NULL,NULL,NULL,0,0,1,326,NULL,1,NULL,la/st landry,22,LOUISIANA,LA
1227841,St. Landry,LOUISIANA,06625948-9d8e-4c42-a2bd-e72729db5a7d,s3://enverus-courthouse-prod-chd-plants/la/st landry/0662/06625948-9d8e-4c42-a2bd-e72729db5a7d.pdf,3,119029,2026-07-02 11:00:08.260,LND-8093,06625948-9d8e-4c42-a2bd-e72729db5a7d,\\smb.dc2isilon.na.drillinginfo.com\lease_data_entry\data_sources\nondigital_data\updates\ST_LANDRY_UPDATES_202212141432_0,\\smb.dc2isilon.na.drillinginfo.com\CS_TitleImages\CountyScansTitleImages\gpdm_imagestore\St. Landry_IMAGES\0662,06625948-9d8e-4c42-a2bd-e72729db5a7d.pdf,.pdf,.pdf,12,2022-12-28 12:50:46.177,NULL,445,22,NULL,NULL,28,2022-12-28 12:50:46.177,1,NULL,NULL,4,631,631,2023-01-13 06:25:16.970,2023-01-13 06:25:16.970,NULL,NULL,0,0,0,0,NULL,NULL,NULL,0,NULL,2022-03-24 00:00:00.000,2021-01-15 00:00:00.000,SMEM,1227841,2021-01-15 00:00:00.000,2022-03-24 00:00:00.000,NULL,0,22.38,0,0,No Data,NULL,NULL,0,NULL,NULL,NULL,0,0,5,Years,1,NULL,0,NULL,NULL,NULL,NULL,0,NULL,NULL,NULL,NULL,NULL,NULL,NULL,NULL,0,NULL,NULL,2022-12-28 12:50:49.277,cs_updates,2023-01-14 00:04:55.050,cs_updates,NULL,23331cc8-310e-4c8d-9ca7-a2e72055481b,NULL,0,NULL,NULL,1,0,NULL,23331cc8-310e-4c8d-9ca7-a2e72055481b,NULL,NOTICE OF GEOPHYSICAL PERMIT AND OPTION TO ACQUIRE OIL GAS AND MINERAL LEASE,3,NULL,69879,445,22,St. Landry,0,1,NULL,NULL,NULL,NULL,500,500,500,NULL,NULL,NULL,0,0,1,326,NULL,1,NULL,la/st landry,22,LOUISIANA,LA
1227719,St. Landry,LOUISIANA,7cb4ccd7-f91d-4df9-9bc7-b176965ac70c,s3://enverus-courthouse-prod-chd-plants/la/st landry/7cb4/7cb4ccd7-f91d-4df9-9bc7-b176965ac70c.pdf,3,104804,2026-07-02 11:00:10.290,LND-8093,7cb4ccd7-f91d-4df9-9bc7-b176965ac70c,\\smb.dc2isilon.na.drillinginfo.com\lease_data_entry\data_sources\nondigital_data\updates\ST_LANDRY_UPDATES_202212141432_0,\\smb.dc2isilon.na.drillinginfo.com\CS_TitleImages\CountyScansTitleImages\gpdm_imagestore\St. Landry_IMAGES\7cb4,7cb4ccd7-f91d-4df9-9bc7-b176965ac70c.pdf,.pdf,.pdf,12,2022-12-28 12:50:46.177,NULL,445,22,NULL,NULL,28,2022-12-28 12:50:46.177,1,NULL,NULL,4,642,642,2023-01-13 06:29:22.000,2023-01-13 06:29:22.000,NULL,NULL,0,0,0,0,NULL,NULL,NULL,0,NULL,2022-03-23 00:00:00.000,2020-09-11 00:00:00.000,SMEM,1227719,2020-09-11 00:00:00.000,2022-03-23 00:00:00.000,NULL,0,6.455,0,0,No Data,NULL,NULL,0,NULL,NULL,NULL,0,0,5,Years,1,NULL,0,NULL,NULL,NULL,NULL,0,NULL,NULL,NULL,NULL,NULL,NULL,NULL,NULL,0,NULL,NULL,2022-12-28 12:50:49.277,cs_updates,2023-01-14 00:04:55.050,cs_updates,NULL,b5763525-0165-4257-b2c2-a70237631dfe,NULL,0,NULL,NULL,1,0,NULL,b5763525-0165-4257-b2c2-a70237631dfe,NULL,NOTICE OF GEOPHYSICAL PERMIT AND OPTION TO ACQUIRE OIL GAS AND MINERAL LEASE,3,NULL,69879,445,22,St. Landry,0,1,NULL,NULL,NULL,NULL,500,500,500,NULL,NULL,NULL,0,0,1,326,NULL,1,NULL,la/st landry,22,LOUISIANA,LA
1227832,St. Landry,LOUISIANA,084868d5-8684-4c05-b219-7bc12266367d,s3://enverus-courthouse-prod-chd-plants/la/st landry/0848/084868d5-8684-4c05-b219-7bc12266367d.pdf,3,114798,2026-07-02 11:00:08.577,LND-8093,084868d5-8684-4c05-b219-7bc12266367d,\\smb.dc2isilon.na.drillinginfo.com\lease_data_entry\data_sources\nondigital_data\updates\ST_LANDRY_UPDATES_202212141432_0,\\smb.dc2isilon.na.drillinginfo.com\CS_TitleImages\CountyScansTitleImages\gpdm_imagestore\St. Landry_IMAGES\0848,084868d5-8684-4c05-b219-7bc12266367d.pdf,.pdf,.pdf,12,2022-12-28 12:50:46.177,NULL,445,22,NULL,NULL,28,2022-12-28 12:50:46.177,1,NULL,NULL,4,631,631,2023-01-13 06:52:26.287,2023-01-13 06:52:26.287,NULL,NULL,0,0,0,0,NULL,NULL,NULL,0,NULL,2022-03-24 00:00:00.000,2021-01-10 00:00:00.000,SMEM,1227832,2021-01-10 00:00:00.000,2022-03-24 00:00:00.000,NULL,0,38.35,0,0,No Data,NULL,NULL,0,NULL,NULL,NULL,0,0,5,Years,1,NULL,0,NULL,NULL,NULL,NULL,0,NULL,NULL,NULL,NULL,NULL,NULL,NULL,NULL,0,NULL,NULL,2022-12-28 12:50:49.277,cs_updates,2023-01-14 00:04:55.050,cs_updates,NULL,23331cc8-310e-4c8d-9ca7-a2e72055481b,NULL,0,NULL,NULL,1,0,NULL,23331cc8-310e-4c8d-9ca7-a2e72055481b,NULL,NOTICE OF GEOPHYSICAL PERMIT AND OPTION TO ACQUIRE OIL GAS AND MINERAL LEASE,3,NULL,69879,445,22,St. Landry,0,1,NULL,NULL,NULL,NULL,500,500,500,NULL,NULL,NULL,0,0,1,326,NULL,1,NULL,la/st landry,22,LOUISIANA,LA
1227846,St. Landry,LOUISIANA,5cf0bce8-29d7-4e55-aea0-4bf8e953787a,s3://enverus-courthouse-prod-chd-plants/la/st landry/5cf0/5cf0bce8-29d7-4e55-aea0-4bf8e953787a.pdf,3,115455,2026-07-02 11:00:05.073,LND-8093,5cf0bce8-29d7-4e55-aea0-4bf8e953787a,\\smb.dc2isilon.na.drillinginfo.com\lease_data_entry\data_sources\nondigital_data\updates\ST_LANDRY_UPDATES_202212141432_0,\\smb.dc2isilon.na.drillinginfo.com\CS_TitleImages\CountyScansTitleImages\gpdm_imagestore\St. Landry_IMAGES\5cf0,5cf0bce8-29d7-4e55-aea0-4bf8e953787a.pdf,.pdf,.pdf,12,2022-12-28 12:50:46.177,NULL,445,22,NULL,NULL,28,2022-12-28 12:50:46.177,1,NULL,NULL,4,642,642,2023-01-13 08:19:47.657,2023-01-13 08:19:47.657,NULL,NULL,0,0,0,0,NULL,NULL,NULL,0,NULL,2022-03-24 00:00:00.000,2021-01-15 00:00:00.000,SMEM,1227846,2021-01-15 00:00:00.000,2022-03-24 00:00:00.000,NULL,0,19.127,0,0,No Data,NULL,NULL,0,NULL,NULL,NULL,0,0,5,Years,1,NULL,0,NULL,NULL,NULL,NULL,0,NULL,NULL,NULL,NULL,NULL,NULL,NULL,NULL,0,NULL,NULL,2022-12-28 12:50:49.277,cs_updates,2023-01-14 00:04:55.050,cs_updates,NULL,ab1af7fc-bcb3-45e2-8b63-1440b36cff17,NULL,0,NULL,NULL,1,0,NULL,ab1af7fc-bcb3-45e2-8b63-1440b36cff17,NULL,NOTICE OF GEOPHYSICAL PERMIT AND OPTION TO ACQUIRE OIL GAS AND MINERAL LEASE,3,NULL,69879,445,22,St. Landry,0,1,NULL,NULL,NULL,NULL,500,500,500,NULL,NULL,NULL,0,0,1,326,NULL,1,NULL,la/st landry,22,LOUISIANA,LA
1227709,St. Landry,LOUISIANA,a1a8a309-87a9-4745-bfea-77d248b39fef,s3://enverus-courthouse-prod-chd-plants/la/st landry/a1a8/a1a8a309-87a9-4745-bfea-77d248b39fef.pdf,3,114338,2026-07-02 11:00:06.877,LND-8093,a1a8a309-87a9-4745-bfea-77d248b39fef,\\smb.dc2isilon.na.drillinginfo.com\lease_data_entry\data_sources\nondigital_data\updates\ST_LANDRY_UPDATES_202212141432_0,\\smb.dc2isilon.na.drillinginfo.com\CS_TitleImages\CountyScansTitleImages\gpdm_imagestore\St. Landry_IMAGES\a1a8,a1a8a309-87a9-4745-bfea-77d248b39fef.pdf,.pdf,.pdf,12,2022-12-28 12:50:46.177,NULL,445,22,NULL,NULL,28,2022-12-28 12:50:46.177,1,NULL,NULL,4,629,629,2023-01-13 08:15:36.017,2023-01-13 08:15:36.017,NULL,NULL,0,0,0,0,NULL,NULL,NULL,0,NULL,2022-03-23 00:00:00.000,2020-12-05 00:00:00.000,SMEM,1227709,2020-12-05 00:00:00.000,2022-03-23 00:00:00.000,NULL,0,11.156,0,0,No Data,NULL,NULL,0,NULL,NULL,NULL,0,0,5,Years,1,NULL,0,NULL,NULL,NULL,NULL,0,NULL,NULL,NULL,NULL,NULL,NULL,NULL,NULL,0,NULL,NULL,2022-12-28 12:50:49.277,cs_updates,2023-01-14 00:04:55.050,cs_updates,NULL,1eb98a4c-86d8-4809-b819-459c207e4418,NULL,0,NULL,NULL,1,0,NULL,1eb98a4c-86d8-4809-b819-459c207e4418,NULL,NOTICE OF GEOPHYSICAL PERMIT AND OPTION TO ACQUIRE OIL GAS AND MINERAL LEASE,3,NULL,69879,445,22,St. Landry,0,1,NULL,NULL,NULL,NULL,500,500,500,NULL,NULL,NULL,0,0,1,326,NULL,1,NULL,la/st landry,22,LOUISIANA,LA
1227707,St. Landry,LOUISIANA,6b159650-fe6d-4aba-ba57-0a03481fce9c,s3://enverus-courthouse-prod-chd-plants/la/st landry/6b15/6b159650-fe6d-4aba-ba57-0a03481fce9c.pdf,3,112588,2026-07-02 11:00:04.303,LND-8093,6b159650-fe6d-4aba-ba57-0a03481fce9c,\\smb.dc2isilon.na.drillinginfo.com\lease_data_entry\data_sources\nondigital_data\updates\ST_LANDRY_UPDATES_202212141432_0,\\smb.dc2isilon.na.drillinginfo.com\CS_TitleImages\CountyScansTitleImages\gpdm_imagestore\St. Landry_IMAGES\6b15,6b159650-fe6d-4aba-ba57-0a03481fce9c.pdf,.pdf,.pdf,12,2022-12-28 12:50:46.177,NULL,445,22,NULL,NULL,28,2022-12-28 12:50:46.177,1,NULL,NULL,4,642,642,2023-01-13 07:51:13.477,2023-01-13 07:51:13.477,637,2023-01-13 08:16:22.310,1,0,0,0,NULL,NULL,NULL,0,NULL,2022-03-23 00:00:00.000,2021-01-20 00:00:00.000,SMEM,1227707,2021-01-20 00:00:00.000,2022-03-23 00:00:00.000,NULL,0,15.96,0,0,No Data,NULL,NULL,0,NULL,NULL,NULL,0,0,5,Years,1,NULL,0,NULL,NULL,NULL,NULL,0,NULL,NULL,NULL,NULL,NULL,NULL,NULL,NULL,0,NULL,NULL,2022-12-28 12:50:49.277,cs_updates,2023-01-14 00:04:55.050,cs_updates,NULL,eea00fa0-77ab-42ae-9452-038453fb45d7,NULL,0,NULL,NULL,1,0,NULL,eea00fa0-77ab-42ae-9452-038453fb45d7,NULL,NOTICE OF GEOPHYSICAL PERMIT AND OPTION TO ACQUIRE OIL GAS AND MINERAL LEASE,3,NULL,69879,445,22,St. Landry,0,1,NULL,NULL,NULL,NULL,500,500,500,NULL,NULL,NULL,0,0,1,326,NULL,1,NULL,la/st landry,22,LOUISIANA,LA
1227819,St. Landry,LOUISIANA,a1c1758c-e46c-430d-98fa-89fbb260a4b1,s3://enverus-courthouse-prod-chd-plants/la/st landry/a1c1/a1c1758c-e46c-430d-98fa-89fbb260a4b1.pdf,3,102862,2026-07-02 11:00:09.847,LND-8093,a1c1758c-e46c-430d-98fa-89fbb260a4b1,\\smb.dc2isilon.na.drillinginfo.com\lease_data_entry\data_sources\nondigital_data\updates\ST_LANDRY_UPDATES_202212141432_0,\\smb.dc2isilon.na.drillinginfo.com\CS_TitleImages\CountyScansTitleImages\gpdm_imagestore\St. Landry_IMAGES\a1c1,a1c1758c-e46c-430d-98fa-89fbb260a4b1.pdf,.pdf,.pdf,12,2022-12-28 12:50:46.177,NULL,445,22,NULL,NULL,28,2022-12-28 12:50:46.177,1,NULL,NULL,4,631,631,2023-01-13 08:47:03.197,2023-01-13 08:47:03.197,NULL,NULL,0,0,0,0,NULL,NULL,NULL,0,NULL,2022-03-24 00:00:00.000,2021-02-10 00:00:00.000,SMEM,1227819,2021-02-10 00:00:00.000,2022-03-24 00:00:00.000,NULL,0,12.039,0,0,No Data,NULL,NULL,0,NULL,NULL,NULL,0,0,5,Years,1,NULL,0,NULL,NULL,NULL,NULL,0,NULL,NULL,NULL,NULL,NULL,NULL,NULL,NULL,0,NULL,NULL,2022-12-28 12:50:49.277,cs_updates,2023-01-14 00:04:55.050,cs_updates,NULL,c2b15a23-06ec-4559-87f6-38fd2271f179,NULL,0,NULL,NULL,1,0,NULL,c2b15a23-06ec-4559-87f6-38fd2271f179,NULL,NOTICE OF GEOPHYSICAL PERMIT AND OPTION TO ACQUIRE OIL GAS AND MINERAL LEASE,3,NULL,69879,445,22,St. Landry,0,1,NULL,NULL,NULL,NULL,500,500,500,NULL,NULL,NULL,0,0,1,326,NULL,1,NULL,la/st landry,22,LOUISIANA,LA
1227830,St. Landry,LOUISIANA,d83b9a7a-b4ae-479c-afa5-08bab5afd4b0,s3://enverus-courthouse-prod-chd-plants/la/st landry/d83b/d83b9a7a-b4ae-479c-afa5-08bab5afd4b0.pdf,3,116286,2026-07-02 11:00:09.930,LND-8093,d83b9a7a-b4ae-479c-afa5-08bab5afd4b0,\\smb.dc2isilon.na.drillinginfo.com\lease_data_entry\data_sources\nondigital_data\updates\ST_LANDRY_UPDATES_202212141432_0,\\smb.dc2isilon.na.drillinginfo.com\CS_TitleImages\CountyScansTitleImages\gpdm_imagestore\St. Landry_IMAGES\d83b,d83b9a7a-b4ae-479c-afa5-08bab5afd4b0.pdf,.pdf,.pdf,12,2022-12-28 12:50:46.177,NULL,445,22,NULL,NULL,28,2022-12-28 12:50:46.177,1,NULL,NULL,4,642,642,2023-01-13 07:13:50.113,2023-01-13 07:13:50.113,NULL,NULL,0,0,0,0,NULL,NULL,NULL,0,NULL,2022-03-24 00:00:00.000,2021-01-05 00:00:00.000,SMEM,1227830,2021-01-05 00:00:00.000,2022-03-24 00:00:00.000,NULL,0,190.05,0,0,No Data,NULL,NULL,0,NULL,NULL,NULL,0,0,5,Years,1,NULL,0,NULL,NULL,NULL,NULL,0,NULL,NULL,NULL,NULL,NULL,NULL,NULL,NULL,0,NULL,NULL,2022-12-28 12:50:49.277,cs_updates,2023-01-14 00:04:55.050,cs_updates,NULL,eea00fa0-77ab-42ae-9452-038453fb45d7,NULL,0,NULL,NULL,1,0,NULL,eea00fa0-77ab-42ae-9452-038453fb45d7,NULL,NOTICE OF GEOPHYSICAL PERMIT AND OPTION TO ACQUIRE OIL GAS AND MINERAL LEASE,3,NULL,69879,445,22,St. Landry,0,1,NULL,NULL,NULL,NULL,500,500,500,NULL,NULL,NULL,0,0,1,326,NULL,1,NULL,la/st landry,22,LOUISIANA,LA
1227781,St. Landry,LOUISIANA,99a3f63f-5286-4907-b26f-e95faf769b30,s3://enverus-courthouse-prod-chd-plants/la/st landry/99a3/99a3f63f-5286-4907-b26f-e95faf769b30.pdf,3,115148,2026-07-02 11:00:07.170,LND-8093,99a3f63f-5286-4907-b26f-e95faf769b30,\\smb.dc2isilon.na.drillinginfo.com\lease_data_entry\data_sources\nondigital_data\updates\ST_LANDRY_UPDATES_202212141432_0,\\smb.dc2isilon.na.drillinginfo.com\CS_TitleImages\CountyScansTitleImages\gpdm_imagestore\St. Landry_IMAGES\99a3,99a3f63f-5286-4907-b26f-e95faf769b30.pdf,.pdf,.pdf,12,2022-12-28 12:50:46.177,NULL,445,22,NULL,NULL,28,2022-12-28 12:50:46.177,1,NULL,NULL,4,631,631,2023-01-13 07:27:41.893,2023-01-13 07:27:41.893,637,2023-01-13 07:31:15.970,1,0,0,0,NULL,NULL,NULL,0,NULL,2022-03-24 00:00:00.000,2020-09-01 00:00:00.000,SMEM,1227781,2020-09-02 00:00:00.000,2022-03-24 00:00:00.000,NULL,0,23.4,0,0,No Data,NULL,NULL,0,NULL,NULL,NULL,0,0,5,Years,1,NULL,0,NULL,NULL,NULL,NULL,0,NULL,NULL,NULL,NULL,NULL,NULL,NULL,NULL,0,NULL,NULL,2022-12-28 12:50:49.277,cs_updates,2023-01-14 00:04:55.050,cs_updates,NULL,8cbe58ab-3302-4cf8-9657-30e51e80dc2c,NULL,0,NULL,NULL,1,0,NULL,8cbe58ab-3302-4cf8-9657-30e51e80dc2c,NULL,NOTICE OF GEOPHYSICAL PERMIT AND OPTION TO ACQUIRE OIL GAS AND MINERAL LEASE,3,NULL,69879,445,22,St. Landry,0,1,NULL,NULL,NULL,NULL,500,500,500,NULL,NULL,NULL,0,0,1,326,NULL,1,NULL,la/st landry,22,LOUISIANA,LA
1227805,St. Landry,LOUISIANA,dcda897a-7f1a-4fe5-8f99-bc895ab01016,s3://enverus-courthouse-prod-chd-plants/la/st landry/dcda/dcda897a-7f1a-4fe5-8f99-bc895ab01016.pdf,3,140412,2026-07-02 11:00:08.550,LND-8093,dcda897a-7f1a-4fe5-8f99-bc895ab01016,\\smb.dc2isilon.na.drillinginfo.com\lease_data_entry\data_sources\nondigital_data\updates\ST_LANDRY_UPDATES_202212141432_0,\\smb.dc2isilon.na.drillinginfo.com\CS_TitleImages\CountyScansTitleImages\gpdm_imagestore\St. Landry_IMAGES\dcda,dcda897a-7f1a-4fe5-8f99-bc895ab01016.pdf,.pdf,.pdf,12,2022-12-28 12:50:46.177,NULL,445,22,NULL,NULL,28,2022-12-28 12:50:46.177,1,NULL,NULL,4,631,631,2023-01-13 08:34:47.973,2023-01-13 08:34:47.973,NULL,NULL,0,0,0,0,NULL,NULL,NULL,0,NULL,2022-03-24 00:00:00.000,2020-11-11 00:00:00.000,SMEM,1227805,2020-11-11 00:00:00.000,2022-03-24 00:00:00.000,NULL,0,273.033,0,0,No Data,NULL,NULL,0,NULL,NULL,NULL,0,0,5,Years,1,NULL,0,NULL,NULL,NULL,NULL,0,NULL,NULL,NULL,NULL,NULL,NULL,NULL,NULL,0,NULL,NULL,2022-12-28 12:50:49.277,cs_updates,2023-01-14 00:04:55.050,cs_updates,NULL,c2b15a23-06ec-4559-87f6-38fd2271f179,NULL,0,NULL,NULL,1,0,NULL,c2b15a23-06ec-4559-87f6-38fd2271f179,NULL,NOTICE OF GEOPHYSICAL PERMIT AND OPTION TO ACQUIRE OIL GAS AND MINERAL LEASE,3,NULL,69879,445,22,St. Landry,0,1,NULL,NULL,NULL,NULL,500,500,500,NULL,NULL,NULL,0,0,1,326,NULL,1,NULL,la/st landry,22,LOUISIANA,LA
1227838,St. Landry,LOUISIANA,9a077904-f00d-4115-beee-c05f5dfecdad,s3://enverus-courthouse-prod-chd-plants/la/st landry/9a07/9a077904-f00d-4115-beee-c05f5dfecdad.pdf,3,113921,2026-07-02 11:00:08.200,LND-8093,9a077904-f00d-4115-beee-c05f5dfecdad,\\smb.dc2isilon.na.drillinginfo.com\lease_data_entry\data_sources\nondigital_data\updates\ST_LANDRY_UPDATES_202212141432_0,\\smb.dc2isilon.na.drillinginfo.com\CS_TitleImages\CountyScansTitleImages\gpdm_imagestore\St. Landry_IMAGES\9a07,9a077904-f00d-4115-beee-c05f5dfecdad.pdf,.pdf,.pdf,12,2022-12-28 12:50:46.177,NULL,445,22,NULL,NULL,28,2022-12-28 12:50:46.177,1,NULL,NULL,4,629,629,2023-01-13 07:49:58.670,2023-01-13 07:49:58.670,NULL,NULL,0,0,0,0,NULL,NULL,NULL,0,NULL,2022-03-24 00:00:00.000,2021-01-10 00:00:00.000,SMEM,1227838,2021-01-10 00:00:00.000,2022-03-24 00:00:00.000,NULL,0,21.417,0,0,No Data,NULL,NULL,0,NULL,NULL,NULL,0,0,5,Years,1,NULL,0,NULL,NULL,NULL,NULL,0,NULL,NULL,NULL,NULL,NULL,NULL,NULL,NULL,0,NULL,NULL,2022-12-28 12:50:49.277,cs_updates,2023-01-14 00:04:55.050,cs_updates,NULL,1eb98a4c-86d8-4809-b819-459c207e4418,NULL,0,NULL,NULL,1,0,NULL,1eb98a4c-86d8-4809-b819-459c207e4418,NULL,NOTICE OF GEOPHYSICAL PERMIT AND OPTION TO ACQUIRE OIL GAS AND MINERAL LEASE,3,NULL,69879,445,22,St. Landry,0,1,NULL,NULL,NULL,NULL,500,500,500,NULL,NULL,NULL,0,0,1,326,NULL,1,NULL,la/st landry,22,LOUISIANA,LA
01227804,St. Landry,LOUISIANA,e50fc001-69f2-435f-9882-de92361bcbf2,s3://enverus-courthouse-prod-chd-plants/la/st landry/e50f/e50fc001-69f2-435f-9882-de92361bcbf2.pdf,3,103536,2026-07-02 11:00:06.893,LND-8093,e50fc001-69f2-435f-9882-de92361bcbf2,\\smb.dc2isilon.na.drillinginfo.com\lease_data_entry\data_sources\nondigital_data\updates\ST_LANDRY_UPDATES_202212141432_0,\\smb.dc2isilon.na.drillinginfo.com\CS_TitleImages\CountyScansTitleImages\gpdm_imagestore\St. Landry_IMAGES\e50f,e50fc001-69f2-435f-9882-de92361bcbf2.pdf,.pdf,.pdf,12,2022-12-28 12:50:46.177,NULL,445,22,NULL,NULL,28,2022-12-28 12:50:46.177,1,NULL,NULL,4,642,642,2023-01-13 06:16:29.113,2023-01-13 06:16:29.113,NULL,NULL,0,0,0,0,NULL,NULL,NULL,0,NULL,2022-03-24 00:00:00.000,2020-09-23 00:00:00.000,SMEM,01227804,2020-09-23 00:00:00.000,2022-03-24 00:00:00.000,NULL,0,14.51,0,0,No Data,NULL,NULL,0,NULL,NULL,NULL,0,0,5,Years,1,NULL,0,NULL,NULL,NULL,NULL,0,NULL,NULL,NULL,NULL,NULL,NULL,NULL,NULL,0,NULL,NULL,2022-12-28 12:50:49.277,cs_updates,2023-01-14 00:04:55.050,cs_updates,NULL,b5763525-0165-4257-b2c2-a70237631dfe,NULL,0,NULL,NULL,1,0,NULL,b5763525-0165-4257-b2c2-a70237631dfe,NULL,NOTICE OF GEOPHYSICAL PERMIT AND OPTION TO ACQUIRE OIL GAS AND MINERAL LEASE,3,NULL,69879,445,22,St. Landry,0,1,NULL,NULL,NULL,NULL,500,500,500,NULL,NULL,NULL,0,0,1,326,NULL,1,NULL,la/st landry,22,LOUISIANA,LA
1227833,St. Landry,LOUISIANA,9b78716d-fb28-453d-85ff-8c7673cbc125,s3://enverus-courthouse-prod-chd-plants/la/st landry/9b78/9b78716d-fb28-453d-85ff-8c7673cbc125.pdf,3,116072,2026-07-02 11:00:10.360,LND-8093,9b78716d-fb28-453d-85ff-8c7673cbc125,\\smb.dc2isilon.na.drillinginfo.com\lease_data_entry\data_sources\nondigital_data\updates\ST_LANDRY_UPDATES_202212141432_0,\\smb.dc2isilon.na.drillinginfo.com\CS_TitleImages\CountyScansTitleImages\gpdm_imagestore\St. Landry_IMAGES\9b78,9b78716d-fb28-453d-85ff-8c7673cbc125.pdf,.pdf,.pdf,12,2022-12-28 12:50:46.177,NULL,445,22,NULL,NULL,28,2022-12-28 12:50:46.177,1,NULL,NULL,4,642,642,2023-01-13 08:00:58.543,2023-01-13 08:00:58.543,NULL,NULL,0,0,0,0,NULL,NULL,NULL,0,NULL,2022-03-24 00:00:00.000,2020-09-02 00:00:00.000,SMEM,1227833,2020-09-02 00:00:00.000,2022-03-24 00:00:00.000,NULL,0,5.722,0,0,No Data,NULL,NULL,0,NULL,NULL,NULL,0,0,5,Years,1,NULL,0,NULL,NULL,NULL,NULL,0,NULL,NULL,NULL,NULL,NULL,NULL,NULL,NULL,0,NULL,NULL,2022-12-28 12:50:49.277,cs_updates,2023-01-14 00:04:55.050,cs_updates,NULL,ab1af7fc-bcb3-45e2-8b63-1440b36cff17,NULL,0,NULL,NULL,1,0,NULL,ab1af7fc-bcb3-45e2-8b63-1440b36cff17,NULL,NOTICE OF GEOPHYSICAL PERMIT AND OPTION TO ACQUIRE OIL GAS AND MINERAL LEASE,3,NULL,69879,445,22,St. Landry,0,1,NULL,NULL,NULL,NULL,500,500,500,NULL,NULL,NULL,0,0,1,326,NULL,1,NULL,la/st landry,22,LOUISIANA,LA
1227856,St. Landry,LOUISIANA,d00743d3-b971-4d77-ac0f-abfab789d200,s3://enverus-courthouse-prod-chd-plants/la/st landry/d007/d00743d3-b971-4d77-ac0f-abfab789d200.pdf,3,118540,2026-07-02 11:00:08.500,LND-8093,d00743d3-b971-4d77-ac0f-abfab789d200,\\smb.dc2isilon.na.drillinginfo.com\lease_data_entry\data_sources\nondigital_data\updates\ST_LANDRY_UPDATES_202212141432_0,\\smb.dc2isilon.na.drillinginfo.com\CS_TitleImages\CountyScansTitleImages\gpdm_imagestore\St. Landry_IMAGES\d007,d00743d3-b971-4d77-ac0f-abfab789d200.pdf,.pdf,.pdf,12,2022-12-28 12:50:46.177,NULL,445,22,NULL,NULL,28,2022-12-28 12:50:46.177,1,NULL,NULL,4,631,631,2023-01-13 08:02:56.523,2023-01-13 08:02:56.523,NULL,NULL,0,0,0,0,NULL,NULL,NULL,0,NULL,2022-03-24 00:00:00.000,2020-11-21 00:00:00.000,SMEM,1227856,2020-11-21 00:00:00.000,2022-03-24 00:00:00.000,NULL,0,75.134,0,0,No Data,NULL,NULL,0,NULL,NULL,NULL,0,0,5,Years,1,NULL,0,NULL,NULL,NULL,NULL,0,NULL,NULL,NULL,NULL,NULL,NULL,NULL,NULL,0,NULL,NULL,2022-12-28 12:50:49.277,cs_updates,2023-01-14 00:04:55.050,cs_updates,NULL,c2b15a23-06ec-4559-87f6-38fd2271f179,NULL,0,NULL,NULL,1,0,NULL,c2b15a23-06ec-4559-87f6-38fd2271f179,NULL,NOTICE OF GEOPHYSICAL PERMIT AND OPTION TO ACQUIRE OIL GAS AND MINERAL LEASE,3,NULL,69879,445,22,St. Landry,0,1,NULL,NULL,NULL,NULL,500,500,500,NULL,NULL,NULL,0,0,1,326,NULL,1,NULL,la/st landry,22,LOUISIANA,LA
1227778,St. Landry,LOUISIANA,7edc0255-7fbd-4f34-a6af-d2470ff83824,s3://enverus-courthouse-prod-chd-plants/la/st landry/7edc/7edc0255-7fbd-4f34-a6af-d2470ff83824.pdf,3,111539,2026-07-02 11:00:06.347,LND-8093,7edc0255-7fbd-4f34-a6af-d2470ff83824,\\smb.dc2isilon.na.drillinginfo.com\lease_data_entry\data_sources\nondigital_data\updates\ST_LANDRY_UPDATES_202212141432_0,\\smb.dc2isilon.na.drillinginfo.com\CS_TitleImages\CountyScansTitleImages\gpdm_imagestore\St. Landry_IMAGES\7edc,7edc0255-7fbd-4f34-a6af-d2470ff83824.pdf,.pdf,.pdf,12,2022-12-28 12:50:46.177,NULL,445,22,NULL,NULL,28,2022-12-28 12:50:46.177,1,NULL,NULL,4,642,642,2023-01-13 08:16:38.867,2023-01-13 08:16:38.867,NULL,NULL,0,0,0,0,NULL,NULL,NULL,0,NULL,2022-03-24 00:00:00.000,2020-09-30 00:00:00.000,SMEM,1227778,2020-09-30 00:00:00.000,2022-03-24 00:00:00.000,NULL,0,6.787,0,0,No Data,NULL,NULL,0,NULL,NULL,NULL,0,0,5,Years,1,NULL,0,NULL,NULL,NULL,NULL,0,NULL,NULL,NULL,NULL,NULL,NULL,NULL,NULL,0,NULL,NULL,2022-12-28 12:50:49.277,cs_updates,2023-01-14 00:04:55.050,cs_updates,NULL,ab1af7fc-bcb3-45e2-8b63-1440b36cff17,NULL,0,NULL,NULL,1,0,NULL,ab1af7fc-bcb3-45e2-8b63-1440b36cff17,NULL,NOTICE OF GEOPHYSICAL PERMIT AND OPTION TO ACQUIRE OIL GAS AND MINERAL LEASE,3,NULL,69879,445,22,St. Landry,0,1,NULL,NULL,NULL,NULL,500,500,500,NULL,NULL,NULL,0,0,1,326,NULL,1,NULL,la/st landry,22,LOUISIANA,LA
1227806,St. Landry,LOUISIANA,a3bb9288-c92d-4cc0-afc7-023f4e3c8cd8,s3://enverus-courthouse-prod-chd-plants/la/st landry/a3bb/a3bb9288-c92d-4cc0-afc7-023f4e3c8cd8.pdf,3,111567,2026-07-02 11:00:08.440,LND-8093,a3bb9288-c92d-4cc0-afc7-023f4e3c8cd8,\\smb.dc2isilon.na.drillinginfo.com\lease_data_entry\data_sources\nondigital_data\updates\ST_LANDRY_UPDATES_202212141432_0,\\smb.dc2isilon.na.drillinginfo.com\CS_TitleImages\CountyScansTitleImages\gpdm_imagestore\St. Landry_IMAGES\a3bb,a3bb9288-c92d-4cc0-afc7-023f4e3c8cd8.pdf,.pdf,.pdf,12,2022-12-28 12:50:46.177,NULL,445,22,NULL,NULL,28,2022-12-28 12:50:46.177,1,NULL,NULL,4,631,631,2023-01-13 07:40:24.250,2023-01-13 07:40:24.250,637,2023-01-13 09:00:49.170,1,0,0,0,NULL,NULL,NULL,0,NULL,2022-03-24 00:00:00.000,2020-09-23 00:00:00.000,SMEM,1227806,2020-09-23 00:00:00.000,2022-03-24 00:00:00.000,NULL,0,9.487,0,0,No Data,NULL,NULL,0,NULL,NULL,NULL,0,0,5,Years,1,NULL,0,NULL,NULL,NULL,NULL,0,NULL,NULL,NULL,NULL,NULL,NULL,NULL,NULL,0,NULL,NULL,2022-12-28 12:50:49.277,cs_updates,2023-01-14 00:04:55.050,cs_updates,NULL,c2b15a23-06ec-4559-87f6-38fd2271f179,NULL,0,NULL,NULL,1,0,NULL,c2b15a23-06ec-4559-87f6-38fd2271f179,NULL,NOTICE OF GEOPHYSICAL PERMIT AND OPTION TO ACQUIRE OIL GAS AND MINERAL LEASE,3,NULL,69879,445,22,St. Landry,0,1,NULL,NULL,NULL,NULL,500,500,500,NULL,NULL,NULL,0,0,1,326,NULL,1,NULL,la/st landry,22,LOUISIANA,LA
1227779,St. Landry,LOUISIANA,831f88ac-86d3-4ce8-b445-d31b7266fb57,s3://enverus-courthouse-prod-chd-plants/la/st landry/831f/831f88ac-86d3-4ce8-b445-d31b7266fb57.pdf,3,105945,2026-07-02 11:00:07.443,LND-8093,831f88ac-86d3-4ce8-b445-d31b7266fb57,\\smb.dc2isilon.na.drillinginfo.com\lease_data_entry\data_sources\nondigital_data\updates\ST_LANDRY_UPDATES_202212141432_0,\\smb.dc2isilon.na.drillinginfo.com\CS_TitleImages\CountyScansTitleImages\gpdm_imagestore\St. Landry_IMAGES\831f,831f88ac-86d3-4ce8-b445-d31b7266fb57.pdf,.pdf,.pdf,12,2022-12-28 12:50:46.177,NULL,445,22,NULL,NULL,28,2022-12-28 12:50:46.177,1,NULL,NULL,4,631,631,2023-01-13 07:50:22.790,2023-01-13 07:50:22.790,NULL,NULL,0,0,0,0,NULL,NULL,NULL,0,NULL,2022-03-24 00:00:00.000,2020-09-11 00:00:00.000,SMEM,1227779,2020-09-11 00:00:00.000,2022-03-24 00:00:00.000,NULL,0,6.51,0,0,No Data,NULL,NULL,0,NULL,NULL,NULL,0,0,5,Years,1,NULL,0,NULL,NULL,NULL,NULL,0,NULL,NULL,NULL,NULL,NULL,NULL,NULL,NULL,0,NULL,NULL,2022-12-28 12:50:49.277,cs_updates,2023-01-14 00:04:55.050,cs_updates,NULL,c2b15a23-06ec-4559-87f6-38fd2271f179,NULL,0,NULL,NULL,1,0,NULL,c2b15a23-06ec-4559-87f6-38fd2271f179,NULL,NOTICE OF GEOPHYSICAL PERMIT AND OPTION TO ACQUIRE OIL GAS AND MINERAL LEASE,3,NULL,69879,445,22,St. Landry,0,1,NULL,NULL,NULL,NULL,500,500,500,NULL,NULL,NULL,0,0,1,326,NULL,1,NULL,la/st landry,22,LOUISIANA,LA
1227782,St. Landry,LOUISIANA,a4ea070a-2e6c-4fba-b348-5977455edccb,s3://enverus-courthouse-prod-chd-plants/la/st landry/a4ea/a4ea070a-2e6c-4fba-b348-5977455edccb.pdf,3,106931,2026-07-02 11:00:05.117,LND-8093,a4ea070a-2e6c-4fba-b348-5977455edccb,\\smb.dc2isilon.na.drillinginfo.com\lease_data_entry\data_sources\nondigital_data\updates\ST_LANDRY_UPDATES_202212141432_0,\\smb.dc2isilon.na.drillinginfo.com\CS_TitleImages\CountyScansTitleImages\gpdm_imagestore\St. Landry_IMAGES\a4ea,a4ea070a-2e6c-4fba-b348-5977455edccb.pdf,.pdf,.pdf,12,2022-12-28 12:50:46.177,NULL,445,22,NULL,NULL,28,2022-12-28 12:50:46.177,1,NULL,NULL,4,631,631,2023-01-13 07:02:58.360,2023-01-13 07:02:58.360,NULL,NULL,0,0,0,0,NULL,NULL,NULL,0,NULL,2022-03-24 00:00:00.000,2020-09-30 00:00:00.000,SMEM,1227782,2020-09-30 00:00:00.000,2022-03-24 00:00:00.000,NULL,0,14.04,0,0,No Data,NULL,NULL,0,NULL,NULL,NULL,0,0,5,Years,1,NULL,0,NULL,NULL,NULL,NULL,0,NULL,NULL,NULL,NULL,NULL,NULL,NULL,NULL,0,NULL,NULL,2022-12-28 12:50:49.277,cs_updates,2023-01-14 00:04:55.050,cs_updates,NULL,8cbe58ab-3302-4cf8-9657-30e51e80dc2c,NULL,0,NULL,NULL,1,0,NULL,8cbe58ab-3302-4cf8-9657-30e51e80dc2c,NULL,NOTICE OF GEOPHYSICAL PERMIT AND OPTION TO ACQUIRE OIL GAS AND MINERAL LEASE,3,NULL,69879,445,22,St. Landry,0,1,NULL,NULL,NULL,NULL,500,500,500,NULL,NULL,NULL,0,0,1,326,NULL,1,NULL,la/st landry,22,LOUISIANA,LA
1227784,St. Landry,LOUISIANA,8b867c71-cacb-4fc6-8eed-4d6b74faedbe,s3://enverus-courthouse-prod-chd-plants/la/st landry/8b86/8b867c71-cacb-4fc6-8eed-4d6b74faedbe.pdf,3,117380,2026-07-02 11:00:08.233,LND-8093,8b867c71-cacb-4fc6-8eed-4d6b74faedbe,\\smb.dc2isilon.na.drillinginfo.com\lease_data_entry\data_sources\nondigital_data\updates\ST_LANDRY_UPDATES_202212141432_0,\\smb.dc2isilon.na.drillinginfo.com\CS_TitleImages\CountyScansTitleImages\gpdm_imagestore\St. Landry_IMAGES\8b86,8b867c71-cacb-4fc6-8eed-4d6b74faedbe.pdf,.pdf,.pdf,12,2022-12-28 12:50:46.177,NULL,445,22,NULL,NULL,28,2022-12-28 12:50:46.177,1,NULL,NULL,4,642,642,2023-01-13 07:54:46.473,2023-01-13 07:54:46.473,NULL,NULL,0,0,0,0,NULL,NULL,NULL,0,NULL,2022-03-24 00:00:00.000,2020-09-30 00:00:00.000,SMEM,1227784,2020-09-30 00:00:00.000,2022-03-24 00:00:00.000,NULL,0,185.769,0,0,No Data,NULL,NULL,0,NULL,NULL,NULL,0,0,5,Years,1,NULL,0,NULL,NULL,NULL,NULL,0,NULL,NULL,NULL,NULL,NULL,NULL,NULL,NULL,0,NULL,NULL,2022-12-28 12:50:49.277,cs_updates,2023-01-14 00:04:55.050,cs_updates,NULL,eea00fa0-77ab-42ae-9452-038453fb45d7,NULL,0,NULL,NULL,1,0,NULL,eea00fa0-77ab-42ae-9452-038453fb45d7,NULL,NOTICE OF GEOPHYSICAL PERMIT AND OPTION TO ACQUIRE OIL GAS AND MINERAL LEASE,3,NULL,69879,445,22,St. Landry,0,1,NULL,NULL,NULL,NULL,500,500,500,NULL,NULL,NULL,0,0,1,326,NULL,1,NULL,la/st landry,22,LOUISIANA,LA
1227826,St. Landry,LOUISIANA,a5c9098e-6c08-4d10-a164-6da2438ffe69,s3://enverus-courthouse-prod-chd-plants/la/st landry/a5c9/a5c9098e-6c08-4d10-a164-6da2438ffe69.pdf,3,115271,2026-07-02 11:00:06.170,LND-8093,a5c9098e-6c08-4d10-a164-6da2438ffe69,\\smb.dc2isilon.na.drillinginfo.com\lease_data_entry\data_sources\nondigital_data\updates\ST_LANDRY_UPDATES_202212141432_0,\\smb.dc2isilon.na.drillinginfo.com\CS_TitleImages\CountyScansTitleImages\gpdm_imagestore\St. Landry_IMAGES\a5c9,a5c9098e-6c08-4d10-a164-6da2438ffe69.pdf,.pdf,.pdf,12,2022-12-28 12:50:46.177,NULL,445,22,NULL,NULL,28,2022-12-28 12:50:46.177,1,NULL,NULL,4,630,630,2023-01-13 06:40:44.330,2023-01-13 06:40:44.330,NULL,NULL,0,0,0,0,NULL,NULL,NULL,0,NULL,2022-03-24 00:00:00.000,2020-11-21 00:00:00.000,SMEM,1227826,2020-11-21 00:00:00.000,2022-03-24 00:00:00.000,NULL,0,4,0,0,No Data,NULL,NULL,0,NULL,NULL,NULL,0,0,5,Years,1,NULL,0,NULL,NULL,NULL,NULL,0,NULL,NULL,NULL,NULL,NULL,NULL,NULL,NULL,0,NULL,NULL,2022-12-28 12:50:49.277,cs_updates,2023-01-14 00:04:55.050,cs_updates,NULL,ab47dbb4-69fa-4f09-925d-712bc4cb0ad7,NULL,0,NULL,NULL,1,0,NULL,ab47dbb4-69fa-4f09-925d-712bc4cb0ad7,NULL,NOTICE OF GEOGRAPHICAL PERMIT AND OPTION TO ACQUIRE OIL GAS AND MINERAL LEASE,3,NULL,127658,445,22,St. Landry,0,1,NULL,NULL,NULL,NULL,500,500,500,NULL,NULL,NULL,0,0,1,326,NULL,1,NULL,la/st landry,22,LOUISIANA,LA
1227815,St. Landry,LOUISIANA,908f5d4d-0848-4a45-8f52-bfb163be988d,s3://enverus-courthouse-prod-chd-plants/la/st landry/908f/908f5d4d-0848-4a45-8f52-bfb163be988d.pdf,3,114510,2026-07-02 11:00:10.570,LND-8093,908f5d4d-0848-4a45-8f52-bfb163be988d,\\smb.dc2isilon.na.drillinginfo.com\lease_data_entry\data_sources\nondigital_data\updates\ST_LANDRY_UPDATES_202212141432_0,\\smb.dc2isilon.na.drillinginfo.com\CS_TitleImages\CountyScansTitleImages\gpdm_imagestore\St. Landry_IMAGES\908f,908f5d4d-0848-4a45-8f52-bfb163be988d.pdf,.pdf,.pdf,12,2022-12-28 12:50:46.177,NULL,445,22,NULL,NULL,28,2022-12-28 12:50:46.177,1,NULL,NULL,4,635,635,2023-01-13 05:24:27.333,2023-01-13 05:24:27.333,NULL,NULL,0,0,0,0,NULL,NULL,NULL,0,NULL,2022-03-24 00:00:00.000,2021-02-10 00:00:00.000,OP,1227815,2021-02-10 00:00:00.000,2022-03-24 00:00:00.000,NULL,0,9.915,0,0,No Data,NULL,NULL,0,NULL,NULL,NULL,0,0,5,Years,1,NULL,0,NULL,NULL,NULL,NULL,0,NULL,NULL,NULL,NULL,NULL,NULL,NULL,NULL,0,NULL,NULL,2022-12-28 12:50:49.277,cs_updates,2023-01-14 00:04:55.050,cs_updates,NULL,a883f5c0-26c7-417e-9849-7add6d5fbbb4,NULL,0,NULL,NULL,1,0,NULL,a883f5c0-26c7-417e-9849-7add6d5fbbb4,NULL,NOTICE OF GEOPHYSICAL PERMIT AND OPTION TO ACQUIRE OIL GAS AND MINERAL LEASE,3,NULL,69879,445,22,St. Landry,0,1,NULL,NULL,NULL,NULL,500,500,500,NULL,NULL,NULL,0,0,1,326,NULL,1,NULL,la/st landry,22,LOUISIANA,LA
1227850,St. Landry,LOUISIANA,accd1bd6-f58a-4b87-ba78-6c4b0fad0622,s3://enverus-courthouse-prod-chd-plants/la/st landry/accd/accd1bd6-f58a-4b87-ba78-6c4b0fad0622.pdf,3,107292,2026-07-02 11:00:05.330,LND-8093,accd1bd6-f58a-4b87-ba78-6c4b0fad0622,\\smb.dc2isilon.na.drillinginfo.com\lease_data_entry\data_sources\nondigital_data\updates\ST_LANDRY_UPDATES_202212141432_0,\\smb.dc2isilon.na.drillinginfo.com\CS_TitleImages\CountyScansTitleImages\gpdm_imagestore\St. Landry_IMAGES\accd,accd1bd6-f58a-4b87-ba78-6c4b0fad0622.pdf,.pdf,.pdf,12,2022-12-28 12:50:46.177,NULL,445,22,NULL,NULL,28,2022-12-28 12:50:46.177,1,NULL,NULL,4,631,631,2023-01-13 05:57:48.227,2023-01-13 05:57:48.227,NULL,NULL,0,0,0,0,NULL,NULL,NULL,0,NULL,2022-03-24 00:00:00.000,2021-01-27 00:00:00.000,SMEM,1227850,2021-01-27 00:00:00.000,2022-03-24 00:00:00.000,NULL,0,8,0,0,No Data,NULL,NULL,0,NULL,NULL,NULL,0,0,5,Years,1,NULL,0,NULL,NULL,NULL,NULL,0,NULL,NULL,NULL,NULL,NULL,NULL,NULL,NULL,0,NULL,NULL,2022-12-28 12:50:49.277,cs_updates,2023-01-14 00:04:55.050,cs_updates,NULL,dda6b740-5f3f-4612-aac5-10000c043a22,NULL,0,NULL,NULL,1,0,NULL,dda6b740-5f3f-4612-aac5-10000c043a22,NULL,NOTICE OF GEOPHYSICAL PERMIT AND OPTION TO ACQUIRE OIL GAS AND MINERAL LEASE,3,NULL,69879,445,22,St. Landry,0,1,NULL,NULL,NULL,NULL,500,500,500,NULL,NULL,NULL,0,0,1,326,NULL,1,NULL,la/st landry,22,LOUISIANA,LA
1227701,St. Landry,LOUISIANA,87ea6daf-f3be-4de6-b0b2-757a5250238f,s3://enverus-courthouse-prod-chd-plants/la/st landry/87ea/87ea6daf-f3be-4de6-b0b2-757a5250238f.pdf,3,105822,2026-07-02 11:00:10.427,LND-8093,87ea6daf-f3be-4de6-b0b2-757a5250238f,\\smb.dc2isilon.na.drillinginfo.com\lease_data_entry\data_sources\nondigital_data\updates\ST_LANDRY_UPDATES_202212141432_0,\\smb.dc2isilon.na.drillinginfo.com\CS_TitleImages\CountyScansTitleImages\gpdm_imagestore\St. Landry_IMAGES\87ea,87ea6daf-f3be-4de6-b0b2-757a5250238f.pdf,.pdf,.pdf,12,2022-12-28 12:50:46.177,NULL,445,22,NULL,NULL,28,2022-12-28 12:50:46.177,1,NULL,NULL,4,631,631,2023-01-13 07:16:21.820,2023-01-13 07:16:21.820,NULL,NULL,0,0,0,0,NULL,NULL,NULL,0,NULL,2022-03-23 00:00:00.000,2020-09-23 00:00:00.000,SMEM,1227701,2020-09-23 00:00:00.000,2022-03-23 00:00:00.000,NULL,0,243.9,0,0,No Data,NULL,NULL,0,NULL,NULL,NULL,0,0,5,Years,1,NULL,0,NULL,NULL,NULL,NULL,0,NULL,NULL,NULL,NULL,NULL,NULL,NULL,NULL,0,NULL,NULL,2022-12-28 12:50:49.277,cs_updates,2023-01-14 00:04:55.050,cs_updates,NULL,23331cc8-310e-4c8d-9ca7-a2e72055481b,NULL,0,NULL,NULL,1,0,NULL,23331cc8-310e-4c8d-9ca7-a2e72055481b,NULL,NOTICE OF GEOPHYSICAL PERMIT AND OPTION TO ACQUIRE OIL GAS AND MINERAL LEASE,3,NULL,69879,445,22,St. Landry,0,1,NULL,NULL,NULL,NULL,500,500,500,NULL,NULL,NULL,0,0,1,326,NULL,1,NULL,la/st landry,22,LOUISIANA,LA
1227839,St. Landry,LOUISIANA,8b1def48-b839-493b-a9e1-4ff7f7f63bdd,s3://enverus-courthouse-prod-chd-plants/la/st landry/8b1d/8b1def48-b839-493b-a9e1-4ff7f7f63bdd.pdf,3,106583,2026-07-02 11:00:08.500,LND-8093,8b1def48-b839-493b-a9e1-4ff7f7f63bdd,\\smb.dc2isilon.na.drillinginfo.com\lease_data_entry\data_sources\nondigital_data\updates\ST_LANDRY_UPDATES_202212141432_0,\\smb.dc2isilon.na.drillinginfo.com\CS_TitleImages\CountyScansTitleImages\gpdm_imagestore\St. Landry_IMAGES\8b1d,8b1def48-b839-493b-a9e1-4ff7f7f63bdd.pdf,.pdf,.pdf,12,2022-12-28 12:50:46.177,NULL,445,22,NULL,NULL,28,2022-12-28 12:50:46.177,1,NULL,NULL,4,631,631,2023-01-13 07:08:16.267,2023-01-13 07:08:16.267,NULL,NULL,0,0,0,0,NULL,NULL,NULL,0,NULL,2022-03-24 00:00:00.000,2021-01-15 00:00:00.000,SMEM,1227839,2021-01-15 00:00:00.000,2022-03-24 00:00:00.000,NULL,0,20.627,0,0,No Data,NULL,NULL,0,NULL,NULL,NULL,0,0,5,Years,1,NULL,0,NULL,NULL,NULL,NULL,0,NULL,NULL,NULL,NULL,NULL,NULL,NULL,NULL,0,NULL,NULL,2022-12-28 12:50:49.277,cs_updates,2023-01-14 00:04:55.050,cs_updates,NULL,23331cc8-310e-4c8d-9ca7-a2e72055481b,NULL,0,NULL,NULL,1,0,NULL,23331cc8-310e-4c8d-9ca7-a2e72055481b,NULL,NOTICE OF GEOPHYSICAL PERMIT AND OPTION TO ACQUIRE OIL GAS AND MINERAL LEASE,3,NULL,69879,445,22,St. Landry,0,1,NULL,NULL,NULL,NULL,500,500,500,NULL,NULL,NULL,0,0,1,326,NULL,1,NULL,la/st landry,22,LOUISIANA,LA
1227843,St. Landry,LOUISIANA,76ea2cd6-e201-4164-90b8-dc7130108ae0,s3://enverus-courthouse-prod-chd-plants/la/st landry/76ea/76ea2cd6-e201-4164-90b8-dc7130108ae0.pdf,3,109829,2026-07-02 11:00:09.990,LND-8093,76ea2cd6-e201-4164-90b8-dc7130108ae0,\\smb.dc2isilon.na.drillinginfo.com\lease_data_entry\data_sources\nondigital_data\updates\ST_LANDRY_UPDATES_202212141432_0,\\smb.dc2isilon.na.drillinginfo.com\CS_TitleImages\CountyScansTitleImages\gpdm_imagestore\St. Landry_IMAGES\76ea,76ea2cd6-e201-4164-90b8-dc7130108ae0.pdf,.pdf,.pdf,12,2022-12-28 12:50:46.177,NULL,445,22,NULL,NULL,28,2022-12-28 12:50:46.177,1,NULL,NULL,4,642,642,2023-01-13 07:40:28.773,2023-01-13 07:40:28.773,NULL,NULL,0,0,0,0,NULL,NULL,NULL,0,NULL,2022-03-24 00:00:00.000,2021-01-20 00:00:00.000,SMEM,1227843,2021-01-20 00:00:00.000,2022-03-24 00:00:00.000,NULL,0,215.16,0,0,No Data,NULL,NULL,0,NULL,NULL,NULL,0,0,5,Years,1,NULL,0,NULL,NULL,NULL,NULL,0,NULL,NULL,NULL,NULL,NULL,NULL,NULL,NULL,0,NULL,NULL,2022-12-28 12:50:49.277,cs_updates,2023-01-14 00:04:55.050,cs_updates,NULL,eea00fa0-77ab-42ae-9452-038453fb45d7,NULL,0,NULL,NULL,1,0,NULL,eea00fa0-77ab-42ae-9452-038453fb45d7,NULL,NOTICE OF GEOPHYSICAL PERMIT AND OPTION TO ACQUIRE OIL GAS AND MINERAL LEASE,3,NULL,69879,445,22,St. Landry,0,1,NULL,NULL,NULL,NULL,500,500,500,NULL,NULL,NULL,0,0,1,326,NULL,1,NULL,la/st landry,22,LOUISIANA,LA
1227829,St. Landry,LOUISIANA,aeec8de2-59d3-4557-8a56-3c650ecdd174,s3://enverus-courthouse-prod-chd-plants/la/st landry/aeec/aeec8de2-59d3-4557-8a56-3c650ecdd174.pdf,3,126055,2026-07-02 11:00:05.350,LND-8093,aeec8de2-59d3-4557-8a56-3c650ecdd174,\\smb.dc2isilon.na.drillinginfo.com\lease_data_entry\data_sources\nondigital_data\updates\ST_LANDRY_UPDATES_202212141432_0,\\smb.dc2isilon.na.drillinginfo.com\CS_TitleImages\CountyScansTitleImages\gpdm_imagestore\St. Landry_IMAGES\aeec,aeec8de2-59d3-4557-8a56-3c650ecdd174.pdf,.pdf,.pdf,12,2022-12-28 12:50:46.177,NULL,445,22,NULL,NULL,28,2022-12-28 12:50:46.177,1,NULL,NULL,4,630,630,2023-01-13 07:29:50.897,2023-01-13 07:29:50.897,NULL,NULL,0,0,0,0,NULL,NULL,NULL,0,NULL,2022-03-24 00:00:00.000,2021-01-24 00:00:00.000,SMEM,1227829,2021-01-24 00:00:00.000,2022-03-24 00:00:00.000,NULL,0,NULL,-1,-1,NULL,NULL,NULL,0,NULL,NULL,NULL,0,0,5,Years,1,NULL,0,NULL,NULL,NULL,NULL,0,NULL,NULL,NULL,NULL,NULL,NULL,NULL,NULL,-1,NULL,NULL,2022-12-28 12:50:49.277,cs_updates,2023-01-14 00:04:55.050,cs_updates,NULL,f3114ea2-654e-465d-9be0-767cf29cb6c8,NULL,0,NULL,NULL,1,0,NULL,f3114ea2-654e-465d-9be0-767cf29cb6c8,NULL,NOTICE OF GEOPHYSICAL PERMIT AND OPTION TO ACQUIRE OIL GAS AND MINERAL LEASE,3,NULL,69879,445,22,St. Landry,0,1,NULL,NULL,NULL,NULL,500,500,500,NULL,NULL,NULL,0,0,1,326,NULL,1,NULL,la/st landry,22,LOUISIANA,LA
1227800,St. Landry,LOUISIANA,4a0db64b-732c-4a21-b187-13e5c97330f0,s3://enverus-courthouse-prod-chd-plants/la/st landry/4a0d/4a0db64b-732c-4a21-b187-13e5c97330f0.pdf,3,110599,2026-07-02 11:00:09.867,LND-8093,4a0db64b-732c-4a21-b187-13e5c97330f0,\\smb.dc2isilon.na.drillinginfo.com\lease_data_entry\data_sources\nondigital_data\updates\ST_LANDRY_UPDATES_202212141432_0,\\smb.dc2isilon.na.drillinginfo.com\CS_TitleImages\CountyScansTitleImages\gpdm_imagestore\St. Landry_IMAGES\4a0d,4a0db64b-732c-4a21-b187-13e5c97330f0.pdf,.pdf,.pdf,12,2022-12-28 12:50:46.177,NULL,445,22,NULL,NULL,28,2022-12-28 12:50:46.177,1,NULL,NULL,4,630,630,2023-01-13 07:19:01.857,2023-01-13 07:19:01.857,NULL,NULL,0,0,0,0,NULL,NULL,NULL,0,NULL,2022-03-24 00:00:00.000,2020-09-23 00:00:00.000,SMEM,1227800,2020-09-23 00:00:00.000,2022-03-24 00:00:00.000,NULL,0,43.61,0,0,NULL,NULL,NULL,0,NULL,NULL,NULL,0,0,5,Years,1,NULL,0,NULL,NULL,NULL,NULL,0,NULL,NULL,NULL,NULL,NULL,NULL,NULL,NULL,0,NULL,NULL,2022-12-28 12:50:49.277,cs_updates,2023-01-14 00:04:55.050,cs_updates,NULL,ab47dbb4-69fa-4f09-925d-712bc4cb0ad7,NULL,0,NULL,NULL,1,0,NULL,ab47dbb4-69fa-4f09-925d-712bc4cb0ad7,NULL,NOTICE OF GEOPHYSICAL PERMIT AND OPTION TO ACQUIRE OIL GAS AND MINERAL LEASE,3,NULL,69879,445,22,St. Landry,0,1,NULL,NULL,NULL,NULL,500,500,500,NULL,NULL,NULL,0,0,1,326,NULL,1,NULL,la/st landry,22,LOUISIANA,LA
1227717,St. Landry,LOUISIANA,afeff1e2-9453-4b33-99e7-ec6ad1ce5689,s3://enverus-courthouse-prod-chd-plants/la/st landry/afef/afeff1e2-9453-4b33-99e7-ec6ad1ce5689.pdf,3,117781,2026-07-02 11:00:04.953,LND-8093,afeff1e2-9453-4b33-99e7-ec6ad1ce5689,\\smb.dc2isilon.na.drillinginfo.com\lease_data_entry\data_sources\nondigital_data\updates\ST_LANDRY_UPDATES_202212141432_0,\\smb.dc2isilon.na.drillinginfo.com\CS_TitleImages\CountyScansTitleImages\gpdm_imagestore\St. Landry_IMAGES\afef,afeff1e2-9453-4b33-99e7-ec6ad1ce5689.pdf,.pdf,.pdf,12,2022-12-28 12:50:46.177,NULL,445,22,NULL,NULL,28,2022-12-28 12:50:46.177,1,NULL,NULL,4,642,642,2023-01-13 08:26:48.990,2023-01-13 08:26:48.990,NULL,NULL,0,0,0,0,NULL,NULL,NULL,0,NULL,2022-03-23 00:00:00.000,2020-09-11 00:00:00.000,SMEM,1227717,2020-09-11 00:00:00.000,2022-03-23 00:00:00.000,NULL,0,33.985,0,0,No Data,NULL,NULL,0,NULL,NULL,NULL,0,0,5,Years,1,NULL,0,NULL,NULL,NULL,NULL,0,NULL,NULL,NULL,NULL,NULL,NULL,NULL,NULL,0,NULL,NULL,2022-12-28 12:50:49.277,cs_updates,2023-01-14 00:04:55.050,cs_updates,NULL,ab1af7fc-bcb3-45e2-8b63-1440b36cff17,NULL,0,NULL,NULL,1,0,NULL,ab1af7fc-bcb3-45e2-8b63-1440b36cff17,NULL,NOTICE OF GEOPHYSICAL PERMIT AND OPTION TO ACQUIRE OIL GAS AND MINERAL LEASE,3,NULL,69879,445,22,St. Landry,0,1,NULL,NULL,NULL,NULL,500,500,500,NULL,NULL,NULL,0,0,1,326,NULL,1,NULL,la/st landry,22,LOUISIANA,LA
1227793,St. Landry,LOUISIANA,4b56ae4a-3881-4303-a16a-3ee494e2ad12,s3://enverus-courthouse-prod-chd-plants/la/st landry/4b56/4b56ae4a-3881-4303-a16a-3ee494e2ad12.pdf,3,107240,2026-07-02 11:00:09.263,LND-8093,4b56ae4a-3881-4303-a16a-3ee494e2ad12,\\smb.dc2isilon.na.drillinginfo.com\lease_data_entry\data_sources\nondigital_data\updates\ST_LANDRY_UPDATES_202212141432_0,\\smb.dc2isilon.na.drillinginfo.com\CS_TitleImages\CountyScansTitleImages\gpdm_imagestore\St. Landry_IMAGES\4b56,4b56ae4a-3881-4303-a16a-3ee494e2ad12.pdf,.pdf,.pdf,12,2022-12-28 12:50:46.177,NULL,445,22,NULL,NULL,28,2022-12-28 12:50:46.177,1,NULL,NULL,4,630,630,2023-01-13 08:02:13.597,2023-01-13 08:02:13.597,637,2023-01-13 08:51:59.273,1,0,0,0,NULL,NULL,NULL,0,NULL,2022-03-24 00:00:00.000,2020-09-01 00:00:00.000,SMEM,1227793,2020-09-02 00:00:00.000,2022-03-24 00:00:00.000,NULL,0,228,0,0,No Data,NULL,NULL,0,NULL,NULL,NULL,0,0,5,Years,1,NULL,0,NULL,NULL,NULL,NULL,0,NULL,NULL,NULL,NULL,NULL,NULL,NULL,NULL,0,NULL,NULL,2022-12-28 12:50:49.277,cs_updates,2023-01-14 00:04:55.050,cs_updates,NULL,e2d41c68-284a-4325-8d3c-6ca2c1bf85a0,NULL,0,NULL,NULL,1,0,NULL,e2d41c68-284a-4325-8d3c-6ca2c1bf85a0,NULL,NOTICE OF GEOPHYSICAL PERMIT AND OPTION TO ACQUIRE OIL GAS AND MINERAL LEASE,3,NULL,69879,445,22,St. Landry,0,1,NULL,NULL,NULL,NULL,500,500,500,NULL,NULL,NULL,0,0,1,326,NULL,1,NULL,la/st landry,22,LOUISIANA,LA
1227780,St. Landry,LOUISIANA,b73f3f51-1f42-41b5-a9a6-591bdabbb4ea,s3://enverus-courthouse-prod-chd-plants/la/st landry/b73f/b73f3f51-1f42-41b5-a9a6-591bdabbb4ea.pdf,3,124877,2026-07-02 11:00:04.050,LND-8093,b73f3f51-1f42-41b5-a9a6-591bdabbb4ea,\\smb.dc2isilon.na.drillinginfo.com\lease_data_entry\data_sources\nondigital_data\updates\ST_LANDRY_UPDATES_202212141432_0,\\smb.dc2isilon.na.drillinginfo.com\CS_TitleImages\CountyScansTitleImages\gpdm_imagestore\St. Landry_IMAGES\b73f,b73f3f51-1f42-41b5-a9a6-591bdabbb4ea.pdf,.pdf,.pdf,12,2022-12-28 12:50:46.177,NULL,445,22,NULL,NULL,28,2022-12-28 12:50:46.177,1,NULL,NULL,4,642,642,2023-01-13 06:57:06.947,2023-01-13 06:57:06.947,NULL,NULL,0,0,0,0,NULL,NULL,NULL,0,NULL,2022-03-24 00:00:00.000,2020-09-02 00:00:00.000,SMEM,1227780,2020-09-02 00:00:00.000,2022-03-24 00:00:00.000,NULL,0,34.104,0,0,No Data,NULL,NULL,0,NULL,NULL,NULL,0,0,5,Years,1,NULL,0,NULL,NULL,NULL,NULL,0,NULL,NULL,NULL,NULL,NULL,NULL,NULL,NULL,0,NULL,NULL,2022-12-28 12:50:49.277,cs_updates,2023-01-14 00:04:55.050,cs_updates,NULL,b5763525-0165-4257-b2c2-a70237631dfe,NULL,0,NULL,NULL,1,0,NULL,b5763525-0165-4257-b2c2-a70237631dfe,NULL,NOTICE OF GEOPHYSICAL PERMIT AND OPTION TO ACQUIRE OIL GAS AND MINERAL LEASE,3,NULL,69879,445,22,St. Landry,0,1,NULL,NULL,NULL,NULL,500,500,500,NULL,NULL,NULL,0,0,1,326,NULL,1,NULL,la/st landry,22,LOUISIANA,LA
1227715,St. Landry,LOUISIANA,4b5eafba-20c8-4a9d-ae13-3ab01486c2e1,s3://enverus-courthouse-prod-chd-plants/la/st landry/4b5e/4b5eafba-20c8-4a9d-ae13-3ab01486c2e1.pdf,3,120871,2026-07-02 11:00:09.443,LND-8093,4b5eafba-20c8-4a9d-ae13-3ab01486c2e1,\\smb.dc2isilon.na.drillinginfo.com\lease_data_entry\data_sources\nondigital_data\updates\ST_LANDRY_UPDATES_202212141432_0,\\smb.dc2isilon.na.drillinginfo.com\CS_TitleImages\CountyScansTitleImages\gpdm_imagestore\St. Landry_IMAGES\4b5e,4b5eafba-20c8-4a9d-ae13-3ab01486c2e1.pdf,.pdf,.pdf,12,2022-12-28 12:50:46.177,NULL,445,22,NULL,NULL,28,2022-12-28 12:50:46.177,1,NULL,NULL,4,630,630,2023-01-13 07:37:10.060,2023-01-13 07:37:10.060,637,2023-01-13 08:51:59.300,1,0,0,0,NULL,NULL,NULL,0,NULL,2022-03-23 00:00:00.000,2020-12-05 00:00:00.000,SMEM,1227715,2020-12-05 00:00:00.000,2022-03-23 00:00:00.000,NULL,0,26.954,0,0,No Data,NULL,NULL,0,NULL,NULL,NULL,0,0,5,Years,1,NULL,0,NULL,NULL,NULL,NULL,0,NULL,NULL,NULL,NULL,NULL,NULL,NULL,NULL,0,NULL,NULL,2022-12-28 12:50:49.277,cs_updates,2023-01-14 00:04:55.050,cs_updates,NULL,e2d41c68-284a-4325-8d3c-6ca2c1bf85a0,NULL,0,NULL,NULL,1,0,NULL,e2d41c68-284a-4325-8d3c-6ca2c1bf85a0,NULL,NOTICE OF GEOPHYSICAL PERMIT AND OPTION TO ACQUIRE OIL GAS AND MINERAL LEASE,3,NULL,69879,445,22,St. Landry,0,1,NULL,NULL,NULL,NULL,500,500,500,NULL,NULL,NULL,0,0,1,326,NULL,1,NULL,la/st landry,22,LOUISIANA,LA
1227718,St. Landry,LOUISIANA,bc2916b6-f071-4da0-b028-f163f96de286,s3://enverus-courthouse-prod-chd-plants/la/st landry/bc29/bc2916b6-f071-4da0-b028-f163f96de286.pdf,3,106464,2026-07-02 11:00:10.083,LND-8093,bc2916b6-f071-4da0-b028-f163f96de286,\\smb.dc2isilon.na.drillinginfo.com\lease_data_entry\data_sources\nondigital_data\updates\ST_LANDRY_UPDATES_202212141432_0,\\smb.dc2isilon.na.drillinginfo.com\CS_TitleImages\CountyScansTitleImages\gpdm_imagestore\St. Landry_IMAGES\bc29,bc2916b6-f071-4da0-b028-f163f96de286.pdf,.pdf,.pdf,12,2022-12-28 12:50:46.177,NULL,445,22,NULL,NULL,28,2022-12-28 12:50:46.177,1,NULL,NULL,4,642,642,2023-01-13 07:35:44.397,2023-01-13 07:35:44.397,637,2023-01-13 08:16:22.427,1,0,0,0,NULL,NULL,NULL,0,NULL,2022-03-23 00:00:00.000,2020-09-02 00:00:00.000,SMEM,1227718,2020-09-02 00:00:00.000,2022-03-23 00:00:00.000,NULL,0,8,0,0,No Data,NULL,NULL,0,NULL,NULL,NULL,0,0,5,Years,1,NULL,0,NULL,NULL,NULL,NULL,0,NULL,NULL,NULL,NULL,NULL,NULL,NULL,NULL,0,NULL,NULL,2022-12-28 12:50:49.277,cs_updates,2023-01-14 00:04:55.050,cs_updates,NULL,eea00fa0-77ab-42ae-9452-038453fb45d7,NULL,0,NULL,NULL,1,0,NULL,eea00fa0-77ab-42ae-9452-038453fb45d7,NULL,NOTICE OF GEOPHYSICAL PERMIT AND OPTION TO ACQUIRE OIL GAS AND MINERAL LEASE,3,NULL,69879,445,22,St. Landry,0,1,NULL,NULL,NULL,NULL,500,500,500,NULL,NULL,NULL,0,0,1,326,NULL,1,NULL,la/st landry,22,LOUISIANA,LA
1227858,St. Landry,LOUISIANA,41fb52d1-2010-4f09-9576-a4d7b6472b5f,s3://enverus-courthouse-prod-chd-plants/la/st landry/41fb/41fb52d1-2010-4f09-9576-a4d7b6472b5f.pdf,3,103450,2026-07-02 11:00:07.087,LND-8093,41fb52d1-2010-4f09-9576-a4d7b6472b5f,\\smb.dc2isilon.na.drillinginfo.com\lease_data_entry\data_sources\nondigital_data\updates\ST_LANDRY_UPDATES_202212141432_0,\\smb.dc2isilon.na.drillinginfo.com\CS_TitleImages\CountyScansTitleImages\gpdm_imagestore\St. Landry_IMAGES\41fb,41fb52d1-2010-4f09-9576-a4d7b6472b5f.pdf,.pdf,.pdf,12,2022-12-28 12:50:46.177,NULL,445,22,NULL,NULL,28,2022-12-28 12:50:46.177,1,NULL,NULL,4,635,635,2023-01-13 06:57:31.190,2023-01-13 06:57:31.190,NULL,NULL,0,0,0,0,NULL,NULL,NULL,0,NULL,2022-03-24 00:00:00.000,2020-09-11 00:00:00.000,SMEM,1227858,2020-09-11 00:00:00.000,2022-03-24 00:00:00.000,NULL,0,11.36,0,0,No Data,NULL,NULL,0,NULL,NULL,NULL,0,0,5,Years,1,NULL,0,NULL,NULL,NULL,NULL,0,NULL,NULL,NULL,NULL,NULL,NULL,NULL,NULL,0,NULL,NULL,2022-12-28 12:50:49.277,cs_updates,2023-01-14 00:04:55.050,cs_updates,NULL,dc77ef28-1598-4bc3-a7fe-70fe213d6034,NULL,0,NULL,NULL,1,0,NULL,dc77ef28-1598-4bc3-a7fe-70fe213d6034,NULL,NOTICE OF GEOPHYSICAL PERMIT AND OPTION TO ACQUIRE OIL GAS AND MINERAL LEASE,3,NULL,69879,445,22,St. Landry,0,1,NULL,NULL,NULL,NULL,500,500,500,NULL,NULL,NULL,0,0,1,326,NULL,1,NULL,la/st landry,22,LOUISIANA,LA
1227787,St. Landry,LOUISIANA,7657724e-c0b4-4b08-a1c0-71090cbdbae3,s3://enverus-courthouse-prod-chd-plants/la/st landry/7657/7657724e-c0b4-4b08-a1c0-71090cbdbae3.pdf,3,119894,2026-07-02 11:00:10.403,LND-8093,7657724e-c0b4-4b08-a1c0-71090cbdbae3,\\smb.dc2isilon.na.drillinginfo.com\lease_data_entry\data_sources\nondigital_data\updates\ST_LANDRY_UPDATES_202212141432_0,\\smb.dc2isilon.na.drillinginfo.com\CS_TitleImages\CountyScansTitleImages\gpdm_imagestore\St. Landry_IMAGES\7657,7657724e-c0b4-4b08-a1c0-71090cbdbae3.pdf,.pdf,.pdf,12,2022-12-28 12:50:46.177,NULL,445,22,NULL,NULL,28,2022-12-28 12:50:46.177,1,NULL,NULL,4,630,630,2023-01-13 06:29:55.827,2023-01-13 06:29:55.827,NULL,NULL,0,0,0,0,NULL,NULL,NULL,0,NULL,2022-03-24 00:00:00.000,2020-09-02 00:00:00.000,SMEM,1227787,2020-09-17 00:00:00.000,2022-03-24 00:00:00.000,NULL,0,31.487,0,0,No Data,NULL,NULL,0,NULL,NULL,NULL,0,0,5,Years,1,NULL,0,NULL,NULL,NULL,NULL,0,NULL,NULL,NULL,NULL,NULL,NULL,NULL,NULL,0,NULL,NULL,2022-12-28 12:50:49.277,cs_updates,2023-01-14 00:04:55.050,cs_updates,NULL,ab47dbb4-69fa-4f09-925d-712bc4cb0ad7,NULL,0,NULL,NULL,1,0,NULL,ab47dbb4-69fa-4f09-925d-712bc4cb0ad7,NULL,NOTICE OF GEOGRAPHICAL PERMIT AND OPTION TO ACQUIRE OIL GAS AND MINERAL LEASE,3,NULL,127658,445,22,St. Landry,0,1,NULL,NULL,NULL,NULL,500,500,500,NULL,NULL,NULL,0,0,1,326,NULL,1,NULL,la/st landry,22,LOUISIANA,LA
1227849,St. Landry,LOUISIANA,4620ca1b-525b-49db-a459-e3e3f5687ea4,s3://enverus-courthouse-prod-chd-plants/la/st landry/4620/4620ca1b-525b-49db-a459-e3e3f5687ea4.pdf,3,109809,2026-07-02 11:00:07.500,LND-8093,4620ca1b-525b-49db-a459-e3e3f5687ea4,\\smb.dc2isilon.na.drillinginfo.com\lease_data_entry\data_sources\nondigital_data\updates\ST_LANDRY_UPDATES_202212141432_0,\\smb.dc2isilon.na.drillinginfo.com\CS_TitleImages\CountyScansTitleImages\gpdm_imagestore\St. Landry_IMAGES\4620,4620ca1b-525b-49db-a459-e3e3f5687ea4.pdf,.pdf,.pdf,12,2022-12-28 12:50:46.177,NULL,445,22,NULL,NULL,28,2022-12-28 12:50:46.177,1,NULL,NULL,4,631,631,2023-01-13 07:25:00.230,2023-01-13 07:25:00.230,NULL,NULL,0,0,0,0,NULL,NULL,NULL,0,NULL,2022-03-24 00:00:00.000,2021-01-24 00:00:00.000,SMEM,1227849,2021-01-24 00:00:00.000,2022-03-24 00:00:00.000,NULL,0,53.617,0,0,No Data,NULL,NULL,0,NULL,NULL,NULL,0,0,5,Years,1,NULL,0,NULL,NULL,NULL,NULL,0,NULL,NULL,NULL,NULL,NULL,NULL,NULL,NULL,0,NULL,NULL,2022-12-28 12:50:49.277,cs_updates,2023-01-14 00:04:55.050,cs_updates,NULL,23331cc8-310e-4c8d-9ca7-a2e72055481b,NULL,0,NULL,NULL,1,0,NULL,23331cc8-310e-4c8d-9ca7-a2e72055481b,NULL,NOTICE OF GEOPHYSICAL PERMIT AND OPTION TO ACQUIRE OIL GAS AND MINERAL LEASE,3,NULL,69879,445,22,St. Landry,0,1,NULL,NULL,NULL,NULL,500,500,500,NULL,NULL,NULL,0,0,1,326,NULL,1,NULL,la/st landry,22,LOUISIANA,LA
1227792,St. Landry,LOUISIANA,c7e5b344-bb6f-46e7-9d88-49a53b731cac,s3://enverus-courthouse-prod-chd-plants/la/st landry/c7e5/c7e5b344-bb6f-46e7-9d88-49a53b731cac.pdf,3,107808,2026-07-02 11:00:05.357,LND-8093,c7e5b344-bb6f-46e7-9d88-49a53b731cac,\\smb.dc2isilon.na.drillinginfo.com\lease_data_entry\data_sources\nondigital_data\updates\ST_LANDRY_UPDATES_202212141432_0,\\smb.dc2isilon.na.drillinginfo.com\CS_TitleImages\CountyScansTitleImages\gpdm_imagestore\St. Landry_IMAGES\c7e5,c7e5b344-bb6f-46e7-9d88-49a53b731cac.pdf,.pdf,.pdf,12,2022-12-28 12:50:46.177,NULL,445,22,NULL,NULL,28,2022-12-28 12:50:46.177,1,NULL,NULL,4,631,631,2023-01-13 06:34:18.470,2023-01-13 06:34:18.470,NULL,NULL,0,0,0,0,NULL,NULL,NULL,0,NULL,2022-03-24 00:00:00.000,2020-09-30 00:00:00.000,SMEM,1227792,2020-09-30 00:00:00.000,2022-03-24 00:00:00.000,NULL,0,4.51,0,0,No Data,NULL,NULL,0,NULL,NULL,NULL,0,0,5,Years,1,NULL,0,NULL,NULL,NULL,NULL,0,NULL,NULL,NULL,NULL,NULL,NULL,NULL,NULL,0,NULL,NULL,2022-12-28 12:50:49.277,cs_updates,2023-01-14 00:04:55.050,cs_updates,NULL,8cbe58ab-3302-4cf8-9657-30e51e80dc2c,NULL,0,NULL,NULL,1,0,NULL,8cbe58ab-3302-4cf8-9657-30e51e80dc2c,NULL,NOTICE OF GEOPHYSICAL PERMIT AND OPTION TO ACQUIRE OIL GAS AND MINERAL LEASE,3,NULL,69879,445,22,St. Landry,0,1,NULL,NULL,NULL,NULL,500,500,500,NULL,NULL,NULL,0,0,1,326,NULL,1,NULL,la/st landry,22,LOUISIANA,LA
1227855,St. Landry,LOUISIANA,6427984d-2f32-410f-9ae4-0c3651009481,s3://enverus-courthouse-prod-chd-plants/la/st landry/6427/6427984d-2f32-410f-9ae4-0c3651009481.pdf,3,121837,2026-07-02 11:00:09.597,LND-8093,6427984d-2f32-410f-9ae4-0c3651009481,\\smb.dc2isilon.na.drillinginfo.com\lease_data_entry\data_sources\nondigital_data\updates\ST_LANDRY_UPDATES_202212141432_0,\\smb.dc2isilon.na.drillinginfo.com\CS_TitleImages\CountyScansTitleImages\gpdm_imagestore\St. Landry_IMAGES\6427,6427984d-2f32-410f-9ae4-0c3651009481.pdf,.pdf,.pdf,12,2022-12-28 12:50:46.177,NULL,445,22,NULL,NULL,28,2022-12-28 12:50:46.177,1,NULL,NULL,4,631,631,2023-01-13 08:55:28.090,2023-01-13 08:55:28.090,NULL,NULL,0,0,0,0,NULL,NULL,NULL,0,NULL,2022-03-24 00:00:00.000,2020-09-11 00:00:00.000,SMEM,1227855,2020-09-11 00:00:00.000,2022-03-24 00:00:00.000,NULL,0,105.741,0,0,No Data,NULL,NULL,0,NULL,NULL,NULL,0,0,5,Years,1,NULL,0,NULL,NULL,NULL,NULL,0,NULL,NULL,NULL,NULL,NULL,NULL,NULL,NULL,0,NULL,NULL,2022-12-28 12:50:49.277,cs_updates,2023-01-14 00:04:55.050,cs_updates,NULL,c2b15a23-06ec-4559-87f6-38fd2271f179,NULL,0,NULL,NULL,1,0,NULL,c2b15a23-06ec-4559-87f6-38fd2271f179,NULL,NOTICE OF GEOPHYSICAL PERMIT AND OPTION TO ACQUIRE OIL GAS AND MINERAL LEASE,3,NULL,69879,445,22,St. Landry,0,1,NULL,NULL,NULL,NULL,500,500,500,NULL,NULL,NULL,0,0,1,326,NULL,1,NULL,la/st landry,22,LOUISIANA,LA
1227783,St. Landry,LOUISIANA,ca1dc150-8718-4219-8141-93f59f32596b,s3://enverus-courthouse-prod-chd-plants/la/st landry/ca1d/ca1dc150-8718-4219-8141-93f59f32596b.pdf,3,107991,2026-07-02 11:00:07.853,LND-8093,ca1dc150-8718-4219-8141-93f59f32596b,\\smb.dc2isilon.na.drillinginfo.com\lease_data_entry\data_sources\nondigital_data\updates\ST_LANDRY_UPDATES_202212141432_0,\\smb.dc2isilon.na.drillinginfo.com\CS_TitleImages\CountyScansTitleImages\gpdm_imagestore\St. Landry_IMAGES\ca1d,ca1dc150-8718-4219-8141-93f59f32596b.pdf,.pdf,.pdf,12,2022-12-28 12:50:46.177,NULL,445,22,NULL,NULL,28,2022-12-28 12:50:46.177,1,NULL,NULL,4,631,631,2023-01-13 07:58:30.720,2023-01-13 07:58:30.720,NULL,NULL,0,0,0,0,NULL,NULL,NULL,0,NULL,2022-03-24 00:00:00.000,2020-09-23 00:00:00.000,SMEM,1227783,2020-09-23 00:00:00.000,2022-03-24 00:00:00.000,NULL,0,5.266,0,0,No Data,NULL,NULL,0,NULL,NULL,NULL,0,0,5,Years,1,NULL,0,NULL,NULL,NULL,NULL,0,NULL,NULL,NULL,NULL,NULL,NULL,NULL,NULL,0,NULL,NULL,2022-12-28 12:50:49.277,cs_updates,2023-01-14 00:04:55.050,cs_updates,NULL,c2b15a23-06ec-4559-87f6-38fd2271f179,NULL,0,NULL,NULL,1,0,NULL,c2b15a23-06ec-4559-87f6-38fd2271f179,NULL,NOTICE OF GEOPHYSICAL PERMIT AND OPTION TO ACQUIRE OIL GAS AND MINERAL LEASE,3,NULL,69879,445,22,St. Landry,0,1,NULL,NULL,NULL,NULL,500,500,500,NULL,NULL,NULL,0,0,1,326,NULL,1,NULL,la/st landry,22,LOUISIANA,LA
1227788,St. Landry,LOUISIANA,5d01e468-d5d3-4aaa-8946-05ac71a77b36,s3://enverus-courthouse-prod-chd-plants/la/st landry/5d01/5d01e468-d5d3-4aaa-8946-05ac71a77b36.pdf,3,105984,2026-07-02 11:00:08.440,LND-8093,5d01e468-d5d3-4aaa-8946-05ac71a77b36,\\smb.dc2isilon.na.drillinginfo.com\lease_data_entry\data_sources\nondigital_data\updates\ST_LANDRY_UPDATES_202212141432_0,\\smb.dc2isilon.na.drillinginfo.com\CS_TitleImages\CountyScansTitleImages\gpdm_imagestore\St. Landry_IMAGES\5d01,5d01e468-d5d3-4aaa-8946-05ac71a77b36.pdf,.pdf,.pdf,12,2022-12-28 12:50:46.177,NULL,445,22,NULL,NULL,28,2022-12-28 12:50:46.177,1,NULL,NULL,4,642,642,2023-01-13 08:04:04.493,2023-01-13 08:04:04.493,NULL,NULL,0,0,0,0,NULL,NULL,NULL,0,NULL,2022-03-24 00:00:00.000,2020-09-30 00:00:00.000,SMEM,1227788,2020-09-30 00:00:00.000,2022-03-24 00:00:00.000,NULL,0,14.04,0,0,No Data,NULL,NULL,0,NULL,NULL,NULL,0,0,5,Years,1,NULL,0,NULL,NULL,NULL,NULL,0,NULL,NULL,NULL,NULL,NULL,NULL,NULL,NULL,0,NULL,NULL,2022-12-28 12:50:49.277,cs_updates,2023-01-14 00:04:55.050,cs_updates,NULL,ab1af7fc-bcb3-45e2-8b63-1440b36cff17,NULL,0,NULL,NULL,1,0,NULL,ab1af7fc-bcb3-45e2-8b63-1440b36cff17,NULL,NOTICE OF GEOPHYSICAL PERMIT AND OPTION TO ACQUIRE OIL GAS AND MINERAL LEASE,3,NULL,69879,445,22,St. Landry,0,1,NULL,NULL,NULL,NULL,500,500,500,NULL,NULL,NULL,0,0,1,326,NULL,1,NULL,la/st landry,22,LOUISIANA,LA
1227716,St. Landry,LOUISIANA,2af8d826-c213-4a30-b443-66c7eb89e1b4,s3://enverus-courthouse-prod-chd-plants/la/st landry/2af8/2af8d826-c213-4a30-b443-66c7eb89e1b4.pdf,3,114635,2026-07-02 11:00:08.227,LND-8093,2af8d826-c213-4a30-b443-66c7eb89e1b4,\\smb.dc2isilon.na.drillinginfo.com\lease_data_entry\data_sources\nondigital_data\updates\ST_LANDRY_UPDATES_202212141432_0,\\smb.dc2isilon.na.drillinginfo.com\CS_TitleImages\CountyScansTitleImages\gpdm_imagestore\St. Landry_IMAGES\2af8,2af8d826-c213-4a30-b443-66c7eb89e1b4.pdf,.pdf,.pdf,12,2022-12-28 12:50:46.177,NULL,445,22,NULL,NULL,28,2022-12-28 12:50:46.177,1,NULL,NULL,4,642,642,2023-01-13 06:51:14.497,2023-01-13 06:51:14.497,NULL,NULL,0,0,0,0,NULL,NULL,NULL,0,NULL,2022-03-23 00:00:00.000,2020-09-11 00:00:00.000,SMEM,1227716,2020-09-11 00:00:00.000,2022-03-23 00:00:00.000,NULL,0,19.6,0,0,No Data,NULL,NULL,0,NULL,NULL,NULL,0,0,5,Years,1,NULL,0,NULL,NULL,NULL,NULL,0,NULL,NULL,NULL,NULL,NULL,NULL,NULL,NULL,0,NULL,NULL,2022-12-28 12:50:49.277,cs_updates,2023-01-14 00:04:55.050,cs_updates,NULL,b5763525-0165-4257-b2c2-a70237631dfe,NULL,0,NULL,NULL,1,0,NULL,b5763525-0165-4257-b2c2-a70237631dfe,NULL,NOTICE OF GEOPHYSICAL PERMIT AND OPTION TO ACQUIRE OIL GAS AND MINERAL LEASE,3,NULL,69879,445,22,St. Landry,0,1,NULL,NULL,NULL,NULL,500,500,500,NULL,NULL,NULL,0,0,1,326,NULL,1,NULL,la/st landry,22,LOUISIANA,LA
1227827,St. Landry,LOUISIANA,ee5ad56e-33d4-4168-bc0d-ca5c16f0f5df,s3://enverus-courthouse-prod-chd-plants/la/st landry/ee5a/ee5ad56e-33d4-4168-bc0d-ca5c16f0f5df.pdf,3,117268,2026-07-02 11:00:10.450,LND-8093,ee5ad56e-33d4-4168-bc0d-ca5c16f0f5df,\\smb.dc2isilon.na.drillinginfo.com\lease_data_entry\data_sources\nondigital_data\updates\ST_LANDRY_UPDATES_202212141432_0,\\smb.dc2isilon.na.drillinginfo.com\CS_TitleImages\CountyScansTitleImages\gpdm_imagestore\St. Landry_IMAGES\ee5a,ee5ad56e-33d4-4168-bc0d-ca5c16f0f5df.pdf,.pdf,.pdf,12,2022-12-28 12:50:46.177,NULL,445,22,NULL,NULL,28,2022-12-28 12:50:46.177,1,NULL,NULL,4,642,642,2023-01-13 06:46:48.510,2023-01-13 06:46:48.510,637,2023-01-13 07:14:38.673,1,0,0,0,NULL,NULL,NULL,0,NULL,2022-03-24 00:00:00.000,2020-09-11 00:00:00.000,SMEM,1227827,2020-09-11 00:00:00.000,2022-03-24 00:00:00.000,NULL,0,52.929,0,0,No Data,NULL,NULL,0,NULL,NULL,NULL,0,0,5,Years,1,NULL,0,NULL,NULL,NULL,NULL,0,NULL,NULL,NULL,NULL,NULL,NULL,NULL,NULL,0,NULL,NULL,2022-12-28 12:50:49.277,cs_updates,2023-01-14 00:04:55.050,cs_updates,NULL,b5763525-0165-4257-b2c2-a70237631dfe,NULL,0,NULL,NULL,1,0,NULL,b5763525-0165-4257-b2c2-a70237631dfe,NULL,NOTICE OF GEOPHYSICAL PERMIT AND OPTION TO ACQUIRE OIL GAS AND MINERAL LEASE,3,NULL,69879,445,22,St. Landry,0,1,NULL,NULL,NULL,NULL,500,500,500,NULL,NULL,NULL,0,0,1,326,NULL,1,NULL,la/st landry,22,LOUISIANA,LA
01227863,St. Landry,LOUISIANA,05042e58-b49b-46b3-896b-59dd41df2165,s3://enverus-courthouse-prod-chd-plants/la/st landry/0504/05042e58-b49b-46b3-896b-59dd41df2165.pdf,3,107573,2026-07-02 11:00:10.430,LND-8093,05042e58-b49b-46b3-896b-59dd41df2165,\\smb.dc2isilon.na.drillinginfo.com\lease_data_entry\data_sources\nondigital_data\updates\ST_LANDRY_UPDATES_202212141432_0,\\smb.dc2isilon.na.drillinginfo.com\CS_TitleImages\CountyScansTitleImages\gpdm_imagestore\St. Landry_IMAGES\0504,05042e58-b49b-46b3-896b-59dd41df2165.pdf,.pdf,.pdf,12,2022-12-28 12:50:46.177,NULL,445,22,NULL,NULL,28,2022-12-28 12:50:46.177,1,NULL,NULL,4,642,642,2023-01-13 06:08:34.043,2023-01-13 06:08:34.043,637,2023-01-13 07:14:38.563,1,0,0,0,NULL,NULL,NULL,0,NULL,2022-03-24 00:00:00.000,2021-01-10 00:00:00.000,SMEM,01227863,2021-01-10 00:00:00.000,2022-03-24 00:00:00.000,NULL,0,43.2,0,-1,No Data,NULL,NULL,0,NULL,NULL,NULL,0,0,5,Years,1,NULL,0,NULL,NULL,NULL,NULL,0,NULL,NULL,NULL,NULL,NULL,NULL,NULL,NULL,0,NULL,NULL,2022-12-28 12:50:49.277,cs_updates,2023-01-14 00:04:55.050,cs_updates,NULL,b5763525-0165-4257-b2c2-a70237631dfe,NULL,0,NULL,NULL,1,0,NULL,b5763525-0165-4257-b2c2-a70237631dfe,NULL,NOTICE OF GEOPHYSICAL PERMIT AND OPTION TO ACQUIRE OIL GAS AND MINERAL LEASE,3,NULL,69879,445,22,St. Landry,0,1,NULL,NULL,NULL,NULL,500,500,500,NULL,NULL,NULL,0,0,1,326,NULL,1,NULL,la/st landry,22,LOUISIANA,LA
1227847,St. Landry,LOUISIANA,e52f4d17-d6c3-4739-96b0-64953273f5ae,s3://enverus-courthouse-prod-chd-plants/la/st landry/e52f/e52f4d17-d6c3-4739-96b0-64953273f5ae.pdf,3,105426,2026-07-02 11:00:09.360,LND-8093,e52f4d17-d6c3-4739-96b0-64953273f5ae,\\smb.dc2isilon.na.drillinginfo.com\lease_data_entry\data_sources\nondigital_data\updates\ST_LANDRY_UPDATES_202212141432_0,\\smb.dc2isilon.na.drillinginfo.com\CS_TitleImages\CountyScansTitleImages\gpdm_imagestore\St. Landry_IMAGES\e52f,e52f4d17-d6c3-4739-96b0-64953273f5ae.pdf,.pdf,.pdf,12,2022-12-28 12:50:46.177,NULL,445,22,NULL,NULL,28,2022-12-28 12:50:46.177,1,NULL,NULL,4,635,635,2023-01-13 06:52:55.227,2023-01-13 06:52:55.227,NULL,NULL,0,0,0,0,NULL,NULL,NULL,0,NULL,2022-03-24 00:00:00.000,2021-01-05 00:00:00.000,SMEM,1227847,2021-01-05 00:00:00.000,2022-03-24 00:00:00.000,NULL,0,40,0,0,No Data,NULL,NULL,0,NULL,NULL,NULL,0,0,5,Years,1,NULL,0,NULL,NULL,NULL,NULL,0,NULL,NULL,NULL,NULL,NULL,NULL,NULL,NULL,0,NULL,NULL,2022-12-28 12:50:49.277,cs_updates,2023-01-14 00:04:55.050,cs_updates,NULL,dc77ef28-1598-4bc3-a7fe-70fe213d6034,NULL,0,NULL,NULL,1,0,NULL,dc77ef28-1598-4bc3-a7fe-70fe213d6034,NULL,NOTICE OF GEOPHYSICAL PERMIT AND OPTION TO ACQUIRE OIL GAS AND MINERAL LEASE,3,NULL,69879,445,22,St. Landry,0,1,NULL,NULL,NULL,NULL,500,500,500,NULL,NULL,NULL,0,0,1,326,NULL,1,NULL,la/st landry,22,LOUISIANA,LA
1227812,St. Landry,LOUISIANA,123ccd48-c6ee-4d32-9c0b-0e532152771b,s3://enverus-courthouse-prod-chd-plants/la/st landry/123c/123ccd48-c6ee-4d32-9c0b-0e532152771b.pdf,3,110969,2026-07-02 11:00:10.433,LND-8093,123ccd48-c6ee-4d32-9c0b-0e532152771b,\\smb.dc2isilon.na.drillinginfo.com\lease_data_entry\data_sources\nondigital_data\updates\ST_LANDRY_UPDATES_202212141432_0,\\smb.dc2isilon.na.drillinginfo.com\CS_TitleImages\CountyScansTitleImages\gpdm_imagestore\St. Landry_IMAGES\123c,123ccd48-c6ee-4d32-9c0b-0e532152771b.pdf,.pdf,.pdf,12,2022-12-28 12:50:46.177,NULL,445,22,NULL,NULL,28,2022-12-28 12:50:46.177,1,NULL,NULL,4,631,631,2023-01-13 07:12:26.523,2023-01-13 07:12:26.523,NULL,NULL,0,0,0,0,NULL,NULL,NULL,0,NULL,2022-03-24 00:00:00.000,2021-01-20 00:00:00.000,SMEM,1227812,2021-01-20 00:00:00.000,2022-03-24 00:00:00.000,NULL,0,114.99,0,0,No Data,NULL,NULL,0,NULL,NULL,NULL,0,0,5,Years,1,NULL,0,NULL,NULL,NULL,NULL,0,NULL,NULL,NULL,NULL,NULL,NULL,NULL,NULL,0,NULL,NULL,2022-12-28 12:50:49.277,cs_updates,2023-01-14 00:04:55.050,cs_updates,NULL,23331cc8-310e-4c8d-9ca7-a2e72055481b,NULL,0,NULL,NULL,1,0,NULL,23331cc8-310e-4c8d-9ca7-a2e72055481b,NULL,NOTICE OF GEOPHYSICAL PERMIT AND OPTION TO ACQUIRE OIL GAS AND MINERAL LEASE,3,NULL,69879,445,22,St. Landry,0,1,NULL,NULL,NULL,NULL,500,500,500,NULL,NULL,NULL,0,0,1,326,NULL,1,NULL,la/st landry,22,LOUISIANA,LA
1227791,St. Landry,LOUISIANA,e5976dd8-1f11-441d-8ca6-3b0e798dbbfe,s3://enverus-courthouse-prod-chd-plants/la/st landry/e597/e5976dd8-1f11-441d-8ca6-3b0e798dbbfe.pdf,3,108455,2026-07-02 11:00:07.877,LND-8093,e5976dd8-1f11-441d-8ca6-3b0e798dbbfe,\\smb.dc2isilon.na.drillinginfo.com\lease_data_entry\data_sources\nondigital_data\updates\ST_LANDRY_UPDATES_202212141432_0,\\smb.dc2isilon.na.drillinginfo.com\CS_TitleImages\CountyScansTitleImages\gpdm_imagestore\St. Landry_IMAGES\e597,e5976dd8-1f11-441d-8ca6-3b0e798dbbfe.pdf,.pdf,.pdf,12,2022-12-28 12:50:46.177,NULL,445,22,NULL,NULL,28,2022-12-28 12:50:46.177,1,NULL,NULL,4,635,635,2023-01-13 05:30:22.753,2023-01-13 05:30:22.753,NULL,NULL,0,0,0,0,NULL,NULL,NULL,0,NULL,2022-03-24 00:00:00.000,2020-09-23 00:00:00.000,OP,1227791,2020-09-23 00:00:00.000,2022-03-24 00:00:00.000,NULL,0,7.05,0,0,No Data,NULL,NULL,0,NULL,NULL,NULL,0,0,5,Years,1,NULL,0,NULL,NULL,NULL,NULL,0,NULL,NULL,NULL,NULL,NULL,NULL,NULL,NULL,0,NULL,NULL,2022-12-28 12:50:49.277,cs_updates,2023-01-14 00:04:55.050,cs_updates,NULL,a883f5c0-26c7-417e-9849-7add6d5fbbb4,NULL,0,NULL,NULL,1,0,NULL,a883f5c0-26c7-417e-9849-7add6d5fbbb4,NULL,NOTICE OF GEOPHYSICAL PERMIT AND OPTION TO ACQUIRE OIL GAS AND MINERAL LEASE,3,NULL,69879,445,22,St. Landry,0,1,NULL,NULL,NULL,NULL,500,500,500,NULL,NULL,NULL,0,0,1,326,NULL,1,NULL,la/st landry,22,LOUISIANA,LA
1227835,St. Landry,LOUISIANA,119efe01-f457-4e48-9567-67e096acb738,s3://enverus-courthouse-prod-chd-plants/la/st landry/119e/119efe01-f457-4e48-9567-67e096acb738.pdf,3,106267,2026-07-02 11:00:05.553,LND-8093,119efe01-f457-4e48-9567-67e096acb738,\\smb.dc2isilon.na.drillinginfo.com\lease_data_entry\data_sources\nondigital_data\updates\ST_LANDRY_UPDATES_202212141432_0,\\smb.dc2isilon.na.drillinginfo.com\CS_TitleImages\CountyScansTitleImages\gpdm_imagestore\St. Landry_IMAGES\119e,119efe01-f457-4e48-9567-67e096acb738.pdf,.pdf,.pdf,12,2022-12-28 12:50:46.177,NULL,445,22,NULL,NULL,28,2022-12-28 12:50:46.177,1,NULL,NULL,4,631,631,2023-01-13 07:43:28.443,2023-01-13 07:43:28.443,NULL,NULL,0,0,0,0,NULL,NULL,NULL,0,NULL,2022-03-24 00:00:00.000,2020-09-30 00:00:00.000,SMEM,1227835,2020-09-30 00:00:00.000,2022-03-24 00:00:00.000,NULL,0,31.42,0,0,No Data,NULL,NULL,0,NULL,NULL,NULL,0,0,5,Years,1,NULL,0,NULL,NULL,NULL,NULL,0,NULL,NULL,NULL,NULL,NULL,NULL,NULL,NULL,0,NULL,NULL,2022-12-28 12:50:49.277,cs_updates,2023-01-14 00:04:55.050,cs_updates,NULL,c2b15a23-06ec-4559-87f6-38fd2271f179,NULL,0,NULL,NULL,1,0,NULL,c2b15a23-06ec-4559-87f6-38fd2271f179,NULL,NOTICE OF GEOPHYSICAL PERMIT AND OPTION TO ACQUIRE OIL GAS AND MINERAL LEASE,3,NULL,69879,445,22,St. Landry,0,1,NULL,NULL,NULL,NULL,500,500,500,NULL,NULL,NULL,0,0,1,326,NULL,1,NULL,la/st landry,22,LOUISIANA,LA
1227836,St. Landry,LOUISIANA,f64648ac-dd78-404e-9718-03203498d2d8,s3://enverus-courthouse-prod-chd-plants/la/st landry/f646/f64648ac-dd78-404e-9718-03203498d2d8.pdf,3,105313,2026-07-02 11:00:07.113,LND-8093,f64648ac-dd78-404e-9718-03203498d2d8,\\smb.dc2isilon.na.drillinginfo.com\lease_data_entry\data_sources\nondigital_data\updates\ST_LANDRY_UPDATES_202212141432_0,\\smb.dc2isilon.na.drillinginfo.com\CS_TitleImages\CountyScansTitleImages\gpdm_imagestore\St. Landry_IMAGES\f646,f64648ac-dd78-404e-9718-03203498d2d8.pdf,.pdf,.pdf,12,2022-12-28 12:50:46.177,NULL,445,22,NULL,NULL,28,2022-12-28 12:50:46.177,1,NULL,NULL,4,630,630,2023-01-13 06:59:30.420,2023-01-13 06:59:30.420,NULL,NULL,0,0,0,0,NULL,NULL,NULL,0,NULL,2022-03-24 00:00:00.000,2020-09-11 00:00:00.000,SMEM,1227836,2020-09-15 00:00:00.000,2022-03-24 00:00:00.000,NULL,0,15.05,0,0,No Data,NULL,NULL,0,NULL,NULL,NULL,0,0,NULL,NULL,0,NULL,0,NULL,NULL,NULL,NULL,0,NULL,NULL,NULL,NULL,NULL,NULL,NULL,NULL,0,NULL,NULL,2022-12-28 12:50:49.277,cs_updates,2023-01-14 00:04:55.050,cs_updates,NULL,ab47dbb4-69fa-4f09-925d-712bc4cb0ad7,NULL,0,NULL,NULL,1,0,NULL,ab47dbb4-69fa-4f09-925d-712bc4cb0ad7,NULL,NOTICE OF GEOPHYSICAL PERMIT AND OPTION TO ACQUIRE OIL GAS AND MINERAL LEASE,3,NULL,69879,445,22,St. Landry,0,1,NULL,NULL,NULL,NULL,500,500,500,NULL,NULL,NULL,0,0,1,326,NULL,1,NULL,la/st landry,22,LOUISIANA,LA
01227822,St. Landry,LOUISIANA,fe0a2da3-ca32-46f0-9cbf-75596c05d180,s3://enverus-courthouse-prod-chd-plants/la/st landry/fe0a/fe0a2da3-ca32-46f0-9cbf-75596c05d180.pdf,3,120274,2026-07-02 11:00:08.403,LND-8093,fe0a2da3-ca32-46f0-9cbf-75596c05d180,\\smb.dc2isilon.na.drillinginfo.com\lease_data_entry\data_sources\nondigital_data\updates\ST_LANDRY_UPDATES_202212141432_0,\\smb.dc2isilon.na.drillinginfo.com\CS_TitleImages\CountyScansTitleImages\gpdm_imagestore\St. Landry_IMAGES\fe0a,fe0a2da3-ca32-46f0-9cbf-75596c05d180.pdf,.pdf,.pdf,12,2022-12-28 12:50:46.177,NULL,445,22,NULL,NULL,28,2022-12-28 12:50:46.177,1,NULL,NULL,4,642,642,2023-01-13 05:25:06.637,2023-01-13 05:25:06.637,637,2023-01-13 07:14:38.697,1,0,0,0,NULL,NULL,NULL,0,NULL,2022-03-24 00:00:00.000,2020-10-19 00:00:00.000,SMEM,01227822,2020-10-19 00:00:00.000,2022-03-24 00:00:00.000,NULL,0,15.298,0,0,No Data,NULL,NULL,0,NULL,NULL,NULL,0,0,5,Years,1,NULL,0,NULL,NULL,NULL,NULL,0,NULL,NULL,NULL,NULL,NULL,NULL,NULL,NULL,0,NULL,NULL,2022-12-28 12:50:49.277,cs_updates,2023-01-14 00:04:55.050,cs_updates,NULL,b5763525-0165-4257-b2c2-a70237631dfe,NULL,0,NULL,NULL,1,0,NULL,b5763525-0165-4257-b2c2-a70237631dfe,NULL,NOTICE OF GEOPHYSICAL PERMIT AND OPTION TO ACQUIRE OIL GAS AND MINERAL LEASE,3,NULL,69879,445,22,St. Landry,0,1,NULL,NULL,NULL,NULL,500,500,500,NULL,NULL,NULL,0,0,1,326,NULL,1,NULL,la/st landry,22,LOUISIANA,LA
1227837,St. Landry,LOUISIANA,c42687ae-cf4a-4cd8-a0fb-65f435fa1083,s3://enverus-courthouse-prod-chd-plants/la/st landry/c426/c42687ae-cf4a-4cd8-a0fb-65f435fa1083.pdf,3,121424,2026-07-02 11:00:09.150,LND-8093,c42687ae-cf4a-4cd8-a0fb-65f435fa1083,\\smb.dc2isilon.na.drillinginfo.com\lease_data_entry\data_sources\nondigital_data\updates\ST_LANDRY_UPDATES_202212141432_0,\\smb.dc2isilon.na.drillinginfo.com\CS_TitleImages\CountyScansTitleImages\gpdm_imagestore\St. Landry_IMAGES\c426,c42687ae-cf4a-4cd8-a0fb-65f435fa1083.pdf,.pdf,.pdf,12,2022-12-28 12:50:46.177,NULL,445,22,NULL,NULL,28,2022-12-28 12:50:46.177,1,NULL,NULL,4,635,635,2023-01-13 06:26:20.430,2023-01-13 06:26:20.430,NULL,NULL,0,0,0,0,NULL,NULL,NULL,0,NULL,2022-03-24 00:00:00.000,2020-09-01 00:00:00.000,SOP,1227837,2020-09-01 00:00:00.000,2022-03-24 00:00:00.000,NULL,0,NULL,-1,-1,NULL,NULL,NULL,0,NULL,NULL,NULL,0,0,5,Years,1,NULL,0,NULL,NULL,NULL,NULL,0,NULL,NULL,NULL,NULL,NULL,NULL,NULL,NULL,-1,NULL,NULL,2022-12-28 12:50:49.277,cs_updates,2023-01-14 00:04:55.050,cs_updates,NULL,dc77ef28-1598-4bc3-a7fe-70fe213d6034,NULL,0,NULL,NULL,1,0,NULL,dc77ef28-1598-4bc3-a7fe-70fe213d6034,NULL,NOTICE OF GEOPHYSICAL PERMIT AND OPTION TO ACQUIRE OIL GAS AND MINERAL LEASE,3,NULL,69879,445,22,St. Landry,0,1,NULL,NULL,NULL,NULL,500,500,500,NULL,NULL,NULL,0,0,1,326,NULL,1,NULL,la/st landry,22,LOUISIANA,LA
1227801,St. Landry,LOUISIANA,c93fc15f-e9fc-49e8-aa26-f7e5fdc6f7a2,s3://enverus-courthouse-prod-chd-plants/la/st landry/c93f/c93fc15f-e9fc-49e8-aa26-f7e5fdc6f7a2.pdf,3,115235,2026-07-02 11:00:07.323,LND-8093,c93fc15f-e9fc-49e8-aa26-f7e5fdc6f7a2,\\smb.dc2isilon.na.drillinginfo.com\lease_data_entry\data_sources\nondigital_data\updates\ST_LANDRY_UPDATES_202212141432_0,\\smb.dc2isilon.na.drillinginfo.com\CS_TitleImages\CountyScansTitleImages\gpdm_imagestore\St. Landry_IMAGES\c93f,c93fc15f-e9fc-49e8-aa26-f7e5fdc6f7a2.pdf,.pdf,.pdf,12,2022-12-28 12:50:46.177,NULL,445,22,NULL,NULL,28,2022-12-28 12:50:46.177,1,NULL,NULL,4,642,642,2023-01-13 06:25:49.607,2023-01-13 06:25:49.607,NULL,NULL,0,0,0,0,NULL,NULL,NULL,0,NULL,2022-03-24 00:00:00.000,2020-09-23 00:00:00.000,SMEM,1227801,2020-09-23 00:00:00.000,2022-03-24 00:00:00.000,NULL,0,55.471,0,0,No Data,NULL,NULL,0,NULL,NULL,NULL,0,0,5,Years,1,NULL,0,NULL,NULL,NULL,NULL,0,NULL,NULL,NULL,NULL,NULL,NULL,NULL,NULL,0,NULL,NULL,2022-12-28 12:50:49.277,cs_updates,2023-01-14 00:04:55.050,cs_updates,NULL,b5763525-0165-4257-b2c2-a70237631dfe,NULL,0,NULL,NULL,1,0,NULL,b5763525-0165-4257-b2c2-a70237631dfe,NULL,NOTICE OF GEOPHYSICAL PERMIT AND OPTION TO ACQUIRE OIL GAS AND MINERAL LEASE,3,NULL,69879,445,22,St. Landry,0,1,NULL,NULL,NULL,NULL,500,500,500,NULL,NULL,NULL,0,0,1,326,NULL,1,NULL,la/st landry,22,LOUISIANA,LA
1227790,St. Landry,LOUISIANA,ba464518-bc40-402d-81c1-1daaaba0345d,s3://enverus-courthouse-prod-chd-plants/la/st landry/ba46/ba464518-bc40-402d-81c1-1daaaba0345d.pdf,3,119926,2026-07-02 11:00:08.030,LND-8093,ba464518-bc40-402d-81c1-1daaaba0345d,\\smb.dc2isilon.na.drillinginfo.com\lease_data_entry\data_sources\nondigital_data\updates\ST_LANDRY_UPDATES_202212141432_0,\\smb.dc2isilon.na.drillinginfo.com\CS_TitleImages\CountyScansTitleImages\gpdm_imagestore\St. Landry_IMAGES\ba46,ba464518-bc40-402d-81c1-1daaaba0345d.pdf,.pdf,.pdf,12,2022-12-28 12:50:46.177,NULL,445,22,NULL,NULL,28,2022-12-28 12:50:46.177,1,NULL,NULL,4,631,631,2023-01-13 05:44:31.060,2023-01-13 05:44:31.060,NULL,NULL,0,0,0,0,NULL,NULL,NULL,0,NULL,2022-03-24 00:00:00.000,2020-09-30 00:00:00.000,SMEM,1227790,2020-09-30 00:00:00.000,2022-03-24 00:00:00.000,NULL,0,55.64,0,0,No Data,NULL,NULL,0,NULL,NULL,NULL,0,0,5,Years,1,NULL,0,NULL,NULL,NULL,NULL,0,NULL,NULL,NULL,NULL,NULL,NULL,NULL,NULL,0,NULL,NULL,2022-12-28 12:50:49.277,cs_updates,2023-01-14 00:04:55.050,cs_updates,NULL,dda6b740-5f3f-4612-aac5-10000c043a22,NULL,0,NULL,NULL,1,0,NULL,dda6b740-5f3f-4612-aac5-10000c043a22,NULL,NOTICE OF GEOPHYSICAL PERMIT AND OPTION TO ACQUIRE OIL GAS AND MINERAL LEASE,3,NULL,69879,445,22,St. Landry,0,1,NULL,NULL,NULL,NULL,500,500,500,NULL,NULL,NULL,0,0,1,326,NULL,1,NULL,la/st landry,22,LOUISIANA,LA
1227789,St. Landry,LOUISIANA,bf814b09-5682-4699-859b-089dbac5b22e,s3://enverus-courthouse-prod-chd-plants/la/st landry/bf81/bf814b09-5682-4699-859b-089dbac5b22e.pdf,3,103536,2026-07-02 11:00:04.060,LND-8093,bf814b09-5682-4699-859b-089dbac5b22e,\\smb.dc2isilon.na.drillinginfo.com\lease_data_entry\data_sources\nondigital_data\updates\ST_LANDRY_UPDATES_202212141432_0,\\smb.dc2isilon.na.drillinginfo.com\CS_TitleImages\CountyScansTitleImages\gpdm_imagestore\St. Landry_IMAGES\bf81,bf814b09-5682-4699-859b-089dbac5b22e.pdf,.pdf,.pdf,12,2022-12-28 12:50:46.177,NULL,445,22,NULL,NULL,28,2022-12-28 12:50:46.177,1,NULL,NULL,4,642,642,2023-01-13 07:00:27.900,2023-01-13 07:00:27.900,NULL,NULL,0,0,0,0,NULL,NULL,NULL,0,NULL,2022-03-24 00:00:00.000,2020-09-30 00:00:00.000,SMEM,1227789,2020-09-30 00:00:00.000,2022-03-24 00:00:00.000,NULL,0,11.82,0,0,No Data,NULL,NULL,0,NULL,NULL,NULL,0,0,5,Years,1,NULL,0,NULL,NULL,NULL,NULL,0,NULL,NULL,NULL,NULL,NULL,NULL,NULL,NULL,0,NULL,NULL,2022-12-28 12:50:49.277,cs_updates,2023-01-14 00:04:55.050,cs_updates,NULL,eea00fa0-77ab-42ae-9452-038453fb45d7,NULL,0,NULL,NULL,1,0,NULL,eea00fa0-77ab-42ae-9452-038453fb45d7,NULL,NOTICE OF GEOPHYSICAL PERMIT AND OPTION TO ACQUIRE OIL GAS AND MINERAL LEASE,3,NULL,69879,445,22,St. Landry,0,1,NULL,NULL,NULL,NULL,500,500,500,NULL,NULL,NULL,0,0,1,326,NULL,1,NULL,la/st landry,22,LOUISIANA,LA
1227861,St. Landry,LOUISIANA,a4e4c3bd-8aa8-4d83-8eeb-81824f2fef07,s3://enverus-courthouse-prod-chd-plants/la/st landry/a4e4/a4e4c3bd-8aa8-4d83-8eeb-81824f2fef07.pdf,3,108558,2026-07-02 11:00:06.193,LND-8093,a4e4c3bd-8aa8-4d83-8eeb-81824f2fef07,\\smb.dc2isilon.na.drillinginfo.com\lease_data_entry\data_sources\nondigital_data\updates\ST_LANDRY_UPDATES_202212141432_0,\\smb.dc2isilon.na.drillinginfo.com\CS_TitleImages\CountyScansTitleImages\gpdm_imagestore\St. Landry_IMAGES\a4e4,a4e4c3bd-8aa8-4d83-8eeb-81824f2fef07.pdf,.pdf,.pdf,12,2022-12-28 12:50:46.177,NULL,445,22,NULL,NULL,28,2022-12-28 12:50:46.177,1,NULL,NULL,4,642,642,2023-01-13 07:48:04.130,2023-01-13 07:48:04.130,NULL,NULL,0,0,0,0,NULL,NULL,NULL,0,NULL,2022-03-24 00:00:00.000,2021-01-10 00:00:00.000,SMEM,1227861,2021-01-10 00:00:00.000,2022-03-24 00:00:00.000,NULL,0,43.2,0,-1,No Data,NULL,NULL,0,NULL,NULL,NULL,0,0,5,Years,1,NULL,0,NULL,NULL,NULL,NULL,0,NULL,NULL,NULL,NULL,NULL,NULL,NULL,NULL,0,NULL,NULL,2022-12-28 12:50:49.277,cs_updates,2023-01-14 00:04:55.050,cs_updates,NULL,eea00fa0-77ab-42ae-9452-038453fb45d7,NULL,0,NULL,NULL,1,0,NULL,eea00fa0-77ab-42ae-9452-038453fb45d7,NULL,NOTICE OF GEOPHYSICAL PERMIT AND OPTION TO ACQUIRE OIL GAS AND MINERAL LEASE,3,NULL,69879,445,22,St. Landry,0,1,NULL,NULL,NULL,NULL,500,500,500,NULL,NULL,NULL,0,0,1,326,NULL,1,NULL,la/st landry,22,LOUISIANA,LA
1227816,St. Landry,LOUISIANA,a7485d41-81c6-4a92-8303-6bf3a4bf5306,s3://enverus-courthouse-prod-chd-plants/la/st landry/a748/a7485d41-81c6-4a92-8303-6bf3a4bf5306.pdf,3,119911,2026-07-02 11:00:07.433,LND-8093,a7485d41-81c6-4a92-8303-6bf3a4bf5306,\\smb.dc2isilon.na.drillinginfo.com\lease_data_entry\data_sources\nondigital_data\updates\ST_LANDRY_UPDATES_202212141432_0,\\smb.dc2isilon.na.drillinginfo.com\CS_TitleImages\CountyScansTitleImages\gpdm_imagestore\St. Landry_IMAGES\a748,a7485d41-81c6-4a92-8303-6bf3a4bf5306.pdf,.pdf,.pdf,12,2022-12-28 12:50:46.177,NULL,445,22,NULL,NULL,28,2022-12-28 12:50:46.177,1,NULL,NULL,4,631,631,2023-01-13 06:28:05.570,2023-01-13 06:28:05.570,NULL,NULL,0,0,0,0,NULL,NULL,NULL,0,NULL,2022-03-24 00:00:00.000,2020-09-11 00:00:00.000,SMEM,1227816,2020-09-11 00:00:00.000,2022-03-24 00:00:00.000,NULL,0,52.25,0,0,No Data,NULL,NULL,0,NULL,NULL,NULL,0,0,5,Years,1,NULL,0,NULL,NULL,NULL,NULL,0,NULL,NULL,NULL,NULL,NULL,NULL,NULL,NULL,0,NULL,NULL,2022-12-28 12:50:49.277,cs_updates,2023-01-14 00:04:55.050,cs_updates,NULL,8cbe58ab-3302-4cf8-9657-30e51e80dc2c,NULL,0,NULL,NULL,1,0,NULL,8cbe58ab-3302-4cf8-9657-30e51e80dc2c,NULL,NOTICE OF GEOPHYSICAL PERMIT AND OPTION TO ACQUIRE OIL GAS AND MINERAL LEASE,3,NULL,69879,445,22,St. Landry,0,1,NULL,NULL,NULL,NULL,500,500,500,NULL,NULL,NULL,0,0,1,326,NULL,1,NULL,la/st landry,22,LOUISIANA,LA
1227712,St. Landry,LOUISIANA,f4b54be5-7497-4b97-be63-dcbefd300f07,s3://enverus-courthouse-prod-chd-plants/la/st landry/f4b5/f4b54be5-7497-4b97-be63-dcbefd300f07.pdf,3,117062,2026-07-02 11:00:05.213,LND-8093,f4b54be5-7497-4b97-be63-dcbefd300f07,\\smb.dc2isilon.na.drillinginfo.com\lease_data_entry\data_sources\nondigital_data\updates\ST_LANDRY_UPDATES_202212141432_0,\\smb.dc2isilon.na.drillinginfo.com\CS_TitleImages\CountyScansTitleImages\gpdm_imagestore\St. Landry_IMAGES\f4b5,f4b54be5-7497-4b97-be63-dcbefd300f07.pdf,.pdf,.pdf,12,2022-12-28 12:50:46.177,NULL,445,22,NULL,NULL,28,2022-12-28 12:50:46.177,1,NULL,NULL,4,631,631,2023-01-13 08:59:05.260,2023-01-13 08:59:05.260,NULL,NULL,0,0,0,0,NULL,NULL,NULL,0,NULL,2022-03-23 00:00:00.000,2020-12-05 00:00:00.000,SMEM,1227712,2020-12-05 00:00:00.000,2022-03-23 00:00:00.000,NULL,0,7.748,0,0,No Data,NULL,NULL,0,NULL,NULL,NULL,0,0,5,Years,1,NULL,0,NULL,NULL,NULL,NULL,0,NULL,NULL,NULL,NULL,NULL,NULL,NULL,NULL,0,NULL,NULL,2022-12-28 12:50:49.277,cs_updates,2023-01-16 01:19:39.887,dataentry,NULL,39fd2b9e-3b5d-4c80-8782-a8fa2008807e,NULL,0,NULL,NULL,1,0,NULL,39fd2b9e-3b5d-4c80-8782-a8fa2008807e,NULL,NOTICE OF GEOPHYSICAL PERMIT AND OPTION TO ACQUIRE OIL GAS AND MINERAL LEASE,3,NULL,69879,445,22,St. Landry,0,1,NULL,NULL,NULL,NULL,500,500,500,NULL,NULL,NULL,0,0,1,326,NULL,1,NULL,la/st landry,22,LOUISIANA,LA
1227803,St. Landry,LOUISIANA,2cedc306-b19e-469b-85db-df00b2d10bea,s3://enverus-courthouse-prod-chd-plants/la/st landry/2ced/2cedc306-b19e-469b-85db-df00b2d10bea.pdf,3,104318,2026-07-02 11:00:07.937,LND-8093,2cedc306-b19e-469b-85db-df00b2d10bea,\\smb.dc2isilon.na.drillinginfo.com\lease_data_entry\data_sources\nondigital_data\updates\ST_LANDRY_UPDATES_202212141432_0,\\smb.dc2isilon.na.drillinginfo.com\CS_TitleImages\CountyScansTitleImages\gpdm_imagestore\St. Landry_IMAGES\2ced,2cedc306-b19e-469b-85db-df00b2d10bea.pdf,.pdf,.pdf,12,2022-12-28 12:50:46.177,NULL,445,22,NULL,NULL,28,2022-12-28 12:50:46.177,1,NULL,NULL,4,630,630,2023-01-15 23:29:34.747,2023-01-15 23:29:34.747,NULL,NULL,0,0,0,0,(HO 01/13) Missing: range 4E for section 35 - twn 6S,"(JR 01/13) Add in Remarks: Sec 35, T6S, R4E could not be confirmed with research.",NULL,0,NULL,2022-03-24 00:00:00.000,2020-09-23 00:00:00.000,SMEM,1227803,2020-09-23 00:00:00.000,2022-03-24 00:00:00.000,"SEC 35, T6S, R4E COULD NOT BE CONFIRMED WITH RESEARCH",0,15.266,0,0,No Data,NULL,NULL,0,NULL,NULL,NULL,0,0,5,Years,1,NULL,0,NULL,NULL,NULL,NULL,0,NULL,NULL,NULL,NULL,2023-01-13 07:42:25.927,2023-01-13 14:49:48.643,JENNA.REYES,NULL,0,NULL,NULL,2022-12-28 12:50:49.277,cs_updates,2023-01-16 01:23:10.830,dataentry,NULL,ad61d799-117f-4ff6-bd20-05086a0c0fe9,NULL,0,NULL,NULL,1,0,NULL,ad61d799-117f-4ff6-bd20-05086a0c0fe9,NULL,NOTICE OF GEOPHYSICAL PERMIT AND OPTION TO ACQUIRE OIL GAS AND MINERAL LEASE,3,NULL,69879,445,22,St. Landry,0,1,NULL,NULL,NULL,NULL,500,500,500,NULL,NULL,NULL,0,0,1,326,NULL,1,NULL,la/st landry,22,LOUISIANA,LA
1227797,St. Landry,LOUISIANA,4bc09311-7034-404b-aa53-758c207e538c,s3://enverus-courthouse-prod-chd-plants/la/st landry/4bc0/4bc09311-7034-404b-aa53-758c207e538c.pdf,3,110247,2026-07-02 11:00:08.333,LND-8093,4bc09311-7034-404b-aa53-758c207e538c,\\smb.dc2isilon.na.drillinginfo.com\lease_data_entry\data_sources\nondigital_data\updates\ST_LANDRY_UPDATES_202212141432_0,\\smb.dc2isilon.na.drillinginfo.com\CS_TitleImages\CountyScansTitleImages\gpdm_imagestore\St. Landry_IMAGES\4bc0,4bc09311-7034-404b-aa53-758c207e538c.pdf,.pdf,.pdf,12,2022-12-28 12:50:46.177,NULL,445,22,NULL,NULL,28,2022-12-28 12:50:46.177,1,NULL,NULL,4,630,630,2023-01-13 07:48:47.110,2023-01-13 08:56:24.883,637,2023-01-13 08:51:59.320,0,1,0,0,NULL,NULL,NULL,0,NULL,2022-03-24 00:00:00.000,2020-09-30 00:00:00.000,SMEM,1227797,2020-09-30 00:00:00.000,2022-03-24 00:00:00.000,NULL,0,115.198,0,0,No Data,NULL,NULL,0,NULL,NULL,NULL,0,0,5,Years,1,NULL,0,NULL,NULL,NULL,NULL,0,NULL,NULL,NULL,NULL,NULL,NULL,NULL,NULL,0,NULL,NULL,2022-12-28 12:50:49.277,cs_updates,2023-01-16 01:23:10.920,dataentry,NULL,ad61d799-117f-4ff6-bd20-05086a0c0fe9,NULL,0,NULL,NULL,1,0,NULL,ad61d799-117f-4ff6-bd20-05086a0c0fe9,NULL,NOTICE OF GEOPHYSICAL PERMIT AND OPTION TO ACQUIRE OIL GAS AND MINERAL LEASE,3,NULL,69879,445,22,St. Landry,0,1,NULL,NULL,NULL,NULL,500,500,500,NULL,NULL,NULL,0,0,1,326,NULL,1,NULL,la/st landry,22,LOUISIANA,LA
01227710,St. Landry,LOUISIANA,658778e2-70ea-4113-9bd7-ade9ddf741e5,s3://enverus-courthouse-prod-chd-plants/la/st landry/6587/658778e2-70ea-4113-9bd7-ade9ddf741e5.pdf,3,110090,2026-07-02 11:00:07.050,LND-8093,658778e2-70ea-4113-9bd7-ade9ddf741e5,\\smb.dc2isilon.na.drillinginfo.com\lease_data_entry\data_sources\nondigital_data\updates\ST_LANDRY_UPDATES_202212141432_0,\\smb.dc2isilon.na.drillinginfo.com\CS_TitleImages\CountyScansTitleImages\gpdm_imagestore\St. Landry_IMAGES\6587,658778e2-70ea-4113-9bd7-ade9ddf741e5.pdf,.pdf,.pdf,12,2022-12-28 12:50:46.177,NULL,445,22,NULL,NULL,28,2022-12-28 12:50:46.177,1,NULL,NULL,4,630,630,2023-01-15 23:42:27.327,2023-01-15 23:42:27.327,NULL,NULL,0,0,0,0,"(HO 01/13) Missing range 5E for sec 65, twn7s, also please advise if entered land and acres are correct","(JR 01/13) Add in Remarks: Sec 65, T7S, R5E could not be confirmed with research.",NULL,0,NULL,2022-03-23 00:00:00.000,2020-09-23 00:00:00.000,SMEM,01227710,2020-09-23 00:00:00.000,2022-03-23 00:00:00.000,"SEC 65, T7S, R5E COULD NOT BE CONFIRMED WITH RESEARCH",0,277.477,0,0,No Data,NULL,NULL,0,NULL,NULL,NULL,0,0,5,Years,1,NULL,0,NULL,NULL,NULL,NULL,0,NULL,NULL,NULL,NULL,2023-01-13 07:14:18.133,2023-01-13 14:59:58.090,JENNA.REYES,NULL,0,NULL,NULL,2022-12-28 12:50:49.277,cs_updates,2023-01-16 01:23:10.967,dataentry,NULL,ad61d799-117f-4ff6-bd20-05086a0c0fe9,NULL,0,NULL,NULL,1,0,NULL,ad61d799-117f-4ff6-bd20-05086a0c0fe9,NULL,NOTICE OF GEOPHYSICAL PERMIT AND OPTION TO ACQUIRE OIL GAS AND MINERAL LEASE,3,NULL,69879,445,22,St. Landry,0,1,NULL,NULL,NULL,NULL,500,500,500,NULL,NULL,NULL,0,0,1,326,NULL,1,NULL,la/st landry,22,LOUISIANA,LA
1227704,St. Landry,LOUISIANA,91af602a-8e9b-43e2-a9c5-883847c9f375,s3://enverus-courthouse-prod-chd-plants/la/st landry/91af/91af602a-8e9b-43e2-a9c5-883847c9f375.pdf,3,105229,2026-07-02 11:00:05.360,LND-8093,91af602a-8e9b-43e2-a9c5-883847c9f375,\\smb.dc2isilon.na.drillinginfo.com\lease_data_entry\data_sources\nondigital_data\updates\ST_LANDRY_UPDATES_202212141432_0,\\smb.dc2isilon.na.drillinginfo.com\CS_TitleImages\CountyScansTitleImages\gpdm_imagestore\St. Landry_IMAGES\91af,91af602a-8e9b-43e2-a9c5-883847c9f375.pdf,.pdf,.pdf,12,2022-12-28 12:50:46.177,NULL,445,22,NULL,NULL,28,2022-12-28 12:50:46.177,1,NULL,NULL,4,630,630,2023-01-15 23:44:52.720,2023-01-15 23:44:52.720,629,2023-01-16 01:23:10.973,1,0,0,0,(HO 01/13) Missing range 5E for section 65,"(JR 01/13) Add in Remarks: Sec 65, T7S, R5E could not be confirmed with research.",NULL,0,NULL,2022-03-23 00:00:00.000,2020-09-23 00:00:00.000,SMEM,1227704,2020-09-23 00:00:00.000,2022-03-23 00:00:00.000,"SEC 65, T7S, R5E COULD NOT BE CONFIRMED WITH RESEARCH",0,243.9,0,0,No Data,NULL,NULL,0,NULL,NULL,NULL,0,0,5,Years,1,NULL,0,NULL,NULL,NULL,NULL,0,NULL,NULL,NULL,NULL,2023-01-13 08:13:54.443,2023-01-13 15:08:01.853,JENNA.REYES,NULL,0,NULL,NULL,2022-12-28 12:50:49.277,cs_updates,2023-01-16 01:23:11.010,dataentry,NULL,ad61d799-117f-4ff6-bd20-05086a0c0fe9,NULL,0,NULL,NULL,1,0,NULL,ad61d799-117f-4ff6-bd20-05086a0c0fe9,NULL,NOTICE OF GEOPHYSICAL PERMIT AND OPTION TO ACQUIRE OIL GAS AND MINERAL LEASE,3,NULL,69879,445,22,St. Landry,0,1,NULL,NULL,NULL,NULL,500,500,500,NULL,NULL,NULL,0,0,1,326,NULL,1,NULL,la/st landry,22,LOUISIANA,LA
1227708,St. Landry,LOUISIANA,c04160bd-b831-492b-9eff-b1ee4ebea7c8,s3://enverus-courthouse-prod-chd-plants/la/st landry/c041/c04160bd-b831-492b-9eff-b1ee4ebea7c8.pdf,3,104266,2026-07-02 11:00:04.120,LND-8093,c04160bd-b831-492b-9eff-b1ee4ebea7c8,\\smb.dc2isilon.na.drillinginfo.com\lease_data_entry\data_sources\nondigital_data\updates\ST_LANDRY_UPDATES_202212141432_0,\\smb.dc2isilon.na.drillinginfo.com\CS_TitleImages\CountyScansTitleImages\gpdm_imagestore\St. Landry_IMAGES\c041,c04160bd-b831-492b-9eff-b1ee4ebea7c8.pdf,.pdf,.pdf,12,2022-12-28 12:50:46.177,NULL,445,22,NULL,NULL,28,2022-12-28 12:50:46.177,1,NULL,NULL,4,630,630,2023-01-15 23:47:06.013,2023-01-15 23:47:06.013,NULL,NULL,0,0,0,0,(HO 01/13) Missing: rng 5E for section 65 - twn 7S,"(JR 01/13) Add in Remarks: Sec 65, T7S, R5E could not be confirmed with research.",NULL,0,NULL,2022-03-23 00:00:00.000,2020-09-23 00:00:00.000,SMEM,1227708,2020-09-23 00:00:00.000,2022-03-23 00:00:00.000,"SEC 65, T7S, R5E COULD NOT BE CONFIRMED WITH RESEARCH",0,243.9,0,0,No Data,NULL,NULL,0,NULL,NULL,NULL,0,0,5,Years,1,NULL,0,NULL,NULL,NULL,NULL,0,NULL,NULL,NULL,NULL,2023-01-13 06:49:58.993,2023-01-13 15:00:08.717,JENNA.REYES,NULL,0,NULL,NULL,2022-12-28 12:50:49.277,cs_updates,2023-01-16 01:23:11.110,dataentry,NULL,ad61d799-117f-4ff6-bd20-05086a0c0fe9,NULL,0,NULL,NULL,1,0,NULL,ad61d799-117f-4ff6-bd20-05086a0c0fe9,NULL,NOTICE OF GEOPHYSICAL PERMIT AND OPTION TO ACQUIRE OIL GAS AND MINERAL LEASE,3,NULL,69879,445,22,St. Landry,0,1,NULL,NULL,NULL,NULL,500,500,500,NULL,NULL,NULL,0,0,1,326,NULL,1,NULL,la/st landry,22,LOUISIANA,LA
1227711,St. Landry,LOUISIANA,75a1acde-ef08-4651-8c73-423cfb3dbe67,s3://enverus-courthouse-prod-chd-plants/la/st landry/75a1/75a1acde-ef08-4651-8c73-423cfb3dbe67.pdf,3,111617,2026-07-02 11:00:05.653,LND-8093,75a1acde-ef08-4651-8c73-423cfb3dbe67,\\smb.dc2isilon.na.drillinginfo.com\lease_data_entry\data_sources\nondigital_data\updates\ST_LANDRY_UPDATES_202212141432_0,\\smb.dc2isilon.na.drillinginfo.com\CS_TitleImages\CountyScansTitleImages\gpdm_imagestore\St. Landry_IMAGES\75a1,75a1acde-ef08-4651-8c73-423cfb3dbe67.pdf,.pdf,.pdf,12,2022-12-28 12:50:46.177,NULL,445,22,NULL,NULL,28,2022-12-28 12:50:46.177,1,NULL,NULL,4,642,642,2023-01-15 23:12:17.003,2023-01-15 23:12:17.003,NULL,NULL,0,0,0,0,(LP 01/13) invalid SRT 142/7S/4E and 65/7S/5E,"(JR 01/13) Add in Remarks: Sec 65, T7S, R5E could not be confirmed with research.",NULL,0,NULL,2022-03-23 00:00:00.000,2020-09-23 00:00:00.000,SMEM,1227711,2020-09-23 00:00:00.000,2022-03-23 00:00:00.000,"SEC 65, T7S, R5E COULD NOT BE CONFIRMED WITH RESEARCH",0,243.9,0,0,No Data,NULL,NULL,0,NULL,NULL,NULL,0,0,5,Years,1,NULL,0,NULL,NULL,NULL,NULL,0,NULL,NULL,NULL,NULL,2023-01-13 08:34:31.970,2023-01-13 15:00:23.993,JENNA.REYES,NULL,0,NULL,NULL,2022-12-28 12:50:49.277,cs_updates,2023-01-16 01:28:21.797,dataentry,NULL,02fc0b95-9181-4c0e-b457-470207d1001c,NULL,0,NULL,NULL,1,0,NULL,02fc0b95-9181-4c0e-b457-470207d1001c,NULL,NOTICE OF GEOPHYSICAL PERMIT AND OPTION TO ACQUIRE OIL GAS AND MINERAL LEASE,3,NULL,69879,445,22,St. Landry,0,1,NULL,NULL,NULL,NULL,500,500,500,NULL,NULL,NULL,0,0,1,326,NULL,1,NULL,la/st landry,22,LOUISIANA,LA
1227848,St. Landry,LOUISIANA,a21fd263-7adb-49bc-8c4c-28e61e4a7644,s3://enverus-courthouse-prod-chd-plants/la/st landry/a21f/a21fd263-7adb-49bc-8c4c-28e61e4a7644.pdf,3,116955,2026-07-02 11:00:04.177,LND-8093,a21fd263-7adb-49bc-8c4c-28e61e4a7644,\\smb.dc2isilon.na.drillinginfo.com\lease_data_entry\data_sources\nondigital_data\updates\ST_LANDRY_UPDATES_202212141432_0,\\smb.dc2isilon.na.drillinginfo.com\CS_TitleImages\CountyScansTitleImages\gpdm_imagestore\St. Landry_IMAGES\a21f,a21fd263-7adb-49bc-8c4c-28e61e4a7644.pdf,.pdf,.pdf,12,2022-12-28 12:50:46.177,NULL,445,22,NULL,NULL,28,2022-12-28 12:50:46.177,1,NULL,NULL,4,642,642,2023-01-15 23:15:09.867,2023-01-15 23:15:09.867,629,2023-01-16 01:28:21.833,1,0,0,0,"(LP01/13) missing township for section 34, range5E, 0.285 acres (tract 2)",(JR 01/13) Enter township as T6S.,NULL,0,NULL,2022-03-24 00:00:00.000,2021-01-24 00:00:00.000,SMEM,1227848,2021-01-24 00:00:00.000,2022-03-24 00:00:00.000,NULL,0,43.557,0,0,No Data,NULL,NULL,0,NULL,NULL,NULL,0,0,5,Years,1,NULL,0,NULL,NULL,NULL,NULL,0,NULL,NULL,NULL,NULL,2023-01-13 08:43:46.530,2023-01-13 15:09:13.753,JENNA.REYES,NULL,0,NULL,NULL,2022-12-28 12:50:49.277,cs_updates,2023-01-16 01:28:21.847,dataentry,NULL,02fc0b95-9181-4c0e-b457-470207d1001c,NULL,0,NULL,NULL,1,0,NULL,02fc0b95-9181-4c0e-b457-470207d1001c,NULL,NOTICE OF GEOPHYSICAL PERMIT AND OPTION TO ACQUIRE OIL GAS AND MINERAL LEASE,3,NULL,69879,445,22,St. Landry,0,1,NULL,NULL,NULL,NULL,500,500,500,NULL,NULL,NULL,0,0,1,326,NULL,1,NULL,la/st landry,22,LOUISIANA,LA
1227860,St. Landry,LOUISIANA,ec471570-5865-4ca5-b6fe-52c2aeef844f,s3://enverus-courthouse-prod-chd-plants/la/st landry/ec47/ec471570-5865-4ca5-b6fe-52c2aeef844f.pdf,3,108268,2026-07-02 11:00:06.040,LND-8093,ec471570-5865-4ca5-b6fe-52c2aeef844f,\\smb.dc2isilon.na.drillinginfo.com\lease_data_entry\data_sources\nondigital_data\updates\ST_LANDRY_UPDATES_202212141432_0,\\smb.dc2isilon.na.drillinginfo.com\CS_TitleImages\CountyScansTitleImages\gpdm_imagestore\St. Landry_IMAGES\ec47,ec471570-5865-4ca5-b6fe-52c2aeef844f.pdf,.pdf,.pdf,12,2022-12-28 12:50:46.177,NULL,445,22,NULL,NULL,28,2022-12-28 12:50:46.177,1,NULL,NULL,4,642,642,2023-01-13 08:54:44.957,2023-01-13 08:54:44.957,NULL,NULL,0,0,0,0,NULL,NULL,NULL,0,NULL,2022-03-24 00:00:00.000,2021-01-10 00:00:00.000,SMEM,1227860,2021-01-10 00:00:00.000,2022-03-24 00:00:00.000,NULL,0,43.2,0,-1,No Data,NULL,NULL,0,NULL,NULL,NULL,0,0,5,Years,1,NULL,0,NULL,NULL,NULL,NULL,0,NULL,NULL,NULL,NULL,NULL,NULL,NULL,NULL,0,NULL,NULL,2022-12-28 12:50:49.277,cs_updates,2023-01-16 01:28:22.010,dataentry,NULL,02fc0b95-9181-4c0e-b457-470207d1001c,NULL,0,NULL,NULL,1,0,NULL,02fc0b95-9181-4c0e-b457-470207d1001c,NULL,NOTICE OF GEOPHYSICAL PERMIT AND OPTION TO ACQUIRE OIL GAS AND MINERAL LEASE,3,NULL,69879,445,22,St. Landry,0,1,NULL,NULL,NULL,NULL,500,500,500,NULL,NULL,NULL,0,0,1,326,NULL,1,NULL,la/st landry,22,LOUISIANA,LA
1227810,St. Landry,LOUISIANA,12f96e00-1ffe-41f9-a85f-d813b01e0331,s3://enverus-courthouse-prod-chd-plants/la/st landry/12f9/12f96e00-1ffe-41f9-a85f-d813b01e0331.pdf,3,106814,2026-07-02 11:00:09.117,LND-8093,12f96e00-1ffe-41f9-a85f-d813b01e0331,\\smb.dc2isilon.na.drillinginfo.com\lease_data_entry\data_sources\nondigital_data\updates\ST_LANDRY_UPDATES_202212141432_0,\\smb.dc2isilon.na.drillinginfo.com\CS_TitleImages\CountyScansTitleImages\gpdm_imagestore\St. Landry_IMAGES\12f9,12f96e00-1ffe-41f9-a85f-d813b01e0331.pdf,.pdf,.pdf,12,2022-12-28 12:50:46.177,NULL,445,22,NULL,NULL,28,2022-12-28 12:50:46.177,1,NULL,NULL,4,642,642,2023-01-13 08:52:25.617,2023-01-13 08:52:25.617,NULL,NULL,0,0,0,0,NULL,NULL,NULL,0,NULL,2022-03-24 00:00:00.000,2021-01-24 00:00:00.000,SMEM,1227810,2021-01-24 00:00:00.000,2022-03-24 00:00:00.000,NULL,0,22.607,0,0,No Data,NULL,NULL,0,NULL,NULL,NULL,0,0,5,Years,1,NULL,0,NULL,NULL,NULL,NULL,0,NULL,NULL,NULL,NULL,NULL,NULL,NULL,NULL,0,NULL,NULL,2022-12-28 12:50:49.277,cs_updates,2023-01-16 01:40:16.137,dataentry,NULL,febcb38f-4846-43e9-956a-da13bfe3bb19,NULL,0,NULL,NULL,1,0,NULL,febcb38f-4846-43e9-956a-da13bfe3bb19,NULL,NOTICE OF GEOPHYSICAL PERMIT AND OPTION TO ACQUIRE OIL GAS AND MINERAL LEASE,3,NULL,69879,445,22,St. Landry,0,1,NULL,NULL,NULL,NULL,500,500,500,NULL,NULL,NULL,0,0,1,326,NULL,1,NULL,la/st landry,22,LOUISIANA,LA
1227851,St. Landry,LOUISIANA,032ffc75-cb13-4afc-bd36-dc7ee4ac2b2d,s3://enverus-courthouse-prod-chd-plants/la/st landry/032f/032ffc75-cb13-4afc-bd36-dc7ee4ac2b2d.pdf,3,105627,2026-07-02 11:00:06.037,LND-8093,032ffc75-cb13-4afc-bd36-dc7ee4ac2b2d,\\smb.dc2isilon.na.drillinginfo.com\lease_data_entry\data_sources\nondigital_data\updates\ST_LANDRY_UPDATES_202212141432_0,\\smb.dc2isilon.na.drillinginfo.com\CS_TitleImages\CountyScansTitleImages\gpdm_imagestore\St. Landry_IMAGES\032f,032ffc75-cb13-4afc-bd36-dc7ee4ac2b2d.pdf,.pdf,.pdf,12,2022-12-28 12:50:46.177,NULL,445,22,NULL,NULL,28,2022-12-28 12:50:46.177,1,NULL,NULL,4,630,630,2023-01-13 09:02:02.170,2023-01-13 09:02:02.170,629,2023-01-16 02:03:57.937,1,0,0,0,NULL,NULL,NULL,0,NULL,2022-03-24 00:00:00.000,2021-01-27 00:00:00.000,SMEM,1227851,2021-01-27 00:00:00.000,2022-03-24 00:00:00.000,NULL,0,21.926,0,0,No Data,NULL,NULL,0,NULL,NULL,NULL,0,0,5,Years,1,NULL,0,NULL,NULL,NULL,NULL,0,NULL,NULL,NULL,NULL,NULL,NULL,NULL,NULL,0,NULL,NULL,2022-12-28 12:50:49.277,cs_updates,2023-01-16 02:03:57.947,dataentry,NULL,dbd1ed15-a89c-46db-96c6-7160472dcb41,NULL,0,NULL,NULL,1,0,NULL,dbd1ed15-a89c-46db-96c6-7160472dcb41,NULL,NOTICE OF GEOPHYSICAL PERMIT AND OPTION TO ACQUIRE OIL GAS AND MINERAL LEASE,3,NULL,69879,445,22,St. Landry,0,1,NULL,NULL,NULL,NULL,500,500,500,NULL,NULL,NULL,0,0,1,326,NULL,1,NULL,la/st landry,22,LOUISIANA,LA
1227859,St. Landry,LOUISIANA,01dc490e-c681-49a3-bb39-e7f3c6373b3d,s3://enverus-courthouse-prod-chd-plants/la/st landry/01dc/01dc490e-c681-49a3-bb39-e7f3c6373b3d.pdf,3,113238,2026-07-02 11:00:08.153,LND-8093,01dc490e-c681-49a3-bb39-e7f3c6373b3d,\\smb.dc2isilon.na.drillinginfo.com\lease_data_entry\data_sources\nondigital_data\updates\ST_LANDRY_UPDATES_202212141432_0,\\smb.dc2isilon.na.drillinginfo.com\CS_TitleImages\CountyScansTitleImages\gpdm_imagestore\St. Landry_IMAGES\01dc,01dc490e-c681-49a3-bb39-e7f3c6373b3d.pdf,.pdf,.pdf,12,2022-12-28 12:50:46.177,NULL,445,22,NULL,NULL,28,2022-12-28 12:50:46.177,1,NULL,NULL,4,631,631,2023-01-15 23:01:33.730,2023-01-15 23:01:33.730,NULL,NULL,0,0,0,0,(ZK 1/13) Cannot submit: Invalid STR 27/5S/4E,"(JR 01/13) Omit section 27. Add in Remarks: Sec 27 could not be confirmed for T5S,R4E.",NULL,0,NULL,2022-03-24 00:00:00.000,2020-09-30 00:00:00.000,SMEM,1227859,2020-11-04 00:00:00.000,2022-03-24 00:00:00.000,"#SEC 27 COULD NOT BE CONFIRMED FOR T5S,R4E",0,105,0,0,No Data,NULL,NULL,0,NULL,NULL,NULL,0,0,5,Years,1,NULL,0,NULL,NULL,NULL,NULL,0,NULL,NULL,NULL,NULL,2023-01-13 07:53:01.970,2023-01-13 13:58:47.697,JENNA.REYES,NULL,0,NULL,NULL,2022-12-28 12:50:49.277,cs_updates,2023-01-16 02:10:59.620,dataentry,NULL,a299db03-6688-4cc6-8ccb-f38bc7fe0ec9,NULL,0,NULL,NULL,1,0,NULL,a299db03-6688-4cc6-8ccb-f38bc7fe0ec9,NULL,NOTICE OF GEOPHYSICAL PERMIT AND OPTION TO ACQUIRE OIL GAS AND MINERAL LEASE,3,NULL,69879,445,22,St. Landry,0,1,NULL,NULL,NULL,NULL,500,500,500,NULL,NULL,NULL,0,0,1,326,NULL,1,NULL,la/st landry,22,LOUISIANA,LA
1227828,St. Landry,LOUISIANA,20e410e0-e0f2-43f4-b7b8-633f61becea1,s3://enverus-courthouse-prod-chd-plants/la/st landry/20e4/20e410e0-e0f2-43f4-b7b8-633f61becea1.pdf,3,112780,2026-07-02 11:00:09.920,LND-8093,20e410e0-e0f2-43f4-b7b8-633f61becea1,\\smb.dc2isilon.na.drillinginfo.com\lease_data_entry\data_sources\nondigital_data\updates\ST_LANDRY_UPDATES_202212141432_0,\\smb.dc2isilon.na.drillinginfo.com\CS_TitleImages\CountyScansTitleImages\gpdm_imagestore\St. Landry_IMAGES\20e4,20e410e0-e0f2-43f4-b7b8-633f61becea1.pdf,.pdf,.pdf,12,2022-12-28 12:50:46.177,NULL,445,22,NULL,NULL,28,2022-12-28 12:50:46.177,1,NULL,NULL,4,631,631,2023-01-15 23:02:21.580,2023-01-15 23:02:21.580,NULL,NULL,0,0,0,0,(ZK 1/13) Cannot submit: Invalid STR,"(JR 01/13) Select Land Desc NA box. Add in Remarks: Sec 2, T6S, R5E confirmed via map but is not available in the database.",NULL,0,NULL,2022-03-24 00:00:00.000,2021-01-15 00:00:00.000,SMEM,1227828,2021-01-15 00:00:00.000,2022-03-24 00:00:00.000,"#SEC 2, T6S, R5E CONFIRMED VIA MAP BUT IS NOT AVAILABLE IN THE DATABASE.",0,6.787,0,-1,No Data,NULL,NULL,0,NULL,NULL,NULL,0,0,5,Years,1,NULL,0,NULL,NULL,NULL,NULL,0,NULL,NULL,NULL,NULL,2023-01-13 08:50:46.683,2023-01-13 14:42:30.057,JENNA.REYES,NULL,0,NULL,NULL,2022-12-28 12:50:49.277,cs_updates,2023-01-16 02:10:59.667,dataentry,NULL,a299db03-6688-4cc6-8ccb-f38bc7fe0ec9,NULL,0,NULL,NULL,1,0,NULL,a299db03-6688-4cc6-8ccb-f38bc7fe0ec9,NULL,NOTICE OF GEOPHYSICAL PERMIT AND OPTION TO ACQUIRE OIL GAS AND MINERAL LEASE,3,NULL,69879,445,22,St. Landry,0,1,NULL,NULL,NULL,NULL,500,500,500,NULL,NULL,NULL,0,0,1,326,NULL,1,NULL,la/st landry,22,LOUISIANA,LA
1227824,St. Landry,LOUISIANA,31ab9391-43d3-4a90-9fb2-8fdf2cabde1e,s3://enverus-courthouse-prod-chd-plants/la/st landry/31ab/31ab9391-43d3-4a90-9fb2-8fdf2cabde1e.pdf,3,113004,2026-07-02 11:00:09.867,LND-8093,31ab9391-43d3-4a90-9fb2-8fdf2cabde1e,\\smb.dc2isilon.na.drillinginfo.com\lease_data_entry\data_sources\nondigital_data\updates\ST_LANDRY_UPDATES_202212141432_0,\\smb.dc2isilon.na.drillinginfo.com\CS_TitleImages\CountyScansTitleImages\gpdm_imagestore\St. Landry_IMAGES\31ab,31ab9391-43d3-4a90-9fb2-8fdf2cabde1e.pdf,.pdf,.pdf,12,2022-12-28 12:50:46.177,NULL,445,22,NULL,NULL,28,2022-12-28 12:50:46.177,1,NULL,NULL,4,631,631,2023-01-15 23:03:11.450,2023-01-15 23:03:11.450,NULL,NULL,0,0,0,0,(ZK 1/13) Cannot submit: Invalid STR 35/6S/4E and 36/6S/4E,"(JR 01/13) Add in Remarks: Sec 35, T6S, R4E could not be confirmed with research.",NULL,0,NULL,2022-03-24 00:00:00.000,2020-09-11 00:00:00.000,SMEM,1227824,2020-09-11 00:00:00.000,2022-03-24 00:00:00.000,"#SEC 35/36, T6S, R4E COULD NOT BE CONFIRMED WITH RESEARCH.",0,63.191,0,0,No Data,NULL,NULL,0,NULL,NULL,NULL,0,0,5,Years,1,NULL,0,NULL,NULL,NULL,NULL,0,NULL,NULL,NULL,NULL,2023-01-13 07:36:42.843,2023-01-13 14:50:10.820,JENNA.REYES,NULL,0,NULL,NULL,2022-12-28 12:50:49.277,cs_updates,2023-01-16 02:12:35.507,dataentry,NULL,1894b8df-ff96-4b9d-a9d0-af9da7a85bbd,NULL,0,NULL,NULL,1,0,NULL,1894b8df-ff96-4b9d-a9d0-af9da7a85bbd,NULL,NOTICE OF GEOPHYSICAL PERMIT AND OPTION TO ACQUIRE OIL GAS AND MINERAL LEASE,3,NULL,69879,445,22,St. Landry,0,1,NULL,NULL,NULL,NULL,500,500,500,NULL,NULL,NULL,0,0,1,326,NULL,1,NULL,la/st landry,22,LOUISIANA,LA
1227834,St. Landry,LOUISIANA,4041ab0f-6a86-4251-942e-2f7a68f516af,s3://enverus-courthouse-prod-chd-plants/la/st landry/4041/4041ab0f-6a86-4251-942e-2f7a68f516af.pdf,3,122031,2026-07-02 11:00:06.067,LND-8093,4041ab0f-6a86-4251-942e-2f7a68f516af,\\smb.dc2isilon.na.drillinginfo.com\lease_data_entry\data_sources\nondigital_data\updates\ST_LANDRY_UPDATES_202212141432_0,\\smb.dc2isilon.na.drillinginfo.com\CS_TitleImages\CountyScansTitleImages\gpdm_imagestore\St. Landry_IMAGES\4041,4041ab0f-6a86-4251-942e-2f7a68f516af.pdf,.pdf,.pdf,12,2022-12-28 12:50:46.177,NULL,445,22,NULL,NULL,28,2022-12-28 12:50:46.177,1,NULL,NULL,4,631,631,2023-01-15 23:03:51.957,2023-01-15 23:03:51.957,NULL,NULL,0,0,0,0,(ZK 1/13) Cannon submit: invalid STR 2/6S/5E,"(JR 01/13) Add in Remarks: Sec 2, T6S, R5E could not be confirmed with research.",NULL,0,NULL,2022-03-24 00:00:00.000,2021-01-05 00:00:00.000,SMEM,1227834,2021-01-05 00:00:00.000,2022-03-24 00:00:00.000,"#SEC 2, T6S, R5E COULD NOT BE CONFIRMED WITH RESEARCH.",0,12,0,0,No Data,NULL,NULL,0,NULL,NULL,NULL,0,0,5,Years,1,NULL,0,NULL,NULL,NULL,NULL,0,NULL,NULL,NULL,NULL,2023-01-13 06:59:46.167,2023-01-13 14:57:26.203,JENNA.REYES,NULL,0,NULL,NULL,2022-12-28 12:50:49.277,cs_updates,2023-01-16 02:12:35.520,dataentry,NULL,1894b8df-ff96-4b9d-a9d0-af9da7a85bbd,NULL,0,NULL,NULL,1,0,NULL,1894b8df-ff96-4b9d-a9d0-af9da7a85bbd,NULL,NOTICE OF GEOPHYSICAL PERMIT AND OPTION TO ACQUIRE OIL GAS AND MINERAL LEASE,3,NULL,69879,445,22,St. Landry,0,1,NULL,NULL,NULL,NULL,500,500,500,NULL,NULL,NULL,0,0,1,326,NULL,1,NULL,la/st landry,22,LOUISIANA,LA
1227842,St. Landry,LOUISIANA,b787ee9e-263f-4924-b7d3-95d960a51256,s3://enverus-courthouse-prod-chd-plants/la/st landry/b787/b787ee9e-263f-4924-b7d3-95d960a51256.pdf,3,108459,2026-07-02 11:00:04.153,LND-8093,b787ee9e-263f-4924-b7d3-95d960a51256,\\smb.dc2isilon.na.drillinginfo.com\lease_data_entry\data_sources\nondigital_data\updates\ST_LANDRY_UPDATES_202212141432_0,\\smb.dc2isilon.na.drillinginfo.com\CS_TitleImages\CountyScansTitleImages\gpdm_imagestore\St. Landry_IMAGES\b787,b787ee9e-263f-4924-b7d3-95d960a51256.pdf,.pdf,.pdf,12,2022-12-28 12:50:46.177,NULL,445,22,NULL,NULL,28,2022-12-28 12:50:46.177,1,NULL,NULL,4,630,630,2023-01-13 08:25:35.110,2023-01-13 08:25:35.110,NULL,NULL,0,0,0,0,NULL,NULL,NULL,0,NULL,2022-03-24 00:00:00.000,2021-01-05 00:00:00.000,SMEM,1227842,2021-01-05 00:00:00.000,2022-03-24 00:00:00.000,NULL,0,40.413,0,0,NULL,NULL,NULL,0,NULL,NULL,NULL,0,0,5,Years,1,NULL,0,NULL,NULL,NULL,NULL,0,NULL,NULL,NULL,NULL,NULL,NULL,NULL,NULL,0,NULL,NULL,2022-12-28 12:50:49.277,cs_updates,2023-01-16 02:15:37.350,dataentry,NULL,325df308-2016-44c2-88cb-4265c218c59d,NULL,0,NULL,NULL,1,0,NULL,325df308-2016-44c2-88cb-4265c218c59d,NULL,NOTICE OF GEOPHYSICAL PERMIT AND OPTION TO ACQUIRE OIL GAS AND MINERAL LEASE,3,NULL,69879,445,22,St. Landry,0,1,NULL,NULL,NULL,NULL,500,500,500,NULL,NULL,NULL,0,0,1,326,NULL,1,NULL,la/st landry,22,LOUISIANA,LA
1227795,St. Landry,LOUISIANA,cc3d5c2f-aa69-4526-bef5-9b3e4d8290b3,s3://enverus-courthouse-prod-chd-plants/la/st landry/cc3d/cc3d5c2f-aa69-4526-bef5-9b3e4d8290b3.pdf,3,133630,2026-07-02 11:00:05.320,LND-8093,cc3d5c2f-aa69-4526-bef5-9b3e4d8290b3,\\smb.dc2isilon.na.drillinginfo.com\lease_data_entry\data_sources\nondigital_data\updates\ST_LANDRY_UPDATES_202212141432_0,\\smb.dc2isilon.na.drillinginfo.com\CS_TitleImages\CountyScansTitleImages\gpdm_imagestore\St. Landry_IMAGES\cc3d,cc3d5c2f-aa69-4526-bef5-9b3e4d8290b3.pdf,.pdf,.pdf,12,2022-12-28 12:50:46.177,NULL,445,22,NULL,NULL,28,2022-12-28 12:50:46.177,1,NULL,NULL,4,642,642,2023-01-13 09:08:12.340,2023-01-13 09:08:12.340,629,2023-01-16 02:28:14.210,1,0,0,0,NULL,NULL,NULL,0,NULL,2022-03-24 00:00:00.000,2020-09-02 00:00:00.000,SMEM,1227795,2020-09-11 00:00:00.000,2022-03-24 00:00:00.000,NULL,0,73.775,0,0,No Data,NULL,NULL,0,NULL,NULL,NULL,0,0,5,Years,1,NULL,0,NULL,NULL,NULL,NULL,0,NULL,NULL,NULL,NULL,NULL,NULL,NULL,NULL,0,NULL,NULL,2022-12-28 12:50:49.277,cs_updates,2023-01-16 02:28:14.260,dataentry,NULL,560a309f-f192-4d4a-8ee5-d0259b0a3407,NULL,0,NULL,NULL,1,0,NULL,560a309f-f192-4d4a-8ee5-d0259b0a3407,NULL,NOTICE OF GEOPHYSICAL PERMIT AND OPTION TO ACQUIRE OIL GAS AND MINERAL LEASE,3,NULL,69879,445,22,St. Landry,0,1,NULL,NULL,NULL,NULL,500,500,500,NULL,NULL,NULL,0,0,1,326,NULL,1,NULL,la/st landry,22,LOUISIANA,LA
1227788,St. Landry,LOUISIANA,fa069514-2eab-4ce3-9a86-31dd1d242087,s3://enverus-courthouse-prod-chd-plants/la/st landry/fa06/fa069514-2eab-4ce3-9a86-31dd1d242087.pdf,3,105986,2026-07-02 11:00:10.210,LND-8093,fa069514-2eab-4ce3-9a86-31dd1d242087,\\smb.dc2isilon.na.drillinginfo.com\lease_data_entry\data_sources\nondigital_data\updates\ST_LANDRY_UPDATES_202212141432_0,\\smb.dc2isilon.na.drillinginfo.com\CS_TitleImages\CountyScansTitleImages\gpdm_imagestore\St. Landry_IMAGES\fa06,fa069514-2eab-4ce3-9a86-31dd1d242087.pdf,.pdf,.pdf,12,2022-12-28 12:50:46.177,NULL,445,22,NULL,NULL,28,2022-12-28 12:50:46.177,1,NULL,NULL,4,631,631,2023-01-13 09:01:17.850,2023-01-13 09:01:17.850,629,2023-01-16 03:06:58.830,1,0,0,0,NULL,NULL,NULL,0,NULL,2022-03-24 00:00:00.000,2020-09-30 00:00:00.000,SMEM,1227788,2020-09-30 00:00:00.000,2022-03-24 00:00:00.000,NULL,0,14.04,0,0,No Data,NULL,NULL,0,NULL,NULL,NULL,0,0,5,Years,1,NULL,0,NULL,NULL,NULL,NULL,0,NULL,NULL,NULL,NULL,NULL,NULL,NULL,NULL,0,NULL,NULL,2022-12-28 12:50:49.277,cs_updates,2023-01-16 03:06:58.840,dataentry,NULL,2aec0cdc-4e70-4d5c-a6f1-9d9cd4c02ff3,NULL,0,NULL,NULL,1,0,NULL,2aec0cdc-4e70-4d5c-a6f1-9d9cd4c02ff3,NULL,NOTICE OF GEOPHYSICAL PERMIT AND OPTION TO ACQUIRE OIL GAS AND MINERAL LEASE,3,NULL,69879,445,22,St. Landry,0,1,NULL,NULL,NULL,NULL,500,500,500,NULL,NULL,NULL,0,0,1,326,NULL,1,NULL,la/st landry,22,LOUISIANA,LA
1227698,St. Landry,LOUISIANA,79c68617-3f27-4779-b1f0-12779c5ed916,s3://enverus-courthouse-prod-chd-plants/la/st landry/79c6/79c68617-3f27-4779-b1f0-12779c5ed916.pdf,3,104599,2026-07-02 11:00:07.263,LND-8093,79c68617-3f27-4779-b1f0-12779c5ed916,\\smb.dc2isilon.na.drillinginfo.com\lease_data_entry\data_sources\nondigital_data\updates\ST_LANDRY_UPDATES_202212141432_0,\\smb.dc2isilon.na.drillinginfo.com\CS_TitleImages\CountyScansTitleImages\gpdm_imagestore\St. Landry_IMAGES\79c6,79c68617-3f27-4779-b1f0-12779c5ed916.pdf,.pdf,.pdf,12,2022-12-28 12:50:46.177,NULL,445,22,NULL,NULL,28,2022-12-28 12:50:46.177,1,NULL,NULL,4,635,635,2023-01-13 06:02:52.367,2023-01-16 00:32:11.663,637,2023-01-13 06:58:00.313,0,1,0,0,NULL,NULL,NULL,0,NULL,2022-03-23 00:00:00.000,2020-09-23 00:00:00.000,SMEM,1227698,2020-09-23 00:00:00.000,2022-03-23 00:00:00.000,NULL,0,243.9,0,0,No Data,NULL,NULL,0,NULL,NULL,NULL,0,0,5,Years,1,NULL,0,NULL,NULL,NULL,NULL,0,NULL,NULL,NULL,NULL,NULL,NULL,NULL,NULL,0,NULL,NULL,2022-12-28 12:50:49.277,cs_updates,2023-01-16 03:14:03.863,dataentry,NULL,22fe26a8-0c7e-42f6-a410-492abbcfd2ef,NULL,0,NULL,NULL,1,0,NULL,22fe26a8-0c7e-42f6-a410-492abbcfd2ef,NULL,NOTICE OF GEOPHYSICAL PERMIT AND OPTION TO ACQUIRE OIL GAS AND MINERAL LEASE,3,NULL,69879,445,22,St. Landry,0,1,NULL,NULL,NULL,NULL,500,500,500,NULL,NULL,NULL,0,0,1,326,NULL,1,NULL,la/st landry,22,LOUISIANA,LA
1227814,St. Landry,LOUISIANA,85959478-6abc-480a-8d43-330dffb27f10,s3://enverus-courthouse-prod-chd-plants/la/st landry/8595/85959478-6abc-480a-8d43-330dffb27f10.pdf,3,109001,2026-07-02 11:00:08.333,LND-8093,85959478-6abc-480a-8d43-330dffb27f10,\\smb.dc2isilon.na.drillinginfo.com\lease_data_entry\data_sources\nondigital_data\updates\ST_LANDRY_UPDATES_202212141432_0,\\smb.dc2isilon.na.drillinginfo.com\CS_TitleImages\CountyScansTitleImages\gpdm_imagestore\St. Landry_IMAGES\8595,85959478-6abc-480a-8d43-330dffb27f10.pdf,.pdf,.pdf,12,2022-12-28 12:50:46.177,NULL,445,22,NULL,NULL,28,2022-12-28 12:50:46.177,1,NULL,NULL,4,635,635,2023-01-13 05:53:32.127,2023-01-16 00:32:27.973,637,2023-01-13 06:58:00.480,0,1,0,0,NULL,NULL,NULL,0,NULL,2022-03-24 00:00:00.000,2021-02-10 00:00:00.000,SMEM,1227814,2021-02-10 00:00:00.000,2022-03-24 00:00:00.000,NULL,0,9.376,0,0,No Data,NULL,NULL,0,NULL,NULL,NULL,0,0,5,Years,1,NULL,0,NULL,NULL,NULL,NULL,0,NULL,NULL,NULL,NULL,NULL,NULL,NULL,NULL,0,NULL,NULL,2022-12-28 12:50:49.277,cs_updates,2023-01-16 03:14:03.887,dataentry,NULL,22fe26a8-0c7e-42f6-a410-492abbcfd2ef,NULL,0,NULL,NULL,1,0,NULL,22fe26a8-0c7e-42f6-a410-492abbcfd2ef,NULL,NOTICE OF GEOPHYSICAL PERMIT AND OPTION TO ACQUIRE OIL GAS AND MINERAL LEASE,3,NULL,69879,445,22,St. Landry,0,1,NULL,NULL,NULL,NULL,500,500,500,NULL,NULL,NULL,0,0,1,326,NULL,1,NULL,la/st landry,22,LOUISIANA,LA
1227852,St. Landry,LOUISIANA,66755933-9112-4eb6-83de-75738f39a6bf,s3://enverus-courthouse-prod-chd-plants/la/st landry/6675/66755933-9112-4eb6-83de-75738f39a6bf.pdf,3,117589,2026-07-02 11:00:04.207,LND-8093,66755933-9112-4eb6-83de-75738f39a6bf,\\smb.dc2isilon.na.drillinginfo.com\lease_data_entry\data_sources\nondigital_data\updates\ST_LANDRY_UPDATES_202212141432_0,\\smb.dc2isilon.na.drillinginfo.com\CS_TitleImages\CountyScansTitleImages\gpdm_imagestore\St. Landry_IMAGES\6675,66755933-9112-4eb6-83de-75738f39a6bf.pdf,.pdf,.pdf,12,2022-12-28 12:50:46.177,NULL,445,22,NULL,NULL,28,2022-12-28 12:50:46.177,1,NULL,NULL,4,630,630,2023-01-13 08:34:20.010,2023-01-16 02:47:09.007,629,2023-01-16 02:03:58.193,0,1,0,0,NULL,NULL,NULL,0,NULL,2022-03-24 00:00:00.000,2021-01-10 00:00:00.000,SMEM,1227852,2021-01-10 00:00:00.000,2022-03-24 00:00:00.000,NULL,0,19.622,0,0,No Data,NULL,NULL,0,NULL,NULL,NULL,0,0,5,Years,1,NULL,0,NULL,NULL,NULL,NULL,0,NULL,NULL,NULL,NULL,NULL,NULL,NULL,NULL,0,NULL,NULL,2022-12-28 12:50:49.277,cs_updates,2023-01-16 03:21:08.147,dataentry,NULL,10f7ac82-9b39-411c-b856-199d4ac46ab8,NULL,0,NULL,NULL,1,0,NULL,10f7ac82-9b39-411c-b856-199d4ac46ab8,NULL,NOTICE OF GEOPHYSICAL PERMIT AND OPTION TO ACQUIRE OIL GAS AND MINERAL LEASE,3,NULL,69879,445,22,St. Landry,0,1,NULL,NULL,NULL,NULL,500,500,500,NULL,NULL,NULL,0,0,1,326,NULL,1,NULL,la/st landry,22,LOUISIANA,LA
1227840,St. Landry,LOUISIANA,0584217a-359e-4045-ad07-5d5e5ee73bf5,s3://enverus-courthouse-prod-chd-plants/la/st landry/0584/0584217a-359e-4045-ad07-5d5e5ee73bf5.pdf,3,107610,2026-07-02 11:00:08.200,LND-8093,0584217a-359e-4045-ad07-5d5e5ee73bf5,\\smb.dc2isilon.na.drillinginfo.com\lease_data_entry\data_sources\nondigital_data\updates\ST_LANDRY_UPDATES_202212141432_0,\\smb.dc2isilon.na.drillinginfo.com\CS_TitleImages\CountyScansTitleImages\gpdm_imagestore\St. Landry_IMAGES\0584,0584217a-359e-4045-ad07-5d5e5ee73bf5.pdf,.pdf,.pdf,12,2022-12-28 12:50:46.177,NULL,445,22,NULL,NULL,28,2022-12-28 12:50:46.177,1,NULL,NULL,4,629,629,2023-01-16 03:39:06.100,2023-01-16 03:39:06.100,NULL,NULL,0,0,0,0,(DP 01/13) should I enter lot 4 and lot 2 with some subdivision? BY TECHE E LANNY MOREAU ESTATES?,(JR 01/13) Only enter the lot with the STR.,NULL,0,NULL,2022-03-24 00:00:00.000,2021-01-24 00:00:00.000,SMEM,1227840,2021-01-24 00:00:00.000,2022-03-24 00:00:00.000,NULL,0,45.86,0,0,No Data,NULL,NULL,0,NULL,NULL,NULL,0,0,5,Years,1,NULL,0,NULL,NULL,NULL,NULL,0,NULL,NULL,NULL,NULL,2023-01-13 08:07:29.000,2023-01-13 14:08:13.380,JENNA.REYES,NULL,0,NULL,NULL,2022-12-28 12:50:49.277,cs_updates,2023-01-17 00:06:36.973,cs_updates,NULL,6861ebed-f182-48d6-a230-14e63677f23c,NULL,0,NULL,NULL,1,0,NULL,6861ebed-f182-48d6-a230-14e63677f23c,NULL,NOTICE OF GEOPHYSICAL PERMIT AND OPTION TO ACQUIRE OIL GAS AND MINERAL LEASE,3,NULL,69879,445,22,St. Landry,0,1,NULL,NULL,NULL,NULL,500,500,500,NULL,NULL,NULL,0,0,1,326,NULL,1,NULL,la/st landry,22,LOUISIANA,LA
01227844,St. Landry,LOUISIANA,13b4141d-cfe6-4fb0-ba6d-7ad8ce85967e,s3://enverus-courthouse-prod-chd-plants/la/st landry/13b4/13b4141d-cfe6-4fb0-ba6d-7ad8ce85967e.pdf,3,116643,2026-07-02 11:00:10.053,LND-8093,13b4141d-cfe6-4fb0-ba6d-7ad8ce85967e,\\smb.dc2isilon.na.drillinginfo.com\lease_data_entry\data_sources\nondigital_data\updates\ST_LANDRY_UPDATES_202212141432_0,\\smb.dc2isilon.na.drillinginfo.com\CS_TitleImages\CountyScansTitleImages\gpdm_imagestore\St. Landry_IMAGES\13b4,13b4141d-cfe6-4fb0-ba6d-7ad8ce85967e.pdf,.pdf,.pdf,12,2022-12-28 12:50:46.177,NULL,445,22,NULL,NULL,28,2022-12-28 12:50:46.177,1,NULL,NULL,4,642,642,2023-01-13 06:20:51.410,2023-01-13 06:20:51.410,378,2023-01-19 09:36:46.863,1,0,0,0,NULL,NULL,NULL,0,NULL,2022-03-24 00:00:00.000,2021-01-05 00:00:00.000,SMEM,01227844,2021-01-05 00:00:00.000,2022-03-24 00:00:00.000,NULL,0,1.5,0,0,No Data,NULL,NULL,0,NULL,NULL,NULL,0,0,5,Years,1,NULL,0,NULL,NULL,NULL,NULL,0,NULL,NULL,NULL,NULL,NULL,NULL,NULL,NULL,0,NULL,NULL,2022-12-28 12:50:49.277,cs_updates,2023-01-19 09:36:46.887,dataentry,NULL,b5763525-0165-4257-b2c2-a70237631dfe,5b95abac-b8ad-457f-bf2b-39c5afc24726,0,NULL,NULL,1,0,NULL,b5763525-0165-4257-b2c2-a70237631dfe,NULL,NOTICE OF GEOPHYSICAL PERMIT AND OPTION TO ACQUIRE OIL GAS AND MINERAL LEASE,3,NULL,69879,445,22,St. Landry,0,1,NULL,NULL,NULL,NULL,500,500,500,NULL,NULL,NULL,0,0,1,326,NULL,1,NULL,la/st landry,22,LOUISIANA,LA
1227811,St. Landry,LOUISIANA,73bd37d6-4b43-4459-b867-b7a8085fffab,s3://enverus-courthouse-prod-chd-plants/la/st landry/73bd/73bd37d6-4b43-4459-b867-b7a8085fffab.pdf,3,120086,2026-07-02 11:00:09.570,LND-8093,73bd37d6-4b43-4459-b867-b7a8085fffab,\\smb.dc2isilon.na.drillinginfo.com\lease_data_entry\data_sources\nondigital_data\updates\ST_LANDRY_UPDATES_202212141432_0,\\smb.dc2isilon.na.drillinginfo.com\CS_TitleImages\CountyScansTitleImages\gpdm_imagestore\St. Landry_IMAGES\73bd,73bd37d6-4b43-4459-b867-b7a8085fffab.pdf,.pdf,.pdf,12,2022-12-28 12:50:46.177,NULL,445,22,NULL,NULL,28,2022-12-28 12:50:46.177,1,NULL,NULL,4,631,631,2023-01-13 07:20:07.510,2023-01-13 07:20:07.510,378,2023-01-19 09:48:30.757,1,0,0,0,NULL,NULL,NULL,0,NULL,2022-03-24 00:00:00.000,2020-09-02 00:00:00.000,SMEM,1227811,2020-09-02 00:00:00.000,2022-03-24 00:00:00.000,NULL,0,26.566,0,0,No Data,NULL,NULL,0,NULL,NULL,NULL,0,0,5,Years,1,NULL,0,NULL,NULL,NULL,NULL,0,NULL,NULL,NULL,NULL,NULL,NULL,NULL,NULL,0,NULL,NULL,2022-12-28 12:50:49.277,cs_updates,2023-01-19 09:48:30.820,dataentry,NULL,23331cc8-310e-4c8d-9ca7-a2e72055481b,7e3862f5-63d5-4691-80bc-032e773965e8,0,NULL,NULL,1,0,NULL,23331cc8-310e-4c8d-9ca7-a2e72055481b,NULL,NOTICE OF GEOPHYSICAL PERMIT AND OPTION TO ACQUIRE OIL GAS AND MINERAL LEASE,3,NULL,69879,445,22,St. Landry,0,1,NULL,NULL,NULL,NULL,500,500,500,NULL,NULL,NULL,0,0,1,326,NULL,1,NULL,la/st landry,22,LOUISIANA,LA
1227776,St. Landry,LOUISIANA,859f26a5-ea7d-42d1-894e-607301a0ed9e,s3://enverus-courthouse-prod-chd-plants/la/st landry/859f/859f26a5-ea7d-42d1-894e-607301a0ed9e.pdf,3,110808,2026-07-02 11:00:04.400,LND-8093,859f26a5-ea7d-42d1-894e-607301a0ed9e,\\smb.dc2isilon.na.drillinginfo.com\lease_data_entry\data_sources\nondigital_data\updates\ST_LANDRY_UPDATES_202212141432_0,\\smb.dc2isilon.na.drillinginfo.com\CS_TitleImages\CountyScansTitleImages\gpdm_imagestore\St. Landry_IMAGES\859f,859f26a5-ea7d-42d1-894e-607301a0ed9e.pdf,.pdf,.pdf,12,2022-12-28 12:50:46.177,NULL,445,22,NULL,NULL,28,2022-12-28 12:50:46.177,1,NULL,NULL,4,631,631,2023-01-13 05:55:07.473,2023-01-13 05:55:07.473,378,2023-01-19 09:48:31.467,1,0,0,0,NULL,NULL,NULL,0,NULL,2022-03-24 00:00:00.000,2020-09-01 00:00:00.000,SMEM,1227776,2020-09-01 00:00:00.000,2022-03-24 00:00:00.000,NULL,0,42.702,0,0,No Data,NULL,NULL,0,NULL,NULL,NULL,0,0,5,Years,1,NULL,0,NULL,NULL,NULL,NULL,0,NULL,NULL,NULL,NULL,NULL,NULL,NULL,NULL,0,NULL,NULL,2022-12-28 12:50:49.277,cs_updates,2023-01-19 09:48:31.483,dataentry,NULL,dda6b740-5f3f-4612-aac5-10000c043a22,7e3862f5-63d5-4691-80bc-032e773965e8,0,NULL,NULL,1,0,NULL,dda6b740-5f3f-4612-aac5-10000c043a22,NULL,NOTICE OF GEOPHYSICAL PERMIT AND OPTION TO ACQUIRE OIL GAS AND MINERAL LEASE,3,NULL,69879,445,22,St. Landry,0,1,NULL,NULL,NULL,NULL,500,500,500,NULL,NULL,NULL,0,0,1,326,NULL,1,NULL,la/st landry,22,LOUISIANA,LA
1227705,St. Landry,LOUISIANA,ba05fa71-0107-40a2-a4d8-f9585287cf9d,s3://enverus-courthouse-prod-chd-plants/la/st landry/ba05/ba05fa71-0107-40a2-a4d8-f9585287cf9d.pdf,3,103935,2026-07-02 11:00:08.550,LND-8093,ba05fa71-0107-40a2-a4d8-f9585287cf9d,\\smb.dc2isilon.na.drillinginfo.com\lease_data_entry\data_sources\nondigital_data\updates\ST_LANDRY_UPDATES_202212141432_0,\\smb.dc2isilon.na.drillinginfo.com\CS_TitleImages\CountyScansTitleImages\gpdm_imagestore\St. Landry_IMAGES\ba05,ba05fa71-0107-40a2-a4d8-f9585287cf9d.pdf,.pdf,.pdf,12,2022-12-28 12:50:46.177,NULL,445,22,NULL,NULL,28,2022-12-28 12:50:46.177,1,NULL,NULL,4,642,642,2023-01-13 08:37:58.077,2023-01-13 08:37:58.077,378,2023-01-19 16:52:47.577,1,0,0,0,NULL,NULL,NULL,0,NULL,2022-03-23 00:00:00.000,2020-09-02 00:00:00.000,SMEM,1227705,2020-09-02 00:00:00.000,2022-03-23 00:00:00.000,NULL,0,17.29,0,0,No Data,NULL,NULL,0,NULL,NULL,NULL,0,0,5,Years,1,NULL,0,NULL,NULL,NULL,NULL,0,NULL,NULL,NULL,NULL,NULL,NULL,NULL,NULL,0,NULL,NULL,2022-12-28 12:50:49.277,cs_updates,2023-01-19 16:52:47.593,dataentry,NULL,ab1af7fc-bcb3-45e2-8b63-1440b36cff17,bc6817fd-32a5-4347-9ca8-20c0485f3541,0,NULL,NULL,1,0,NULL,ab1af7fc-bcb3-45e2-8b63-1440b36cff17,NULL,NOTICE OF GEOPHYSICAL PERMIT AND OPTION TO ACQUIRE OIL GAS AND MINERAL LEASE,3,NULL,69879,445,22,St. Landry,0,1,NULL,NULL,NULL,NULL,500,500,500,NULL,NULL,NULL,0,0,1,326,NULL,1,NULL,la/st landry,22,LOUISIANA,LA
1227699,St. Landry,LOUISIANA,0a84b72d-f2ac-41c2-8d3d-50e2c0a339ec,s3://enverus-courthouse-prod-chd-plants/la/st landry/0a84/0a84b72d-f2ac-41c2-8d3d-50e2c0a339ec.pdf,3,105399,2026-07-02 11:00:07.900,LND-8093,0a84b72d-f2ac-41c2-8d3d-50e2c0a339ec,\\smb.dc2isilon.na.drillinginfo.com\lease_data_entry\data_sources\nondigital_data\updates\ST_LANDRY_UPDATES_202212141432_0,\\smb.dc2isilon.na.drillinginfo.com\CS_TitleImages\CountyScansTitleImages\gpdm_imagestore\St. Landry_IMAGES\0a84,0a84b72d-f2ac-41c2-8d3d-50e2c0a339ec.pdf,.pdf,.pdf,12,2022-12-28 12:50:46.177,NULL,445,22,NULL,NULL,28,2022-12-28 12:50:46.177,1,NULL,NULL,4,635,635,2023-01-13 06:14:40.563,2023-01-13 06:14:40.563,378,2023-01-20 10:53:54.660,1,0,0,0,NULL,NULL,NULL,0,NULL,2022-03-23 00:00:00.000,2020-09-23 00:00:00.000,OP,1227699,2020-09-23 00:00:00.000,2022-03-23 00:00:00.000,NULL,0,243.9,0,0,No Data,NULL,NULL,0,NULL,NULL,NULL,0,0,5,Years,1,NULL,0,NULL,NULL,NULL,NULL,0,NULL,NULL,NULL,NULL,NULL,NULL,NULL,NULL,0,NULL,NULL,2022-12-28 12:50:49.277,cs_updates,2023-01-20 10:53:54.690,dataentry,NULL,dc77ef28-1598-4bc3-a7fe-70fe213d6034,50621cd0-6779-4717-a798-d04b8d91af83,0,NULL,NULL,1,0,NULL,dc77ef28-1598-4bc3-a7fe-70fe213d6034,NULL,NOTICE OF GEOPHYSICAL PERMIT AND OPTION TO ACQUIRE OIL GAS AND MINERAL LEASE,3,NULL,69879,445,22,St. Landry,0,1,NULL,NULL,NULL,NULL,500,500,500,NULL,NULL,NULL,0,0,1,326,NULL,1,NULL,la/st landry,22,LOUISIANA,LA
1227857,St. Landry,LOUISIANA,01ae8b92-9301-4b88-9687-ee606960cac4,s3://enverus-courthouse-prod-chd-plants/la/st landry/01ae/01ae8b92-9301-4b88-9687-ee606960cac4.pdf,3,104395,2026-07-02 11:00:06.353,LND-8093,01ae8b92-9301-4b88-9687-ee606960cac4,\\smb.dc2isilon.na.drillinginfo.com\lease_data_entry\data_sources\nondigital_data\updates\ST_LANDRY_UPDATES_202212141432_0,\\smb.dc2isilon.na.drillinginfo.com\CS_TitleImages\CountyScansTitleImages\gpdm_imagestore\St. Landry_IMAGES\01ae,01ae8b92-9301-4b88-9687-ee606960cac4.pdf,.pdf,.pdf,12,2022-12-28 12:50:46.177,NULL,445,22,NULL,NULL,28,2022-12-28 12:50:46.177,1,NULL,NULL,4,630,630,2023-01-13 06:54:38.543,2023-01-13 06:54:38.543,378,2023-01-20 11:27:25.393,1,0,0,0,NULL,NULL,NULL,0,NULL,2022-03-24 00:00:00.000,2021-01-05 00:00:00.000,SMEM,1227857,2021-01-05 00:00:00.000,2022-03-24 00:00:00.000,NULL,0,20,0,0,No Data,NULL,NULL,0,NULL,NULL,NULL,0,0,5,Years,1,NULL,0,NULL,NULL,NULL,NULL,0,NULL,NULL,NULL,NULL,NULL,NULL,NULL,NULL,0,NULL,NULL,2022-12-28 12:50:49.277,cs_updates,2023-01-20 11:27:25.450,dataentry,NULL,ab47dbb4-69fa-4f09-925d-712bc4cb0ad7,f758ffa7-8467-429a-b6df-adaa2f8b2c3a,0,NULL,NULL,1,0,NULL,ab47dbb4-69fa-4f09-925d-712bc4cb0ad7,NULL,NOTICE OF GEOPHYSICAL PERMIT AND OPTION TO ACQUIRE OIL GAS AND MINERAL LEASE,3,NULL,69879,445,22,St. Landry,0,1,NULL,NULL,NULL,NULL,500,500,500,NULL,NULL,NULL,0,0,1,326,NULL,1,NULL,la/st landry,22,LOUISIANA,LA
1227702,St. Landry,LOUISIANA,274849fb-80cb-478c-b3aa-b72664994c6e,s3://enverus-courthouse-prod-chd-plants/la/st landry/2748/274849fb-80cb-478c-b3aa-b72664994c6e.pdf,3,104544,2026-07-02 11:00:06.393,LND-8093,274849fb-80cb-478c-b3aa-b72664994c6e,\\smb.dc2isilon.na.drillinginfo.com\lease_data_entry\data_sources\nondigital_data\updates\ST_LANDRY_UPDATES_202212141432_0,\\smb.dc2isilon.na.drillinginfo.com\CS_TitleImages\CountyScansTitleImages\gpdm_imagestore\St. Landry_IMAGES\2748,274849fb-80cb-478c-b3aa-b72664994c6e.pdf,.pdf,.pdf,12,2022-12-28 12:50:46.177,NULL,445,22,NULL,NULL,28,2022-12-28 12:50:46.177,1,NULL,NULL,4,630,630,2023-01-13 06:22:33.253,2023-01-13 06:22:33.253,378,2023-01-20 11:27:28.317,1,0,0,0,NULL,NULL,NULL,0,NULL,2022-03-23 00:00:00.000,2020-09-23 00:00:00.000,SMEM,1227702,2020-09-23 00:00:00.000,2022-03-23 00:00:00.000,NULL,0,243.9,0,0,No Data,NULL,NULL,0,NULL,NULL,NULL,0,0,5,Years,1,NULL,0,NULL,NULL,NULL,NULL,0,NULL,NULL,NULL,NULL,NULL,NULL,NULL,NULL,0,NULL,NULL,2022-12-28 12:50:49.277,cs_updates,2023-01-20 11:27:28.327,dataentry,NULL,ab47dbb4-69fa-4f09-925d-712bc4cb0ad7,f758ffa7-8467-429a-b6df-adaa2f8b2c3a,0,NULL,NULL,1,0,NULL,ab47dbb4-69fa-4f09-925d-712bc4cb0ad7,NULL,NOTICE OF GEOGRAPHICAL PERMIT AND OPTION TO ACQUIRE OIL GAS AND MINERAL LEASE,3,NULL,127658,445,22,St. Landry,0,1,NULL,NULL,NULL,NULL,500,500,500,NULL,NULL,NULL,0,0,1,326,NULL,1,NULL,la/st landry,22,LOUISIANA,LA
202228095,Washington,PENNSYLVANIA,147408fb-ca78-41eb-bb08-e5ad07a349cc,s3://enverus-courthouse-prod-chd-plants/pa/washington/1474/147408fb-ca78-41eb-bb08-e5ad07a349cc.pdf,4,151437,2026-07-01 14:17:22.310,LND-8093,147408fb-ca78-41eb-bb08-e5ad07a349cc,\\smb.dc2isilon.na.drillinginfo.com\lease_data_entry\data_sources\nondigital_data\updates\WASHINGTON_UPDATES_202212241115_0,\\smb.dc2isilon.na.drillinginfo.com\CS_TitleImages\CountyScansTitleImages\gpdm_imagestore\Washington_IMAGES\1474,147408fb-ca78-41eb-bb08-e5ad07a349cc.pdf,.pdf,.pdf,12,2022-12-28 12:50:34.717,NULL,654,43,NULL,NULL,16,2022-12-28 12:50:34.717,1,NULL,NULL,4,747,747,2023-01-22 22:40:08.997,2023-01-22 22:40:08.997,NULL,NULL,0,0,0,0,NULL,NULL,NULL,0,NULL,2022-11-22 00:00:00.000,2018-01-29 00:00:00.000,OGLAMD,202228095,2022-11-21 00:00:00.000,2022-11-22 00:00:00.000,PA01202023,0,470.6244,0,0,No Data,NULL,NULL,0,NULL,NULL,NULL,0,0,NULL,NULL,0,NULL,0,NULL,NULL,NULL,NULL,0,NULL,NULL,NULL,NULL,NULL,NULL,NULL,NULL,0,NULL,NULL,2022-12-28 12:50:34.857,cs_updates,2023-01-23 02:00:04.753,NA\di-mssql-engine,NULL,NULL,NULL,0,NULL,NULL,1,0,NULL,NULL,NULL,THIRD AMENDMENT ROBINSON CAMPBELL UNIT B,4,NULL,128348,654,43,Washington,0,0,NULL,NULL,NULL,NULL,500,500,500,NULL,NULL,NULL,0,0,1,2779,NULL,1,NULL,pa/washington,43,PENNSYLVANIA,PA
1227809,St. Landry,LOUISIANA,57a38887-006f-4e54-bccf-89e22e96d625,s3://enverus-courthouse-prod-chd-plants/la/st landry/57a3/57a38887-006f-4e54-bccf-89e22e96d625.pdf,3,104699,2026-07-02 11:00:10.703,LND-8093,57a38887-006f-4e54-bccf-89e22e96d625,\\smb.dc2isilon.na.drillinginfo.com\lease_data_entry\data_sources\nondigital_data\updates\ST_LANDRY_UPDATES_202212141432_0,\\smb.dc2isilon.na.drillinginfo.com\CS_TitleImages\CountyScansTitleImages\gpdm_imagestore\St. Landry_IMAGES\57a3,57a38887-006f-4e54-bccf-89e22e96d625.pdf,.pdf,.pdf,12,2022-12-28 12:50:46.177,NULL,445,22,NULL,NULL,28,2022-12-28 12:50:46.177,1,NULL,NULL,4,630,630,2023-01-13 07:58:14.527,2023-01-13 07:58:14.527,378,2023-01-23 08:42:55.490,1,0,0,0,NULL,NULL,NULL,0,NULL,2022-03-24 00:00:00.000,2021-01-24 00:00:00.000,SMEM,1227809,2021-01-24 00:00:00.000,2022-03-24 00:00:00.000,NULL,-1,34.857,0,0,No Data,NULL,NULL,0,NULL,NULL,NULL,0,0,5,Years,1,NULL,0,NULL,NULL,NULL,NULL,0,NULL,NULL,NULL,NULL,NULL,NULL,NULL,NULL,0,NULL,NULL,2022-12-28 12:50:49.277,cs_updates,2023-01-23 08:42:55.500,dataentry,NULL,e2d41c68-284a-4325-8d3c-6ca2c1bf85a0,5676fe10-e2b4-40f1-a3b7-ad01a72a124b,0,NULL,NULL,1,0,NULL,e2d41c68-284a-4325-8d3c-6ca2c1bf85a0,NULL,NOTICE OF GEOPHYSICAL PERMIT AND OPTION TO ACQUIRE OIL GAS AND MINERAL LEASE,3,NULL,69879,445,22,St. Landry,0,1,NULL,NULL,NULL,NULL,500,500,500,NULL,NULL,NULL,0,0,1,326,NULL,1,NULL,la/st landry,22,LOUISIANA,LA
1227703,St. Landry,LOUISIANA,81f6adf0-033b-4226-80d9-4bb2ed634d91,s3://enverus-courthouse-prod-chd-plants/la/st landry/81f6/81f6adf0-033b-4226-80d9-4bb2ed634d91.pdf,3,105017,2026-07-02 11:00:04.653,LND-8093,81f6adf0-033b-4226-80d9-4bb2ed634d91,\\smb.dc2isilon.na.drillinginfo.com\lease_data_entry\data_sources\nondigital_data\updates\ST_LANDRY_UPDATES_202212141432_0,\\smb.dc2isilon.na.drillinginfo.com\CS_TitleImages\CountyScansTitleImages\gpdm_imagestore\St. Landry_IMAGES\81f6,81f6adf0-033b-4226-80d9-4bb2ed634d91.pdf,.pdf,.pdf,12,2022-12-28 12:50:46.177,NULL,445,22,NULL,NULL,28,2022-12-28 12:50:46.177,1,NULL,NULL,4,635,635,2023-01-13 06:30:24.510,2023-01-13 06:30:24.510,NULL,NULL,0,0,0,0,NULL,NULL,NULL,0,NULL,2022-03-23 00:00:00.000,2020-09-23 00:00:00.000,SOP,1227703,2020-09-23 00:00:00.000,2022-03-23 00:00:00.000,NULL,0,243.9,0,0,No Data,NULL,NULL,0,NULL,NULL,NULL,0,0,5,Years,1,NULL,0,NULL,NULL,NULL,NULL,0,NULL,NULL,NULL,NULL,NULL,NULL,NULL,NULL,0,NULL,NULL,2022-12-28 12:50:49.277,cs_updates,2023-01-23 09:26:32.010,NA\nathaniel.munguia,NULL,dc77ef28-1598-4bc3-a7fe-70fe213d6034,NULL,0,NULL,NULL,1,0,NULL,dc77ef28-1598-4bc3-a7fe-70fe213d6034,NULL,NOTICE OF GEOPHYSICAL PERMIT AND OPTION TO ACQUIRE OIL GAS AND MINERAL LEASE,3,NULL,69879,445,22,St. Landry,0,1,NULL,NULL,NULL,NULL,500,500,500,NULL,NULL,NULL,0,0,1,326,NULL,1,NULL,la/st landry,22,LOUISIANA,LA
1227796,St. Landry,LOUISIANA,3cf9a86b-787f-4230-b1d5-017a76022906,s3://enverus-courthouse-prod-chd-plants/la/st landry/3cf9/3cf9a86b-787f-4230-b1d5-017a76022906.pdf,3,118135,2026-07-02 11:00:08.427,LND-8093,3cf9a86b-787f-4230-b1d5-017a76022906,\\smb.dc2isilon.na.drillinginfo.com\lease_data_entry\data_sources\nondigital_data\updates\ST_LANDRY_UPDATES_202212141432_0,\\smb.dc2isilon.na.drillinginfo.com\CS_TitleImages\CountyScansTitleImages\gpdm_imagestore\St. Landry_IMAGES\3cf9,3cf9a86b-787f-4230-b1d5-017a76022906.pdf,.pdf,.pdf,12,2022-12-28 12:50:46.177,NULL,445,22,NULL,NULL,28,2022-12-28 12:50:46.177,1,NULL,NULL,4,629,629,2023-01-13 07:29:56.267,2023-01-13 07:29:56.267,NULL,NULL,0,0,0,0,NULL,NULL,NULL,0,NULL,2022-03-24 00:00:00.000,2020-09-02 00:00:00.000,SMEM,1227796,2020-09-11 00:00:00.000,2022-03-24 00:00:00.000,NULL,0,159.82,0,0,No Data,NULL,NULL,0,NULL,NULL,NULL,0,0,5,Years,1,NULL,0,NULL,NULL,NULL,NULL,0,NULL,NULL,NULL,NULL,NULL,NULL,NULL,NULL,0,NULL,NULL,2022-12-28 12:50:49.277,cs_updates,2023-01-23 09:26:32.010,NA\nathaniel.munguia,NULL,1eb98a4c-86d8-4809-b819-459c207e4418,NULL,0,NULL,NULL,1,0,NULL,1eb98a4c-86d8-4809-b819-459c207e4418,NULL,NOTICE OF GEOPHYSICAL PERMIT AND OPTION TO ACQUIRE OIL GAS AND MINERAL LEASE,3,NULL,69879,445,22,St. Landry,0,1,NULL,NULL,NULL,NULL,500,500,500,NULL,NULL,NULL,0,0,1,326,NULL,1,NULL,la/st landry,22,LOUISIANA,LA
1227785,St. Landry,LOUISIANA,4500140d-f968-46eb-a72f-d900ca3c2fc5,s3://enverus-courthouse-prod-chd-plants/la/st landry/4500/4500140d-f968-46eb-a72f-d900ca3c2fc5.pdf,3,108198,2026-07-02 11:00:10.607,LND-8093,4500140d-f968-46eb-a72f-d900ca3c2fc5,\\smb.dc2isilon.na.drillinginfo.com\lease_data_entry\data_sources\nondigital_data\updates\ST_LANDRY_UPDATES_202212141432_0,\\smb.dc2isilon.na.drillinginfo.com\CS_TitleImages\CountyScansTitleImages\gpdm_imagestore\St. Landry_IMAGES\4500,4500140d-f968-46eb-a72f-d900ca3c2fc5.pdf,.pdf,.pdf,12,2022-12-28 12:50:46.177,NULL,445,22,NULL,NULL,28,2022-12-28 12:50:46.177,1,NULL,NULL,4,630,630,2023-01-15 23:37:32.607,2023-01-15 23:37:32.607,378,2023-01-23 14:43:53.827,1,0,0,0,(HO 01/13) Missing: range 4E for section 42 - township 5S,"(JR 01/13) Add in Remarks: Sec 42, T5S, R4E could not be confirmed with research.",NULL,0,NULL,2022-03-24 00:00:00.000,2020-10-19 00:00:00.000,SMEM,1227785,2020-10-19 00:00:00.000,2022-03-24 00:00:00.000,"SEC 42, T5S, R4E COULD NOT BE CONFIRMED WITH RESEARCH",0,40,0,-1,No Data,NULL,NULL,0,NULL,NULL,NULL,0,0,5,Years,1,NULL,0,NULL,NULL,NULL,NULL,0,NULL,NULL,NULL,NULL,2023-01-13 07:04:17.793,2023-01-13 15:04:10.490,JENNA.REYES,NULL,0,NULL,NULL,2022-12-28 12:50:49.277,cs_updates,2023-01-23 14:43:53.833,dataentry,NULL,ad61d799-117f-4ff6-bd20-05086a0c0fe9,909d8404-aded-4995-925b-f22ecf374013,0,NULL,NULL,1,0,NULL,ad61d799-117f-4ff6-bd20-05086a0c0fe9,NULL,NOTICE OF GEOPHYSICAL PERMIT AND OPTION TO ACQUIRE OIL GAS AND MINERAL LEASE,3,NULL,69879,445,22,St. Landry,0,1,NULL,NULL,NULL,NULL,500,500,500,NULL,NULL,NULL,0,0,1,326,NULL,1,NULL,la/st landry,22,LOUISIANA,LA
1227708,St. Landry,LOUISIANA,35281b7d-ce97-4bf9-b4c7-f0e0bb6bf89b,s3://enverus-courthouse-prod-chd-plants/la/st landry/3528/35281b7d-ce97-4bf9-b4c7-f0e0bb6bf89b.pdf,3,104266,2026-07-02 11:00:09.890,LND-8093,35281b7d-ce97-4bf9-b4c7-f0e0bb6bf89b,\\smb.dc2isilon.na.drillinginfo.com\lease_data_entry\data_sources\nondigital_data\updates\ST_LANDRY_UPDATES_202212141432_0,\\smb.dc2isilon.na.drillinginfo.com\CS_TitleImages\CountyScansTitleImages\gpdm_imagestore\St. Landry_IMAGES\3528,35281b7d-ce97-4bf9-b4c7-f0e0bb6bf89b.pdf,.pdf,.pdf,12,2022-12-28 12:50:46.177,NULL,445,22,NULL,NULL,28,2022-12-28 12:50:46.177,1,NULL,NULL,4,642,642,2023-01-15 23:10:08.017,2023-01-15 23:10:08.017,378,2023-01-23 16:11:54.583,1,0,0,0,(LP 01/13)invalid combination:65/7S/5E,"(JR 01/13) Add in Remarks: Sec 65, T7S, R5E could not be confirmed with research.",NULL,0,NULL,2022-03-23 00:00:00.000,2020-09-23 00:00:00.000,SMEM,1227708,2020-09-23 00:00:00.000,2022-03-23 00:00:00.000,"SEC 65, T7S, R5E COULD NOT BE CONFIRMED WITH RESEARCH",0,243.9,0,0,No Data,NULL,NULL,0,NULL,NULL,NULL,0,0,5,Years,1,NULL,0,NULL,NULL,NULL,NULL,0,NULL,NULL,NULL,NULL,2023-01-13 08:07:19.023,2023-01-13 14:59:50.177,JENNA.REYES,NULL,0,NULL,NULL,2022-12-28 12:50:49.277,cs_updates,2023-01-23 16:11:54.597,dataentry,NULL,02fc0b95-9181-4c0e-b457-470207d1001c,b6628738-95af-431b-8568-3997d6b98c1b,0,NULL,NULL,1,0,NULL,02fc0b95-9181-4c0e-b457-470207d1001c,NULL,NOTICE OF GEOPHYSICAL PERMIT AND OPTION TO ACQUIRE OIL GAS AND MINERAL LEASE,3,NULL,69879,445,22,St. Landry,0,1,NULL,NULL,NULL,NULL,500,500,500,NULL,NULL,NULL,0,0,1,326,NULL,1,NULL,la/st landry,22,LOUISIANA,LA
1227802,St. Landry,LOUISIANA,f2f9e1f0-a31e-4534-a15e-3e5c558923b7,s3://enverus-courthouse-prod-chd-plants/la/st landry/f2f9/f2f9e1f0-a31e-4534-a15e-3e5c558923b7.pdf,3,116481,2026-07-02 11:00:10.053,LND-8093,f2f9e1f0-a31e-4534-a15e-3e5c558923b7,\\smb.dc2isilon.na.drillinginfo.com\lease_data_entry\data_sources\nondigital_data\updates\ST_LANDRY_UPDATES_202212141432_0,\\smb.dc2isilon.na.drillinginfo.com\CS_TitleImages\CountyScansTitleImages\gpdm_imagestore\St. Landry_IMAGES\f2f9,f2f9e1f0-a31e-4534-a15e-3e5c558923b7.pdf,.pdf,.pdf,12,2022-12-28 12:50:46.177,NULL,445,22,NULL,NULL,28,2022-12-28 12:50:46.177,1,NULL,NULL,4,630,630,2023-01-15 23:57:19.330,2023-01-15 23:57:19.330,378,2023-01-23 16:20:50.077,1,0,0,0,(HO 01/13) Please adise how shoul I capture land and deed references here,(JR 01/13) Index the STRs and capture the TGA. No references can be entered.,NULL,0,NULL,2022-03-24 00:00:00.000,2020-09-23 00:00:00.000,SMEM,1227802,2020-09-23 00:00:00.000,2022-03-24 00:00:00.000,NULL,0,54.138,0,0,No Data,NULL,NULL,0,NULL,NULL,NULL,0,0,5,Years,1,NULL,0,NULL,NULL,NULL,NULL,0,NULL,NULL,NULL,NULL,2023-01-13 08:38:00.383,2023-01-13 15:13:44.123,JENNA.REYES,NULL,-1,NULL,NULL,2022-12-28 12:50:49.277,cs_updates,2023-01-23 16:20:50.090,dataentry,NULL,ad61d799-117f-4ff6-bd20-05086a0c0fe9,95913ff9-a725-4f76-b7dd-649077fcd3d7,0,NULL,NULL,1,0,NULL,ad61d799-117f-4ff6-bd20-05086a0c0fe9,NULL,NOTICE OF GEOPHYSICAL PERMIT AND OPTION TO ACQUIRE OIL GAS AND MINERAL LEASE,3,NULL,69879,445,22,St. Landry,0,1,NULL,NULL,NULL,NULL,500,500,500,NULL,NULL,NULL,0,0,1,326,NULL,1,NULL,la/st landry,22,LOUISIANA,LA
1227818,St. Landry,LOUISIANA,ce046a1a-02a4-4b2f-9dfe-a7313ac4d2eb,s3://enverus-courthouse-prod-chd-plants/la/st landry/ce04/ce046a1a-02a4-4b2f-9dfe-a7313ac4d2eb.pdf,3,107688,2026-07-02 11:00:05.050,LND-8093,ce046a1a-02a4-4b2f-9dfe-a7313ac4d2eb,\\smb.dc2isilon.na.drillinginfo.com\lease_data_entry\data_sources\nondigital_data\updates\ST_LANDRY_UPDATES_202212141432_0,\\smb.dc2isilon.na.drillinginfo.com\CS_TitleImages\CountyScansTitleImages\gpdm_imagestore\St. Landry_IMAGES\ce04,ce046a1a-02a4-4b2f-9dfe-a7313ac4d2eb.pdf,.pdf,.pdf,12,2022-12-28 12:50:46.177,NULL,445,22,NULL,NULL,28,2022-12-28 12:50:46.177,1,NULL,NULL,4,642,642,2023-01-15 23:17:01.023,2023-01-15 23:17:01.023,378,2023-01-24 09:12:20.183,1,0,0,0,(LP 01/13) invalid STR 42/5S/4E,"(JR 01/13) Add in Remarks: Sec 42, T5S, R4E could not be confirmed with research.",NULL,0,NULL,2022-03-24 00:00:00.000,2020-09-30 00:00:00.000,SMEM,1227818,2020-09-30 00:00:00.000,2022-03-24 00:00:00.000,"SEC 42, T5S, R4E COULD NOT BE CONFIRMED WITH RESEARCH.",0,53.9,0,-1,No Data,NULL,NULL,0,NULL,NULL,NULL,0,0,5,Years,1,NULL,0,NULL,NULL,NULL,NULL,0,NULL,NULL,NULL,NULL,2023-01-13 07:43:56.257,2023-01-13 15:04:24.800,JENNA.REYES,NULL,0,NULL,NULL,2022-12-28 12:50:49.277,cs_updates,2023-01-24 09:12:20.197,dataentry,NULL,02fc0b95-9181-4c0e-b457-470207d1001c,12cd6c64-4283-4cef-9a4e-958279663f64,0,NULL,NULL,1,0,NULL,02fc0b95-9181-4c0e-b457-470207d1001c,NULL,NOTICE OF GEOPHYSICAL PERMIT AND OPTION TO ACQUIRE OIL GAS AND MINERAL LEASE,3,NULL,69879,445,22,St. Landry,0,1,NULL,NULL,NULL,NULL,500,500,500,NULL,NULL,NULL,0,0,1,326,NULL,1,NULL,la/st landry,22,LOUISIANA,LA
1227821,St. Landry,LOUISIANA,db37ece7-d8c2-4d5e-99b2-1e91e62a728e,s3://enverus-courthouse-prod-chd-plants/la/st landry/db37/db37ece7-d8c2-4d5e-99b2-1e91e62a728e.pdf,3,113628,2026-07-02 11:00:08.010,LND-8093,db37ece7-d8c2-4d5e-99b2-1e91e62a728e,\\smb.dc2isilon.na.drillinginfo.com\lease_data_entry\data_sources\nondigital_data\updates\ST_LANDRY_UPDATES_202212141432_0,\\smb.dc2isilon.na.drillinginfo.com\CS_TitleImages\CountyScansTitleImages\gpdm_imagestore\St. Landry_IMAGES\db37,db37ece7-d8c2-4d5e-99b2-1e91e62a728e.pdf,.pdf,.pdf,12,2022-12-28 12:50:46.177,NULL,445,22,NULL,NULL,28,2022-12-28 12:50:46.177,1,NULL,NULL,4,631,631,2023-01-15 23:21:12.060,2023-01-15 23:21:12.060,378,2023-01-24 11:24:22.433,1,0,0,0,(ZK 1/13) Cannot submit: Invalid STR,(JR 01/13) Select Land Desc NA box and add in Remarks: STR could not be confirmed with research.,NULL,0,NULL,2022-03-24 00:00:00.000,2021-01-15 00:00:00.000,SMEM,1227821,2021-01-15 00:00:00.000,2022-03-24 00:00:00.000,#STR COULD NOT BE CONFIRMED WITH RESEARCH,0,5,0,-1,No Data,NULL,NULL,0,NULL,NULL,NULL,0,0,5,Years,1,NULL,0,NULL,NULL,NULL,NULL,0,NULL,NULL,NULL,NULL,2023-01-13 08:16:35.317,2023-01-13 15:11:22.827,JENNA.REYES,NULL,0,NULL,NULL,2022-12-28 12:50:49.277,cs_updates,2023-01-24 11:24:22.510,dataentry,NULL,a299db03-6688-4cc6-8ccb-f38bc7fe0ec9,13ce34c1-ea94-47c0-8917-5a8abc21d895,0,NULL,NULL,1,0,NULL,a299db03-6688-4cc6-8ccb-f38bc7fe0ec9,NULL,NOTICE OF GEOPHYSICAL PERMIT AND OPTION TO ACQUIRE OIL GAS AND MINERAL LEASE,3,NULL,69879,445,22,St. Landry,0,1,NULL,NULL,NULL,NULL,500,500,500,NULL,NULL,NULL,0,0,1,326,NULL,1,NULL,la/st landry,22,LOUISIANA,LA
1227831,St. Landry,LOUISIANA,2f06ab6f-1514-4e11-81a5-ee91f3ee53c0,s3://enverus-courthouse-prod-chd-plants/la/st landry/2f06/2f06ab6f-1514-4e11-81a5-ee91f3ee53c0.pdf,3,108622,2026-07-02 11:00:09.597,LND-8093,2f06ab6f-1514-4e11-81a5-ee91f3ee53c0,\\smb.dc2isilon.na.drillinginfo.com\lease_data_entry\data_sources\nondigital_data\updates\ST_LANDRY_UPDATES_202212141432_0,\\smb.dc2isilon.na.drillinginfo.com\CS_TitleImages\CountyScansTitleImages\gpdm_imagestore\St. Landry_IMAGES\2f06,2f06ab6f-1514-4e11-81a5-ee91f3ee53c0.pdf,.pdf,.pdf,12,2022-12-28 12:50:46.177,NULL,445,22,NULL,NULL,28,2022-12-28 12:50:46.177,1,NULL,NULL,4,630,630,2023-01-15 23:34:43.510,2023-01-15 23:34:43.510,378,2023-01-25 14:58:38.710,1,0,0,0,(HO 01/13) Missing range 5E for section 2 / township 6S,"(JR 01/13) Add in Remarks: Sec 2, T6S, R5E could not be confirmed with research.",NULL,0,NULL,2022-03-24 00:00:00.000,2021-01-10 00:00:00.000,SMEM,1227831,2021-01-10 00:00:00.000,2022-03-24 00:00:00.000,"SEC 2, T6S, R5E COULD NOT BE CONFIRMED WITH RESEARCH",0,33.13,0,0,No Data,NULL,NULL,0,NULL,NULL,NULL,0,0,5,Years,1,NULL,0,NULL,NULL,NULL,NULL,0,NULL,NULL,NULL,NULL,2023-01-13 08:10:51.273,2023-01-13 14:57:18.883,JENNA.REYES,NULL,0,NULL,NULL,2022-12-28 12:50:49.277,cs_updates,2023-01-25 14:58:38.727,dataentry,NULL,ad61d799-117f-4ff6-bd20-05086a0c0fe9,071c9c8d-81b7-48b5-9a60-4cbe57b710fe,0,NULL,NULL,1,0,NULL,ad61d799-117f-4ff6-bd20-05086a0c0fe9,NULL,NOTICE OF GEOPHYSICAL PERMIT AND OPTION TO ACQUIRE OIL GAS AND MINERAL LEASE,3,NULL,69879,445,22,St. Landry,0,1,NULL,NULL,NULL,NULL,500,500,500,NULL,NULL,NULL,0,0,1,326,NULL,1,NULL,la/st landry,22,LOUISIANA,LA
1227817,St. Landry,LOUISIANA,893537e6-72a7-4cf2-8ddd-af7dc47523c1,s3://enverus-courthouse-prod-chd-plants/la/st landry/8935/893537e6-72a7-4cf2-8ddd-af7dc47523c1.pdf,3,120723,2026-07-02 11:00:10.593,LND-8093,893537e6-72a7-4cf2-8ddd-af7dc47523c1,\\smb.dc2isilon.na.drillinginfo.com\lease_data_entry\data_sources\nondigital_data\updates\ST_LANDRY_UPDATES_202212141432_0,\\smb.dc2isilon.na.drillinginfo.com\CS_TitleImages\CountyScansTitleImages\gpdm_imagestore\St. Landry_IMAGES\8935,893537e6-72a7-4cf2-8ddd-af7dc47523c1.pdf,.pdf,.pdf,12,2022-12-28 12:50:46.177,NULL,445,22,NULL,NULL,28,2022-12-28 12:50:46.177,1,NULL,NULL,4,635,635,2023-01-16 00:36:39.250,2023-01-16 00:36:39.250,NULL,NULL,0,0,0,0,(I M 1/13) is section 104 from a different county?,"(JR 01/13) Only capture sec 19. Add in Remarks: Sec 104 cannot be confirmed for T7S, R5E.",NULL,0,NULL,2022-03-24 00:00:00.000,2020-09-11 00:00:00.000,SMEM,1227817,2020-09-11 00:00:00.000,2022-03-24 00:00:00.000,"SEC 104 CANNOT BE CONFIRMED FOR T7S, R5E.",0,13.267,0,0,No Data,NULL,NULL,0,NULL,NULL,NULL,0,0,5,Years,1,NULL,0,NULL,NULL,NULL,NULL,0,NULL,NULL,NULL,NULL,2023-01-13 05:48:59.710,2023-01-13 13:36:14.183,JENNA.REYES,NULL,0,NULL,NULL,2022-12-28 12:50:49.277,cs_updates,2023-01-30 09:44:59.243,NA\nathaniel.munguia,NULL,22fe26a8-0c7e-42f6-a410-492abbcfd2ef,NULL,0,NULL,NULL,1,0,NULL,22fe26a8-0c7e-42f6-a410-492abbcfd2ef,NULL,NOTICE OF GEOPHYSICAL PERMIT AND OPTION TO ACQUIRE OIL GAS AND MINERAL LEASE,3,NULL,69879,445,22,St. Landry,0,1,NULL,NULL,NULL,NULL,500,500,500,NULL,NULL,NULL,0,0,1,326,NULL,1,NULL,la/st landry,22,LOUISIANA,LA
200654727,Guadalupe,TEXAS,f98d1a0d-f424-4c8c-8e78-8940fc64ef3a,s3://enverus-courthouse-prod-chd-plants/tx/guadalupe/f98d/f98d1a0d-f424-4c8c-8e78-8940fc64ef3a.pdf,3,107135,2026-07-13 07:56:56.610,LND-8093,f98d1a0d-f424-4c8c-8e78-8940fc64ef3a,\\smb.dc2isilon.na.drillinginfo.com\lease_data_entry\data_sources\nondigital_data\historical\Guadalupe_HISTORICAL_202106081512_0,\\aus2-cs-fss01.na.drillinginfo.com\CS_TitleImages\CountyScansTitleImages\gpdm_imagestore\Guadalupe_IMAGES\f98d,f98d1a0d-f424-4c8c-8e78-8940fc64ef3a.pdf,.pdf,.pdf,20,2021-06-08 16:18:10.537,27,94,48,00114,0294,16,2021-06-08 16:18:10.537,1,NULL,NULL,4,435,435,2023-11-27 16:04:13.777,2023-11-27 16:04:13.777,NULL,NULL,0,0,0,0,(NPT 06/09) Needs Rescan: Lessor/Lessee with address and Land description are illegible on Page 1. Thank you,NULL,NULL,0,NULL,2006-12-11 00:00:00.000,2006-09-19 00:00:00.000,OGL,200654727,2006-09-19 00:00:00.000,2006-12-11 00:00:00.000,NULL,0,NULL,0,0,NULL,NULL,NULL,0,NULL,NULL,NULL,0,0,5,Years,1,0.125,0,NULL,NULL,NULL,NULL,0,NULL,NULL,NULL,NULL,2021-06-08 21:40:09.200,NULL,NULL,NULL,0,NULL,NULL,2021-06-08 16:18:53.790,cs_updates,2023-11-28 00:04:26.867,cs_updates,NULL,NULL,NULL,0,NULL,NULL,1,1,NULL,NULL,NULL,OIL & GAS LEASE,3,$10.00,72700,94,48,Guadalupe,500,0,NULL,NULL,0,NULL,500,500,500,NULL,NULL,NULL,1,0,0,92,NULL,1,1,NULL,48,TEXAS,TX
202400783,Cavalier,NORTH DAKOTA,f2cc5b72-c8a5-4013-a3bd-ea9e302cdeac,s3://enverus-courthouse-prod-chd-plants/nd/cavalier/f2cc/f2cc5b72-c8a5-4013-a3bd-ea9e302cdeac.pdf,186,14860402,2026-07-02 10:55:24.873,LND-8093,f2cc5b72-c8a5-4013-a3bd-ea9e302cdeac,\\aus2-cs-fss01.na.drillinginfo.com\lease_data_entry\_DEV\CS_TitleImages\CountyScansTitleImages\gpdm_imagestore\BLM_STATE\f2cc,\\aus2-cs-fss01.na.drillinginfo.com\lease_data_entry\_DEV\CS_TitleImages\CountyScansTitleImages\gpdm_imagestore\BLM_STATE\f2cc,f2cc5b72-c8a5-4013-a3bd-ea9e302cdeac,.pdf,.pdf,12,2024-09-13 15:43:20.720,NULL,815,38,NULL,NULL,16,2024-09-13 15:43:20.720,1,NULL,NULL,4,846,846,2024-09-16 01:03:34.630,2024-09-16 01:03:34.630,NULL,NULL,0,0,0,0,NULL,NULL,NULL,0,NULL,2024-08-14 00:00:00.000,NULL,OGL,202400783,2024-08-14 00:00:00.000,2024-08-14 00:00:00.000,NULL,0,160,0,0,No Data,NULL,NULL,0,NULL,NULL,NULL,0,-1,5,Years,1,0.1666,1,1,NULL,NULL,NULL,0,NULL,NULL,NULL,NULL,NULL,NULL,NULL,NULL,-1,NULL,NULL,2024-09-13 15:43:20.547,cs_updates,2024-09-16 04:00:32.240,NA\di-mssql-engine,NULL,NULL,NULL,0,NULL,NULL,1,0,0,NULL,OG2400783,OIL & GAS LEASE,186,NULL,72636,815,38,Cavalier,0,1,NULL,NULL,NULL,NULL,500,500,500,NULL,NULL,NULL,0,0,0,2539,NULL,1,NULL,NULL,38,NORTH DAKOTA,ND
202400784,Cavalier,NORTH DAKOTA,e2cf716a-53b5-4905-98cf-89a5adb16564,s3://enverus-courthouse-prod-chd-plants/nd/cavalier/e2cf/e2cf716a-53b5-4905-98cf-89a5adb16564.pdf,186,14860402,2026-07-02 10:55:30.830,LND-8093,e2cf716a-53b5-4905-98cf-89a5adb16564,\\aus2-cs-fss01.na.drillinginfo.com\lease_data_entry\_DEV\CS_TitleImages\CountyScansTitleImages\gpdm_imagestore\BLM_STATE\e2cf,\\aus2-cs-fss01.na.drillinginfo.com\lease_data_entry\_DEV\CS_TitleImages\CountyScansTitleImages\gpdm_imagestore\BLM_STATE\e2cf,e2cf716a-53b5-4905-98cf-89a5adb16564,.pdf,.pdf,12,2024-09-13 15:43:21.020,NULL,815,38,NULL,NULL,16,2024-09-13 15:43:21.020,1,NULL,NULL,4,840,840,2024-09-16 00:56:57.573,2024-09-16 00:56:57.573,NULL,NULL,0,0,0,0,NULL,NULL,NULL,0,NULL,2024-08-14 00:00:00.000,NULL,OGL,202400784,2024-08-14 00:00:00.000,2024-08-14 00:00:00.000,NULL,0,160,0,0,No Data,NULL,NULL,0,NULL,NULL,NULL,0,-1,5,Years,1,0.1666,1,1,NULL,NULL,NULL,0,NULL,NULL,NULL,NULL,NULL,NULL,NULL,NULL,-1,NULL,NULL,2024-09-13 15:43:20.840,cs_updates,2024-09-16 04:00:32.240,NA\di-mssql-engine,NULL,NULL,NULL,0,NULL,NULL,1,0,0,NULL,OG2400784,OIL & GAS LEASE,186,NULL,72636,815,38,Cavalier,0,1,NULL,NULL,NULL,NULL,500,500,500,NULL,NULL,NULL,0,0,0,2539,NULL,1,NULL,NULL,38,NORTH DAKOTA,ND
NM-201812-110,McMullen,TEXAS,80db494e-e73b-4c6c-81ba-741a9d890685,s3://enverus-courthouse-prod-chd-plants/tx/mcmullen/80db/80db494e-e73b-4c6c-81ba-741a9d890685.pdf,132,3197471,2026-07-13 08:44:56.067,LND-8093,80db494e-e73b-4c6c-81ba-741a9d890685,\\aus2-cs-fss01.na.drillinginfo.com\CS_TitleImages\CountyScansTitleImages\gpdm_imagestore\BLM_STATE_IMAGES\80db,\\aus2-cs-fss01.na.drillinginfo.com\CS_TitleImages\CountyScansTitleImages\gpdm_imagestore\BLM_STATE_IMAGES\80db,80db494e-e73b-4c6c-81ba-741a9d890685,.pdf,.pdf,12,2019-04-02 15:30:05.837,NULL,162,48,NULL,NULL,16,2019-04-02 15:30:05.837,1,NULL,NULL,4,439,439,2019-04-02 21:05:12.480,2019-04-02 21:05:12.480,NULL,NULL,0,0,0,0,NULL,NULL,NULL,0,NULL,2018-12-06 00:00:00.000,2018-12-06 00:00:00.000,OGL,NM-201812-110,2018-12-06 00:00:00.000,2018-12-06 00:00:00.000,NULL,0,404.77,0,-1,NULL,NULL,NULL,0,NULL,NULL,NULL,-1,0,10,Years,1,0.125,1,1.5,6001,NULL,NULL,0,NULL,NULL,NULL,NULL,NULL,NULL,NULL,NULL,-1,NULL,NULL,2019-04-02 15:30:06.560,cs_updates,2025-08-15 16:36:04.223,NA\donald.massey,NULL,NULL,NULL,0,NULL,NULL,1,0,0,NULL,NM-201812-110,NULL,NULL,NULL,72636,162,48,McMullen,500,0,NULL,NULL,0,NULL,500,500,500,NULL,NULL,NULL,1,0,0,159,NULL,1,NULL,NULL,48,TEXAS,TX
NM-201812-113,McMullen,TEXAS,064e5d99-8bfe-4157-a1c5-3724c2370b85,s3://enverus-courthouse-prod-chd-plants/tx/mcmullen/064e/064e5d99-8bfe-4157-a1c5-3724c2370b85.pdf,132,3197471,2026-07-13 08:46:53.543,LND-8093,064e5d99-8bfe-4157-a1c5-3724c2370b85,\\aus2-cs-fss01.na.drillinginfo.com\CS_TitleImages\CountyScansTitleImages\gpdm_imagestore\BLM_STATE_IMAGES\064e,\\aus2-cs-fss01.na.drillinginfo.com\CS_TitleImages\CountyScansTitleImages\gpdm_imagestore\BLM_STATE_IMAGES\064e,064e5d99-8bfe-4157-a1c5-3724c2370b85,.pdf,.pdf,12,2019-04-02 15:30:59.843,NULL,162,48,NULL,NULL,16,2019-04-02 15:30:59.843,1,NULL,NULL,4,546,546,2019-04-02 20:03:24.460,2019-04-02 20:03:24.460,NULL,NULL,0,0,0,0,NULL,NULL,NULL,0,NULL,2018-12-06 00:00:00.000,NULL,OGL,NM-201812-113,2018-12-06 00:00:00.000,2018-12-06 00:00:00.000,NULL,0,70.81,0,-1,NULL,NULL,NULL,0,NULL,NULL,NULL,-1,0,10,Years,1,0.125,1,1.5,4016,NULL,NULL,0,NULL,NULL,NULL,NULL,NULL,NULL,NULL,NULL,-1,NULL,NULL,2019-04-02 15:31:00.653,cs_updates,2025-08-15 16:36:04.223,NA\donald.massey,NULL,NULL,NULL,0,NULL,NULL,1,0,0,NULL,NM-201812-113,NULL,NULL,NULL,72636,162,48,McMullen,500,0,NULL,NULL,0,NULL,500,500,500,NULL,NULL,NULL,1,0,0,159,NULL,1,NULL,NULL,48,TEXAS,TX
NM-201812-109,McMullen,TEXAS,1218f1e7-4a3e-4b5b-aa88-7dbebdb2dab2,s3://enverus-courthouse-prod-chd-plants/tx/mcmullen/1218/1218f1e7-4a3e-4b5b-aa88-7dbebdb2dab2.pdf,132,3197471,2026-07-13 08:44:29.640,LND-8093,1218f1e7-4a3e-4b5b-aa88-7dbebdb2dab2,\\aus2-cs-fss01.na.drillinginfo.com\CS_TitleImages\CountyScansTitleImages\gpdm_imagestore\BLM_STATE_IMAGES\1218,\\aus2-cs-fss01.na.drillinginfo.com\CS_TitleImages\CountyScansTitleImages\gpdm_imagestore\BLM_STATE_IMAGES\1218,1218f1e7-4a3e-4b5b-aa88-7dbebdb2dab2,.pdf,.pdf,12,2019-04-02 15:29:50.793,NULL,162,48,NULL,NULL,16,2019-04-02 15:29:50.793,1,NULL,NULL,4,546,546,2019-04-02 19:59:29.533,2019-04-02 19:59:29.533,NULL,NULL,0,0,0,0,NULL,NULL,NULL,0,NULL,2018-12-06 00:00:00.000,NULL,OGL,NM-201812-109,2018-12-06 00:00:00.000,2018-12-06 00:00:00.000,NULL,0,260.1,0,-1,NULL,NULL,NULL,0,NULL,NULL,NULL,-1,0,10,Years,1,0.125,1,1.5,3501,NULL,NULL,0,NULL,NULL,NULL,NULL,NULL,NULL,NULL,NULL,-1,NULL,NULL,2019-04-02 15:29:51.483,cs_updates,2025-08-15 16:36:04.223,NA\donald.massey,NULL,NULL,NULL,0,NULL,NULL,1,0,0,NULL,NM-201812-109,NULL,NULL,NULL,72636,162,48,McMullen,500,0,NULL,NULL,0,NULL,500,500,500,NULL,NULL,NULL,1,0,0,159,NULL,1,NULL,NULL,48,TEXAS,TX
NM-201812-108,McMullen,TEXAS,3bfc2172-d7df-43d8-8b45-efb24d689a6c,s3://enverus-courthouse-prod-chd-plants/tx/mcmullen/3bfc/3bfc2172-d7df-43d8-8b45-efb24d689a6c.pdf,132,3197471,2026-07-13 08:57:31.707,LND-8093,3bfc2172-d7df-43d8-8b45-efb24d689a6c,\\aus2-cs-fss01.na.drillinginfo.com\CS_TitleImages\CountyScansTitleImages\gpdm_imagestore\BLM_STATE_IMAGES\3bfc,\\aus2-cs-fss01.na.drillinginfo.com\CS_TitleImages\CountyScansTitleImages\gpdm_imagestore\BLM_STATE_IMAGES\3bfc,3bfc2172-d7df-43d8-8b45-efb24d689a6c,.pdf,.pdf,12,2019-04-02 15:29:39.910,NULL,162,48,NULL,NULL,16,2019-04-02 15:29:39.910,1,NULL,NULL,4,472,472,2019-04-02 21:05:31.997,2019-04-02 21:05:31.997,295,2019-04-09 14:53:13.073,1,0,0,0,NULL,NULL,NULL,0,NULL,2018-12-06 00:00:00.000,NULL,OGL,NM-201812-108,2018-12-06 00:00:00.000,2018-12-06 00:00:00.000,NULL,0,147,0,-1,NULL,NULL,NULL,0,NULL,NULL,NULL,-1,0,10,Years,1,0.125,1,1.5,3251,NULL,NULL,0,NULL,NULL,NULL,NULL,NULL,NULL,NULL,NULL,-1,NULL,NULL,2019-04-02 15:29:40.600,cs_updates,2025-08-15 16:36:04.223,NA\donald.massey,NULL,NULL,ea1573b0-6efa-4a4d-8b19-5fe4eb13c661,0,NULL,NULL,1,0,0,NULL,NM-201812-108,NULL,NULL,NULL,72636,162,48,McMullen,500,0,NULL,NULL,0,NULL,500,500,500,NULL,NULL,NULL,1,0,0,159,NULL,1,NULL,NULL,48,TEXAS,TX
NM-201812-111,McMullen,TEXAS,1b8d765f-0d20-4a58-9ada-48b8f80fd1df,s3://enverus-courthouse-prod-chd-plants/tx/mcmullen/1b8d/1b8d765f-0d20-4a58-9ada-48b8f80fd1df.pdf,132,3197471,2026-07-13 08:55:31.627,LND-8093,1b8d765f-0d20-4a58-9ada-48b8f80fd1df,\\aus2-cs-fss01.na.drillinginfo.com\CS_TitleImages\CountyScansTitleImages\gpdm_imagestore\BLM_STATE_IMAGES\1b8d,\\aus2-cs-fss01.na.drillinginfo.com\CS_TitleImages\CountyScansTitleImages\gpdm_imagestore\BLM_STATE_IMAGES\1b8d,1b8d765f-0d20-4a58-9ada-48b8f80fd1df,.pdf,.pdf,12,2019-04-02 15:30:23.883,NULL,162,48,NULL,NULL,16,2019-04-02 15:30:23.883,1,NULL,NULL,4,461,461,2019-04-02 21:03:25.840,2019-04-02 21:03:25.840,NULL,NULL,0,0,0,0,NULL,NULL,NULL,0,NULL,2018-12-06 00:00:00.000,NULL,OGL,NM-201812-111,2018-12-06 00:00:00.000,2018-12-06 00:00:00.000,NULL,0,300,0,-1,NULL,NULL,NULL,0,NULL,NULL,NULL,-1,0,10,Years,1,0.125,1,1.5,4001,NULL,NULL,0,NULL,NULL,NULL,NULL,NULL,NULL,NULL,NULL,-1,NULL,NULL,2019-04-02 15:30:24.620,cs_updates,2025-08-15 16:36:04.223,NA\donald.massey,NULL,NULL,NULL,0,NULL,NULL,1,0,0,NULL,NM-201812-111,NULL,NULL,NULL,72636,162,48,McMullen,500,0,NULL,NULL,0,NULL,500,500,500,NULL,NULL,NULL,1,0,0,159,NULL,1,NULL,NULL,48,TEXAS,TX
NM-201812-114,McMullen,TEXAS,9dcd0169-ce07-410b-aa25-0d46e22f7cd8,s3://enverus-courthouse-prod-chd-plants/tx/mcmullen/9dcd/9dcd0169-ce07-410b-aa25-0d46e22f7cd8.pdf,132,3197471,2026-07-13 08:55:30.390,LND-8093,9dcd0169-ce07-410b-aa25-0d46e22f7cd8,\\aus2-cs-fss01.na.drillinginfo.com\CS_TitleImages\CountyScansTitleImages\gpdm_imagestore\BLM_STATE_IMAGES\9dcd,\\aus2-cs-fss01.na.drillinginfo.com\CS_TitleImages\CountyScansTitleImages\gpdm_imagestore\BLM_STATE_IMAGES\9dcd,9dcd0169-ce07-410b-aa25-0d46e22f7cd8,.pdf,.pdf,12,2019-04-02 15:31:21.207,NULL,162,48,NULL,NULL,16,2019-04-02 15:31:21.207,1,NULL,NULL,4,546,546,2019-04-02 20:04:43.733,2019-04-02 20:04:43.733,NULL,NULL,0,0,0,0,NULL,NULL,NULL,0,NULL,2018-12-06 00:00:00.000,NULL,OGL,NM-201812-114,2018-12-06 00:00:00.000,2018-12-06 00:00:00.000,NULL,0,242.84,0,-1,NULL,NULL,NULL,0,NULL,NULL,NULL,-1,0,10,Years,1,0.125,1,1.5,852,NULL,NULL,0,NULL,NULL,NULL,NULL,NULL,NULL,NULL,NULL,-1,NULL,NULL,2019-04-02 15:31:21.920,cs_updates,2025-08-15 16:36:04.223,NA\donald.massey,NULL,NULL,NULL,0,NULL,NULL,1,0,0,NULL,NM-201812-114,NULL,NULL,NULL,72636,162,48,McMullen,500,0,NULL,NULL,0,NULL,500,500,500,NULL,NULL,NULL,1,0,0,159,NULL,1,NULL,NULL,48,TEXAS,TX
NM-201812-107,McMullen,TEXAS,7d321a52-931a-4040-9ace-f084d06babf4,s3://enverus-courthouse-prod-chd-plants/tx/mcmullen/7d32/7d321a52-931a-4040-9ace-f084d06babf4.pdf,132,3197471,2026-07-13 08:46:45.233,LND-8093,7d321a52-931a-4040-9ace-f084d06babf4,\\aus2-cs-fss01.na.drillinginfo.com\CS_TitleImages\CountyScansTitleImages\gpdm_imagestore\BLM_STATE_IMAGES\7d32,\\aus2-cs-fss01.na.drillinginfo.com\CS_TitleImages\CountyScansTitleImages\gpdm_imagestore\BLM_STATE_IMAGES\7d32,7d321a52-931a-4040-9ace-f084d06babf4,.pdf,.pdf,12,2019-04-02 15:29:29.723,NULL,162,48,NULL,NULL,16,2019-04-02 15:29:29.723,1,NULL,NULL,4,461,461,2019-04-02 20:12:04.743,2019-04-02 20:12:04.743,NULL,NULL,0,0,0,0,NULL,NULL,NULL,0,NULL,2018-12-06 00:00:00.000,NULL,OGL,NM-201812-107,2018-12-06 00:00:00.000,2018-12-06 00:00:00.000,NULL,0,807,0,-1,NULL,NULL,NULL,0,NULL,NULL,NULL,-1,0,10,Years,1,0.125,1,1.5,452,NULL,NULL,0,NULL,NULL,NULL,NULL,NULL,NULL,NULL,NULL,-1,NULL,NULL,2019-04-02 15:29:30.400,cs_updates,2025-08-15 16:36:04.223,NA\donald.massey,NULL,NULL,NULL,0,NULL,NULL,1,0,0,NULL,NM-201812-107,NULL,NULL,NULL,72636,162,48,McMullen,500,0,NULL,NULL,0,NULL,500,500,500,NULL,NULL,NULL,1,0,0,159,NULL,1,NULL,NULL,48,TEXAS,TX
