recordID,countyName,stateAbbreviation,imageLocation
001f6936-94e6-4f53-9f0d-f3221e3c00ea,EOG_Lea,NM,s3://enverus-courthouse-prod-chd-plants/nm/eog_lea/001f/001f6936-94e6-4f53-9f0d-f3221e3c00ea.pdf
0024D9E2-ECD0-447B-872E-1B0A7459389F,TRAINING_Walker,TX,s3://enverus-courthouse-prod-chd-plants/tx/training_walker/0024/0024D9E2-ECD0-447B-872E-1B0A7459389F.pdf
00493749-adfc-a64b-9f96-68b975ad24df,Howard,TX,s3://enverus-courthouse-prod-chd-plants/tx/howard/0049/00493749-adfc-a64b-9f96-68b975ad24df.pdf
00b71a31-f6cb-488f-8c83-739b53d91a0a,EOG_LaSalle,TX,s3://enverus-courthouse-prod-chd-plants/tx/eog_lasalle/00b7/00b71a31-f6cb-488f-8c83-739b53d91a0a.pdf
00e52f5b-a198-11eb-b3cd-00505681224b,EOG_Lea,NM,s3://enverus-courthouse-prod-chd-plants/nm/eog_lea/00e5/00e52f5b-a198-11eb-b3cd-00505681224b.pdf
00FD1499-FD4B-4261-B9FC-CF77B38D172A,TRAINING_Reeves,TX,s3://enverus-courthouse-prod-chd-plants/tx/training_reeves/00FD/00FD1499-FD4B-4261-B9FC-CF77B38D172A.pdf
0174abc3-e504-4d86-ba99-b074ae770cf6,EOG_Gonzales,TX,s3://enverus-courthouse-prod-chd-plants/tx/eog_gonzales/0174/0174abc3-e504-4d86-ba99-b074ae770cf6.pdf
01a86102-0075-4eb5-a78a-156996531a01,EOG_Cooke,TX,s3://enverus-courthouse-prod-chd-plants/tx/eog_cooke/01a8/01a86102-0075-4eb5-a78a-156996531a01.pdf
01DD6938-5244-4FC6-B90F-ED74ABCB7143,TRAINING_Houston,TX,s3://enverus-courthouse-prod-chd-plants/tx/training_houston/01DD/01DD6938-5244-4FC6-B90F-ED74ABCB7143.pdf
01f6f9dd-15e6-4672-8dc4-b63bd6359352,EOG_Cooke,TX,s3://enverus-courthouse-prod-chd-plants/tx/eog_cooke/01f6/01f6f9dd-15e6-4672-8dc4-b63bd6359352.pdf
0212f493-142a-4493-8ab7-027c89ed019a,EOG_Cooke,TX,s3://enverus-courthouse-prod-chd-plants/tx/eog_cooke/0212/0212f493-142a-4493-8ab7-027c89ed019a.pdf
023ee676-5da0-4502-ab06-8c22227ea605,EOG_Atascosa,TX,s3://enverus-courthouse-prod-chd-plants/tx/eog_atascosa/023e/023ee676-5da0-4502-ab06-8c22227ea605.pdf
027337FC-AEC7-44D5-8BFF-A1F2F1827F54,TRAINING_Howard,TX,s3://enverus-courthouse-prod-chd-plants/tx/training_howard/0273/027337FC-AEC7-44D5-8BFF-A1F2F1827F54.pdf
028ad919-ee24-48b5-99a1-005a040e1d4c,EOG_Cooke,TX,s3://enverus-courthouse-prod-chd-plants/tx/eog_cooke/028a/028ad919-ee24-48b5-99a1-005a040e1d4c.pdf
02980400-84f8-4a15-b626-095d95d07b4e,EOG_Lea,NM,s3://enverus-courthouse-prod-chd-plants/nm/eog_lea/0298/02980400-84f8-4a15-b626-095d95d07b4e.pdf
02a0771d-13fe-40a2-b0fd-8718600aaf10,EOG_Lea,NM,s3://enverus-courthouse-prod-chd-plants/nm/eog_lea/02a0/02a0771d-13fe-40a2-b0fd-8718600aaf10.pdf
02d46f9d-5db3-4732-92c2-f46e2a395767,EOG_Lea,NM,s3://enverus-courthouse-prod-chd-plants/nm/eog_lea/02d4/02d46f9d-5db3-4732-92c2-f46e2a395767.pdf
02ef812e-f7e2-4037-9270-bf4f7f55759e,EOG_Atascosa,TX,s3://enverus-courthouse-prod-chd-plants/tx/eog_atascosa/02ef/02ef812e-f7e2-4037-9270-bf4f7f55759e.pdf
0344ac83-5884-4f05-90ae-7f2066d89bcb,EOG_Karnes,TX,s3://enverus-courthouse-prod-chd-plants/tx/eog_karnes/0344/0344ac83-5884-4f05-90ae-7f2066d89bcb.pdf
034cb7ca-0cfe-4956-be72-1fca63baf63a,EOG_Lea,NM,s3://enverus-courthouse-prod-chd-plants/nm/eog_lea/034c/034cb7ca-0cfe-4956-be72-1fca63baf63a.pdf
03a3a065-a092-4a31-ae60-bf1fb39d89be,EOG_Cooke,TX,s3://enverus-courthouse-prod-chd-plants/tx/eog_cooke/03a3/03a3a065-a092-4a31-ae60-bf1fb39d89be.pdf
03a68b29-48fb-4563-be4e-fac123feb28a,EOG_LaSalle,TX,s3://enverus-courthouse-prod-chd-plants/tx/eog_lasalle/03a6/03a68b29-48fb-4563-be4e-fac123feb28a.pdf
03cdac97-b305-4365-86bf-e10d18170e77,EOG_Cooke,TX,s3://enverus-courthouse-prod-chd-plants/tx/eog_cooke/03cd/03cdac97-b305-4365-86bf-e10d18170e77.pdf
03d1dfb8-c485-480a-a243-74082b443bb7,CHD_Lea,NM,s3://enverus-courthouse-prod-chd-plants/nm/chd_lea/03d1/03d1dfb8-c485-480a-a243-74082b443bb7.pdf
040bdae3-28cf-464f-aade-7bfec98509a8,EOG_Lea,NM,s3://enverus-courthouse-prod-chd-plants/nm/eog_lea/040b/040bdae3-28cf-464f-aade-7bfec98509a8.pdf
043cbd87-40ab-414d-acf6-052fd98931ff,EOG_LaSalle,TX,s3://enverus-courthouse-prod-chd-plants/tx/eog_lasalle/043c/043cbd87-40ab-414d-acf6-052fd98931ff.pdf
044e06e2-a701-458e-b7a4-a5629627855d,EOG_Lea,NM,s3://enverus-courthouse-prod-chd-plants/nm/eog_lea/044e/044e06e2-a701-458e-b7a4-a5629627855d.pdf
0454e05e-db3b-4278-933b-26d9c2215627,EOG_Gonzales,TX,s3://enverus-courthouse-prod-chd-plants/tx/eog_gonzales/0454/0454e05e-db3b-4278-933b-26d9c2215627.pdf
048ebf32-ee2a-4341-9396-320999f092dd,EOG_Cooke,TX,s3://enverus-courthouse-prod-chd-plants/tx/eog_cooke/048e/048ebf32-ee2a-4341-9396-320999f092dd.pdf
04a3dda5-f967-438d-938d-c95590f86c1e,Crane,TX,s3://enverus-courthouse-prod-chd-plants/tx/crane/04a3/04a3dda5-f967-438d-938d-c95590f86c1e.pdf
04b5b8c4-b383-4699-9591-115cf212119e,EOG_Atascosa,TX,s3://enverus-courthouse-prod-chd-plants/tx/eog_atascosa/04b5/04b5b8c4-b383-4699-9591-115cf212119e.pdf
04ebc65c-81f1-4013-85e5-bc6b738426be,CHD_Lea,NM,s3://enverus-courthouse-prod-chd-plants/nm/chd_lea/04eb/04ebc65c-81f1-4013-85e5-bc6b738426be.pdf
05013efa-905a-4535-b7ba-5d0dd7bc9a65,EOG_Atascosa,TX,s3://enverus-courthouse-prod-chd-plants/tx/eog_atascosa/0501/05013efa-905a-4535-b7ba-5d0dd7bc9a65.pdf
052034ad-4186-44f4-a3f5-7e8f76664734,EOG_Cooke,TX,s3://enverus-courthouse-prod-chd-plants/tx/eog_cooke/0520/052034ad-4186-44f4-a3f5-7e8f76664734.pdf
0526b56f-776d-468b-9a82-191d13b172da,EOG_Karnes,TX,s3://enverus-courthouse-prod-chd-plants/tx/eog_karnes/0526/0526b56f-776d-468b-9a82-191d13b172da.pdf
055c9604-bec3-4e22-a937-e06d062c51c2,EOG_Karnes,TX,s3://enverus-courthouse-prod-chd-plants/tx/eog_karnes/055c/055c9604-bec3-4e22-a937-e06d062c51c2.pdf
0591F4D4-6C64-43A9-B055-B32B26DFBE15,TRAINING_Midland,TX,s3://enverus-courthouse-prod-chd-plants/tx/training_midland/0591/0591F4D4-6C64-43A9-B055-B32B26DFBE15.pdf
05acb623-17c4-4533-9d23-9a51bf562c86,Crane,TX,s3://enverus-courthouse-prod-chd-plants/tx/crane/05ac/05acb623-17c4-4533-9d23-9a51bf562c86.pdf
05e8a3a6-8ba8-41a0-8e87-88fbf3fcdd2e,EOG_Cooke,TX,s3://enverus-courthouse-prod-chd-plants/tx/eog_cooke/05e8/05e8a3a6-8ba8-41a0-8e87-88fbf3fcdd2e.pdf
066b2fde-5517-42e6-a789-4fae698b7f1c,CHD_Lea,NM,s3://enverus-courthouse-prod-chd-plants/nm/chd_lea/066b/066b2fde-5517-42e6-a789-4fae698b7f1c.pdf
06812cea-120c-4bbc-8750-4ce279451299,EOG_Karnes,TX,s3://enverus-courthouse-prod-chd-plants/tx/eog_karnes/0681/06812cea-120c-4bbc-8750-4ce279451299.pdf
06959d90-39bd-4161-a599-4c851d64d3d3,EOG_Cooke,TX,s3://enverus-courthouse-prod-chd-plants/tx/eog_cooke/0695/06959d90-39bd-4161-a599-4c851d64d3d3.pdf
06cbae3d-999d-4f83-9398-b7d1c4135a1e,EOG_Lea,NM,s3://enverus-courthouse-prod-chd-plants/nm/eog_lea/06cb/06cbae3d-999d-4f83-9398-b7d1c4135a1e.pdf
070ba6d5-0685-48f0-856e-ba0c0a47ddfb,EOG_Lea,NM,s3://enverus-courthouse-prod-chd-plants/nm/eog_lea/070b/070ba6d5-0685-48f0-856e-ba0c0a47ddfb.pdf
070c1f52-5f6b-4771-ba06-712afa7c3ef1,EOG_Karnes,TX,s3://enverus-courthouse-prod-chd-plants/tx/eog_karnes/070c/070c1f52-5f6b-4771-ba06-712afa7c3ef1.pdf
071750e9-4812-48e3-8be7-e286ffaa2263,EOG_LaSalle,TX,s3://enverus-courthouse-prod-chd-plants/tx/eog_lasalle/0717/071750e9-4812-48e3-8be7-e286ffaa2263.pdf
072cb06a-15fc-4938-ba7f-3e8461a6670a,EOG_Lea,NM,s3://enverus-courthouse-prod-chd-plants/nm/eog_lea/072c/072cb06a-15fc-4938-ba7f-3e8461a6670a.pdf
07882bca-b872-42a0-8b52-acdd613061dd,EOG_Lea,NM,s3://enverus-courthouse-prod-chd-plants/nm/eog_lea/0788/07882bca-b872-42a0-8b52-acdd613061dd.pdf
07cbe58b-a4f9-4ddd-aa8f-8997cf21a1e8,CHD_Lea,NM,s3://enverus-courthouse-prod-chd-plants/nm/chd_lea/07cb/07cbe58b-a4f9-4ddd-aa8f-8997cf21a1e8.pdf
07dde53b-85b8-bb4d-8899-daab7e28a67b,Burleson,TX,s3://enverus-courthouse-prod-chd-plants/tx/burleson/07dd/07dde53b-85b8-bb4d-8899-daab7e28a67b.pdf
07ec8896-efb9-4c0d-9fab-29847bd0fa44,EOG_Lea,NM,s3://enverus-courthouse-prod-chd-plants/nm/eog_lea/07ec/07ec8896-efb9-4c0d-9fab-29847bd0fa44.pdf
07fa5d76-c2cd-4782-9ef9-d313c2f3994c,EOG_Lea,NM,s3://enverus-courthouse-prod-chd-plants/nm/eog_lea/07fa/07fa5d76-c2cd-4782-9ef9-d313c2f3994c.pdf
07FF9D2B-2308-44F5-ACD8-FB3DCF3C7C45,TRAINING_Johnson,TX,s3://enverus-courthouse-prod-chd-plants/tx/training_johnson/07FF/07FF9D2B-2308-44F5-ACD8-FB3DCF3C7C45.pdf
08117128-37AB-40AE-B80E-1455F8B0A011,TRAINING_Eddy,NM,s3://enverus-courthouse-prod-chd-plants/nm/training_eddy/0811/08117128-37AB-40AE-B80E-1455F8B0A011.pdf
081873b2-9cfe-452c-b6de-bf7b4d694d23,EOG_Karnes,TX,s3://enverus-courthouse-prod-chd-plants/tx/eog_karnes/0818/081873b2-9cfe-452c-b6de-bf7b4d694d23.pdf
0839D579-FD5B-4902-AAA6-1E1F9984C348,TRAINING_Johnson,TX,s3://enverus-courthouse-prod-chd-plants/tx/training_johnson/0839/0839D579-FD5B-4902-AAA6-1E1F9984C348.pdf
08689665-83cb-4b79-92ce-5f05d734fd74,EOG_Lea,NM,s3://enverus-courthouse-prod-chd-plants/nm/eog_lea/0868/08689665-83cb-4b79-92ce-5f05d734fd74.pdf
087ed5b8-adfe-47b7-a548-58736de55732,Houston,TX,s3://enverus-courthouse-prod-chd-plants/tx/houston/087e/087ed5b8-adfe-47b7-a548-58736de55732.pdf
088ba873-1361-42ef-9ae7-e2aea68ede73,EOG_LaSalle,TX,s3://enverus-courthouse-prod-chd-plants/tx/eog_lasalle/088b/088ba873-1361-42ef-9ae7-e2aea68ede73.pdf
08e8042b-7404-4487-9a24-3a157f0d643f,EOG_Atascosa,TX,s3://enverus-courthouse-prod-chd-plants/tx/eog_atascosa/08e8/08e8042b-7404-4487-9a24-3a157f0d643f.pdf
09350f22-7598-4f38-95d0-5cd7ade23abe,Walker,TX,s3://enverus-courthouse-prod-chd-plants/tx/walker/0935/09350f22-7598-4f38-95d0-5cd7ade23abe.pdf
0966f801-6636-cd43-a6d8-5d53c4c9be89,Howard,TX,s3://enverus-courthouse-prod-chd-plants/tx/howard/0966/0966f801-6636-cd43-a6d8-5d53c4c9be89.pdf
09762724-7273-481c-91fb-d4ee021e5173,EOG_Atascosa,TX,s3://enverus-courthouse-prod-chd-plants/tx/eog_atascosa/0976/09762724-7273-481c-91fb-d4ee021e5173.pdf
0995dbcf-dd08-4043-80d2-d9c75a4f89ef,EOG_McMullen,TX,s3://enverus-courthouse-prod-chd-plants/tx/eog_mcmullen/0995/0995dbcf-dd08-4043-80d2-d9c75a4f89ef.pdf
09c0f120-3e83-4b0d-ac8a-90b9699ed5d3,EOG_Gonzales,TX,s3://enverus-courthouse-prod-chd-plants/tx/eog_gonzales/09c0/09c0f120-3e83-4b0d-ac8a-90b9699ed5d3.pdf
09c525c2-76a9-428f-91e3-7f3839ba7570,EOG_Lea,NM,s3://enverus-courthouse-prod-chd-plants/nm/eog_lea/09c5/09c525c2-76a9-428f-91e3-7f3839ba7570.pdf
09dcff10-feb3-415a-a1cb-0634dc2bc15d,EOG_Cooke,TX,s3://enverus-courthouse-prod-chd-plants/tx/eog_cooke/09dc/09dcff10-feb3-415a-a1cb-0634dc2bc15d.pdf
09dfdc3e-55af-43ec-8314-98f37311488b,CHD_Lea,NM,s3://enverus-courthouse-prod-chd-plants/nm/chd_lea/09df/09dfdc3e-55af-43ec-8314-98f37311488b.pdf
09faa9eb-ffaf-4f82-9d02-53ceaa5fcabc,EOG_Lea,NM,s3://enverus-courthouse-prod-chd-plants/nm/eog_lea/09fa/09faa9eb-ffaf-4f82-9d02-53ceaa5fcabc.pdf
09fe0155-74f3-43d4-b03b-9d66070e605a,EOG_Lea,NM,s3://enverus-courthouse-prod-chd-plants/nm/eog_lea/09fe/09fe0155-74f3-43d4-b03b-9d66070e605a.pdf
0a16ed29-7d77-400c-a815-592624ca66af,EOG_Karnes,TX,s3://enverus-courthouse-prod-chd-plants/tx/eog_karnes/0a16/0a16ed29-7d77-400c-a815-592624ca66af.pdf
0a44eb29-ed48-436f-bf9b-23785137c1a1,EOG_Atascosa,TX,s3://enverus-courthouse-prod-chd-plants/tx/eog_atascosa/0a44/0a44eb29-ed48-436f-bf9b-23785137c1a1.pdf
0a4acb65-3e92-4be2-a26a-98af6b7759b8,EOG_Lea,NM,s3://enverus-courthouse-prod-chd-plants/nm/eog_lea/0a4a/0a4acb65-3e92-4be2-a26a-98af6b7759b8.pdf
0aa11488-4698-4ca8-9d42-95260359cf9e,Crane,TX,s3://enverus-courthouse-prod-chd-plants/tx/crane/0aa1/0aa11488-4698-4ca8-9d42-95260359cf9e.pdf
0aac3e82-b942-4b05-87c4-67086d3df258,EOG_Lea,NM,s3://enverus-courthouse-prod-chd-plants/nm/eog_lea/0aac/0aac3e82-b942-4b05-87c4-67086d3df258.pdf
0ac3a4ac-7389-4eb9-8f87-f34b4abb96b8,EOG_Karnes,TX,s3://enverus-courthouse-prod-chd-plants/tx/eog_karnes/0ac3/0ac3a4ac-7389-4eb9-8f87-f34b4abb96b8.pdf
0ac7809e-2274-4fae-9700-57676b1786ac,EOG_Atascosa,TX,s3://enverus-courthouse-prod-chd-plants/tx/eog_atascosa/0ac7/0ac7809e-2274-4fae-9700-57676b1786ac.pdf
0ad504e1-f834-4ac9-af86-5188070b8dfc,Crane,TX,s3://enverus-courthouse-prod-chd-plants/tx/crane/0ad5/0ad504e1-f834-4ac9-af86-5188070b8dfc.pdf
0b33a7fa-4462-4177-8a66-21f42240d5b4,EOG_McMullen,TX,s3://enverus-courthouse-prod-chd-plants/tx/eog_mcmullen/0b33/0b33a7fa-4462-4177-8a66-21f42240d5b4.pdf
0b372c6e-ae51-4b96-b1de-2372f7a5eb2a,EOG_LaSalle,TX,s3://enverus-courthouse-prod-chd-plants/tx/eog_lasalle/0b37/0b372c6e-ae51-4b96-b1de-2372f7a5eb2a.pdf
0b3ca2bc-1cec-4cf2-83ad-e19aa9ce81cd,EOG_Gonzales,TX,s3://enverus-courthouse-prod-chd-plants/tx/eog_gonzales/0b3c/0b3ca2bc-1cec-4cf2-83ad-e19aa9ce81cd.pdf
0b8a3eb2-c124-4dec-af9e-22aabfff1b9c,Nueces,TX,s3://enverus-courthouse-prod-chd-plants/tx/nueces/0b8a/0b8a3eb2-c124-4dec-af9e-22aabfff1b9c.pdf
0ba1480d-3962-4d01-b78a-e827f9ee70c5,EOG_Karnes,TX,s3://enverus-courthouse-prod-chd-plants/tx/eog_karnes/0ba1/0ba1480d-3962-4d01-b78a-e827f9ee70c5.pdf
0BC49B39-F45D-46B1-A603-E05BD4483F9F,TRAINING_Jack,TX,s3://enverus-courthouse-prod-chd-plants/tx/training_jack/0BC4/0BC49B39-F45D-46B1-A603-E05BD4483F9F.pdf
0be50402-cd38-4bec-9214-93b3ec0f4c08,EOG_Cooke,TX,s3://enverus-courthouse-prod-chd-plants/tx/eog_cooke/0be5/0be50402-cd38-4bec-9214-93b3ec0f4c08.pdf
0c2f640e-d1de-496f-a975-89c01adf74b5,EOG_Lea,NM,s3://enverus-courthouse-prod-chd-plants/nm/eog_lea/0c2f/0c2f640e-d1de-496f-a975-89c01adf74b5.pdf
0c33c83e-43f8-437f-8a44-17549e0e1039,EOG_Lea,NM,s3://enverus-courthouse-prod-chd-plants/nm/eog_lea/0c33/0c33c83e-43f8-437f-8a44-17549e0e1039.pdf
0c5f585d-e54f-446c-bfe6-f87040ea9885,EOG_Lea,NM,s3://enverus-courthouse-prod-chd-plants/nm/eog_lea/0c5f/0c5f585d-e54f-446c-bfe6-f87040ea9885.pdf
0c60f559-1393-419b-842d-fad484ec3897,EOG_Gonzales,TX,s3://enverus-courthouse-prod-chd-plants/tx/eog_gonzales/0c60/0c60f559-1393-419b-842d-fad484ec3897.pdf
0c62e555-6db3-4e90-8dc5-7eb9404fba9a,EOG_McMullen,TX,s3://enverus-courthouse-prod-chd-plants/tx/eog_mcmullen/0c62/0c62e555-6db3-4e90-8dc5-7eb9404fba9a.pdf
0cbfe6c0-8474-493a-9603-7578d526b62a,EOG_Lea,NM,s3://enverus-courthouse-prod-chd-plants/nm/eog_lea/0cbf/0cbfe6c0-8474-493a-9603-7578d526b62a.pdf
0cc8137a-34bb-4086-80cb-2096a79b2d0f,EOG_Karnes,TX,s3://enverus-courthouse-prod-chd-plants/tx/eog_karnes/0cc8/0cc8137a-34bb-4086-80cb-2096a79b2d0f.pdf
0ce0a24d-a56d-4c0e-b82f-f80b4614c9e0,EOG_Lea,NM,s3://enverus-courthouse-prod-chd-plants/nm/eog_lea/0ce0/0ce0a24d-a56d-4c0e-b82f-f80b4614c9e0.pdf
0CE9E695-7F2E-4628-BB1A-6EDFAF7C3D95,TRAINING_Crockett,TX,s3://enverus-courthouse-prod-chd-plants/tx/training_crockett/0CE9/0CE9E695-7F2E-4628-BB1A-6EDFAF7C3D95.pdf
0d1e0190-6ad0-492e-b0a4-19d2cef38b1d,EOG_Cooke,TX,s3://enverus-courthouse-prod-chd-plants/tx/eog_cooke/0d1e/0d1e0190-6ad0-492e-b0a4-19d2cef38b1d.pdf
0d2341f8-db9b-4fdf-836d-50469f9e3f6e,EOG_Lea,NM,s3://enverus-courthouse-prod-chd-plants/nm/eog_lea/0d23/0d2341f8-db9b-4fdf-836d-50469f9e3f6e.pdf
0d662ae8-c7b9-4bf0-ad36-8f72eee2b312,EOG_Cooke,TX,s3://enverus-courthouse-prod-chd-plants/tx/eog_cooke/0d66/0d662ae8-c7b9-4bf0-ad36-8f72eee2b312.pdf
0d6f8f76-9356-4a3d-b721-ea5272f01f4c,EOG_Karnes,TX,s3://enverus-courthouse-prod-chd-plants/tx/eog_karnes/0d6f/0d6f8f76-9356-4a3d-b721-ea5272f01f4c.pdf
0d78a09a-1973-408b-aca3-ed2bb153f575,CHD_Lea,NM,s3://enverus-courthouse-prod-chd-plants/nm/chd_lea/0d78/0d78a09a-1973-408b-aca3-ed2bb153f575.pdf
0d8380fa-bb09-4acf-bb88-ddf35ed3d39e,EOG_Lea,NM,s3://enverus-courthouse-prod-chd-plants/nm/eog_lea/0d83/0d8380fa-bb09-4acf-bb88-ddf35ed3d39e.pdf
0DAB0FB3-B767-4F82-AFF3-63825E130704,TRAINING_Eddy,NM,s3://enverus-courthouse-prod-chd-plants/nm/training_eddy/0DAB/0DAB0FB3-B767-4F82-AFF3-63825E130704.pdf
0dc760d4-d1d8-44b4-b911-22e185585b7c,CHD_Lea,NM,s3://enverus-courthouse-prod-chd-plants/nm/chd_lea/0dc7/0dc760d4-d1d8-44b4-b911-22e185585b7c.pdf
0e1107f1-b3ce-4840-9dfe-42e850a6f03e,Glasscock,TX,s3://enverus-courthouse-prod-chd-plants/tx/glasscock/0e11/0e1107f1-b3ce-4840-9dfe-42e850a6f03e.pdf
0e17f1dd-d68a-47b9-87d0-6d3dda18db59,EOG_Lea,NM,s3://enverus-courthouse-prod-chd-plants/nm/eog_lea/0e17/0e17f1dd-d68a-47b9-87d0-6d3dda18db59.pdf
0e22ef40-7e8b-4cbe-a944-d53722966477,EOG_Lea,NM,s3://enverus-courthouse-prod-chd-plants/nm/eog_lea/0e22/0e22ef40-7e8b-4cbe-a944-d53722966477.pdf
0E38BAFD-F040-4E34-AF8B-90319AC550DB,TRAINING_Ward,TX,s3://enverus-courthouse-prod-chd-plants/tx/training_ward/0E38/0E38BAFD-F040-4E34-AF8B-90319AC550DB.pdf
0e697ab1-8db3-4fa6-a87e-228ca5701cf7,EOG_Cooke,TX,s3://enverus-courthouse-prod-chd-plants/tx/eog_cooke/0e69/0e697ab1-8db3-4fa6-a87e-228ca5701cf7.pdf
0e6c2348-f78a-4ba5-8dbf-788a9182e3a8,EOG_Cooke,TX,s3://enverus-courthouse-prod-chd-plants/tx/eog_cooke/0e6c/0e6c2348-f78a-4ba5-8dbf-788a9182e3a8.pdf
0eaaa81e-9824-4bbe-862e-8ff3a2ef92b2,EOG_Atascosa,TX,s3://enverus-courthouse-prod-chd-plants/tx/eog_atascosa/0eaa/0eaaa81e-9824-4bbe-862e-8ff3a2ef92b2.pdf
0ebf1241-0901-4caf-94aa-10dacb281bbf,EOG_Lea,NM,s3://enverus-courthouse-prod-chd-plants/nm/eog_lea/0ebf/0ebf1241-0901-4caf-94aa-10dacb281bbf.pdf
0ed2716d-842a-45cf-9293-3ad968393424,Houston,TX,s3://enverus-courthouse-prod-chd-plants/tx/houston/0ed2/0ed2716d-842a-45cf-9293-3ad968393424.pdf
0ed292bb-2a22-4fcc-83f2-b2457505afa5,CHD_Lea,NM,s3://enverus-courthouse-prod-chd-plants/nm/chd_lea/0ed2/0ed292bb-2a22-4fcc-83f2-b2457505afa5.pdf
0ed5c15a-24de-4ef8-904d-98b5cd1dd621,CHD_Lea,NM,s3://enverus-courthouse-prod-chd-plants/nm/chd_lea/0ed5/0ed5c15a-24de-4ef8-904d-98b5cd1dd621.pdf
0ee6390e-bd75-4fce-ad43-cce3742a5bd7,EOG_Cooke,TX,s3://enverus-courthouse-prod-chd-plants/tx/eog_cooke/0ee6/0ee6390e-bd75-4fce-ad43-cce3742a5bd7.pdf
0EE78134-A16B-4F78-A0CC-8A8D207ACC46,TRAINING_Tyler,TX,s3://enverus-courthouse-prod-chd-plants/tx/training_tyler/0EE7/0EE78134-A16B-4F78-A0CC-8A8D207ACC46.pdf
0F0E44B9-83B3-424A-B6F2-058AEE48737A,TRAINING_Reagan,TX,s3://enverus-courthouse-prod-chd-plants/tx/training_reagan/0F0E/0F0E44B9-83B3-424A-B6F2-058AEE48737A.pdf
0F51FB71-039E-4C45-8732-10338E405D58,TRAINING_Jasper,TX,s3://enverus-courthouse-prod-chd-plants/tx/training_jasper/0F51/0F51FB71-039E-4C45-8732-10338E405D58.pdf
0f98f767-1085-4f97-850d-46067ed883aa,EOG_Cooke,TX,s3://enverus-courthouse-prod-chd-plants/tx/eog_cooke/0f98/0f98f767-1085-4f97-850d-46067ed883aa.pdf
0fcb7268-0e93-4be2-af98-406cc3219721,Hood,TX,s3://enverus-courthouse-prod-chd-plants/tx/hood/0fcb/0fcb7268-0e93-4be2-af98-406cc3219721.pdf
0fdf1d85-f014-47dc-bf6b-065ecbcf45b5,Lea,NM,s3://enverus-courthouse-prod-chd-plants/nm/lea/0fdf/0fdf1d85-f014-47dc-bf6b-065ecbcf45b5.pdf
1011b07a-7f48-481a-aa88-cfb9644d25ed,EOG_Lea,NM,s3://enverus-courthouse-prod-chd-plants/nm/eog_lea/1011/1011b07a-7f48-481a-aa88-cfb9644d25ed.pdf
10141110-5744-4076-910f-dfbf32138263,EOG_Karnes,TX,s3://enverus-courthouse-prod-chd-plants/tx/eog_karnes/1014/10141110-5744-4076-910f-dfbf32138263.pdf
1036B664-27EA-46A3-AA97-74FF0676E63C,TRAINING_Johnson,TX,s3://enverus-courthouse-prod-chd-plants/tx/training_johnson/1036/1036B664-27EA-46A3-AA97-74FF0676E63C.pdf
1067e414-6b26-4811-bae7-fd7b792e2359,EOG_Karnes,TX,s3://enverus-courthouse-prod-chd-plants/tx/eog_karnes/1067/1067e414-6b26-4811-bae7-fd7b792e2359.pdf
107cfa8d-0aea-4309-92eb-4cf8110cd6ac,EOG_Lea,NM,s3://enverus-courthouse-prod-chd-plants/nm/eog_lea/107c/107cfa8d-0aea-4309-92eb-4cf8110cd6ac.pdf
107E5703-045C-4B2F-AC37-094EA383F626,TRAINING_Johnson,TX,s3://enverus-courthouse-prod-chd-plants/tx/training_johnson/107E/107E5703-045C-4B2F-AC37-094EA383F626.pdf
10889674-1a6f-46f6-b362-fc7ce4e0046e,CHD_Lea,NM,s3://enverus-courthouse-prod-chd-plants/nm/chd_lea/1088/10889674-1a6f-46f6-b362-fc7ce4e0046e.pdf
10B207BC-17EC-42BA-A947-9CAFF259E128,TRAINING_Walker,TX,s3://enverus-courthouse-prod-chd-plants/tx/training_walker/10B2/10B207BC-17EC-42BA-A947-9CAFF259E128.pdf
10c270b4-bbfd-4148-9fe8-dbcca629cc48,Crane,TX,s3://enverus-courthouse-prod-chd-plants/tx/crane/10c2/10c270b4-bbfd-4148-9fe8-dbcca629cc48.pdf
10FFC0BB-81F2-43E2-810B-B0A983838F6A,TRAINING_Montague,TX,s3://enverus-courthouse-prod-chd-plants/tx/training_montague/10FF/10FFC0BB-81F2-43E2-810B-B0A983838F6A.pdf
11342cd8-f650-4de2-96dd-4aeb46fc432c,EOG_Lea,NM,s3://enverus-courthouse-prod-chd-plants/nm/eog_lea/1134/11342cd8-f650-4de2-96dd-4aeb46fc432c.pdf
1158558a-4d78-4621-b47e-a7fe87f66ed0,Wetzel,WV,s3://enverus-courthouse-prod-chd-plants/wv/wetzel/1158/1158558a-4d78-4621-b47e-a7fe87f66ed0.pdf
116ac8a7-74e5-43f7-8ed0-e4828345da63,EOG_Gonzales,TX,s3://enverus-courthouse-prod-chd-plants/tx/eog_gonzales/116a/116ac8a7-74e5-43f7-8ed0-e4828345da63.pdf
116B06F2-8ABF-45B9-AF7E-E5825A5842D8,TRAINING_Pecos,TX,s3://enverus-courthouse-prod-chd-plants/tx/training_pecos/116B/116B06F2-8ABF-45B9-AF7E-E5825A5842D8.pdf
11764d13-30ae-40b3-bf8f-5b36f110daae,CHD_Lea,NM,s3://enverus-courthouse-prod-chd-plants/nm/chd_lea/1176/11764d13-30ae-40b3-bf8f-5b36f110daae.pdf
11784570-9d18-4a67-9f04-47a04b579c5a,CHD_Lea,NM,s3://enverus-courthouse-prod-chd-plants/nm/chd_lea/1178/11784570-9d18-4a67-9f04-47a04b579c5a.pdf
118db2a0-0e84-4adf-a34f-62cfd4051257,EOG_Cooke,TX,s3://enverus-courthouse-prod-chd-plants/tx/eog_cooke/118d/118db2a0-0e84-4adf-a34f-62cfd4051257.pdf
11d94b78-604a-4236-aff6-499032331468,EOG_Cooke,TX,s3://enverus-courthouse-prod-chd-plants/tx/eog_cooke/11d9/11d94b78-604a-4236-aff6-499032331468.pdf
11ec3639-390d-4813-bccb-af956a9b54e6,EOG_Atascosa,TX,s3://enverus-courthouse-prod-chd-plants/tx/eog_atascosa/11ec/11ec3639-390d-4813-bccb-af956a9b54e6.pdf
12043154-A018-4DE0-8C7A-42F0484B8A1A,TRAINING_Reeves,TX,s3://enverus-courthouse-prod-chd-plants/tx/training_reeves/1204/12043154-A018-4DE0-8C7A-42F0484B8A1A.pdf
120bc433-8b34-4286-b7ed-63f596cb87ca,Crane,TX,s3://enverus-courthouse-prod-chd-plants/tx/crane/120b/120bc433-8b34-4286-b7ed-63f596cb87ca.pdf
1216c2ab-fc6f-7648-bd8a-4b8eba6bd9f1,Andrews,TX,s3://enverus-courthouse-prod-chd-plants/tx/andrews/1216/1216c2ab-fc6f-7648-bd8a-4b8eba6bd9f1.pdf
12252390-5749-4e8b-b2cf-e3a6bd5d9af9,EOG_Atascosa,TX,s3://enverus-courthouse-prod-chd-plants/tx/eog_atascosa/1225/12252390-5749-4e8b-b2cf-e3a6bd5d9af9.pdf
1264840a-50e6-4a6d-99a8-6c3f934f3f05,EOG_Lea,NM,s3://enverus-courthouse-prod-chd-plants/nm/eog_lea/1264/1264840a-50e6-4a6d-99a8-6c3f934f3f05.pdf
12686d8a-ad0a-46d0-bb39-ab6341c9e9ca,EOG_Atascosa,TX,s3://enverus-courthouse-prod-chd-plants/tx/eog_atascosa/1268/12686d8a-ad0a-46d0-bb39-ab6341c9e9ca.pdf
126e8175-f541-45e3-b87e-6b7a7346dacf,EOG_Cooke,TX,s3://enverus-courthouse-prod-chd-plants/tx/eog_cooke/126e/126e8175-f541-45e3-b87e-6b7a7346dacf.pdf
12845da0-2545-4288-b674-906696aa307e,EOG_Lea,NM,s3://enverus-courthouse-prod-chd-plants/nm/eog_lea/1284/12845da0-2545-4288-b674-906696aa307e.pdf
134dbf06-8255-475d-ad30-453c9bd6886a,EOG_Karnes,TX,s3://enverus-courthouse-prod-chd-plants/tx/eog_karnes/134d/134dbf06-8255-475d-ad30-453c9bd6886a.pdf
1369e106-6ed3-4eca-912f-fc34e059ef5d,EOG_Cooke,TX,s3://enverus-courthouse-prod-chd-plants/tx/eog_cooke/1369/1369e106-6ed3-4eca-912f-fc34e059ef5d.pdf
136D0454-010B-4C6A-B673-9742F2215FAD,TRAINING_Johnson,TX,s3://enverus-courthouse-prod-chd-plants/tx/training_johnson/136D/136D0454-010B-4C6A-B673-9742F2215FAD.pdf
13803b5f-7b28-4d1e-b5fa-ca130235fd63,EOG_Atascosa,TX,s3://enverus-courthouse-prod-chd-plants/tx/eog_atascosa/1380/13803b5f-7b28-4d1e-b5fa-ca130235fd63.pdf
138914f9-0df6-466e-9947-f71799ec612b,EOG_Karnes,TX,s3://enverus-courthouse-prod-chd-plants/tx/eog_karnes/1389/138914f9-0df6-466e-9947-f71799ec612b.pdf
138e1b6e-826f-4bbf-8e92-01334fd9566c,EOG_McMullen,TX,s3://enverus-courthouse-prod-chd-plants/tx/eog_mcmullen/138e/138e1b6e-826f-4bbf-8e92-01334fd9566c.pdf
13937190-f0cd-42bd-af79-4af373ea562c,EOG_Lea,NM,s3://enverus-courthouse-prod-chd-plants/nm/eog_lea/1393/13937190-f0cd-42bd-af79-4af373ea562c.pdf
13a8a107-6c22-11e8-8071-00505681224b,Amite,MS,s3://enverus-courthouse-prod-chd-plants/ms/amite/13a8/13a8a107-6c22-11e8-8071-00505681224b.pdf
13d2966c-7419-490c-96ca-7b1b1cde4e63,EOG_Karnes,TX,s3://enverus-courthouse-prod-chd-plants/tx/eog_karnes/13d2/13d2966c-7419-490c-96ca-7b1b1cde4e63.pdf
13ed310c-02de-4e22-a141-9d557ec07897,CHD_Lea,NM,s3://enverus-courthouse-prod-chd-plants/nm/chd_lea/13ed/13ed310c-02de-4e22-a141-9d557ec07897.pdf
13fd3050-3d1e-41eb-a41f-317a891c97f0,CHD_Lea,NM,s3://enverus-courthouse-prod-chd-plants/nm/chd_lea/13fd/13fd3050-3d1e-41eb-a41f-317a891c97f0.pdf
140ef606-61a6-4440-ade9-ed51637d29ae,CHD_Lea,NM,s3://enverus-courthouse-prod-chd-plants/nm/chd_lea/140e/140ef606-61a6-4440-ade9-ed51637d29ae.pdf
1424c62f-246b-46b8-8c70-177a03726339,EOG_Cooke,TX,s3://enverus-courthouse-prod-chd-plants/tx/eog_cooke/1424/1424c62f-246b-46b8-8c70-177a03726339.pdf
14323b60-7aaa-463c-9ff4-3e789a7b8b8b,Houston,TX,s3://enverus-courthouse-prod-chd-plants/tx/houston/1432/14323b60-7aaa-463c-9ff4-3e789a7b8b8b.pdf
1441632d-6c16-4d03-be7c-75a061d8dbee,EOG_Cooke,TX,s3://enverus-courthouse-prod-chd-plants/tx/eog_cooke/1441/1441632d-6c16-4d03-be7c-75a061d8dbee.pdf
14514317-37D2-47FC-B048-9266D0523D78,TRAINING_Karnes,TX,s3://enverus-courthouse-prod-chd-plants/tx/training_karnes/1451/14514317-37D2-47FC-B048-9266D0523D78.pdf
146575dd-d110-4875-840e-afbfad56faec,EOG_Cooke,TX,s3://enverus-courthouse-prod-chd-plants/tx/eog_cooke/1465/146575dd-d110-4875-840e-afbfad56faec.pdf
14a63bf7-15e5-4656-b148-131aa261cf0b,EOG_Gonzales,TX,s3://enverus-courthouse-prod-chd-plants/tx/eog_gonzales/14a6/14a63bf7-15e5-4656-b148-131aa261cf0b.pdf
14d9d43b-2a21-41ee-8325-71b9d18d9422,EOG_Cooke,TX,s3://enverus-courthouse-prod-chd-plants/tx/eog_cooke/14d9/14d9d43b-2a21-41ee-8325-71b9d18d9422.pdf
14fda9bf-f104-43da-975a-54e34e1be013,EOG_Lea,NM,s3://enverus-courthouse-prod-chd-plants/nm/eog_lea/14fd/14fda9bf-f104-43da-975a-54e34e1be013.pdf
1517339D-B65C-4108-960C-2FFA3A9C2B3F,TRAINING_Crockett,TX,s3://enverus-courthouse-prod-chd-plants/tx/training_crockett/1517/1517339D-B65C-4108-960C-2FFA3A9C2B3F.pdf
1523060f-44a9-47e9-8649-e755bead95f6,CHD_Lea,NM,s3://enverus-courthouse-prod-chd-plants/nm/chd_lea/1523/1523060f-44a9-47e9-8649-e755bead95f6.pdf
1548f193-e8a2-409a-ad24-6c108142ba57,EOG_Atascosa,TX,s3://enverus-courthouse-prod-chd-plants/tx/eog_atascosa/1548/1548f193-e8a2-409a-ad24-6c108142ba57.pdf
15548724-0737-47ed-a41d-82ed65fda725,EOG_Cooke,TX,s3://enverus-courthouse-prod-chd-plants/tx/eog_cooke/1554/15548724-0737-47ed-a41d-82ed65fda725.pdf
156e029b-5ac8-46ff-bf37-cd07b3754e33,EOG_Cooke,TX,s3://enverus-courthouse-prod-chd-plants/tx/eog_cooke/156e/156e029b-5ac8-46ff-bf37-cd07b3754e33.pdf
15744a14-1fc4-4a8e-9477-90dbe61fda7f,Glasscock,TX,s3://enverus-courthouse-prod-chd-plants/tx/glasscock/1574/15744a14-1fc4-4a8e-9477-90dbe61fda7f.pdf
1599ed71-d89c-40b5-b23b-80ef120d943b,EOG_Atascosa,TX,s3://enverus-courthouse-prod-chd-plants/tx/eog_atascosa/1599/1599ed71-d89c-40b5-b23b-80ef120d943b.pdf
15b298cc-c40c-4491-90f3-bedddaa491c6,EOG_McMullen,TX,s3://enverus-courthouse-prod-chd-plants/tx/eog_mcmullen/15b2/15b298cc-c40c-4491-90f3-bedddaa491c6.pdf
15c46b11-4f43-4a8f-9cde-fc350aa26d52,EOG_Lea,NM,s3://enverus-courthouse-prod-chd-plants/nm/eog_lea/15c4/15c46b11-4f43-4a8f-9cde-fc350aa26d52.pdf
15d51e19-e9f8-47d6-88fb-7affbf486ab8,EOG_Cooke,TX,s3://enverus-courthouse-prod-chd-plants/tx/eog_cooke/15d5/15d51e19-e9f8-47d6-88fb-7affbf486ab8.pdf
15d5963c-2a44-4987-a57a-731b72d53740,EOG_Karnes,TX,s3://enverus-courthouse-prod-chd-plants/tx/eog_karnes/15d5/15d5963c-2a44-4987-a57a-731b72d53740.pdf
162C9D84-39D5-4328-BA08-ADAB64918591,TRAINING_Midland,TX,s3://enverus-courthouse-prod-chd-plants/tx/training_midland/162C/162C9D84-39D5-4328-BA08-ADAB64918591.pdf
1653D3A3-8C0A-4F6B-B819-BDFEAB60A334,TRAINING_Eddy,NM,s3://enverus-courthouse-prod-chd-plants/nm/training_eddy/1653/1653D3A3-8C0A-4F6B-B819-BDFEAB60A334.pdf
165e2184-8faa-4f86-af3d-dcf0375ceac4,EOG_Cooke,TX,s3://enverus-courthouse-prod-chd-plants/tx/eog_cooke/165e/165e2184-8faa-4f86-af3d-dcf0375ceac4.pdf
16949826-14ff-441c-bbe8-d7bc6eac973f,EOG_Lea,NM,s3://enverus-courthouse-prod-chd-plants/nm/eog_lea/1694/16949826-14ff-441c-bbe8-d7bc6eac973f.pdf
169e57b3-74f6-45a7-b26f-af0fc4b397bc,CHD_Lea,NM,s3://enverus-courthouse-prod-chd-plants/nm/chd_lea/169e/169e57b3-74f6-45a7-b26f-af0fc4b397bc.pdf
16a5f70c-c2f8-4e90-a49f-72c4a1ae4093,EOG_Cooke,TX,s3://enverus-courthouse-prod-chd-plants/tx/eog_cooke/16a5/16a5f70c-c2f8-4e90-a49f-72c4a1ae4093.pdf
16b3d951-07fd-451a-8d64-1eb1df960871,EOG_Cooke,TX,s3://enverus-courthouse-prod-chd-plants/tx/eog_cooke/16b3/16b3d951-07fd-451a-8d64-1eb1df960871.pdf
16c09eb8-a11e-4584-8e57-b14f376715b3,EOG_Lea,NM,s3://enverus-courthouse-prod-chd-plants/nm/eog_lea/16c0/16c09eb8-a11e-4584-8e57-b14f376715b3.pdf
16CAD5F6-AB47-41B9-A38D-D2917EA478DB,TRAINING_Reagan,TX,s3://enverus-courthouse-prod-chd-plants/tx/training_reagan/16CA/16CAD5F6-AB47-41B9-A38D-D2917EA478DB.pdf
16e46bb4-4829-4008-96c8-7921812c59bd,EOG_Lea,NM,s3://enverus-courthouse-prod-chd-plants/nm/eog_lea/16e4/16e46bb4-4829-4008-96c8-7921812c59bd.pdf
16e8c056-371d-4ec6-933c-fb0455289905,EOG_Atascosa,TX,s3://enverus-courthouse-prod-chd-plants/tx/eog_atascosa/16e8/16e8c056-371d-4ec6-933c-fb0455289905.pdf
16F23CBC-DD40-426A-8525-C85B3A3AB844,TRAINING_LaSalle,TX,s3://enverus-courthouse-prod-chd-plants/tx/training_lasalle/16F2/16F23CBC-DD40-426A-8525-C85B3A3AB844.pdf
16f3e2eb-1eca-45af-8cad-1930da9a183c,EOG_Cooke,TX,s3://enverus-courthouse-prod-chd-plants/tx/eog_cooke/16f3/16f3e2eb-1eca-45af-8cad-1930da9a183c.pdf
171e9e6c-5407-406c-96fa-3f399f1f4e0b,EOG_Lea,NM,s3://enverus-courthouse-prod-chd-plants/nm/eog_lea/171e/171e9e6c-5407-406c-96fa-3f399f1f4e0b.pdf
177d5275-b7cb-4f81-b72b-f9aa73804dd7,EOG_Gonzales,TX,s3://enverus-courthouse-prod-chd-plants/tx/eog_gonzales/177d/177d5275-b7cb-4f81-b72b-f9aa73804dd7.pdf
1807BADD-BA81-4998-AF17-39205AB94E9B,TRAINING_Crockett,TX,s3://enverus-courthouse-prod-chd-plants/tx/training_crockett/1807/1807BADD-BA81-4998-AF17-39205AB94E9B.pdf
184b71ea-ead8-4df1-a1e9-8ecbdb4a11b2,EOG_Lea,NM,s3://enverus-courthouse-prod-chd-plants/nm/eog_lea/184b/184b71ea-ead8-4df1-a1e9-8ecbdb4a11b2.pdf
185EC95C-C633-4900-9B3C-4BCC84D8EA96,TRAINING_Houston,TX,s3://enverus-courthouse-prod-chd-plants/tx/training_houston/185E/185EC95C-C633-4900-9B3C-4BCC84D8EA96.pdf
187d8f47-1570-4e76-a92c-32b6a90c063a,CHD_Lea,NM,s3://enverus-courthouse-prod-chd-plants/nm/chd_lea/187d/187d8f47-1570-4e76-a92c-32b6a90c063a.pdf
18a29a88-5e4b-4714-9791-7814cece16b6,EOG_Lea,NM,s3://enverus-courthouse-prod-chd-plants/nm/eog_lea/18a2/18a29a88-5e4b-4714-9791-7814cece16b6.pdf
18bab263-9a95-4aba-9567-dc14854a0b6f,EOG_Cooke,TX,s3://enverus-courthouse-prod-chd-plants/tx/eog_cooke/18ba/18bab263-9a95-4aba-9567-dc14854a0b6f.pdf
18f39198-2687-4083-87ca-f5bb015745a0,Crane,TX,s3://enverus-courthouse-prod-chd-plants/tx/crane/18f3/18f39198-2687-4083-87ca-f5bb015745a0.pdf
194CE914-806F-445D-94B0-567572FD5856,Roberts,TX,s3://enverus-courthouse-prod-chd-plants/tx/roberts/194C/194CE914-806F-445D-94B0-567572FD5856.pdf
195ad6a4-df8e-496a-8afe-26e6aa5dfdcd,Crane,TX,s3://enverus-courthouse-prod-chd-plants/tx/crane/195a/195ad6a4-df8e-496a-8afe-26e6aa5dfdcd.pdf
1972E83E-8CFA-480C-A6F4-6C8A1178E9D8,TRAINING_Crockett,TX,s3://enverus-courthouse-prod-chd-plants/tx/training_crockett/1972/1972E83E-8CFA-480C-A6F4-6C8A1178E9D8.pdf
197cfcf0-797d-11e8-a178-00505681224b,Dawson,TX,s3://enverus-courthouse-prod-chd-plants/tx/dawson/197c/197cfcf0-797d-11e8-a178-00505681224b.pdf
19f446e8-a9e2-44e6-80cd-819806daf9a8,EOG_Atascosa,TX,s3://enverus-courthouse-prod-chd-plants/tx/eog_atascosa/19f4/19f446e8-a9e2-44e6-80cd-819806daf9a8.pdf
19f4c2dc-4e1b-4982-9854-38c500fdfbda,Houston,TX,s3://enverus-courthouse-prod-chd-plants/tx/houston/19f4/19f4c2dc-4e1b-4982-9854-38c500fdfbda.pdf
19F96583-65F7-46A3-A625-D142B912697D,TRAINING_Jasper,TX,s3://enverus-courthouse-prod-chd-plants/tx/training_jasper/19F9/19F96583-65F7-46A3-A625-D142B912697D.pdf
19fd80ff-41ac-487d-a1f0-db56bfe4a977,CHD_Lea,NM,s3://enverus-courthouse-prod-chd-plants/nm/chd_lea/19fd/19fd80ff-41ac-487d-a1f0-db56bfe4a977.pdf
1a283b2f-b367-40d7-b56a-be7c5ff0675d,EOG_Lea,NM,s3://enverus-courthouse-prod-chd-plants/nm/eog_lea/1a28/1a283b2f-b367-40d7-b56a-be7c5ff0675d.pdf
1a76c810-aafe-3d49-83fa-962f80e02525,Houston,TX,s3://enverus-courthouse-prod-chd-plants/tx/houston/1a76/1a76c810-aafe-3d49-83fa-962f80e02525.pdf
1a79dc7b-f0f4-4b27-8232-d4db0f186d36,CHD_Lea,NM,s3://enverus-courthouse-prod-chd-plants/nm/chd_lea/1a79/1a79dc7b-f0f4-4b27-8232-d4db0f186d36.pdf
1a7b14e8-95ad-4804-9355-ea34ef955ba9,EOG_Lea,NM,s3://enverus-courthouse-prod-chd-plants/nm/eog_lea/1a7b/1a7b14e8-95ad-4804-9355-ea34ef955ba9.pdf
1AA53C6D-0874-4D3E-A805-0398A5B9CAFF,TRAINING_Leon,TX,s3://enverus-courthouse-prod-chd-plants/tx/training_leon/1AA5/1AA53C6D-0874-4D3E-A805-0398A5B9CAFF.pdf
1aac4ee9-151d-445c-9c4b-2813fe4fbc95,Robertson,TX,s3://enverus-courthouse-prod-chd-plants/tx/robertson/1aac/1aac4ee9-151d-445c-9c4b-2813fe4fbc95.pdf
1adacef2-24e7-473d-a69f-ad998ef83c66,EOG_Cooke,TX,s3://enverus-courthouse-prod-chd-plants/tx/eog_cooke/1ada/1adacef2-24e7-473d-a69f-ad998ef83c66.pdf
1af445fd-829e-45da-9133-3e83c5c7d86d,EOG_Cooke,TX,s3://enverus-courthouse-prod-chd-plants/tx/eog_cooke/1af4/1af445fd-829e-45da-9133-3e83c5c7d86d.pdf
1afb950e-7456-47ff-a32c-1fe3206d5414,EOG_Atascosa,TX,s3://enverus-courthouse-prod-chd-plants/tx/eog_atascosa/1afb/1afb950e-7456-47ff-a32c-1fe3206d5414.pdf
1b0b5d68-3386-4ccb-8bbc-aa5f4e9146bd,EOG_Cooke,TX,s3://enverus-courthouse-prod-chd-plants/tx/eog_cooke/1b0b/1b0b5d68-3386-4ccb-8bbc-aa5f4e9146bd.pdf
1b1d5ed8-27cf-44f3-8919-1d327b65a6ae,EOG_Atascosa,TX,s3://enverus-courthouse-prod-chd-plants/tx/eog_atascosa/1b1d/1b1d5ed8-27cf-44f3-8919-1d327b65a6ae.pdf
1b41636e-d507-4516-af5a-061107b0ebf9,EOG_Karnes,TX,s3://enverus-courthouse-prod-chd-plants/tx/eog_karnes/1b41/1b41636e-d507-4516-af5a-061107b0ebf9.pdf
1b4a24dc-a0bb-43e4-bdba-1926f58a9162,EOG_Cooke,TX,s3://enverus-courthouse-prod-chd-plants/tx/eog_cooke/1b4a/1b4a24dc-a0bb-43e4-bdba-1926f58a9162.pdf
1b5dc6f2-d733-11ec-8919-00505681224b,Lea,NM,s3://enverus-courthouse-prod-chd-plants/nm/lea/1b5d/1b5dc6f2-d733-11ec-8919-00505681224b.pdf
1b6a6ee1-c616-4524-b909-c2043a7bb9c3,EOG_Karnes,TX,s3://enverus-courthouse-prod-chd-plants/tx/eog_karnes/1b6a/1b6a6ee1-c616-4524-b909-c2043a7bb9c3.pdf
1b6be393-5a12-4c7b-8742-fc9912b00484,Houston,TX,s3://enverus-courthouse-prod-chd-plants/tx/houston/1b6b/1b6be393-5a12-4c7b-8742-fc9912b00484.pdf
1b7da82b-262b-4f4c-8f5f-89b91243c9d4,EOG_Cooke,TX,s3://enverus-courthouse-prod-chd-plants/tx/eog_cooke/1b7d/1b7da82b-262b-4f4c-8f5f-89b91243c9d4.pdf
1b861a46-abdb-45cd-a886-43eff5df6b74,Crane,TX,s3://enverus-courthouse-prod-chd-plants/tx/crane/1b86/1b861a46-abdb-45cd-a886-43eff5df6b74.pdf
1bb8a3ef-acd1-4cd7-8933-99a8dc09fd43,EOG_Lea,NM,s3://enverus-courthouse-prod-chd-plants/nm/eog_lea/1bb8/1bb8a3ef-acd1-4cd7-8933-99a8dc09fd43.pdf
1bbd9b96-f14f-4e39-8502-6e6f6eb0d773,EOG_Gonzales,TX,s3://enverus-courthouse-prod-chd-plants/tx/eog_gonzales/1bbd/1bbd9b96-f14f-4e39-8502-6e6f6eb0d773.pdf
1bd35a80-6f6d-4cf4-a2b7-5c52efce5ba1,CHD_Lea,NM,s3://enverus-courthouse-prod-chd-plants/nm/chd_lea/1bd3/1bd35a80-6f6d-4cf4-a2b7-5c52efce5ba1.pdf
1bd7f369-aad6-4b43-8242-bdf8f5a9d423,EOG_Karnes,TX,s3://enverus-courthouse-prod-chd-plants/tx/eog_karnes/1bd7/1bd7f369-aad6-4b43-8242-bdf8f5a9d423.pdf
1BFC6034-9FC1-455D-AEA9-A91FE5F9AF47,TRAINING_Eddy,NM,s3://enverus-courthouse-prod-chd-plants/nm/training_eddy/1BFC/1BFC6034-9FC1-455D-AEA9-A91FE5F9AF47.pdf
1C27FCA5-EE90-4AE2-9C90-C11ADF17C30B,TRAINING_Midland,TX,s3://enverus-courthouse-prod-chd-plants/tx/training_midland/1C27/1C27FCA5-EE90-4AE2-9C90-C11ADF17C30B.pdf
1C350C45-2026-4CB4-B945-C00D5A8532F5,TRAINING_Johnson,TX,s3://enverus-courthouse-prod-chd-plants/tx/training_johnson/1C35/1C350C45-2026-4CB4-B945-C00D5A8532F5.pdf
1c615734-26ec-4f97-80ef-9fddff95ccef,EOG_Atascosa,TX,s3://enverus-courthouse-prod-chd-plants/tx/eog_atascosa/1c61/1c615734-26ec-4f97-80ef-9fddff95ccef.pdf
1C70E518-F62B-4913-A6A0-9E9B8BC07202,TRAINING_Glasscock,TX,s3://enverus-courthouse-prod-chd-plants/tx/training_glasscock/1C70/1C70E518-F62B-4913-A6A0-9E9B8BC07202.pdf
1c9c4242-c5ef-47f2-9854-58f377e5e2b1,EOG_LaSalle,TX,s3://enverus-courthouse-prod-chd-plants/tx/eog_lasalle/1c9c/1c9c4242-c5ef-47f2-9854-58f377e5e2b1.pdf
1ca47260-e593-476c-8281-a829d8643a37,EOG_Lea,NM,s3://enverus-courthouse-prod-chd-plants/nm/eog_lea/1ca4/1ca47260-e593-476c-8281-a829d8643a37.pdf
1caa741f-7fce-4c74-ac02-9c658d64d571,CHD_Lea,NM,s3://enverus-courthouse-prod-chd-plants/nm/chd_lea/1caa/1caa741f-7fce-4c74-ac02-9c658d64d571.pdf
1CFF55F9-B897-46FF-BB14-720C9140FDFD,TRAINING_Pecos,TX,s3://enverus-courthouse-prod-chd-plants/tx/training_pecos/1CFF/1CFF55F9-B897-46FF-BB14-720C9140FDFD.pdf
1d015a5d-ab4f-4ed1-991e-46b18c329c3a,EOG_Atascosa,TX,s3://enverus-courthouse-prod-chd-plants/tx/eog_atascosa/1d01/1d015a5d-ab4f-4ed1-991e-46b18c329c3a.pdf
1D04CA3F-00F3-45CF-AAB9-C79B23CA1992,TRAINING_Crockett,TX,s3://enverus-courthouse-prod-chd-plants/tx/training_crockett/1D04/1D04CA3F-00F3-45CF-AAB9-C79B23CA1992.pdf
1d2e83c3-1e83-483b-8182-2843c3063585,CHD_Lea,NM,s3://enverus-courthouse-prod-chd-plants/nm/chd_lea/1d2e/1d2e83c3-1e83-483b-8182-2843c3063585.pdf
1d825062-7b7b-4440-af2c-f358279939da,EOG_Gonzales,TX,s3://enverus-courthouse-prod-chd-plants/tx/eog_gonzales/1d82/1d825062-7b7b-4440-af2c-f358279939da.pdf
1da80aa1-831a-46cf-86f2-e1a65eea4edd,EOG_Lea,NM,s3://enverus-courthouse-prod-chd-plants/nm/eog_lea/1da8/1da80aa1-831a-46cf-86f2-e1a65eea4edd.pdf
1df00bf3-6e7a-4ef3-a23b-f2a36e5047c8,EOG_Atascosa,TX,s3://enverus-courthouse-prod-chd-plants/tx/eog_atascosa/1df0/1df00bf3-6e7a-4ef3-a23b-f2a36e5047c8.pdf
1e150766-9f70-4813-9a52-25e7dd2c4295,Houston,TX,s3://enverus-courthouse-prod-chd-plants/tx/houston/1e15/1e150766-9f70-4813-9a52-25e7dd2c4295.pdf
1e57dc68-d616-4f2b-8670-5b388de507b2,EOG_Lea,NM,s3://enverus-courthouse-prod-chd-plants/nm/eog_lea/1e57/1e57dc68-d616-4f2b-8670-5b388de507b2.pdf
1E663A2B-FCB8-4BC3-90EC-C4D88E703838,TRAINING_Johnson,TX,s3://enverus-courthouse-prod-chd-plants/tx/training_johnson/1E66/1E663A2B-FCB8-4BC3-90EC-C4D88E703838.pdf
1e7f8c74-00e1-4b7e-93a7-c0953e5c4171,EOG_Lea,NM,s3://enverus-courthouse-prod-chd-plants/nm/eog_lea/1e7f/1e7f8c74-00e1-4b7e-93a7-c0953e5c4171.pdf
1e9133d5-19a5-4af1-b554-4979a3170fdd,EOG_Gonzales,TX,s3://enverus-courthouse-prod-chd-plants/tx/eog_gonzales/1e91/1e9133d5-19a5-4af1-b554-4979a3170fdd.pdf
1ea7ba5e-de6f-4195-b66d-0c2a9bee1299,EOG_Atascosa,TX,s3://enverus-courthouse-prod-chd-plants/tx/eog_atascosa/1ea7/1ea7ba5e-de6f-4195-b66d-0c2a9bee1299.pdf
1eac9b4e-c38e-4403-b437-2b2c564b49e6,EOG_Karnes,TX,s3://enverus-courthouse-prod-chd-plants/tx/eog_karnes/1eac/1eac9b4e-c38e-4403-b437-2b2c564b49e6.pdf
1ec98b20-3fd6-4cd6-b6bd-8dfd0ed546b1,EOG_Cooke,TX,s3://enverus-courthouse-prod-chd-plants/tx/eog_cooke/1ec9/1ec98b20-3fd6-4cd6-b6bd-8dfd0ed546b1.pdf
1ef3e96c-4366-4bfd-b513-66056358ef1c,EOG_Karnes,TX,s3://enverus-courthouse-prod-chd-plants/tx/eog_karnes/1ef3/1ef3e96c-4366-4bfd-b513-66056358ef1c.pdf
1f2afcba-c437-4fcb-9381-787221b45afe,CHD_Lea,NM,s3://enverus-courthouse-prod-chd-plants/nm/chd_lea/1f2a/1f2afcba-c437-4fcb-9381-787221b45afe.pdf
1f389401-923a-4eb6-baff-d7ef0d4acd31,Houston,TX,s3://enverus-courthouse-prod-chd-plants/tx/houston/1f38/1f389401-923a-4eb6-baff-d7ef0d4acd31.pdf
1f3a6081-68ec-46d8-8696-04c7f4cd589a,EOG_McMullen,TX,s3://enverus-courthouse-prod-chd-plants/tx/eog_mcmullen/1f3a/1f3a6081-68ec-46d8-8696-04c7f4cd589a.pdf
1f4112ba-3e0f-4149-9b12-7fd55039746e,EOG_Atascosa,TX,s3://enverus-courthouse-prod-chd-plants/tx/eog_atascosa/1f41/1f4112ba-3e0f-4149-9b12-7fd55039746e.pdf
1f4df950-686b-42ca-a646-e9ff79cfdfe3,Kay,OK,s3://enverus-courthouse-prod-chd-plants/ok/kay/1f4d/1f4df950-686b-42ca-a646-e9ff79cfdfe3.pdf
1f5589e3-eaaa-449b-b23e-e4db158b8044,EOG_Lea,NM,s3://enverus-courthouse-prod-chd-plants/nm/eog_lea/1f55/1f5589e3-eaaa-449b-b23e-e4db158b8044.pdf
1f59874b-3194-4e04-84e8-73f59b493b1e,Crane,TX,s3://enverus-courthouse-prod-chd-plants/tx/crane/1f59/1f59874b-3194-4e04-84e8-73f59b493b1e.pdf
1f643a66-b831-410e-85e0-f632d13cd113,EOG_Gonzales,TX,s3://enverus-courthouse-prod-chd-plants/tx/eog_gonzales/1f64/1f643a66-b831-410e-85e0-f632d13cd113.pdf
1f8cff1a-e2a5-4784-8797-980af39e1859,EOG_Gonzales,TX,s3://enverus-courthouse-prod-chd-plants/tx/eog_gonzales/1f8c/1f8cff1a-e2a5-4784-8797-980af39e1859.pdf
1f95534c-f88f-4719-a60a-c677c89ff6bc,EOG_Lea,NM,s3://enverus-courthouse-prod-chd-plants/nm/eog_lea/1f95/1f95534c-f88f-4719-a60a-c677c89ff6bc.pdf
1FEBD6A7-F3A7-46B6-AAFC-ADBC912CDF48,TRAINING_Reeves,TX,s3://enverus-courthouse-prod-chd-plants/tx/training_reeves/1FEB/1FEBD6A7-F3A7-46B6-AAFC-ADBC912CDF48.pdf
200cac81-f421-4d8a-b6b6-f052aa779490,EOG_McMullen,TX,s3://enverus-courthouse-prod-chd-plants/tx/eog_mcmullen/200c/200cac81-f421-4d8a-b6b6-f052aa779490.pdf
200f54d0-a95e-4bee-a7a6-bf23336c818e,EOG_Lea,NM,s3://enverus-courthouse-prod-chd-plants/nm/eog_lea/200f/200f54d0-a95e-4bee-a7a6-bf23336c818e.pdf
2054abf0-0db4-4bfc-8024-26ab9d188df6,EOG_Lea,NM,s3://enverus-courthouse-prod-chd-plants/nm/eog_lea/2054/2054abf0-0db4-4bfc-8024-26ab9d188df6.pdf
2056ecad-e15f-4940-8b08-12a693a7835d,CHD_Lea,NM,s3://enverus-courthouse-prod-chd-plants/nm/chd_lea/2056/2056ecad-e15f-4940-8b08-12a693a7835d.pdf
209a2dea-c970-4ca1-b2eb-f9d8c64bb28e,EOG_Lea,NM,s3://enverus-courthouse-prod-chd-plants/nm/eog_lea/209a/209a2dea-c970-4ca1-b2eb-f9d8c64bb28e.pdf
20b4112d-a30c-42cd-bd5e-b138aae724a4,Wise,TX,s3://enverus-courthouse-prod-chd-plants/tx/wise/20b4/20b4112d-a30c-42cd-bd5e-b138aae724a4.pdf
20D73310-1956-4D65-9AE0-F9260164BD88,TRAINING_Jack,TX,s3://enverus-courthouse-prod-chd-plants/tx/training_jack/20D7/20D73310-1956-4D65-9AE0-F9260164BD88.pdf
213E3423-0430-4969-A986-42A94712AABF,TRAINING_Midland,TX,s3://enverus-courthouse-prod-chd-plants/tx/training_midland/213E/213E3423-0430-4969-A986-42A94712AABF.pdf
214ca0e7-b053-4ec2-821c-24ad36a49ca0,EOG_Cooke,TX,s3://enverus-courthouse-prod-chd-plants/tx/eog_cooke/214c/214ca0e7-b053-4ec2-821c-24ad36a49ca0.pdf
21834a27-2cf0-4840-8557-248eaf26d466,CHD_Lea,NM,s3://enverus-courthouse-prod-chd-plants/nm/chd_lea/2183/21834a27-2cf0-4840-8557-248eaf26d466.pdf
2183e059-beea-4e92-bf79-e7d404b80f82,EOG_Atascosa,TX,s3://enverus-courthouse-prod-chd-plants/tx/eog_atascosa/2183/2183e059-beea-4e92-bf79-e7d404b80f82.pdf
2186D76A-7C87-48AB-BBFC-FA988754C3C8,TRAINING_Crockett,TX,s3://enverus-courthouse-prod-chd-plants/tx/training_crockett/2186/2186D76A-7C87-48AB-BBFC-FA988754C3C8.pdf
219595c3-267a-4fc5-8ed3-dcd6d9b80a40,Houston,TX,s3://enverus-courthouse-prod-chd-plants/tx/houston/2195/219595c3-267a-4fc5-8ed3-dcd6d9b80a40.pdf
21962977-19a7-463f-826e-d0149f5b2cdd,EOG_Lea,NM,s3://enverus-courthouse-prod-chd-plants/nm/eog_lea/2196/21962977-19a7-463f-826e-d0149f5b2cdd.pdf
21ac2a7d-9074-4176-bd01-7355a74bf862,EOG_McMullen,TX,s3://enverus-courthouse-prod-chd-plants/tx/eog_mcmullen/21ac/21ac2a7d-9074-4176-bd01-7355a74bf862.pdf
21b544ab-0649-4d17-acc0-467648d02b47,EOG_McMullen,TX,s3://enverus-courthouse-prod-chd-plants/tx/eog_mcmullen/21b5/21b544ab-0649-4d17-acc0-467648d02b47.pdf
21D927BE-6B67-4310-A8DB-9DC42EB11AB9,TRAINING_Eddy,NM,s3://enverus-courthouse-prod-chd-plants/nm/training_eddy/21D9/21D927BE-6B67-4310-A8DB-9DC42EB11AB9.pdf
21e5472f-d9d9-4b61-b110-279b4439d394,CHD_Lea,NM,s3://enverus-courthouse-prod-chd-plants/nm/chd_lea/21e5/21e5472f-d9d9-4b61-b110-279b4439d394.pdf
2200A4C4-6708-47C2-8F4D-FBA4F17F58EC,TRAINING_Crockett,TX,s3://enverus-courthouse-prod-chd-plants/tx/training_crockett/2200/2200A4C4-6708-47C2-8F4D-FBA4F17F58EC.pdf
2237C39E-736B-4A77-A469-44D877767E7E,TRAINING_Crockett,TX,s3://enverus-courthouse-prod-chd-plants/tx/training_crockett/2237/2237C39E-736B-4A77-A469-44D877767E7E.pdf
223e7195-6353-455f-a712-eccc9baf3d9d,CHD_Lea,NM,s3://enverus-courthouse-prod-chd-plants/nm/chd_lea/223e/223e7195-6353-455f-a712-eccc9baf3d9d.pdf
224A76F3-8011-4D98-913F-0DA090564B49,TRAINING_Johnson,TX,s3://enverus-courthouse-prod-chd-plants/tx/training_johnson/224A/224A76F3-8011-4D98-913F-0DA090564B49.pdf
2281605e-2bc7-4965-a8fe-5bc6b3c917a2,CHD_Lea,NM,s3://enverus-courthouse-prod-chd-plants/nm/chd_lea/2281/2281605e-2bc7-4965-a8fe-5bc6b3c917a2.pdf
22ef16d6-72d3-45bc-a5be-000a4237c3d3,EOG_Atascosa,TX,s3://enverus-courthouse-prod-chd-plants/tx/eog_atascosa/22ef/22ef16d6-72d3-45bc-a5be-000a4237c3d3.pdf
22f0d556-0797-459e-a55d-fdbd9f287a4d,EOG_Karnes,TX,s3://enverus-courthouse-prod-chd-plants/tx/eog_karnes/22f0/22f0d556-0797-459e-a55d-fdbd9f287a4d.pdf
22F8EC58-E1B8-49C6-96DE-DDC45E9C453A,TRAINING_Johnson,TX,s3://enverus-courthouse-prod-chd-plants/tx/training_johnson/22F8/22F8EC58-E1B8-49C6-96DE-DDC45E9C453A.pdf
2312d68a-9042-4e08-814a-a4033205cc26,Houston,TX,s3://enverus-courthouse-prod-chd-plants/tx/houston/2312/2312d68a-9042-4e08-814a-a4033205cc26.pdf
23389f83-13da-4ef3-a918-33f115452931,EOG_McMullen,TX,s3://enverus-courthouse-prod-chd-plants/tx/eog_mcmullen/2338/23389f83-13da-4ef3-a918-33f115452931.pdf
2388fa76-f4a2-4355-a014-dee4a60962f6,EOG_Atascosa,TX,s3://enverus-courthouse-prod-chd-plants/tx/eog_atascosa/2388/2388fa76-f4a2-4355-a014-dee4a60962f6.pdf
239abcc5-9f9a-43d0-824f-9819b12b66aa,EOG_Lea,NM,s3://enverus-courthouse-prod-chd-plants/nm/eog_lea/239a/239abcc5-9f9a-43d0-824f-9819b12b66aa.pdf
23a098cb-6adb-4203-917b-15b81e7d17f9,EOG_Lea,NM,s3://enverus-courthouse-prod-chd-plants/nm/eog_lea/23a0/23a098cb-6adb-4203-917b-15b81e7d17f9.pdf
23a146e8-6b7a-4a4a-af57-797c96b079c3,EOG_Cooke,TX,s3://enverus-courthouse-prod-chd-plants/tx/eog_cooke/23a1/23a146e8-6b7a-4a4a-af57-797c96b079c3.pdf
23c27fac-b362-4ca1-a1bc-01d7298d4ca0,EOG_Atascosa,TX,s3://enverus-courthouse-prod-chd-plants/tx/eog_atascosa/23c2/23c27fac-b362-4ca1-a1bc-01d7298d4ca0.pdf
23ddafa5-2719-44c9-b004-105f803c135d,CHD_Lea,NM,s3://enverus-courthouse-prod-chd-plants/nm/chd_lea/23dd/23ddafa5-2719-44c9-b004-105f803c135d.pdf
23f0e3d5-7323-452a-8e7c-261236cb7054,EOG_LaSalle,TX,s3://enverus-courthouse-prod-chd-plants/tx/eog_lasalle/23f0/23f0e3d5-7323-452a-8e7c-261236cb7054.pdf
241EB213-6E31-4017-BE61-851089518B74,TRAINING_Leon,TX,s3://enverus-courthouse-prod-chd-plants/tx/training_leon/241E/241EB213-6E31-4017-BE61-851089518B74.pdf
24336053-6d41-4352-80c8-263c34f41ef7,EOG_Lea,NM,s3://enverus-courthouse-prod-chd-plants/nm/eog_lea/2433/24336053-6d41-4352-80c8-263c34f41ef7.pdf
2449d8a1-d39a-40ea-b613-5ac56ebe351b,EOG_McMullen,TX,s3://enverus-courthouse-prod-chd-plants/tx/eog_mcmullen/2449/2449d8a1-d39a-40ea-b613-5ac56ebe351b.pdf
2466456f-200c-47dc-af2a-a88e184464bb,EOG_Gonzales,TX,s3://enverus-courthouse-prod-chd-plants/tx/eog_gonzales/2466/2466456f-200c-47dc-af2a-a88e184464bb.pdf
24b89a10-fd97-458d-a066-735c0411427a,EOG_Karnes,TX,s3://enverus-courthouse-prod-chd-plants/tx/eog_karnes/24b8/24b89a10-fd97-458d-a066-735c0411427a.pdf
24E3C6E8-4533-4917-A3B5-948B7E3E4C8A,TRAINING_Crockett,TX,s3://enverus-courthouse-prod-chd-plants/tx/training_crockett/24E3/24E3C6E8-4533-4917-A3B5-948B7E3E4C8A.pdf
250274b7-fe93-4348-a045-30765bd73f7d,CHD_Lea,NM,s3://enverus-courthouse-prod-chd-plants/nm/chd_lea/2502/250274b7-fe93-4348-a045-30765bd73f7d.pdf
250ec778-ab86-460b-9afe-ff18a6cf8e28,EOG_Atascosa,TX,s3://enverus-courthouse-prod-chd-plants/tx/eog_atascosa/250e/250ec778-ab86-460b-9afe-ff18a6cf8e28.pdf
2515a7d1-64f2-4a8a-bbd3-93e9003dc155,EOG_Cooke,TX,s3://enverus-courthouse-prod-chd-plants/tx/eog_cooke/2515/2515a7d1-64f2-4a8a-bbd3-93e9003dc155.pdf
252e6ef0-b88f-41f4-84e4-7c6bb2d12adc,TRAINING_LaSalle,TX,s3://enverus-courthouse-prod-chd-plants/tx/training_lasalle/252e/252e6ef0-b88f-41f4-84e4-7c6bb2d12adc.pdf
2571e854-c77f-42e4-af89-e13219fb260d,EOG_Atascosa,TX,s3://enverus-courthouse-prod-chd-plants/tx/eog_atascosa/2571/2571e854-c77f-42e4-af89-e13219fb260d.pdf
25B6513F-2C5B-4138-A275-6EA54617C169,TRAINING_Tyler,TX,s3://enverus-courthouse-prod-chd-plants/tx/training_tyler/25B6/25B6513F-2C5B-4138-A275-6EA54617C169.pdf
25fdc488-c9fb-4923-a14c-56bf1ef7a8cf,EOG_Atascosa,TX,s3://enverus-courthouse-prod-chd-plants/tx/eog_atascosa/25fd/25fdc488-c9fb-4923-a14c-56bf1ef7a8cf.pdf
261C23B8-286B-421D-9F14-E24DA7E9F05A,TRAINING_Eddy,NM,s3://enverus-courthouse-prod-chd-plants/nm/training_eddy/261C/261C23B8-286B-421D-9F14-E24DA7E9F05A.pdf
26257fec-afc2-4cfa-adf7-82acd3083f81,EOG_Lea,NM,s3://enverus-courthouse-prod-chd-plants/nm/eog_lea/2625/26257fec-afc2-4cfa-adf7-82acd3083f81.pdf
2667c016-432f-4039-9687-4d4867b483d9,EOG_Karnes,TX,s3://enverus-courthouse-prod-chd-plants/tx/eog_karnes/2667/2667c016-432f-4039-9687-4d4867b483d9.pdf
267aa5ba-7868-4b43-9f1e-35105936d382,EOG_Gonzales,TX,s3://enverus-courthouse-prod-chd-plants/tx/eog_gonzales/267a/267aa5ba-7868-4b43-9f1e-35105936d382.pdf
26823ef1-0e99-4e24-b421-c312f6b281db,EOG_Cooke,TX,s3://enverus-courthouse-prod-chd-plants/tx/eog_cooke/2682/26823ef1-0e99-4e24-b421-c312f6b281db.pdf
26a68509-4c8d-4cdc-a262-952ae8bafdca,EOG_Lea,NM,s3://enverus-courthouse-prod-chd-plants/nm/eog_lea/26a6/26a68509-4c8d-4cdc-a262-952ae8bafdca.pdf
26b7ea7f-fd4c-4329-8c57-3a66d20abb63,EOG_Karnes,TX,s3://enverus-courthouse-prod-chd-plants/tx/eog_karnes/26b7/26b7ea7f-fd4c-4329-8c57-3a66d20abb63.pdf
26b8f3ae-b168-4446-adf2-20c46104b813,TRAINING_Loving,TX,s3://enverus-courthouse-prod-chd-plants/tx/training_loving/26b8/26b8f3ae-b168-4446-adf2-20c46104b813.pdf
26ef71b8-8c66-4a53-9115-dede13508309,EOG_Karnes,TX,s3://enverus-courthouse-prod-chd-plants/tx/eog_karnes/26ef/26ef71b8-8c66-4a53-9115-dede13508309.pdf
26fed442-60b1-4c99-8b47-35fdf8be6a2c,EOG_Cooke,TX,s3://enverus-courthouse-prod-chd-plants/tx/eog_cooke/26fe/26fed442-60b1-4c99-8b47-35fdf8be6a2c.pdf
273130EC-4232-4281-BF2C-5D178838F0CE,TRAINING_Midland,TX,s3://enverus-courthouse-prod-chd-plants/tx/training_midland/2731/273130EC-4232-4281-BF2C-5D178838F0CE.pdf
2741ab9a-35c6-4ac4-b559-187d506e84de,EOG_Cooke,TX,s3://enverus-courthouse-prod-chd-plants/tx/eog_cooke/2741/2741ab9a-35c6-4ac4-b559-187d506e84de.pdf
279f98b8-49a2-4adb-ac0e-ad7c43ba1a6a,EOG_Cooke,TX,s3://enverus-courthouse-prod-chd-plants/tx/eog_cooke/279f/279f98b8-49a2-4adb-ac0e-ad7c43ba1a6a.pdf
27a3c527-8c79-4b36-ae33-77104cf6bd00,EOG_Cooke,TX,s3://enverus-courthouse-prod-chd-plants/tx/eog_cooke/27a3/27a3c527-8c79-4b36-ae33-77104cf6bd00.pdf
27DBFC44-557F-48D1-8154-DF328C6457D8,TRAINING_Montague,TX,s3://enverus-courthouse-prod-chd-plants/tx/training_montague/27DB/27DBFC44-557F-48D1-8154-DF328C6457D8.pdf
27DDF1FC-B921-4C46-B5D8-C5573FA14F59,TRAINING_Eddy,NM,s3://enverus-courthouse-prod-chd-plants/nm/training_eddy/27DD/27DDF1FC-B921-4C46-B5D8-C5573FA14F59.pdf
28291798-84e5-4f20-9094-87b3af46ae53,EOG_Lea,NM,s3://enverus-courthouse-prod-chd-plants/nm/eog_lea/2829/28291798-84e5-4f20-9094-87b3af46ae53.pdf
283dc47b-7a90-40fb-a70a-c5d6eae42cae,Walker,TX,s3://enverus-courthouse-prod-chd-plants/tx/walker/283d/283dc47b-7a90-40fb-a70a-c5d6eae42cae.pdf
28472300-9724-401a-bc68-b4b9728407e9,EOG_Cooke,TX,s3://enverus-courthouse-prod-chd-plants/tx/eog_cooke/2847/28472300-9724-401a-bc68-b4b9728407e9.pdf
285b250e-1152-406b-b167-38c09bc462e7,EOG_Cooke,TX,s3://enverus-courthouse-prod-chd-plants/tx/eog_cooke/285b/285b250e-1152-406b-b167-38c09bc462e7.pdf
2872c3d5-f1dc-094b-80ca-113b88552c7b,Crockett,TX,s3://enverus-courthouse-prod-chd-plants/tx/crockett/2872/2872c3d5-f1dc-094b-80ca-113b88552c7b.pdf
287482e1-c4c5-b542-9203-086340374f78,Andrews,TX,s3://enverus-courthouse-prod-chd-plants/tx/andrews/2874/287482e1-c4c5-b542-9203-086340374f78.pdf
28752c46-b000-4366-8e32-70c11e772ca4,EOG_Cooke,TX,s3://enverus-courthouse-prod-chd-plants/tx/eog_cooke/2875/28752c46-b000-4366-8e32-70c11e772ca4.pdf
289A1E19-7E83-40D0-B0DE-9111D576F793,TRAINING_Crockett,TX,s3://enverus-courthouse-prod-chd-plants/tx/training_crockett/289A/289A1E19-7E83-40D0-B0DE-9111D576F793.pdf
28b3ff99-eb99-4681-ace9-e6611f94ce9c,CHD_Lea,NM,s3://enverus-courthouse-prod-chd-plants/nm/chd_lea/28b3/28b3ff99-eb99-4681-ace9-e6611f94ce9c.pdf
28d54f87-a625-49aa-9f61-982597f3ce6a,EOG_Karnes,TX,s3://enverus-courthouse-prod-chd-plants/tx/eog_karnes/28d5/28d54f87-a625-49aa-9f61-982597f3ce6a.pdf
28d834f8-f205-41c3-aa66-1a5384c47c39,EOG_Lea,NM,s3://enverus-courthouse-prod-chd-plants/nm/eog_lea/28d8/28d834f8-f205-41c3-aa66-1a5384c47c39.pdf
28daaa5c-3621-4771-824a-20a00ab1fd9b,EOG_Karnes,TX,s3://enverus-courthouse-prod-chd-plants/tx/eog_karnes/28da/28daaa5c-3621-4771-824a-20a00ab1fd9b.pdf
28eb9acb-7756-4153-8f79-562791ac2d5b,CHD_Lea,NM,s3://enverus-courthouse-prod-chd-plants/nm/chd_lea/28eb/28eb9acb-7756-4153-8f79-562791ac2d5b.pdf
28ebefdb-770f-4930-817c-423763fb7c1b,EOG_Gonzales,TX,s3://enverus-courthouse-prod-chd-plants/tx/eog_gonzales/28eb/28ebefdb-770f-4930-817c-423763fb7c1b.pdf
291E7126-D4FA-416D-993D-5A2958E8FD47,TRAINING_Burleson,TX,s3://enverus-courthouse-prod-chd-plants/tx/training_burleson/291E/291E7126-D4FA-416D-993D-5A2958E8FD47.pdf
296aa54e-44f9-4c56-8d4a-de84aa785e4f,EOG_LaSalle,TX,s3://enverus-courthouse-prod-chd-plants/tx/eog_lasalle/296a/296aa54e-44f9-4c56-8d4a-de84aa785e4f.pdf
296B25A7-97FD-4C6A-9223-4BC7178AD909,TRAINING_Johnson,TX,s3://enverus-courthouse-prod-chd-plants/tx/training_johnson/296B/296B25A7-97FD-4C6A-9223-4BC7178AD909.pdf
29776699-0de1-4047-ba76-feedd20fcfe8,EOG_Lea,NM,s3://enverus-courthouse-prod-chd-plants/nm/eog_lea/2977/29776699-0de1-4047-ba76-feedd20fcfe8.pdf
29a74ab5-f1a6-42e2-b802-51a679cbcef9,EOG_Gonzales,TX,s3://enverus-courthouse-prod-chd-plants/tx/eog_gonzales/29a7/29a74ab5-f1a6-42e2-b802-51a679cbcef9.pdf
29AF0399-7E13-4C42-8021-AB0808DF9240,TRAINING_Eddy,NM,s3://enverus-courthouse-prod-chd-plants/nm/training_eddy/29AF/29AF0399-7E13-4C42-8021-AB0808DF9240.pdf
29af1428-b6a2-42e8-960b-438b2294caff,Lea,NM,s3://enverus-courthouse-prod-chd-plants/nm/lea/29af/29af1428-b6a2-42e8-960b-438b2294caff.pdf
29d43544-759c-4af3-894b-485b212b7080,Houston,TX,s3://enverus-courthouse-prod-chd-plants/tx/houston/29d4/29d43544-759c-4af3-894b-485b212b7080.pdf
29d61e9d-581f-4c64-8307-255dcb2e46b1,EOG_Lea,NM,s3://enverus-courthouse-prod-chd-plants/nm/eog_lea/29d6/29d61e9d-581f-4c64-8307-255dcb2e46b1.pdf
2a1aa3c2-ee48-4c4c-a461-40a7ac8c17dc,EOG_Cooke,TX,s3://enverus-courthouse-prod-chd-plants/tx/eog_cooke/2a1a/2a1aa3c2-ee48-4c4c-a461-40a7ac8c17dc.pdf
2a27f9dd-2302-4594-a1c1-8b9b45569536,Houston,TX,s3://enverus-courthouse-prod-chd-plants/tx/houston/2a27/2a27f9dd-2302-4594-a1c1-8b9b45569536.pdf
2a293963-d1d2-4c81-a938-eb00aea8f419,Ward,TX,s3://enverus-courthouse-prod-chd-plants/tx/ward/2a29/2a293963-d1d2-4c81-a938-eb00aea8f419.pdf
2a3b793a-851f-48da-8e79-9ab44c4bc3a8,CHD_Lea,NM,s3://enverus-courthouse-prod-chd-plants/nm/chd_lea/2a3b/2a3b793a-851f-48da-8e79-9ab44c4bc3a8.pdf
2A509A64-103C-42B0-B7FC-4EF5B547FCC9,TRAINING_Madison,TX,s3://enverus-courthouse-prod-chd-plants/tx/training_madison/2A50/2A509A64-103C-42B0-B7FC-4EF5B547FCC9.pdf
2a7c6ad3-3f42-488c-9b13-9ca411575253,EOG_Lea,NM,s3://enverus-courthouse-prod-chd-plants/nm/eog_lea/2a7c/2a7c6ad3-3f42-488c-9b13-9ca411575253.pdf
2a8c2031-a723-498e-a73f-8e8c706036d4,EOG_Atascosa,TX,s3://enverus-courthouse-prod-chd-plants/tx/eog_atascosa/2a8c/2a8c2031-a723-498e-a73f-8e8c706036d4.pdf
2aac53c3-ee86-4b21-adcd-3ef928715487,Houston,TX,s3://enverus-courthouse-prod-chd-plants/tx/houston/2aac/2aac53c3-ee86-4b21-adcd-3ef928715487.pdf
2abe974b-c704-42eb-8253-6cfc954de504,EOG_Cooke,TX,s3://enverus-courthouse-prod-chd-plants/tx/eog_cooke/2abe/2abe974b-c704-42eb-8253-6cfc954de504.pdf
2ABED739-4765-496D-B5E8-50FDEE22A977,TRAINING_Crockett,TX,s3://enverus-courthouse-prod-chd-plants/tx/training_crockett/2ABE/2ABED739-4765-496D-B5E8-50FDEE22A977.pdf
2AC9F8FC-C4D2-444E-A94E-FD02CB85E9C2,TRAINING_Midland,TX,s3://enverus-courthouse-prod-chd-plants/tx/training_midland/2AC9/2AC9F8FC-C4D2-444E-A94E-FD02CB85E9C2.pdf
2AE0FD66-56F9-4A0B-87CC-DDB30A5A5750,TRAINING_Grimes,TX,s3://enverus-courthouse-prod-chd-plants/tx/training_grimes/2AE0/2AE0FD66-56F9-4A0B-87CC-DDB30A5A5750.pdf
2AF156C0-A402-459C-B876-617755FC1F9E,TRAINING_Midland,TX,s3://enverus-courthouse-prod-chd-plants/tx/training_midland/2AF1/2AF156C0-A402-459C-B876-617755FC1F9E.pdf
2af4054f-cc85-4871-b8d3-e5740449ac46,EOG_Lea,NM,s3://enverus-courthouse-prod-chd-plants/nm/eog_lea/2af4/2af4054f-cc85-4871-b8d3-e5740449ac46.pdf
2afc0395-44d8-4fd4-855b-4f6342d23c5b,EOG_Atascosa,TX,s3://enverus-courthouse-prod-chd-plants/tx/eog_atascosa/2afc/2afc0395-44d8-4fd4-855b-4f6342d23c5b.pdf
2b265165-38b5-4b55-a30f-a45202576759,EOG_Karnes,TX,s3://enverus-courthouse-prod-chd-plants/tx/eog_karnes/2b26/2b265165-38b5-4b55-a30f-a45202576759.pdf
2b2d9d30-dd69-4f12-8019-79252166289b,Houston,TX,s3://enverus-courthouse-prod-chd-plants/tx/houston/2b2d/2b2d9d30-dd69-4f12-8019-79252166289b.pdf
2B420369-E5C6-4A9E-AC37-3FAD9D0F2BB3,TRAINING_Eddy,NM,s3://enverus-courthouse-prod-chd-plants/nm/training_eddy/2B42/2B420369-E5C6-4A9E-AC37-3FAD9D0F2BB3.pdf
2b45a83f-52a5-4dee-9637-e20757f23d3b,CHD_Lea,NM,s3://enverus-courthouse-prod-chd-plants/nm/chd_lea/2b45/2b45a83f-52a5-4dee-9637-e20757f23d3b.pdf
2b57e8fe-54f4-4ecd-ac9f-da532942619a,EOG_Atascosa,TX,s3://enverus-courthouse-prod-chd-plants/tx/eog_atascosa/2b57/2b57e8fe-54f4-4ecd-ac9f-da532942619a.pdf
2b5e1135-3de9-489f-b913-4d1a57d67e34,CHD_Lea,NM,s3://enverus-courthouse-prod-chd-plants/nm/chd_lea/2b5e/2b5e1135-3de9-489f-b913-4d1a57d67e34.pdf
2B856F33-4AAE-4B17-8717-C55FEA73B331,TRAINING_Loving,TX,s3://enverus-courthouse-prod-chd-plants/tx/training_loving/2B85/2B856F33-4AAE-4B17-8717-C55FEA73B331.pdf
2b916e7e-7745-4eed-9d5e-64d6ff9739b4,EOG_Lea,NM,s3://enverus-courthouse-prod-chd-plants/nm/eog_lea/2b91/2b916e7e-7745-4eed-9d5e-64d6ff9739b4.pdf
2bbb96fb-f4ca-47f9-a708-f8f9fc5ec298,EOG_Atascosa,TX,s3://enverus-courthouse-prod-chd-plants/tx/eog_atascosa/2bbb/2bbb96fb-f4ca-47f9-a708-f8f9fc5ec298.pdf
2BC1F2DD-D98C-4656-A47C-DC4AA6554C7E,TRAINING_Walker,TX,s3://enverus-courthouse-prod-chd-plants/tx/training_walker/2BC1/2BC1F2DD-D98C-4656-A47C-DC4AA6554C7E.pdf
2bcd8022-d8f3-431f-b2c4-b412330cf64f,EOG_Cooke,TX,s3://enverus-courthouse-prod-chd-plants/tx/eog_cooke/2bcd/2bcd8022-d8f3-431f-b2c4-b412330cf64f.pdf
2c3ba889-3725-480b-89ef-b106673d3081,CHD_Lea,NM,s3://enverus-courthouse-prod-chd-plants/nm/chd_lea/2c3b/2c3ba889-3725-480b-89ef-b106673d3081.pdf
2c3dc873-eb39-4c65-a475-902ae14421c0,EOG_Karnes,TX,s3://enverus-courthouse-prod-chd-plants/tx/eog_karnes/2c3d/2c3dc873-eb39-4c65-a475-902ae14421c0.pdf
2c5103f8-7ddc-47ca-8217-3ab0c821f2d9,Lea,NM,s3://enverus-courthouse-prod-chd-plants/nm/lea/2c51/2c5103f8-7ddc-47ca-8217-3ab0c821f2d9.pdf
2c62435f-f9f6-4598-8990-4d711627912c,CHD_Lea,NM,s3://enverus-courthouse-prod-chd-plants/nm/chd_lea/2c62/2c62435f-f9f6-4598-8990-4d711627912c.pdf
2c7f945e-81a0-4569-bdb2-d8ef78149812,EOG_Atascosa,TX,s3://enverus-courthouse-prod-chd-plants/tx/eog_atascosa/2c7f/2c7f945e-81a0-4569-bdb2-d8ef78149812.pdf
2d106a48-f8de-4fa6-8c4e-1f6273e9a4e6,EOG_Lea,NM,s3://enverus-courthouse-prod-chd-plants/nm/eog_lea/2d10/2d106a48-f8de-4fa6-8c4e-1f6273e9a4e6.pdf
2D1B574D-5297-4046-AC82-91C5368413EE,TRAINING_Midland,TX,s3://enverus-courthouse-prod-chd-plants/tx/training_midland/2D1B/2D1B574D-5297-4046-AC82-91C5368413EE.pdf
2d26b1bf-6731-4bcf-bb7d-0c3662cea0a0,EOG_Gonzales,TX,s3://enverus-courthouse-prod-chd-plants/tx/eog_gonzales/2d26/2d26b1bf-6731-4bcf-bb7d-0c3662cea0a0.pdf
2d29c142-552f-424c-87ff-500122e7e72d,EOG_Lea,NM,s3://enverus-courthouse-prod-chd-plants/nm/eog_lea/2d29/2d29c142-552f-424c-87ff-500122e7e72d.pdf
2d3d9284-fb30-11eb-b905-00505681224b,Wetzel,WV,s3://enverus-courthouse-prod-chd-plants/wv/wetzel/2d3d/2d3d9284-fb30-11eb-b905-00505681224b.pdf
2d733ef6-d97e-4554-bc01-64ee7ccd607c,EOG_Lea,NM,s3://enverus-courthouse-prod-chd-plants/nm/eog_lea/2d73/2d733ef6-d97e-4554-bc01-64ee7ccd607c.pdf
2da6d4dc-4fb0-4a80-8e21-280cef62a8be,EOG_Atascosa,TX,s3://enverus-courthouse-prod-chd-plants/tx/eog_atascosa/2da6/2da6d4dc-4fb0-4a80-8e21-280cef62a8be.pdf
2DBF2DCA-7863-46D3-A39E-6670A6AB4188,TRAINING_Madison,TX,s3://enverus-courthouse-prod-chd-plants/tx/training_madison/2DBF/2DBF2DCA-7863-46D3-A39E-6670A6AB4188.pdf
2de17a4b-f564-46e5-bccf-90b78e5b8220,CHD_Lea,NM,s3://enverus-courthouse-prod-chd-plants/nm/chd_lea/2de1/2de17a4b-f564-46e5-bccf-90b78e5b8220.pdf
2e1d6e69-a99d-42e4-9a42-05e13295232a,EOG_Karnes,TX,s3://enverus-courthouse-prod-chd-plants/tx/eog_karnes/2e1d/2e1d6e69-a99d-42e4-9a42-05e13295232a.pdf
2e351a0c-7deb-4f62-92f5-684e19db98e0,EOG_Lea,NM,s3://enverus-courthouse-prod-chd-plants/nm/eog_lea/2e35/2e351a0c-7deb-4f62-92f5-684e19db98e0.pdf
2E4913D3-CF69-4500-B88D-23163FEFB2BB,TRAINING_Crockett,TX,s3://enverus-courthouse-prod-chd-plants/tx/training_crockett/2E49/2E4913D3-CF69-4500-B88D-23163FEFB2BB.pdf
2e5dceb5-1b12-4061-b4ef-5a82159c8070,EOG_Lea,NM,s3://enverus-courthouse-prod-chd-plants/nm/eog_lea/2e5d/2e5dceb5-1b12-4061-b4ef-5a82159c8070.pdf
2E9A4677-8B70-4AEC-A7F8-5F40DD7EE088,TRAINING_Loving,TX,s3://enverus-courthouse-prod-chd-plants/tx/training_loving/2E9A/2E9A4677-8B70-4AEC-A7F8-5F40DD7EE088.pdf
2ec00ec4-2a16-4569-bd0a-c90b8223f218,EOG_Gonzales,TX,s3://enverus-courthouse-prod-chd-plants/tx/eog_gonzales/2ec0/2ec00ec4-2a16-4569-bd0a-c90b8223f218.pdf
2ECA865E-AEBA-4817-9805-525B9E450E6C,TRAINING_Reagan,TX,s3://enverus-courthouse-prod-chd-plants/tx/training_reagan/2ECA/2ECA865E-AEBA-4817-9805-525B9E450E6C.pdf
2ed68157-10d8-4bc1-bf6f-8b2ed76e1dec,EOG_Cooke,TX,s3://enverus-courthouse-prod-chd-plants/tx/eog_cooke/2ed6/2ed68157-10d8-4bc1-bf6f-8b2ed76e1dec.pdf
2F14F5CA-E65F-42DC-AA1D-2134E6FA87ED,TRAINING_Young,TX,s3://enverus-courthouse-prod-chd-plants/tx/training_young/2F14/2F14F5CA-E65F-42DC-AA1D-2134E6FA87ED.pdf
2f41e22f-3206-4d7d-81fb-347f82de34a7,CHD_Lea,NM,s3://enverus-courthouse-prod-chd-plants/nm/chd_lea/2f41/2f41e22f-3206-4d7d-81fb-347f82de34a7.pdf
2F4806F5-E9A1-4BAB-A511-78138A31BAD8,TRAINING_Howard,TX,s3://enverus-courthouse-prod-chd-plants/tx/training_howard/2F48/2F4806F5-E9A1-4BAB-A511-78138A31BAD8.pdf
2F51C1DD-280C-4215-B7B3-8EB55AF33029,TRAINING_Johnson,TX,s3://enverus-courthouse-prod-chd-plants/tx/training_johnson/2F51/2F51C1DD-280C-4215-B7B3-8EB55AF33029.pdf
2f57e013-afbc-1245-be33-48f18bd36437,Robertson,TX,s3://enverus-courthouse-prod-chd-plants/tx/robertson/2f57/2f57e013-afbc-1245-be33-48f18bd36437.pdf
2f6c43ff-3d03-4222-8f46-b79660067da8,EOG_Karnes,TX,s3://enverus-courthouse-prod-chd-plants/tx/eog_karnes/2f6c/2f6c43ff-3d03-4222-8f46-b79660067da8.pdf
2f99b92b-3e77-4479-9b8c-209fa19a79f8,EOG_Lea,NM,s3://enverus-courthouse-prod-chd-plants/nm/eog_lea/2f99/2f99b92b-3e77-4479-9b8c-209fa19a79f8.pdf
2fa7d644-9b5a-4a53-bf0b-c4306f9202a6,EOG_Karnes,TX,s3://enverus-courthouse-prod-chd-plants/tx/eog_karnes/2fa7/2fa7d644-9b5a-4a53-bf0b-c4306f9202a6.pdf
2fb9e261-39ec-4f2c-8897-df2020668fdb,Crane,TX,s3://enverus-courthouse-prod-chd-plants/tx/crane/2fb9/2fb9e261-39ec-4f2c-8897-df2020668fdb.pdf
2fc55d03-bf03-4dc9-a59c-6e015b41c9d9,EOG_Cooke,TX,s3://enverus-courthouse-prod-chd-plants/tx/eog_cooke/2fc5/2fc55d03-bf03-4dc9-a59c-6e015b41c9d9.pdf
2fcb2eed-ab67-43ce-a7f5-9b1712ca7abc,Houston,TX,s3://enverus-courthouse-prod-chd-plants/tx/houston/2fcb/2fcb2eed-ab67-43ce-a7f5-9b1712ca7abc.pdf
2fcc12d1-38ca-45d7-acf1-50fc84ace2a2,Nueces,TX,s3://enverus-courthouse-prod-chd-plants/tx/nueces/2fcc/2fcc12d1-38ca-45d7-acf1-50fc84ace2a2.pdf
2ff9ed65-25b6-4eff-8680-49b51864c8fe,Crane,TX,s3://enverus-courthouse-prod-chd-plants/tx/crane/2ff9/2ff9ed65-25b6-4eff-8680-49b51864c8fe.pdf
2ffefd6a-6e3d-4483-a0fe-f65602d96414,EOG_Cooke,TX,s3://enverus-courthouse-prod-chd-plants/tx/eog_cooke/2ffe/2ffefd6a-6e3d-4483-a0fe-f65602d96414.pdf
300a16aa-d34e-460b-bd65-f823ef1d17b6,EOG_Karnes,TX,s3://enverus-courthouse-prod-chd-plants/tx/eog_karnes/300a/300a16aa-d34e-460b-bd65-f823ef1d17b6.pdf
30101B96-086E-42BD-90B3-DDF955182080,TRAINING_Eddy,NM,s3://enverus-courthouse-prod-chd-plants/nm/training_eddy/3010/30101B96-086E-42BD-90B3-DDF955182080.pdf
302b979a-26b9-4b12-8d0f-5613a6b51212,EOG_Lea,NM,s3://enverus-courthouse-prod-chd-plants/nm/eog_lea/302b/302b979a-26b9-4b12-8d0f-5613a6b51212.pdf
302e8f0a-04e5-4948-8b06-ef974954f7bf,Martin,TX,s3://enverus-courthouse-prod-chd-plants/tx/martin/302e/302e8f0a-04e5-4948-8b06-ef974954f7bf.pdf
303d24a2-a4f4-4bf4-94bd-7e6cc2913801,EOG_Lea,NM,s3://enverus-courthouse-prod-chd-plants/nm/eog_lea/303d/303d24a2-a4f4-4bf4-94bd-7e6cc2913801.pdf
303ed594-9b81-423f-b9b0-655395cbe738,EOG_Lea,NM,s3://enverus-courthouse-prod-chd-plants/nm/eog_lea/303e/303ed594-9b81-423f-b9b0-655395cbe738.pdf
30436135-079f-47c4-82db-f5a62dac8bd9,EOG_Atascosa,TX,s3://enverus-courthouse-prod-chd-plants/tx/eog_atascosa/3043/30436135-079f-47c4-82db-f5a62dac8bd9.pdf
30474cb9-dc27-49b9-b8ee-050131a56758,EOG_Atascosa,TX,s3://enverus-courthouse-prod-chd-plants/tx/eog_atascosa/3047/30474cb9-dc27-49b9-b8ee-050131a56758.pdf
305EFF35-DACD-4B74-A28A-F79DC5A1AF07,TRAINING_Karnes,TX,s3://enverus-courthouse-prod-chd-plants/tx/training_karnes/305E/305EFF35-DACD-4B74-A28A-F79DC5A1AF07.pdf
30aedd24-20a3-46ca-a9b7-b422353c5881,CHD_Lea,NM,s3://enverus-courthouse-prod-chd-plants/nm/chd_lea/30ae/30aedd24-20a3-46ca-a9b7-b422353c5881.pdf
30cb02e8-0b95-444d-8c6c-51faa155d55f,EOG_Gonzales,TX,s3://enverus-courthouse-prod-chd-plants/tx/eog_gonzales/30cb/30cb02e8-0b95-444d-8c6c-51faa155d55f.pdf
30d3e0ce-ec4c-11eb-bf7b-00505681224b,EOG_Lea,NM,s3://enverus-courthouse-prod-chd-plants/nm/eog_lea/30d3/30d3e0ce-ec4c-11eb-bf7b-00505681224b.pdf
30efac54-963e-4ee1-87d2-b033fa0d5c31,CHD_Lea,NM,s3://enverus-courthouse-prod-chd-plants/nm/chd_lea/30ef/30efac54-963e-4ee1-87d2-b033fa0d5c31.pdf
30fe0b23-c95b-42a5-a534-91a88f5cf19c,EOG_Cooke,TX,s3://enverus-courthouse-prod-chd-plants/tx/eog_cooke/30fe/30fe0b23-c95b-42a5-a534-91a88f5cf19c.pdf
31394feb-47eb-4909-a13f-cf76743c6986,EOG_Atascosa,TX,s3://enverus-courthouse-prod-chd-plants/tx/eog_atascosa/3139/31394feb-47eb-4909-a13f-cf76743c6986.pdf
316df268-1b39-492a-b609-98d6e9092cfa,Crane,TX,s3://enverus-courthouse-prod-chd-plants/tx/crane/316d/316df268-1b39-492a-b609-98d6e9092cfa.pdf
3183ea47-2246-43fa-9412-d1e10fe4c3aa,EOG_Lea,NM,s3://enverus-courthouse-prod-chd-plants/nm/eog_lea/3183/3183ea47-2246-43fa-9412-d1e10fe4c3aa.pdf
31873bdb-753f-40fb-ad6a-ad5add0a4484,EOG_Atascosa,TX,s3://enverus-courthouse-prod-chd-plants/tx/eog_atascosa/3187/31873bdb-753f-40fb-ad6a-ad5add0a4484.pdf
31a0f15a-17ba-48de-a0a5-05f23b3e6b66,EOG_Lea,NM,s3://enverus-courthouse-prod-chd-plants/nm/eog_lea/31a0/31a0f15a-17ba-48de-a0a5-05f23b3e6b66.pdf
31b1d80a-a8bf-4ffb-9c5e-74ad617b195a,EOG_Lea,NM,s3://enverus-courthouse-prod-chd-plants/nm/eog_lea/31b1/31b1d80a-a8bf-4ffb-9c5e-74ad617b195a.pdf
31bf279d-17e0-4700-9780-82124e00812d,CHD_Lea,NM,s3://enverus-courthouse-prod-chd-plants/nm/chd_lea/31bf/31bf279d-17e0-4700-9780-82124e00812d.pdf
32031c14-4548-41a7-b873-2a46fd07aa51,EOG_Atascosa,TX,s3://enverus-courthouse-prod-chd-plants/tx/eog_atascosa/3203/32031c14-4548-41a7-b873-2a46fd07aa51.pdf
3207ec67-7f74-4e1b-9d38-61f8608a2509,EOG_Cooke,TX,s3://enverus-courthouse-prod-chd-plants/tx/eog_cooke/3207/3207ec67-7f74-4e1b-9d38-61f8608a2509.pdf
320db74d-51c6-4aac-a84a-4a98cf370d37,CHD_Lea,NM,s3://enverus-courthouse-prod-chd-plants/nm/chd_lea/320d/320db74d-51c6-4aac-a84a-4a98cf370d37.pdf
320e4bd7-2210-46da-a4b3-ce2092a271c3,CHD_Lea,NM,s3://enverus-courthouse-prod-chd-plants/nm/chd_lea/320e/320e4bd7-2210-46da-a4b3-ce2092a271c3.pdf
3224cfb9-0c16-4802-90a5-9ce0dac86d88,EOG_Atascosa,TX,s3://enverus-courthouse-prod-chd-plants/tx/eog_atascosa/3224/3224cfb9-0c16-4802-90a5-9ce0dac86d88.pdf
3233D983-CA05-4140-95A8-8C1F1BB59774,TRAINING_Howard,TX,s3://enverus-courthouse-prod-chd-plants/tx/training_howard/3233/3233D983-CA05-4140-95A8-8C1F1BB59774.pdf
3236e277-e050-4867-9b51-dc94fbb50288,CHD_Lea,NM,s3://enverus-courthouse-prod-chd-plants/nm/chd_lea/3236/3236e277-e050-4867-9b51-dc94fbb50288.pdf
32448609-a337-4c7e-a37b-90c6291867ea,EOG_Lea,NM,s3://enverus-courthouse-prod-chd-plants/nm/eog_lea/3244/32448609-a337-4c7e-a37b-90c6291867ea.pdf
3248c0be-899e-43c6-a361-42076b6d3486,EOG_Karnes,TX,s3://enverus-courthouse-prod-chd-plants/tx/eog_karnes/3248/3248c0be-899e-43c6-a361-42076b6d3486.pdf
324c4c13-fb0d-415f-aca2-26ba00b48c4c,EOG_Lea,NM,s3://enverus-courthouse-prod-chd-plants/nm/eog_lea/324c/324c4c13-fb0d-415f-aca2-26ba00b48c4c.pdf
326b70d1-0971-43f0-97b1-9cab010b62e3,Midland,TX,s3://enverus-courthouse-prod-chd-plants/tx/midland/326b/326b70d1-0971-43f0-97b1-9cab010b62e3.pdf
328da2b9-8414-4dcb-9f0c-0b25932794e9,EOG_Lea,NM,s3://enverus-courthouse-prod-chd-plants/nm/eog_lea/328d/328da2b9-8414-4dcb-9f0c-0b25932794e9.pdf
3294c9ec-ee15-4212-9bd1-5c342d944250,EOG_Gonzales,TX,s3://enverus-courthouse-prod-chd-plants/tx/eog_gonzales/3294/3294c9ec-ee15-4212-9bd1-5c342d944250.pdf
329deb15-7728-4e7a-9c86-42b2f73e2daa,EOG_Cooke,TX,s3://enverus-courthouse-prod-chd-plants/tx/eog_cooke/329d/329deb15-7728-4e7a-9c86-42b2f73e2daa.pdf
331070bb-fb04-43af-844f-90dc257ab402,EOG_Cooke,TX,s3://enverus-courthouse-prod-chd-plants/tx/eog_cooke/3310/331070bb-fb04-43af-844f-90dc257ab402.pdf
33606EE5-29DC-44D5-A894-2A63B5C6394B,TRAINING_Johnson,TX,s3://enverus-courthouse-prod-chd-plants/tx/training_johnson/3360/33606EE5-29DC-44D5-A894-2A63B5C6394B.pdf
339811e6-b95a-4632-9f88-52576c346d7b,EOG_Lea,NM,s3://enverus-courthouse-prod-chd-plants/nm/eog_lea/3398/339811e6-b95a-4632-9f88-52576c346d7b.pdf
3399f385-9f03-4b04-a5f7-9b090167a41e,EOG_Gonzales,TX,s3://enverus-courthouse-prod-chd-plants/tx/eog_gonzales/3399/3399f385-9f03-4b04-a5f7-9b090167a41e.pdf
33f12aca-5961-4e62-92cd-48f4a2912798,EOG_Lea,NM,s3://enverus-courthouse-prod-chd-plants/nm/eog_lea/33f1/33f12aca-5961-4e62-92cd-48f4a2912798.pdf
3401bd5f-05bf-487f-ba35-a520e6065e3b,EOG_Atascosa,TX,s3://enverus-courthouse-prod-chd-plants/tx/eog_atascosa/3401/3401bd5f-05bf-487f-ba35-a520e6065e3b.pdf
3414ac05-71ca-468c-b94e-652ee10e3553,EOG_Atascosa,TX,s3://enverus-courthouse-prod-chd-plants/tx/eog_atascosa/3414/3414ac05-71ca-468c-b94e-652ee10e3553.pdf
341b1e13-ad14-4892-88b3-4db0ca992800,EOG_LaSalle,TX,s3://enverus-courthouse-prod-chd-plants/tx/eog_lasalle/341b/341b1e13-ad14-4892-88b3-4db0ca992800.pdf
34323a43-7750-4187-9d77-2bf1cd87abf8,EOG_Lea,NM,s3://enverus-courthouse-prod-chd-plants/nm/eog_lea/3432/34323a43-7750-4187-9d77-2bf1cd87abf8.pdf
347a6df9-db89-4171-bf2b-3bffd850d0fc,EOG_Karnes,TX,s3://enverus-courthouse-prod-chd-plants/tx/eog_karnes/347a/347a6df9-db89-4171-bf2b-3bffd850d0fc.pdf
34a0eb80-2d75-4fac-9624-54949d767e5e,Crane,TX,s3://enverus-courthouse-prod-chd-plants/tx/crane/34a0/34a0eb80-2d75-4fac-9624-54949d767e5e.pdf
35841772-c7f0-4e7c-af54-50c164b2e8ff,EOG_Gonzales,TX,s3://enverus-courthouse-prod-chd-plants/tx/eog_gonzales/3584/35841772-c7f0-4e7c-af54-50c164b2e8ff.pdf
35996235-7D7E-4A3F-83BE-AFCF7ED50F55,TRAINING_Crockett,TX,s3://enverus-courthouse-prod-chd-plants/tx/training_crockett/3599/35996235-7D7E-4A3F-83BE-AFCF7ED50F55.pdf
35e2d621-d116-4d3b-8b9d-6f9f2ea89db1,EOG_Cooke,TX,s3://enverus-courthouse-prod-chd-plants/tx/eog_cooke/35e2/35e2d621-d116-4d3b-8b9d-6f9f2ea89db1.pdf
3624f16a-976d-4233-af36-bfa5371a758b,EOG_LaSalle,TX,s3://enverus-courthouse-prod-chd-plants/tx/eog_lasalle/3624/3624f16a-976d-4233-af36-bfa5371a758b.pdf
363080f7-fc0e-422d-8b72-260553784f58,Ochiltree,TX,s3://enverus-courthouse-prod-chd-plants/tx/ochiltree/3630/363080f7-fc0e-422d-8b72-260553784f58.pdf
363c223c-7860-42b5-aa91-e38feeaefb5f,EOG_LaSalle,TX,s3://enverus-courthouse-prod-chd-plants/tx/eog_lasalle/363c/363c223c-7860-42b5-aa91-e38feeaefb5f.pdf
363fd05c-bf3d-46ed-b7a3-d920028b84dc,CHD_Lea,NM,s3://enverus-courthouse-prod-chd-plants/nm/chd_lea/363f/363fd05c-bf3d-46ed-b7a3-d920028b84dc.pdf
36664f62-0e77-433c-b24c-0956482cdaea,EOG_LaSalle,TX,s3://enverus-courthouse-prod-chd-plants/tx/eog_lasalle/3666/36664f62-0e77-433c-b24c-0956482cdaea.pdf
368142e8-431a-4c51-a1bd-e049865d26ca,EOG_Cooke,TX,s3://enverus-courthouse-prod-chd-plants/tx/eog_cooke/3681/368142e8-431a-4c51-a1bd-e049865d26ca.pdf
3699f71d-7283-4ed3-bb99-8ad3e048fd71,EOG_Lea,NM,s3://enverus-courthouse-prod-chd-plants/nm/eog_lea/3699/3699f71d-7283-4ed3-bb99-8ad3e048fd71.pdf
36B77B44-F8EA-4B14-A1B7-A3DE56AA6911,TRAINING_LaSalle,TX,s3://enverus-courthouse-prod-chd-plants/tx/training_lasalle/36B7/36B77B44-F8EA-4B14-A1B7-A3DE56AA6911.pdf
36b984a9-dfae-4fe3-94ea-aaa99aaf240d,CHD_Lea,NM,s3://enverus-courthouse-prod-chd-plants/nm/chd_lea/36b9/36b984a9-dfae-4fe3-94ea-aaa99aaf240d.pdf
36FF5971-944A-4207-A072-65B6D941A0CC,TRAINING_Eddy,NM,s3://enverus-courthouse-prod-chd-plants/nm/training_eddy/36FF/36FF5971-944A-4207-A072-65B6D941A0CC.pdf
370B83C1-8C4F-49DB-9D7B-3277E5575B5B,TRAINING_Loving,TX,s3://enverus-courthouse-prod-chd-plants/tx/training_loving/370B/370B83C1-8C4F-49DB-9D7B-3277E5575B5B.pdf
373a0323-80c8-4805-b886-db4b6d0dbd3b,CHD_Lea,NM,s3://enverus-courthouse-prod-chd-plants/nm/chd_lea/373a/373a0323-80c8-4805-b886-db4b6d0dbd3b.pdf
374a048a-7409-468e-903b-30e3a240d6a9,Hood,TX,s3://enverus-courthouse-prod-chd-plants/tx/hood/374a/374a048a-7409-468e-903b-30e3a240d6a9.pdf
374a3ca0-0190-4667-a912-24c7d589185b,EOG_Gonzales,TX,s3://enverus-courthouse-prod-chd-plants/tx/eog_gonzales/374a/374a3ca0-0190-4667-a912-24c7d589185b.pdf
375288ef-3a4f-417b-808f-05bb6132bf14,EOG_Atascosa,TX,s3://enverus-courthouse-prod-chd-plants/tx/eog_atascosa/3752/375288ef-3a4f-417b-808f-05bb6132bf14.pdf
37567D37-988A-40A9-BA13-FF5089BF8118,TRAINING_Crockett,TX,s3://enverus-courthouse-prod-chd-plants/tx/training_crockett/3756/37567D37-988A-40A9-BA13-FF5089BF8118.pdf
3763371c-2ee0-4fa8-93eb-f18c8616366d,EOG_Cooke,TX,s3://enverus-courthouse-prod-chd-plants/tx/eog_cooke/3763/3763371c-2ee0-4fa8-93eb-f18c8616366d.pdf
37932413-8742-4910-b91e-94d550aedc9f,EOG_Atascosa,TX,s3://enverus-courthouse-prod-chd-plants/tx/eog_atascosa/3793/37932413-8742-4910-b91e-94d550aedc9f.pdf
37ae0aca-4891-4b30-ad42-48ce6f2a6a7c,EOG_Cooke,TX,s3://enverus-courthouse-prod-chd-plants/tx/eog_cooke/37ae/37ae0aca-4891-4b30-ad42-48ce6f2a6a7c.pdf
37c0ddfa-39f8-4d59-9cf9-0c39b50d73f3,EOG_Gonzales,TX,s3://enverus-courthouse-prod-chd-plants/tx/eog_gonzales/37c0/37c0ddfa-39f8-4d59-9cf9-0c39b50d73f3.pdf
37c93304-5aa4-4b69-8768-ea6e2959547c,EOG_Karnes,TX,s3://enverus-courthouse-prod-chd-plants/tx/eog_karnes/37c9/37c93304-5aa4-4b69-8768-ea6e2959547c.pdf
37e7b5d4-8b31-468f-adda-0bd02ef038e3,CHD_Lea,NM,s3://enverus-courthouse-prod-chd-plants/nm/chd_lea/37e7/37e7b5d4-8b31-468f-adda-0bd02ef038e3.pdf
382b983b-827d-42c7-b765-2c4a6517969d,EOG_Gonzales,TX,s3://enverus-courthouse-prod-chd-plants/tx/eog_gonzales/382b/382b983b-827d-42c7-b765-2c4a6517969d.pdf
38430b1d-d0d6-489d-a5a7-534b796fedb7,EOG_Lea,NM,s3://enverus-courthouse-prod-chd-plants/nm/eog_lea/3843/38430b1d-d0d6-489d-a5a7-534b796fedb7.pdf
38628943-3fba-11eb-935a-00505681224b,EOG_Lea,NM,s3://enverus-courthouse-prod-chd-plants/nm/eog_lea/3862/38628943-3fba-11eb-935a-00505681224b.pdf
386625a7-80f1-4f8a-ab2f-74a5178d8cd5,EOG_McMullen,TX,s3://enverus-courthouse-prod-chd-plants/tx/eog_mcmullen/3866/386625a7-80f1-4f8a-ab2f-74a5178d8cd5.pdf
38773920-0951-4593-8a05-5bd02b69cb3a,EOG_Lea,NM,s3://enverus-courthouse-prod-chd-plants/nm/eog_lea/3877/38773920-0951-4593-8a05-5bd02b69cb3a.pdf
3878c689-2b09-4b7d-978e-48378bed867a,EOG_Cooke,TX,s3://enverus-courthouse-prod-chd-plants/tx/eog_cooke/3878/3878c689-2b09-4b7d-978e-48378bed867a.pdf
3883ddb4-27bb-4263-b2b8-b9965ba3bc23,EOG_Gonzales,TX,s3://enverus-courthouse-prod-chd-plants/tx/eog_gonzales/3883/3883ddb4-27bb-4263-b2b8-b9965ba3bc23.pdf
38a10cc6-3b56-4b29-bc9f-90833ed072bb,EOG_Atascosa,TX,s3://enverus-courthouse-prod-chd-plants/tx/eog_atascosa/38a1/38a10cc6-3b56-4b29-bc9f-90833ed072bb.pdf
38d79073-1942-410f-bb05-eb0e86618666,EOG_Cooke,TX,s3://enverus-courthouse-prod-chd-plants/tx/eog_cooke/38d7/38d79073-1942-410f-bb05-eb0e86618666.pdf
391c1b24-b69d-44d8-ae8c-d46f0c2c9b21,CHD_Lea,NM,s3://enverus-courthouse-prod-chd-plants/nm/chd_lea/391c/391c1b24-b69d-44d8-ae8c-d46f0c2c9b21.pdf
3955f671-1088-4215-8672-6490474c4c5a,EOG_Lea,NM,s3://enverus-courthouse-prod-chd-plants/nm/eog_lea/3955/3955f671-1088-4215-8672-6490474c4c5a.pdf
3986d7ee-d3ef-46ce-8e7a-6a44613a6fef,Houston,TX,s3://enverus-courthouse-prod-chd-plants/tx/houston/3986/3986d7ee-d3ef-46ce-8e7a-6a44613a6fef.pdf
39aee9d3-aa70-4e30-ace3-e0420e037597,EOG_Lea,NM,s3://enverus-courthouse-prod-chd-plants/nm/eog_lea/39ae/39aee9d3-aa70-4e30-ace3-e0420e037597.pdf
39b8339f-d2b0-403a-b7c7-dc345eeccbd9,EOG_Cooke,TX,s3://enverus-courthouse-prod-chd-plants/tx/eog_cooke/39b8/39b8339f-d2b0-403a-b7c7-dc345eeccbd9.pdf
39cebc16-1e70-4ad4-b9e9-fd35f69ac050,EOG_Karnes,TX,s3://enverus-courthouse-prod-chd-plants/tx/eog_karnes/39ce/39cebc16-1e70-4ad4-b9e9-fd35f69ac050.pdf
39d03a21-7855-4eaf-ab02-10b954755d24,EOG_Atascosa,TX,s3://enverus-courthouse-prod-chd-plants/tx/eog_atascosa/39d0/39d03a21-7855-4eaf-ab02-10b954755d24.pdf
39f58404-64c6-4928-8f3e-94c68e38e120,EOG_Atascosa,TX,s3://enverus-courthouse-prod-chd-plants/tx/eog_atascosa/39f5/39f58404-64c6-4928-8f3e-94c68e38e120.pdf
39f8e67c-f9d6-41ee-9361-4c4a6a648f8a,CHD_Lea,NM,s3://enverus-courthouse-prod-chd-plants/nm/chd_lea/39f8/39f8e67c-f9d6-41ee-9361-4c4a6a648f8a.pdf
3a2b5613-f4a6-47b2-8332-cc011d5cc292,CHD_Lea,NM,s3://enverus-courthouse-prod-chd-plants/nm/chd_lea/3a2b/3a2b5613-f4a6-47b2-8332-cc011d5cc292.pdf
3A31B069-AAD6-4D76-B195-ABCC2FDD6E59,TRAINING_Johnson,TX,s3://enverus-courthouse-prod-chd-plants/tx/training_johnson/3A31/3A31B069-AAD6-4D76-B195-ABCC2FDD6E59.pdf
3a32382e-01c2-4597-9bf4-d2a468cf1d1c,EOG_Gonzales,TX,s3://enverus-courthouse-prod-chd-plants/tx/eog_gonzales/3a32/3a32382e-01c2-4597-9bf4-d2a468cf1d1c.pdf
3a369ec4-7cac-41aa-9784-7ff747c95963,EOG_Karnes,TX,s3://enverus-courthouse-prod-chd-plants/tx/eog_karnes/3a36/3a369ec4-7cac-41aa-9784-7ff747c95963.pdf
3a64e8ae-f9fd-4425-9421-c6d6eeb14176,CHD_Lea,NM,s3://enverus-courthouse-prod-chd-plants/nm/chd_lea/3a64/3a64e8ae-f9fd-4425-9421-c6d6eeb14176.pdf
3A9C0F34-08A5-4962-B407-AFCBFF84D4C0,TRAINING_Andrews,TX,s3://enverus-courthouse-prod-chd-plants/tx/training_andrews/3A9C/3A9C0F34-08A5-4962-B407-AFCBFF84D4C0.pdf
3ae2d447-eaf7-441b-9c6b-96c463279c90,Roger Mills,OK,s3://enverus-courthouse-prod-chd-plants/ok/roger mills/3ae2/3ae2d447-eaf7-441b-9c6b-96c463279c90.pdf
3AE5D2BB-807E-4A46-9463-B79A37B4A306,TRAINING_Grimes,TX,s3://enverus-courthouse-prod-chd-plants/tx/training_grimes/3AE5/3AE5D2BB-807E-4A46-9463-B79A37B4A306.pdf
3AEB7F10-6C3D-4531-B3AB-3E9FC85EF57F,TRAINING_Reeves,TX,s3://enverus-courthouse-prod-chd-plants/tx/training_reeves/3AEB/3AEB7F10-6C3D-4531-B3AB-3E9FC85EF57F.pdf
3af2026b-ecc6-49d0-9c18-b89d84ae3834,EOG_Lea,NM,s3://enverus-courthouse-prod-chd-plants/nm/eog_lea/3af2/3af2026b-ecc6-49d0-9c18-b89d84ae3834.pdf
3b12f484-be5f-4c42-a61e-af0d97e8be46,EOG_Cooke,TX,s3://enverus-courthouse-prod-chd-plants/tx/eog_cooke/3b12/3b12f484-be5f-4c42-a61e-af0d97e8be46.pdf
3b32212b-947a-44e7-b2fd-3d10ded44129,EOG_Atascosa,TX,s3://enverus-courthouse-prod-chd-plants/tx/eog_atascosa/3b32/3b32212b-947a-44e7-b2fd-3d10ded44129.pdf
3b642c08-5bfd-4270-8fdb-639a4626d867,CHD_Lea,NM,s3://enverus-courthouse-prod-chd-plants/nm/chd_lea/3b64/3b642c08-5bfd-4270-8fdb-639a4626d867.pdf
3b938840-818a-4414-86e4-ae5e8900bade,EOG_Lea,NM,s3://enverus-courthouse-prod-chd-plants/nm/eog_lea/3b93/3b938840-818a-4414-86e4-ae5e8900bade.pdf
3ba477ef-cdef-4cd2-ad1d-77e638110828,EOG_Lea,NM,s3://enverus-courthouse-prod-chd-plants/nm/eog_lea/3ba4/3ba477ef-cdef-4cd2-ad1d-77e638110828.pdf
3ba848f8-0941-4f9e-ac34-23d99f472c04,EOG_Cooke,TX,s3://enverus-courthouse-prod-chd-plants/tx/eog_cooke/3ba8/3ba848f8-0941-4f9e-ac34-23d99f472c04.pdf
3bad4e55-b1ac-4bc8-b47f-6d92c0385b0f,EOG_Atascosa,TX,s3://enverus-courthouse-prod-chd-plants/tx/eog_atascosa/3bad/3bad4e55-b1ac-4bc8-b47f-6d92c0385b0f.pdf
3baf67e9-a8f3-4496-aac2-aa7210dd5426,Crane,TX,s3://enverus-courthouse-prod-chd-plants/tx/crane/3baf/3baf67e9-a8f3-4496-aac2-aa7210dd5426.pdf
3bb7dbdd-cb70-419f-8087-27aefd169104,CHD_Lea,NM,s3://enverus-courthouse-prod-chd-plants/nm/chd_lea/3bb7/3bb7dbdd-cb70-419f-8087-27aefd169104.pdf
3bc1dc6c-599c-4ab7-9472-567d87cc55a1,EOG_Lea,NM,s3://enverus-courthouse-prod-chd-plants/nm/eog_lea/3bc1/3bc1dc6c-599c-4ab7-9472-567d87cc55a1.pdf
3BE17AC5-5496-484C-80EF-A31B1FF14928,TRAINING_Crockett,TX,s3://enverus-courthouse-prod-chd-plants/tx/training_crockett/3BE1/3BE17AC5-5496-484C-80EF-A31B1FF14928.pdf
3bff7c3f-686f-11ec-9ca2-00505681224b,EOG_Lea,NM,s3://enverus-courthouse-prod-chd-plants/nm/eog_lea/3bff/3bff7c3f-686f-11ec-9ca2-00505681224b.pdf
3bff7c4c-686f-11ec-a73e-00505681224b,EOG_Lea,NM,s3://enverus-courthouse-prod-chd-plants/nm/eog_lea/3bff/3bff7c4c-686f-11ec-a73e-00505681224b.pdf
3c30cc7a-e979-4313-bfc3-52f534b873ec,EOG_Atascosa,TX,s3://enverus-courthouse-prod-chd-plants/tx/eog_atascosa/3c30/3c30cc7a-e979-4313-bfc3-52f534b873ec.pdf
3c461726-af47-4c22-8b92-58f050d69760,EOG_Karnes,TX,s3://enverus-courthouse-prod-chd-plants/tx/eog_karnes/3c46/3c461726-af47-4c22-8b92-58f050d69760.pdf
3c4d9c5e-7582-423b-87c1-0da0eb71fea5,CHD_Lea,NM,s3://enverus-courthouse-prod-chd-plants/nm/chd_lea/3c4d/3c4d9c5e-7582-423b-87c1-0da0eb71fea5.pdf
3c632f71-0d03-4716-9daf-8a193b084339,EOG_Karnes,TX,s3://enverus-courthouse-prod-chd-plants/tx/eog_karnes/3c63/3c632f71-0d03-4716-9daf-8a193b084339.pdf
3c9c8575-4bf4-4e82-b4e2-dd9c64d13d75,EOG_Cooke,TX,s3://enverus-courthouse-prod-chd-plants/tx/eog_cooke/3c9c/3c9c8575-4bf4-4e82-b4e2-dd9c64d13d75.pdf
3cbf9d46-bd5d-429f-9b0d-ddfbc0b77be5,EOG_Gonzales,TX,s3://enverus-courthouse-prod-chd-plants/tx/eog_gonzales/3cbf/3cbf9d46-bd5d-429f-9b0d-ddfbc0b77be5.pdf
3ceaf56f-95f6-46f0-8c23-816c969894d3,EOG_Cooke,TX,s3://enverus-courthouse-prod-chd-plants/tx/eog_cooke/3cea/3ceaf56f-95f6-46f0-8c23-816c969894d3.pdf
3cf35ef8-8868-7145-af23-9bc10f2bf7fc,Burleson,TX,s3://enverus-courthouse-prod-chd-plants/tx/burleson/3cf3/3cf35ef8-8868-7145-af23-9bc10f2bf7fc.pdf
3D005CBF-9D82-488B-AFD2-2F6F4A0A237A,TRAINING_Midland,TX,s3://enverus-courthouse-prod-chd-plants/tx/training_midland/3D00/3D005CBF-9D82-488B-AFD2-2F6F4A0A237A.pdf
3d302432-74d8-4668-9f9d-fa89537c4181,CHD_Lea,NM,s3://enverus-courthouse-prod-chd-plants/nm/chd_lea/3d30/3d302432-74d8-4668-9f9d-fa89537c4181.pdf
3d322d58-d0bf-4cdb-8706-5bd42338c1f7,EOG_LaSalle,TX,s3://enverus-courthouse-prod-chd-plants/tx/eog_lasalle/3d32/3d322d58-d0bf-4cdb-8706-5bd42338c1f7.pdf
3d7e89ba-ae1a-42f7-bf51-b948d31f23a1,CHD_Lea,NM,s3://enverus-courthouse-prod-chd-plants/nm/chd_lea/3d7e/3d7e89ba-ae1a-42f7-bf51-b948d31f23a1.pdf
3DB236C1-E93D-46B4-BA43-995523D25E88,TRAINING_Midland,TX,s3://enverus-courthouse-prod-chd-plants/tx/training_midland/3DB2/3DB236C1-E93D-46B4-BA43-995523D25E88.pdf
3ddb3e6d-ca7f-403f-94ec-69d0ad29713b,EOG_Atascosa,TX,s3://enverus-courthouse-prod-chd-plants/tx/eog_atascosa/3ddb/3ddb3e6d-ca7f-403f-94ec-69d0ad29713b.pdf
3e22fbb5-d178-4173-a641-9d5877fc9b0c,EOG_Lea,NM,s3://enverus-courthouse-prod-chd-plants/nm/eog_lea/3e22/3e22fbb5-d178-4173-a641-9d5877fc9b0c.pdf
3e2d134a-9ead-4797-a327-7e9073b07017,EOG_Gonzales,TX,s3://enverus-courthouse-prod-chd-plants/tx/eog_gonzales/3e2d/3e2d134a-9ead-4797-a327-7e9073b07017.pdf
3e30b137-7ad5-4b53-846a-2028225e526d,EOG_Lea,NM,s3://enverus-courthouse-prod-chd-plants/nm/eog_lea/3e30/3e30b137-7ad5-4b53-846a-2028225e526d.pdf
3e3da6d5-9b58-4b9d-b396-11b0906c2b8b,EOG_Cooke,TX,s3://enverus-courthouse-prod-chd-plants/tx/eog_cooke/3e3d/3e3da6d5-9b58-4b9d-b396-11b0906c2b8b.pdf
3e718976-276a-43dc-8287-cb9e722ee503,EOG_Cooke,TX,s3://enverus-courthouse-prod-chd-plants/tx/eog_cooke/3e71/3e718976-276a-43dc-8287-cb9e722ee503.pdf
3e81f897-78a2-438c-b096-21108e9d7de3,EOG_Cooke,TX,s3://enverus-courthouse-prod-chd-plants/tx/eog_cooke/3e81/3e81f897-78a2-438c-b096-21108e9d7de3.pdf
3e8b06fa-217c-47bb-bae1-67348370f744,EOG_Atascosa,TX,s3://enverus-courthouse-prod-chd-plants/tx/eog_atascosa/3e8b/3e8b06fa-217c-47bb-bae1-67348370f744.pdf
3EC5BB4C-5B73-409E-B6FD-53F979D5EACA,TRAINING_Burleson,TX,s3://enverus-courthouse-prod-chd-plants/tx/training_burleson/3EC5/3EC5BB4C-5B73-409E-B6FD-53F979D5EACA.pdf
3ecfab78-88b1-49c1-9923-054f5b27874b,EOG_Karnes,TX,s3://enverus-courthouse-prod-chd-plants/tx/eog_karnes/3ecf/3ecfab78-88b1-49c1-9923-054f5b27874b.pdf
3ee0f8aa-f013-4f0b-bce9-45f297b601c3,EOG_Cooke,TX,s3://enverus-courthouse-prod-chd-plants/tx/eog_cooke/3ee0/3ee0f8aa-f013-4f0b-bce9-45f297b601c3.pdf
3f0701e1-13d7-4838-b782-f593843ca221,EOG_Lea,NM,s3://enverus-courthouse-prod-chd-plants/nm/eog_lea/3f07/3f0701e1-13d7-4838-b782-f593843ca221.pdf
3f19dda5-f9aa-47ef-9514-ef3c8e62acdd,CHD_Lea,NM,s3://enverus-courthouse-prod-chd-plants/nm/chd_lea/3f19/3f19dda5-f9aa-47ef-9514-ef3c8e62acdd.pdf
3f7857d5-2465-4b7f-a0df-3e7e09c34672,EOG_Gonzales,TX,s3://enverus-courthouse-prod-chd-plants/tx/eog_gonzales/3f78/3f7857d5-2465-4b7f-a0df-3e7e09c34672.pdf
3f8f1fb5-9b93-46ba-92b2-37ca5f1b53a7,EOG_Atascosa,TX,s3://enverus-courthouse-prod-chd-plants/tx/eog_atascosa/3f8f/3f8f1fb5-9b93-46ba-92b2-37ca5f1b53a7.pdf
3f94f7b8-420e-48b1-bd42-8afcdcc09cdb,EOG_Lea,NM,s3://enverus-courthouse-prod-chd-plants/nm/eog_lea/3f94/3f94f7b8-420e-48b1-bd42-8afcdcc09cdb.pdf
3fb054ab-e4d3-4565-924c-fcd7d2c8a922,Midland,TX,s3://enverus-courthouse-prod-chd-plants/tx/midland/3fb0/3fb054ab-e4d3-4565-924c-fcd7d2c8a922.pdf
3fce98b6-5846-488a-a76f-5bcf29f1cbd9,EOG_Lea,NM,s3://enverus-courthouse-prod-chd-plants/nm/eog_lea/3fce/3fce98b6-5846-488a-a76f-5bcf29f1cbd9.pdf
3FD9B8FE-BAC1-468C-A60D-88D4E0269830,TRAINING_Madison,TX,s3://enverus-courthouse-prod-chd-plants/tx/training_madison/3FD9/3FD9B8FE-BAC1-468C-A60D-88D4E0269830.pdf
3FDCE5E7-1A88-42EF-A721-2A3D20E2F024,TRAINING_Crockett,TX,s3://enverus-courthouse-prod-chd-plants/tx/training_crockett/3FDC/3FDCE5E7-1A88-42EF-A721-2A3D20E2F024.pdf
3FEE48FF-865B-4A4E-81C8-BEA9D619A2C7,TRAINING_Burleson,TX,s3://enverus-courthouse-prod-chd-plants/tx/training_burleson/3FEE/3FEE48FF-865B-4A4E-81C8-BEA9D619A2C7.pdf
3ff1432f-9079-46e1-996a-70cfdf4eca77,EOG_Karnes,TX,s3://enverus-courthouse-prod-chd-plants/tx/eog_karnes/3ff1/3ff1432f-9079-46e1-996a-70cfdf4eca77.pdf
4012e86c-18ce-41d6-8afa-4569b51024fa,CHD_Lea,NM,s3://enverus-courthouse-prod-chd-plants/nm/chd_lea/4012/4012e86c-18ce-41d6-8afa-4569b51024fa.pdf
4047f73e-88d9-4c51-9d2d-1dec2c75f564,Hood,TX,s3://enverus-courthouse-prod-chd-plants/tx/hood/4047/4047f73e-88d9-4c51-9d2d-1dec2c75f564.pdf
408a860a-6239-43fc-be6d-cfe170225cc3,Midland,TX,s3://enverus-courthouse-prod-chd-plants/tx/midland/408a/408a860a-6239-43fc-be6d-cfe170225cc3.pdf
40BCFEA7-C7FE-414E-96D6-64282B15F6C8,TRAINING_Eddy,NM,s3://enverus-courthouse-prod-chd-plants/nm/training_eddy/40BC/40BCFEA7-C7FE-414E-96D6-64282B15F6C8.pdf
40bf2b30-da5a-418a-9205-992a196bb989,CHD_Lea,NM,s3://enverus-courthouse-prod-chd-plants/nm/chd_lea/40bf/40bf2b30-da5a-418a-9205-992a196bb989.pdf
40d028dc-b73a-4c14-8350-155aa3b49c26,EOG_Atascosa,TX,s3://enverus-courthouse-prod-chd-plants/tx/eog_atascosa/40d0/40d028dc-b73a-4c14-8350-155aa3b49c26.pdf
40fc9327-49a0-4476-bfe3-ed4c9f93c068,EOG_Atascosa,TX,s3://enverus-courthouse-prod-chd-plants/tx/eog_atascosa/40fc/40fc9327-49a0-4476-bfe3-ed4c9f93c068.pdf
410d658d-1577-4342-9118-d5d440e61f3b,EOG_Gonzales,TX,s3://enverus-courthouse-prod-chd-plants/tx/eog_gonzales/410d/410d658d-1577-4342-9118-d5d440e61f3b.pdf
41105a69-36ae-446e-845a-26120b05fe0f,EOG_Cooke,TX,s3://enverus-courthouse-prod-chd-plants/tx/eog_cooke/4110/41105a69-36ae-446e-845a-26120b05fe0f.pdf
4121E619-BA49-4FB5-9701-EF6E5DD9CE1A,TRAINING_Crockett,TX,s3://enverus-courthouse-prod-chd-plants/tx/training_crockett/4121/4121E619-BA49-4FB5-9701-EF6E5DD9CE1A.pdf
415731c9-3303-4e66-918e-56f07cd8c056,EOG_Gonzales,TX,s3://enverus-courthouse-prod-chd-plants/tx/eog_gonzales/4157/415731c9-3303-4e66-918e-56f07cd8c056.pdf
41752306-8e58-4053-8e7c-5137756248db,CHD_Lea,NM,s3://enverus-courthouse-prod-chd-plants/nm/chd_lea/4175/41752306-8e58-4053-8e7c-5137756248db.pdf
417c60a4-e537-8b44-900b-fa477990c659,Crane,TX,s3://enverus-courthouse-prod-chd-plants/tx/crane/417c/417c60a4-e537-8b44-900b-fa477990c659.pdf
418AF577-8173-4D20-BF6F-2FC31524823C,TRAINING_Crockett,TX,s3://enverus-courthouse-prod-chd-plants/tx/training_crockett/418A/418AF577-8173-4D20-BF6F-2FC31524823C.pdf
41b7334e-39a8-4902-8142-4c5e799b6739,EOG_Cooke,TX,s3://enverus-courthouse-prod-chd-plants/tx/eog_cooke/41b7/41b7334e-39a8-4902-8142-4c5e799b6739.pdf
41C4A742-4573-4E9E-B47F-C38E601BFB08,TRAINING_Johnson,TX,s3://enverus-courthouse-prod-chd-plants/tx/training_johnson/41C4/41C4A742-4573-4E9E-B47F-C38E601BFB08.pdf
41c834a3-5922-41de-b74c-ea9601e5c0d9,CHD_Lea,NM,s3://enverus-courthouse-prod-chd-plants/nm/chd_lea/41c8/41c834a3-5922-41de-b74c-ea9601e5c0d9.pdf
41e23fde-f523-4b4a-8010-7d2dc747b8ed,EOG_Cooke,TX,s3://enverus-courthouse-prod-chd-plants/tx/eog_cooke/41e2/41e23fde-f523-4b4a-8010-7d2dc747b8ed.pdf
42157d92-ad34-41d9-b01d-8fd3e8e50d96,Houston,TX,s3://enverus-courthouse-prod-chd-plants/tx/houston/4215/42157d92-ad34-41d9-b01d-8fd3e8e50d96.pdf
42622103-c081-425e-b6c9-1a28d87eaefb,EOG_Cooke,TX,s3://enverus-courthouse-prod-chd-plants/tx/eog_cooke/4262/42622103-c081-425e-b6c9-1a28d87eaefb.pdf
42714b27-09e9-463f-a6d6-fde65771dcd4,Houston,TX,s3://enverus-courthouse-prod-chd-plants/tx/houston/4271/42714b27-09e9-463f-a6d6-fde65771dcd4.pdf
42A57EF6-8CA6-4192-8153-2A20DBF377B9,TRAINING_Martin,TX,s3://enverus-courthouse-prod-chd-plants/tx/training_martin/42A5/42A57EF6-8CA6-4192-8153-2A20DBF377B9.pdf
42c50172-eaef-42cf-99a0-d23df5255a67,EOG_Lea,NM,s3://enverus-courthouse-prod-chd-plants/nm/eog_lea/42c5/42c50172-eaef-42cf-99a0-d23df5255a67.pdf
43158ea7-4443-4724-939e-6989bec91ba4,CHD_Lea,NM,s3://enverus-courthouse-prod-chd-plants/nm/chd_lea/4315/43158ea7-4443-4724-939e-6989bec91ba4.pdf
433b0823-e711-4d12-a048-c8b79b393ff5,CHD_Lea,NM,s3://enverus-courthouse-prod-chd-plants/nm/chd_lea/433b/433b0823-e711-4d12-a048-c8b79b393ff5.pdf
43664a31-1fba-4ea8-b4d8-109fd2d45c59,EOG_Karnes,TX,s3://enverus-courthouse-prod-chd-plants/tx/eog_karnes/4366/43664a31-1fba-4ea8-b4d8-109fd2d45c59.pdf
436C7688-1327-4E72-90B4-2B4E35D268DD,TRAINING_Burleson,TX,s3://enverus-courthouse-prod-chd-plants/tx/training_burleson/436C/436C7688-1327-4E72-90B4-2B4E35D268DD.pdf
438b0306-732c-4491-8242-c940d4cda565,EOG_LaSalle,TX,s3://enverus-courthouse-prod-chd-plants/tx/eog_lasalle/438b/438b0306-732c-4491-8242-c940d4cda565.pdf
438dee81-b18e-4a29-be8d-4b5499e3ab25,Lea,NM,s3://enverus-courthouse-prod-chd-plants/nm/lea/438d/438dee81-b18e-4a29-be8d-4b5499e3ab25.pdf
43a92cbb-4b15-4560-86bb-d3b597de6c32,EOG_Gonzales,TX,s3://enverus-courthouse-prod-chd-plants/tx/eog_gonzales/43a9/43a92cbb-4b15-4560-86bb-d3b597de6c32.pdf
43aa6874-8aa1-48b5-8264-d6fb9a9fe451,EOG_Atascosa,TX,s3://enverus-courthouse-prod-chd-plants/tx/eog_atascosa/43aa/43aa6874-8aa1-48b5-8264-d6fb9a9fe451.pdf
43bdbff3-cf0f-4633-a90d-9b83de41964c,EOG_Atascosa,TX,s3://enverus-courthouse-prod-chd-plants/tx/eog_atascosa/43bd/43bdbff3-cf0f-4633-a90d-9b83de41964c.pdf
43c87d7f-fd4c-46e0-8b28-8f302d3d5026,EOG_Cooke,TX,s3://enverus-courthouse-prod-chd-plants/tx/eog_cooke/43c8/43c87d7f-fd4c-46e0-8b28-8f302d3d5026.pdf
43d9d73b-58bb-43bc-84fb-35d62398024b,EOG_Lea,NM,s3://enverus-courthouse-prod-chd-plants/nm/eog_lea/43d9/43d9d73b-58bb-43bc-84fb-35d62398024b.pdf
44252F05-7EE2-47B1-8497-12862780C443,TRAINING_Montague,TX,s3://enverus-courthouse-prod-chd-plants/tx/training_montague/4425/44252F05-7EE2-47B1-8497-12862780C443.pdf
4465a22c-6ace-45b9-9e1b-4fa668c2ae30,Crane,TX,s3://enverus-courthouse-prod-chd-plants/tx/crane/4465/4465a22c-6ace-45b9-9e1b-4fa668c2ae30.pdf
449ffe35-fec8-449c-8811-ed5aa827bdfe,EOG_Karnes,TX,s3://enverus-courthouse-prod-chd-plants/tx/eog_karnes/449f/449ffe35-fec8-449c-8811-ed5aa827bdfe.pdf
44b02c1c-d1ce-4062-a13a-4908e686903e,CHD_Lea,NM,s3://enverus-courthouse-prod-chd-plants/nm/chd_lea/44b0/44b02c1c-d1ce-4062-a13a-4908e686903e.pdf
44fc5d41-99cd-4fef-aa0f-0958177ddc5b,EOG_McMullen,TX,s3://enverus-courthouse-prod-chd-plants/tx/eog_mcmullen/44fc/44fc5d41-99cd-4fef-aa0f-0958177ddc5b.pdf
44FC8285-875F-4DE0-9ECA-5B9FE3A6A614,TRAINING_Midland,TX,s3://enverus-courthouse-prod-chd-plants/tx/training_midland/44FC/44FC8285-875F-4DE0-9ECA-5B9FE3A6A614.pdf
45594ee2-3434-40de-90a7-a99aa26da26c,EOG_Atascosa,TX,s3://enverus-courthouse-prod-chd-plants/tx/eog_atascosa/4559/45594ee2-3434-40de-90a7-a99aa26da26c.pdf
457bb279-f25e-46d1-8956-12f71828497a,EOG_Cooke,TX,s3://enverus-courthouse-prod-chd-plants/tx/eog_cooke/457b/457bb279-f25e-46d1-8956-12f71828497a.pdf
45b104fc-fef3-43d1-9951-424718f31632,CHD_Lea,NM,s3://enverus-courthouse-prod-chd-plants/nm/chd_lea/45b1/45b104fc-fef3-43d1-9951-424718f31632.pdf
46068b6e-e0c2-4aba-a064-42b7ceae4a8a,Dimmit,TX,s3://enverus-courthouse-prod-chd-plants/tx/dimmit/4606/46068b6e-e0c2-4aba-a064-42b7ceae4a8a.pdf
460a4905-78da-432a-83fd-105643bb7986,EOG_Atascosa,TX,s3://enverus-courthouse-prod-chd-plants/tx/eog_atascosa/460a/460a4905-78da-432a-83fd-105643bb7986.pdf
46355813-9a5a-4ead-a844-2bb3141e2365,Houston,TX,s3://enverus-courthouse-prod-chd-plants/tx/houston/4635/46355813-9a5a-4ead-a844-2bb3141e2365.pdf
4669c7b7-8b9f-42a3-87ee-264294e2f0f7,CHD_Lea,NM,s3://enverus-courthouse-prod-chd-plants/nm/chd_lea/4669/4669c7b7-8b9f-42a3-87ee-264294e2f0f7.pdf
467c11d0-33d4-4588-991b-7766f9074156,EOG_Cooke,TX,s3://enverus-courthouse-prod-chd-plants/tx/eog_cooke/467c/467c11d0-33d4-4588-991b-7766f9074156.pdf
4688f2e3-9847-4904-8c32-85fd8a4bc148,EOG_Cooke,TX,s3://enverus-courthouse-prod-chd-plants/tx/eog_cooke/4688/4688f2e3-9847-4904-8c32-85fd8a4bc148.pdf
468cbe6c-3e12-4c41-8e67-c6f050ae6f04,EOG_Karnes,TX,s3://enverus-courthouse-prod-chd-plants/tx/eog_karnes/468c/468cbe6c-3e12-4c41-8e67-c6f050ae6f04.pdf
46ba56a5-3d42-489a-9617-7010834d8535,CHD_Lea,NM,s3://enverus-courthouse-prod-chd-plants/nm/chd_lea/46ba/46ba56a5-3d42-489a-9617-7010834d8535.pdf
46D39C28-D8B6-4531-A3B1-05CC0DE61C34,TRAINING_Midland,TX,s3://enverus-courthouse-prod-chd-plants/tx/training_midland/46D3/46D39C28-D8B6-4531-A3B1-05CC0DE61C34.pdf
46e31ec3-2270-4523-a27b-3cb4bd7dce60,EOG_Karnes,TX,s3://enverus-courthouse-prod-chd-plants/tx/eog_karnes/46e3/46e31ec3-2270-4523-a27b-3cb4bd7dce60.pdf
47028500-be8d-4d1f-b18b-e67016629739,EOG_Gonzales,TX,s3://enverus-courthouse-prod-chd-plants/tx/eog_gonzales/4702/47028500-be8d-4d1f-b18b-e67016629739.pdf
47145466-85d9-4c37-a194-045be7409b2e,EOG_Karnes,TX,s3://enverus-courthouse-prod-chd-plants/tx/eog_karnes/4714/47145466-85d9-4c37-a194-045be7409b2e.pdf
47856b28-627f-4712-9931-c6cbbcf03aa6,EOG_Lea,NM,s3://enverus-courthouse-prod-chd-plants/nm/eog_lea/4785/47856b28-627f-4712-9931-c6cbbcf03aa6.pdf
478f36af-6847-4b67-b9bb-e31f79145839,EOG_Atascosa,TX,s3://enverus-courthouse-prod-chd-plants/tx/eog_atascosa/478f/478f36af-6847-4b67-b9bb-e31f79145839.pdf
479fd7b8-f5c1-4bdc-8c7d-2ab27b4ca26b,Hood,TX,s3://enverus-courthouse-prod-chd-plants/tx/hood/479f/479fd7b8-f5c1-4bdc-8c7d-2ab27b4ca26b.pdf
47e2cf0d-5f55-4b7e-998c-3bec208024d0,EOG_Cooke,TX,s3://enverus-courthouse-prod-chd-plants/tx/eog_cooke/47e2/47e2cf0d-5f55-4b7e-998c-3bec208024d0.pdf
48046980-3b2f-4340-8c61-e2795bb5c937,EOG_Karnes,TX,s3://enverus-courthouse-prod-chd-plants/tx/eog_karnes/4804/48046980-3b2f-4340-8c61-e2795bb5c937.pdf
48105cef-1d30-4278-b8bf-a8e211f77f5f,CHD_Lea,NM,s3://enverus-courthouse-prod-chd-plants/nm/chd_lea/4810/48105cef-1d30-4278-b8bf-a8e211f77f5f.pdf
4834f1e7-4acc-4a17-bc28-be1093d27ece,CHD_Lea,NM,s3://enverus-courthouse-prod-chd-plants/nm/chd_lea/4834/4834f1e7-4acc-4a17-bc28-be1093d27ece.pdf
4877ad81-1bb9-4e92-bd3a-377555c90877,EOG_Cooke,TX,s3://enverus-courthouse-prod-chd-plants/tx/eog_cooke/4877/4877ad81-1bb9-4e92-bd3a-377555c90877.pdf
48d8e16a-b94c-4083-8983-fbfe37e7c1da,EOG_Lea,NM,s3://enverus-courthouse-prod-chd-plants/nm/eog_lea/48d8/48d8e16a-b94c-4083-8983-fbfe37e7c1da.pdf
48db8483-e690-4742-9e49-abe32a2fc968,EOG_Atascosa,TX,s3://enverus-courthouse-prod-chd-plants/tx/eog_atascosa/48db/48db8483-e690-4742-9e49-abe32a2fc968.pdf
48f98e62-38b7-4fa0-bcbc-9f481ca4a413,EOG_Cooke,TX,s3://enverus-courthouse-prod-chd-plants/tx/eog_cooke/48f9/48f98e62-38b7-4fa0-bcbc-9f481ca4a413.pdf
491dedcb-ab37-4b67-a827-6a60d99920f6,EOG_Atascosa,TX,s3://enverus-courthouse-prod-chd-plants/tx/eog_atascosa/491d/491dedcb-ab37-4b67-a827-6a60d99920f6.pdf
49376bfd-9b56-4c88-b3f6-ba638a912501,EOG_Atascosa,TX,s3://enverus-courthouse-prod-chd-plants/tx/eog_atascosa/4937/49376bfd-9b56-4c88-b3f6-ba638a912501.pdf
4940C0EF-3D7C-480E-A40D-87F715587664,TRAINING_Upton,TX,s3://enverus-courthouse-prod-chd-plants/tx/training_upton/4940/4940C0EF-3D7C-480E-A40D-87F715587664.pdf
494110ce-8f50-4a64-995e-c6278920dd3d,EOG_Karnes,TX,s3://enverus-courthouse-prod-chd-plants/tx/eog_karnes/4941/494110ce-8f50-4a64-995e-c6278920dd3d.pdf
49d02faa-33d5-4a10-8a76-729bf099e32f,EOG_Atascosa,TX,s3://enverus-courthouse-prod-chd-plants/tx/eog_atascosa/49d0/49d02faa-33d5-4a10-8a76-729bf099e32f.pdf
49d7d754-1a99-47f3-b922-6de91003293f,Grimes,TX,s3://enverus-courthouse-prod-chd-plants/tx/grimes/49d7/49d7d754-1a99-47f3-b922-6de91003293f.pdf
49dbd958-2aba-4033-9f62-4512e0ef2fbe,EOG_Lea,NM,s3://enverus-courthouse-prod-chd-plants/nm/eog_lea/49db/49dbd958-2aba-4033-9f62-4512e0ef2fbe.pdf
4a4d6c55-ba2c-4a07-9594-04db2cf95e02,EOG_Lea,NM,s3://enverus-courthouse-prod-chd-plants/nm/eog_lea/4a4d/4a4d6c55-ba2c-4a07-9594-04db2cf95e02.pdf
4a51b58d-8167-41cb-aae3-f8e28d94986a,EOG_Gonzales,TX,s3://enverus-courthouse-prod-chd-plants/tx/eog_gonzales/4a51/4a51b58d-8167-41cb-aae3-f8e28d94986a.pdf
4a5c7c42-0f0e-4889-9bf7-a0b4186435ab,EOG_Cooke,TX,s3://enverus-courthouse-prod-chd-plants/tx/eog_cooke/4a5c/4a5c7c42-0f0e-4889-9bf7-a0b4186435ab.pdf
4a79bd35-6b35-428a-bb92-67c9af5197b6,EOG_McMullen,TX,s3://enverus-courthouse-prod-chd-plants/tx/eog_mcmullen/4a79/4a79bd35-6b35-428a-bb92-67c9af5197b6.pdf
4aa2f47c-e09d-44a2-a59e-d46601bec25a,Hood,TX,s3://enverus-courthouse-prod-chd-plants/tx/hood/4aa2/4aa2f47c-e09d-44a2-a59e-d46601bec25a.pdf
4b2eb912-9fe6-412f-bd4e-1c613799242a,EOG_Lea,NM,s3://enverus-courthouse-prod-chd-plants/nm/eog_lea/4b2e/4b2eb912-9fe6-412f-bd4e-1c613799242a.pdf
4b53cd07-ba98-479a-878d-116f5b876a5f,EOG_Karnes,TX,s3://enverus-courthouse-prod-chd-plants/tx/eog_karnes/4b53/4b53cd07-ba98-479a-878d-116f5b876a5f.pdf
4b562924-9739-48e5-bfa7-eff501fd8b23,EOG_Cooke,TX,s3://enverus-courthouse-prod-chd-plants/tx/eog_cooke/4b56/4b562924-9739-48e5-bfa7-eff501fd8b23.pdf
4B75F985-7CF5-4C2C-A4AD-057B932702B6,TRAINING_Eddy,NM,s3://enverus-courthouse-prod-chd-plants/nm/training_eddy/4B75/4B75F985-7CF5-4C2C-A4AD-057B932702B6.pdf
4b7d8cb1-b37e-4889-990c-5589718fa5e8,Houston,TX,s3://enverus-courthouse-prod-chd-plants/tx/houston/4b7d/4b7d8cb1-b37e-4889-990c-5589718fa5e8.pdf
4b82efcd-f3bb-4964-82f4-292e05f66eaf,Houston,TX,s3://enverus-courthouse-prod-chd-plants/tx/houston/4b82/4b82efcd-f3bb-4964-82f4-292e05f66eaf.pdf
4be06b84-1be7-4d5d-85eb-222b496f24e0,EOG_Lea,NM,s3://enverus-courthouse-prod-chd-plants/nm/eog_lea/4be0/4be06b84-1be7-4d5d-85eb-222b496f24e0.pdf
4c917607-697b-4e2d-9048-bc4bde94a29f,EOG_Lea,NM,s3://enverus-courthouse-prod-chd-plants/nm/eog_lea/4c91/4c917607-697b-4e2d-9048-bc4bde94a29f.pdf
4c9195d4-af22-40dc-ad25-d74e57a5d0a3,Hood,TX,s3://enverus-courthouse-prod-chd-plants/tx/hood/4c91/4c9195d4-af22-40dc-ad25-d74e57a5d0a3.pdf
4ca29650-dae6-4bc3-9f58-df5c50c65093,EOG_Atascosa,TX,s3://enverus-courthouse-prod-chd-plants/tx/eog_atascosa/4ca2/4ca29650-dae6-4bc3-9f58-df5c50c65093.pdf
4CB5A415-35F5-446B-B6E7-E0873E520EBC,TRAINING_Midland,TX,s3://enverus-courthouse-prod-chd-plants/tx/training_midland/4CB5/4CB5A415-35F5-446B-B6E7-E0873E520EBC.pdf
4cd85c26-a3cc-427f-8f5f-fbc34f996712,CHD_Lea,NM,s3://enverus-courthouse-prod-chd-plants/nm/chd_lea/4cd8/4cd85c26-a3cc-427f-8f5f-fbc34f996712.pdf
4cd95085-8bcc-11ec-a0da-00505681224b,EOG_Lea,NM,s3://enverus-courthouse-prod-chd-plants/nm/eog_lea/4cd9/4cd95085-8bcc-11ec-a0da-00505681224b.pdf
4ce92411-a234-4e34-a1bb-d7c315c46c0f,EOG_Cooke,TX,s3://enverus-courthouse-prod-chd-plants/tx/eog_cooke/4ce9/4ce92411-a234-4e34-a1bb-d7c315c46c0f.pdf
4cfb3a35-fe8f-4956-8573-e7940bbf47d7,EOG_LaSalle,TX,s3://enverus-courthouse-prod-chd-plants/tx/eog_lasalle/4cfb/4cfb3a35-fe8f-4956-8573-e7940bbf47d7.pdf
4d42a53c-f4eb-49ae-b64e-0c4c93047edd,EOG_Karnes,TX,s3://enverus-courthouse-prod-chd-plants/tx/eog_karnes/4d42/4d42a53c-f4eb-49ae-b64e-0c4c93047edd.pdf
4d54e243-8f4b-43c5-b851-793c3b59b592,EOG_Gonzales,TX,s3://enverus-courthouse-prod-chd-plants/tx/eog_gonzales/4d54/4d54e243-8f4b-43c5-b851-793c3b59b592.pdf
4d8bbaa3-0d3f-4839-a36c-c64041b9191b,EOG_Cooke,TX,s3://enverus-courthouse-prod-chd-plants/tx/eog_cooke/4d8b/4d8bbaa3-0d3f-4839-a36c-c64041b9191b.pdf
4d8f0206-aac0-442a-8c59-93eeed40d81b,EOG_Atascosa,TX,s3://enverus-courthouse-prod-chd-plants/tx/eog_atascosa/4d8f/4d8f0206-aac0-442a-8c59-93eeed40d81b.pdf
4d929ce3-0b75-4b71-bc5c-2a56a138536a,EOG_Lea,NM,s3://enverus-courthouse-prod-chd-plants/nm/eog_lea/4d92/4d929ce3-0b75-4b71-bc5c-2a56a138536a.pdf
4dbb3223-70a7-443d-a172-d9b634d66a96,EOG_Lea,NM,s3://enverus-courthouse-prod-chd-plants/nm/eog_lea/4dbb/4dbb3223-70a7-443d-a172-d9b634d66a96.pdf
4dbc0087-ef22-c84e-b0e6-6599fc14f319,Eddy,NM,s3://enverus-courthouse-prod-chd-plants/nm/eddy/4dbc/4dbc0087-ef22-c84e-b0e6-6599fc14f319.pdf
4dc26f93-10f1-4b15-8f87-f22f7502c43b,EOG_Karnes,TX,s3://enverus-courthouse-prod-chd-plants/tx/eog_karnes/4dc2/4dc26f93-10f1-4b15-8f87-f22f7502c43b.pdf
4E2F8464-7191-4C7A-83D4-59C1ECDFFE6F,TRAINING_Crockett,TX,s3://enverus-courthouse-prod-chd-plants/tx/training_crockett/4E2F/4E2F8464-7191-4C7A-83D4-59C1ECDFFE6F.pdf
4e32637d-d608-4756-af74-27769286ce6c,EOG_Cooke,TX,s3://enverus-courthouse-prod-chd-plants/tx/eog_cooke/4e32/4e32637d-d608-4756-af74-27769286ce6c.pdf
4e49def0-cb51-45b4-b095-e75156589e55,Houston,TX,s3://enverus-courthouse-prod-chd-plants/tx/houston/4e49/4e49def0-cb51-45b4-b095-e75156589e55.pdf
4E65FFC6-4780-4ABB-870D-19630DD809C7,TRAINING_Midland,TX,s3://enverus-courthouse-prod-chd-plants/tx/training_midland/4E65/4E65FFC6-4780-4ABB-870D-19630DD809C7.pdf
4e8eb921-a517-4b9f-9e17-0fe256ca3bed,EOG_Gonzales,TX,s3://enverus-courthouse-prod-chd-plants/tx/eog_gonzales/4e8e/4e8eb921-a517-4b9f-9e17-0fe256ca3bed.pdf
4eaebac5-379b-4f4c-be68-f8c93ca89175,EOG_Lea,NM,s3://enverus-courthouse-prod-chd-plants/nm/eog_lea/4eae/4eaebac5-379b-4f4c-be68-f8c93ca89175.pdf
4eb554f6-cbff-45e7-80ba-e0e15675c40d,EOG_Atascosa,TX,s3://enverus-courthouse-prod-chd-plants/tx/eog_atascosa/4eb5/4eb554f6-cbff-45e7-80ba-e0e15675c40d.pdf
4F013B03-ED55-42EB-86D3-4F36BB6E07E7,TRAINING_Grimes,TX,s3://enverus-courthouse-prod-chd-plants/tx/training_grimes/4F01/4F013B03-ED55-42EB-86D3-4F36BB6E07E7.pdf
4f9d2554-3ce5-403b-9bff-b915bb264eb2,EOG_Lea,NM,s3://enverus-courthouse-prod-chd-plants/nm/eog_lea/4f9d/4f9d2554-3ce5-403b-9bff-b915bb264eb2.pdf
4f9d97eb-7de5-4571-a13f-e6b68e2db905,EOG_Cooke,TX,s3://enverus-courthouse-prod-chd-plants/tx/eog_cooke/4f9d/4f9d97eb-7de5-4571-a13f-e6b68e2db905.pdf
4fc48f57-7d1e-4ee7-9317-16153a2610d1,EOG_Lea,NM,s3://enverus-courthouse-prod-chd-plants/nm/eog_lea/4fc4/4fc48f57-7d1e-4ee7-9317-16153a2610d1.pdf
4fc6108a-f326-483c-a6f4-e4ca0462fda3,EOG_Cooke,TX,s3://enverus-courthouse-prod-chd-plants/tx/eog_cooke/4fc6/4fc6108a-f326-483c-a6f4-e4ca0462fda3.pdf
4fef5441-d79b-4828-990b-cec07ae637c4,EOG_Lea,NM,s3://enverus-courthouse-prod-chd-plants/nm/eog_lea/4fef/4fef5441-d79b-4828-990b-cec07ae637c4.pdf
4FF288D1-4720-4520-B835-0CAED7033E30,TRAINING_Winkler,TX,s3://enverus-courthouse-prod-chd-plants/tx/training_winkler/4FF2/4FF288D1-4720-4520-B835-0CAED7033E30.pdf
50463047-ac28-43c0-a1d4-2251a0a592fc,Houston,TX,s3://enverus-courthouse-prod-chd-plants/tx/houston/5046/50463047-ac28-43c0-a1d4-2251a0a592fc.pdf
505088a3-05b6-447a-a4f8-b21770a4cf0a,Hood,TX,s3://enverus-courthouse-prod-chd-plants/tx/hood/5050/505088a3-05b6-447a-a4f8-b21770a4cf0a.pdf
5052b3bc-1231-493c-b0c7-882d70484dff,Lea,NM,s3://enverus-courthouse-prod-chd-plants/nm/lea/5052/5052b3bc-1231-493c-b0c7-882d70484dff.pdf
505f3a6a-d1ce-4df1-8d11-29c8a8dbd84d,EOG_Cooke,TX,s3://enverus-courthouse-prod-chd-plants/tx/eog_cooke/505f/505f3a6a-d1ce-4df1-8d11-29c8a8dbd84d.pdf
506b5f6c-f2d5-11e8-aa58-00505681224b,Roosevelt,MT,s3://enverus-courthouse-prod-chd-plants/mt/roosevelt/506b/506b5f6c-f2d5-11e8-aa58-00505681224b.pdf
50a03855-ea78-456a-9848-4f91cbe82204,EOG_Lea,NM,s3://enverus-courthouse-prod-chd-plants/nm/eog_lea/50a0/50a03855-ea78-456a-9848-4f91cbe82204.pdf
50b6e10e-e5ca-4524-97c6-47ba53f7f7df,EOG_Gonzales,TX,s3://enverus-courthouse-prod-chd-plants/tx/eog_gonzales/50b6/50b6e10e-e5ca-4524-97c6-47ba53f7f7df.pdf
50c39883-db6a-428d-8ef0-28290ac38fe5,EOG_LaSalle,TX,s3://enverus-courthouse-prod-chd-plants/tx/eog_lasalle/50c3/50c39883-db6a-428d-8ef0-28290ac38fe5.pdf
50ce9e7d-061b-43dc-8364-7670dce27dbc,EOG_LaSalle,TX,s3://enverus-courthouse-prod-chd-plants/tx/eog_lasalle/50ce/50ce9e7d-061b-43dc-8364-7670dce27dbc.pdf
50F65D46-7E24-4D69-9FF9-333A1BA1C89D,TRAINING_Live Oak,TX,s3://enverus-courthouse-prod-chd-plants/tx/training_live oak/50F6/50F65D46-7E24-4D69-9FF9-333A1BA1C89D.pdf
510d6504-c862-462c-823f-1a46390e533e,CHD_Lea,NM,s3://enverus-courthouse-prod-chd-plants/nm/chd_lea/510d/510d6504-c862-462c-823f-1a46390e533e.pdf
5131E9C5-7956-435F-9DA3-3F7BC8E05EFD,TRAINING_Walker,TX,s3://enverus-courthouse-prod-chd-plants/tx/training_walker/5131/5131E9C5-7956-435F-9DA3-3F7BC8E05EFD.pdf
5183964c-2dcc-4824-9763-a58f0b10dabb,EOG_Lea,NM,s3://enverus-courthouse-prod-chd-plants/nm/eog_lea/5183/5183964c-2dcc-4824-9763-a58f0b10dabb.pdf
51A30B85-9047-4B1C-8418-B3871866B129,TRAINING_Walker,TX,s3://enverus-courthouse-prod-chd-plants/tx/training_walker/51A3/51A30B85-9047-4B1C-8418-B3871866B129.pdf
51b1185c-6a32-4a7f-8e40-84b01537b43b,CHD_Lea,NM,s3://enverus-courthouse-prod-chd-plants/nm/chd_lea/51b1/51b1185c-6a32-4a7f-8e40-84b01537b43b.pdf
51c5a8bc-af74-4b0c-b6c4-810a78bf54f9,Houston,TX,s3://enverus-courthouse-prod-chd-plants/tx/houston/51c5/51c5a8bc-af74-4b0c-b6c4-810a78bf54f9.pdf
523f8c5c-2994-4a10-add5-62da46219440,EOG_Karnes,TX,s3://enverus-courthouse-prod-chd-plants/tx/eog_karnes/523f/523f8c5c-2994-4a10-add5-62da46219440.pdf
5271b9ad-2311-4b70-9840-9c6ea7ac9cf3,EOG_Lea,NM,s3://enverus-courthouse-prod-chd-plants/nm/eog_lea/5271/5271b9ad-2311-4b70-9840-9c6ea7ac9cf3.pdf
527A353E-DE04-40FE-A8F8-42D3CFF384AD,TRAINING_Houston,TX,s3://enverus-courthouse-prod-chd-plants/tx/training_houston/527A/527A353E-DE04-40FE-A8F8-42D3CFF384AD.pdf
529c0e4b-f849-453c-99fa-0b3a32ac131a,EOG_Karnes,TX,s3://enverus-courthouse-prod-chd-plants/tx/eog_karnes/529c/529c0e4b-f849-453c-99fa-0b3a32ac131a.pdf
52a86143-6f85-44f6-961b-de5cb8717308,EOG_Karnes,TX,s3://enverus-courthouse-prod-chd-plants/tx/eog_karnes/52a8/52a86143-6f85-44f6-961b-de5cb8717308.pdf
52adaab0-ee06-4d3e-8104-c8e683455e16,EOG_Gonzales,TX,s3://enverus-courthouse-prod-chd-plants/tx/eog_gonzales/52ad/52adaab0-ee06-4d3e-8104-c8e683455e16.pdf
52B3E0CF-5616-4767-842B-9911D92161F3,TRAINING_Jack,TX,s3://enverus-courthouse-prod-chd-plants/tx/training_jack/52B3/52B3E0CF-5616-4767-842B-9911D92161F3.pdf
52e607be-ac35-5c45-aff6-e5df22d28b4e,Eddy,NM,s3://enverus-courthouse-prod-chd-plants/nm/eddy/52e6/52e607be-ac35-5c45-aff6-e5df22d28b4e.pdf
52f1b5c5-4741-46b3-9ed3-9e13cf97f338,EOG_Cooke,TX,s3://enverus-courthouse-prod-chd-plants/tx/eog_cooke/52f1/52f1b5c5-4741-46b3-9ed3-9e13cf97f338.pdf
52fda673-72f5-4fb1-8d3c-8bc4dfce533f,CHD_Lea,NM,s3://enverus-courthouse-prod-chd-plants/nm/chd_lea/52fd/52fda673-72f5-4fb1-8d3c-8bc4dfce533f.pdf
53062736-9478-4427-9c99-2a322c6492c8,EOG_Lea,NM,s3://enverus-courthouse-prod-chd-plants/nm/eog_lea/5306/53062736-9478-4427-9c99-2a322c6492c8.pdf
530739ad-eec6-46a7-b900-2f6c620800c5,EOG_Lea,NM,s3://enverus-courthouse-prod-chd-plants/nm/eog_lea/5307/530739ad-eec6-46a7-b900-2f6c620800c5.pdf
5330757e-8297-431c-9a11-b846d21d4d0c,Houston,TX,s3://enverus-courthouse-prod-chd-plants/tx/houston/5330/5330757e-8297-431c-9a11-b846d21d4d0c.pdf
53343704-6726-4ee3-b485-2b2cf6ca2a14,CHD_Lea,NM,s3://enverus-courthouse-prod-chd-plants/nm/chd_lea/5334/53343704-6726-4ee3-b485-2b2cf6ca2a14.pdf
534d6d85-f445-41ac-b484-2c6c933ed029,EOG_Lea,NM,s3://enverus-courthouse-prod-chd-plants/nm/eog_lea/534d/534d6d85-f445-41ac-b484-2c6c933ed029.pdf
5361960d-7114-43f9-82e6-c8e25dd5e43a,EOG_Lea,NM,s3://enverus-courthouse-prod-chd-plants/nm/eog_lea/5361/5361960d-7114-43f9-82e6-c8e25dd5e43a.pdf
53a31faa-3d07-4796-98a8-b035d1219f74,EOG_Lea,NM,s3://enverus-courthouse-prod-chd-plants/nm/eog_lea/53a3/53a31faa-3d07-4796-98a8-b035d1219f74.pdf
53BA2D47-8007-40A3-BB31-47DAF3E45738,TRAINING_Jack,TX,s3://enverus-courthouse-prod-chd-plants/tx/training_jack/53BA/53BA2D47-8007-40A3-BB31-47DAF3E45738.pdf
5428915e-edf3-4088-b3e1-20aabbda7fcc,EOG_Cooke,TX,s3://enverus-courthouse-prod-chd-plants/tx/eog_cooke/5428/5428915e-edf3-4088-b3e1-20aabbda7fcc.pdf
54507999-44bc-4d7a-b5e5-d848556fa54a,EOG_Atascosa,TX,s3://enverus-courthouse-prod-chd-plants/tx/eog_atascosa/5450/54507999-44bc-4d7a-b5e5-d848556fa54a.pdf
5478dbc0-f850-4fb1-a860-7aea03a1d99c,EOG_Gonzales,TX,s3://enverus-courthouse-prod-chd-plants/tx/eog_gonzales/5478/5478dbc0-f850-4fb1-a860-7aea03a1d99c.pdf
547f643f-9367-459b-831b-9ff6b334fc7c,CHD_Lea,NM,s3://enverus-courthouse-prod-chd-plants/nm/chd_lea/547f/547f643f-9367-459b-831b-9ff6b334fc7c.pdf
54ACC533-834B-4C61-8D23-9498841A5F5C,TRAINING_Tyler,TX,s3://enverus-courthouse-prod-chd-plants/tx/training_tyler/54AC/54ACC533-834B-4C61-8D23-9498841A5F5C.pdf
54be528a-d43e-48f3-827e-315a0022b36f,EOG_Lea,NM,s3://enverus-courthouse-prod-chd-plants/nm/eog_lea/54be/54be528a-d43e-48f3-827e-315a0022b36f.pdf
54e7eec5-4a66-4320-a3e2-8c8c1bab4e8f,EOG_Lea,NM,s3://enverus-courthouse-prod-chd-plants/nm/eog_lea/54e7/54e7eec5-4a66-4320-a3e2-8c8c1bab4e8f.pdf
551cb673-d01c-4f60-9883-b9616c931ce8,EOG_LaSalle,TX,s3://enverus-courthouse-prod-chd-plants/tx/eog_lasalle/551c/551cb673-d01c-4f60-9883-b9616c931ce8.pdf
553763a5-f5d2-4754-9cdd-bcaec0a2e1c6,EOG_Cooke,TX,s3://enverus-courthouse-prod-chd-plants/tx/eog_cooke/5537/553763a5-f5d2-4754-9cdd-bcaec0a2e1c6.pdf
553a154f-5b4a-4401-8873-b92cf826ff62,EOG_Cooke,TX,s3://enverus-courthouse-prod-chd-plants/tx/eog_cooke/553a/553a154f-5b4a-4401-8873-b92cf826ff62.pdf
555b0144-9d29-4ffd-9e25-cf67ec452fba,EOG_Gonzales,TX,s3://enverus-courthouse-prod-chd-plants/tx/eog_gonzales/555b/555b0144-9d29-4ffd-9e25-cf67ec452fba.pdf
55a5f9e6-07ed-4be1-ac6f-39d969dc0390,EOG_LaSalle,TX,s3://enverus-courthouse-prod-chd-plants/tx/eog_lasalle/55a5/55a5f9e6-07ed-4be1-ac6f-39d969dc0390.pdf
55ca7c3b-cf33-4bae-89a1-6f839cae48af,EOG_Atascosa,TX,s3://enverus-courthouse-prod-chd-plants/tx/eog_atascosa/55ca/55ca7c3b-cf33-4bae-89a1-6f839cae48af.pdf
55ce8765-8deb-4507-927f-d81d3236cba9,EOG_Lea,NM,s3://enverus-courthouse-prod-chd-plants/nm/eog_lea/55ce/55ce8765-8deb-4507-927f-d81d3236cba9.pdf
55f7678a-46de-4e57-9c8d-9888238e7177,EOG_Karnes,TX,s3://enverus-courthouse-prod-chd-plants/tx/eog_karnes/55f7/55f7678a-46de-4e57-9c8d-9888238e7177.pdf
56351d4d-b5ea-5a42-91c0-116458f3df85,Martin,TX,s3://enverus-courthouse-prod-chd-plants/tx/martin/5635/56351d4d-b5ea-5a42-91c0-116458f3df85.pdf
563DA0B0-C55E-4077-BAE7-790873C1F732,TRAINING_Johnson,TX,s3://enverus-courthouse-prod-chd-plants/tx/training_johnson/563D/563DA0B0-C55E-4077-BAE7-790873C1F732.pdf
56422dfb-2fa5-4c33-8564-401c5cd3a21a,EOG_Lea,NM,s3://enverus-courthouse-prod-chd-plants/nm/eog_lea/5642/56422dfb-2fa5-4c33-8564-401c5cd3a21a.pdf
564418a3-c331-4f51-b2b5-943ead8d863e,CHD_Lea,NM,s3://enverus-courthouse-prod-chd-plants/nm/chd_lea/5644/564418a3-c331-4f51-b2b5-943ead8d863e.pdf
56a47e60-0e9d-034a-ba9b-9703c7a1a00e,Eddy,NM,s3://enverus-courthouse-prod-chd-plants/nm/eddy/56a4/56a47e60-0e9d-034a-ba9b-9703c7a1a00e.pdf
56b2d4e3-bd72-4591-8b62-4551f6aef749,EOG_Cooke,TX,s3://enverus-courthouse-prod-chd-plants/tx/eog_cooke/56b2/56b2d4e3-bd72-4591-8b62-4551f6aef749.pdf
56b42969-d94e-4b9a-a2fb-65ac7c936ce6,EOG_Gonzales,TX,s3://enverus-courthouse-prod-chd-plants/tx/eog_gonzales/56b4/56b42969-d94e-4b9a-a2fb-65ac7c936ce6.pdf
56bfa42e-20ba-456f-b0f8-b755ff653128,EOG_Atascosa,TX,s3://enverus-courthouse-prod-chd-plants/tx/eog_atascosa/56bf/56bfa42e-20ba-456f-b0f8-b755ff653128.pdf
570e0b9b-a48a-44c7-941a-2e3d91d9a8bf,EOG_LaSalle,TX,s3://enverus-courthouse-prod-chd-plants/tx/eog_lasalle/570e/570e0b9b-a48a-44c7-941a-2e3d91d9a8bf.pdf
57790814-0a03-41e0-aafe-7c0422b382e9,Hood,TX,s3://enverus-courthouse-prod-chd-plants/tx/hood/5779/57790814-0a03-41e0-aafe-7c0422b382e9.pdf
57aeeb0d-b12e-419e-b833-534be814ae26,EOG_Karnes,TX,s3://enverus-courthouse-prod-chd-plants/tx/eog_karnes/57ae/57aeeb0d-b12e-419e-b833-534be814ae26.pdf
57de99d6-26b4-46e1-80db-ab177169abf2,EOG_Lea,NM,s3://enverus-courthouse-prod-chd-plants/nm/eog_lea/57de/57de99d6-26b4-46e1-80db-ab177169abf2.pdf
580db8e2-053b-4195-9e0a-edf44fbd19cc,EOG_Cooke,TX,s3://enverus-courthouse-prod-chd-plants/tx/eog_cooke/580d/580db8e2-053b-4195-9e0a-edf44fbd19cc.pdf
58346812-7b3c-46b1-9f5b-619773ebde68,EOG_Atascosa,TX,s3://enverus-courthouse-prod-chd-plants/tx/eog_atascosa/5834/58346812-7b3c-46b1-9f5b-619773ebde68.pdf
584BF3C6-53ED-48A4-BB58-196AA6D29372,TRAINING_Walker,TX,s3://enverus-courthouse-prod-chd-plants/tx/training_walker/584B/584BF3C6-53ED-48A4-BB58-196AA6D29372.pdf
5855975f-42ea-4b72-8ccb-c5882eba3fa9,EOG_Lea,NM,s3://enverus-courthouse-prod-chd-plants/nm/eog_lea/5855/5855975f-42ea-4b72-8ccb-c5882eba3fa9.pdf
5870be21-ccd9-46d8-9286-119b1e36888d,EOG_Atascosa,TX,s3://enverus-courthouse-prod-chd-plants/tx/eog_atascosa/5870/5870be21-ccd9-46d8-9286-119b1e36888d.pdf
5872f779-9227-477e-ad0a-767a31057c0d,EOG_Cooke,TX,s3://enverus-courthouse-prod-chd-plants/tx/eog_cooke/5872/5872f779-9227-477e-ad0a-767a31057c0d.pdf
588932b6-dafc-473c-a966-65a578b3847a,EOG_Lea,NM,s3://enverus-courthouse-prod-chd-plants/nm/eog_lea/5889/588932b6-dafc-473c-a966-65a578b3847a.pdf
588e21a6-cb17-4a9f-ae24-8bae63156cea,CHD_Lea,NM,s3://enverus-courthouse-prod-chd-plants/nm/chd_lea/588e/588e21a6-cb17-4a9f-ae24-8bae63156cea.pdf
58944c82-30cb-450d-a3d9-b4cd38406211,CHD_Lea,NM,s3://enverus-courthouse-prod-chd-plants/nm/chd_lea/5894/58944c82-30cb-450d-a3d9-b4cd38406211.pdf
58a05792-699a-4006-95e3-bfcb40bb4098,Hood,TX,s3://enverus-courthouse-prod-chd-plants/tx/hood/58a0/58a05792-699a-4006-95e3-bfcb40bb4098.pdf
58a4056b-cbff-42ea-bdf2-c1dde7ac1ed9,EOG_LaSalle,TX,s3://enverus-courthouse-prod-chd-plants/tx/eog_lasalle/58a4/58a4056b-cbff-42ea-bdf2-c1dde7ac1ed9.pdf
58b55842-3430-4cc1-aac0-65cd152bf623,EOG_Atascosa,TX,s3://enverus-courthouse-prod-chd-plants/tx/eog_atascosa/58b5/58b55842-3430-4cc1-aac0-65cd152bf623.pdf
58f2a7f5-9902-4ce0-bf14-466ea82c130a,EOG_Cooke,TX,s3://enverus-courthouse-prod-chd-plants/tx/eog_cooke/58f2/58f2a7f5-9902-4ce0-bf14-466ea82c130a.pdf
58F78C0B-8EE2-45F4-BC4F-88E6CB825A45,TRAINING_Johnson,TX,s3://enverus-courthouse-prod-chd-plants/tx/training_johnson/58F7/58F78C0B-8EE2-45F4-BC4F-88E6CB825A45.pdf
5915199A-36B2-4AD2-9722-1DDDC30509D5,TRAINING_Montague,TX,s3://enverus-courthouse-prod-chd-plants/tx/training_montague/5915/5915199A-36B2-4AD2-9722-1DDDC30509D5.pdf
591c042e-87d1-4a54-9be4-1e0152ad83e8,EOG_Lea,NM,s3://enverus-courthouse-prod-chd-plants/nm/eog_lea/591c/591c042e-87d1-4a54-9be4-1e0152ad83e8.pdf
5920551f-137b-4e80-99ee-2264fac7eba6,EOG_Cooke,TX,s3://enverus-courthouse-prod-chd-plants/tx/eog_cooke/5920/5920551f-137b-4e80-99ee-2264fac7eba6.pdf
594e27d1-34fc-4104-aecb-caa6c5e6c3cd,EOG_Gonzales,TX,s3://enverus-courthouse-prod-chd-plants/tx/eog_gonzales/594e/594e27d1-34fc-4104-aecb-caa6c5e6c3cd.pdf
595bbb1f-43da-4111-b54c-2eaae2107757,EOG_Lea,NM,s3://enverus-courthouse-prod-chd-plants/nm/eog_lea/595b/595bbb1f-43da-4111-b54c-2eaae2107757.pdf
59641566-04e4-41eb-b93d-623be4a96ea4,EOG_Karnes,TX,s3://enverus-courthouse-prod-chd-plants/tx/eog_karnes/5964/59641566-04e4-41eb-b93d-623be4a96ea4.pdf
596AE0A4-BB30-41BB-AFAE-515004470AE0,TRAINING_Crockett,TX,s3://enverus-courthouse-prod-chd-plants/tx/training_crockett/596A/596AE0A4-BB30-41BB-AFAE-515004470AE0.pdf
596da2d1-6fb9-4f71-8985-27a082e0f4c4,CHD_Lea,NM,s3://enverus-courthouse-prod-chd-plants/nm/chd_lea/596d/596da2d1-6fb9-4f71-8985-27a082e0f4c4.pdf
5983e0ed-8504-4e1a-9916-163ac5a03049,CHD_Lea,NM,s3://enverus-courthouse-prod-chd-plants/nm/chd_lea/5983/5983e0ed-8504-4e1a-9916-163ac5a03049.pdf
598d7c59-7685-444b-bda9-1d85fc6517b1,EOG_Lea,NM,s3://enverus-courthouse-prod-chd-plants/nm/eog_lea/598d/598d7c59-7685-444b-bda9-1d85fc6517b1.pdf
59b10db7-a3f0-4958-bb32-edb5a23c25d7,EOG_Gonzales,TX,s3://enverus-courthouse-prod-chd-plants/tx/eog_gonzales/59b1/59b10db7-a3f0-4958-bb32-edb5a23c25d7.pdf
5a10e2c8-2454-46c4-973c-9ad179487a59,Washington,PA,s3://enverus-courthouse-prod-chd-plants/pa/washington/5a10/5a10e2c8-2454-46c4-973c-9ad179487a59.pdf
5a1f6f02-fdcb-4bd8-8acc-13788d1d309b,EOG_Cooke,TX,s3://enverus-courthouse-prod-chd-plants/tx/eog_cooke/5a1f/5a1f6f02-fdcb-4bd8-8acc-13788d1d309b.pdf
5a2237d1-4b7a-4092-bb78-7a8676ec9d67,EOG_Gonzales,TX,s3://enverus-courthouse-prod-chd-plants/tx/eog_gonzales/5a22/5a2237d1-4b7a-4092-bb78-7a8676ec9d67.pdf
5a588312-7c93-4710-88ea-a3ef36b8c6b8,EOG_Lea,NM,s3://enverus-courthouse-prod-chd-plants/nm/eog_lea/5a58/5a588312-7c93-4710-88ea-a3ef36b8c6b8.pdf
5A743C14-3BFD-4C77-9EE7-48B1CC542A05,TRAINING_Reeves,TX,s3://enverus-courthouse-prod-chd-plants/tx/training_reeves/5A74/5A743C14-3BFD-4C77-9EE7-48B1CC542A05.pdf
5a75211d-9dec-46f3-a8a3-0b5420e67298,EOG_Cooke,TX,s3://enverus-courthouse-prod-chd-plants/tx/eog_cooke/5a75/5a75211d-9dec-46f3-a8a3-0b5420e67298.pdf
5a90abde-6226-11ec-b870-00505681224b,EOG_Lea,NM,s3://enverus-courthouse-prod-chd-plants/nm/eog_lea/5a90/5a90abde-6226-11ec-b870-00505681224b.pdf
5a920b63-6226-11ec-8bcd-00505681224b,EOG_Lea,NM,s3://enverus-courthouse-prod-chd-plants/nm/eog_lea/5a92/5a920b63-6226-11ec-8bcd-00505681224b.pdf
5ac8d692-5e6a-42fb-a251-f4515c099323,EOG_Lea,NM,s3://enverus-courthouse-prod-chd-plants/nm/eog_lea/5ac8/5ac8d692-5e6a-42fb-a251-f4515c099323.pdf
5ad402f4-2612-4ee7-b5eb-237144a5a19d,EOG_Cooke,TX,s3://enverus-courthouse-prod-chd-plants/tx/eog_cooke/5ad4/5ad402f4-2612-4ee7-b5eb-237144a5a19d.pdf
5AD4B32B-90DE-4119-98CE-2A8DAF3F1F47,TRAINING_Crockett,TX,s3://enverus-courthouse-prod-chd-plants/tx/training_crockett/5AD4/5AD4B32B-90DE-4119-98CE-2A8DAF3F1F47.pdf
5ad99320-c3ce-499d-80ab-f7e0f5add81d,Susquehanna,PA,s3://enverus-courthouse-prod-chd-plants/pa/susquehanna/5ad9/5ad99320-c3ce-499d-80ab-f7e0f5add81d.pdf
5ade6104-3ed7-434c-bcf1-d3a5f0596853,CHD_Lea,NM,s3://enverus-courthouse-prod-chd-plants/nm/chd_lea/5ade/5ade6104-3ed7-434c-bcf1-d3a5f0596853.pdf
5ae03ff8-b567-44c8-b7f4-ce4239f31f39,EOG_Atascosa,TX,s3://enverus-courthouse-prod-chd-plants/tx/eog_atascosa/5ae0/5ae03ff8-b567-44c8-b7f4-ce4239f31f39.pdf
5af4301b-1c73-4df2-b178-92924899e176,EOG_Cooke,TX,s3://enverus-courthouse-prod-chd-plants/tx/eog_cooke/5af4/5af4301b-1c73-4df2-b178-92924899e176.pdf
5aff462d-e0e1-44bb-8797-8d7755654245,CHD_Lea,NM,s3://enverus-courthouse-prod-chd-plants/nm/chd_lea/5aff/5aff462d-e0e1-44bb-8797-8d7755654245.pdf
5B100FE5-4163-4261-B991-AA1DF1BDCFC6,TRAINING_Houston,TX,s3://enverus-courthouse-prod-chd-plants/tx/training_houston/5B10/5B100FE5-4163-4261-B991-AA1DF1BDCFC6.pdf
5b10f67a-2139-4478-bdf6-b26399912f60,EOG_Lea,NM,s3://enverus-courthouse-prod-chd-plants/nm/eog_lea/5b10/5b10f67a-2139-4478-bdf6-b26399912f60.pdf
5b177f7e-4d8d-49cf-acd1-f3a5b3f5ef54,Houston,TX,s3://enverus-courthouse-prod-chd-plants/tx/houston/5b17/5b177f7e-4d8d-49cf-acd1-f3a5b3f5ef54.pdf
5b4f1790-6673-4286-a97f-e004c36124f8,EOG_Cooke,TX,s3://enverus-courthouse-prod-chd-plants/tx/eog_cooke/5b4f/5b4f1790-6673-4286-a97f-e004c36124f8.pdf
5bacb94e-bb9a-4e02-8369-04d0278d73db,EOG_Lea,NM,s3://enverus-courthouse-prod-chd-plants/nm/eog_lea/5bac/5bacb94e-bb9a-4e02-8369-04d0278d73db.pdf
5c0713aa-52b7-4951-9818-5477ec6fef84,Walker,TX,s3://enverus-courthouse-prod-chd-plants/tx/walker/5c07/5c0713aa-52b7-4951-9818-5477ec6fef84.pdf
5c07cc13-6910-4d19-be09-bc9a7362e755,San Jacinto,TX,s3://enverus-courthouse-prod-chd-plants/tx/san jacinto/5c07/5c07cc13-6910-4d19-be09-bc9a7362e755.pdf
5c219668-83dd-4585-a1de-ecaf9fcf740e,EOG_Atascosa,TX,s3://enverus-courthouse-prod-chd-plants/tx/eog_atascosa/5c21/5c219668-83dd-4585-a1de-ecaf9fcf740e.pdf
5c36dd2f-7ca0-4cfe-93e1-8d13740599a3,EOG_Cooke,TX,s3://enverus-courthouse-prod-chd-plants/tx/eog_cooke/5c36/5c36dd2f-7ca0-4cfe-93e1-8d13740599a3.pdf
5c3a894a-e24a-45ec-aca5-e432303268b2,CHD_Lea,NM,s3://enverus-courthouse-prod-chd-plants/nm/chd_lea/5c3a/5c3a894a-e24a-45ec-aca5-e432303268b2.pdf
5c4e69a3-fdff-4c5c-a659-45fb47287d90,EOG_Karnes,TX,s3://enverus-courthouse-prod-chd-plants/tx/eog_karnes/5c4e/5c4e69a3-fdff-4c5c-a659-45fb47287d90.pdf
5c59a1c0-eeef-4671-adb2-8a91b63bfe24,EOG_Karnes,TX,s3://enverus-courthouse-prod-chd-plants/tx/eog_karnes/5c59/5c59a1c0-eeef-4671-adb2-8a91b63bfe24.pdf
5c952e00-7fa2-4022-9ca2-d4b8e763488e,EOG_Cooke,TX,s3://enverus-courthouse-prod-chd-plants/tx/eog_cooke/5c95/5c952e00-7fa2-4022-9ca2-d4b8e763488e.pdf
5ca33377-dd4a-4e2f-8d9f-f6fc1b647e43,Kay,OK,s3://enverus-courthouse-prod-chd-plants/ok/kay/5ca3/5ca33377-dd4a-4e2f-8d9f-f6fc1b647e43.pdf
5ca9dc0e-8da8-42f7-aa9e-96c40d88aee4,CHD_Lea,NM,s3://enverus-courthouse-prod-chd-plants/nm/chd_lea/5ca9/5ca9dc0e-8da8-42f7-aa9e-96c40d88aee4.pdf
5cf768a4-4f0b-4fab-aaba-d3a159830071,Grimes,TX,s3://enverus-courthouse-prod-chd-plants/tx/grimes/5cf7/5cf768a4-4f0b-4fab-aaba-d3a159830071.pdf
5CFE53B9-15A6-410B-92C4-776FE093DD51,TRAINING_Crockett,TX,s3://enverus-courthouse-prod-chd-plants/tx/training_crockett/5CFE/5CFE53B9-15A6-410B-92C4-776FE093DD51.pdf
5d1577de-c26e-4648-91a8-d4ef106f03b8,EOG_Atascosa,TX,s3://enverus-courthouse-prod-chd-plants/tx/eog_atascosa/5d15/5d1577de-c26e-4648-91a8-d4ef106f03b8.pdf
5D890295-CB59-4658-AB4F-12897981C1BF,TRAINING_Reeves,TX,s3://enverus-courthouse-prod-chd-plants/tx/training_reeves/5D89/5D890295-CB59-4658-AB4F-12897981C1BF.pdf
5da986c3-ad4b-4cfc-8063-aaa2c842b343,EOG_Gonzales,TX,s3://enverus-courthouse-prod-chd-plants/tx/eog_gonzales/5da9/5da986c3-ad4b-4cfc-8063-aaa2c842b343.pdf
5dcdc30d-2e09-4048-b6e7-77d11f5a8141,CHD_Lea,NM,s3://enverus-courthouse-prod-chd-plants/nm/chd_lea/5dcd/5dcdc30d-2e09-4048-b6e7-77d11f5a8141.pdf
5e2990d5-d25d-4ce9-847c-7a850827722d,Lea,NM,s3://enverus-courthouse-prod-chd-plants/nm/lea/5e29/5e2990d5-d25d-4ce9-847c-7a850827722d.pdf
5e4ccbcf-0537-4b74-8289-9cfcd1748325,EOG_Cooke,TX,s3://enverus-courthouse-prod-chd-plants/tx/eog_cooke/5e4c/5e4ccbcf-0537-4b74-8289-9cfcd1748325.pdf
5e6ace1a-24a8-4009-bd39-2479100102f4,CHD_Lea,NM,s3://enverus-courthouse-prod-chd-plants/nm/chd_lea/5e6a/5e6ace1a-24a8-4009-bd39-2479100102f4.pdf
5e6ef815-2b0d-48b8-baa8-4445c93050dc,Custer,OK,s3://enverus-courthouse-prod-chd-plants/ok/custer/5e6e/5e6ef815-2b0d-48b8-baa8-4445c93050dc.pdf
5e94880f-dcc6-45ea-a686-1daec655e0d9,EOG_Cooke,TX,s3://enverus-courthouse-prod-chd-plants/tx/eog_cooke/5e94/5e94880f-dcc6-45ea-a686-1daec655e0d9.pdf
5ecf08cd-a5d1-4f0c-859d-2b1f8d26655c,CHD_Lea,NM,s3://enverus-courthouse-prod-chd-plants/nm/chd_lea/5ecf/5ecf08cd-a5d1-4f0c-859d-2b1f8d26655c.pdf
5f162fb4-a9d5-44f9-b6d3-29ce92a4cd4b,EOG_Gonzales,TX,s3://enverus-courthouse-prod-chd-plants/tx/eog_gonzales/5f16/5f162fb4-a9d5-44f9-b6d3-29ce92a4cd4b.pdf
5f351126-74c6-4ada-8ce6-b02af1e1bdce,EOG_Cooke,TX,s3://enverus-courthouse-prod-chd-plants/tx/eog_cooke/5f35/5f351126-74c6-4ada-8ce6-b02af1e1bdce.pdf
5f5c5a00-3bb1-4146-bbe2-94a546bb08ce,EOG_Cooke,TX,s3://enverus-courthouse-prod-chd-plants/tx/eog_cooke/5f5c/5f5c5a00-3bb1-4146-bbe2-94a546bb08ce.pdf
5f64ecb7-7b97-4ce9-9d25-c7d915984617,CHD_Lea,NM,s3://enverus-courthouse-prod-chd-plants/nm/chd_lea/5f64/5f64ecb7-7b97-4ce9-9d25-c7d915984617.pdf
5f932ee1-dc6f-470c-a9b2-579a2a576bc7,EOG_Cooke,TX,s3://enverus-courthouse-prod-chd-plants/tx/eog_cooke/5f93/5f932ee1-dc6f-470c-a9b2-579a2a576bc7.pdf
5faa6a01-cef4-4ce5-ae47-1293c969fc6e,Pawnee,OK,s3://enverus-courthouse-prod-chd-plants/ok/pawnee/5faa/5faa6a01-cef4-4ce5-ae47-1293c969fc6e.pdf
600E62E0-BA81-4D0F-8BA5-3D395BA49B76,TRAINING_Burleson,TX,s3://enverus-courthouse-prod-chd-plants/tx/training_burleson/600E/600E62E0-BA81-4D0F-8BA5-3D395BA49B76.pdf
60183645-0eeb-4239-8ab5-f0a7bd858738,Hood,TX,s3://enverus-courthouse-prod-chd-plants/tx/hood/6018/60183645-0eeb-4239-8ab5-f0a7bd858738.pdf
601f32a5-3123-4325-8cb0-c4bfdd4e458a,EOG_Lea,NM,s3://enverus-courthouse-prod-chd-plants/nm/eog_lea/601f/601f32a5-3123-4325-8cb0-c4bfdd4e458a.pdf
60250e4a-574e-4b9e-9d92-7a5ea473155b,EOG_Lea,NM,s3://enverus-courthouse-prod-chd-plants/nm/eog_lea/6025/60250e4a-574e-4b9e-9d92-7a5ea473155b.pdf
60656561-67af-4765-a204-a7a03841770c,Lea,NM,s3://enverus-courthouse-prod-chd-plants/nm/lea/6065/60656561-67af-4765-a204-a7a03841770c.pdf
609219e6-9a1a-4cd2-83dd-9d3023895f19,EOG_Atascosa,TX,s3://enverus-courthouse-prod-chd-plants/tx/eog_atascosa/6092/609219e6-9a1a-4cd2-83dd-9d3023895f19.pdf
60b865be-f0ac-4ae4-b9e0-83a29a01f6ad,Robertson,TX,s3://enverus-courthouse-prod-chd-plants/tx/robertson/60b8/60b865be-f0ac-4ae4-b9e0-83a29a01f6ad.pdf
612271ce-0587-44db-84c6-597daae94236,EOG_Gonzales,TX,s3://enverus-courthouse-prod-chd-plants/tx/eog_gonzales/6122/612271ce-0587-44db-84c6-597daae94236.pdf
619734a5-57af-4027-bc39-6bb535a25b3b,EOG_Cooke,TX,s3://enverus-courthouse-prod-chd-plants/tx/eog_cooke/6197/619734a5-57af-4027-bc39-6bb535a25b3b.pdf
61a73019-3882-488f-822a-54c6b78db296,EOG_Lea,NM,s3://enverus-courthouse-prod-chd-plants/nm/eog_lea/61a7/61a73019-3882-488f-822a-54c6b78db296.pdf
61a94ea0-dfe4-4ed1-9087-593b63a58732,EOG_Atascosa,TX,s3://enverus-courthouse-prod-chd-plants/tx/eog_atascosa/61a9/61a94ea0-dfe4-4ed1-9087-593b63a58732.pdf
61b36ed5-3137-4dd6-b030-4d600c256758,EOG_Karnes,TX,s3://enverus-courthouse-prod-chd-plants/tx/eog_karnes/61b3/61b36ed5-3137-4dd6-b030-4d600c256758.pdf
61b3962b-4cf5-4f49-bb59-20fff6bb2178,EOG_Lea,NM,s3://enverus-courthouse-prod-chd-plants/nm/eog_lea/61b3/61b3962b-4cf5-4f49-bb59-20fff6bb2178.pdf
61DB1B54-BCBC-4215-8A05-5649DC2BAC8B,TRAINING_Crockett,TX,s3://enverus-courthouse-prod-chd-plants/tx/training_crockett/61DB/61DB1B54-BCBC-4215-8A05-5649DC2BAC8B.pdf
61fe3fe8-a2ef-4a58-b473-f60fd06e0f90,Borden,TX,s3://enverus-courthouse-prod-chd-plants/tx/borden/61fe/61fe3fe8-a2ef-4a58-b473-f60fd06e0f90.pdf
62212cf2-cc43-4a4b-bf47-3073be85dddb,EOG_Lea,NM,s3://enverus-courthouse-prod-chd-plants/nm/eog_lea/6221/62212cf2-cc43-4a4b-bf47-3073be85dddb.pdf
624CB30B-3B01-45B0-ADD9-9ED21581BE31,TRAINING_Johnson,TX,s3://enverus-courthouse-prod-chd-plants/tx/training_johnson/624C/624CB30B-3B01-45B0-ADD9-9ED21581BE31.pdf
627b884c-fedb-4aab-bcc4-063652e318ef,EOG_Cooke,TX,s3://enverus-courthouse-prod-chd-plants/tx/eog_cooke/627b/627b884c-fedb-4aab-bcc4-063652e318ef.pdf
62ea7332-10a4-44a0-b7d8-d6c29f3fd7a2,EOG_Karnes,TX,s3://enverus-courthouse-prod-chd-plants/tx/eog_karnes/62ea/62ea7332-10a4-44a0-b7d8-d6c29f3fd7a2.pdf
62fbf14f-9eac-45d7-a50a-b82b58eb1d17,EOG_Gonzales,TX,s3://enverus-courthouse-prod-chd-plants/tx/eog_gonzales/62fb/62fbf14f-9eac-45d7-a50a-b82b58eb1d17.pdf
63280876-de36-467d-b301-a0a6d171ada0,Crane,TX,s3://enverus-courthouse-prod-chd-plants/tx/crane/6328/63280876-de36-467d-b301-a0a6d171ada0.pdf
632a2e98-771d-ed40-9a6e-52b91d349547,Andrews,TX,s3://enverus-courthouse-prod-chd-plants/tx/andrews/632a/632a2e98-771d-ed40-9a6e-52b91d349547.pdf
632e10ac-497f-4001-8cfa-0d8ba83ac122,EOG_Lea,NM,s3://enverus-courthouse-prod-chd-plants/nm/eog_lea/632e/632e10ac-497f-4001-8cfa-0d8ba83ac122.pdf
6359830B-CEBA-43F2-B401-CD39EBC29484,TRAINING_Jasper,TX,s3://enverus-courthouse-prod-chd-plants/tx/training_jasper/6359/6359830B-CEBA-43F2-B401-CD39EBC29484.pdf
639157f2-3861-41a7-b1f7-c6f518c948a0,EOG_Cooke,TX,s3://enverus-courthouse-prod-chd-plants/tx/eog_cooke/6391/639157f2-3861-41a7-b1f7-c6f518c948a0.pdf
63b6801e-e950-490f-a28a-b76829059cc6,EOG_Cooke,TX,s3://enverus-courthouse-prod-chd-plants/tx/eog_cooke/63b6/63b6801e-e950-490f-a28a-b76829059cc6.pdf
63bc425a-493a-4347-949d-72f03f3d21ef,EOG_Atascosa,TX,s3://enverus-courthouse-prod-chd-plants/tx/eog_atascosa/63bc/63bc425a-493a-4347-949d-72f03f3d21ef.pdf
63c18eda-5db6-4a5a-a09b-47e1555c547a,Grimes,TX,s3://enverus-courthouse-prod-chd-plants/tx/grimes/63c1/63c18eda-5db6-4a5a-a09b-47e1555c547a.pdf
63CCDE93-B626-4D79-883B-06FDF45C2E8D,TRAINING_LaSalle,TX,s3://enverus-courthouse-prod-chd-plants/tx/training_lasalle/63CC/63CCDE93-B626-4D79-883B-06FDF45C2E8D.pdf
63d1b94c-01ea-4a13-945c-e221a1fccc41,EOG_Gonzales,TX,s3://enverus-courthouse-prod-chd-plants/tx/eog_gonzales/63d1/63d1b94c-01ea-4a13-945c-e221a1fccc41.pdf
640ef2dc-2c50-4ebb-a198-02ff4dc5cd88,EOG_Karnes,TX,s3://enverus-courthouse-prod-chd-plants/tx/eog_karnes/640e/640ef2dc-2c50-4ebb-a198-02ff4dc5cd88.pdf
6458fad5-1cb1-4fe0-ba46-c6717bc8dfad,EOG_Cooke,TX,s3://enverus-courthouse-prod-chd-plants/tx/eog_cooke/6458/6458fad5-1cb1-4fe0-ba46-c6717bc8dfad.pdf
646c95f6-8354-45ea-97ff-f059e9bf0a51,EOG_Gonzales,TX,s3://enverus-courthouse-prod-chd-plants/tx/eog_gonzales/646c/646c95f6-8354-45ea-97ff-f059e9bf0a51.pdf
646d296c-6a9f-4798-99b1-ffde53fa62a1,EOG_Cooke,TX,s3://enverus-courthouse-prod-chd-plants/tx/eog_cooke/646d/646d296c-6a9f-4798-99b1-ffde53fa62a1.pdf
648BE4D8-E6E8-43D4-99C5-A7BD367683C8,TRAINING_Jack,TX,s3://enverus-courthouse-prod-chd-plants/tx/training_jack/648B/648BE4D8-E6E8-43D4-99C5-A7BD367683C8.pdf
64bc7251-f783-4f21-87c0-4434c1e9dd69,Houston,TX,s3://enverus-courthouse-prod-chd-plants/tx/houston/64bc/64bc7251-f783-4f21-87c0-4434c1e9dd69.pdf
64d3e8da-ace7-45c6-bbbe-06de9b5a845e,EOG_Lea,NM,s3://enverus-courthouse-prod-chd-plants/nm/eog_lea/64d3/64d3e8da-ace7-45c6-bbbe-06de9b5a845e.pdf
64edc8ba-e121-42a9-9be5-71af8261129d,EOG_Lea,NM,s3://enverus-courthouse-prod-chd-plants/nm/eog_lea/64ed/64edc8ba-e121-42a9-9be5-71af8261129d.pdf
64f82cfb-739d-425d-8fe4-2bd54633f17a,EOG_Cooke,TX,s3://enverus-courthouse-prod-chd-plants/tx/eog_cooke/64f8/64f82cfb-739d-425d-8fe4-2bd54633f17a.pdf
64fbbca2-f711-4de7-a04f-d31300a0bdbf,EOG_Lea,NM,s3://enverus-courthouse-prod-chd-plants/nm/eog_lea/64fb/64fbbca2-f711-4de7-a04f-d31300a0bdbf.pdf
65176cb8-a630-47ae-81a5-4240be710345,EOG_Lea,NM,s3://enverus-courthouse-prod-chd-plants/nm/eog_lea/6517/65176cb8-a630-47ae-81a5-4240be710345.pdf
652f5f40-9b0d-40d8-af7f-2871303112db,EOG_LaSalle,TX,s3://enverus-courthouse-prod-chd-plants/tx/eog_lasalle/652f/652f5f40-9b0d-40d8-af7f-2871303112db.pdf
653168ee-d702-4c9d-9d73-45ebac290a49,EOG_Lea,NM,s3://enverus-courthouse-prod-chd-plants/nm/eog_lea/6531/653168ee-d702-4c9d-9d73-45ebac290a49.pdf
6549C9E3-72D4-4223-8931-7635BC5FAC98,TRAINING_Reeves,TX,s3://enverus-courthouse-prod-chd-plants/tx/training_reeves/6549/6549C9E3-72D4-4223-8931-7635BC5FAC98.pdf
654e1166-c7ba-44ef-8ce2-0426baac0aeb,EOG_Atascosa,TX,s3://enverus-courthouse-prod-chd-plants/tx/eog_atascosa/654e/654e1166-c7ba-44ef-8ce2-0426baac0aeb.pdf
656346f0-0983-41d2-929c-a538ee385e72,Houston,TX,s3://enverus-courthouse-prod-chd-plants/tx/houston/6563/656346f0-0983-41d2-929c-a538ee385e72.pdf
6597EABB-3409-4114-B1B4-403CF5F2347B,TRAINING_Johnson,TX,s3://enverus-courthouse-prod-chd-plants/tx/training_johnson/6597/6597EABB-3409-4114-B1B4-403CF5F2347B.pdf
65988a89-a75b-4f74-b8d8-1e6cdd80071f,EOG_Cooke,TX,s3://enverus-courthouse-prod-chd-plants/tx/eog_cooke/6598/65988a89-a75b-4f74-b8d8-1e6cdd80071f.pdf
659ca8b4-4631-4003-b6b6-305209d816a4,EOG_McMullen,TX,s3://enverus-courthouse-prod-chd-plants/tx/eog_mcmullen/659c/659ca8b4-4631-4003-b6b6-305209d816a4.pdf
65bed8e0-0129-4bd3-9d6b-763a7fb5d703,Houston,TX,s3://enverus-courthouse-prod-chd-plants/tx/houston/65be/65bed8e0-0129-4bd3-9d6b-763a7fb5d703.pdf
65bf456a-01d3-4b43-844f-ab40ab587ccd,EOG_Lea,NM,s3://enverus-courthouse-prod-chd-plants/nm/eog_lea/65bf/65bf456a-01d3-4b43-844f-ab40ab587ccd.pdf
65f787af-8885-4699-bccc-c45879b37d6c,EOG_Gonzales,TX,s3://enverus-courthouse-prod-chd-plants/tx/eog_gonzales/65f7/65f787af-8885-4699-bccc-c45879b37d6c.pdf
6621A834-5A96-481E-9C84-6D6A0587A317,TRAINING_Crockett,TX,s3://enverus-courthouse-prod-chd-plants/tx/training_crockett/6621/6621A834-5A96-481E-9C84-6D6A0587A317.pdf
665ba3c5-7995-4d80-aef3-d7189e6d6ae9,EOG_Karnes,TX,s3://enverus-courthouse-prod-chd-plants/tx/eog_karnes/665b/665ba3c5-7995-4d80-aef3-d7189e6d6ae9.pdf
666B9FC4-2BEA-4051-BA18-BAF831EAF945,TRAINING_Crockett,TX,s3://enverus-courthouse-prod-chd-plants/tx/training_crockett/666B/666B9FC4-2BEA-4051-BA18-BAF831EAF945.pdf
66a3839e-a001-497c-8616-267572aa9a0c,EOG_Atascosa,TX,s3://enverus-courthouse-prod-chd-plants/tx/eog_atascosa/66a3/66a3839e-a001-497c-8616-267572aa9a0c.pdf
66c1101b-34ca-0548-8b47-34a173420e3a,Andrews,TX,s3://enverus-courthouse-prod-chd-plants/tx/andrews/66c1/66c1101b-34ca-0548-8b47-34a173420e3a.pdf
66c60bc4-d3db-49a6-9d51-5347d48c4016,EOG_Lea,NM,s3://enverus-courthouse-prod-chd-plants/nm/eog_lea/66c6/66c60bc4-d3db-49a6-9d51-5347d48c4016.pdf
67068806-03d3-4ea3-892d-e5f790880e2f,EOG_Cooke,TX,s3://enverus-courthouse-prod-chd-plants/tx/eog_cooke/6706/67068806-03d3-4ea3-892d-e5f790880e2f.pdf
675ab9fb-35fc-4ce6-be4a-8870121dace5,EOG_Lea,NM,s3://enverus-courthouse-prod-chd-plants/nm/eog_lea/675a/675ab9fb-35fc-4ce6-be4a-8870121dace5.pdf
677B534A-E5BD-4EBA-8693-3856E939434B,TRAINING_Pecos,TX,s3://enverus-courthouse-prod-chd-plants/tx/training_pecos/677B/677B534A-E5BD-4EBA-8693-3856E939434B.pdf
67adfeed-ca57-4927-9b7f-fe6d97a8036e,EOG_Karnes,TX,s3://enverus-courthouse-prod-chd-plants/tx/eog_karnes/67ad/67adfeed-ca57-4927-9b7f-fe6d97a8036e.pdf
67b79dcd-3f8a-11ec-b0f3-00505681224b,EOG_Lea,NM,s3://enverus-courthouse-prod-chd-plants/nm/eog_lea/67b7/67b79dcd-3f8a-11ec-b0f3-00505681224b.pdf
67d00603-72c3-472c-81e3-c8487f276e9a,EOG_McMullen,TX,s3://enverus-courthouse-prod-chd-plants/tx/eog_mcmullen/67d0/67d00603-72c3-472c-81e3-c8487f276e9a.pdf
68029fb4-764c-4393-82e9-4d6f34ec43b3,EOG_Gonzales,TX,s3://enverus-courthouse-prod-chd-plants/tx/eog_gonzales/6802/68029fb4-764c-4393-82e9-4d6f34ec43b3.pdf
68033965-d71e-4bfe-9970-46ab197ad82f,EOG_Karnes,TX,s3://enverus-courthouse-prod-chd-plants/tx/eog_karnes/6803/68033965-d71e-4bfe-9970-46ab197ad82f.pdf
680bde4c-6fac-4223-84d1-808baf383814,Grimes,TX,s3://enverus-courthouse-prod-chd-plants/tx/grimes/680b/680bde4c-6fac-4223-84d1-808baf383814.pdf
686158d5-e987-46e9-a14d-94e51fa81333,EOG_Atascosa,TX,s3://enverus-courthouse-prod-chd-plants/tx/eog_atascosa/6861/686158d5-e987-46e9-a14d-94e51fa81333.pdf
687800b2-fe2f-4e09-a29c-8444ed86f1a1,CHD_Lea,NM,s3://enverus-courthouse-prod-chd-plants/nm/chd_lea/6878/687800b2-fe2f-4e09-a29c-8444ed86f1a1.pdf
6878dac5-08ba-4c49-99fd-11870c58cc5c,EOG_Lea,NM,s3://enverus-courthouse-prod-chd-plants/nm/eog_lea/6878/6878dac5-08ba-4c49-99fd-11870c58cc5c.pdf
6884a121-bdb7-43bb-bf19-880e5b627d78,CHD_Lea,NM,s3://enverus-courthouse-prod-chd-plants/nm/chd_lea/6884/6884a121-bdb7-43bb-bf19-880e5b627d78.pdf
68a0a5dc-6818-49bb-b6c0-c4f74fb36ee7,Crane,TX,s3://enverus-courthouse-prod-chd-plants/tx/crane/68a0/68a0a5dc-6818-49bb-b6c0-c4f74fb36ee7.pdf
68d7eb26-b580-4657-8d1b-f8e4b5bcaaec,EOG_Gonzales,TX,s3://enverus-courthouse-prod-chd-plants/tx/eog_gonzales/68d7/68d7eb26-b580-4657-8d1b-f8e4b5bcaaec.pdf
68e6ecfd-90b6-4aa9-981b-a4e21fcaffd1,CHD_Lea,NM,s3://enverus-courthouse-prod-chd-plants/nm/chd_lea/68e6/68e6ecfd-90b6-4aa9-981b-a4e21fcaffd1.pdf
68fe4451-7674-43af-8a4a-7dac3866803c,EOG_Cooke,TX,s3://enverus-courthouse-prod-chd-plants/tx/eog_cooke/68fe/68fe4451-7674-43af-8a4a-7dac3866803c.pdf
6954b505-b80c-4b98-ad2a-52311d34461e,CHD_Lea,NM,s3://enverus-courthouse-prod-chd-plants/nm/chd_lea/6954/6954b505-b80c-4b98-ad2a-52311d34461e.pdf
697fc557-ca77-45ed-af4b-d29a7e410fbc,Crane,TX,s3://enverus-courthouse-prod-chd-plants/tx/crane/697f/697fc557-ca77-45ed-af4b-d29a7e410fbc.pdf
69a63725-2b89-41ef-b0c0-fe9ed2197bc2,CHD_Lea,NM,s3://enverus-courthouse-prod-chd-plants/nm/chd_lea/69a6/69a63725-2b89-41ef-b0c0-fe9ed2197bc2.pdf
6A11BBD3-483C-4301-A4F1-7D8A924D863B,TRAINING_Reeves,TX,s3://enverus-courthouse-prod-chd-plants/tx/training_reeves/6A11/6A11BBD3-483C-4301-A4F1-7D8A924D863B.pdf
6a392cfe-6a6b-4719-b5dc-d5f631907525,EOG_Karnes,TX,s3://enverus-courthouse-prod-chd-plants/tx/eog_karnes/6a39/6a392cfe-6a6b-4719-b5dc-d5f631907525.pdf
6a564bcd-fcca-40ef-9bb1-e89dd9f7822c,EOG_Atascosa,TX,s3://enverus-courthouse-prod-chd-plants/tx/eog_atascosa/6a56/6a564bcd-fcca-40ef-9bb1-e89dd9f7822c.pdf
6a742662-1f1b-4570-a7b8-b129a3b9838d,EOG_Cooke,TX,s3://enverus-courthouse-prod-chd-plants/tx/eog_cooke/6a74/6a742662-1f1b-4570-a7b8-b129a3b9838d.pdf
6a879fa9-506a-4c95-8ea9-0b4d7f40849f,CHD_Lea,NM,s3://enverus-courthouse-prod-chd-plants/nm/chd_lea/6a87/6a879fa9-506a-4c95-8ea9-0b4d7f40849f.pdf
6a8b95cc-d9c8-486c-80e4-7ebc9bfa1f04,EOG_Lea,NM,s3://enverus-courthouse-prod-chd-plants/nm/eog_lea/6a8b/6a8b95cc-d9c8-486c-80e4-7ebc9bfa1f04.pdf
6aa37e3f-3b30-4f10-b03d-551bd18a1311,EOG_Lea,NM,s3://enverus-courthouse-prod-chd-plants/nm/eog_lea/6aa3/6aa37e3f-3b30-4f10-b03d-551bd18a1311.pdf
6abb1a0f-4c0c-431f-a7af-730b8031497d,EOG_Lea,NM,s3://enverus-courthouse-prod-chd-plants/nm/eog_lea/6abb/6abb1a0f-4c0c-431f-a7af-730b8031497d.pdf
6abbfd95-3e30-4b6d-a8d8-aacd60997128,EOG_Lea,NM,s3://enverus-courthouse-prod-chd-plants/nm/eog_lea/6abb/6abbfd95-3e30-4b6d-a8d8-aacd60997128.pdf
6b05d3d8-1c3e-4e8e-b4f2-ce359629f5a0,EOG_Karnes,TX,s3://enverus-courthouse-prod-chd-plants/tx/eog_karnes/6b05/6b05d3d8-1c3e-4e8e-b4f2-ce359629f5a0.pdf
6b0eab87-0970-44a4-9478-08faf6d3daef,CHD_Lea,NM,s3://enverus-courthouse-prod-chd-plants/nm/chd_lea/6b0e/6b0eab87-0970-44a4-9478-08faf6d3daef.pdf
6b193ec0-dbe8-49b1-a3ca-1efcac9d850b,EOG_Cooke,TX,s3://enverus-courthouse-prod-chd-plants/tx/eog_cooke/6b19/6b193ec0-dbe8-49b1-a3ca-1efcac9d850b.pdf
6b242436-b81e-482b-b94f-b99e377bf300,EOG_Cooke,TX,s3://enverus-courthouse-prod-chd-plants/tx/eog_cooke/6b24/6b242436-b81e-482b-b94f-b99e377bf300.pdf
6b321f27-a9d2-48f8-ab47-05823f745954,EOG_Karnes,TX,s3://enverus-courthouse-prod-chd-plants/tx/eog_karnes/6b32/6b321f27-a9d2-48f8-ab47-05823f745954.pdf
6b34bdd5-ca5e-451e-bf07-b1a83f8d3bd5,EOG_Gonzales,TX,s3://enverus-courthouse-prod-chd-plants/tx/eog_gonzales/6b34/6b34bdd5-ca5e-451e-bf07-b1a83f8d3bd5.pdf
6B4D2E7D-3009-4FB8-8874-24B9B4973B98,TRAINING_Crockett,TX,s3://enverus-courthouse-prod-chd-plants/tx/training_crockett/6B4D/6B4D2E7D-3009-4FB8-8874-24B9B4973B98.pdf
6b681643-1451-4fdc-ae33-35cf193f7c03,EOG_Cooke,TX,s3://enverus-courthouse-prod-chd-plants/tx/eog_cooke/6b68/6b681643-1451-4fdc-ae33-35cf193f7c03.pdf
6b783fd9-fc1d-47ab-a3f5-d7a0e4308251,Crane,TX,s3://enverus-courthouse-prod-chd-plants/tx/crane/6b78/6b783fd9-fc1d-47ab-a3f5-d7a0e4308251.pdf
6b7e2ceb-4451-418f-ab2b-ac4760a89d70,EOG_LaSalle,TX,s3://enverus-courthouse-prod-chd-plants/tx/eog_lasalle/6b7e/6b7e2ceb-4451-418f-ab2b-ac4760a89d70.pdf
6b8ef156-851d-4ff2-9917-ffb97ea45881,Martin,TX,s3://enverus-courthouse-prod-chd-plants/tx/martin/6b8e/6b8ef156-851d-4ff2-9917-ffb97ea45881.pdf
6b9233e2-297c-4b87-a65f-ca4730e715ed,EOG_McMullen,TX,s3://enverus-courthouse-prod-chd-plants/tx/eog_mcmullen/6b92/6b9233e2-297c-4b87-a65f-ca4730e715ed.pdf
6bf36eaf-ad40-ba4a-abf1-8344faea6df2,Burleson,TX,s3://enverus-courthouse-prod-chd-plants/tx/burleson/6bf3/6bf36eaf-ad40-ba4a-abf1-8344faea6df2.pdf
6c5b90a8-d4b7-4b64-8ee1-c624015a0b92,EOG_Atascosa,TX,s3://enverus-courthouse-prod-chd-plants/tx/eog_atascosa/6c5b/6c5b90a8-d4b7-4b64-8ee1-c624015a0b92.pdf
6C5BAE73-6F80-49F0-9FA9-10070972C406,TRAINING_Crockett,TX,s3://enverus-courthouse-prod-chd-plants/tx/training_crockett/6C5B/6C5BAE73-6F80-49F0-9FA9-10070972C406.pdf
6c81d69e-3a9e-4c79-adc0-44a5053136f7,EOG_Karnes,TX,s3://enverus-courthouse-prod-chd-plants/tx/eog_karnes/6c81/6c81d69e-3a9e-4c79-adc0-44a5053136f7.pdf
6c833ce1-ffe1-432b-afd8-40ef395292b4,EOG_Cooke,TX,s3://enverus-courthouse-prod-chd-plants/tx/eog_cooke/6c83/6c833ce1-ffe1-432b-afd8-40ef395292b4.pdf
6c91fedc-a1f4-4537-bffc-2fb45ddab28f,Houston,TX,s3://enverus-courthouse-prod-chd-plants/tx/houston/6c91/6c91fedc-a1f4-4537-bffc-2fb45ddab28f.pdf
6cc8004d-6b85-43d2-88d9-01eb8bf58013,EOG_Cooke,TX,s3://enverus-courthouse-prod-chd-plants/tx/eog_cooke/6cc8/6cc8004d-6b85-43d2-88d9-01eb8bf58013.pdf
6ccb5a41-80f8-4f28-a152-42014c90c0e7,EOG_Lea,NM,s3://enverus-courthouse-prod-chd-plants/nm/eog_lea/6ccb/6ccb5a41-80f8-4f28-a152-42014c90c0e7.pdf
6ce2cea0-1b17-41c6-aa5a-d84bae7a6517,EOG_Atascosa,TX,s3://enverus-courthouse-prod-chd-plants/tx/eog_atascosa/6ce2/6ce2cea0-1b17-41c6-aa5a-d84bae7a6517.pdf
6ce3f065-00de-4619-9f41-a31dc5a1caac,EOG_Lea,NM,s3://enverus-courthouse-prod-chd-plants/nm/eog_lea/6ce3/6ce3f065-00de-4619-9f41-a31dc5a1caac.pdf
6d01f6fa-afe8-4c25-9a38-58f9fd0ac7a2,EOG_Cooke,TX,s3://enverus-courthouse-prod-chd-plants/tx/eog_cooke/6d01/6d01f6fa-afe8-4c25-9a38-58f9fd0ac7a2.pdf
6d0314a3-5261-4968-a0ee-19037b8b0670,EOG_Lea,NM,s3://enverus-courthouse-prod-chd-plants/nm/eog_lea/6d03/6d0314a3-5261-4968-a0ee-19037b8b0670.pdf
6d6eb0fc-e290-4a72-a924-c3bf32515b15,EOG_LaSalle,TX,s3://enverus-courthouse-prod-chd-plants/tx/eog_lasalle/6d6e/6d6eb0fc-e290-4a72-a924-c3bf32515b15.pdf
6d848061-d54a-4c99-9799-5b595453987a,CHD_Lea,NM,s3://enverus-courthouse-prod-chd-plants/nm/chd_lea/6d84/6d848061-d54a-4c99-9799-5b595453987a.pdf
6ddd5079-3281-4a69-94cd-72bea63c4c50,CHD_Lea,NM,s3://enverus-courthouse-prod-chd-plants/nm/chd_lea/6ddd/6ddd5079-3281-4a69-94cd-72bea63c4c50.pdf
6de463a9-1048-49f1-9e39-69cd2b058c1c,EOG_Atascosa,TX,s3://enverus-courthouse-prod-chd-plants/tx/eog_atascosa/6de4/6de463a9-1048-49f1-9e39-69cd2b058c1c.pdf
6E2BBC9C-BB87-437E-8DE4-830BEC7F784A,TRAINING_Crockett,TX,s3://enverus-courthouse-prod-chd-plants/tx/training_crockett/6E2B/6E2BBC9C-BB87-437E-8DE4-830BEC7F784A.pdf
6e36643a-1069-11ec-b12d-00505681224b,Wetzel,WV,s3://enverus-courthouse-prod-chd-plants/wv/wetzel/6e36/6e36643a-1069-11ec-b12d-00505681224b.pdf
6e3fa134-6223-4727-80ff-fcc23e276336,EOG_Cooke,TX,s3://enverus-courthouse-prod-chd-plants/tx/eog_cooke/6e3f/6e3fa134-6223-4727-80ff-fcc23e276336.pdf
6e4c4d85-6fd4-4b1d-9f9e-8633eab57a9c,EOG_Lea,NM,s3://enverus-courthouse-prod-chd-plants/nm/eog_lea/6e4c/6e4c4d85-6fd4-4b1d-9f9e-8633eab57a9c.pdf
6e5e572a-8f56-4355-ab8b-1fe083b85ef6,CHD_Lea,NM,s3://enverus-courthouse-prod-chd-plants/nm/chd_lea/6e5e/6e5e572a-8f56-4355-ab8b-1fe083b85ef6.pdf
6e8db55a-a9f0-4d04-b004-c997642d6c00,CHD_Lea,NM,s3://enverus-courthouse-prod-chd-plants/nm/chd_lea/6e8d/6e8db55a-a9f0-4d04-b004-c997642d6c00.pdf
6EBE136E-E639-4527-B7D1-79E4DCA5864D,TRAINING_Johnson,TX,s3://enverus-courthouse-prod-chd-plants/tx/training_johnson/6EBE/6EBE136E-E639-4527-B7D1-79E4DCA5864D.pdf
6ecb2de7-454b-4f4c-b12e-de09fdd8d5e6,EOG_Lea,NM,s3://enverus-courthouse-prod-chd-plants/nm/eog_lea/6ecb/6ecb2de7-454b-4f4c-b12e-de09fdd8d5e6.pdf
6ECDCFFB-E55F-414D-BE91-CE3657D0412A,TRAINING_Crockett,TX,s3://enverus-courthouse-prod-chd-plants/tx/training_crockett/6ECD/6ECDCFFB-E55F-414D-BE91-CE3657D0412A.pdf
6ece54e5-02bb-4732-a4b9-9136bb6286a4,EOG_Karnes,TX,s3://enverus-courthouse-prod-chd-plants/tx/eog_karnes/6ece/6ece54e5-02bb-4732-a4b9-9136bb6286a4.pdf
6ecf187d-43bb-45e8-9bfc-b5e4aab0ad7f,EOG_Karnes,TX,s3://enverus-courthouse-prod-chd-plants/tx/eog_karnes/6ecf/6ecf187d-43bb-45e8-9bfc-b5e4aab0ad7f.pdf
6ee9c9c4-276f-4ce5-bc87-55a2085c524e,Houston,TX,s3://enverus-courthouse-prod-chd-plants/tx/houston/6ee9/6ee9c9c4-276f-4ce5-bc87-55a2085c524e.pdf
6efacb4f-977d-46ff-ac5d-e83257e5aed4,CHD_Lea,NM,s3://enverus-courthouse-prod-chd-plants/nm/chd_lea/6efa/6efacb4f-977d-46ff-ac5d-e83257e5aed4.pdf
6F101421-D913-4BCD-B033-1BDB7683C7EF,TRAINING_Burleson,TX,s3://enverus-courthouse-prod-chd-plants/tx/training_burleson/6F10/6F101421-D913-4BCD-B033-1BDB7683C7EF.pdf
6f2e1e2b-951d-41ac-b5be-86ed849a2d59,EOG_LaSalle,TX,s3://enverus-courthouse-prod-chd-plants/tx/eog_lasalle/6f2e/6f2e1e2b-951d-41ac-b5be-86ed849a2d59.pdf
6f488a1a-3228-49b3-b26e-675e2b3f80c7,EOG_Karnes,TX,s3://enverus-courthouse-prod-chd-plants/tx/eog_karnes/6f48/6f488a1a-3228-49b3-b26e-675e2b3f80c7.pdf
6f5dd44d-17f6-470e-a311-744ac1f48eab,EOG_Lea,NM,s3://enverus-courthouse-prod-chd-plants/nm/eog_lea/6f5d/6f5dd44d-17f6-470e-a311-744ac1f48eab.pdf
6f6543a8-f2f1-4b5b-8ea0-5710f7e3180c,CHD_Lea,NM,s3://enverus-courthouse-prod-chd-plants/nm/chd_lea/6f65/6f6543a8-f2f1-4b5b-8ea0-5710f7e3180c.pdf
6f68d989-f802-4e8f-b516-5f7c549657ba,Crane,TX,s3://enverus-courthouse-prod-chd-plants/tx/crane/6f68/6f68d989-f802-4e8f-b516-5f7c549657ba.pdf
6f787eab-c8e5-4238-a67f-4907ad81a749,EOG_Atascosa,TX,s3://enverus-courthouse-prod-chd-plants/tx/eog_atascosa/6f78/6f787eab-c8e5-4238-a67f-4907ad81a749.pdf
6f8360f2-871c-4561-9be7-2df317ed1f32,EOG_Karnes,TX,s3://enverus-courthouse-prod-chd-plants/tx/eog_karnes/6f83/6f8360f2-871c-4561-9be7-2df317ed1f32.pdf
6f9a265c-93c5-4987-b73a-3134ee00e19d,EOG_Atascosa,TX,s3://enverus-courthouse-prod-chd-plants/tx/eog_atascosa/6f9a/6f9a265c-93c5-4987-b73a-3134ee00e19d.pdf
6fad9d60-2a26-4e46-a967-53ef0fad0d12,CHD_Lea,NM,s3://enverus-courthouse-prod-chd-plants/nm/chd_lea/6fad/6fad9d60-2a26-4e46-a967-53ef0fad0d12.pdf
6fd86c89-ef22-4a7f-8db2-821b8f63e39c,EOG_Gonzales,TX,s3://enverus-courthouse-prod-chd-plants/tx/eog_gonzales/6fd8/6fd86c89-ef22-4a7f-8db2-821b8f63e39c.pdf
6fe5fb24-ee9a-46c8-9dea-19da03dd92ad,EOG_Gonzales,TX,s3://enverus-courthouse-prod-chd-plants/tx/eog_gonzales/6fe5/6fe5fb24-ee9a-46c8-9dea-19da03dd92ad.pdf
6feba80e-5e75-433c-a3a0-ed7c22428bfd,Houston,TX,s3://enverus-courthouse-prod-chd-plants/tx/houston/6feb/6feba80e-5e75-433c-a3a0-ed7c22428bfd.pdf
7000e852-7b33-4510-9ce0-59f68207c371,Houston,TX,s3://enverus-courthouse-prod-chd-plants/tx/houston/7000/7000e852-7b33-4510-9ce0-59f68207c371.pdf
702e24e3-cc71-4393-8c5c-b69a890e0ca4,Houston,TX,s3://enverus-courthouse-prod-chd-plants/tx/houston/702e/702e24e3-cc71-4393-8c5c-b69a890e0ca4.pdf
709ccc76-94e7-4c4e-9713-1ebfbda86cbd,EOG_Karnes,TX,s3://enverus-courthouse-prod-chd-plants/tx/eog_karnes/709c/709ccc76-94e7-4c4e-9713-1ebfbda86cbd.pdf
709dfd8b-1b34-4276-bb1a-b85fc7f223e5,EOG_LaSalle,TX,s3://enverus-courthouse-prod-chd-plants/tx/eog_lasalle/709d/709dfd8b-1b34-4276-bb1a-b85fc7f223e5.pdf
70b9064b-fd3c-4394-bda5-3e73da5edf4e,EOG_Lea,NM,s3://enverus-courthouse-prod-chd-plants/nm/eog_lea/70b9/70b9064b-fd3c-4394-bda5-3e73da5edf4e.pdf
70d55642-4172-4a2a-85d6-6a89c8af3552,EOG_LaSalle,TX,s3://enverus-courthouse-prod-chd-plants/tx/eog_lasalle/70d5/70d55642-4172-4a2a-85d6-6a89c8af3552.pdf
710b933b-ee60-47c7-ade1-229d9ed81b6c,EOG_Karnes,TX,s3://enverus-courthouse-prod-chd-plants/tx/eog_karnes/710b/710b933b-ee60-47c7-ade1-229d9ed81b6c.pdf
712c440d-30c1-4325-81af-d04a1fc383da,EOG_Karnes,TX,s3://enverus-courthouse-prod-chd-plants/tx/eog_karnes/712c/712c440d-30c1-4325-81af-d04a1fc383da.pdf
71a42553-29d9-4b0d-8f52-53797422e9bc,Okmulgee,OK,s3://enverus-courthouse-prod-chd-plants/ok/okmulgee/71a4/71a42553-29d9-4b0d-8f52-53797422e9bc.pdf
71aa3f95-5b13-461f-8580-446bf62e8170,EOG_Karnes,TX,s3://enverus-courthouse-prod-chd-plants/tx/eog_karnes/71aa/71aa3f95-5b13-461f-8580-446bf62e8170.pdf
71AE1926-1035-4DC2-84C5-FC428DDB0DFD,TRAINING_Walker,TX,s3://enverus-courthouse-prod-chd-plants/tx/training_walker/71AE/71AE1926-1035-4DC2-84C5-FC428DDB0DFD.pdf
71bb7d48-7842-4962-8c8c-215f999ed77a,EOG_LaSalle,TX,s3://enverus-courthouse-prod-chd-plants/tx/eog_lasalle/71bb/71bb7d48-7842-4962-8c8c-215f999ed77a.pdf
71d96c54-af1f-49fb-8562-4d52640b9fcc,CHD_Lea,NM,s3://enverus-courthouse-prod-chd-plants/nm/chd_lea/71d9/71d96c54-af1f-49fb-8562-4d52640b9fcc.pdf
71e62650-ec4a-4dd8-a0df-46be3c7a75db,EOG_Atascosa,TX,s3://enverus-courthouse-prod-chd-plants/tx/eog_atascosa/71e6/71e62650-ec4a-4dd8-a0df-46be3c7a75db.pdf
71F06E84-4744-4827-A3C3-BBBF038D5FA3,TRAINING_Midland,TX,s3://enverus-courthouse-prod-chd-plants/tx/training_midland/71F0/71F06E84-4744-4827-A3C3-BBBF038D5FA3.pdf
71F2096A-0A08-47AE-8DCE-6D4E1E0DF163,TRAINING_Ward,TX,s3://enverus-courthouse-prod-chd-plants/tx/training_ward/71F2/71F2096A-0A08-47AE-8DCE-6D4E1E0DF163.pdf
720e935e-46c9-4c37-92c0-70ccfdc9c930,EOG_Lea,NM,s3://enverus-courthouse-prod-chd-plants/nm/eog_lea/720e/720e935e-46c9-4c37-92c0-70ccfdc9c930.pdf
724293f0-82e8-426f-a212-7b67530b0cfa,EOG_Gonzales,TX,s3://enverus-courthouse-prod-chd-plants/tx/eog_gonzales/7242/724293f0-82e8-426f-a212-7b67530b0cfa.pdf
726cc79a-97c1-4761-99f1-e3311d989f62,CHD_Lea,NM,s3://enverus-courthouse-prod-chd-plants/nm/chd_lea/726c/726cc79a-97c1-4761-99f1-e3311d989f62.pdf
7279eba1-b50f-4822-ae99-3bb82b7b6c22,EOG_Cooke,TX,s3://enverus-courthouse-prod-chd-plants/tx/eog_cooke/7279/7279eba1-b50f-4822-ae99-3bb82b7b6c22.pdf
728f1ab7-b364-49f5-9206-0020ce75a504,EOG_Lea,NM,s3://enverus-courthouse-prod-chd-plants/nm/eog_lea/728f/728f1ab7-b364-49f5-9206-0020ce75a504.pdf
72b98b16-161a-4108-a3ad-b6dd3d7c02a3,EOG_Atascosa,TX,s3://enverus-courthouse-prod-chd-plants/tx/eog_atascosa/72b9/72b98b16-161a-4108-a3ad-b6dd3d7c02a3.pdf
73060d73-75c3-43bf-b2a7-08cc65cb2b72,EOG_Lea,NM,s3://enverus-courthouse-prod-chd-plants/nm/eog_lea/7306/73060d73-75c3-43bf-b2a7-08cc65cb2b72.pdf
73653fd9-206f-4480-a1e3-9a92c3ce6f7f,EOG_Cooke,TX,s3://enverus-courthouse-prod-chd-plants/tx/eog_cooke/7365/73653fd9-206f-4480-a1e3-9a92c3ce6f7f.pdf
73a8ad3a-4221-4646-bacd-67a6d25799e2,EOG_Cooke,TX,s3://enverus-courthouse-prod-chd-plants/tx/eog_cooke/73a8/73a8ad3a-4221-4646-bacd-67a6d25799e2.pdf
73B2FE44-5359-4E56-9DB0-09A06A507A0C,TRAINING_Crockett,TX,s3://enverus-courthouse-prod-chd-plants/tx/training_crockett/73B2/73B2FE44-5359-4E56-9DB0-09A06A507A0C.pdf
73b56ef2-e6b3-4a70-88c6-03c91e63ae97,CHD_Lea,NM,s3://enverus-courthouse-prod-chd-plants/nm/chd_lea/73b5/73b56ef2-e6b3-4a70-88c6-03c91e63ae97.pdf
73c0b699-0d2f-4f34-9a6d-9e38045a3fd3,EOG_Atascosa,TX,s3://enverus-courthouse-prod-chd-plants/tx/eog_atascosa/73c0/73c0b699-0d2f-4f34-9a6d-9e38045a3fd3.pdf
740514dc-f9fc-4bd7-a002-979675b4512c,Hood,TX,s3://enverus-courthouse-prod-chd-plants/tx/hood/7405/740514dc-f9fc-4bd7-a002-979675b4512c.pdf
746dd08b-84b7-43cb-9aeb-f0411cfe38c0,EOG_Gonzales,TX,s3://enverus-courthouse-prod-chd-plants/tx/eog_gonzales/746d/746dd08b-84b7-43cb-9aeb-f0411cfe38c0.pdf
748eed98-e895-41b9-bf98-00d9b30e5d91,EOG_Gonzales,TX,s3://enverus-courthouse-prod-chd-plants/tx/eog_gonzales/748e/748eed98-e895-41b9-bf98-00d9b30e5d91.pdf
74bde0a2-330d-47b4-b2e2-3f5ffd8eeb69,EOG_Cooke,TX,s3://enverus-courthouse-prod-chd-plants/tx/eog_cooke/74bd/74bde0a2-330d-47b4-b2e2-3f5ffd8eeb69.pdf
74eb5a75-3fb9-11eb-9a9f-00505681224b,EOG_Lea,NM,s3://enverus-courthouse-prod-chd-plants/nm/eog_lea/74eb/74eb5a75-3fb9-11eb-9a9f-00505681224b.pdf
752bff4c-d214-4fec-8516-1842a23316ea,Crane,TX,s3://enverus-courthouse-prod-chd-plants/tx/crane/752b/752bff4c-d214-4fec-8516-1842a23316ea.pdf
75349785-6a8f-4ade-a043-9759bcb92254,EOG_Lea,NM,s3://enverus-courthouse-prod-chd-plants/nm/eog_lea/7534/75349785-6a8f-4ade-a043-9759bcb92254.pdf
7541695c-7aa7-491a-8f31-e27b53227116,EOG_Lea,NM,s3://enverus-courthouse-prod-chd-plants/nm/eog_lea/7541/7541695c-7aa7-491a-8f31-e27b53227116.pdf
758b5c6f-90dd-4132-8c8b-66d8979327b3,EOG_Cooke,TX,s3://enverus-courthouse-prod-chd-plants/tx/eog_cooke/758b/758b5c6f-90dd-4132-8c8b-66d8979327b3.pdf
75ab710c-452b-4022-a35f-4a5887280e81,EOG_Lea,NM,s3://enverus-courthouse-prod-chd-plants/nm/eog_lea/75ab/75ab710c-452b-4022-a35f-4a5887280e81.pdf
75ceecd8-d27d-4f00-9ee3-51478ac072b9,CHD_Lea,NM,s3://enverus-courthouse-prod-chd-plants/nm/chd_lea/75ce/75ceecd8-d27d-4f00-9ee3-51478ac072b9.pdf
75e04bf9-f163-654d-aca2-3a4d325b3cd5,Burleson,TX,s3://enverus-courthouse-prod-chd-plants/tx/burleson/75e0/75e04bf9-f163-654d-aca2-3a4d325b3cd5.pdf
75f6747e-162a-47d1-85ea-5c7ddfc877f0,EOG_Gonzales,TX,s3://enverus-courthouse-prod-chd-plants/tx/eog_gonzales/75f6/75f6747e-162a-47d1-85ea-5c7ddfc877f0.pdf
75fc783e-061f-41dd-9352-84e175ae9aa9,EOG_Cooke,TX,s3://enverus-courthouse-prod-chd-plants/tx/eog_cooke/75fc/75fc783e-061f-41dd-9352-84e175ae9aa9.pdf
76357f06-72aa-423e-a093-5b8a00a055f3,EOG_Cooke,TX,s3://enverus-courthouse-prod-chd-plants/tx/eog_cooke/7635/76357f06-72aa-423e-a093-5b8a00a055f3.pdf
765b244e-7b87-421e-ab6d-7f2e08c6eb3a,EOG_Karnes,TX,s3://enverus-courthouse-prod-chd-plants/tx/eog_karnes/765b/765b244e-7b87-421e-ab6d-7f2e08c6eb3a.pdf
7695ddd3-8031-4330-a17d-10190f6efb30,EOG_Cooke,TX,s3://enverus-courthouse-prod-chd-plants/tx/eog_cooke/7695/7695ddd3-8031-4330-a17d-10190f6efb30.pdf
76af2789-d3b1-418b-8d03-c3e3b74c3922,EOG_Atascosa,TX,s3://enverus-courthouse-prod-chd-plants/tx/eog_atascosa/76af/76af2789-d3b1-418b-8d03-c3e3b74c3922.pdf
76b75d40-dd73-453f-bd26-e1bbda7734e9,EOG_Atascosa,TX,s3://enverus-courthouse-prod-chd-plants/tx/eog_atascosa/76b7/76b75d40-dd73-453f-bd26-e1bbda7734e9.pdf
76be6370-847a-45ce-bcf6-75527626fd16,EOG_Karnes,TX,s3://enverus-courthouse-prod-chd-plants/tx/eog_karnes/76be/76be6370-847a-45ce-bcf6-75527626fd16.pdf
76ee8acf-4e7b-4767-a6c2-41d344cb6523,EOG_McMullen,TX,s3://enverus-courthouse-prod-chd-plants/tx/eog_mcmullen/76ee/76ee8acf-4e7b-4767-a6c2-41d344cb6523.pdf
76f44906-1315-4fb6-b369-6e3a990961db,EOG_Karnes,TX,s3://enverus-courthouse-prod-chd-plants/tx/eog_karnes/76f4/76f44906-1315-4fb6-b369-6e3a990961db.pdf
76F83A6B-FE05-41AC-8C35-90AA0C90F750,TRAINING_LaSalle,TX,s3://enverus-courthouse-prod-chd-plants/tx/training_lasalle/76F8/76F83A6B-FE05-41AC-8C35-90AA0C90F750.pdf
775b8dec-ab4d-485c-9905-3d27853534f2,EOG_Karnes,TX,s3://enverus-courthouse-prod-chd-plants/tx/eog_karnes/775b/775b8dec-ab4d-485c-9905-3d27853534f2.pdf
77707b54-e33b-48f8-ad04-a206cd2d6efb,EOG_Gonzales,TX,s3://enverus-courthouse-prod-chd-plants/tx/eog_gonzales/7770/77707b54-e33b-48f8-ad04-a206cd2d6efb.pdf
7770d738-a054-4cb7-bee0-15e0dee5ddda,Houston,TX,s3://enverus-courthouse-prod-chd-plants/tx/houston/7770/7770d738-a054-4cb7-bee0-15e0dee5ddda.pdf
77846a4d-73d9-44d6-a594-39205e67b69e,EOG_Atascosa,TX,s3://enverus-courthouse-prod-chd-plants/tx/eog_atascosa/7784/77846a4d-73d9-44d6-a594-39205e67b69e.pdf
778bd66a-f87f-4f20-9cfe-4d182a958677,EOG_Lea,NM,s3://enverus-courthouse-prod-chd-plants/nm/eog_lea/778b/778bd66a-f87f-4f20-9cfe-4d182a958677.pdf
77e53c15-d73b-462f-91ff-60257f3f43f8,Crane,TX,s3://enverus-courthouse-prod-chd-plants/tx/crane/77e5/77e53c15-d73b-462f-91ff-60257f3f43f8.pdf
77eab91a-ccf4-4ccd-acf8-a18bf718cdd7,McClain,OK,s3://enverus-courthouse-prod-chd-plants/ok/mcclain/77ea/77eab91a-ccf4-4ccd-acf8-a18bf718cdd7.pdf
77f3975a-bdf4-4c8e-b87f-6a36838b9291,EOG_Lea,NM,s3://enverus-courthouse-prod-chd-plants/nm/eog_lea/77f3/77f3975a-bdf4-4c8e-b87f-6a36838b9291.pdf
780d8980-d0d6-4f6a-ac6e-982aa5f5dff9,Houston,TX,s3://enverus-courthouse-prod-chd-plants/tx/houston/780d/780d8980-d0d6-4f6a-ac6e-982aa5f5dff9.pdf
7828d12e-61dc-4792-98d0-76a56d25bc79,EOG_Cooke,TX,s3://enverus-courthouse-prod-chd-plants/tx/eog_cooke/7828/7828d12e-61dc-4792-98d0-76a56d25bc79.pdf
7842c09e-530f-49c7-8dc4-7146f296bf64,EOG_LaSalle,TX,s3://enverus-courthouse-prod-chd-plants/tx/eog_lasalle/7842/7842c09e-530f-49c7-8dc4-7146f296bf64.pdf
786ba418-9eb2-44ce-b2db-b7252efbb1fb,EOG_Atascosa,TX,s3://enverus-courthouse-prod-chd-plants/tx/eog_atascosa/786b/786ba418-9eb2-44ce-b2db-b7252efbb1fb.pdf
7870f017-12ec-cf4d-a0af-0a6589ea706d,Burleson,TX,s3://enverus-courthouse-prod-chd-plants/tx/burleson/7870/7870f017-12ec-cf4d-a0af-0a6589ea706d.pdf
787c7eea-a397-4a06-8eac-ef088735f6b5,EOG_Karnes,TX,s3://enverus-courthouse-prod-chd-plants/tx/eog_karnes/787c/787c7eea-a397-4a06-8eac-ef088735f6b5.pdf
787C9D25-0446-47BE-8A0D-FA3915DAC3D8,TRAINING_Crockett,TX,s3://enverus-courthouse-prod-chd-plants/tx/training_crockett/787C/787C9D25-0446-47BE-8A0D-FA3915DAC3D8.pdf
788627b9-47e5-49f4-a858-aad2d7c3e6f4,CHD_Lea,NM,s3://enverus-courthouse-prod-chd-plants/nm/chd_lea/7886/788627b9-47e5-49f4-a858-aad2d7c3e6f4.pdf
7890abd3-985e-4ac5-a36c-e4d6978d0306,EOG_Atascosa,TX,s3://enverus-courthouse-prod-chd-plants/tx/eog_atascosa/7890/7890abd3-985e-4ac5-a36c-e4d6978d0306.pdf
789ec04b-a828-4ccc-b3f5-f9c61f67a2cf,Houston,TX,s3://enverus-courthouse-prod-chd-plants/tx/houston/789e/789ec04b-a828-4ccc-b3f5-f9c61f67a2cf.pdf
78a70d47-eb5d-4c6e-b658-d3d47099e6db,Crane,TX,s3://enverus-courthouse-prod-chd-plants/tx/crane/78a7/78a70d47-eb5d-4c6e-b658-d3d47099e6db.pdf
78a97cb9-3805-824b-8fda-7f502b4b112f,Martin,TX,s3://enverus-courthouse-prod-chd-plants/tx/martin/78a9/78a97cb9-3805-824b-8fda-7f502b4b112f.pdf
78c13b35-139e-44f7-ae9b-6bea2dc478f5,EOG_Karnes,TX,s3://enverus-courthouse-prod-chd-plants/tx/eog_karnes/78c1/78c13b35-139e-44f7-ae9b-6bea2dc478f5.pdf
78c5bea0-5a79-4858-8db7-d15d871abf81,Houston,TX,s3://enverus-courthouse-prod-chd-plants/tx/houston/78c5/78c5bea0-5a79-4858-8db7-d15d871abf81.pdf
78cc3eac-4c3a-48c3-856c-3b9fa83b72d2,EOG_Gonzales,TX,s3://enverus-courthouse-prod-chd-plants/tx/eog_gonzales/78cc/78cc3eac-4c3a-48c3-856c-3b9fa83b72d2.pdf
78f3888a-193e-4143-a06a-2dee0f152ebd,EOG_Gonzales,TX,s3://enverus-courthouse-prod-chd-plants/tx/eog_gonzales/78f3/78f3888a-193e-4143-a06a-2dee0f152ebd.pdf
794242ad-50c0-40ff-9165-10686def76c5,EOG_Cooke,TX,s3://enverus-courthouse-prod-chd-plants/tx/eog_cooke/7942/794242ad-50c0-40ff-9165-10686def76c5.pdf
7956736b-3d84-4888-9dce-5a6c1868edac,EOG_Lea,NM,s3://enverus-courthouse-prod-chd-plants/nm/eog_lea/7956/7956736b-3d84-4888-9dce-5a6c1868edac.pdf
79696da2-59ac-4c0b-b775-32ffe16fa021,CHD_Lea,NM,s3://enverus-courthouse-prod-chd-plants/nm/chd_lea/7969/79696da2-59ac-4c0b-b775-32ffe16fa021.pdf
796b1985-0e37-4e3b-a2d3-1a10761699c1,EOG_LaSalle,TX,s3://enverus-courthouse-prod-chd-plants/tx/eog_lasalle/796b/796b1985-0e37-4e3b-a2d3-1a10761699c1.pdf
7978d866-f160-40ed-b108-51120c0461dc,EOG_Atascosa,TX,s3://enverus-courthouse-prod-chd-plants/tx/eog_atascosa/7978/7978d866-f160-40ed-b108-51120c0461dc.pdf
798bb1ca-4276-4855-95a3-46ac34a3e1c0,EOG_Cooke,TX,s3://enverus-courthouse-prod-chd-plants/tx/eog_cooke/798b/798bb1ca-4276-4855-95a3-46ac34a3e1c0.pdf
7990484b-111d-4734-9b6b-b4719ce3430a,CHD_Lea,NM,s3://enverus-courthouse-prod-chd-plants/nm/chd_lea/7990/7990484b-111d-4734-9b6b-b4719ce3430a.pdf
79a4356d-1226-433d-98a3-4c1913c66809,EOG_Lea,NM,s3://enverus-courthouse-prod-chd-plants/nm/eog_lea/79a4/79a4356d-1226-433d-98a3-4c1913c66809.pdf
79da275a-5d03-428c-8bd2-01f98902965a,Potter,TX,s3://enverus-courthouse-prod-chd-plants/tx/potter/79da/79da275a-5d03-428c-8bd2-01f98902965a.pdf
79f41ac3-d7be-f044-8471-1ee8cb7e82c8,Eddy,NM,s3://enverus-courthouse-prod-chd-plants/nm/eddy/79f4/79f41ac3-d7be-f044-8471-1ee8cb7e82c8.pdf
79faf822-2076-48e6-8971-22effc895396,EOG_Cooke,TX,s3://enverus-courthouse-prod-chd-plants/tx/eog_cooke/79fa/79faf822-2076-48e6-8971-22effc895396.pdf
7a2321c3-a887-4163-9479-b95c699cf4e1,EOG_Lea,NM,s3://enverus-courthouse-prod-chd-plants/nm/eog_lea/7a23/7a2321c3-a887-4163-9479-b95c699cf4e1.pdf
7a2c7366-68c5-48d3-ac1b-7051b20d886f,EOG_Karnes,TX,s3://enverus-courthouse-prod-chd-plants/tx/eog_karnes/7a2c/7a2c7366-68c5-48d3-ac1b-7051b20d886f.pdf
7a3a4516-e7a6-49de-aa20-f896f96ad8c8,EOG_McMullen,TX,s3://enverus-courthouse-prod-chd-plants/tx/eog_mcmullen/7a3a/7a3a4516-e7a6-49de-aa20-f896f96ad8c8.pdf
7a5c06c8-b982-4d7e-90d2-e490f9c61340,EOG_Gonzales,TX,s3://enverus-courthouse-prod-chd-plants/tx/eog_gonzales/7a5c/7a5c06c8-b982-4d7e-90d2-e490f9c61340.pdf
7a5edfba-4293-4182-ad21-ae352c0005dc,CHD_Lea,NM,s3://enverus-courthouse-prod-chd-plants/nm/chd_lea/7a5e/7a5edfba-4293-4182-ad21-ae352c0005dc.pdf
7a9d0f84-a490-11ea-a4ae-00505681224b,EOG_Lea,NM,s3://enverus-courthouse-prod-chd-plants/nm/eog_lea/7a9d/7a9d0f84-a490-11ea-a4ae-00505681224b.pdf
7b064e6d-0d7a-443e-a509-078c664a7cc9,EOG_McMullen,TX,s3://enverus-courthouse-prod-chd-plants/tx/eog_mcmullen/7b06/7b064e6d-0d7a-443e-a509-078c664a7cc9.pdf
7b50e713-b3c5-4e5b-ae9b-5630fa3c7825,EOG_Karnes,TX,s3://enverus-courthouse-prod-chd-plants/tx/eog_karnes/7b50/7b50e713-b3c5-4e5b-ae9b-5630fa3c7825.pdf
7b6233d1-7318-450a-a4ae-8ec542175293,CHD_Lea,NM,s3://enverus-courthouse-prod-chd-plants/nm/chd_lea/7b62/7b6233d1-7318-450a-a4ae-8ec542175293.pdf
7b6d6d00-0334-11ed-9154-00505681224b,Garfield,OK,s3://enverus-courthouse-prod-chd-plants/ok/garfield/7b6d/7b6d6d00-0334-11ed-9154-00505681224b.pdf
7b9b843d-3da9-47ba-9e46-2f4189b4ea62,EOG_Atascosa,TX,s3://enverus-courthouse-prod-chd-plants/tx/eog_atascosa/7b9b/7b9b843d-3da9-47ba-9e46-2f4189b4ea62.pdf
7c18659d-7db0-4722-a6d8-7e2f0493ba46,EOG_Gonzales,TX,s3://enverus-courthouse-prod-chd-plants/tx/eog_gonzales/7c18/7c18659d-7db0-4722-a6d8-7e2f0493ba46.pdf
7c2e0dca-1837-4097-962c-7cfaf4f73d07,EOG_Lea,NM,s3://enverus-courthouse-prod-chd-plants/nm/eog_lea/7c2e/7c2e0dca-1837-4097-962c-7cfaf4f73d07.pdf
7c5dc98d-d9bc-4fcf-9c02-7224e6000062,EOG_Atascosa,TX,s3://enverus-courthouse-prod-chd-plants/tx/eog_atascosa/7c5d/7c5dc98d-d9bc-4fcf-9c02-7224e6000062.pdf
7C722A51-EAD8-4BB4-A638-B9203283D669,TRAINING_Crockett,TX,s3://enverus-courthouse-prod-chd-plants/tx/training_crockett/7C72/7C722A51-EAD8-4BB4-A638-B9203283D669.pdf
7c8d53ad-21d0-4909-836d-2a0cc028888a,EOG_LaSalle,TX,s3://enverus-courthouse-prod-chd-plants/tx/eog_lasalle/7c8d/7c8d53ad-21d0-4909-836d-2a0cc028888a.pdf
7cf67cde-7098-4417-b288-8d15a32cd2e3,EOG_Gonzales,TX,s3://enverus-courthouse-prod-chd-plants/tx/eog_gonzales/7cf6/7cf67cde-7098-4417-b288-8d15a32cd2e3.pdf
7d030b4e-4d22-40f8-9829-4dab783bbb03,EOG_Lea,NM,s3://enverus-courthouse-prod-chd-plants/nm/eog_lea/7d03/7d030b4e-4d22-40f8-9829-4dab783bbb03.pdf
7d5da812-1441-469a-a4d6-fd45cd796ffc,EOG_Cooke,TX,s3://enverus-courthouse-prod-chd-plants/tx/eog_cooke/7d5d/7d5da812-1441-469a-a4d6-fd45cd796ffc.pdf
7d74450f-21fb-4397-8e0d-0030df0c4a83,EOG_Cooke,TX,s3://enverus-courthouse-prod-chd-plants/tx/eog_cooke/7d74/7d74450f-21fb-4397-8e0d-0030df0c4a83.pdf
7D7E9B68-8566-482E-9C85-F0849B7FF20B,TRAINING_Midland,TX,s3://enverus-courthouse-prod-chd-plants/tx/training_midland/7D7E/7D7E9B68-8566-482E-9C85-F0849B7FF20B.pdf
7d935b8f-9f89-45b6-ab97-6338a28a9d49,EOG_Atascosa,TX,s3://enverus-courthouse-prod-chd-plants/tx/eog_atascosa/7d93/7d935b8f-9f89-45b6-ab97-6338a28a9d49.pdf
7da196d0-7961-488c-b335-98d7227fc313,EOG_Atascosa,TX,s3://enverus-courthouse-prod-chd-plants/tx/eog_atascosa/7da1/7da196d0-7961-488c-b335-98d7227fc313.pdf
7da21999-6d25-4712-ba54-5a666aa20057,CHD_Lea,NM,s3://enverus-courthouse-prod-chd-plants/nm/chd_lea/7da2/7da21999-6d25-4712-ba54-5a666aa20057.pdf
7daabb9e-73fe-4b08-b9cb-735f92b96264,EOG_Cooke,TX,s3://enverus-courthouse-prod-chd-plants/tx/eog_cooke/7daa/7daabb9e-73fe-4b08-b9cb-735f92b96264.pdf
7df09a31-4130-4aa8-9c2c-c3d09c7986c4,EOG_Cooke,TX,s3://enverus-courthouse-prod-chd-plants/tx/eog_cooke/7df0/7df09a31-4130-4aa8-9c2c-c3d09c7986c4.pdf
7df69896-a502-4f8c-b5a2-4c40b3f37793,EOG_Gonzales,TX,s3://enverus-courthouse-prod-chd-plants/tx/eog_gonzales/7df6/7df69896-a502-4f8c-b5a2-4c40b3f37793.pdf
7e00d69b-27d7-4fdb-b6df-c367eb19e570,Crane,TX,s3://enverus-courthouse-prod-chd-plants/tx/crane/7e00/7e00d69b-27d7-4fdb-b6df-c367eb19e570.pdf
7E127E31-6851-4AA7-A357-6DD33403F835,TRAINING_Crockett,TX,s3://enverus-courthouse-prod-chd-plants/tx/training_crockett/7E12/7E127E31-6851-4AA7-A357-6DD33403F835.pdf
7e4e4a01-195b-4fe2-a550-13b68a00f844,EOG_Gonzales,TX,s3://enverus-courthouse-prod-chd-plants/tx/eog_gonzales/7e4e/7e4e4a01-195b-4fe2-a550-13b68a00f844.pdf
7e4ef7fe-648a-4182-a46d-e906570f6a8a,Loving,TX,s3://enverus-courthouse-prod-chd-plants/tx/loving/7e4e/7e4ef7fe-648a-4182-a46d-e906570f6a8a.pdf
7e852aa0-c4b3-42df-97a4-ec65cf7d2dc8,EOG_Lea,NM,s3://enverus-courthouse-prod-chd-plants/nm/eog_lea/7e85/7e852aa0-c4b3-42df-97a4-ec65cf7d2dc8.pdf
7e9849c3-a853-47d5-b34e-cf5453557a20,EOG_Lea,NM,s3://enverus-courthouse-prod-chd-plants/nm/eog_lea/7e98/7e9849c3-a853-47d5-b34e-cf5453557a20.pdf
7E9F8F27-28BF-4B58-9C61-E47A184C1168,TRAINING_Midland,TX,s3://enverus-courthouse-prod-chd-plants/tx/training_midland/7E9F/7E9F8F27-28BF-4B58-9C61-E47A184C1168.pdf
7f5073ad-2c19-421c-89fb-eb73ea9054fc,EOG_Gonzales,TX,s3://enverus-courthouse-prod-chd-plants/tx/eog_gonzales/7f50/7f5073ad-2c19-421c-89fb-eb73ea9054fc.pdf
7f5492c7-7074-11e8-8ff1-00505681224b,Amite,MS,s3://enverus-courthouse-prod-chd-plants/ms/amite/7f54/7f5492c7-7074-11e8-8ff1-00505681224b.pdf
7f5f7355-385a-4e0f-ab33-c19df7c3f6b9,EOG_Gonzales,TX,s3://enverus-courthouse-prod-chd-plants/tx/eog_gonzales/7f5f/7f5f7355-385a-4e0f-ab33-c19df7c3f6b9.pdf
7fb7e27a-ad92-4478-bbdf-ac84f77cd422,EOG_Karnes,TX,s3://enverus-courthouse-prod-chd-plants/tx/eog_karnes/7fb7/7fb7e27a-ad92-4478-bbdf-ac84f77cd422.pdf
7fc0ad90-77fa-11eb-989a-00505681224b,EOG_Lea,NM,s3://enverus-courthouse-prod-chd-plants/nm/eog_lea/7fc0/7fc0ad90-77fa-11eb-989a-00505681224b.pdf
7fed4b79-a511-4dd3-b467-36eab310f883,EOG_Gonzales,TX,s3://enverus-courthouse-prod-chd-plants/tx/eog_gonzales/7fed/7fed4b79-a511-4dd3-b467-36eab310f883.pdf
7ff6ada0-23e3-4211-ac58-293b0d1404ca,EOG_Cooke,TX,s3://enverus-courthouse-prod-chd-plants/tx/eog_cooke/7ff6/7ff6ada0-23e3-4211-ac58-293b0d1404ca.pdf
801071b8-7080-42c9-8482-e2126e10b6c5,EOG_Lea,NM,s3://enverus-courthouse-prod-chd-plants/nm/eog_lea/8010/801071b8-7080-42c9-8482-e2126e10b6c5.pdf
80196fe2-82b0-43fa-8fdf-026b4bbdf2b3,EOG_LaSalle,TX,s3://enverus-courthouse-prod-chd-plants/tx/eog_lasalle/8019/80196fe2-82b0-43fa-8fdf-026b4bbdf2b3.pdf
80364843-56c9-46fe-903f-72305801a647,EOG_Cooke,TX,s3://enverus-courthouse-prod-chd-plants/tx/eog_cooke/8036/80364843-56c9-46fe-903f-72305801a647.pdf
804a6805-7fc0-4c0b-a793-ba0a7529e16b,Midland,TX,s3://enverus-courthouse-prod-chd-plants/tx/midland/804a/804a6805-7fc0-4c0b-a793-ba0a7529e16b.pdf
805A3662-6EAF-41A0-9AC6-4830CD5D3393,TRAINING_Madison,TX,s3://enverus-courthouse-prod-chd-plants/tx/training_madison/805A/805A3662-6EAF-41A0-9AC6-4830CD5D3393.pdf
80a9fbb5-f9e4-4c50-91d9-0169eb3748bf,EOG_Cooke,TX,s3://enverus-courthouse-prod-chd-plants/tx/eog_cooke/80a9/80a9fbb5-f9e4-4c50-91d9-0169eb3748bf.pdf
80be1245-70b8-4242-aa6e-fa9475ee204a,EOG_Lea,NM,s3://enverus-courthouse-prod-chd-plants/nm/eog_lea/80be/80be1245-70b8-4242-aa6e-fa9475ee204a.pdf
80e4ee01-0d5f-4013-8a3d-217c2e5fa387,EOG_Lea,NM,s3://enverus-courthouse-prod-chd-plants/nm/eog_lea/80e4/80e4ee01-0d5f-4013-8a3d-217c2e5fa387.pdf
81069cfc-590a-421d-aeca-c4563558cda7,EOG_Cooke,TX,s3://enverus-courthouse-prod-chd-plants/tx/eog_cooke/8106/81069cfc-590a-421d-aeca-c4563558cda7.pdf
810c4ece-3550-4fa3-aa63-4cae95d7088c,EOG_Atascosa,TX,s3://enverus-courthouse-prod-chd-plants/tx/eog_atascosa/810c/810c4ece-3550-4fa3-aa63-4cae95d7088c.pdf
810e1099-a0c6-4d7a-9cc2-d1f1227077d5,EOG_McMullen,TX,s3://enverus-courthouse-prod-chd-plants/tx/eog_mcmullen/810e/810e1099-a0c6-4d7a-9cc2-d1f1227077d5.pdf
8150cc3e-b92b-11eb-aa8e-00505681224b,Garfield,OK,s3://enverus-courthouse-prod-chd-plants/ok/garfield/8150/8150cc3e-b92b-11eb-aa8e-00505681224b.pdf
81521ff5-389a-48b4-912d-eb29c98be04a,CHD_Lea,NM,s3://enverus-courthouse-prod-chd-plants/nm/chd_lea/8152/81521ff5-389a-48b4-912d-eb29c98be04a.pdf
816552E3-1ACA-4D3D-832E-2CC7F1794457,TRAINING_Midland,TX,s3://enverus-courthouse-prod-chd-plants/tx/training_midland/8165/816552E3-1ACA-4D3D-832E-2CC7F1794457.pdf
816bd764-7590-4f3e-8369-0bedd23c60e1,EOG_Cooke,TX,s3://enverus-courthouse-prod-chd-plants/tx/eog_cooke/816b/816bd764-7590-4f3e-8369-0bedd23c60e1.pdf
817c34a5-b6af-491e-ac8e-0418244ccb6a,EOG_Lea,NM,s3://enverus-courthouse-prod-chd-plants/nm/eog_lea/817c/817c34a5-b6af-491e-ac8e-0418244ccb6a.pdf
81a1b925-30e5-4976-8d82-2130dbe7ef74,EOG_Karnes,TX,s3://enverus-courthouse-prod-chd-plants/tx/eog_karnes/81a1/81a1b925-30e5-4976-8d82-2130dbe7ef74.pdf
81AF01AF-E76D-40BE-8711-02BBEEDC834C,TRAINING_Johnson,TX,s3://enverus-courthouse-prod-chd-plants/tx/training_johnson/81AF/81AF01AF-E76D-40BE-8711-02BBEEDC834C.pdf
81ffc4d7-43e8-472c-815a-bb6808f8330a,CHD_Lea,NM,s3://enverus-courthouse-prod-chd-plants/nm/chd_lea/81ff/81ffc4d7-43e8-472c-815a-bb6808f8330a.pdf
8208ad0a-9697-11eb-aa5f-00505681224b,Garfield,OK,s3://enverus-courthouse-prod-chd-plants/ok/garfield/8208/8208ad0a-9697-11eb-aa5f-00505681224b.pdf
821da908-3945-4a8f-93cf-3bd77a7953e6,EOG_Cooke,TX,s3://enverus-courthouse-prod-chd-plants/tx/eog_cooke/821d/821da908-3945-4a8f-93cf-3bd77a7953e6.pdf
8258262a-5fb7-4c46-971c-8f2fcf01700a,EOG_Cooke,TX,s3://enverus-courthouse-prod-chd-plants/tx/eog_cooke/8258/8258262a-5fb7-4c46-971c-8f2fcf01700a.pdf
827c07e0-2f25-49bd-a368-ac75de55db23,CHD_Lea,NM,s3://enverus-courthouse-prod-chd-plants/nm/chd_lea/827c/827c07e0-2f25-49bd-a368-ac75de55db23.pdf
829dd8d2-9f49-4934-82e0-2a30d0157517,Houston,TX,s3://enverus-courthouse-prod-chd-plants/tx/houston/829d/829dd8d2-9f49-4934-82e0-2a30d0157517.pdf
82c638fd-0ddd-46a0-97b8-179746fe2031,EOG_Gonzales,TX,s3://enverus-courthouse-prod-chd-plants/tx/eog_gonzales/82c6/82c638fd-0ddd-46a0-97b8-179746fe2031.pdf
82d35fac-a63f-46e2-b5b5-849b1de81570,EOG_LaSalle,TX,s3://enverus-courthouse-prod-chd-plants/tx/eog_lasalle/82d3/82d35fac-a63f-46e2-b5b5-849b1de81570.pdf
82fe79a4-0ebc-4182-b6f0-bd16101d71a9,EOG_Lea,NM,s3://enverus-courthouse-prod-chd-plants/nm/eog_lea/82fe/82fe79a4-0ebc-4182-b6f0-bd16101d71a9.pdf
832b8343-e94f-483d-b35a-4608155a1bb9,Crane,TX,s3://enverus-courthouse-prod-chd-plants/tx/crane/832b/832b8343-e94f-483d-b35a-4608155a1bb9.pdf
83641d5e-6816-4197-ba95-7ced9b6c2e40,EOG_Lea,NM,s3://enverus-courthouse-prod-chd-plants/nm/eog_lea/8364/83641d5e-6816-4197-ba95-7ced9b6c2e40.pdf
8367693b-ff07-4a07-a287-0eebfa41e990,Nueces,TX,s3://enverus-courthouse-prod-chd-plants/tx/nueces/8367/8367693b-ff07-4a07-a287-0eebfa41e990.pdf
838c8896-b341-4ed4-a485-86d907efa81d,EOG_Lea,NM,s3://enverus-courthouse-prod-chd-plants/nm/eog_lea/838c/838c8896-b341-4ed4-a485-86d907efa81d.pdf
8395d08c-4746-45d5-920e-916924578ff5,EOG_Gonzales,TX,s3://enverus-courthouse-prod-chd-plants/tx/eog_gonzales/8395/8395d08c-4746-45d5-920e-916924578ff5.pdf
8398d85b-d19e-4d5c-9d6f-1f86799d4f7a,EOG_Karnes,TX,s3://enverus-courthouse-prod-chd-plants/tx/eog_karnes/8398/8398d85b-d19e-4d5c-9d6f-1f86799d4f7a.pdf
83b63a80-0550-4d26-95b4-29002fd88b1b,CHD_Lea,NM,s3://enverus-courthouse-prod-chd-plants/nm/chd_lea/83b6/83b63a80-0550-4d26-95b4-29002fd88b1b.pdf
83ecf3f4-7e13-4f41-9ae9-a3d76abeb869,EOG_Cooke,TX,s3://enverus-courthouse-prod-chd-plants/tx/eog_cooke/83ec/83ecf3f4-7e13-4f41-9ae9-a3d76abeb869.pdf
84586702-3C69-4601-ACEA-6235DD7318CF,TRAINING_Johnson,TX,s3://enverus-courthouse-prod-chd-plants/tx/training_johnson/8458/84586702-3C69-4601-ACEA-6235DD7318CF.pdf
845c7733-0567-11ec-ade0-00505681224b,Wetzel,WV,s3://enverus-courthouse-prod-chd-plants/wv/wetzel/845c/845c7733-0567-11ec-ade0-00505681224b.pdf
846f222a-a214-4b42-8537-79a9d6a29f7c,EOG_Cooke,TX,s3://enverus-courthouse-prod-chd-plants/tx/eog_cooke/846f/846f222a-a214-4b42-8537-79a9d6a29f7c.pdf
848153db-4822-4db8-b307-9e766175f7a2,EOG_Lea,NM,s3://enverus-courthouse-prod-chd-plants/nm/eog_lea/8481/848153db-4822-4db8-b307-9e766175f7a2.pdf
84c19860-14f2-47cb-a45c-1f7557629ffa,Houston,TX,s3://enverus-courthouse-prod-chd-plants/tx/houston/84c1/84c19860-14f2-47cb-a45c-1f7557629ffa.pdf
8585bcda-5a62-4874-a051-dfb6f1b6ef74,EOG_McMullen,TX,s3://enverus-courthouse-prod-chd-plants/tx/eog_mcmullen/8585/8585bcda-5a62-4874-a051-dfb6f1b6ef74.pdf
85871aae-f15a-46b1-9e94-73fed1dd6798,CHD_Lea,NM,s3://enverus-courthouse-prod-chd-plants/nm/chd_lea/8587/85871aae-f15a-46b1-9e94-73fed1dd6798.pdf
85b70d24-4893-4247-8ec6-6fd41bf8d95f,EOG_Lea,NM,s3://enverus-courthouse-prod-chd-plants/nm/eog_lea/85b7/85b70d24-4893-4247-8ec6-6fd41bf8d95f.pdf
85d9eaf2-677c-43d8-9b94-b29d8181066c,CHD_Lea,NM,s3://enverus-courthouse-prod-chd-plants/nm/chd_lea/85d9/85d9eaf2-677c-43d8-9b94-b29d8181066c.pdf
8600c10c-c2da-4bc0-bc71-10a85d51e683,EOG_Karnes,TX,s3://enverus-courthouse-prod-chd-plants/tx/eog_karnes/8600/8600c10c-c2da-4bc0-bc71-10a85d51e683.pdf
860edaeb-afec-4371-b237-142cfd1021e7,Ward,TX,s3://enverus-courthouse-prod-chd-plants/tx/ward/860e/860edaeb-afec-4371-b237-142cfd1021e7.pdf
861b7626-e6aa-4051-8737-1dbfa7cfa167,EOG_Atascosa,TX,s3://enverus-courthouse-prod-chd-plants/tx/eog_atascosa/861b/861b7626-e6aa-4051-8737-1dbfa7cfa167.pdf
86578490-3321-47bb-9c8c-5bb84ef4655c,EOG_Lea,NM,s3://enverus-courthouse-prod-chd-plants/nm/eog_lea/8657/86578490-3321-47bb-9c8c-5bb84ef4655c.pdf
866d145b-9311-4ac2-a960-979f2fafe4b3,EOG_McMullen,TX,s3://enverus-courthouse-prod-chd-plants/tx/eog_mcmullen/866d/866d145b-9311-4ac2-a960-979f2fafe4b3.pdf
86859807-d5c8-4936-aed4-8311bc3892de,CHD_Lea,NM,s3://enverus-courthouse-prod-chd-plants/nm/chd_lea/8685/86859807-d5c8-4936-aed4-8311bc3892de.pdf
869570B7-EEFD-4BF2-8A43-54A74E646EC4,TRAINING_Robertson,TX,s3://enverus-courthouse-prod-chd-plants/tx/training_robertson/8695/869570B7-EEFD-4BF2-8A43-54A74E646EC4.pdf
86bebe5c-2fb5-4781-96fe-1b65421be457,EOG_McMullen,TX,s3://enverus-courthouse-prod-chd-plants/tx/eog_mcmullen/86be/86bebe5c-2fb5-4781-96fe-1b65421be457.pdf
8702914D-8462-451B-8827-8A85F4D19527,TRAINING_Crockett,TX,s3://enverus-courthouse-prod-chd-plants/tx/training_crockett/8702/8702914D-8462-451B-8827-8A85F4D19527.pdf
8742e019-ea19-49c7-95c6-3889c5fa4d52,EOG_Lea,NM,s3://enverus-courthouse-prod-chd-plants/nm/eog_lea/8742/8742e019-ea19-49c7-95c6-3889c5fa4d52.pdf
875c06ad-3756-491f-b7fb-e7985e542506,EOG_Cooke,TX,s3://enverus-courthouse-prod-chd-plants/tx/eog_cooke/875c/875c06ad-3756-491f-b7fb-e7985e542506.pdf
876f0ffa-78f8-41d2-83d4-4294686ce1b1,CHD_Lea,NM,s3://enverus-courthouse-prod-chd-plants/nm/chd_lea/876f/876f0ffa-78f8-41d2-83d4-4294686ce1b1.pdf
87751c97-2783-6d48-8a55-8ec5690bf7dd,Eddy,NM,s3://enverus-courthouse-prod-chd-plants/nm/eddy/8775/87751c97-2783-6d48-8a55-8ec5690bf7dd.pdf
8779f00a-4140-4272-87fb-8c07cbd221ee,CHD_Lea,NM,s3://enverus-courthouse-prod-chd-plants/nm/chd_lea/8779/8779f00a-4140-4272-87fb-8c07cbd221ee.pdf
87b3ab47-e5e1-490a-aa41-d2cd93df0630,EOG_Cooke,TX,s3://enverus-courthouse-prod-chd-plants/tx/eog_cooke/87b3/87b3ab47-e5e1-490a-aa41-d2cd93df0630.pdf
87DA14C3-5D45-47AE-AE47-AF41CCFCC4DC,TRAINING_Reeves,TX,s3://enverus-courthouse-prod-chd-plants/tx/training_reeves/87DA/87DA14C3-5D45-47AE-AE47-AF41CCFCC4DC.pdf
87f60200-7390-4ab1-93c2-81fff2f3baa5,EOG_Cooke,TX,s3://enverus-courthouse-prod-chd-plants/tx/eog_cooke/87f6/87f60200-7390-4ab1-93c2-81fff2f3baa5.pdf
8823ea53-d90a-4ee5-a154-2c17a420e192,EOG_Karnes,TX,s3://enverus-courthouse-prod-chd-plants/tx/eog_karnes/8823/8823ea53-d90a-4ee5-a154-2c17a420e192.pdf
883eaace-6d8f-40ba-ad8e-f928a67772a1,EOG_Lea,NM,s3://enverus-courthouse-prod-chd-plants/nm/eog_lea/883e/883eaace-6d8f-40ba-ad8e-f928a67772a1.pdf
8849acc6-bb12-4d2a-b10f-6d3789fcab45,Midland,TX,s3://enverus-courthouse-prod-chd-plants/tx/midland/8849/8849acc6-bb12-4d2a-b10f-6d3789fcab45.pdf
88ea128a-31be-4faf-9a1f-368e7a1d48bf,EOG_Lea,NM,s3://enverus-courthouse-prod-chd-plants/nm/eog_lea/88ea/88ea128a-31be-4faf-9a1f-368e7a1d48bf.pdf
890f8bcd-9693-4b33-a07b-c5ff7166bef7,EOG_Atascosa,TX,s3://enverus-courthouse-prod-chd-plants/tx/eog_atascosa/890f/890f8bcd-9693-4b33-a07b-c5ff7166bef7.pdf
891be068-2ee5-4bf4-a457-a84dd1170f54,EOG_Lea,NM,s3://enverus-courthouse-prod-chd-plants/nm/eog_lea/891b/891be068-2ee5-4bf4-a457-a84dd1170f54.pdf
894b3eb6-161a-e74a-9c23-2c94f86253cc,Walker,TX,s3://enverus-courthouse-prod-chd-plants/tx/walker/894b/894b3eb6-161a-e74a-9c23-2c94f86253cc.pdf
8952cea0-4d7f-42f5-885b-74e1c9d57237,EOG_Lea,NM,s3://enverus-courthouse-prod-chd-plants/nm/eog_lea/8952/8952cea0-4d7f-42f5-885b-74e1c9d57237.pdf
8953caaa-abe6-4a93-8c71-00a2f5ea33c6,EOG_Gonzales,TX,s3://enverus-courthouse-prod-chd-plants/tx/eog_gonzales/8953/8953caaa-abe6-4a93-8c71-00a2f5ea33c6.pdf
89c1e7e6-86ba-4872-938b-a4585ee5f643,EOG_Cooke,TX,s3://enverus-courthouse-prod-chd-plants/tx/eog_cooke/89c1/89c1e7e6-86ba-4872-938b-a4585ee5f643.pdf
89C7A3EE-85BA-4B7B-81C5-F33C9EED7C34,TRAINING_Houston,TX,s3://enverus-courthouse-prod-chd-plants/tx/training_houston/89C7/89C7A3EE-85BA-4B7B-81C5-F33C9EED7C34.pdf
89d7037b-47e8-4088-a0ba-c259d7b6cce2,Crane,TX,s3://enverus-courthouse-prod-chd-plants/tx/crane/89d7/89d7037b-47e8-4088-a0ba-c259d7b6cce2.pdf
8a089616-384f-4d56-8a86-834af9c1ed6c,EOG_Cooke,TX,s3://enverus-courthouse-prod-chd-plants/tx/eog_cooke/8a08/8a089616-384f-4d56-8a86-834af9c1ed6c.pdf
8a1a9e5b-1d84-4fc3-a646-f1360f53b1d6,EOG_Lea,NM,s3://enverus-courthouse-prod-chd-plants/nm/eog_lea/8a1a/8a1a9e5b-1d84-4fc3-a646-f1360f53b1d6.pdf
8a4df61b-4108-47b5-ad42-d7a42532482d,EOG_Karnes,TX,s3://enverus-courthouse-prod-chd-plants/tx/eog_karnes/8a4d/8a4df61b-4108-47b5-ad42-d7a42532482d.pdf
8a8bda7b-d076-40f2-a282-af99dd916161,EOG_Lea,NM,s3://enverus-courthouse-prod-chd-plants/nm/eog_lea/8a8b/8a8bda7b-d076-40f2-a282-af99dd916161.pdf
8aa26b65-4f97-419a-a441-c574a3a8ae36,EOG_Cooke,TX,s3://enverus-courthouse-prod-chd-plants/tx/eog_cooke/8aa2/8aa26b65-4f97-419a-a441-c574a3a8ae36.pdf
8aaeed09-da03-4bb0-9c89-ddea9520103b,CHD_Lea,NM,s3://enverus-courthouse-prod-chd-plants/nm/chd_lea/8aae/8aaeed09-da03-4bb0-9c89-ddea9520103b.pdf
8B03C2FB-4682-432D-98A6-46F14427B142,TRAINING_Crockett,TX,s3://enverus-courthouse-prod-chd-plants/tx/training_crockett/8B03/8B03C2FB-4682-432D-98A6-46F14427B142.pdf
8b075f64-f3c5-4929-bcc4-2ba3d235d0d1,CHD_Lea,NM,s3://enverus-courthouse-prod-chd-plants/nm/chd_lea/8b07/8b075f64-f3c5-4929-bcc4-2ba3d235d0d1.pdf
8b2abd86-b1c6-468f-91af-30ff53e102c0,CHD_Lea,NM,s3://enverus-courthouse-prod-chd-plants/nm/chd_lea/8b2a/8b2abd86-b1c6-468f-91af-30ff53e102c0.pdf
8b47244d-8bd9-434a-921e-0049747b6b25,EOG_Lea,NM,s3://enverus-courthouse-prod-chd-plants/nm/eog_lea/8b47/8b47244d-8bd9-434a-921e-0049747b6b25.pdf
8bb8d989-acc6-4b3e-b2ad-09ffd0910696,EOG_Atascosa,TX,s3://enverus-courthouse-prod-chd-plants/tx/eog_atascosa/8bb8/8bb8d989-acc6-4b3e-b2ad-09ffd0910696.pdf
8BE7792C-1923-49BE-993A-7422D7683885,TRAINING_Johnson,TX,s3://enverus-courthouse-prod-chd-plants/tx/training_johnson/8BE7/8BE7792C-1923-49BE-993A-7422D7683885.pdf
8c08b636-4b33-41f4-9766-44a1a70a9002,EOG_Karnes,TX,s3://enverus-courthouse-prod-chd-plants/tx/eog_karnes/8c08/8c08b636-4b33-41f4-9766-44a1a70a9002.pdf
8c0dba4b-28d6-452a-a3a0-7d5b1f1ba209,EOG_LaSalle,TX,s3://enverus-courthouse-prod-chd-plants/tx/eog_lasalle/8c0d/8c0dba4b-28d6-452a-a3a0-7d5b1f1ba209.pdf
8c2395ab-f319-4153-be7d-f3c6eb31d71b,Crane,TX,s3://enverus-courthouse-prod-chd-plants/tx/crane/8c23/8c2395ab-f319-4153-be7d-f3c6eb31d71b.pdf
8c49979b-b7c4-4400-bd68-78cd47b17eab,EOG_Lea,NM,s3://enverus-courthouse-prod-chd-plants/nm/eog_lea/8c49/8c49979b-b7c4-4400-bd68-78cd47b17eab.pdf
8c532ad8-024e-11ec-80f8-00505681224b,Wetzel,WV,s3://enverus-courthouse-prod-chd-plants/wv/wetzel/8c53/8c532ad8-024e-11ec-80f8-00505681224b.pdf
8c65110e-e022-4687-945d-9fedab0a8fbf,EOG_Lea,NM,s3://enverus-courthouse-prod-chd-plants/nm/eog_lea/8c65/8c65110e-e022-4687-945d-9fedab0a8fbf.pdf
8C910ED8-DCBF-4277-9D4E-E719A30124D5,TRAINING_Grimes,TX,s3://enverus-courthouse-prod-chd-plants/tx/training_grimes/8C91/8C910ED8-DCBF-4277-9D4E-E719A30124D5.pdf
8cc67a3f-8de4-4778-bd8e-2b9a8fedb187,EOG_LaSalle,TX,s3://enverus-courthouse-prod-chd-plants/tx/eog_lasalle/8cc6/8cc67a3f-8de4-4778-bd8e-2b9a8fedb187.pdf
8cef20d7-96e9-4264-8030-7c66cddbe26d,EOG_Cooke,TX,s3://enverus-courthouse-prod-chd-plants/tx/eog_cooke/8cef/8cef20d7-96e9-4264-8030-7c66cddbe26d.pdf
8cf18a07-dc60-4222-9c2c-1c662a1d2d78,CHD_Lea,NM,s3://enverus-courthouse-prod-chd-plants/nm/chd_lea/8cf1/8cf18a07-dc60-4222-9c2c-1c662a1d2d78.pdf
8d32806f-653f-48c7-9f8b-046321173d25,Hood,TX,s3://enverus-courthouse-prod-chd-plants/tx/hood/8d32/8d32806f-653f-48c7-9f8b-046321173d25.pdf
8d3e5b9f-0e63-4ca4-a993-84c6743d89e3,Loving,TX,s3://enverus-courthouse-prod-chd-plants/tx/loving/8d3e/8d3e5b9f-0e63-4ca4-a993-84c6743d89e3.pdf
8d52ef06-aa53-48fb-82bf-8276e7f25006,EOG_Lea,NM,s3://enverus-courthouse-prod-chd-plants/nm/eog_lea/8d52/8d52ef06-aa53-48fb-82bf-8276e7f25006.pdf
8d6f71af-41d3-4589-ad0b-4ffc18958850,EOG_Lea,NM,s3://enverus-courthouse-prod-chd-plants/nm/eog_lea/8d6f/8d6f71af-41d3-4589-ad0b-4ffc18958850.pdf
8d7288d0-ddbf-488b-b599-6755c2c5d9e2,EOG_Karnes,TX,s3://enverus-courthouse-prod-chd-plants/tx/eog_karnes/8d72/8d7288d0-ddbf-488b-b599-6755c2c5d9e2.pdf
8d86a24d-4727-48bb-8eca-ce2603427117,Walker,TX,s3://enverus-courthouse-prod-chd-plants/tx/walker/8d86/8d86a24d-4727-48bb-8eca-ce2603427117.pdf
8d988f35-cdc5-43d1-9820-513fb5728018,Nueces,TX,s3://enverus-courthouse-prod-chd-plants/tx/nueces/8d98/8d988f35-cdc5-43d1-9820-513fb5728018.pdf
8de1361a-f820-4339-9374-97832ee266ab,EOG_Gonzales,TX,s3://enverus-courthouse-prod-chd-plants/tx/eog_gonzales/8de1/8de1361a-f820-4339-9374-97832ee266ab.pdf
8df40893-5d54-1a49-992f-39fdcb1a545e,Burleson,TX,s3://enverus-courthouse-prod-chd-plants/tx/burleson/8df4/8df40893-5d54-1a49-992f-39fdcb1a545e.pdf
8e148f1b-5bd1-4565-b33f-dd802acad01c,Houston,TX,s3://enverus-courthouse-prod-chd-plants/tx/houston/8e14/8e148f1b-5bd1-4565-b33f-dd802acad01c.pdf
8e6873a5-af03-430a-ae8a-8c8cb57f3d2a,EOG_Cooke,TX,s3://enverus-courthouse-prod-chd-plants/tx/eog_cooke/8e68/8e6873a5-af03-430a-ae8a-8c8cb57f3d2a.pdf
8e9111d2-0c20-4770-91be-412feda86f88,EOG_Lea,NM,s3://enverus-courthouse-prod-chd-plants/nm/eog_lea/8e91/8e9111d2-0c20-4770-91be-412feda86f88.pdf
8EC25935-4428-4ADA-AAA9-038F54ADB5F1,TRAINING_Crockett,TX,s3://enverus-courthouse-prod-chd-plants/tx/training_crockett/8EC2/8EC25935-4428-4ADA-AAA9-038F54ADB5F1.pdf
8ee58847-e557-4505-8f72-4ff612c2a3b7,EOG_Lea,NM,s3://enverus-courthouse-prod-chd-plants/nm/eog_lea/8ee5/8ee58847-e557-4505-8f72-4ff612c2a3b7.pdf
8f0c3b35-81c3-4c34-aecc-15e3897af03b,EOG_Lea,NM,s3://enverus-courthouse-prod-chd-plants/nm/eog_lea/8f0c/8f0c3b35-81c3-4c34-aecc-15e3897af03b.pdf
8f11bd6f-5ddd-46db-88dd-b551982675fd,EOG_Cooke,TX,s3://enverus-courthouse-prod-chd-plants/tx/eog_cooke/8f11/8f11bd6f-5ddd-46db-88dd-b551982675fd.pdf
8f40fded-d8c6-4310-a20d-b0f53cd75789,EOG_LaSalle,TX,s3://enverus-courthouse-prod-chd-plants/tx/eog_lasalle/8f40/8f40fded-d8c6-4310-a20d-b0f53cd75789.pdf
8f606b9d-141c-4c5b-ad71-d34a388eec76,CHD_Lea,NM,s3://enverus-courthouse-prod-chd-plants/nm/chd_lea/8f60/8f606b9d-141c-4c5b-ad71-d34a388eec76.pdf
8f70e313-ee38-489d-808f-f332fbf569eb,CHD_Lea,NM,s3://enverus-courthouse-prod-chd-plants/nm/chd_lea/8f70/8f70e313-ee38-489d-808f-f332fbf569eb.pdf
8f941c83-18cc-49df-834c-b2012d8c0e7e,Houston,TX,s3://enverus-courthouse-prod-chd-plants/tx/houston/8f94/8f941c83-18cc-49df-834c-b2012d8c0e7e.pdf
8FB12E3E-951E-4D94-915F-16B1ED6AD65C,TRAINING_Ward,TX,s3://enverus-courthouse-prod-chd-plants/tx/training_ward/8FB1/8FB12E3E-951E-4D94-915F-16B1ED6AD65C.pdf
8ffff061-8c9f-4262-9bd2-a3b6ebd37c30,CHD_Lea,NM,s3://enverus-courthouse-prod-chd-plants/nm/chd_lea/8fff/8ffff061-8c9f-4262-9bd2-a3b6ebd37c30.pdf
90112e4c-8307-469c-9cc2-50d08df2586b,EOG_Karnes,TX,s3://enverus-courthouse-prod-chd-plants/tx/eog_karnes/9011/90112e4c-8307-469c-9cc2-50d08df2586b.pdf
90206526-f0f6-484e-a403-65134fd46eb3,EOG_Atascosa,TX,s3://enverus-courthouse-prod-chd-plants/tx/eog_atascosa/9020/90206526-f0f6-484e-a403-65134fd46eb3.pdf
904d14fc-1fc5-4f3c-aecb-c200b90ddce4,EOG_Lea,NM,s3://enverus-courthouse-prod-chd-plants/nm/eog_lea/904d/904d14fc-1fc5-4f3c-aecb-c200b90ddce4.pdf
9051386d-d47b-4020-9fa0-444627f5a0fd,Hood,TX,s3://enverus-courthouse-prod-chd-plants/tx/hood/9051/9051386d-d47b-4020-9fa0-444627f5a0fd.pdf
9063e233-3a06-46f9-bdba-94a12c17c690,EOG_Gonzales,TX,s3://enverus-courthouse-prod-chd-plants/tx/eog_gonzales/9063/9063e233-3a06-46f9-bdba-94a12c17c690.pdf
907e162f-bd46-4001-b1ee-3c8d957ddfd0,Somerset,PA,s3://enverus-courthouse-prod-chd-plants/pa/somerset/907e/907e162f-bd46-4001-b1ee-3c8d957ddfd0.pdf
907ffdd7-ae02-4ebc-8be4-7a2f3cead6d4,Crane,TX,s3://enverus-courthouse-prod-chd-plants/tx/crane/907f/907ffdd7-ae02-4ebc-8be4-7a2f3cead6d4.pdf
908320fd-fa73-4304-8164-56cf46ad9601,EOG_Atascosa,TX,s3://enverus-courthouse-prod-chd-plants/tx/eog_atascosa/9083/908320fd-fa73-4304-8164-56cf46ad9601.pdf
9083da76-2dbf-4660-add6-ee35423dcebb,CHD_Lea,NM,s3://enverus-courthouse-prod-chd-plants/nm/chd_lea/9083/9083da76-2dbf-4660-add6-ee35423dcebb.pdf
90ca9d87-4576-4899-9252-51fd20aeb764,EOG_Lea,NM,s3://enverus-courthouse-prod-chd-plants/nm/eog_lea/90ca/90ca9d87-4576-4899-9252-51fd20aeb764.pdf
90cc4585-441d-11eb-b5f4-00505681224b,EOG_Lea,NM,s3://enverus-courthouse-prod-chd-plants/nm/eog_lea/90cc/90cc4585-441d-11eb-b5f4-00505681224b.pdf
90f05fed-0e6e-4c0b-af41-9ececc0dd5e1,EOG_Lea,NM,s3://enverus-courthouse-prod-chd-plants/nm/eog_lea/90f0/90f05fed-0e6e-4c0b-af41-9ececc0dd5e1.pdf
9163e2cc-9e44-417c-b7c8-f43d66a8c90a,EOG_Cooke,TX,s3://enverus-courthouse-prod-chd-plants/tx/eog_cooke/9163/9163e2cc-9e44-417c-b7c8-f43d66a8c90a.pdf
918b1b5a-ee4f-4328-a81a-b77961df203c,EOG_Gonzales,TX,s3://enverus-courthouse-prod-chd-plants/tx/eog_gonzales/918b/918b1b5a-ee4f-4328-a81a-b77961df203c.pdf
91c9584a-677f-4032-ad52-6de6c2e3f017,EOG_Lea,NM,s3://enverus-courthouse-prod-chd-plants/nm/eog_lea/91c9/91c9584a-677f-4032-ad52-6de6c2e3f017.pdf
91d1d6de-5bbb-462c-a800-8e6fbfd995fa,EOG_Atascosa,TX,s3://enverus-courthouse-prod-chd-plants/tx/eog_atascosa/91d1/91d1d6de-5bbb-462c-a800-8e6fbfd995fa.pdf
91f54462-b0f3-4f3a-8fab-64558885dd07,EOG_Atascosa,TX,s3://enverus-courthouse-prod-chd-plants/tx/eog_atascosa/91f5/91f54462-b0f3-4f3a-8fab-64558885dd07.pdf
91fd8552-0e3e-4e70-be07-7962f062b806,EOG_Atascosa,TX,s3://enverus-courthouse-prod-chd-plants/tx/eog_atascosa/91fd/91fd8552-0e3e-4e70-be07-7962f062b806.pdf
92035d1b-ed98-4d96-8780-7d6d6f98dab4,EOG_Karnes,TX,s3://enverus-courthouse-prod-chd-plants/tx/eog_karnes/9203/92035d1b-ed98-4d96-8780-7d6d6f98dab4.pdf
920ee677-238f-4235-bae5-c355e3e3e5a5,EOG_Cooke,TX,s3://enverus-courthouse-prod-chd-plants/tx/eog_cooke/920e/920ee677-238f-4235-bae5-c355e3e3e5a5.pdf
9218c6b3-b6f5-40f9-9146-7360e97b8492,EOG_Karnes,TX,s3://enverus-courthouse-prod-chd-plants/tx/eog_karnes/9218/9218c6b3-b6f5-40f9-9146-7360e97b8492.pdf
921fe70e-4585-43c5-aae8-8313145fc54e,EOG_Gonzales,TX,s3://enverus-courthouse-prod-chd-plants/tx/eog_gonzales/921f/921fe70e-4585-43c5-aae8-8313145fc54e.pdf
927c686d-8007-4cf5-86a0-1510f80cb762,EOG_Lea,NM,s3://enverus-courthouse-prod-chd-plants/nm/eog_lea/927c/927c686d-8007-4cf5-86a0-1510f80cb762.pdf
927e027d-278e-4226-93be-3f282af5814a,EOG_Lea,NM,s3://enverus-courthouse-prod-chd-plants/nm/eog_lea/927e/927e027d-278e-4226-93be-3f282af5814a.pdf
92aaa609-7188-4175-aa6d-8bba1aac9b3c,EOG_Cooke,TX,s3://enverus-courthouse-prod-chd-plants/tx/eog_cooke/92aa/92aaa609-7188-4175-aa6d-8bba1aac9b3c.pdf
92fe1aee-ebc3-4b52-854f-22fc0e29a331,Crane,TX,s3://enverus-courthouse-prod-chd-plants/tx/crane/92fe/92fe1aee-ebc3-4b52-854f-22fc0e29a331.pdf
9328de7b-be53-4cea-981b-bc946e103405,EOG_Gonzales,TX,s3://enverus-courthouse-prod-chd-plants/tx/eog_gonzales/9328/9328de7b-be53-4cea-981b-bc946e103405.pdf
93446052-2952-4fe8-87d1-63a347e35f79,EOG_Cooke,TX,s3://enverus-courthouse-prod-chd-plants/tx/eog_cooke/9344/93446052-2952-4fe8-87d1-63a347e35f79.pdf
934c1fe0-1bea-480d-929d-043c1c8f5a61,EOG_Cooke,TX,s3://enverus-courthouse-prod-chd-plants/tx/eog_cooke/934c/934c1fe0-1bea-480d-929d-043c1c8f5a61.pdf
93511546-7f56-4e43-b4d4-3d1db0f932c4,EOG_Lea,NM,s3://enverus-courthouse-prod-chd-plants/nm/eog_lea/9351/93511546-7f56-4e43-b4d4-3d1db0f932c4.pdf
93650ae6-79d4-413b-9f34-7af5280ce508,EOG_Atascosa,TX,s3://enverus-courthouse-prod-chd-plants/tx/eog_atascosa/9365/93650ae6-79d4-413b-9f34-7af5280ce508.pdf
9365fc71-9710-4b01-9b14-e436ca7d25ae,EOG_LaSalle,TX,s3://enverus-courthouse-prod-chd-plants/tx/eog_lasalle/9365/9365fc71-9710-4b01-9b14-e436ca7d25ae.pdf
9366e6f7-0b83-479f-a6eb-ab1b79763e50,EOG_Lea,NM,s3://enverus-courthouse-prod-chd-plants/nm/eog_lea/9366/9366e6f7-0b83-479f-a6eb-ab1b79763e50.pdf
936f6cbc-e258-45bb-a72d-c5d6a2fd4c43,EOG_Cooke,TX,s3://enverus-courthouse-prod-chd-plants/tx/eog_cooke/936f/936f6cbc-e258-45bb-a72d-c5d6a2fd4c43.pdf
93A3549D-C08A-455D-B89A-386F272BD85F,TRAINING_Crockett,TX,s3://enverus-courthouse-prod-chd-plants/tx/training_crockett/93A3/93A3549D-C08A-455D-B89A-386F272BD85F.pdf
93a9c895-8e9f-4ad6-b646-68bdc4ffca7f,Midland,TX,s3://enverus-courthouse-prod-chd-plants/tx/midland/93a9/93a9c895-8e9f-4ad6-b646-68bdc4ffca7f.pdf
93aeb3ef-4102-46a4-996d-317c18fe7e9f,EOG_Lea,NM,s3://enverus-courthouse-prod-chd-plants/nm/eog_lea/93ae/93aeb3ef-4102-46a4-996d-317c18fe7e9f.pdf
93afb91e-0a13-427d-a8a9-bb28947094c4,Dimmit,TX,s3://enverus-courthouse-prod-chd-plants/tx/dimmit/93af/93afb91e-0a13-427d-a8a9-bb28947094c4.pdf
93b0d1be-e74c-4aac-8805-1328a58efc1d,EOG_Lea,NM,s3://enverus-courthouse-prod-chd-plants/nm/eog_lea/93b0/93b0d1be-e74c-4aac-8805-1328a58efc1d.pdf
93b7aa9c-9160-4225-99ba-1fc3c195868f,CHD_Lea,NM,s3://enverus-courthouse-prod-chd-plants/nm/chd_lea/93b7/93b7aa9c-9160-4225-99ba-1fc3c195868f.pdf
93c8b07c-284d-4ad5-8c0f-3c63f57d243d,EOG_Atascosa,TX,s3://enverus-courthouse-prod-chd-plants/tx/eog_atascosa/93c8/93c8b07c-284d-4ad5-8c0f-3c63f57d243d.pdf
93e5d264-9ee2-47aa-aa88-ab691a05bd18,CHD_Lea,NM,s3://enverus-courthouse-prod-chd-plants/nm/chd_lea/93e5/93e5d264-9ee2-47aa-aa88-ab691a05bd18.pdf
93f506b4-0b28-4564-96ab-c78d0e641015,Howard,TX,s3://enverus-courthouse-prod-chd-plants/tx/howard/93f5/93f506b4-0b28-4564-96ab-c78d0e641015.pdf
94221113-8651-4ef2-a1de-d8812c940e80,EOG_McMullen,TX,s3://enverus-courthouse-prod-chd-plants/tx/eog_mcmullen/9422/94221113-8651-4ef2-a1de-d8812c940e80.pdf
94383E7B-A6E3-4A9F-800B-1CD27F7A7F70,TRAINING_Johnson,TX,s3://enverus-courthouse-prod-chd-plants/tx/training_johnson/9438/94383E7B-A6E3-4A9F-800B-1CD27F7A7F70.pdf
9479204b-2dd7-4658-b368-4ef38d989d04,EOG_Cooke,TX,s3://enverus-courthouse-prod-chd-plants/tx/eog_cooke/9479/9479204b-2dd7-4658-b368-4ef38d989d04.pdf
94a2b485-dafc-4a0f-8961-83f2039f0556,EOG_Gonzales,TX,s3://enverus-courthouse-prod-chd-plants/tx/eog_gonzales/94a2/94a2b485-dafc-4a0f-8961-83f2039f0556.pdf
94cdf501-b5d7-40ea-89b8-e6db6b839c72,EOG_Lea,NM,s3://enverus-courthouse-prod-chd-plants/nm/eog_lea/94cd/94cdf501-b5d7-40ea-89b8-e6db6b839c72.pdf
95426C74-0DEB-4028-809C-23CD1EDD8A30,TRAINING_Grimes,TX,s3://enverus-courthouse-prod-chd-plants/tx/training_grimes/9542/95426C74-0DEB-4028-809C-23CD1EDD8A30.pdf
9553fae5-815f-4604-994d-35ec6dd942ac,CHD_Lea,NM,s3://enverus-courthouse-prod-chd-plants/nm/chd_lea/9553/9553fae5-815f-4604-994d-35ec6dd942ac.pdf
9554d7c3-310d-42e8-a08c-c4d2e6c7f675,EOG_Gonzales,TX,s3://enverus-courthouse-prod-chd-plants/tx/eog_gonzales/9554/9554d7c3-310d-42e8-a08c-c4d2e6c7f675.pdf
95705edc-e85e-49d5-a824-3aa1c7346e97,CHD_Lea,NM,s3://enverus-courthouse-prod-chd-plants/nm/chd_lea/9570/95705edc-e85e-49d5-a824-3aa1c7346e97.pdf
95b3b379-6b27-4ad5-8b8c-d2ce82f12299,EOG_Karnes,TX,s3://enverus-courthouse-prod-chd-plants/tx/eog_karnes/95b3/95b3b379-6b27-4ad5-8b8c-d2ce82f12299.pdf
95dc1885-65a4-4528-b3a0-a8f2a44fad46,EOG_McMullen,TX,s3://enverus-courthouse-prod-chd-plants/tx/eog_mcmullen/95dc/95dc1885-65a4-4528-b3a0-a8f2a44fad46.pdf
9617dfd1-0cd8-4ea3-a294-0002e289c1ec,EOG_Lea,NM,s3://enverus-courthouse-prod-chd-plants/nm/eog_lea/9617/9617dfd1-0cd8-4ea3-a294-0002e289c1ec.pdf
96551ba3-e487-4057-b80a-49cae68ff4b7,EOG_Atascosa,TX,s3://enverus-courthouse-prod-chd-plants/tx/eog_atascosa/9655/96551ba3-e487-4057-b80a-49cae68ff4b7.pdf
96797432-58d6-4fa7-b363-534062f9f9ee,EOG_Lea,NM,s3://enverus-courthouse-prod-chd-plants/nm/eog_lea/9679/96797432-58d6-4fa7-b363-534062f9f9ee.pdf
967ee455-9268-4552-a298-2151e6b7fd7c,EOG_Karnes,TX,s3://enverus-courthouse-prod-chd-plants/tx/eog_karnes/967e/967ee455-9268-4552-a298-2151e6b7fd7c.pdf
96A4AFC7-D45E-45B1-8A72-18A66A855147,TRAINING_Martin,TX,s3://enverus-courthouse-prod-chd-plants/tx/training_martin/96A4/96A4AFC7-D45E-45B1-8A72-18A66A855147.pdf
96a7d77b-a88e-4130-bfcc-c33393c50a4e,CHD_Lea,NM,s3://enverus-courthouse-prod-chd-plants/nm/chd_lea/96a7/96a7d77b-a88e-4130-bfcc-c33393c50a4e.pdf
96a8abe5-4a65-4c25-a7f4-4139d209b0c5,CHD_Lea,NM,s3://enverus-courthouse-prod-chd-plants/nm/chd_lea/96a8/96a8abe5-4a65-4c25-a7f4-4139d209b0c5.pdf
96be53a7-6ad8-4d1b-84be-933df2ce3647,EOG_Atascosa,TX,s3://enverus-courthouse-prod-chd-plants/tx/eog_atascosa/96be/96be53a7-6ad8-4d1b-84be-933df2ce3647.pdf
96c6397a-8f61-4533-904d-bccc4ea77d66,EOG_Lea,NM,s3://enverus-courthouse-prod-chd-plants/nm/eog_lea/96c6/96c6397a-8f61-4533-904d-bccc4ea77d66.pdf
96d2c040-6018-402c-b169-7afa3e818d2b,EOG_Gonzales,TX,s3://enverus-courthouse-prod-chd-plants/tx/eog_gonzales/96d2/96d2c040-6018-402c-b169-7afa3e818d2b.pdf
96dd3fbd-6258-49c6-9c4c-01a4616acc39,EOG_Gonzales,TX,s3://enverus-courthouse-prod-chd-plants/tx/eog_gonzales/96dd/96dd3fbd-6258-49c6-9c4c-01a4616acc39.pdf
96fc5e57-a24c-442a-9258-a1a232cf46f7,EOG_Cooke,TX,s3://enverus-courthouse-prod-chd-plants/tx/eog_cooke/96fc/96fc5e57-a24c-442a-9258-a1a232cf46f7.pdf
9707fe71-430c-4208-b7b3-4daa79894dd4,Houston,TX,s3://enverus-courthouse-prod-chd-plants/tx/houston/9707/9707fe71-430c-4208-b7b3-4daa79894dd4.pdf
970bb6c0-6de9-4e9d-b50c-7c46f61786fd,EOG_McMullen,TX,s3://enverus-courthouse-prod-chd-plants/tx/eog_mcmullen/970b/970bb6c0-6de9-4e9d-b50c-7c46f61786fd.pdf
97336EC9-4F13-4975-984C-63522AFA4C39,TRAINING_Crockett,TX,s3://enverus-courthouse-prod-chd-plants/tx/training_crockett/9733/97336EC9-4F13-4975-984C-63522AFA4C39.pdf
9764a3b0-5044-43fb-8c75-36ee486a6fe0,Armstrong,PA,s3://enverus-courthouse-prod-chd-plants/pa/armstrong/9764/9764a3b0-5044-43fb-8c75-36ee486a6fe0.pdf
978583c6-2aa6-46a2-a753-1b2e8f0480a9,EOG_Gonzales,TX,s3://enverus-courthouse-prod-chd-plants/tx/eog_gonzales/9785/978583c6-2aa6-46a2-a753-1b2e8f0480a9.pdf
97ada5ab-433f-4ed1-a406-cd5ce33d68d8,EOG_Lea,NM,s3://enverus-courthouse-prod-chd-plants/nm/eog_lea/97ad/97ada5ab-433f-4ed1-a406-cd5ce33d68d8.pdf
97b218ab-8766-4cc9-9517-d42e4d32c683,EOG_Karnes,TX,s3://enverus-courthouse-prod-chd-plants/tx/eog_karnes/97b2/97b218ab-8766-4cc9-9517-d42e4d32c683.pdf
97da4d3c-0e43-4dbc-819d-ef412ef06341,Lea,NM,s3://enverus-courthouse-prod-chd-plants/nm/lea/97da/97da4d3c-0e43-4dbc-819d-ef412ef06341.pdf
980f0b2a-77ef-4939-aefd-30d73ee3a3e8,EOG_Gonzales,TX,s3://enverus-courthouse-prod-chd-plants/tx/eog_gonzales/980f/980f0b2a-77ef-4939-aefd-30d73ee3a3e8.pdf
9813a1a9-a779-4317-aedb-e3c4431c98a5,EOG_Gonzales,TX,s3://enverus-courthouse-prod-chd-plants/tx/eog_gonzales/9813/9813a1a9-a779-4317-aedb-e3c4431c98a5.pdf
983CDEA3-0A42-43CB-A3A5-4C4C96255028,TRAINING_Johnson,TX,s3://enverus-courthouse-prod-chd-plants/tx/training_johnson/983C/983CDEA3-0A42-43CB-A3A5-4C4C96255028.pdf
983dc056-af19-4f6f-acfd-e373993f0d98,EOG_LaSalle,TX,s3://enverus-courthouse-prod-chd-plants/tx/eog_lasalle/983d/983dc056-af19-4f6f-acfd-e373993f0d98.pdf
984d8635-0c16-446d-8943-1df0f5ad64dc,EOG_Gonzales,TX,s3://enverus-courthouse-prod-chd-plants/tx/eog_gonzales/984d/984d8635-0c16-446d-8943-1df0f5ad64dc.pdf
987534EA-20A1-4577-89F9-2C276BD6416E,TRAINING_Jasper,TX,s3://enverus-courthouse-prod-chd-plants/tx/training_jasper/9875/987534EA-20A1-4577-89F9-2C276BD6416E.pdf
98fd59cd-1b74-4b91-a6a2-6baa9ab6299f,EOG_Cooke,TX,s3://enverus-courthouse-prod-chd-plants/tx/eog_cooke/98fd/98fd59cd-1b74-4b91-a6a2-6baa9ab6299f.pdf
99267729-e657-41bd-adee-17ac9a651616,Houston,TX,s3://enverus-courthouse-prod-chd-plants/tx/houston/9926/99267729-e657-41bd-adee-17ac9a651616.pdf
9949e7c0-011f-4850-8d3a-df195d5389fd,EOG_Atascosa,TX,s3://enverus-courthouse-prod-chd-plants/tx/eog_atascosa/9949/9949e7c0-011f-4850-8d3a-df195d5389fd.pdf
99531ca8-5b6b-4118-a1d1-62ab00ee5984,CHD_Lea,NM,s3://enverus-courthouse-prod-chd-plants/nm/chd_lea/9953/99531ca8-5b6b-4118-a1d1-62ab00ee5984.pdf
996314d2-af6c-4411-bfa2-ca12da9ccb96,EOG_Cooke,TX,s3://enverus-courthouse-prod-chd-plants/tx/eog_cooke/9963/996314d2-af6c-4411-bfa2-ca12da9ccb96.pdf
99649962-1bcc-4436-b469-b9efe3617909,EOG_Gonzales,TX,s3://enverus-courthouse-prod-chd-plants/tx/eog_gonzales/9964/99649962-1bcc-4436-b469-b9efe3617909.pdf
99940118-ebf6-42ce-ab23-21fe76f31c75,EOG_LaSalle,TX,s3://enverus-courthouse-prod-chd-plants/tx/eog_lasalle/9994/99940118-ebf6-42ce-ab23-21fe76f31c75.pdf
999fa838-9e87-4c04-a55a-8cc1ce9908d0,EOG_McMullen,TX,s3://enverus-courthouse-prod-chd-plants/tx/eog_mcmullen/999f/999fa838-9e87-4c04-a55a-8cc1ce9908d0.pdf
99b7e52c-45bc-41c3-acb9-29c529eb6a93,Waller,TX,s3://enverus-courthouse-prod-chd-plants/tx/waller/99b7/99b7e52c-45bc-41c3-acb9-29c529eb6a93.pdf
99bfb831-de4a-4dc8-92eb-2f8c333e87f9,EOG_Gonzales,TX,s3://enverus-courthouse-prod-chd-plants/tx/eog_gonzales/99bf/99bfb831-de4a-4dc8-92eb-2f8c333e87f9.pdf
99c2192c-3272-41bc-9a50-c47c12ecdb42,EOG_Lea,NM,s3://enverus-courthouse-prod-chd-plants/nm/eog_lea/99c2/99c2192c-3272-41bc-9a50-c47c12ecdb42.pdf
99dda796-cd01-4691-9242-bc0cc6e70138,EOG_Atascosa,TX,s3://enverus-courthouse-prod-chd-plants/tx/eog_atascosa/99dd/99dda796-cd01-4691-9242-bc0cc6e70138.pdf
99E16105-97A4-492C-9230-5C01CE751CB4,TRAINING_Johnson,TX,s3://enverus-courthouse-prod-chd-plants/tx/training_johnson/99E1/99E16105-97A4-492C-9230-5C01CE751CB4.pdf
99ebf521-6494-4295-9730-071deb376909,EOG_Lea,NM,s3://enverus-courthouse-prod-chd-plants/nm/eog_lea/99eb/99ebf521-6494-4295-9730-071deb376909.pdf
99f20784-c711-1d4f-9f13-ac6a8d0e97a5,Burleson,TX,s3://enverus-courthouse-prod-chd-plants/tx/burleson/99f2/99f20784-c711-1d4f-9f13-ac6a8d0e97a5.pdf
99FAE1AD-339F-400C-91BF-A84357C4675A,TRAINING_Midland,TX,s3://enverus-courthouse-prod-chd-plants/tx/training_midland/99FA/99FAE1AD-339F-400C-91BF-A84357C4675A.pdf
9a27f557-987e-4124-9de7-3f68e25e729e,CHD_Lea,NM,s3://enverus-courthouse-prod-chd-plants/nm/chd_lea/9a27/9a27f557-987e-4124-9de7-3f68e25e729e.pdf
9a529e47-5701-4f71-b4ce-526b7050e4c1,Lea,NM,s3://enverus-courthouse-prod-chd-plants/nm/lea/9a52/9a529e47-5701-4f71-b4ce-526b7050e4c1.pdf
9a56dbe6-1f91-492c-bcc5-15aac4a3d2c7,EOG_Atascosa,TX,s3://enverus-courthouse-prod-chd-plants/tx/eog_atascosa/9a56/9a56dbe6-1f91-492c-bcc5-15aac4a3d2c7.pdf
9a5e7839-6280-4c63-8fee-e0999d20fae6,EOG_Gonzales,TX,s3://enverus-courthouse-prod-chd-plants/tx/eog_gonzales/9a5e/9a5e7839-6280-4c63-8fee-e0999d20fae6.pdf
9a808f34-ebaf-456b-94a8-c0c52e913233,EOG_Cooke,TX,s3://enverus-courthouse-prod-chd-plants/tx/eog_cooke/9a80/9a808f34-ebaf-456b-94a8-c0c52e913233.pdf
9a8dafe6-d4b5-4463-a56c-9f17615b4d15,Crane,TX,s3://enverus-courthouse-prod-chd-plants/tx/crane/9a8d/9a8dafe6-d4b5-4463-a56c-9f17615b4d15.pdf
9a8db5a7-99fc-4ce2-8728-c3a5c92c1514,CHD_Lea,NM,s3://enverus-courthouse-prod-chd-plants/nm/chd_lea/9a8d/9a8db5a7-99fc-4ce2-8728-c3a5c92c1514.pdf
9A9A73C8-3F91-482A-8E65-AF9D6C9F5D3C,TRAINING_Howard,TX,s3://enverus-courthouse-prod-chd-plants/tx/training_howard/9A9A/9A9A73C8-3F91-482A-8E65-AF9D6C9F5D3C.pdf
9aa607a8-064a-4584-b17b-c1420d9aff0f,EOG_Lea,NM,s3://enverus-courthouse-prod-chd-plants/nm/eog_lea/9aa6/9aa607a8-064a-4584-b17b-c1420d9aff0f.pdf
9ae056e4-f3a7-43b0-84c2-f109fa0a963c,CHD_Lea,NM,s3://enverus-courthouse-prod-chd-plants/nm/chd_lea/9ae0/9ae056e4-f3a7-43b0-84c2-f109fa0a963c.pdf
9ae5a631-9764-4422-b3b6-ed41a15f671b,EOG_Cooke,TX,s3://enverus-courthouse-prod-chd-plants/tx/eog_cooke/9ae5/9ae5a631-9764-4422-b3b6-ed41a15f671b.pdf
9b294bad-9fd5-4fcc-8755-ef5c8e2b87d8,EOG_Cooke,TX,s3://enverus-courthouse-prod-chd-plants/tx/eog_cooke/9b29/9b294bad-9fd5-4fcc-8755-ef5c8e2b87d8.pdf
9b3caba8-8227-4e1b-aa12-05cca6b15246,Hood,TX,s3://enverus-courthouse-prod-chd-plants/tx/hood/9b3c/9b3caba8-8227-4e1b-aa12-05cca6b15246.pdf
9b5ba453-fc2f-40bb-9eec-24da97953c34,EOG_Cooke,TX,s3://enverus-courthouse-prod-chd-plants/tx/eog_cooke/9b5b/9b5ba453-fc2f-40bb-9eec-24da97953c34.pdf
9bbe7e22-c69e-43b2-87a5-c2bf76899bd6,EOG_McMullen,TX,s3://enverus-courthouse-prod-chd-plants/tx/eog_mcmullen/9bbe/9bbe7e22-c69e-43b2-87a5-c2bf76899bd6.pdf
9c06c1ed-c3f2-4f3e-8979-cde446cdd35b,EOG_Lea,NM,s3://enverus-courthouse-prod-chd-plants/nm/eog_lea/9c06/9c06c1ed-c3f2-4f3e-8979-cde446cdd35b.pdf
9c08cc36-7a50-4f41-8e69-53671d8dc7cf,CHD_Lea,NM,s3://enverus-courthouse-prod-chd-plants/nm/chd_lea/9c08/9c08cc36-7a50-4f41-8e69-53671d8dc7cf.pdf
9c1f7427-18d1-4b01-95c6-7810bd7aea3a,EOG_Karnes,TX,s3://enverus-courthouse-prod-chd-plants/tx/eog_karnes/9c1f/9c1f7427-18d1-4b01-95c6-7810bd7aea3a.pdf
9c6511a7-bdfc-41ab-8154-54c1dde4e9fe,Walker,TX,s3://enverus-courthouse-prod-chd-plants/tx/walker/9c65/9c6511a7-bdfc-41ab-8154-54c1dde4e9fe.pdf
9c6fd310-aa2b-4898-a480-6b1041be3de5,CHD_Lea,NM,s3://enverus-courthouse-prod-chd-plants/nm/chd_lea/9c6f/9c6fd310-aa2b-4898-a480-6b1041be3de5.pdf
9c84066a-edca-4c3b-8cb2-0a6b1cbc5d78,EOG_McMullen,TX,s3://enverus-courthouse-prod-chd-plants/tx/eog_mcmullen/9c84/9c84066a-edca-4c3b-8cb2-0a6b1cbc5d78.pdf
9c8bd1b2-f764-4e9d-a71e-59de7b075656,EOG_Lea,NM,s3://enverus-courthouse-prod-chd-plants/nm/eog_lea/9c8b/9c8bd1b2-f764-4e9d-a71e-59de7b075656.pdf
9C9EB754-8589-4FA0-8476-84DDF377592C,TRAINING_Midland,TX,s3://enverus-courthouse-prod-chd-plants/tx/training_midland/9C9E/9C9EB754-8589-4FA0-8476-84DDF377592C.pdf
9cbd37eb-1289-4454-9257-74c77e72152b,Crane,TX,s3://enverus-courthouse-prod-chd-plants/tx/crane/9cbd/9cbd37eb-1289-4454-9257-74c77e72152b.pdf
9cc9c917-2622-43b9-a9c7-e09eb19e4343,EOG_Lea,NM,s3://enverus-courthouse-prod-chd-plants/nm/eog_lea/9cc9/9cc9c917-2622-43b9-a9c7-e09eb19e4343.pdf
9cfa98cc-243a-4dea-8395-00b0f49d498e,EOG_McMullen,TX,s3://enverus-courthouse-prod-chd-plants/tx/eog_mcmullen/9cfa/9cfa98cc-243a-4dea-8395-00b0f49d498e.pdf
9d2a60e4-209e-4695-93bb-9c2258701bd8,EOG_Lea,NM,s3://enverus-courthouse-prod-chd-plants/nm/eog_lea/9d2a/9d2a60e4-209e-4695-93bb-9c2258701bd8.pdf
9d300381-7217-11e8-8763-00505681224b,Amite,MS,s3://enverus-courthouse-prod-chd-plants/ms/amite/9d30/9d300381-7217-11e8-8763-00505681224b.pdf
9d329c40-f750-46d4-840f-f1e1bd3dc524,EOG_Cooke,TX,s3://enverus-courthouse-prod-chd-plants/tx/eog_cooke/9d32/9d329c40-f750-46d4-840f-f1e1bd3dc524.pdf
9d34c894-6d75-4154-ad4a-a3f5ae8b5d3b,EOG_Gonzales,TX,s3://enverus-courthouse-prod-chd-plants/tx/eog_gonzales/9d34/9d34c894-6d75-4154-ad4a-a3f5ae8b5d3b.pdf
9d8c8965-789e-4263-afa4-adf4a35f21e8,Hood,TX,s3://enverus-courthouse-prod-chd-plants/tx/hood/9d8c/9d8c8965-789e-4263-afa4-adf4a35f21e8.pdf
9d8fb978-06ec-460e-90ed-2f29228b18bc,EOG_Cooke,TX,s3://enverus-courthouse-prod-chd-plants/tx/eog_cooke/9d8f/9d8fb978-06ec-460e-90ed-2f29228b18bc.pdf
9e10a0f6-8ded-40fb-a6dc-5bed91ff5e6c,CHD_Lea,NM,s3://enverus-courthouse-prod-chd-plants/nm/chd_lea/9e10/9e10a0f6-8ded-40fb-a6dc-5bed91ff5e6c.pdf
9E4F2E65-2A90-46F3-8732-19B3F9D652ED,TRAINING_Walker,TX,s3://enverus-courthouse-prod-chd-plants/tx/training_walker/9E4F/9E4F2E65-2A90-46F3-8732-19B3F9D652ED.pdf
9e6a443c-8d05-4e6b-8490-6abf48a6dfc0,CHD_Lea,NM,s3://enverus-courthouse-prod-chd-plants/nm/chd_lea/9e6a/9e6a443c-8d05-4e6b-8490-6abf48a6dfc0.pdf
9E7832A4-BD2B-46DF-A7FA-8035D3138FD8,TRAINING_Pecos,TX,s3://enverus-courthouse-prod-chd-plants/tx/training_pecos/9E78/9E7832A4-BD2B-46DF-A7FA-8035D3138FD8.pdf
9e81b366-1d90-44da-a479-206b722a2db9,EOG_Cooke,TX,s3://enverus-courthouse-prod-chd-plants/tx/eog_cooke/9e81/9e81b366-1d90-44da-a479-206b722a2db9.pdf
9e8463d3-d5d6-498e-85cd-8ff0b54ebdda,EOG_Atascosa,TX,s3://enverus-courthouse-prod-chd-plants/tx/eog_atascosa/9e84/9e8463d3-d5d6-498e-85cd-8ff0b54ebdda.pdf
9e891e21-b3cd-4fdd-aa77-4a906d5f4e81,EOG_Karnes,TX,s3://enverus-courthouse-prod-chd-plants/tx/eog_karnes/9e89/9e891e21-b3cd-4fdd-aa77-4a906d5f4e81.pdf
9ea68b31-b02f-497b-981c-987a100be8ec,EOG_Gonzales,TX,s3://enverus-courthouse-prod-chd-plants/tx/eog_gonzales/9ea6/9ea68b31-b02f-497b-981c-987a100be8ec.pdf
9eb5066e-814d-4f3c-8a64-25cfc1fd474b,EOG_Atascosa,TX,s3://enverus-courthouse-prod-chd-plants/tx/eog_atascosa/9eb5/9eb5066e-814d-4f3c-8a64-25cfc1fd474b.pdf
9ebcf787-049f-4ee5-b016-491f77328af9,Houston,TX,s3://enverus-courthouse-prod-chd-plants/tx/houston/9ebc/9ebcf787-049f-4ee5-b016-491f77328af9.pdf
9ebd045c-91db-4aba-a674-54d45fc8ac01,EOG_Cooke,TX,s3://enverus-courthouse-prod-chd-plants/tx/eog_cooke/9ebd/9ebd045c-91db-4aba-a674-54d45fc8ac01.pdf
9EBDAD4F-764C-43DB-A45B-1BB26A233877,TRAINING_Walker,TX,s3://enverus-courthouse-prod-chd-plants/tx/training_walker/9EBD/9EBDAD4F-764C-43DB-A45B-1BB26A233877.pdf
9ecbe4a6-1c11-44b4-89cb-d6de978ee693,Grimes,TX,s3://enverus-courthouse-prod-chd-plants/tx/grimes/9ecb/9ecbe4a6-1c11-44b4-89cb-d6de978ee693.pdf
9eeef75a-531f-43b8-9e64-6fdcdbb68643,Houston,TX,s3://enverus-courthouse-prod-chd-plants/tx/houston/9eee/9eeef75a-531f-43b8-9e64-6fdcdbb68643.pdf
9efd64e3-be76-45d7-8a5b-0e0f3cab0798,Crane,TX,s3://enverus-courthouse-prod-chd-plants/tx/crane/9efd/9efd64e3-be76-45d7-8a5b-0e0f3cab0798.pdf
9f325f5c-ee53-4eba-984b-f045c36ba660,EOG_Gonzales,TX,s3://enverus-courthouse-prod-chd-plants/tx/eog_gonzales/9f32/9f325f5c-ee53-4eba-984b-f045c36ba660.pdf
9f4a390b-db03-474e-9bdb-094a9fdea52e,EOG_Cooke,TX,s3://enverus-courthouse-prod-chd-plants/tx/eog_cooke/9f4a/9f4a390b-db03-474e-9bdb-094a9fdea52e.pdf
9f4a968e-e8e1-48d7-b309-bc5256c2ec52,EOG_Lea,NM,s3://enverus-courthouse-prod-chd-plants/nm/eog_lea/9f4a/9f4a968e-e8e1-48d7-b309-bc5256c2ec52.pdf
9FAA2F36-4B5B-41CE-96CE-0F23F76BD861,TRAINING_Johnson,TX,s3://enverus-courthouse-prod-chd-plants/tx/training_johnson/9FAA/9FAA2F36-4B5B-41CE-96CE-0F23F76BD861.pdf
9FBFA115-5291-41E9-9316-3EDE234A599B,TRAINING_Burleson,TX,s3://enverus-courthouse-prod-chd-plants/tx/training_burleson/9FBF/9FBFA115-5291-41E9-9316-3EDE234A599B.pdf
9fd70cfe-ea79-45d5-a406-07a5754b6733,Crane,TX,s3://enverus-courthouse-prod-chd-plants/tx/crane/9fd7/9fd70cfe-ea79-45d5-a406-07a5754b6733.pdf
a0059dd3-89ba-4d6e-b0aa-865c7698baef,CHD_Lea,NM,s3://enverus-courthouse-prod-chd-plants/nm/chd_lea/a005/a0059dd3-89ba-4d6e-b0aa-865c7698baef.pdf
a02d0f69-a869-5443-b5cc-2d5de525998c,Burleson,TX,s3://enverus-courthouse-prod-chd-plants/tx/burleson/a02d/a02d0f69-a869-5443-b5cc-2d5de525998c.pdf
a054bd16-23be-42bd-933a-1e7b344cb8a6,Ward,TX,s3://enverus-courthouse-prod-chd-plants/tx/ward/a054/a054bd16-23be-42bd-933a-1e7b344cb8a6.pdf
A087E6B1-1B40-4FAB-ABC8-084E1C3821DF,TRAINING_Midland,TX,s3://enverus-courthouse-prod-chd-plants/tx/training_midland/A087/A087E6B1-1B40-4FAB-ABC8-084E1C3821DF.pdf
a08bf5ea-32cf-45ee-84e0-24a28227515e,EOG_Karnes,TX,s3://enverus-courthouse-prod-chd-plants/tx/eog_karnes/a08b/a08bf5ea-32cf-45ee-84e0-24a28227515e.pdf
a0a431a8-126d-49f6-bea3-0c0a1014fd99,EOG_Cooke,TX,s3://enverus-courthouse-prod-chd-plants/tx/eog_cooke/a0a4/a0a431a8-126d-49f6-bea3-0c0a1014fd99.pdf
A0C4381F-0298-4BFC-8066-3B736906F79A,TRAINING_Houston,TX,s3://enverus-courthouse-prod-chd-plants/tx/training_houston/A0C4/A0C4381F-0298-4BFC-8066-3B736906F79A.pdf
a0c5efbe-568b-4a42-bdff-e2b95492b1ea,EOG_Atascosa,TX,s3://enverus-courthouse-prod-chd-plants/tx/eog_atascosa/a0c5/a0c5efbe-568b-4a42-bdff-e2b95492b1ea.pdf
a0ce1a03-25a9-485f-8baa-f7cf3ee9524e,EOG_Gonzales,TX,s3://enverus-courthouse-prod-chd-plants/tx/eog_gonzales/a0ce/a0ce1a03-25a9-485f-8baa-f7cf3ee9524e.pdf
a1077b29-29fb-4afe-8d82-1cecb58d436b,EOG_Atascosa,TX,s3://enverus-courthouse-prod-chd-plants/tx/eog_atascosa/a107/a1077b29-29fb-4afe-8d82-1cecb58d436b.pdf
a119f6d9-d000-48c6-9a75-0b408b3bbc39,Hood,TX,s3://enverus-courthouse-prod-chd-plants/tx/hood/a119/a119f6d9-d000-48c6-9a75-0b408b3bbc39.pdf
A12BE268-116F-4B26-B437-64594A61175F,TRAINING_Midland,TX,s3://enverus-courthouse-prod-chd-plants/tx/training_midland/A12B/A12BE268-116F-4B26-B437-64594A61175F.pdf
A149BDAF-6EEA-4282-9806-BDA40B532D94,TRAINING_Walker,TX,s3://enverus-courthouse-prod-chd-plants/tx/training_walker/A149/A149BDAF-6EEA-4282-9806-BDA40B532D94.pdf
a18f009a-491a-4dc4-9a3e-3a90135b5930,CHD_Lea,NM,s3://enverus-courthouse-prod-chd-plants/nm/chd_lea/a18f/a18f009a-491a-4dc4-9a3e-3a90135b5930.pdf
a19eda57-aa54-4dfa-b6f4-2d597299d12e,EOG_Gonzales,TX,s3://enverus-courthouse-prod-chd-plants/tx/eog_gonzales/a19e/a19eda57-aa54-4dfa-b6f4-2d597299d12e.pdf
a1c7ca54-f9d3-4b43-a391-71f6810ef532,EOG_Lea,NM,s3://enverus-courthouse-prod-chd-plants/nm/eog_lea/a1c7/a1c7ca54-f9d3-4b43-a391-71f6810ef532.pdf
a1d84057-f7bf-4cec-93bf-0a10ffbfe69f,EOG_Gonzales,TX,s3://enverus-courthouse-prod-chd-plants/tx/eog_gonzales/a1d8/a1d84057-f7bf-4cec-93bf-0a10ffbfe69f.pdf
a22c5f87-8975-4f4f-8d47-f4d709ccfc0c,EOG_Lea,NM,s3://enverus-courthouse-prod-chd-plants/nm/eog_lea/a22c/a22c5f87-8975-4f4f-8d47-f4d709ccfc0c.pdf
a245fa7e-4f75-4046-8c15-b959c8395a0a,EOG_Lea,NM,s3://enverus-courthouse-prod-chd-plants/nm/eog_lea/a245/a245fa7e-4f75-4046-8c15-b959c8395a0a.pdf
a26a5a80-f4c0-1b4e-a974-0f2019c8f2f6,Eddy,NM,s3://enverus-courthouse-prod-chd-plants/nm/eddy/a26a/a26a5a80-f4c0-1b4e-a974-0f2019c8f2f6.pdf
a26f7e22-9845-4874-9459-d6a3871ce5d6,CHD_Lea,NM,s3://enverus-courthouse-prod-chd-plants/nm/chd_lea/a26f/a26f7e22-9845-4874-9459-d6a3871ce5d6.pdf
a26fa922-4a43-4848-b0a2-4edb950077c2,EOG_Cooke,TX,s3://enverus-courthouse-prod-chd-plants/tx/eog_cooke/a26f/a26fa922-4a43-4848-b0a2-4edb950077c2.pdf
a2bb86b7-ed7c-4054-bd5a-c398cc3688ec,EOG_Atascosa,TX,s3://enverus-courthouse-prod-chd-plants/tx/eog_atascosa/a2bb/a2bb86b7-ed7c-4054-bd5a-c398cc3688ec.pdf
a3103fd0-d324-443f-95f4-2d98d9a6be64,EOG_Cooke,TX,s3://enverus-courthouse-prod-chd-plants/tx/eog_cooke/a310/a3103fd0-d324-443f-95f4-2d98d9a6be64.pdf
A3111EBD-8587-4C84-B2F7-DA4D3082F309,TRAINING_Midland,TX,s3://enverus-courthouse-prod-chd-plants/tx/training_midland/A311/A3111EBD-8587-4C84-B2F7-DA4D3082F309.pdf
a34eff86-d2ca-43df-aefd-7581debe5f36,EOG_Karnes,TX,s3://enverus-courthouse-prod-chd-plants/tx/eog_karnes/a34e/a34eff86-d2ca-43df-aefd-7581debe5f36.pdf
a3595eef-1eb7-462b-8b7a-f125bd6332d0,Houston,TX,s3://enverus-courthouse-prod-chd-plants/tx/houston/a359/a3595eef-1eb7-462b-8b7a-f125bd6332d0.pdf
A35FE11D-394E-4D8A-909D-C9AC36B53684,TRAINING_Crockett,TX,s3://enverus-courthouse-prod-chd-plants/tx/training_crockett/A35F/A35FE11D-394E-4D8A-909D-C9AC36B53684.pdf
a37907e0-9bea-4018-9b7f-fab9a97be19d,Nueces,TX,s3://enverus-courthouse-prod-chd-plants/tx/nueces/a379/a37907e0-9bea-4018-9b7f-fab9a97be19d.pdf
A39D98BC-EA3B-4A88-AD19-197AFA7C4C99,TRAINING_Crockett,TX,s3://enverus-courthouse-prod-chd-plants/tx/training_crockett/A39D/A39D98BC-EA3B-4A88-AD19-197AFA7C4C99.pdf
a3d5ffbe-aae9-4732-bd07-50c7b433a886,EOG_LaSalle,TX,s3://enverus-courthouse-prod-chd-plants/tx/eog_lasalle/a3d5/a3d5ffbe-aae9-4732-bd07-50c7b433a886.pdf
a3eaf1d7-9dff-4339-ba22-38847cd2c056,EOG_Lea,NM,s3://enverus-courthouse-prod-chd-plants/nm/eog_lea/a3ea/a3eaf1d7-9dff-4339-ba22-38847cd2c056.pdf
A3FD5713-32A3-43D7-8770-0D1E1C9169F4,TRAINING_Howard,TX,s3://enverus-courthouse-prod-chd-plants/tx/training_howard/A3FD/A3FD5713-32A3-43D7-8770-0D1E1C9169F4.pdf
a40c320b-1b69-4f69-96aa-1d72505db0f1,EOG_Gonzales,TX,s3://enverus-courthouse-prod-chd-plants/tx/eog_gonzales/a40c/a40c320b-1b69-4f69-96aa-1d72505db0f1.pdf
a41f539f-b10e-482d-99d8-b9657be41b54,EOG_Lea,NM,s3://enverus-courthouse-prod-chd-plants/nm/eog_lea/a41f/a41f539f-b10e-482d-99d8-b9657be41b54.pdf
a4413c40-a94c-4d19-b9cc-45782a260534,CHD_Lea,NM,s3://enverus-courthouse-prod-chd-plants/nm/chd_lea/a441/a4413c40-a94c-4d19-b9cc-45782a260534.pdf
a464f690-fad1-4e5b-94e5-a8c5c520c2cd,Lea,NM,s3://enverus-courthouse-prod-chd-plants/nm/lea/a464/a464f690-fad1-4e5b-94e5-a8c5c520c2cd.pdf
a4f34a16-768f-47ad-9228-9aa5ae7ab2e2,EOG_Lea,NM,s3://enverus-courthouse-prod-chd-plants/nm/eog_lea/a4f3/a4f34a16-768f-47ad-9228-9aa5ae7ab2e2.pdf
a525b439-c6eb-478c-afb8-aa9bfc9bb0e3,EOG_Lea,NM,s3://enverus-courthouse-prod-chd-plants/nm/eog_lea/a525/a525b439-c6eb-478c-afb8-aa9bfc9bb0e3.pdf
a56bb0b8-11e5-4543-9bce-afd88d544024,EOG_LaSalle,TX,s3://enverus-courthouse-prod-chd-plants/tx/eog_lasalle/a56b/a56bb0b8-11e5-4543-9bce-afd88d544024.pdf
a574d9e3-0794-4fee-9b6c-a4773b2ae3c6,EOG_Lea,NM,s3://enverus-courthouse-prod-chd-plants/nm/eog_lea/a574/a574d9e3-0794-4fee-9b6c-a4773b2ae3c6.pdf
a577f6d3-2381-4956-afa9-479ee1345de1,EOG_Atascosa,TX,s3://enverus-courthouse-prod-chd-plants/tx/eog_atascosa/a577/a577f6d3-2381-4956-afa9-479ee1345de1.pdf
a586857a-8385-4421-8e46-1b0573ab8a89,EOG_Atascosa,TX,s3://enverus-courthouse-prod-chd-plants/tx/eog_atascosa/a586/a586857a-8385-4421-8e46-1b0573ab8a89.pdf
a594fd58-2711-4e61-9bad-ef69b4899294,EOG_Lea,NM,s3://enverus-courthouse-prod-chd-plants/nm/eog_lea/a594/a594fd58-2711-4e61-9bad-ef69b4899294.pdf
a5959506-15d7-4b63-839d-cb8efbcc3406,CHD_Lea,NM,s3://enverus-courthouse-prod-chd-plants/nm/chd_lea/a595/a5959506-15d7-4b63-839d-cb8efbcc3406.pdf
A5D01F68-51C0-43EF-8CBF-9AFD4C5F71DD,TRAINING_Midland,TX,s3://enverus-courthouse-prod-chd-plants/tx/training_midland/A5D0/A5D01F68-51C0-43EF-8CBF-9AFD4C5F71DD.pdf
a5db3a51-b822-4432-9cc8-eca39504ef70,EOG_Lea,NM,s3://enverus-courthouse-prod-chd-plants/nm/eog_lea/a5db/a5db3a51-b822-4432-9cc8-eca39504ef70.pdf
a623fd74-fb51-4716-9f8f-811798907347,EOG_Lea,NM,s3://enverus-courthouse-prod-chd-plants/nm/eog_lea/a623/a623fd74-fb51-4716-9f8f-811798907347.pdf
a688f8b9-0c65-4b8a-a758-309ef772cdf9,EOG_Lea,NM,s3://enverus-courthouse-prod-chd-plants/nm/eog_lea/a688/a688f8b9-0c65-4b8a-a758-309ef772cdf9.pdf
a6967370-6647-40ba-825f-f6ec7ac21d14,EOG_Lea,NM,s3://enverus-courthouse-prod-chd-plants/nm/eog_lea/a696/a6967370-6647-40ba-825f-f6ec7ac21d14.pdf
a69b30e5-0750-48f6-beb8-0375bccbd256,Crane,TX,s3://enverus-courthouse-prod-chd-plants/tx/crane/a69b/a69b30e5-0750-48f6-beb8-0375bccbd256.pdf
a6b78ed0-370c-4737-9fc2-f8262217c969,EOG_Cooke,TX,s3://enverus-courthouse-prod-chd-plants/tx/eog_cooke/a6b7/a6b78ed0-370c-4737-9fc2-f8262217c969.pdf
a6c7b4b6-ae5c-4283-bb10-2c6d0b400d45,EOG_Lea,NM,s3://enverus-courthouse-prod-chd-plants/nm/eog_lea/a6c7/a6c7b4b6-ae5c-4283-bb10-2c6d0b400d45.pdf
a6e0e4d7-6326-4dff-91c8-39acf45ba5cb,EOG_Lea,NM,s3://enverus-courthouse-prod-chd-plants/nm/eog_lea/a6e0/a6e0e4d7-6326-4dff-91c8-39acf45ba5cb.pdf
a6eab28c-2d0e-4336-9f4c-1fceeaf79566,EOG_Cooke,TX,s3://enverus-courthouse-prod-chd-plants/tx/eog_cooke/a6ea/a6eab28c-2d0e-4336-9f4c-1fceeaf79566.pdf
a6f30fd4-3726-4ab3-a0ee-43e6b92afcf0,EOG_Atascosa,TX,s3://enverus-courthouse-prod-chd-plants/tx/eog_atascosa/a6f3/a6f30fd4-3726-4ab3-a0ee-43e6b92afcf0.pdf
a705940e-1abf-4442-8a21-d22646400110,EOG_Lea,NM,s3://enverus-courthouse-prod-chd-plants/nm/eog_lea/a705/a705940e-1abf-4442-8a21-d22646400110.pdf
a73b44c7-0402-45ad-99bf-292300847b17,Crane,TX,s3://enverus-courthouse-prod-chd-plants/tx/crane/a73b/a73b44c7-0402-45ad-99bf-292300847b17.pdf
a794b2be-f2f4-46ee-a924-9cd93525fb87,EOG_McMullen,TX,s3://enverus-courthouse-prod-chd-plants/tx/eog_mcmullen/a794/a794b2be-f2f4-46ee-a924-9cd93525fb87.pdf
a7a322af-9829-4f02-83e4-83ec5d0c46e4,EOG_Gonzales,TX,s3://enverus-courthouse-prod-chd-plants/tx/eog_gonzales/a7a3/a7a322af-9829-4f02-83e4-83ec5d0c46e4.pdf
a7b0b2e7-0d56-40bc-bd39-9786d0bea685,CHD_Lea,NM,s3://enverus-courthouse-prod-chd-plants/nm/chd_lea/a7b0/a7b0b2e7-0d56-40bc-bd39-9786d0bea685.pdf
a7cde6eb-55b5-4544-b234-20856efb1d0b,Hood,TX,s3://enverus-courthouse-prod-chd-plants/tx/hood/a7cd/a7cde6eb-55b5-4544-b234-20856efb1d0b.pdf
A856D13B-3A13-4933-8929-F243973F2695,TRAINING_Midland,TX,s3://enverus-courthouse-prod-chd-plants/tx/training_midland/A856/A856D13B-3A13-4933-8929-F243973F2695.pdf
a90f22d6-492a-407e-b977-079b7e483ba7,Lea,NM,s3://enverus-courthouse-prod-chd-plants/nm/lea/a90f/a90f22d6-492a-407e-b977-079b7e483ba7.pdf
A91B7D91-D9EC-4968-9545-D2D59D6C5B31,TRAINING_Andrews,TX,s3://enverus-courthouse-prod-chd-plants/tx/training_andrews/A91B/A91B7D91-D9EC-4968-9545-D2D59D6C5B31.pdf
a937e7ac-c375-4463-9e1c-354dcea7a0a9,EOG_Gonzales,TX,s3://enverus-courthouse-prod-chd-plants/tx/eog_gonzales/a937/a937e7ac-c375-4463-9e1c-354dcea7a0a9.pdf
A97ACD80-D2E9-4F79-87C9-038A672F52AB,TRAINING_Crockett,TX,s3://enverus-courthouse-prod-chd-plants/tx/training_crockett/A97A/A97ACD80-D2E9-4F79-87C9-038A672F52AB.pdf
a97e385d-d845-4231-9d4e-2f8c564c0eb3,CHD_Lea,NM,s3://enverus-courthouse-prod-chd-plants/nm/chd_lea/a97e/a97e385d-d845-4231-9d4e-2f8c564c0eb3.pdf
a996c6b2-63c0-4b33-a9e2-35c8b80ca796,EOG_Lea,NM,s3://enverus-courthouse-prod-chd-plants/nm/eog_lea/a996/a996c6b2-63c0-4b33-a9e2-35c8b80ca796.pdf
a9bcda50-00d3-1447-bad2-654e74de289c,Burleson,TX,s3://enverus-courthouse-prod-chd-plants/tx/burleson/a9bc/a9bcda50-00d3-1447-bad2-654e74de289c.pdf
A9CA8834-B10F-47AB-A74C-9E9ABCC6122C,TRAINING_Eddy,NM,s3://enverus-courthouse-prod-chd-plants/nm/training_eddy/A9CA/A9CA8834-B10F-47AB-A74C-9E9ABCC6122C.pdf
a9d6cb05-6c5b-4053-9bc2-85ad6b8f6140,Houston,TX,s3://enverus-courthouse-prod-chd-plants/tx/houston/a9d6/a9d6cb05-6c5b-4053-9bc2-85ad6b8f6140.pdf
a9e00843-e006-4d61-a25b-97165cdbc3c2,CHD_Lea,NM,s3://enverus-courthouse-prod-chd-plants/nm/chd_lea/a9e0/a9e00843-e006-4d61-a25b-97165cdbc3c2.pdf
aa01f84e-f1f6-47f5-b1d3-00b2143791c7,EOG_Atascosa,TX,s3://enverus-courthouse-prod-chd-plants/tx/eog_atascosa/aa01/aa01f84e-f1f6-47f5-b1d3-00b2143791c7.pdf
aa09d2c7-ab1d-4a94-aee5-c2802a8da5c4,EOG_LaSalle,TX,s3://enverus-courthouse-prod-chd-plants/tx/eog_lasalle/aa09/aa09d2c7-ab1d-4a94-aee5-c2802a8da5c4.pdf
aa21faab-4231-498d-b76d-792bb63fc623,EOG_Karnes,TX,s3://enverus-courthouse-prod-chd-plants/tx/eog_karnes/aa21/aa21faab-4231-498d-b76d-792bb63fc623.pdf
aa2eb8e9-fe86-4a8e-b2cc-dce32bd6bbea,EOG_Cooke,TX,s3://enverus-courthouse-prod-chd-plants/tx/eog_cooke/aa2e/aa2eb8e9-fe86-4a8e-b2cc-dce32bd6bbea.pdf
aa3a3bef-16ae-4df9-a7e5-2417792ff35a,EOG_Karnes,TX,s3://enverus-courthouse-prod-chd-plants/tx/eog_karnes/aa3a/aa3a3bef-16ae-4df9-a7e5-2417792ff35a.pdf
aa4075cc-01da-40fe-865b-bfabab1d6116,EOG_Karnes,TX,s3://enverus-courthouse-prod-chd-plants/tx/eog_karnes/aa40/aa4075cc-01da-40fe-865b-bfabab1d6116.pdf
aa493b61-1c91-4454-a9d7-209079389f17,EOG_Cooke,TX,s3://enverus-courthouse-prod-chd-plants/tx/eog_cooke/aa49/aa493b61-1c91-4454-a9d7-209079389f17.pdf
AA5B31C9-7B45-4A16-A0EF-12031D1CD7D2,TRAINING_Crockett,TX,s3://enverus-courthouse-prod-chd-plants/tx/training_crockett/AA5B/AA5B31C9-7B45-4A16-A0EF-12031D1CD7D2.pdf
aa5e963c-3fad-404f-aa04-c2b53f38080c,EOG_Cooke,TX,s3://enverus-courthouse-prod-chd-plants/tx/eog_cooke/aa5e/aa5e963c-3fad-404f-aa04-c2b53f38080c.pdf
aa79ca59-8780-451f-9835-1a29c4f512c5,EOG_Lea,NM,s3://enverus-courthouse-prod-chd-plants/nm/eog_lea/aa79/aa79ca59-8780-451f-9835-1a29c4f512c5.pdf
aaa4e15b-21b8-4acd-966d-cb6fc3e2b2c1,EOG_Atascosa,TX,s3://enverus-courthouse-prod-chd-plants/tx/eog_atascosa/aaa4/aaa4e15b-21b8-4acd-966d-cb6fc3e2b2c1.pdf
aaec649f-b137-4c5a-a14e-cb6a19d8a20c,EOG_Karnes,TX,s3://enverus-courthouse-prod-chd-plants/tx/eog_karnes/aaec/aaec649f-b137-4c5a-a14e-cb6a19d8a20c.pdf
aaec68ad-329e-4c6a-beba-7d0f05fa476b,CHD_Lea,NM,s3://enverus-courthouse-prod-chd-plants/nm/chd_lea/aaec/aaec68ad-329e-4c6a-beba-7d0f05fa476b.pdf
aaf5831c-a9de-4603-a7f8-bcbfaa633d7b,EOG_Lea,NM,s3://enverus-courthouse-prod-chd-plants/nm/eog_lea/aaf5/aaf5831c-a9de-4603-a7f8-bcbfaa633d7b.pdf
ab2f107e-3a0f-4b27-b173-c5339f8e7e79,EOG_Atascosa,TX,s3://enverus-courthouse-prod-chd-plants/tx/eog_atascosa/ab2f/ab2f107e-3a0f-4b27-b173-c5339f8e7e79.pdf
ab669ee7-8d09-4aa0-b0dd-96dcaa4b0149,EOG_Lea,NM,s3://enverus-courthouse-prod-chd-plants/nm/eog_lea/ab66/ab669ee7-8d09-4aa0-b0dd-96dcaa4b0149.pdf
ab7e50af-d363-49fc-94ca-bcc3d2326daa,EOG_Gonzales,TX,s3://enverus-courthouse-prod-chd-plants/tx/eog_gonzales/ab7e/ab7e50af-d363-49fc-94ca-bcc3d2326daa.pdf
ab81dcc1-bf90-4ef0-aa50-c5526c355091,EOG_Karnes,TX,s3://enverus-courthouse-prod-chd-plants/tx/eog_karnes/ab81/ab81dcc1-bf90-4ef0-aa50-c5526c355091.pdf
aba505ae-4102-412c-8644-6d650dea1795,EOG_Lea,NM,s3://enverus-courthouse-prod-chd-plants/nm/eog_lea/aba5/aba505ae-4102-412c-8644-6d650dea1795.pdf
abaea94c-dfe9-499e-a40c-85ab5dd3e777,Houston,TX,s3://enverus-courthouse-prod-chd-plants/tx/houston/abae/abaea94c-dfe9-499e-a40c-85ab5dd3e777.pdf
ABEA28BB-C4E0-47FA-9C8C-34135CE0120B,TRAINING_Crockett,TX,s3://enverus-courthouse-prod-chd-plants/tx/training_crockett/ABEA/ABEA28BB-C4E0-47FA-9C8C-34135CE0120B.pdf
abfeea0e-0ea5-4916-857f-3b70f31b6b93,EOG_Gonzales,TX,s3://enverus-courthouse-prod-chd-plants/tx/eog_gonzales/abfe/abfeea0e-0ea5-4916-857f-3b70f31b6b93.pdf
AC230FB2-0BD3-4E6F-A247-A833CA55F8F5,TRAINING_Montague,TX,s3://enverus-courthouse-prod-chd-plants/tx/training_montague/AC23/AC230FB2-0BD3-4E6F-A247-A833CA55F8F5.pdf
ac33afd5-10a4-42e7-8dad-116a5075662e,EOG_Karnes,TX,s3://enverus-courthouse-prod-chd-plants/tx/eog_karnes/ac33/ac33afd5-10a4-42e7-8dad-116a5075662e.pdf
ac55f529-792f-4fb1-a5b3-067f0a5c44b2,CHD_Lea,NM,s3://enverus-courthouse-prod-chd-plants/nm/chd_lea/ac55/ac55f529-792f-4fb1-a5b3-067f0a5c44b2.pdf
ac6783ff-8df4-469e-a282-ecd978ec4f6a,EOG_Atascosa,TX,s3://enverus-courthouse-prod-chd-plants/tx/eog_atascosa/ac67/ac6783ff-8df4-469e-a282-ecd978ec4f6a.pdf
acaa7940-494d-414d-aa1d-1c0d0a333212,EOG_Gonzales,TX,s3://enverus-courthouse-prod-chd-plants/tx/eog_gonzales/acaa/acaa7940-494d-414d-aa1d-1c0d0a333212.pdf
ACAC59ED-24F8-4577-BA5F-0FACEFCD6BEC,TRAINING_Midland,TX,s3://enverus-courthouse-prod-chd-plants/tx/training_midland/ACAC/ACAC59ED-24F8-4577-BA5F-0FACEFCD6BEC.pdf
acb14f58-51d9-46ef-af1f-8c75bfdb20b9,EOG_Gonzales,TX,s3://enverus-courthouse-prod-chd-plants/tx/eog_gonzales/acb1/acb14f58-51d9-46ef-af1f-8c75bfdb20b9.pdf
acd67ace-9721-418a-b0de-f856566cde5a,EOG_Lea,NM,s3://enverus-courthouse-prod-chd-plants/nm/eog_lea/acd6/acd67ace-9721-418a-b0de-f856566cde5a.pdf
ACDDB406-23A4-4F07-A6C4-068D48E1719B,TRAINING_Walker,TX,s3://enverus-courthouse-prod-chd-plants/tx/training_walker/ACDD/ACDDB406-23A4-4F07-A6C4-068D48E1719B.pdf
ad135342-8e16-4af7-ba2d-4a0764ad2bec,EOG_Lea,NM,s3://enverus-courthouse-prod-chd-plants/nm/eog_lea/ad13/ad135342-8e16-4af7-ba2d-4a0764ad2bec.pdf
ad192a72-e191-4d01-9925-f7dde2027058,EOG_Atascosa,TX,s3://enverus-courthouse-prod-chd-plants/tx/eog_atascosa/ad19/ad192a72-e191-4d01-9925-f7dde2027058.pdf
adb5b9b1-e608-4edd-9568-d5e7e5ae4e27,CHD_Lea,NM,s3://enverus-courthouse-prod-chd-plants/nm/chd_lea/adb5/adb5b9b1-e608-4edd-9568-d5e7e5ae4e27.pdf
add9021b-3e01-4aa5-9186-372ccb105c26,Nueces,TX,s3://enverus-courthouse-prod-chd-plants/tx/nueces/add9/add9021b-3e01-4aa5-9186-372ccb105c26.pdf
addb6c0c-aa11-4e80-8642-d38b71f4d519,EOG_McMullen,TX,s3://enverus-courthouse-prod-chd-plants/tx/eog_mcmullen/addb/addb6c0c-aa11-4e80-8642-d38b71f4d519.pdf
ade6d91c-079f-4fcb-805b-b67651deecf0,EOG_Atascosa,TX,s3://enverus-courthouse-prod-chd-plants/tx/eog_atascosa/ade6/ade6d91c-079f-4fcb-805b-b67651deecf0.pdf
ae402d0d-25e7-475d-9031-cb196232014d,Hood,TX,s3://enverus-courthouse-prod-chd-plants/tx/hood/ae40/ae402d0d-25e7-475d-9031-cb196232014d.pdf
ae524938-9868-4609-8e32-c50bdefc5bf5,EOG_Gonzales,TX,s3://enverus-courthouse-prod-chd-plants/tx/eog_gonzales/ae52/ae524938-9868-4609-8e32-c50bdefc5bf5.pdf
ae8eadcd-a26e-4779-9813-0b84e6ed0f90,EOG_Cooke,TX,s3://enverus-courthouse-prod-chd-plants/tx/eog_cooke/ae8e/ae8eadcd-a26e-4779-9813-0b84e6ed0f90.pdf
ae96e3f8-164d-43b2-a471-2c77fdcdf4ce,Hamilton,TX,s3://enverus-courthouse-prod-chd-plants/tx/hamilton/ae96/ae96e3f8-164d-43b2-a471-2c77fdcdf4ce.pdf
aec2e5f8-58c2-4f58-b1b8-47dd47f6e183,EOG_Lea,NM,s3://enverus-courthouse-prod-chd-plants/nm/eog_lea/aec2/aec2e5f8-58c2-4f58-b1b8-47dd47f6e183.pdf
aecfe3ee-8356-4df1-b720-c6b67854e923,CHD_Lea,NM,s3://enverus-courthouse-prod-chd-plants/nm/chd_lea/aecf/aecfe3ee-8356-4df1-b720-c6b67854e923.pdf
aef0dcde-9f58-4d80-84d6-ad3504156770,Houston,TX,s3://enverus-courthouse-prod-chd-plants/tx/houston/aef0/aef0dcde-9f58-4d80-84d6-ad3504156770.pdf
af045929-6e18-40ff-aebd-14a0d94454f0,EOG_Atascosa,TX,s3://enverus-courthouse-prod-chd-plants/tx/eog_atascosa/af04/af045929-6e18-40ff-aebd-14a0d94454f0.pdf
af1b1382-d954-417e-bb50-99cb34d3440b,EOG_Atascosa,TX,s3://enverus-courthouse-prod-chd-plants/tx/eog_atascosa/af1b/af1b1382-d954-417e-bb50-99cb34d3440b.pdf
af1f811a-a88b-4d95-aab7-8966e69b6847,Concho,TX,s3://enverus-courthouse-prod-chd-plants/tx/concho/af1f/af1f811a-a88b-4d95-aab7-8966e69b6847.pdf
AF319211-B812-45D0-89AB-4F9FF0C549AF,TRAINING_Crockett,TX,s3://enverus-courthouse-prod-chd-plants/tx/training_crockett/AF31/AF319211-B812-45D0-89AB-4F9FF0C549AF.pdf
af569728-5d38-44e2-acbc-cedb23111dbe,CHD_Lea,NM,s3://enverus-courthouse-prod-chd-plants/nm/chd_lea/af56/af569728-5d38-44e2-acbc-cedb23111dbe.pdf
af659f61-cfb8-4e42-9022-5fc19c24e8f9,EOG_Cooke,TX,s3://enverus-courthouse-prod-chd-plants/tx/eog_cooke/af65/af659f61-cfb8-4e42-9022-5fc19c24e8f9.pdf
af933095-4f4f-402e-856d-0e75c7b3e981,EOG_Atascosa,TX,s3://enverus-courthouse-prod-chd-plants/tx/eog_atascosa/af93/af933095-4f4f-402e-856d-0e75c7b3e981.pdf
afe7b697-84c3-4bf5-9ef1-2e7df53c1b68,EOG_Atascosa,TX,s3://enverus-courthouse-prod-chd-plants/tx/eog_atascosa/afe7/afe7b697-84c3-4bf5-9ef1-2e7df53c1b68.pdf
b0078c42-023c-4ba2-a323-c102dfd3a7c5,CHD_Lea,NM,s3://enverus-courthouse-prod-chd-plants/nm/chd_lea/b007/b0078c42-023c-4ba2-a323-c102dfd3a7c5.pdf
b026dbe1-0a12-4eb3-92e3-11e017272c41,EOG_Cooke,TX,s3://enverus-courthouse-prod-chd-plants/tx/eog_cooke/b026/b026dbe1-0a12-4eb3-92e3-11e017272c41.pdf
b02a43a7-5a81-4f83-97d4-fa54a177d1f0,CHD_Lea,NM,s3://enverus-courthouse-prod-chd-plants/nm/chd_lea/b02a/b02a43a7-5a81-4f83-97d4-fa54a177d1f0.pdf
b02a7d9f-698f-46b2-81fe-aeb7ab9c0c58,CHD_Lea,NM,s3://enverus-courthouse-prod-chd-plants/nm/chd_lea/b02a/b02a7d9f-698f-46b2-81fe-aeb7ab9c0c58.pdf
b03c4392-f7ae-45b8-b339-fff7fce89795,EOG_Cooke,TX,s3://enverus-courthouse-prod-chd-plants/tx/eog_cooke/b03c/b03c4392-f7ae-45b8-b339-fff7fce89795.pdf
b04fa267-2490-482b-b935-1fb38ce20c97,EOG_LaSalle,TX,s3://enverus-courthouse-prod-chd-plants/tx/eog_lasalle/b04f/b04fa267-2490-482b-b935-1fb38ce20c97.pdf
b0537014-a06b-4790-a9c4-f7bee4711631,EOG_Karnes,TX,s3://enverus-courthouse-prod-chd-plants/tx/eog_karnes/b053/b0537014-a06b-4790-a9c4-f7bee4711631.pdf
b0945b93-6c7d-4fe8-849e-f79b615e036c,EOG_Cooke,TX,s3://enverus-courthouse-prod-chd-plants/tx/eog_cooke/b094/b0945b93-6c7d-4fe8-849e-f79b615e036c.pdf
b0983c84-7dfe-884b-ab6e-a9369abd0569,Robertson,TX,s3://enverus-courthouse-prod-chd-plants/tx/robertson/b098/b0983c84-7dfe-884b-ab6e-a9369abd0569.pdf
B0A3AD1B-BC13-468D-AA56-84F66C77EB46,TRAINING_Midland,TX,s3://enverus-courthouse-prod-chd-plants/tx/training_midland/B0A3/B0A3AD1B-BC13-468D-AA56-84F66C77EB46.pdf
b0afff27-9f8f-4388-b5b5-a5707eca07d5,EOG_Cooke,TX,s3://enverus-courthouse-prod-chd-plants/tx/eog_cooke/b0af/b0afff27-9f8f-4388-b5b5-a5707eca07d5.pdf
b0be55d4-848b-4ee1-8399-de9b38968875,EOG_Gonzales,TX,s3://enverus-courthouse-prod-chd-plants/tx/eog_gonzales/b0be/b0be55d4-848b-4ee1-8399-de9b38968875.pdf
b0cc21fe-7611-42d1-aee4-a7e1e4d625ac,EOG_LaSalle,TX,s3://enverus-courthouse-prod-chd-plants/tx/eog_lasalle/b0cc/b0cc21fe-7611-42d1-aee4-a7e1e4d625ac.pdf
b0e85a03-3ef2-49ac-96b9-0d3418e1f4aa,EOG_Gonzales,TX,s3://enverus-courthouse-prod-chd-plants/tx/eog_gonzales/b0e8/b0e85a03-3ef2-49ac-96b9-0d3418e1f4aa.pdf
b106f77f-5c49-41a2-b39b-7f1004efa933,EOG_Cooke,TX,s3://enverus-courthouse-prod-chd-plants/tx/eog_cooke/b106/b106f77f-5c49-41a2-b39b-7f1004efa933.pdf
b10fe330-726f-4b8d-9d73-b2af54d4fcf0,EOG_Lea,NM,s3://enverus-courthouse-prod-chd-plants/nm/eog_lea/b10f/b10fe330-726f-4b8d-9d73-b2af54d4fcf0.pdf
b1457863-726a-4a71-8edb-62b1f9285235,EOG_Atascosa,TX,s3://enverus-courthouse-prod-chd-plants/tx/eog_atascosa/b145/b1457863-726a-4a71-8edb-62b1f9285235.pdf
b14bc2a2-6043-4148-8ca6-93a4008601f1,EOG_Lea,NM,s3://enverus-courthouse-prod-chd-plants/nm/eog_lea/b14b/b14bc2a2-6043-4148-8ca6-93a4008601f1.pdf
b1937435-8f57-4f79-b55f-80bc8dbcf935,Hartley,TX,s3://enverus-courthouse-prod-chd-plants/tx/hartley/b193/b1937435-8f57-4f79-b55f-80bc8dbcf935.pdf
b1adf73b-fd93-4e65-b7e0-ca007723efdb,EOG_Lea,NM,s3://enverus-courthouse-prod-chd-plants/nm/eog_lea/b1ad/b1adf73b-fd93-4e65-b7e0-ca007723efdb.pdf
b1c1d4d7-dd82-4fa7-b216-529d12807fc9,EOG_Lea,NM,s3://enverus-courthouse-prod-chd-plants/nm/eog_lea/b1c1/b1c1d4d7-dd82-4fa7-b216-529d12807fc9.pdf
b1e5c5fb-de40-4a0e-91f8-4146bddeb412,EOG_Cooke,TX,s3://enverus-courthouse-prod-chd-plants/tx/eog_cooke/b1e5/b1e5c5fb-de40-4a0e-91f8-4146bddeb412.pdf
b20cee54-639d-4a93-b4ba-0bb20ad802ac,EOG_Gonzales,TX,s3://enverus-courthouse-prod-chd-plants/tx/eog_gonzales/b20c/b20cee54-639d-4a93-b4ba-0bb20ad802ac.pdf
b2152e87-b80c-46a2-8c42-574f97191cfc,Houston,TX,s3://enverus-courthouse-prod-chd-plants/tx/houston/b215/b2152e87-b80c-46a2-8c42-574f97191cfc.pdf
b21dde3a-cf2d-4144-8e15-112021308fca,EOG_LaSalle,TX,s3://enverus-courthouse-prod-chd-plants/tx/eog_lasalle/b21d/b21dde3a-cf2d-4144-8e15-112021308fca.pdf
b2258acf-9816-4510-be03-d3947ef475bb,EOG_LaSalle,TX,s3://enverus-courthouse-prod-chd-plants/tx/eog_lasalle/b225/b2258acf-9816-4510-be03-d3947ef475bb.pdf
B2281B92-69E9-41A9-9A8D-2598966612FE,TRAINING_Leon,TX,s3://enverus-courthouse-prod-chd-plants/tx/training_leon/B228/B2281B92-69E9-41A9-9A8D-2598966612FE.pdf
b25c7da6-ba36-4fea-9adb-5dfde7536a72,CHD_Lea,NM,s3://enverus-courthouse-prod-chd-plants/nm/chd_lea/b25c/b25c7da6-ba36-4fea-9adb-5dfde7536a72.pdf
b2a26824-514d-4e7c-a496-5c07d9829c75,Grimes,TX,s3://enverus-courthouse-prod-chd-plants/tx/grimes/b2a2/b2a26824-514d-4e7c-a496-5c07d9829c75.pdf
B2DCC4D0-0451-42A4-9160-7C27FD78CDDB,TRAINING_Midland,TX,s3://enverus-courthouse-prod-chd-plants/tx/training_midland/B2DC/B2DCC4D0-0451-42A4-9160-7C27FD78CDDB.pdf
b2ee5cb5-74e0-4dfd-b466-f44f2f294719,EOG_Lea,NM,s3://enverus-courthouse-prod-chd-plants/nm/eog_lea/b2ee/b2ee5cb5-74e0-4dfd-b466-f44f2f294719.pdf
B2F775E4-EC11-4CA1-8E5C-38A9C43189B9,TRAINING_Crockett,TX,s3://enverus-courthouse-prod-chd-plants/tx/training_crockett/B2F7/B2F775E4-EC11-4CA1-8E5C-38A9C43189B9.pdf
b305c05c-ffba-4948-82e1-1455117ac35b,EOG_Gonzales,TX,s3://enverus-courthouse-prod-chd-plants/tx/eog_gonzales/b305/b305c05c-ffba-4948-82e1-1455117ac35b.pdf
b317c27c-f491-44b4-985f-faa1a0e50f72,EOG_Lea,NM,s3://enverus-courthouse-prod-chd-plants/nm/eog_lea/b317/b317c27c-f491-44b4-985f-faa1a0e50f72.pdf
b328b02b-9893-4548-af57-07b983e75e86,EOG_Gonzales,TX,s3://enverus-courthouse-prod-chd-plants/tx/eog_gonzales/b328/b328b02b-9893-4548-af57-07b983e75e86.pdf
B355D713-3A12-4BA7-B3E8-0E35141E6C0F,TRAINING_Winkler,TX,s3://enverus-courthouse-prod-chd-plants/tx/training_winkler/B355/B355D713-3A12-4BA7-B3E8-0E35141E6C0F.pdf
b36ce256-51d9-4f7a-9b8a-bd07931ec7fe,EOG_Lea,NM,s3://enverus-courthouse-prod-chd-plants/nm/eog_lea/b36c/b36ce256-51d9-4f7a-9b8a-bd07931ec7fe.pdf
B4103723-67D9-47D0-9FF9-FDAA68A1143D,TRAINING_Burleson,TX,s3://enverus-courthouse-prod-chd-plants/tx/training_burleson/B410/B4103723-67D9-47D0-9FF9-FDAA68A1143D.pdf
b41c5252-e674-4947-bcf7-9b940aedc7ca,Columbia,PA,s3://enverus-courthouse-prod-chd-plants/pa/columbia/b41c/b41c5252-e674-4947-bcf7-9b940aedc7ca.pdf
b44e9226-026f-4131-995c-9687255a697b,Major,OK,s3://enverus-courthouse-prod-chd-plants/ok/major/b44e/b44e9226-026f-4131-995c-9687255a697b.pdf
B46D9B7E-DF0F-452F-96C1-5219DC922E39,TRAINING_Midland,TX,s3://enverus-courthouse-prod-chd-plants/tx/training_midland/B46D/B46D9B7E-DF0F-452F-96C1-5219DC922E39.pdf
b49ed952-d976-4d04-8d0b-b4fcbc22aa9b,Hood,TX,s3://enverus-courthouse-prod-chd-plants/tx/hood/b49e/b49ed952-d976-4d04-8d0b-b4fcbc22aa9b.pdf
B4B713B0-4A02-4B26-B3C4-08BE44C01A6D,TRAINING_LaSalle,TX,s3://enverus-courthouse-prod-chd-plants/tx/training_lasalle/B4B7/B4B713B0-4A02-4B26-B3C4-08BE44C01A6D.pdf
b4dc118e-e0f6-4414-8cfe-7c8f6257d58e,EOG_Lea,NM,s3://enverus-courthouse-prod-chd-plants/nm/eog_lea/b4dc/b4dc118e-e0f6-4414-8cfe-7c8f6257d58e.pdf
B4F70F02-2E69-471C-A563-6FC330D8F7B9,TRAINING_Midland,TX,s3://enverus-courthouse-prod-chd-plants/tx/training_midland/B4F7/B4F70F02-2E69-471C-A563-6FC330D8F7B9.pdf
B506D3C5-15FB-442E-906A-E197F18153ED,TRAINING_Crockett,TX,s3://enverus-courthouse-prod-chd-plants/tx/training_crockett/B506/B506D3C5-15FB-442E-906A-E197F18153ED.pdf
B51E7EFF-F362-4CEF-9430-43DE85C21585,TRAINING_Burleson,TX,s3://enverus-courthouse-prod-chd-plants/tx/training_burleson/B51E/B51E7EFF-F362-4CEF-9430-43DE85C21585.pdf
b52d6d80-3d8d-4471-8cc9-410af8c4f9c2,EOG_Lea,NM,s3://enverus-courthouse-prod-chd-plants/nm/eog_lea/b52d/b52d6d80-3d8d-4471-8cc9-410af8c4f9c2.pdf
b53cc52f-087b-4dab-a4eb-9813e9e5ce5d,EOG_Atascosa,TX,s3://enverus-courthouse-prod-chd-plants/tx/eog_atascosa/b53c/b53cc52f-087b-4dab-a4eb-9813e9e5ce5d.pdf
B54F1EF8-588A-4B3C-9452-B56090154D51,TRAINING_Crockett,TX,s3://enverus-courthouse-prod-chd-plants/tx/training_crockett/B54F/B54F1EF8-588A-4B3C-9452-B56090154D51.pdf
b5594c30-9e82-47a8-a6fb-eb01c98b34a8,EOG_Karnes,TX,s3://enverus-courthouse-prod-chd-plants/tx/eog_karnes/b559/b5594c30-9e82-47a8-a6fb-eb01c98b34a8.pdf
b574c697-74af-4230-8658-25183ba71404,EOG_Karnes,TX,s3://enverus-courthouse-prod-chd-plants/tx/eog_karnes/b574/b574c697-74af-4230-8658-25183ba71404.pdf
b581c934-31a4-4cfe-b519-321921a905a1,Nueces,TX,s3://enverus-courthouse-prod-chd-plants/tx/nueces/b581/b581c934-31a4-4cfe-b519-321921a905a1.pdf
b5b2bf14-ff8a-4a8f-bf3d-7c9b85236aae,EOG_Cooke,TX,s3://enverus-courthouse-prod-chd-plants/tx/eog_cooke/b5b2/b5b2bf14-ff8a-4a8f-bf3d-7c9b85236aae.pdf
B5F8F4FB-E051-410D-B611-2102DDCBC89D,TRAINING_Andrews,TX,s3://enverus-courthouse-prod-chd-plants/tx/training_andrews/B5F8/B5F8F4FB-E051-410D-B611-2102DDCBC89D.pdf
b5ff0872-b73b-4e5c-865f-9c94d06cb18f,EOG_Gonzales,TX,s3://enverus-courthouse-prod-chd-plants/tx/eog_gonzales/b5ff/b5ff0872-b73b-4e5c-865f-9c94d06cb18f.pdf
B614AA6D-161C-4C7A-9566-6E3827DCED85,TRAINING_Crockett,TX,s3://enverus-courthouse-prod-chd-plants/tx/training_crockett/B614/B614AA6D-161C-4C7A-9566-6E3827DCED85.pdf
b645501a-9b48-419a-876b-18f4f9428183,EOG_McMullen,TX,s3://enverus-courthouse-prod-chd-plants/tx/eog_mcmullen/b645/b645501a-9b48-419a-876b-18f4f9428183.pdf
b6490d88-f803-4457-8f59-e788a3fc3728,EOG_Atascosa,TX,s3://enverus-courthouse-prod-chd-plants/tx/eog_atascosa/b649/b6490d88-f803-4457-8f59-e788a3fc3728.pdf
b6659ba2-a7f3-4775-ada3-c3635a318b0a,CHD_Lea,NM,s3://enverus-courthouse-prod-chd-plants/nm/chd_lea/b665/b6659ba2-a7f3-4775-ada3-c3635a318b0a.pdf
b68141af-f4e3-4c72-8308-085f530d813c,EOG_Lea,NM,s3://enverus-courthouse-prod-chd-plants/nm/eog_lea/b681/b68141af-f4e3-4c72-8308-085f530d813c.pdf
b68ad7c8-8cd1-4ba7-8727-349717dcdf07,Houston,TX,s3://enverus-courthouse-prod-chd-plants/tx/houston/b68a/b68ad7c8-8cd1-4ba7-8727-349717dcdf07.pdf
b68e053f-1f13-4621-8d5a-c3e30901208b,EOG_Cooke,TX,s3://enverus-courthouse-prod-chd-plants/tx/eog_cooke/b68e/b68e053f-1f13-4621-8d5a-c3e30901208b.pdf
b6d98474-c134-4188-8847-1815ed4afd53,EOG_Karnes,TX,s3://enverus-courthouse-prod-chd-plants/tx/eog_karnes/b6d9/b6d98474-c134-4188-8847-1815ed4afd53.pdf
b71808a1-6a01-11ec-8944-00505681224b,Garfield,OK,s3://enverus-courthouse-prod-chd-plants/ok/garfield/b718/b71808a1-6a01-11ec-8944-00505681224b.pdf
b718f2e7-6a01-11ec-83ca-00505681224b,Garfield,OK,s3://enverus-courthouse-prod-chd-plants/ok/garfield/b718/b718f2e7-6a01-11ec-83ca-00505681224b.pdf
b7389867-e06b-451a-bdc3-37ee009906f7,EOG_Gonzales,TX,s3://enverus-courthouse-prod-chd-plants/tx/eog_gonzales/b738/b7389867-e06b-451a-bdc3-37ee009906f7.pdf
b74969cd-fafb-47e6-8bfa-d7a62608184e,EOG_Cooke,TX,s3://enverus-courthouse-prod-chd-plants/tx/eog_cooke/b749/b74969cd-fafb-47e6-8bfa-d7a62608184e.pdf
b74c2cd8-1c20-4473-8cf2-cf1b54f58156,Houston,TX,s3://enverus-courthouse-prod-chd-plants/tx/houston/b74c/b74c2cd8-1c20-4473-8cf2-cf1b54f58156.pdf
b75cd8e7-d219-4e27-8a3d-473154d6035a,Houston,TX,s3://enverus-courthouse-prod-chd-plants/tx/houston/b75c/b75cd8e7-d219-4e27-8a3d-473154d6035a.pdf
b784ebda-592d-4edd-9d7f-095dd60c649e,EOG_Karnes,TX,s3://enverus-courthouse-prod-chd-plants/tx/eog_karnes/b784/b784ebda-592d-4edd-9d7f-095dd60c649e.pdf
b78b5dc9-ceca-46ea-ba85-9a013e1f3ace,EOG_Gonzales,TX,s3://enverus-courthouse-prod-chd-plants/tx/eog_gonzales/b78b/b78b5dc9-ceca-46ea-ba85-9a013e1f3ace.pdf
B79DA8C8-2A7F-41CE-84C1-9C1341F173F6,TRAINING_Winkler,TX,s3://enverus-courthouse-prod-chd-plants/tx/training_winkler/B79D/B79DA8C8-2A7F-41CE-84C1-9C1341F173F6.pdf
B79F3E31-826F-4B80-AC66-5DFDBD5B4F07,TRAINING_Crockett,TX,s3://enverus-courthouse-prod-chd-plants/tx/training_crockett/B79F/B79F3E31-826F-4B80-AC66-5DFDBD5B4F07.pdf
b7c22525-fd6a-4ff0-b5dc-cfdc9732bb6b,EOG_Gonzales,TX,s3://enverus-courthouse-prod-chd-plants/tx/eog_gonzales/b7c2/b7c22525-fd6a-4ff0-b5dc-cfdc9732bb6b.pdf
b7c70b5f-99dd-294e-960f-cb8bedd62bdd,Burleson,TX,s3://enverus-courthouse-prod-chd-plants/tx/burleson/b7c7/b7c70b5f-99dd-294e-960f-cb8bedd62bdd.pdf
b7c8b4d4-6d80-4347-8035-ee8552f42e18,EOG_Cooke,TX,s3://enverus-courthouse-prod-chd-plants/tx/eog_cooke/b7c8/b7c8b4d4-6d80-4347-8035-ee8552f42e18.pdf
b80c799d-a388-4736-a630-c2f32510e0f9,EOG_Gonzales,TX,s3://enverus-courthouse-prod-chd-plants/tx/eog_gonzales/b80c/b80c799d-a388-4736-a630-c2f32510e0f9.pdf
b87a38a7-24ed-4955-b722-774027e9ddb7,EOG_Lea,NM,s3://enverus-courthouse-prod-chd-plants/nm/eog_lea/b87a/b87a38a7-24ed-4955-b722-774027e9ddb7.pdf
b88353e0-74e8-405a-9c18-53cf86b3adff,EOG_Lea,NM,s3://enverus-courthouse-prod-chd-plants/nm/eog_lea/b883/b88353e0-74e8-405a-9c18-53cf86b3adff.pdf
b8a08480-4936-4677-8338-70552d93dfc0,EOG_Atascosa,TX,s3://enverus-courthouse-prod-chd-plants/tx/eog_atascosa/b8a0/b8a08480-4936-4677-8338-70552d93dfc0.pdf
b8b5e520-b16e-46d5-b736-6d3f21da9fe5,EOG_Cooke,TX,s3://enverus-courthouse-prod-chd-plants/tx/eog_cooke/b8b5/b8b5e520-b16e-46d5-b736-6d3f21da9fe5.pdf
b8fdedb3-62e3-4b9c-a63c-54801049f753,EOG_LaSalle,TX,s3://enverus-courthouse-prod-chd-plants/tx/eog_lasalle/b8fd/b8fdedb3-62e3-4b9c-a63c-54801049f753.pdf
b923327d-e28d-4838-93e9-f082b4a3a271,Houston,TX,s3://enverus-courthouse-prod-chd-plants/tx/houston/b923/b923327d-e28d-4838-93e9-f082b4a3a271.pdf
b9496ec5-db03-4afa-af23-529d64b619fa,EOG_Gonzales,TX,s3://enverus-courthouse-prod-chd-plants/tx/eog_gonzales/b949/b9496ec5-db03-4afa-af23-529d64b619fa.pdf
b98f277a-233f-4b19-99e3-e3899419c7f2,Houston,TX,s3://enverus-courthouse-prod-chd-plants/tx/houston/b98f/b98f277a-233f-4b19-99e3-e3899419c7f2.pdf
b99d4cad-9ca8-4389-9268-6cb57376e853,Hardeman,TX,s3://enverus-courthouse-prod-chd-plants/tx/hardeman/b99d/b99d4cad-9ca8-4389-9268-6cb57376e853.pdf
b99e57c9-493e-455f-a2fc-aefec194e285,EOG_Karnes,TX,s3://enverus-courthouse-prod-chd-plants/tx/eog_karnes/b99e/b99e57c9-493e-455f-a2fc-aefec194e285.pdf
b99e6f5b-322b-45a8-bf51-d66e73f06a58,EOG_Gonzales,TX,s3://enverus-courthouse-prod-chd-plants/tx/eog_gonzales/b99e/b99e6f5b-322b-45a8-bf51-d66e73f06a58.pdf
b9ace9e4-4e9c-4b38-80c0-4d6a3ddb0b87,EOG_Cooke,TX,s3://enverus-courthouse-prod-chd-plants/tx/eog_cooke/b9ac/b9ace9e4-4e9c-4b38-80c0-4d6a3ddb0b87.pdf
B9C1E271-A2AC-4A37-BBFF-BDE971F2A40C,TRAINING_Crockett,TX,s3://enverus-courthouse-prod-chd-plants/tx/training_crockett/B9C1/B9C1E271-A2AC-4A37-BBFF-BDE971F2A40C.pdf
b9cd0792-36ba-4b8e-ad1a-cb61d2fbbc6a,EOG_Cooke,TX,s3://enverus-courthouse-prod-chd-plants/tx/eog_cooke/b9cd/b9cd0792-36ba-4b8e-ad1a-cb61d2fbbc6a.pdf
b9e737ab-2fb0-44ca-abb9-043f846079c2,CHD_Lea,NM,s3://enverus-courthouse-prod-chd-plants/nm/chd_lea/b9e7/b9e737ab-2fb0-44ca-abb9-043f846079c2.pdf
ba0019e0-144b-4d84-b7ff-85424eb0a199,CHD_Lea,NM,s3://enverus-courthouse-prod-chd-plants/nm/chd_lea/ba00/ba0019e0-144b-4d84-b7ff-85424eb0a199.pdf
ba493626-82b1-4585-b971-9ec85165dfc3,EOG_Karnes,TX,s3://enverus-courthouse-prod-chd-plants/tx/eog_karnes/ba49/ba493626-82b1-4585-b971-9ec85165dfc3.pdf
ba597eb4-d0d6-430b-b749-474ff77c8a2b,EOG_Lea,NM,s3://enverus-courthouse-prod-chd-plants/nm/eog_lea/ba59/ba597eb4-d0d6-430b-b749-474ff77c8a2b.pdf
ba68975a-147c-4a3f-a811-27e67cd532f0,EOG_LaSalle,TX,s3://enverus-courthouse-prod-chd-plants/tx/eog_lasalle/ba68/ba68975a-147c-4a3f-a811-27e67cd532f0.pdf
ba6ab1bc-5b05-45e5-98a4-22f86f11e3ae,EOG_LaSalle,TX,s3://enverus-courthouse-prod-chd-plants/tx/eog_lasalle/ba6a/ba6ab1bc-5b05-45e5-98a4-22f86f11e3ae.pdf
ba77da88-3695-11ea-96d1-00505681224b,EOG_Lea,NM,s3://enverus-courthouse-prod-chd-plants/nm/eog_lea/ba77/ba77da88-3695-11ea-96d1-00505681224b.pdf
ba83c7e2-e470-4753-9178-e54f76c87463,EOG_Lea,NM,s3://enverus-courthouse-prod-chd-plants/nm/eog_lea/ba83/ba83c7e2-e470-4753-9178-e54f76c87463.pdf
bab391e1-a04c-4231-af1e-e1cf75e03999,EOG_Lea,NM,s3://enverus-courthouse-prod-chd-plants/nm/eog_lea/bab3/bab391e1-a04c-4231-af1e-e1cf75e03999.pdf
bac25400-2857-43f1-a3b1-38b0f737f917,EOG_Lea,NM,s3://enverus-courthouse-prod-chd-plants/nm/eog_lea/bac2/bac25400-2857-43f1-a3b1-38b0f737f917.pdf
bac70e7e-d05e-4391-a6f1-64530752e714,EOG_LaSalle,TX,s3://enverus-courthouse-prod-chd-plants/tx/eog_lasalle/bac7/bac70e7e-d05e-4391-a6f1-64530752e714.pdf
bada6d46-ae9a-4541-b112-a94b933f1714,CHD_Lea,NM,s3://enverus-courthouse-prod-chd-plants/nm/chd_lea/bada/bada6d46-ae9a-4541-b112-a94b933f1714.pdf
baea8374-f4b4-4cc7-a1f2-812997df0403,EOG_Lea,NM,s3://enverus-courthouse-prod-chd-plants/nm/eog_lea/baea/baea8374-f4b4-4cc7-a1f2-812997df0403.pdf
baec9316-893e-4fa8-8e3c-60c40b4b6fe1,CHD_Lea,NM,s3://enverus-courthouse-prod-chd-plants/nm/chd_lea/baec/baec9316-893e-4fa8-8e3c-60c40b4b6fe1.pdf
bb08062e-9ced-46b6-b264-878cf946f3d4,EOG_Lea,NM,s3://enverus-courthouse-prod-chd-plants/nm/eog_lea/bb08/bb08062e-9ced-46b6-b264-878cf946f3d4.pdf
bb1192de-9849-4c9a-8824-5599a7d0c003,EOG_McMullen,TX,s3://enverus-courthouse-prod-chd-plants/tx/eog_mcmullen/bb11/bb1192de-9849-4c9a-8824-5599a7d0c003.pdf
bb21e0c6-cfd7-476a-a0c1-fffcb4ec927f,EOG_Cooke,TX,s3://enverus-courthouse-prod-chd-plants/tx/eog_cooke/bb21/bb21e0c6-cfd7-476a-a0c1-fffcb4ec927f.pdf
bb436d2d-5bd3-424b-81b7-4b137b56634b,EOG_Gonzales,TX,s3://enverus-courthouse-prod-chd-plants/tx/eog_gonzales/bb43/bb436d2d-5bd3-424b-81b7-4b137b56634b.pdf
bb6c43d5-709a-4c7a-aaeb-f9ecce672e2a,Union,LA,s3://enverus-courthouse-prod-chd-plants/la/union/bb6c/bb6c43d5-709a-4c7a-aaeb-f9ecce672e2a.pdf
bb73523f-bd44-4d37-b163-b25917bf325b,EOG_LaSalle,TX,s3://enverus-courthouse-prod-chd-plants/tx/eog_lasalle/bb73/bb73523f-bd44-4d37-b163-b25917bf325b.pdf
bb896771-16b0-4e58-b002-92b753f9ee08,EOG_Cooke,TX,s3://enverus-courthouse-prod-chd-plants/tx/eog_cooke/bb89/bb896771-16b0-4e58-b002-92b753f9ee08.pdf
bb946d4d-f392-4a9e-8f25-ca00cfeb0b2d,EOG_Gonzales,TX,s3://enverus-courthouse-prod-chd-plants/tx/eog_gonzales/bb94/bb946d4d-f392-4a9e-8f25-ca00cfeb0b2d.pdf
bc16112b-b49f-4f9c-b1fe-2bc3f6ea8f9a,EOG_Atascosa,TX,s3://enverus-courthouse-prod-chd-plants/tx/eog_atascosa/bc16/bc16112b-b49f-4f9c-b1fe-2bc3f6ea8f9a.pdf
bc54bd9c-9cfc-4818-8df7-0f990124070f,EOG_Atascosa,TX,s3://enverus-courthouse-prod-chd-plants/tx/eog_atascosa/bc54/bc54bd9c-9cfc-4818-8df7-0f990124070f.pdf
bc5b159c-9f5c-4e52-b32b-538d4eeed267,Houston,TX,s3://enverus-courthouse-prod-chd-plants/tx/houston/bc5b/bc5b159c-9f5c-4e52-b32b-538d4eeed267.pdf
BC6080F5-40A5-4BB6-9161-F05FB195FD6F,TRAINING_Reeves,TX,s3://enverus-courthouse-prod-chd-plants/tx/training_reeves/BC60/BC6080F5-40A5-4BB6-9161-F05FB195FD6F.pdf
bc60bcdf-c9ec-4a38-9b3d-b3a06bdfd984,EOG_Cooke,TX,s3://enverus-courthouse-prod-chd-plants/tx/eog_cooke/bc60/bc60bcdf-c9ec-4a38-9b3d-b3a06bdfd984.pdf
bc7de823-a0c9-4554-8b1b-a8bf921f1876,EOG_Atascosa,TX,s3://enverus-courthouse-prod-chd-plants/tx/eog_atascosa/bc7d/bc7de823-a0c9-4554-8b1b-a8bf921f1876.pdf
bc80807d-9828-4c4c-9527-bb8fa8ae21c3,EOG_Lea,NM,s3://enverus-courthouse-prod-chd-plants/nm/eog_lea/bc80/bc80807d-9828-4c4c-9527-bb8fa8ae21c3.pdf
BC826BC0-F06C-47A5-930E-652EA3EE5195,TRAINING_Howard,TX,s3://enverus-courthouse-prod-chd-plants/tx/training_howard/BC82/BC826BC0-F06C-47A5-930E-652EA3EE5195.pdf
bcb79480-6660-4393-be82-b989370763a2,EOG_Lea,NM,s3://enverus-courthouse-prod-chd-plants/nm/eog_lea/bcb7/bcb79480-6660-4393-be82-b989370763a2.pdf
bcb8f48e-1ebc-4947-aea2-26607e881e91,EOG_Gonzales,TX,s3://enverus-courthouse-prod-chd-plants/tx/eog_gonzales/bcb8/bcb8f48e-1ebc-4947-aea2-26607e881e91.pdf
BCC7C6A3-73B8-4FFE-8891-96F1C304AC4F,TRAINING_Reeves,TX,s3://enverus-courthouse-prod-chd-plants/tx/training_reeves/BCC7/BCC7C6A3-73B8-4FFE-8891-96F1C304AC4F.pdf
bcd9e78e-e78a-460b-874b-3d84b4105df2,EOG_Gonzales,TX,s3://enverus-courthouse-prod-chd-plants/tx/eog_gonzales/bcd9/bcd9e78e-e78a-460b-874b-3d84b4105df2.pdf
bceaafc7-0008-4d4b-88fc-06aac0d738f7,EOG_Atascosa,TX,s3://enverus-courthouse-prod-chd-plants/tx/eog_atascosa/bcea/bceaafc7-0008-4d4b-88fc-06aac0d738f7.pdf
bd0f3013-c456-4c9e-bc06-74e508cddbb0,EOG_Lea,NM,s3://enverus-courthouse-prod-chd-plants/nm/eog_lea/bd0f/bd0f3013-c456-4c9e-bc06-74e508cddbb0.pdf
bd1663a5-05ff-44b9-a2bc-3534d3106e22,EOG_Karnes,TX,s3://enverus-courthouse-prod-chd-plants/tx/eog_karnes/bd16/bd1663a5-05ff-44b9-a2bc-3534d3106e22.pdf
bd288e33-06ac-428f-8f97-5582dcc02f93,CHD_Lea,NM,s3://enverus-courthouse-prod-chd-plants/nm/chd_lea/bd28/bd288e33-06ac-428f-8f97-5582dcc02f93.pdf
bd30562b-c9ca-4be6-b798-458c92cf7611,Walker,TX,s3://enverus-courthouse-prod-chd-plants/tx/walker/bd30/bd30562b-c9ca-4be6-b798-458c92cf7611.pdf
BD75BD45-6040-49FB-99A9-8DEF187DDA61,TRAINING_Midland,TX,s3://enverus-courthouse-prod-chd-plants/tx/training_midland/BD75/BD75BD45-6040-49FB-99A9-8DEF187DDA61.pdf
bdade700-c22a-460f-850b-6ad5a67c5030,EOG_Lea,NM,s3://enverus-courthouse-prod-chd-plants/nm/eog_lea/bdad/bdade700-c22a-460f-850b-6ad5a67c5030.pdf
bdb6dc80-ad28-44c0-a771-aac69ff7163c,CHD_Lea,NM,s3://enverus-courthouse-prod-chd-plants/nm/chd_lea/bdb6/bdb6dc80-ad28-44c0-a771-aac69ff7163c.pdf
bdf09c15-115e-4e53-9783-459157876a67,CHD_Lea,NM,s3://enverus-courthouse-prod-chd-plants/nm/chd_lea/bdf0/bdf09c15-115e-4e53-9783-459157876a67.pdf
bdf4bab0-8568-4f9e-bacc-b25b48fc859d,EOG_Lea,NM,s3://enverus-courthouse-prod-chd-plants/nm/eog_lea/bdf4/bdf4bab0-8568-4f9e-bacc-b25b48fc859d.pdf
bdfc5f6e-d7d5-469d-bdd3-378dd8c9b0cc,CHD_Lea,NM,s3://enverus-courthouse-prod-chd-plants/nm/chd_lea/bdfc/bdfc5f6e-d7d5-469d-bdd3-378dd8c9b0cc.pdf
BE257035-4E01-4F3C-AA70-AE210EA37709,TRAINING_Reeves,TX,s3://enverus-courthouse-prod-chd-plants/tx/training_reeves/BE25/BE257035-4E01-4F3C-AA70-AE210EA37709.pdf
be33ac8b-69b5-4aa3-9ce7-4e97085fed30,EOG_Karnes,TX,s3://enverus-courthouse-prod-chd-plants/tx/eog_karnes/be33/be33ac8b-69b5-4aa3-9ce7-4e97085fed30.pdf
be4ca7db-80fd-4a9d-83af-9df3513c7882,EOG_Lea,NM,s3://enverus-courthouse-prod-chd-plants/nm/eog_lea/be4c/be4ca7db-80fd-4a9d-83af-9df3513c7882.pdf
be7f3f53-357d-481e-b20b-9546429699b3,EOG_Karnes,TX,s3://enverus-courthouse-prod-chd-plants/tx/eog_karnes/be7f/be7f3f53-357d-481e-b20b-9546429699b3.pdf
bea1c777-07a0-4ccb-9e24-4eac69e85a79,Potter,TX,s3://enverus-courthouse-prod-chd-plants/tx/potter/bea1/bea1c777-07a0-4ccb-9e24-4eac69e85a79.pdf
bea8dda6-c650-4de8-929e-4d311f8803e1,Hood,TX,s3://enverus-courthouse-prod-chd-plants/tx/hood/bea8/bea8dda6-c650-4de8-929e-4d311f8803e1.pdf
beb4b9ad-0987-4c21-83e9-9b0a640586a2,EOG_Karnes,TX,s3://enverus-courthouse-prod-chd-plants/tx/eog_karnes/beb4/beb4b9ad-0987-4c21-83e9-9b0a640586a2.pdf
bebe4ec3-85d3-4da0-8c8d-ffa92bbd3fe0,EOG_Atascosa,TX,s3://enverus-courthouse-prod-chd-plants/tx/eog_atascosa/bebe/bebe4ec3-85d3-4da0-8c8d-ffa92bbd3fe0.pdf
bf055cd7-2b09-41e3-b98d-db7e1564ac4c,EOG_McMullen,TX,s3://enverus-courthouse-prod-chd-plants/tx/eog_mcmullen/bf05/bf055cd7-2b09-41e3-b98d-db7e1564ac4c.pdf
bf06f57c-8ca7-4e99-9178-ab40bb722ec1,EOG_Atascosa,TX,s3://enverus-courthouse-prod-chd-plants/tx/eog_atascosa/bf06/bf06f57c-8ca7-4e99-9178-ab40bb722ec1.pdf
bf3e6a97-9a2c-48c4-abfe-c585b68141b4,EOG_Cooke,TX,s3://enverus-courthouse-prod-chd-plants/tx/eog_cooke/bf3e/bf3e6a97-9a2c-48c4-abfe-c585b68141b4.pdf
bf404531-6c3b-40e0-8481-d25863fdaf48,CHD_Lea,NM,s3://enverus-courthouse-prod-chd-plants/nm/chd_lea/bf40/bf404531-6c3b-40e0-8481-d25863fdaf48.pdf
bf499aa7-58e9-4773-9f82-75ba039919d5,EOG_Karnes,TX,s3://enverus-courthouse-prod-chd-plants/tx/eog_karnes/bf49/bf499aa7-58e9-4773-9f82-75ba039919d5.pdf
bf4c75f9-d2f7-438e-a68d-1efb81feddd4,EOG_McMullen,TX,s3://enverus-courthouse-prod-chd-plants/tx/eog_mcmullen/bf4c/bf4c75f9-d2f7-438e-a68d-1efb81feddd4.pdf
BFC9401D-6D2D-4B1C-A514-D91976C116E1,TRAINING_Crockett,TX,s3://enverus-courthouse-prod-chd-plants/tx/training_crockett/BFC9/BFC9401D-6D2D-4B1C-A514-D91976C116E1.pdf
BFCADC51-7931-477A-9C9E-D5EC3C2A96A3,TRAINING_Robertson,TX,s3://enverus-courthouse-prod-chd-plants/tx/training_robertson/BFCA/BFCADC51-7931-477A-9C9E-D5EC3C2A96A3.pdf
bfd1f8f5-9319-441d-80e6-9555cd031e76,EOG_Lea,NM,s3://enverus-courthouse-prod-chd-plants/nm/eog_lea/bfd1/bfd1f8f5-9319-441d-80e6-9555cd031e76.pdf
BFFB8A7E-857B-4794-AAA6-FC1518624C73,TRAINING_Midland,TX,s3://enverus-courthouse-prod-chd-plants/tx/training_midland/BFFB/BFFB8A7E-857B-4794-AAA6-FC1518624C73.pdf
c0068d2f-0052-4767-b71a-f52d5219c189,EOG_Karnes,TX,s3://enverus-courthouse-prod-chd-plants/tx/eog_karnes/c006/c0068d2f-0052-4767-b71a-f52d5219c189.pdf
c05d0741-c05d-4d10-85fb-9a84ba111987,EOG_Atascosa,TX,s3://enverus-courthouse-prod-chd-plants/tx/eog_atascosa/c05d/c05d0741-c05d-4d10-85fb-9a84ba111987.pdf
c06f2992-a046-44a6-a13e-b519e1482e27,EOG_Karnes,TX,s3://enverus-courthouse-prod-chd-plants/tx/eog_karnes/c06f/c06f2992-a046-44a6-a13e-b519e1482e27.pdf
c09d9032-e4c0-45e2-98fa-5298601dc214,EOG_Atascosa,TX,s3://enverus-courthouse-prod-chd-plants/tx/eog_atascosa/c09d/c09d9032-e4c0-45e2-98fa-5298601dc214.pdf
c0c1b40b-28bc-4f4e-85a1-e310904314bf,EOG_Karnes,TX,s3://enverus-courthouse-prod-chd-plants/tx/eog_karnes/c0c1/c0c1b40b-28bc-4f4e-85a1-e310904314bf.pdf
c0e7066d-904b-8e4d-9eea-fe8cd9fcf243,Andrews,TX,s3://enverus-courthouse-prod-chd-plants/tx/andrews/c0e7/c0e7066d-904b-8e4d-9eea-fe8cd9fcf243.pdf
c1071f06-6103-4c59-a949-ac22ef54b755,EOG_Karnes,TX,s3://enverus-courthouse-prod-chd-plants/tx/eog_karnes/c107/c1071f06-6103-4c59-a949-ac22ef54b755.pdf
c1281850-65e5-45d9-829d-c35c6c6206ee,CHD_Lea,NM,s3://enverus-courthouse-prod-chd-plants/nm/chd_lea/c128/c1281850-65e5-45d9-829d-c35c6c6206ee.pdf
c1b5139b-6060-46b4-ab30-1913fb776c70,EOG_Gonzales,TX,s3://enverus-courthouse-prod-chd-plants/tx/eog_gonzales/c1b5/c1b5139b-6060-46b4-ab30-1913fb776c70.pdf
c1c1338d-5527-4fde-985e-ff85357c034b,EOG_Atascosa,TX,s3://enverus-courthouse-prod-chd-plants/tx/eog_atascosa/c1c1/c1c1338d-5527-4fde-985e-ff85357c034b.pdf
c231fa1c-4be3-45d0-b222-ed9a76f01387,EOG_LaSalle,TX,s3://enverus-courthouse-prod-chd-plants/tx/eog_lasalle/c231/c231fa1c-4be3-45d0-b222-ed9a76f01387.pdf
c23c3bce-3c40-44db-a61d-39b7f14e34f3,EOG_Cooke,TX,s3://enverus-courthouse-prod-chd-plants/tx/eog_cooke/c23c/c23c3bce-3c40-44db-a61d-39b7f14e34f3.pdf
c24cfbce-cee2-4381-b2e3-59a83f39211f,EOG_Karnes,TX,s3://enverus-courthouse-prod-chd-plants/tx/eog_karnes/c24c/c24cfbce-cee2-4381-b2e3-59a83f39211f.pdf
c24d9080-e034-4377-8df4-8dd2c092a982,CHD_Lea,NM,s3://enverus-courthouse-prod-chd-plants/nm/chd_lea/c24d/c24d9080-e034-4377-8df4-8dd2c092a982.pdf
c29eac81-17ee-5443-bb26-e738c4c6b559,Eddy,NM,s3://enverus-courthouse-prod-chd-plants/nm/eddy/c29e/c29eac81-17ee-5443-bb26-e738c4c6b559.pdf
c2d9b116-1fe4-4a48-acd8-9c2d509e983a,EOG_Gonzales,TX,s3://enverus-courthouse-prod-chd-plants/tx/eog_gonzales/c2d9/c2d9b116-1fe4-4a48-acd8-9c2d509e983a.pdf
c2ef1322-0b9d-41c3-98cf-6ad349544122,EOG_Gonzales,TX,s3://enverus-courthouse-prod-chd-plants/tx/eog_gonzales/c2ef/c2ef1322-0b9d-41c3-98cf-6ad349544122.pdf
c35ed786-6b57-41c4-86a8-f3ceeaee43d3,EOG_Gonzales,TX,s3://enverus-courthouse-prod-chd-plants/tx/eog_gonzales/c35e/c35ed786-6b57-41c4-86a8-f3ceeaee43d3.pdf
c3620b41-0b34-4d0a-b704-bb5c256e37b4,EOG_Cooke,TX,s3://enverus-courthouse-prod-chd-plants/tx/eog_cooke/c362/c3620b41-0b34-4d0a-b704-bb5c256e37b4.pdf
C365B7EF-B460-4710-A281-C7959090A93C,TRAINING_Glasscock,TX,s3://enverus-courthouse-prod-chd-plants/tx/training_glasscock/C365/C365B7EF-B460-4710-A281-C7959090A93C.pdf
c371dd17-4991-4c1d-949a-82614ac631ce,Houston,TX,s3://enverus-courthouse-prod-chd-plants/tx/houston/c371/c371dd17-4991-4c1d-949a-82614ac631ce.pdf
c38b3e69-c8c6-4118-ab88-aafecd800a60,CHD_Lea,NM,s3://enverus-courthouse-prod-chd-plants/nm/chd_lea/c38b/c38b3e69-c8c6-4118-ab88-aafecd800a60.pdf
c397d405-3e4b-42bc-a66a-78b1625b5c04,EOG_Atascosa,TX,s3://enverus-courthouse-prod-chd-plants/tx/eog_atascosa/c397/c397d405-3e4b-42bc-a66a-78b1625b5c04.pdf
c3a1ad12-674f-4d0a-b1c6-6f6f86b3907e,CHD_Lea,NM,s3://enverus-courthouse-prod-chd-plants/nm/chd_lea/c3a1/c3a1ad12-674f-4d0a-b1c6-6f6f86b3907e.pdf
c3bf7e9b-9376-449e-a303-f20c5490e4ab,EOG_Cooke,TX,s3://enverus-courthouse-prod-chd-plants/tx/eog_cooke/c3bf/c3bf7e9b-9376-449e-a303-f20c5490e4ab.pdf
C3D7170D-1C02-4983-A1E5-E36B1EDAAB0C,TRAINING_Karnes,TX,s3://enverus-courthouse-prod-chd-plants/tx/training_karnes/C3D7/C3D7170D-1C02-4983-A1E5-E36B1EDAAB0C.pdf
c3ec624a-3ad7-470d-a12e-e53109e11eac,EOG_Atascosa,TX,s3://enverus-courthouse-prod-chd-plants/tx/eog_atascosa/c3ec/c3ec624a-3ad7-470d-a12e-e53109e11eac.pdf
c463debb-2188-4725-be4c-fff3fb7750b4,EOG_Cooke,TX,s3://enverus-courthouse-prod-chd-plants/tx/eog_cooke/c463/c463debb-2188-4725-be4c-fff3fb7750b4.pdf
c472d372-53ba-46b7-84fb-287ca6b16bd0,EOG_Karnes,TX,s3://enverus-courthouse-prod-chd-plants/tx/eog_karnes/c472/c472d372-53ba-46b7-84fb-287ca6b16bd0.pdf
c4b563e3-1b00-4bbf-832c-d246d34f3862,EOG_Cooke,TX,s3://enverus-courthouse-prod-chd-plants/tx/eog_cooke/c4b5/c4b563e3-1b00-4bbf-832c-d246d34f3862.pdf
c540f08d-53c5-4ccf-b026-2981be25fd99,CHD_Lea,NM,s3://enverus-courthouse-prod-chd-plants/nm/chd_lea/c540/c540f08d-53c5-4ccf-b026-2981be25fd99.pdf
c5518b7d-82a4-4c7b-88a8-ea61b803e592,EOG_Karnes,TX,s3://enverus-courthouse-prod-chd-plants/tx/eog_karnes/c551/c5518b7d-82a4-4c7b-88a8-ea61b803e592.pdf
c5891f08-da2a-4b72-a13b-7de415e840b3,EOG_Lea,NM,s3://enverus-courthouse-prod-chd-plants/nm/eog_lea/c589/c5891f08-da2a-4b72-a13b-7de415e840b3.pdf
c5cdbd8d-c482-4147-b29f-e1148f8a9d59,EOG_Lea,NM,s3://enverus-courthouse-prod-chd-plants/nm/eog_lea/c5cd/c5cdbd8d-c482-4147-b29f-e1148f8a9d59.pdf
c612da8a-1e85-7b42-9cc7-e0801a1156ce,Andrews,TX,s3://enverus-courthouse-prod-chd-plants/tx/andrews/c612/c612da8a-1e85-7b42-9cc7-e0801a1156ce.pdf
c668b2d0-55bf-4545-8790-5fd274bbb51f,EOG_Karnes,TX,s3://enverus-courthouse-prod-chd-plants/tx/eog_karnes/c668/c668b2d0-55bf-4545-8790-5fd274bbb51f.pdf
C6A9C47E-E898-46AB-9393-4861AD0D0847,TRAINING_Johnson,TX,s3://enverus-courthouse-prod-chd-plants/tx/training_johnson/C6A9/C6A9C47E-E898-46AB-9393-4861AD0D0847.pdf
c6b73548-0202-4895-bb92-5a3a89ee9437,Houston,TX,s3://enverus-courthouse-prod-chd-plants/tx/houston/c6b7/c6b73548-0202-4895-bb92-5a3a89ee9437.pdf
c6be4680-ec04-4cd8-9ef0-7d361daaa903,Houston,TX,s3://enverus-courthouse-prod-chd-plants/tx/houston/c6be/c6be4680-ec04-4cd8-9ef0-7d361daaa903.pdf
c6d644f8-2361-44c5-a9bf-3f90a2590d02,EOG_Lea,NM,s3://enverus-courthouse-prod-chd-plants/nm/eog_lea/c6d6/c6d644f8-2361-44c5-a9bf-3f90a2590d02.pdf
c6e2af2e-8235-418e-964c-011058210b22,CHD_Lea,NM,s3://enverus-courthouse-prod-chd-plants/nm/chd_lea/c6e2/c6e2af2e-8235-418e-964c-011058210b22.pdf
c6e3a08c-27b6-4948-b8b1-e663ac6cf6b8,EOG_Lea,NM,s3://enverus-courthouse-prod-chd-plants/nm/eog_lea/c6e3/c6e3a08c-27b6-4948-b8b1-e663ac6cf6b8.pdf
c7224702-4300-bd40-9c4b-5db070f8deb1,Howard,TX,s3://enverus-courthouse-prod-chd-plants/tx/howard/c722/c7224702-4300-bd40-9c4b-5db070f8deb1.pdf
c72b529a-bab9-4f8c-84c3-7e9b7a18d05a,EOG_Cooke,TX,s3://enverus-courthouse-prod-chd-plants/tx/eog_cooke/c72b/c72b529a-bab9-4f8c-84c3-7e9b7a18d05a.pdf
c7395e46-7217-4fe4-9b10-2f1ff8c99311,EOG_McMullen,TX,s3://enverus-courthouse-prod-chd-plants/tx/eog_mcmullen/c739/c7395e46-7217-4fe4-9b10-2f1ff8c99311.pdf
c73f9d06-7dc1-48fc-9252-7a3327229257,EOG_Lea,NM,s3://enverus-courthouse-prod-chd-plants/nm/eog_lea/c73f/c73f9d06-7dc1-48fc-9252-7a3327229257.pdf
c75b8e4f-f835-4d70-a10b-dceebf2de20a,EOG_Cooke,TX,s3://enverus-courthouse-prod-chd-plants/tx/eog_cooke/c75b/c75b8e4f-f835-4d70-a10b-dceebf2de20a.pdf
c769725e-fac1-4971-a4b5-5a2a5273b20d,EOG_Cooke,TX,s3://enverus-courthouse-prod-chd-plants/tx/eog_cooke/c769/c769725e-fac1-4971-a4b5-5a2a5273b20d.pdf
C78BC5A7-FD79-4016-A8C4-96677C76BE2C,TRAINING_Young,TX,s3://enverus-courthouse-prod-chd-plants/tx/training_young/C78B/C78BC5A7-FD79-4016-A8C4-96677C76BE2C.pdf
c7ab095a-0406-40e0-ae80-b6477cb3e1b7,EOG_Cooke,TX,s3://enverus-courthouse-prod-chd-plants/tx/eog_cooke/c7ab/c7ab095a-0406-40e0-ae80-b6477cb3e1b7.pdf
c7cddebf-6d50-4ebc-be24-4ff2b603842a,EOG_Lea,NM,s3://enverus-courthouse-prod-chd-plants/nm/eog_lea/c7cd/c7cddebf-6d50-4ebc-be24-4ff2b603842a.pdf
c7eb56ba-f800-4554-8606-ee96e35f739f,Hood,TX,s3://enverus-courthouse-prod-chd-plants/tx/hood/c7eb/c7eb56ba-f800-4554-8606-ee96e35f739f.pdf
c7fad4a0-10bd-4061-920b-034e5dfc522c,EOG_Lea,NM,s3://enverus-courthouse-prod-chd-plants/nm/eog_lea/c7fa/c7fad4a0-10bd-4061-920b-034e5dfc522c.pdf
c8065065-e3df-4fce-92e4-46c75b1074d4,EOG_Lea,NM,s3://enverus-courthouse-prod-chd-plants/nm/eog_lea/c806/c8065065-e3df-4fce-92e4-46c75b1074d4.pdf
c806f35a-a6cf-43c6-a2db-c6a06017dea7,CHD_Lea,NM,s3://enverus-courthouse-prod-chd-plants/nm/chd_lea/c806/c806f35a-a6cf-43c6-a2db-c6a06017dea7.pdf
c87fe6f5-8c2a-4b3e-88ce-9d852b8161fe,EOG_Cooke,TX,s3://enverus-courthouse-prod-chd-plants/tx/eog_cooke/c87f/c87fe6f5-8c2a-4b3e-88ce-9d852b8161fe.pdf
c89ce35d-fe4d-44eb-b5f6-61f84a5afd21,EOG_Cooke,TX,s3://enverus-courthouse-prod-chd-plants/tx/eog_cooke/c89c/c89ce35d-fe4d-44eb-b5f6-61f84a5afd21.pdf
c8c18cba-cd33-49ea-87ab-06ff1279aea7,EOG_Cooke,TX,s3://enverus-courthouse-prod-chd-plants/tx/eog_cooke/c8c1/c8c18cba-cd33-49ea-87ab-06ff1279aea7.pdf
C9079069-D9FB-409E-A6CD-8B254C184DC4,TRAINING_Tyler,TX,s3://enverus-courthouse-prod-chd-plants/tx/training_tyler/C907/C9079069-D9FB-409E-A6CD-8B254C184DC4.pdf
c940c964-0700-4f2f-8399-513079a11ed1,EOG_Cooke,TX,s3://enverus-courthouse-prod-chd-plants/tx/eog_cooke/c940/c940c964-0700-4f2f-8399-513079a11ed1.pdf
c94ad4ee-de17-4101-9e27-79091f05bf84,EOG_Cooke,TX,s3://enverus-courthouse-prod-chd-plants/tx/eog_cooke/c94a/c94ad4ee-de17-4101-9e27-79091f05bf84.pdf
c9780a14-5597-42c8-a27b-2be64f448bfd,Houston,TX,s3://enverus-courthouse-prod-chd-plants/tx/houston/c978/c9780a14-5597-42c8-a27b-2be64f448bfd.pdf
c97a267d-400b-4643-939a-105b9df0912d,EOG_Atascosa,TX,s3://enverus-courthouse-prod-chd-plants/tx/eog_atascosa/c97a/c97a267d-400b-4643-939a-105b9df0912d.pdf
c985ca3c-3a71-4ed5-876d-e6e855b3f990,EOG_Lea,NM,s3://enverus-courthouse-prod-chd-plants/nm/eog_lea/c985/c985ca3c-3a71-4ed5-876d-e6e855b3f990.pdf
c9d7aa4c-4d39-42ea-bd63-49e71a17f612,EOG_Lea,NM,s3://enverus-courthouse-prod-chd-plants/nm/eog_lea/c9d7/c9d7aa4c-4d39-42ea-bd63-49e71a17f612.pdf
c9f408af-2df5-4e56-a850-6ca0fe69a4c9,CHD_Lea,NM,s3://enverus-courthouse-prod-chd-plants/nm/chd_lea/c9f4/c9f408af-2df5-4e56-a850-6ca0fe69a4c9.pdf
ca5b87b0-097e-11ed-9f11-00505681224b,EOG_Lea,NM,s3://enverus-courthouse-prod-chd-plants/nm/eog_lea/ca5b/ca5b87b0-097e-11ed-9f11-00505681224b.pdf
CAD8D6B0-5D5E-4268-90B1-7A96B989ACA7,TRAINING_Crockett,TX,s3://enverus-courthouse-prod-chd-plants/tx/training_crockett/CAD8/CAD8D6B0-5D5E-4268-90B1-7A96B989ACA7.pdf
cad8ec0d-3d5a-4624-a5a8-93d8a655a19c,EOG_Atascosa,TX,s3://enverus-courthouse-prod-chd-plants/tx/eog_atascosa/cad8/cad8ec0d-3d5a-4624-a5a8-93d8a655a19c.pdf
cadc88f8-d255-4bf8-847d-78ceb010a126,EOG_Cooke,TX,s3://enverus-courthouse-prod-chd-plants/tx/eog_cooke/cadc/cadc88f8-d255-4bf8-847d-78ceb010a126.pdf
caee71c7-9a35-4f94-9c15-f96456d62dc0,EOG_Lea,NM,s3://enverus-courthouse-prod-chd-plants/nm/eog_lea/caee/caee71c7-9a35-4f94-9c15-f96456d62dc0.pdf
cb00d6a2-34d9-4de3-be79-df9d735e0bdc,EOG_Lea,NM,s3://enverus-courthouse-prod-chd-plants/nm/eog_lea/cb00/cb00d6a2-34d9-4de3-be79-df9d735e0bdc.pdf
CB454E3D-BFA3-481D-8C16-440E2D81E49C,TRAINING_Madison,TX,s3://enverus-courthouse-prod-chd-plants/tx/training_madison/CB45/CB454E3D-BFA3-481D-8C16-440E2D81E49C.pdf
cbaedd5b-b807-466f-b52b-d0c392ed09d5,EOG_Lea,NM,s3://enverus-courthouse-prod-chd-plants/nm/eog_lea/cbae/cbaedd5b-b807-466f-b52b-d0c392ed09d5.pdf
cbb88491-9b03-4970-bb99-290d661b564a,EOG_McMullen,TX,s3://enverus-courthouse-prod-chd-plants/tx/eog_mcmullen/cbb8/cbb88491-9b03-4970-bb99-290d661b564a.pdf
cbe92322-c268-4cf0-86e2-faca18aa992c,EOG_Atascosa,TX,s3://enverus-courthouse-prod-chd-plants/tx/eog_atascosa/cbe9/cbe92322-c268-4cf0-86e2-faca18aa992c.pdf
CC0B646E-0822-468F-9565-CED526C73E1F,TRAINING_Midland,TX,s3://enverus-courthouse-prod-chd-plants/tx/training_midland/CC0B/CC0B646E-0822-468F-9565-CED526C73E1F.pdf
cc277bb4-fa66-11eb-a4d9-00505681224b,Wetzel,WV,s3://enverus-courthouse-prod-chd-plants/wv/wetzel/cc27/cc277bb4-fa66-11eb-a4d9-00505681224b.pdf
cc29dc2b-96da-4da9-9325-b365c1f64838,EOG_Gonzales,TX,s3://enverus-courthouse-prod-chd-plants/tx/eog_gonzales/cc29/cc29dc2b-96da-4da9-9325-b365c1f64838.pdf
cc4fcbf5-3621-11ec-9b18-00505681224b,Garfield,OK,s3://enverus-courthouse-prod-chd-plants/ok/garfield/cc4f/cc4fcbf5-3621-11ec-9b18-00505681224b.pdf
cc77b2bd-2020-46f0-9cac-3f72716b6486,McKenzie,ND,s3://enverus-courthouse-prod-chd-plants/nd/mckenzie/cc77/cc77b2bd-2020-46f0-9cac-3f72716b6486.pdf
cc77d65a-f096-4085-8b83-331536b11c48,EOG_Cooke,TX,s3://enverus-courthouse-prod-chd-plants/tx/eog_cooke/cc77/cc77d65a-f096-4085-8b83-331536b11c48.pdf
CCAD82EE-13A5-411B-A362-21E4C58102FD,TRAINING_Andrews,TX,s3://enverus-courthouse-prod-chd-plants/tx/training_andrews/CCAD/CCAD82EE-13A5-411B-A362-21E4C58102FD.pdf
ccb17154-a1bc-4479-9ea8-506ec43321b3,EOG_Karnes,TX,s3://enverus-courthouse-prod-chd-plants/tx/eog_karnes/ccb1/ccb17154-a1bc-4479-9ea8-506ec43321b3.pdf
ccc09643-58f8-4d97-9691-2ccc68bd8a0f,Crane,TX,s3://enverus-courthouse-prod-chd-plants/tx/crane/ccc0/ccc09643-58f8-4d97-9691-2ccc68bd8a0f.pdf
ccdd7b13-f9cf-4966-9624-381732f91e94,EOG_Karnes,TX,s3://enverus-courthouse-prod-chd-plants/tx/eog_karnes/ccdd/ccdd7b13-f9cf-4966-9624-381732f91e94.pdf
ccde3dfa-db2c-40b7-af4a-1ca4bb614fc5,CHD_Lea,NM,s3://enverus-courthouse-prod-chd-plants/nm/chd_lea/ccde/ccde3dfa-db2c-40b7-af4a-1ca4bb614fc5.pdf
cd016110-4077-488e-910d-7d100f58aee2,EOG_Gonzales,TX,s3://enverus-courthouse-prod-chd-plants/tx/eog_gonzales/cd01/cd016110-4077-488e-910d-7d100f58aee2.pdf
cd18eaee-1a4a-4786-9535-52b4202bdc6e,EOG_Lea,NM,s3://enverus-courthouse-prod-chd-plants/nm/eog_lea/cd18/cd18eaee-1a4a-4786-9535-52b4202bdc6e.pdf
CD493480-9E3B-443B-A8F4-BEC03C82A181,TRAINING_Grimes,TX,s3://enverus-courthouse-prod-chd-plants/tx/training_grimes/CD49/CD493480-9E3B-443B-A8F4-BEC03C82A181.pdf
cd7437d1-75e0-4717-bc24-db5b7f082349,EOG_Lea,NM,s3://enverus-courthouse-prod-chd-plants/nm/eog_lea/cd74/cd7437d1-75e0-4717-bc24-db5b7f082349.pdf
cd810747-d223-4945-9764-08ce39098706,EOG_Atascosa,TX,s3://enverus-courthouse-prod-chd-plants/tx/eog_atascosa/cd81/cd810747-d223-4945-9764-08ce39098706.pdf
cd811b77-6f19-49cf-a2fa-c2687e2ff65a,CHD_Lea,NM,s3://enverus-courthouse-prod-chd-plants/nm/chd_lea/cd81/cd811b77-6f19-49cf-a2fa-c2687e2ff65a.pdf
cd91cbdb-199f-406c-b2d1-844db763ec33,EOG_Cooke,TX,s3://enverus-courthouse-prod-chd-plants/tx/eog_cooke/cd91/cd91cbdb-199f-406c-b2d1-844db763ec33.pdf
cdb43ac1-9626-47f3-94e7-1daf839a96ce,EOG_Cooke,TX,s3://enverus-courthouse-prod-chd-plants/tx/eog_cooke/cdb4/cdb43ac1-9626-47f3-94e7-1daf839a96ce.pdf
cdb4e00e-8fd2-4493-bf52-19a1a5e37f82,EOG_Lea,NM,s3://enverus-courthouse-prod-chd-plants/nm/eog_lea/cdb4/cdb4e00e-8fd2-4493-bf52-19a1a5e37f82.pdf
ce0b2c7a-d79e-4fa8-a7c9-dd0201c46823,EOG_Lea,NM,s3://enverus-courthouse-prod-chd-plants/nm/eog_lea/ce0b/ce0b2c7a-d79e-4fa8-a7c9-dd0201c46823.pdf
ce2c240b-b4b5-417b-9f58-fab605c761e3,EOG_Karnes,TX,s3://enverus-courthouse-prod-chd-plants/tx/eog_karnes/ce2c/ce2c240b-b4b5-417b-9f58-fab605c761e3.pdf
ce309ede-d1ea-46d1-8bb3-ff6e849ada73,EOG_Gonzales,TX,s3://enverus-courthouse-prod-chd-plants/tx/eog_gonzales/ce30/ce309ede-d1ea-46d1-8bb3-ff6e849ada73.pdf
ce377628-d053-485a-85ab-6a0a3d059ad3,EOG_Atascosa,TX,s3://enverus-courthouse-prod-chd-plants/tx/eog_atascosa/ce37/ce377628-d053-485a-85ab-6a0a3d059ad3.pdf
ce4f2f84-1a4b-4fea-9974-1998de603be4,EOG_Atascosa,TX,s3://enverus-courthouse-prod-chd-plants/tx/eog_atascosa/ce4f/ce4f2f84-1a4b-4fea-9974-1998de603be4.pdf
ce5680b3-4931-442c-82c4-02f2d940f2ed,EOG_LaSalle,TX,s3://enverus-courthouse-prod-chd-plants/tx/eog_lasalle/ce56/ce5680b3-4931-442c-82c4-02f2d940f2ed.pdf
ce579819-3c5e-45cb-a57c-b7caa2498da8,EOG_Cooke,TX,s3://enverus-courthouse-prod-chd-plants/tx/eog_cooke/ce57/ce579819-3c5e-45cb-a57c-b7caa2498da8.pdf
ce6bcccd-55a1-44e2-8737-4a172114acfd,EOG_Cooke,TX,s3://enverus-courthouse-prod-chd-plants/tx/eog_cooke/ce6b/ce6bcccd-55a1-44e2-8737-4a172114acfd.pdf
ce9753a5-59f2-408a-b742-d0e2ca56aff3,EOG_Cooke,TX,s3://enverus-courthouse-prod-chd-plants/tx/eog_cooke/ce97/ce9753a5-59f2-408a-b742-d0e2ca56aff3.pdf
ceb622e0-a417-4a11-b5ac-a3b97309b5a5,EOG_Lea,NM,s3://enverus-courthouse-prod-chd-plants/nm/eog_lea/ceb6/ceb622e0-a417-4a11-b5ac-a3b97309b5a5.pdf
ced5c0f6-d053-4fe4-8ac2-83718a758a1f,EOG_Gonzales,TX,s3://enverus-courthouse-prod-chd-plants/tx/eog_gonzales/ced5/ced5c0f6-d053-4fe4-8ac2-83718a758a1f.pdf
ced8212d-f752-4db9-8c09-5c97027c3a9f,EOG_Atascosa,TX,s3://enverus-courthouse-prod-chd-plants/tx/eog_atascosa/ced8/ced8212d-f752-4db9-8c09-5c97027c3a9f.pdf
cf028233-f267-41fa-acd0-530a6e1dec1c,Crane,TX,s3://enverus-courthouse-prod-chd-plants/tx/crane/cf02/cf028233-f267-41fa-acd0-530a6e1dec1c.pdf
cf2be633-e7f8-4a13-a344-cfe62f23156d,EOG_LaSalle,TX,s3://enverus-courthouse-prod-chd-plants/tx/eog_lasalle/cf2b/cf2be633-e7f8-4a13-a344-cfe62f23156d.pdf
cf31e729-9b69-404a-b2d7-8a530528830c,CHD_Lea,NM,s3://enverus-courthouse-prod-chd-plants/nm/chd_lea/cf31/cf31e729-9b69-404a-b2d7-8a530528830c.pdf
cf689256-81c6-41b5-ba9a-0005858ad599,EOG_Cooke,TX,s3://enverus-courthouse-prod-chd-plants/tx/eog_cooke/cf68/cf689256-81c6-41b5-ba9a-0005858ad599.pdf
cfaa1fa8-1d35-4bd4-bacb-e2c2fc6e2062,EOG_Lea,NM,s3://enverus-courthouse-prod-chd-plants/nm/eog_lea/cfaa/cfaa1fa8-1d35-4bd4-bacb-e2c2fc6e2062.pdf
cfcf057a-ba19-4a8f-ac14-5ffef193772e,CHD_Lea,NM,s3://enverus-courthouse-prod-chd-plants/nm/chd_lea/cfcf/cfcf057a-ba19-4a8f-ac14-5ffef193772e.pdf
cff9c698-a33c-492a-b0e9-4044b9593906,EOG_Atascosa,TX,s3://enverus-courthouse-prod-chd-plants/tx/eog_atascosa/cff9/cff9c698-a33c-492a-b0e9-4044b9593906.pdf
d027364c-79b0-486f-9928-04b4a30fe40f,EOG_Cooke,TX,s3://enverus-courthouse-prod-chd-plants/tx/eog_cooke/d027/d027364c-79b0-486f-9928-04b4a30fe40f.pdf
d072bb04-c7e1-45db-9b3c-40cf4808bc4b,EOG_Gonzales,TX,s3://enverus-courthouse-prod-chd-plants/tx/eog_gonzales/d072/d072bb04-c7e1-45db-9b3c-40cf4808bc4b.pdf
d0af702c-a895-46f9-a6de-8f488cdb8eeb,EOG_Karnes,TX,s3://enverus-courthouse-prod-chd-plants/tx/eog_karnes/d0af/d0af702c-a895-46f9-a6de-8f488cdb8eeb.pdf
d0c73bec-d8c0-4858-9c35-4ab2808f0bdf,EOG_Karnes,TX,s3://enverus-courthouse-prod-chd-plants/tx/eog_karnes/d0c7/d0c73bec-d8c0-4858-9c35-4ab2808f0bdf.pdf
d0cd6512-178f-4661-a3cd-0c7cfe3d3281,EOG_Lea,NM,s3://enverus-courthouse-prod-chd-plants/nm/eog_lea/d0cd/d0cd6512-178f-4661-a3cd-0c7cfe3d3281.pdf
d0e87959-5394-4b51-91ac-67021dbd397d,EOG_Cooke,TX,s3://enverus-courthouse-prod-chd-plants/tx/eog_cooke/d0e8/d0e87959-5394-4b51-91ac-67021dbd397d.pdf
d15170eb-abf9-47f0-b3a7-4486d0394fbc,EOG_Gonzales,TX,s3://enverus-courthouse-prod-chd-plants/tx/eog_gonzales/d151/d15170eb-abf9-47f0-b3a7-4486d0394fbc.pdf
d1642643-775c-4057-b282-49d347668679,EOG_Karnes,TX,s3://enverus-courthouse-prod-chd-plants/tx/eog_karnes/d164/d1642643-775c-4057-b282-49d347668679.pdf
D16D7BDA-76BC-4D41-BB10-0607AE676FA9,TRAINING_Houston,TX,s3://enverus-courthouse-prod-chd-plants/tx/training_houston/D16D/D16D7BDA-76BC-4D41-BB10-0607AE676FA9.pdf
d180d338-f162-45cd-9dd3-fc9872be2ef5,Houston,TX,s3://enverus-courthouse-prod-chd-plants/tx/houston/d180/d180d338-f162-45cd-9dd3-fc9872be2ef5.pdf
d1b0b64f-8a7c-4e10-95d4-de98cbcbb0ee,EOG_Atascosa,TX,s3://enverus-courthouse-prod-chd-plants/tx/eog_atascosa/d1b0/d1b0b64f-8a7c-4e10-95d4-de98cbcbb0ee.pdf
d1b44a0d-cd94-4f5a-bd1b-1d9a7ab61bd8,Luzerne,PA,s3://enverus-courthouse-prod-chd-plants/pa/luzerne/d1b4/d1b44a0d-cd94-4f5a-bd1b-1d9a7ab61bd8.pdf
d1da1cc9-6184-4748-b161-785f02ee75d6,EOG_Lea,NM,s3://enverus-courthouse-prod-chd-plants/nm/eog_lea/d1da/d1da1cc9-6184-4748-b161-785f02ee75d6.pdf
d1e79a35-1d5d-4984-ab61-43b3a7195f9d,EOG_Atascosa,TX,s3://enverus-courthouse-prod-chd-plants/tx/eog_atascosa/d1e7/d1e79a35-1d5d-4984-ab61-43b3a7195f9d.pdf
D1EB0028-38D8-49F5-9AA9-ADA827BF3EC0,TRAINING_Reeves,TX,s3://enverus-courthouse-prod-chd-plants/tx/training_reeves/D1EB/D1EB0028-38D8-49F5-9AA9-ADA827BF3EC0.pdf
d22510c6-f146-4b21-9320-de9f335d45f8,EOG_Cooke,TX,s3://enverus-courthouse-prod-chd-plants/tx/eog_cooke/d225/d22510c6-f146-4b21-9320-de9f335d45f8.pdf
d22d8820-aad5-4a87-97ee-64c3792d5558,EOG_Lea,NM,s3://enverus-courthouse-prod-chd-plants/nm/eog_lea/d22d/d22d8820-aad5-4a87-97ee-64c3792d5558.pdf
d24624ec-95be-464e-99b7-b1330bf4870e,EOG_Gonzales,TX,s3://enverus-courthouse-prod-chd-plants/tx/eog_gonzales/d246/d24624ec-95be-464e-99b7-b1330bf4870e.pdf
d277b67a-b209-429e-a725-f8a466c24fe7,CHD_Lea,NM,s3://enverus-courthouse-prod-chd-plants/nm/chd_lea/d277/d277b67a-b209-429e-a725-f8a466c24fe7.pdf
d282d989-15ed-4a99-a44d-066e1cdef790,EOG_Cooke,TX,s3://enverus-courthouse-prod-chd-plants/tx/eog_cooke/d282/d282d989-15ed-4a99-a44d-066e1cdef790.pdf
d29100b6-3036-4b8b-9b95-10c1972db46a,EOG_Lea,NM,s3://enverus-courthouse-prod-chd-plants/nm/eog_lea/d291/d29100b6-3036-4b8b-9b95-10c1972db46a.pdf
D2EA1D82-FA4D-4EA6-BC8C-D55442810212,TRAINING_Midland,TX,s3://enverus-courthouse-prod-chd-plants/tx/training_midland/D2EA/D2EA1D82-FA4D-4EA6-BC8C-D55442810212.pdf
d30917bd-ef95-4426-9667-6323b73ed706,EOG_Lea,NM,s3://enverus-courthouse-prod-chd-plants/nm/eog_lea/d309/d30917bd-ef95-4426-9667-6323b73ed706.pdf
d31db43e-7476-4bb7-99cf-dee2b22a4e0f,EOG_Cooke,TX,s3://enverus-courthouse-prod-chd-plants/tx/eog_cooke/d31d/d31db43e-7476-4bb7-99cf-dee2b22a4e0f.pdf
d32fd207-c179-4e97-bfac-f250dd429167,EOG_Gonzales,TX,s3://enverus-courthouse-prod-chd-plants/tx/eog_gonzales/d32f/d32fd207-c179-4e97-bfac-f250dd429167.pdf
d343d071-ad5f-4711-a889-17930ad6cf61,EOG_Karnes,TX,s3://enverus-courthouse-prod-chd-plants/tx/eog_karnes/d343/d343d071-ad5f-4711-a889-17930ad6cf61.pdf
d347f332-c43a-4b72-82f6-3dd3abf152e4,Houston,TX,s3://enverus-courthouse-prod-chd-plants/tx/houston/d347/d347f332-c43a-4b72-82f6-3dd3abf152e4.pdf
d3541c04-a14c-4591-bad1-b24d425c7e81,Midland,TX,s3://enverus-courthouse-prod-chd-plants/tx/midland/d354/d3541c04-a14c-4591-bad1-b24d425c7e81.pdf
d3567789-8268-4413-9407-bf6b699d23d6,EOG_Atascosa,TX,s3://enverus-courthouse-prod-chd-plants/tx/eog_atascosa/d356/d3567789-8268-4413-9407-bf6b699d23d6.pdf
d3631564-9d3e-8747-a931-172010d8112f,Burleson,TX,s3://enverus-courthouse-prod-chd-plants/tx/burleson/d363/d3631564-9d3e-8747-a931-172010d8112f.pdf
d39c2c3a-ce55-4bd7-be0f-a94303e3851a,EOG_Cooke,TX,s3://enverus-courthouse-prod-chd-plants/tx/eog_cooke/d39c/d39c2c3a-ce55-4bd7-be0f-a94303e3851a.pdf
D3C311D8-E981-4115-BF91-CE2816EC3A72,TRAINING_Midland,TX,s3://enverus-courthouse-prod-chd-plants/tx/training_midland/D3C3/D3C311D8-E981-4115-BF91-CE2816EC3A72.pdf
d3cc57a8-3618-4a2c-b594-24a1cd845951,EOG_Atascosa,TX,s3://enverus-courthouse-prod-chd-plants/tx/eog_atascosa/d3cc/d3cc57a8-3618-4a2c-b594-24a1cd845951.pdf
d3ed2507-4b7b-4c02-8c3b-cb7816cf8aad,EOG_Karnes,TX,s3://enverus-courthouse-prod-chd-plants/tx/eog_karnes/d3ed/d3ed2507-4b7b-4c02-8c3b-cb7816cf8aad.pdf
d3ee9b90-8329-4b08-833a-3d4bf285875b,EOG_Gonzales,TX,s3://enverus-courthouse-prod-chd-plants/tx/eog_gonzales/d3ee/d3ee9b90-8329-4b08-833a-3d4bf285875b.pdf
d4096f3c-bc8c-4ea2-92bd-7299a612b758,EOG_Lea,NM,s3://enverus-courthouse-prod-chd-plants/nm/eog_lea/d409/d4096f3c-bc8c-4ea2-92bd-7299a612b758.pdf
d44eff35-bece-4a68-a1f9-8e7bb417230a,EOG_Lea,NM,s3://enverus-courthouse-prod-chd-plants/nm/eog_lea/d44e/d44eff35-bece-4a68-a1f9-8e7bb417230a.pdf
d46ac977-b276-4f39-8d22-3f6f5f795cf7,EOG_Gonzales,TX,s3://enverus-courthouse-prod-chd-plants/tx/eog_gonzales/d46a/d46ac977-b276-4f39-8d22-3f6f5f795cf7.pdf
d4982591-f2bb-4ae4-834d-699ece385ea8,EOG_Karnes,TX,s3://enverus-courthouse-prod-chd-plants/tx/eog_karnes/d498/d4982591-f2bb-4ae4-834d-699ece385ea8.pdf
d4b5aaa2-50ed-4bfb-b5fc-a7dff412702c,EOG_Lea,NM,s3://enverus-courthouse-prod-chd-plants/nm/eog_lea/d4b5/d4b5aaa2-50ed-4bfb-b5fc-a7dff412702c.pdf
d4cedc90-6b8b-4975-9123-00068c9e88b5,Bell,TX,s3://enverus-courthouse-prod-chd-plants/tx/bell/d4ce/d4cedc90-6b8b-4975-9123-00068c9e88b5.pdf
d4ee9ca7-0a7a-41f6-8021-b22326806f9e,EOG_Cooke,TX,s3://enverus-courthouse-prod-chd-plants/tx/eog_cooke/d4ee/d4ee9ca7-0a7a-41f6-8021-b22326806f9e.pdf
D51A1A03-2FB6-4520-9193-1E39BCFF5C3A,TRAINING_Walker,TX,s3://enverus-courthouse-prod-chd-plants/tx/training_walker/D51A/D51A1A03-2FB6-4520-9193-1E39BCFF5C3A.pdf
d58577f9-d7f9-41f4-8c89-a9d0c15f276f,EOG_Atascosa,TX,s3://enverus-courthouse-prod-chd-plants/tx/eog_atascosa/d585/d58577f9-d7f9-41f4-8c89-a9d0c15f276f.pdf
d58de823-843c-41ce-9c2b-4ec9097ac391,EOG_McMullen,TX,s3://enverus-courthouse-prod-chd-plants/tx/eog_mcmullen/d58d/d58de823-843c-41ce-9c2b-4ec9097ac391.pdf
D58F1064-6D22-4D66-B22E-037F2F7AC862,TRAINING_Howard,TX,s3://enverus-courthouse-prod-chd-plants/tx/training_howard/D58F/D58F1064-6D22-4D66-B22E-037F2F7AC862.pdf
d5af1176-2cce-4d3a-8656-1aba0286a495,EOG_Cooke,TX,s3://enverus-courthouse-prod-chd-plants/tx/eog_cooke/d5af/d5af1176-2cce-4d3a-8656-1aba0286a495.pdf
d5d7c483-ac50-42a8-837b-b44e7949e1ed,EOG_Atascosa,TX,s3://enverus-courthouse-prod-chd-plants/tx/eog_atascosa/d5d7/d5d7c483-ac50-42a8-837b-b44e7949e1ed.pdf
d608670a-9285-4c68-aad1-822a19630806,Doddridge,WV,s3://enverus-courthouse-prod-chd-plants/wv/doddridge/d608/d608670a-9285-4c68-aad1-822a19630806.pdf
d61c1e25-ed6a-44b6-b28c-c77715e69fe7,EOG_Gonzales,TX,s3://enverus-courthouse-prod-chd-plants/tx/eog_gonzales/d61c/d61c1e25-ed6a-44b6-b28c-c77715e69fe7.pdf
d677e8a9-29a2-4682-8ef6-2be80a69c183,EOG_Cooke,TX,s3://enverus-courthouse-prod-chd-plants/tx/eog_cooke/d677/d677e8a9-29a2-4682-8ef6-2be80a69c183.pdf
D6817B77-A1E3-46D2-971D-A37A4A3C1174,TRAINING_Upton,TX,s3://enverus-courthouse-prod-chd-plants/tx/training_upton/D681/D6817B77-A1E3-46D2-971D-A37A4A3C1174.pdf
d6852fbe-6c7d-40d0-8f72-aa7895ba6fdd,EOG_Lea,NM,s3://enverus-courthouse-prod-chd-plants/nm/eog_lea/d685/d6852fbe-6c7d-40d0-8f72-aa7895ba6fdd.pdf
d6996361-ad79-4f8b-93fd-72fa41d3f462,CHD_Lea,NM,s3://enverus-courthouse-prod-chd-plants/nm/chd_lea/d699/d6996361-ad79-4f8b-93fd-72fa41d3f462.pdf
d6ef2824-1da9-427b-9599-8b63c9b8270c,EOG_Lea,NM,s3://enverus-courthouse-prod-chd-plants/nm/eog_lea/d6ef/d6ef2824-1da9-427b-9599-8b63c9b8270c.pdf
d6f2435a-d0e9-11ec-b285-00505681224b,Garfield,OK,s3://enverus-courthouse-prod-chd-plants/ok/garfield/d6f2/d6f2435a-d0e9-11ec-b285-00505681224b.pdf
d7180c53-0dd1-42d8-b083-7881e709c416,EOG_Lea,NM,s3://enverus-courthouse-prod-chd-plants/nm/eog_lea/d718/d7180c53-0dd1-42d8-b083-7881e709c416.pdf
d7319888-36e4-4fa6-878f-a39930481944,EOG_Cooke,TX,s3://enverus-courthouse-prod-chd-plants/tx/eog_cooke/d731/d7319888-36e4-4fa6-878f-a39930481944.pdf
d7961d04-8437-4846-ad93-e5a514cf4b91,Houston,TX,s3://enverus-courthouse-prod-chd-plants/tx/houston/d796/d7961d04-8437-4846-ad93-e5a514cf4b91.pdf
d7a4ba2b-c8a8-4111-a932-a6517ce630f6,Midland,TX,s3://enverus-courthouse-prod-chd-plants/tx/midland/d7a4/d7a4ba2b-c8a8-4111-a932-a6517ce630f6.pdf
d7a823fd-6f9a-45c7-af1e-7bf746546961,EOG_Lea,NM,s3://enverus-courthouse-prod-chd-plants/nm/eog_lea/d7a8/d7a823fd-6f9a-45c7-af1e-7bf746546961.pdf
d7cb571e-f9f9-44e6-aa8f-4a5a3bd5dcca,EOG_Lea,NM,s3://enverus-courthouse-prod-chd-plants/nm/eog_lea/d7cb/d7cb571e-f9f9-44e6-aa8f-4a5a3bd5dcca.pdf
d7eda311-cf35-40e1-8d23-74cd2e4972a4,EOG_Lea,NM,s3://enverus-courthouse-prod-chd-plants/nm/eog_lea/d7ed/d7eda311-cf35-40e1-8d23-74cd2e4972a4.pdf
d80bb7c7-909a-4e7a-9821-718b699731f7,EOG_Karnes,TX,s3://enverus-courthouse-prod-chd-plants/tx/eog_karnes/d80b/d80bb7c7-909a-4e7a-9821-718b699731f7.pdf
d8140b47-ff9d-4aa4-8867-4fde6dbff710,Houston,TX,s3://enverus-courthouse-prod-chd-plants/tx/houston/d814/d8140b47-ff9d-4aa4-8867-4fde6dbff710.pdf
D833E34D-5C3F-4B2C-AF7C-38BF98828B03,TRAINING_Crockett,TX,s3://enverus-courthouse-prod-chd-plants/tx/training_crockett/D833/D833E34D-5C3F-4B2C-AF7C-38BF98828B03.pdf
d842f04e-f039-4e37-8738-dccf15053235,EOG_Lea,NM,s3://enverus-courthouse-prod-chd-plants/nm/eog_lea/d842/d842f04e-f039-4e37-8738-dccf15053235.pdf
D8643829-FCC2-4F43-950F-E511287C5263,TRAINING_Grimes,TX,s3://enverus-courthouse-prod-chd-plants/tx/training_grimes/D864/D8643829-FCC2-4F43-950F-E511287C5263.pdf
d864aaf7-4ca2-4913-8dd7-e253634a7ffa,EOG_Gonzales,TX,s3://enverus-courthouse-prod-chd-plants/tx/eog_gonzales/d864/d864aaf7-4ca2-4913-8dd7-e253634a7ffa.pdf
d86d663e-7d14-49cd-9362-bca0c27852eb,EOG_Cooke,TX,s3://enverus-courthouse-prod-chd-plants/tx/eog_cooke/d86d/d86d663e-7d14-49cd-9362-bca0c27852eb.pdf
d871028a-7550-449c-8803-e8c459338682,EOG_Atascosa,TX,s3://enverus-courthouse-prod-chd-plants/tx/eog_atascosa/d871/d871028a-7550-449c-8803-e8c459338682.pdf
d8c39546-2ac0-43b3-8a3a-4f1b8cad3829,Houston,TX,s3://enverus-courthouse-prod-chd-plants/tx/houston/d8c3/d8c39546-2ac0-43b3-8a3a-4f1b8cad3829.pdf
d8c89107-0064-4f3c-96f4-98bd6b4b1109,EOG_Lea,NM,s3://enverus-courthouse-prod-chd-plants/nm/eog_lea/d8c8/d8c89107-0064-4f3c-96f4-98bd6b4b1109.pdf
d90ef1a5-ad25-4c69-841e-1c8115e6b759,EOG_Gonzales,TX,s3://enverus-courthouse-prod-chd-plants/tx/eog_gonzales/d90e/d90ef1a5-ad25-4c69-841e-1c8115e6b759.pdf
d926de3d-4663-4ee1-b312-7baea82ddfca,EOG_Karnes,TX,s3://enverus-courthouse-prod-chd-plants/tx/eog_karnes/d926/d926de3d-4663-4ee1-b312-7baea82ddfca.pdf
D9403CEA-B261-437F-9853-EDB373A0D722,TRAINING_Midland,TX,s3://enverus-courthouse-prod-chd-plants/tx/training_midland/D940/D9403CEA-B261-437F-9853-EDB373A0D722.pdf
d943666e-7d9b-49a9-a0fa-ffdece9ca6d2,EOG_Gonzales,TX,s3://enverus-courthouse-prod-chd-plants/tx/eog_gonzales/d943/d943666e-7d9b-49a9-a0fa-ffdece9ca6d2.pdf
D96D59F5-4EC9-44BD-BC74-FF6D47996C79,TRAINING_Crockett,TX,s3://enverus-courthouse-prod-chd-plants/tx/training_crockett/D96D/D96D59F5-4EC9-44BD-BC74-FF6D47996C79.pdf
d9886bd6-7fca-4a97-b74f-801f43dca5dd,EOG_Karnes,TX,s3://enverus-courthouse-prod-chd-plants/tx/eog_karnes/d988/d9886bd6-7fca-4a97-b74f-801f43dca5dd.pdf
d9940a15-ecef-47e8-9700-2c4de2ac4251,EOG_Karnes,TX,s3://enverus-courthouse-prod-chd-plants/tx/eog_karnes/d994/d9940a15-ecef-47e8-9700-2c4de2ac4251.pdf
d9b4635d-9fb3-d84e-83ef-fd821a5ec362,Walker,TX,s3://enverus-courthouse-prod-chd-plants/tx/walker/d9b4/d9b4635d-9fb3-d84e-83ef-fd821a5ec362.pdf
d9cd907d-d4ee-440e-9ae7-c67b1f7d5572,EOG_LaSalle,TX,s3://enverus-courthouse-prod-chd-plants/tx/eog_lasalle/d9cd/d9cd907d-d4ee-440e-9ae7-c67b1f7d5572.pdf
da2fd569-d43e-400b-b147-cd06cd789dfc,EOG_LaSalle,TX,s3://enverus-courthouse-prod-chd-plants/tx/eog_lasalle/da2f/da2fd569-d43e-400b-b147-cd06cd789dfc.pdf
da30301e-5f1c-794f-b0bd-f3bfca6f5503,Midland,TX,s3://enverus-courthouse-prod-chd-plants/tx/midland/da30/da30301e-5f1c-794f-b0bd-f3bfca6f5503.pdf
da31d820-2d9c-4a3b-864a-c1d3ab3ae42d,Houston,TX,s3://enverus-courthouse-prod-chd-plants/tx/houston/da31/da31d820-2d9c-4a3b-864a-c1d3ab3ae42d.pdf
da66cddf-af64-4ffb-a587-91448a8c7811,CHD_Lea,NM,s3://enverus-courthouse-prod-chd-plants/nm/chd_lea/da66/da66cddf-af64-4ffb-a587-91448a8c7811.pdf
da84832d-f0d5-48fa-9dda-b3a64f8797c5,CHD_Lea,NM,s3://enverus-courthouse-prod-chd-plants/nm/chd_lea/da84/da84832d-f0d5-48fa-9dda-b3a64f8797c5.pdf
da9bb387-7167-4923-b676-2e2c14694514,EOG_Cooke,TX,s3://enverus-courthouse-prod-chd-plants/tx/eog_cooke/da9b/da9bb387-7167-4923-b676-2e2c14694514.pdf
DAA0C360-1B3B-4DD1-855E-7A3D4A4ADE47,TRAINING_Grimes,TX,s3://enverus-courthouse-prod-chd-plants/tx/training_grimes/DAA0/DAA0C360-1B3B-4DD1-855E-7A3D4A4ADE47.pdf
dad6231e-1379-480d-97b5-75bab53b9aa9,EOG_Lea,NM,s3://enverus-courthouse-prod-chd-plants/nm/eog_lea/dad6/dad6231e-1379-480d-97b5-75bab53b9aa9.pdf
db13f4f2-1491-4927-98ed-a820d0a6cfa7,Houston,TX,s3://enverus-courthouse-prod-chd-plants/tx/houston/db13/db13f4f2-1491-4927-98ed-a820d0a6cfa7.pdf
db149d7f-4c29-489b-afae-c775aaac20c1,EOG_Cooke,TX,s3://enverus-courthouse-prod-chd-plants/tx/eog_cooke/db14/db149d7f-4c29-489b-afae-c775aaac20c1.pdf
db290295-a9e7-8548-a86d-bf46e22f2b35,Eddy,NM,s3://enverus-courthouse-prod-chd-plants/nm/eddy/db29/db290295-a9e7-8548-a86d-bf46e22f2b35.pdf
db336b42-bfb1-4686-95e2-e0f9ef46bdd5,CHD_Lea,NM,s3://enverus-courthouse-prod-chd-plants/nm/chd_lea/db33/db336b42-bfb1-4686-95e2-e0f9ef46bdd5.pdf
db43d747-90f3-435d-b727-d0c23debd1d0,EOG_Lea,NM,s3://enverus-courthouse-prod-chd-plants/nm/eog_lea/db43/db43d747-90f3-435d-b727-d0c23debd1d0.pdf
db750a88-a796-494c-a67c-caef585f1a7f,EOG_Lea,NM,s3://enverus-courthouse-prod-chd-plants/nm/eog_lea/db75/db750a88-a796-494c-a67c-caef585f1a7f.pdf
db898cbd-5df6-d144-b2ba-44261797d6a2,Burleson,TX,s3://enverus-courthouse-prod-chd-plants/tx/burleson/db89/db898cbd-5df6-d144-b2ba-44261797d6a2.pdf
db9415db-05c2-499e-bf70-2fa7f8cfbe52,EOG_Lea,NM,s3://enverus-courthouse-prod-chd-plants/nm/eog_lea/db94/db9415db-05c2-499e-bf70-2fa7f8cfbe52.pdf
dba4a264-a2ea-4b3b-a37e-ceb6c4fd1dd5,EOG_Lea,NM,s3://enverus-courthouse-prod-chd-plants/nm/eog_lea/dba4/dba4a264-a2ea-4b3b-a37e-ceb6c4fd1dd5.pdf
dbd1ab1d-2881-4dbf-94ea-a49c1437aa34,EOG_LaSalle,TX,s3://enverus-courthouse-prod-chd-plants/tx/eog_lasalle/dbd1/dbd1ab1d-2881-4dbf-94ea-a49c1437aa34.pdf
dbd5b81c-43de-4422-a8ae-9d8d9f726677,EOG_Cooke,TX,s3://enverus-courthouse-prod-chd-plants/tx/eog_cooke/dbd5/dbd5b81c-43de-4422-a8ae-9d8d9f726677.pdf
dbd8d88e-b180-40f4-a23c-2ea3fd40550c,EOG_Lea,NM,s3://enverus-courthouse-prod-chd-plants/nm/eog_lea/dbd8/dbd8d88e-b180-40f4-a23c-2ea3fd40550c.pdf
dc0ae88e-dc03-4604-aa00-fafef26a7ba5,EOG_Atascosa,TX,s3://enverus-courthouse-prod-chd-plants/tx/eog_atascosa/dc0a/dc0ae88e-dc03-4604-aa00-fafef26a7ba5.pdf
dc0b81bd-ae26-4b20-8d4b-b1d3ac3940d8,EOG_Gonzales,TX,s3://enverus-courthouse-prod-chd-plants/tx/eog_gonzales/dc0b/dc0b81bd-ae26-4b20-8d4b-b1d3ac3940d8.pdf
dc4e4b43-537d-43aa-8a8d-50f65d68167a,EOG_Cooke,TX,s3://enverus-courthouse-prod-chd-plants/tx/eog_cooke/dc4e/dc4e4b43-537d-43aa-8a8d-50f65d68167a.pdf
dc64c8e4-dc3b-4885-8b76-9ae12c1fcd09,EOG_Gonzales,TX,s3://enverus-courthouse-prod-chd-plants/tx/eog_gonzales/dc64/dc64c8e4-dc3b-4885-8b76-9ae12c1fcd09.pdf
dc7564ad-e616-411d-8b75-44b1321af108,EOG_Cooke,TX,s3://enverus-courthouse-prod-chd-plants/tx/eog_cooke/dc75/dc7564ad-e616-411d-8b75-44b1321af108.pdf
dc9a1d6e-2f04-4991-83e9-c7aca5573135,Robertson,TX,s3://enverus-courthouse-prod-chd-plants/tx/robertson/dc9a/dc9a1d6e-2f04-4991-83e9-c7aca5573135.pdf
dca12664-89d9-4f19-af46-dc489bf9bc00,CHD_Lea,NM,s3://enverus-courthouse-prod-chd-plants/nm/chd_lea/dca1/dca12664-89d9-4f19-af46-dc489bf9bc00.pdf
dcba4c54-d1f2-4c5a-a07d-0b27c043f8eb,EOG_Lea,NM,s3://enverus-courthouse-prod-chd-plants/nm/eog_lea/dcba/dcba4c54-d1f2-4c5a-a07d-0b27c043f8eb.pdf
dd139d5f-98a2-4bdc-87b6-686342429e30,EOG_Cooke,TX,s3://enverus-courthouse-prod-chd-plants/tx/eog_cooke/dd13/dd139d5f-98a2-4bdc-87b6-686342429e30.pdf
dd377861-9a0c-4eb6-809a-751ca73dc455,EOG_Gonzales,TX,s3://enverus-courthouse-prod-chd-plants/tx/eog_gonzales/dd37/dd377861-9a0c-4eb6-809a-751ca73dc455.pdf
DD3B7771-0097-4950-AB6B-534737149A22,TRAINING_Karnes,TX,s3://enverus-courthouse-prod-chd-plants/tx/training_karnes/DD3B/DD3B7771-0097-4950-AB6B-534737149A22.pdf
dd5fcb59-4d13-4195-b09d-81801ed38a45,EOG_Cooke,TX,s3://enverus-courthouse-prod-chd-plants/tx/eog_cooke/dd5f/dd5fcb59-4d13-4195-b09d-81801ed38a45.pdf
dd95151f-e499-4fb0-82fc-7f9f2d83a5f1,EOG_Lea,NM,s3://enverus-courthouse-prod-chd-plants/nm/eog_lea/dd95/dd95151f-e499-4fb0-82fc-7f9f2d83a5f1.pdf
DDFB116B-FC00-4A29-B6CC-E39F8259290D,TRAINING_Midland,TX,s3://enverus-courthouse-prod-chd-plants/tx/training_midland/DDFB/DDFB116B-FC00-4A29-B6CC-E39F8259290D.pdf
de243444-21b1-4677-8f9a-54341d6b8d09,EOG_Cooke,TX,s3://enverus-courthouse-prod-chd-plants/tx/eog_cooke/de24/de243444-21b1-4677-8f9a-54341d6b8d09.pdf
DE3819EF-85F7-4C19-B33C-8EF7337B515A,TRAINING_Howard,TX,s3://enverus-courthouse-prod-chd-plants/tx/training_howard/DE38/DE3819EF-85F7-4C19-B33C-8EF7337B515A.pdf
de65bde2-ef96-4049-902e-efc605b6b963,EOG_Atascosa,TX,s3://enverus-courthouse-prod-chd-plants/tx/eog_atascosa/de65/de65bde2-ef96-4049-902e-efc605b6b963.pdf
de7b04c7-2d12-492d-93f2-43e53ca30c52,CHD_Lea,NM,s3://enverus-courthouse-prod-chd-plants/nm/chd_lea/de7b/de7b04c7-2d12-492d-93f2-43e53ca30c52.pdf
de8231e4-6fe5-426b-877e-ecd46f06a399,EOG_Lea,NM,s3://enverus-courthouse-prod-chd-plants/nm/eog_lea/de82/de8231e4-6fe5-426b-877e-ecd46f06a399.pdf
de918a8b-40ea-4b57-8eb8-0e9819431ac0,EOG_Atascosa,TX,s3://enverus-courthouse-prod-chd-plants/tx/eog_atascosa/de91/de918a8b-40ea-4b57-8eb8-0e9819431ac0.pdf
ded287f4-5c6b-4ec2-9b76-50b32683fd83,EOG_McMullen,TX,s3://enverus-courthouse-prod-chd-plants/tx/eog_mcmullen/ded2/ded287f4-5c6b-4ec2-9b76-50b32683fd83.pdf
deffe21e-0cdc-49d5-85dd-4393f30fe814,EOG_Lea,NM,s3://enverus-courthouse-prod-chd-plants/nm/eog_lea/deff/deffe21e-0cdc-49d5-85dd-4393f30fe814.pdf
df04e493-5f65-48d9-b187-84896d4c9e4e,CHD_Lea,NM,s3://enverus-courthouse-prod-chd-plants/nm/chd_lea/df04/df04e493-5f65-48d9-b187-84896d4c9e4e.pdf
df1d408a-3b94-4376-a58c-9c1923e88617,Lea,NM,s3://enverus-courthouse-prod-chd-plants/nm/lea/df1d/df1d408a-3b94-4376-a58c-9c1923e88617.pdf
df258507-4de1-48f9-94f9-dbd65ad13758,EOG_LaSalle,TX,s3://enverus-courthouse-prod-chd-plants/tx/eog_lasalle/df25/df258507-4de1-48f9-94f9-dbd65ad13758.pdf
df3102be-ea30-4929-bb7b-8b30dcf6aec0,Nueces,TX,s3://enverus-courthouse-prod-chd-plants/tx/nueces/df31/df3102be-ea30-4929-bb7b-8b30dcf6aec0.pdf
df5948e0-5f89-448e-918a-19964e1dc920,EOG_Atascosa,TX,s3://enverus-courthouse-prod-chd-plants/tx/eog_atascosa/df59/df5948e0-5f89-448e-918a-19964e1dc920.pdf
df6ee2ac-9180-4f33-aa7d-755224629f3a,EOG_LaSalle,TX,s3://enverus-courthouse-prod-chd-plants/tx/eog_lasalle/df6e/df6ee2ac-9180-4f33-aa7d-755224629f3a.pdf
df9d9fea-58e4-48e1-9e23-070cba45cad0,EOG_Gonzales,TX,s3://enverus-courthouse-prod-chd-plants/tx/eog_gonzales/df9d/df9d9fea-58e4-48e1-9e23-070cba45cad0.pdf
dfb37f56-66e1-49f6-9c8a-b796af061ae5,EOG_Cooke,TX,s3://enverus-courthouse-prod-chd-plants/tx/eog_cooke/dfb3/dfb37f56-66e1-49f6-9c8a-b796af061ae5.pdf
dfce5def-6898-4b06-9a7e-84dabab60d13,EOG_LaSalle,TX,s3://enverus-courthouse-prod-chd-plants/tx/eog_lasalle/dfce/dfce5def-6898-4b06-9a7e-84dabab60d13.pdf
DFD1AF23-AC70-4ACC-9BFE-4B0856285AFB,TRAINING_Pecos,TX,s3://enverus-courthouse-prod-chd-plants/tx/training_pecos/DFD1/DFD1AF23-AC70-4ACC-9BFE-4B0856285AFB.pdf
dfd8d692-40b1-444f-b2f6-24dab97aba4e,EOG_LaSalle,TX,s3://enverus-courthouse-prod-chd-plants/tx/eog_lasalle/dfd8/dfd8d692-40b1-444f-b2f6-24dab97aba4e.pdf
dfddc202-bd27-4e76-816c-bfd5545a2578,EOG_Gonzales,TX,s3://enverus-courthouse-prod-chd-plants/tx/eog_gonzales/dfdd/dfddc202-bd27-4e76-816c-bfd5545a2578.pdf
dfe82544-1145-4af1-82a7-c1739e55275d,EOG_Gonzales,TX,s3://enverus-courthouse-prod-chd-plants/tx/eog_gonzales/dfe8/dfe82544-1145-4af1-82a7-c1739e55275d.pdf
E0042CCC-943A-4255-9CBF-3DE68763420D,TRAINING_Crockett,TX,s3://enverus-courthouse-prod-chd-plants/tx/training_crockett/E004/E0042CCC-943A-4255-9CBF-3DE68763420D.pdf
e0310b2b-fd3e-4621-9202-5afc08f02876,EOG_Cooke,TX,s3://enverus-courthouse-prod-chd-plants/tx/eog_cooke/e031/e0310b2b-fd3e-4621-9202-5afc08f02876.pdf
e0371387-4d0f-4d27-9b32-455805858a8a,EOG_Atascosa,TX,s3://enverus-courthouse-prod-chd-plants/tx/eog_atascosa/e037/e0371387-4d0f-4d27-9b32-455805858a8a.pdf
e04b60a0-7e45-4db4-8b7d-a0b9d99618e6,EOG_Karnes,TX,s3://enverus-courthouse-prod-chd-plants/tx/eog_karnes/e04b/e04b60a0-7e45-4db4-8b7d-a0b9d99618e6.pdf
E059A97E-6804-448B-A47D-DCE51BE42F88,TRAINING_Jasper,TX,s3://enverus-courthouse-prod-chd-plants/tx/training_jasper/E059/E059A97E-6804-448B-A47D-DCE51BE42F88.pdf
e0626dcc-c40b-4a78-af42-a1e5cf102725,EOG_Karnes,TX,s3://enverus-courthouse-prod-chd-plants/tx/eog_karnes/e062/e0626dcc-c40b-4a78-af42-a1e5cf102725.pdf
e071815b-a150-420f-904a-51002620af58,Walker,TX,s3://enverus-courthouse-prod-chd-plants/tx/walker/e071/e071815b-a150-420f-904a-51002620af58.pdf
e072c30d-2e0d-4a2a-b41c-7d775d31403c,Robertson,TX,s3://enverus-courthouse-prod-chd-plants/tx/robertson/e072/e072c30d-2e0d-4a2a-b41c-7d775d31403c.pdf
e0d20f52-5445-4446-8294-67da710987d0,EOG_Karnes,TX,s3://enverus-courthouse-prod-chd-plants/tx/eog_karnes/e0d2/e0d20f52-5445-4446-8294-67da710987d0.pdf
e1096099-3650-46c3-9a91-d9a1de741f46,Houston,TX,s3://enverus-courthouse-prod-chd-plants/tx/houston/e109/e1096099-3650-46c3-9a91-d9a1de741f46.pdf
e109e46b-7f2d-477b-b9e4-2552abfa928d,EOG_Cooke,TX,s3://enverus-courthouse-prod-chd-plants/tx/eog_cooke/e109/e109e46b-7f2d-477b-b9e4-2552abfa928d.pdf
e11043d4-abfc-4ebc-9429-4167ab662433,EOG_Cooke,TX,s3://enverus-courthouse-prod-chd-plants/tx/eog_cooke/e110/e11043d4-abfc-4ebc-9429-4167ab662433.pdf
e11c50bc-9cfe-499b-8feb-93b5ec712f12,EOG_Lea,NM,s3://enverus-courthouse-prod-chd-plants/nm/eog_lea/e11c/e11c50bc-9cfe-499b-8feb-93b5ec712f12.pdf
e143ea2b-1f68-48d9-b3b8-2670bb62951f,Crane,TX,s3://enverus-courthouse-prod-chd-plants/tx/crane/e143/e143ea2b-1f68-48d9-b3b8-2670bb62951f.pdf
e15e8786-fe01-42c2-87ce-a754c5f9819f,EOG_Cooke,TX,s3://enverus-courthouse-prod-chd-plants/tx/eog_cooke/e15e/e15e8786-fe01-42c2-87ce-a754c5f9819f.pdf
e15ea8ff-a9bb-4bdc-9bd7-ad6445e97bef,EOG_Cooke,TX,s3://enverus-courthouse-prod-chd-plants/tx/eog_cooke/e15e/e15ea8ff-a9bb-4bdc-9bd7-ad6445e97bef.pdf
E16379C9-FEA2-44DD-BFA3-A75E3E0903D9,TRAINING_Crockett,TX,s3://enverus-courthouse-prod-chd-plants/tx/training_crockett/E163/E16379C9-FEA2-44DD-BFA3-A75E3E0903D9.pdf
E171E303-F534-4566-984B-C59973246C88,TRAINING_Live Oak,TX,s3://enverus-courthouse-prod-chd-plants/tx/training_live oak/E171/E171E303-F534-4566-984B-C59973246C88.pdf
E1964FDF-4FF5-447E-BEEC-EFFB591CC35F,TRAINING_Ward,TX,s3://enverus-courthouse-prod-chd-plants/tx/training_ward/E196/E1964FDF-4FF5-447E-BEEC-EFFB591CC35F.pdf
e231deb0-9236-4af8-b18a-22a0cd319467,EOG_Lea,NM,s3://enverus-courthouse-prod-chd-plants/nm/eog_lea/e231/e231deb0-9236-4af8-b18a-22a0cd319467.pdf
e24aa35f-637b-4990-8152-fb722c1efdc5,EOG_Cooke,TX,s3://enverus-courthouse-prod-chd-plants/tx/eog_cooke/e24a/e24aa35f-637b-4990-8152-fb722c1efdc5.pdf
e25460ef-5c69-4aa8-81b0-638f167d73b0,EOG_Cooke,TX,s3://enverus-courthouse-prod-chd-plants/tx/eog_cooke/e254/e25460ef-5c69-4aa8-81b0-638f167d73b0.pdf
e27c677f-19b5-4fd7-98a4-dcd55898ef73,EOG_Gonzales,TX,s3://enverus-courthouse-prod-chd-plants/tx/eog_gonzales/e27c/e27c677f-19b5-4fd7-98a4-dcd55898ef73.pdf
e2847d82-2e5a-4473-a446-7816f6ec8ff2,Hood,TX,s3://enverus-courthouse-prod-chd-plants/tx/hood/e284/e2847d82-2e5a-4473-a446-7816f6ec8ff2.pdf
E28585A5-5E5E-4CFC-BB34-0DCDCB57BE93,TRAINING_Eddy,NM,s3://enverus-courthouse-prod-chd-plants/nm/training_eddy/E285/E28585A5-5E5E-4CFC-BB34-0DCDCB57BE93.pdf
e2b770c8-1256-4bbe-a1e0-5990d0d40f9c,EOG_Gonzales,TX,s3://enverus-courthouse-prod-chd-plants/tx/eog_gonzales/e2b7/e2b770c8-1256-4bbe-a1e0-5990d0d40f9c.pdf
e2b8d7c0-eed2-458f-93fa-de7a26b53964,EOG_Cooke,TX,s3://enverus-courthouse-prod-chd-plants/tx/eog_cooke/e2b8/e2b8d7c0-eed2-458f-93fa-de7a26b53964.pdf
E2D0D40B-183E-4CE6-8F97-9A3D36CBD72D,TRAINING_Glasscock,TX,s3://enverus-courthouse-prod-chd-plants/tx/training_glasscock/E2D0/E2D0D40B-183E-4CE6-8F97-9A3D36CBD72D.pdf
e2e6212f-863e-4106-bcff-178757cccadd,CHD_Lea,NM,s3://enverus-courthouse-prod-chd-plants/nm/chd_lea/e2e6/e2e6212f-863e-4106-bcff-178757cccadd.pdf
E31FECFB-5F22-432D-80B3-F6D517D5929A,TRAINING_Montague,TX,s3://enverus-courthouse-prod-chd-plants/tx/training_montague/E31F/E31FECFB-5F22-432D-80B3-F6D517D5929A.pdf
e374e587-874d-4310-b0b4-ea9f3b94ff46,EOG_Lea,NM,s3://enverus-courthouse-prod-chd-plants/nm/eog_lea/e374/e374e587-874d-4310-b0b4-ea9f3b94ff46.pdf
e37aa9a5-525d-4182-a0ca-5151b0e2379c,Crane,TX,s3://enverus-courthouse-prod-chd-plants/tx/crane/e37a/e37aa9a5-525d-4182-a0ca-5151b0e2379c.pdf
e39e850d-a7d4-4a42-a06f-da4fedaf61fd,EOG_Cooke,TX,s3://enverus-courthouse-prod-chd-plants/tx/eog_cooke/e39e/e39e850d-a7d4-4a42-a06f-da4fedaf61fd.pdf
e3a75b60-f850-48a7-835c-8068d4cd1bf2,EOG_Cooke,TX,s3://enverus-courthouse-prod-chd-plants/tx/eog_cooke/e3a7/e3a75b60-f850-48a7-835c-8068d4cd1bf2.pdf
e3b10e82-4bc3-4d1b-b154-cdea39d35ebd,EOG_Lea,NM,s3://enverus-courthouse-prod-chd-plants/nm/eog_lea/e3b1/e3b10e82-4bc3-4d1b-b154-cdea39d35ebd.pdf
e3c647b6-a2a3-4f53-881b-462d5882a468,EOG_Cooke,TX,s3://enverus-courthouse-prod-chd-plants/tx/eog_cooke/e3c6/e3c647b6-a2a3-4f53-881b-462d5882a468.pdf
e41d8753-1ed1-4fbb-a230-05806c34e173,EOG_Lea,NM,s3://enverus-courthouse-prod-chd-plants/nm/eog_lea/e41d/e41d8753-1ed1-4fbb-a230-05806c34e173.pdf
e45e326a-a379-4d78-b971-fb8775df8bd7,EOG_Lea,NM,s3://enverus-courthouse-prod-chd-plants/nm/eog_lea/e45e/e45e326a-a379-4d78-b971-fb8775df8bd7.pdf
e4a2f980-49eb-44e7-bace-1b7102400236,EOG_Gonzales,TX,s3://enverus-courthouse-prod-chd-plants/tx/eog_gonzales/e4a2/e4a2f980-49eb-44e7-bace-1b7102400236.pdf
e4fa9683-fd87-4273-a45c-21466992c22d,Crane,TX,s3://enverus-courthouse-prod-chd-plants/tx/crane/e4fa/e4fa9683-fd87-4273-a45c-21466992c22d.pdf
e5011c9d-5cfd-4704-aaa6-60d9dcbe881b,EOG_Karnes,TX,s3://enverus-courthouse-prod-chd-plants/tx/eog_karnes/e501/e5011c9d-5cfd-4704-aaa6-60d9dcbe881b.pdf
e526b672-ea96-4dd4-8209-dd0e0038db6b,EOG_Cooke,TX,s3://enverus-courthouse-prod-chd-plants/tx/eog_cooke/e526/e526b672-ea96-4dd4-8209-dd0e0038db6b.pdf
e52d9e09-d61d-4aa4-a489-934423c2e054,Houston,TX,s3://enverus-courthouse-prod-chd-plants/tx/houston/e52d/e52d9e09-d61d-4aa4-a489-934423c2e054.pdf
e52f134c-0fef-47ce-a335-b3a5385e3449,EOG_Atascosa,TX,s3://enverus-courthouse-prod-chd-plants/tx/eog_atascosa/e52f/e52f134c-0fef-47ce-a335-b3a5385e3449.pdf
e5475807-10ef-4817-8eec-81a5ceaff482,EOG_Gonzales,TX,s3://enverus-courthouse-prod-chd-plants/tx/eog_gonzales/e547/e5475807-10ef-4817-8eec-81a5ceaff482.pdf
e56d4d39-975a-4c2f-90d7-2941ee1c6d42,EOG_Lea,NM,s3://enverus-courthouse-prod-chd-plants/nm/eog_lea/e56d/e56d4d39-975a-4c2f-90d7-2941ee1c6d42.pdf
e576db46-65cd-4544-8876-56c382977c98,EOG_Lea,NM,s3://enverus-courthouse-prod-chd-plants/nm/eog_lea/e576/e576db46-65cd-4544-8876-56c382977c98.pdf
E59D7C0C-5EAB-4CE9-B1E0-BE4AD6156121,TRAINING_Midland,TX,s3://enverus-courthouse-prod-chd-plants/tx/training_midland/E59D/E59D7C0C-5EAB-4CE9-B1E0-BE4AD6156121.pdf
e5adffe9-21a1-3d44-b952-1d7892baab99,Robertson,TX,s3://enverus-courthouse-prod-chd-plants/tx/robertson/e5ad/e5adffe9-21a1-3d44-b952-1d7892baab99.pdf
e5f48934-b05a-45a5-b1da-afc3e1a264bc,EOG_Cooke,TX,s3://enverus-courthouse-prod-chd-plants/tx/eog_cooke/e5f4/e5f48934-b05a-45a5-b1da-afc3e1a264bc.pdf
e645e1d6-1dda-40fe-8a52-e5dcde7adbc3,EOG_Lea,NM,s3://enverus-courthouse-prod-chd-plants/nm/eog_lea/e645/e645e1d6-1dda-40fe-8a52-e5dcde7adbc3.pdf
e694d655-d48a-43ce-b199-f32b7b6c99c8,EOG_Lea,NM,s3://enverus-courthouse-prod-chd-plants/nm/eog_lea/e694/e694d655-d48a-43ce-b199-f32b7b6c99c8.pdf
e6ac7a93-1f31-430a-984f-0d1487a7ac45,EOG_Lea,NM,s3://enverus-courthouse-prod-chd-plants/nm/eog_lea/e6ac/e6ac7a93-1f31-430a-984f-0d1487a7ac45.pdf
E6B38D02-5F98-458E-9813-1BECC4128A5C,TRAINING_Eddy,NM,s3://enverus-courthouse-prod-chd-plants/nm/training_eddy/E6B3/E6B38D02-5F98-458E-9813-1BECC4128A5C.pdf
e7095856-b32b-4514-945a-cb3003f06da1,EOG_Karnes,TX,s3://enverus-courthouse-prod-chd-plants/tx/eog_karnes/e709/e7095856-b32b-4514-945a-cb3003f06da1.pdf
e7106e49-bf18-4740-834e-d9b61728580f,Houston,TX,s3://enverus-courthouse-prod-chd-plants/tx/houston/e710/e7106e49-bf18-4740-834e-d9b61728580f.pdf
e74ed214-f6ea-4e61-b7ac-b47fd7726f4c,EOG_Gonzales,TX,s3://enverus-courthouse-prod-chd-plants/tx/eog_gonzales/e74e/e74ed214-f6ea-4e61-b7ac-b47fd7726f4c.pdf
e795584c-d065-11e9-807d-00505681224b,EOG_Lea,NM,s3://enverus-courthouse-prod-chd-plants/nm/eog_lea/e795/e795584c-d065-11e9-807d-00505681224b.pdf
e7a1982d-d10e-4069-ada8-ef01ab3e36f6,EOG_Cooke,TX,s3://enverus-courthouse-prod-chd-plants/tx/eog_cooke/e7a1/e7a1982d-d10e-4069-ada8-ef01ab3e36f6.pdf
e7bed816-09fd-45d1-a450-1334fd2b2527,CHD_Lea,NM,s3://enverus-courthouse-prod-chd-plants/nm/chd_lea/e7be/e7bed816-09fd-45d1-a450-1334fd2b2527.pdf
E7FEA787-6657-4324-8FF3-0A2836BDBFF6,TRAINING_Andrews,TX,s3://enverus-courthouse-prod-chd-plants/tx/training_andrews/E7FE/E7FEA787-6657-4324-8FF3-0A2836BDBFF6.pdf
e83c0cce-e1d2-7a4c-8224-ada6cb99603d,Robertson,TX,s3://enverus-courthouse-prod-chd-plants/tx/robertson/e83c/e83c0cce-e1d2-7a4c-8224-ada6cb99603d.pdf
e86ab810-a9ad-438f-be5e-5aa1ef0811d2,EOG_McMullen,TX,s3://enverus-courthouse-prod-chd-plants/tx/eog_mcmullen/e86a/e86ab810-a9ad-438f-be5e-5aa1ef0811d2.pdf
e8952637-1bd3-42e1-ab9c-ed62782409c0,EOG_Lea,NM,s3://enverus-courthouse-prod-chd-plants/nm/eog_lea/e895/e8952637-1bd3-42e1-ab9c-ed62782409c0.pdf
e8a5e865-03ce-4b63-a2e4-040224a9f56d,EOG_Karnes,TX,s3://enverus-courthouse-prod-chd-plants/tx/eog_karnes/e8a5/e8a5e865-03ce-4b63-a2e4-040224a9f56d.pdf
E8C9EF79-9716-4276-A9A9-D0D63534FE17,TRAINING_Karnes,TX,s3://enverus-courthouse-prod-chd-plants/tx/training_karnes/E8C9/E8C9EF79-9716-4276-A9A9-D0D63534FE17.pdf
e8e022d3-1866-42ad-9e0b-3bfaaab86b0b,EOG_Gonzales,TX,s3://enverus-courthouse-prod-chd-plants/tx/eog_gonzales/e8e0/e8e022d3-1866-42ad-9e0b-3bfaaab86b0b.pdf
E8E23853-2090-4B27-BE37-594C66B03C5B,TRAINING_Midland,TX,s3://enverus-courthouse-prod-chd-plants/tx/training_midland/E8E2/E8E23853-2090-4B27-BE37-594C66B03C5B.pdf
e908d4f0-8dd8-46f6-a392-33743f90ff66,EOG_Atascosa,TX,s3://enverus-courthouse-prod-chd-plants/tx/eog_atascosa/e908/e908d4f0-8dd8-46f6-a392-33743f90ff66.pdf
e91a9ae9-7249-11e8-95a1-00505681224b,Amite,MS,s3://enverus-courthouse-prod-chd-plants/ms/amite/e91a/e91a9ae9-7249-11e8-95a1-00505681224b.pdf
e92a4c76-3c14-44ce-aab3-8eedf236d534,EOG_LaSalle,TX,s3://enverus-courthouse-prod-chd-plants/tx/eog_lasalle/e92a/e92a4c76-3c14-44ce-aab3-8eedf236d534.pdf
e9887d89-4a1b-4248-b783-be72fea2566f,EOG_Cooke,TX,s3://enverus-courthouse-prod-chd-plants/tx/eog_cooke/e988/e9887d89-4a1b-4248-b783-be72fea2566f.pdf
e9967ab6-2b87-48dc-a711-871782a1f415,EOG_Gonzales,TX,s3://enverus-courthouse-prod-chd-plants/tx/eog_gonzales/e996/e9967ab6-2b87-48dc-a711-871782a1f415.pdf
ea002d55-53d1-47dd-93be-6e15af51b71a,EOG_Atascosa,TX,s3://enverus-courthouse-prod-chd-plants/tx/eog_atascosa/ea00/ea002d55-53d1-47dd-93be-6e15af51b71a.pdf
ea03a8b7-a5c8-4b2f-9977-ff93047bd92a,EOG_Karnes,TX,s3://enverus-courthouse-prod-chd-plants/tx/eog_karnes/ea03/ea03a8b7-a5c8-4b2f-9977-ff93047bd92a.pdf
EA04BFA2-DFF3-45C2-B06A-FB7B175FBEFE,TRAINING_Crockett,TX,s3://enverus-courthouse-prod-chd-plants/tx/training_crockett/EA04/EA04BFA2-DFF3-45C2-B06A-FB7B175FBEFE.pdf
ea0adc80-63f6-41de-896e-09325fb0e98c,Houston,TX,s3://enverus-courthouse-prod-chd-plants/tx/houston/ea0a/ea0adc80-63f6-41de-896e-09325fb0e98c.pdf
ea1afdff-13a6-4d6a-8ad9-b81b8309d8c9,EOG_Cooke,TX,s3://enverus-courthouse-prod-chd-plants/tx/eog_cooke/ea1a/ea1afdff-13a6-4d6a-8ad9-b81b8309d8c9.pdf
ea1c472c-feff-40eb-9a33-9951aa10271a,EOG_Cooke,TX,s3://enverus-courthouse-prod-chd-plants/tx/eog_cooke/ea1c/ea1c472c-feff-40eb-9a33-9951aa10271a.pdf
ea3cd8ef-19a8-4a4c-b374-330bad856377,EOG_Cooke,TX,s3://enverus-courthouse-prod-chd-plants/tx/eog_cooke/ea3c/ea3cd8ef-19a8-4a4c-b374-330bad856377.pdf
ea5fbf79-2239-41aa-b96a-cb7f8ab2cf6e,EOG_Lea,NM,s3://enverus-courthouse-prod-chd-plants/nm/eog_lea/ea5f/ea5fbf79-2239-41aa-b96a-cb7f8ab2cf6e.pdf
ea70fdd3-7a71-4073-8d2c-854732b5465e,EOG_Atascosa,TX,s3://enverus-courthouse-prod-chd-plants/tx/eog_atascosa/ea70/ea70fdd3-7a71-4073-8d2c-854732b5465e.pdf
eaa83991-58e3-4419-ac3f-107298dfecd7,EOG_Lea,NM,s3://enverus-courthouse-prod-chd-plants/nm/eog_lea/eaa8/eaa83991-58e3-4419-ac3f-107298dfecd7.pdf
eab457e7-cc70-4124-a0e6-904268ff073e,Hood,TX,s3://enverus-courthouse-prod-chd-plants/tx/hood/eab4/eab457e7-cc70-4124-a0e6-904268ff073e.pdf
eac632bf-ff06-4240-b47a-cdb9c6e1afc0,Houston,TX,s3://enverus-courthouse-prod-chd-plants/tx/houston/eac6/eac632bf-ff06-4240-b47a-cdb9c6e1afc0.pdf
EAC6AFB9-F32C-42ED-95D6-9616D24E71FE,TRAINING_Madison,TX,s3://enverus-courthouse-prod-chd-plants/tx/training_madison/EAC6/EAC6AFB9-F32C-42ED-95D6-9616D24E71FE.pdf
ead89e82-d842-44b6-bf8d-54a874f76b00,EOG_Lea,NM,s3://enverus-courthouse-prod-chd-plants/nm/eog_lea/ead8/ead89e82-d842-44b6-bf8d-54a874f76b00.pdf
eafd3f4a-49d3-459b-8c8b-90bbc5c26444,EOG_Cooke,TX,s3://enverus-courthouse-prod-chd-plants/tx/eog_cooke/eafd/eafd3f4a-49d3-459b-8c8b-90bbc5c26444.pdf
eb1280c3-bd1b-4c9a-b139-49c19d425fac,EOG_Lea,NM,s3://enverus-courthouse-prod-chd-plants/nm/eog_lea/eb12/eb1280c3-bd1b-4c9a-b139-49c19d425fac.pdf
eb3df905-11d8-4457-824b-4f00390096d2,EOG_Lea,NM,s3://enverus-courthouse-prod-chd-plants/nm/eog_lea/eb3d/eb3df905-11d8-4457-824b-4f00390096d2.pdf
eb484eab-09b0-40be-a9fd-e16a9e9522d0,EOG_Cooke,TX,s3://enverus-courthouse-prod-chd-plants/tx/eog_cooke/eb48/eb484eab-09b0-40be-a9fd-e16a9e9522d0.pdf
eb67c52f-88a1-4cea-886a-e8142abb50e4,Houston,TX,s3://enverus-courthouse-prod-chd-plants/tx/houston/eb67/eb67c52f-88a1-4cea-886a-e8142abb50e4.pdf
eb6ffef9-3986-2b4a-8c01-413d7328698e,Burleson,TX,s3://enverus-courthouse-prod-chd-plants/tx/burleson/eb6f/eb6ffef9-3986-2b4a-8c01-413d7328698e.pdf
eb873be6-da9f-4ca2-bbe5-dcd939906405,Crane,TX,s3://enverus-courthouse-prod-chd-plants/tx/crane/eb87/eb873be6-da9f-4ca2-bbe5-dcd939906405.pdf
eba9bb77-2ed6-4bc6-a1aa-eabd4412a46d,CHD_Lea,NM,s3://enverus-courthouse-prod-chd-plants/nm/chd_lea/eba9/eba9bb77-2ed6-4bc6-a1aa-eabd4412a46d.pdf
ebb16fea-bdcd-4a74-9228-0af986bb1eb3,EOG_Gonzales,TX,s3://enverus-courthouse-prod-chd-plants/tx/eog_gonzales/ebb1/ebb16fea-bdcd-4a74-9228-0af986bb1eb3.pdf
ebb67d68-2e91-4e41-8820-ee48ac5460c3,EOG_Karnes,TX,s3://enverus-courthouse-prod-chd-plants/tx/eog_karnes/ebb6/ebb67d68-2e91-4e41-8820-ee48ac5460c3.pdf
ebcb7d34-e88b-47ed-9e6b-fc2b892315dc,Houston,TX,s3://enverus-courthouse-prod-chd-plants/tx/houston/ebcb/ebcb7d34-e88b-47ed-9e6b-fc2b892315dc.pdf
ebea0c79-5d89-459c-b29d-e49ab51f72c6,EOG_Lea,NM,s3://enverus-courthouse-prod-chd-plants/nm/eog_lea/ebea/ebea0c79-5d89-459c-b29d-e49ab51f72c6.pdf
ebedd8e4-b979-432c-8ebf-00f1ccbb6727,EOG_Karnes,TX,s3://enverus-courthouse-prod-chd-plants/tx/eog_karnes/ebed/ebedd8e4-b979-432c-8ebf-00f1ccbb6727.pdf
ebf445cf-2972-4921-9795-59d910fe1a94,Houston,TX,s3://enverus-courthouse-prod-chd-plants/tx/houston/ebf4/ebf445cf-2972-4921-9795-59d910fe1a94.pdf
ec1fb661-7952-4dbf-a5ab-72f772083542,CHD_Lea,NM,s3://enverus-courthouse-prod-chd-plants/nm/chd_lea/ec1f/ec1fb661-7952-4dbf-a5ab-72f772083542.pdf
ec274465-4c78-46c7-805b-ebc5cf1faf3e,EOG_Cooke,TX,s3://enverus-courthouse-prod-chd-plants/tx/eog_cooke/ec27/ec274465-4c78-46c7-805b-ebc5cf1faf3e.pdf
ec27865d-e81a-4783-a805-11cd8b361dd5,EOG_Cooke,TX,s3://enverus-courthouse-prod-chd-plants/tx/eog_cooke/ec27/ec27865d-e81a-4783-a805-11cd8b361dd5.pdf
ec591f25-2806-4ed7-8b06-927586b59e7d,Hood,TX,s3://enverus-courthouse-prod-chd-plants/tx/hood/ec59/ec591f25-2806-4ed7-8b06-927586b59e7d.pdf
ecac3767-567a-4e45-9ac9-1a4ce2ad6ec6,EOG_Lea,NM,s3://enverus-courthouse-prod-chd-plants/nm/eog_lea/ecac/ecac3767-567a-4e45-9ac9-1a4ce2ad6ec6.pdf
ecf009ff-f71b-4ff1-b2a9-48f1df08c69e,EOG_Cooke,TX,s3://enverus-courthouse-prod-chd-plants/tx/eog_cooke/ecf0/ecf009ff-f71b-4ff1-b2a9-48f1df08c69e.pdf
ecfaa0f9-8ee4-464b-8317-cc3b0314eac3,EOG_Karnes,TX,s3://enverus-courthouse-prod-chd-plants/tx/eog_karnes/ecfa/ecfaa0f9-8ee4-464b-8317-cc3b0314eac3.pdf
ed071b6a-da95-4f0c-b909-d48668bdec47,EOG_Lea,NM,s3://enverus-courthouse-prod-chd-plants/nm/eog_lea/ed07/ed071b6a-da95-4f0c-b909-d48668bdec47.pdf
ed09dd94-185a-4a8b-94a1-f3c5a8412c8e,EOG_Cooke,TX,s3://enverus-courthouse-prod-chd-plants/tx/eog_cooke/ed09/ed09dd94-185a-4a8b-94a1-f3c5a8412c8e.pdf
ed1108a4-69bb-4811-846d-250ea91e29c9,EOG_Karnes,TX,s3://enverus-courthouse-prod-chd-plants/tx/eog_karnes/ed11/ed1108a4-69bb-4811-846d-250ea91e29c9.pdf
ed179a0a-3b8a-40a3-ac0d-1292c3b297f6,EOG_Cooke,TX,s3://enverus-courthouse-prod-chd-plants/tx/eog_cooke/ed17/ed179a0a-3b8a-40a3-ac0d-1292c3b297f6.pdf
ed7bab41-c09a-424f-81f3-930146236335,Reeves,TX,s3://enverus-courthouse-prod-chd-plants/tx/reeves/ed7b/ed7bab41-c09a-424f-81f3-930146236335.pdf
ede25297-78b0-48ec-abef-60296ef9f9af,EOG_Lea,NM,s3://enverus-courthouse-prod-chd-plants/nm/eog_lea/ede2/ede25297-78b0-48ec-abef-60296ef9f9af.pdf
ee402342-9d87-4a96-943e-2f2746ed0138,EOG_McMullen,TX,s3://enverus-courthouse-prod-chd-plants/tx/eog_mcmullen/ee40/ee402342-9d87-4a96-943e-2f2746ed0138.pdf
ee5860a8-54ea-4fac-b464-9c9983c1af23,CHD_Lea,NM,s3://enverus-courthouse-prod-chd-plants/nm/chd_lea/ee58/ee5860a8-54ea-4fac-b464-9c9983c1af23.pdf
ee664f57-5793-4426-a9dc-7b86c08e8bd0,EOG_Cooke,TX,s3://enverus-courthouse-prod-chd-plants/tx/eog_cooke/ee66/ee664f57-5793-4426-a9dc-7b86c08e8bd0.pdf
ee6efeb0-72ea-4fca-9368-614d3f7c6a1a,Crane,TX,s3://enverus-courthouse-prod-chd-plants/tx/crane/ee6e/ee6efeb0-72ea-4fca-9368-614d3f7c6a1a.pdf
ee767f6a-8887-4549-ab27-077257fdb8f3,Hood,TX,s3://enverus-courthouse-prod-chd-plants/tx/hood/ee76/ee767f6a-8887-4549-ab27-077257fdb8f3.pdf
ee76c297-ac5a-4596-a5ca-dc551bcff1dd,CHD_Lea,NM,s3://enverus-courthouse-prod-chd-plants/nm/chd_lea/ee76/ee76c297-ac5a-4596-a5ca-dc551bcff1dd.pdf
ee7fd533-0f88-48d4-847b-efb8f70e85d4,EOG_Lea,NM,s3://enverus-courthouse-prod-chd-plants/nm/eog_lea/ee7f/ee7fd533-0f88-48d4-847b-efb8f70e85d4.pdf
EEC18528-38EC-4DE1-9CBE-3D872EFC6AF2,TRAINING_Pecos,TX,s3://enverus-courthouse-prod-chd-plants/tx/training_pecos/EEC1/EEC18528-38EC-4DE1-9CBE-3D872EFC6AF2.pdf
eec72794-7504-420c-9194-f1eb324fb03e,EOG_Atascosa,TX,s3://enverus-courthouse-prod-chd-plants/tx/eog_atascosa/eec7/eec72794-7504-420c-9194-f1eb324fb03e.pdf
EEC747C6-6548-48D0-9BCC-15BA725D6A19,TRAINING_Howard,TX,s3://enverus-courthouse-prod-chd-plants/tx/training_howard/EEC7/EEC747C6-6548-48D0-9BCC-15BA725D6A19.pdf
eecec8d4-95b3-41e8-83b1-ae7a07159575,EOG_Lea,NM,s3://enverus-courthouse-prod-chd-plants/nm/eog_lea/eece/eecec8d4-95b3-41e8-83b1-ae7a07159575.pdf
ef1145a2-5077-47f2-ae8f-c8151a6fe940,EOG_Lea,NM,s3://enverus-courthouse-prod-chd-plants/nm/eog_lea/ef11/ef1145a2-5077-47f2-ae8f-c8151a6fe940.pdf
ef3b0246-37c2-4c6f-ac7a-aa6275db7035,CHD_Lea,NM,s3://enverus-courthouse-prod-chd-plants/nm/chd_lea/ef3b/ef3b0246-37c2-4c6f-ac7a-aa6275db7035.pdf
ef3e602d-ea98-4f30-bac2-6ae6b97759e7,EOG_Atascosa,TX,s3://enverus-courthouse-prod-chd-plants/tx/eog_atascosa/ef3e/ef3e602d-ea98-4f30-bac2-6ae6b97759e7.pdf
ef46adb5-338a-40ab-b980-74e4365af1ec,EOG_Atascosa,TX,s3://enverus-courthouse-prod-chd-plants/tx/eog_atascosa/ef46/ef46adb5-338a-40ab-b980-74e4365af1ec.pdf
ef4a9db7-8a73-418f-9ac5-5a3924eb754c,EOG_Lea,NM,s3://enverus-courthouse-prod-chd-plants/nm/eog_lea/ef4a/ef4a9db7-8a73-418f-9ac5-5a3924eb754c.pdf
ef5cff61-6f8b-48ac-b055-f9459b0923f6,EOG_Cooke,TX,s3://enverus-courthouse-prod-chd-plants/tx/eog_cooke/ef5c/ef5cff61-6f8b-48ac-b055-f9459b0923f6.pdf
ef7d3b25-a48f-4d6f-9d28-f4e731da638d,EOG_Atascosa,TX,s3://enverus-courthouse-prod-chd-plants/tx/eog_atascosa/ef7d/ef7d3b25-a48f-4d6f-9d28-f4e731da638d.pdf
ef93ea53-3529-4ad2-bdd4-c772e1ca9737,EOG_Lea,NM,s3://enverus-courthouse-prod-chd-plants/nm/eog_lea/ef93/ef93ea53-3529-4ad2-bdd4-c772e1ca9737.pdf
ef9acb0d-7093-4030-8346-295846ac7bb0,Kay,OK,s3://enverus-courthouse-prod-chd-plants/ok/kay/ef9a/ef9acb0d-7093-4030-8346-295846ac7bb0.pdf
EF9E9C45-8BDB-49E2-B83C-2CD4472F9335,TRAINING_Karnes,TX,s3://enverus-courthouse-prod-chd-plants/tx/training_karnes/EF9E/EF9E9C45-8BDB-49E2-B83C-2CD4472F9335.pdf
efb16525-de1c-4673-b8e0-601d6478aa06,EOG_Lea,NM,s3://enverus-courthouse-prod-chd-plants/nm/eog_lea/efb1/efb16525-de1c-4673-b8e0-601d6478aa06.pdf
efb56cee-6ccf-47df-8e75-bdf9227297f1,Hood,TX,s3://enverus-courthouse-prod-chd-plants/tx/hood/efb5/efb56cee-6ccf-47df-8e75-bdf9227297f1.pdf
efdc32f6-7260-4c2e-a998-fb982d0ec87d,EOG_Lea,NM,s3://enverus-courthouse-prod-chd-plants/nm/eog_lea/efdc/efdc32f6-7260-4c2e-a998-fb982d0ec87d.pdf
efe36209-48cb-4cbf-b4f1-e573a6b83e5c,EOG_Karnes,TX,s3://enverus-courthouse-prod-chd-plants/tx/eog_karnes/efe3/efe36209-48cb-4cbf-b4f1-e573a6b83e5c.pdf
f013b77a-1df7-4ef9-9294-8eed63cf88ac,Houston,TX,s3://enverus-courthouse-prod-chd-plants/tx/houston/f013/f013b77a-1df7-4ef9-9294-8eed63cf88ac.pdf
f021bb9b-5f85-4bbc-a715-5a340cc4bc15,Houston,TX,s3://enverus-courthouse-prod-chd-plants/tx/houston/f021/f021bb9b-5f85-4bbc-a715-5a340cc4bc15.pdf
f05d8d57-9657-42d7-80b7-12f8aedb16bd,EOG_Gonzales,TX,s3://enverus-courthouse-prod-chd-plants/tx/eog_gonzales/f05d/f05d8d57-9657-42d7-80b7-12f8aedb16bd.pdf
f0c9926d-27ab-4112-8620-2eac015b4e7b,EOG_Cooke,TX,s3://enverus-courthouse-prod-chd-plants/tx/eog_cooke/f0c9/f0c9926d-27ab-4112-8620-2eac015b4e7b.pdf
f0f3046a-d551-45f7-8836-b06c1cb41192,Crane,TX,s3://enverus-courthouse-prod-chd-plants/tx/crane/f0f3/f0f3046a-d551-45f7-8836-b06c1cb41192.pdf
f0f69cba-02e9-4b42-a6ae-cb5fe8a54a4c,EOG_Cooke,TX,s3://enverus-courthouse-prod-chd-plants/tx/eog_cooke/f0f6/f0f69cba-02e9-4b42-a6ae-cb5fe8a54a4c.pdf
f131dcce-9acb-4823-901e-d49722a32cce,EOG_Lea,NM,s3://enverus-courthouse-prod-chd-plants/nm/eog_lea/f131/f131dcce-9acb-4823-901e-d49722a32cce.pdf
f1464bce-42a4-42fa-b461-16a16111b4c9,Terrell,TX,s3://enverus-courthouse-prod-chd-plants/tx/terrell/f146/f1464bce-42a4-42fa-b461-16a16111b4c9.pdf
f15ef346-088d-344e-a2ad-ffba6148c56e,Andrews,TX,s3://enverus-courthouse-prod-chd-plants/tx/andrews/f15e/f15ef346-088d-344e-a2ad-ffba6148c56e.pdf
f16a336a-832c-4af3-829a-d485c9ab4d19,Houston,TX,s3://enverus-courthouse-prod-chd-plants/tx/houston/f16a/f16a336a-832c-4af3-829a-d485c9ab4d19.pdf
f16ad7d3-167e-4acf-9aa4-5d2568348d78,EOG_Lea,NM,s3://enverus-courthouse-prod-chd-plants/nm/eog_lea/f16a/f16ad7d3-167e-4acf-9aa4-5d2568348d78.pdf
F16D4E9E-513F-4896-9F5B-D09C17DD11C5,TRAINING_Crockett,TX,s3://enverus-courthouse-prod-chd-plants/tx/training_crockett/F16D/F16D4E9E-513F-4896-9F5B-D09C17DD11C5.pdf
f1913015-4f10-4b7e-b06a-8eb61b30dd71,EOG_Atascosa,TX,s3://enverus-courthouse-prod-chd-plants/tx/eog_atascosa/f191/f1913015-4f10-4b7e-b06a-8eb61b30dd71.pdf
f1be09c7-3dc2-438d-8e67-ce211132ae0a,EOG_Gonzales,TX,s3://enverus-courthouse-prod-chd-plants/tx/eog_gonzales/f1be/f1be09c7-3dc2-438d-8e67-ce211132ae0a.pdf
f2128720-f7f5-4fb7-b8f3-30665572795f,EOG_Cooke,TX,s3://enverus-courthouse-prod-chd-plants/tx/eog_cooke/f212/f2128720-f7f5-4fb7-b8f3-30665572795f.pdf
f21cb5aa-b0eb-4de6-baba-0218613de529,EOG_Lea,NM,s3://enverus-courthouse-prod-chd-plants/nm/eog_lea/f21c/f21cb5aa-b0eb-4de6-baba-0218613de529.pdf
f225b99e-f9bc-8044-bb43-f4f7c648bf0e,Crane,TX,s3://enverus-courthouse-prod-chd-plants/tx/crane/f225/f225b99e-f9bc-8044-bb43-f4f7c648bf0e.pdf
f239ce3b-b981-4cd4-b4f6-3f6fd0b8cedd,Houston,TX,s3://enverus-courthouse-prod-chd-plants/tx/houston/f239/f239ce3b-b981-4cd4-b4f6-3f6fd0b8cedd.pdf
f23d1a54-cf2d-4f12-9df0-c1c9f3db2656,EOG_Lea,NM,s3://enverus-courthouse-prod-chd-plants/nm/eog_lea/f23d/f23d1a54-cf2d-4f12-9df0-c1c9f3db2656.pdf
f23e3a49-e7da-4f52-9b75-21dd11baf2d3,EOG_Cooke,TX,s3://enverus-courthouse-prod-chd-plants/tx/eog_cooke/f23e/f23e3a49-e7da-4f52-9b75-21dd11baf2d3.pdf
f256829d-cd87-4b4f-b351-79077ea99896,EOG_Karnes,TX,s3://enverus-courthouse-prod-chd-plants/tx/eog_karnes/f256/f256829d-cd87-4b4f-b351-79077ea99896.pdf
f2588b9f-f221-49bb-b5fd-10ffd5aaa7c8,EOG_LaSalle,TX,s3://enverus-courthouse-prod-chd-plants/tx/eog_lasalle/f258/f2588b9f-f221-49bb-b5fd-10ffd5aaa7c8.pdf
f27d1f49-e7f6-4808-b4c8-50ae4cae152d,EOG_Lea,NM,s3://enverus-courthouse-prod-chd-plants/nm/eog_lea/f27d/f27d1f49-e7f6-4808-b4c8-50ae4cae152d.pdf
f2bef9be-6928-428a-b8b0-1b01dc0040e8,CHD_Lea,NM,s3://enverus-courthouse-prod-chd-plants/nm/chd_lea/f2be/f2bef9be-6928-428a-b8b0-1b01dc0040e8.pdf
f2d56505-58c9-4c67-92c8-2475b1a15854,EOG_Karnes,TX,s3://enverus-courthouse-prod-chd-plants/tx/eog_karnes/f2d5/f2d56505-58c9-4c67-92c8-2475b1a15854.pdf
f2dad9b2-4b57-4fe8-bef0-55bf07cc713d,EOG_Karnes,TX,s3://enverus-courthouse-prod-chd-plants/tx/eog_karnes/f2da/f2dad9b2-4b57-4fe8-bef0-55bf07cc713d.pdf
f2f5fc85-c297-46cb-a3f5-80f59bb39f18,EOG_Lea,NM,s3://enverus-courthouse-prod-chd-plants/nm/eog_lea/f2f5/f2f5fc85-c297-46cb-a3f5-80f59bb39f18.pdf
f3097723-cc9b-4fac-9f60-a301b2b7f652,EOG_LaSalle,TX,s3://enverus-courthouse-prod-chd-plants/tx/eog_lasalle/f309/f3097723-cc9b-4fac-9f60-a301b2b7f652.pdf
f32e9d8f-0f57-44ba-a2d9-0d6a2e7b2a21,CHD_Lea,NM,s3://enverus-courthouse-prod-chd-plants/nm/chd_lea/f32e/f32e9d8f-0f57-44ba-a2d9-0d6a2e7b2a21.pdf
f3395d68-340b-402d-8c6a-aa94c6431ae1,CHD_Lea,NM,s3://enverus-courthouse-prod-chd-plants/nm/chd_lea/f339/f3395d68-340b-402d-8c6a-aa94c6431ae1.pdf
f341e16b-2682-498c-804c-ac6db537b8ce,EOG_Lea,NM,s3://enverus-courthouse-prod-chd-plants/nm/eog_lea/f341/f341e16b-2682-498c-804c-ac6db537b8ce.pdf
f3914678-bb94-4453-8bb4-ecb253f75b84,EOG_Lea,NM,s3://enverus-courthouse-prod-chd-plants/nm/eog_lea/f391/f3914678-bb94-4453-8bb4-ecb253f75b84.pdf
f399cfb6-b546-4921-b626-18a79fd24982,Robertson,TX,s3://enverus-courthouse-prod-chd-plants/tx/robertson/f399/f399cfb6-b546-4921-b626-18a79fd24982.pdf
f3a13ca5-d258-458d-b36b-e5ba64ba5c62,EOG_Lea,NM,s3://enverus-courthouse-prod-chd-plants/nm/eog_lea/f3a1/f3a13ca5-d258-458d-b36b-e5ba64ba5c62.pdf
f3b2bcfe-4322-9343-a831-83b5a06c5f6f,Burleson,TX,s3://enverus-courthouse-prod-chd-plants/tx/burleson/f3b2/f3b2bcfe-4322-9343-a831-83b5a06c5f6f.pdf
f3b9d096-c70c-4068-aff7-61ffed20286a,EOG_Karnes,TX,s3://enverus-courthouse-prod-chd-plants/tx/eog_karnes/f3b9/f3b9d096-c70c-4068-aff7-61ffed20286a.pdf
f3bceed1-1ec0-4ab6-b22b-e26cf92bed72,CHD_Lea,NM,s3://enverus-courthouse-prod-chd-plants/nm/chd_lea/f3bc/f3bceed1-1ec0-4ab6-b22b-e26cf92bed72.pdf
F3BE5C32-9D45-41E8-8847-99CDD13E2D62,TRAINING_Crockett,TX,s3://enverus-courthouse-prod-chd-plants/tx/training_crockett/F3BE/F3BE5C32-9D45-41E8-8847-99CDD13E2D62.pdf
f40a1e6d-2e5e-4431-953a-3853c09fe89d,EOG_Karnes,TX,s3://enverus-courthouse-prod-chd-plants/tx/eog_karnes/f40a/f40a1e6d-2e5e-4431-953a-3853c09fe89d.pdf
F41B954A-02E7-4398-B9D3-AA41757944D9,TRAINING_Crockett,TX,s3://enverus-courthouse-prod-chd-plants/tx/training_crockett/F41B/F41B954A-02E7-4398-B9D3-AA41757944D9.pdf
f45adbed-0c9b-4bec-b237-a55d2f747ee6,EOG_Atascosa,TX,s3://enverus-courthouse-prod-chd-plants/tx/eog_atascosa/f45a/f45adbed-0c9b-4bec-b237-a55d2f747ee6.pdf
f466eda5-0db8-11ea-a7f8-00505681224b,EOG_Lea,NM,s3://enverus-courthouse-prod-chd-plants/nm/eog_lea/f466/f466eda5-0db8-11ea-a7f8-00505681224b.pdf
F4A5866C-8D50-4ED5-B63A-2F5B08EC08C9,TRAINING_Live Oak,TX,s3://enverus-courthouse-prod-chd-plants/tx/training_live oak/F4A5/F4A5866C-8D50-4ED5-B63A-2F5B08EC08C9.pdf
f4a80597-349c-4d00-be9e-6151d2b19c96,EOG_Lea,NM,s3://enverus-courthouse-prod-chd-plants/nm/eog_lea/f4a8/f4a80597-349c-4d00-be9e-6151d2b19c96.pdf
f4db24e4-dbee-42a0-98c4-76f0e492c758,CHD_Lea,NM,s3://enverus-courthouse-prod-chd-plants/nm/chd_lea/f4db/f4db24e4-dbee-42a0-98c4-76f0e492c758.pdf
f4e6a55f-1984-4fe5-99c9-8eb3e67aae69,EOG_Lea,NM,s3://enverus-courthouse-prod-chd-plants/nm/eog_lea/f4e6/f4e6a55f-1984-4fe5-99c9-8eb3e67aae69.pdf
f5479eb4-7d6d-4bf0-8b1d-08391b1dd7ac,Hood,TX,s3://enverus-courthouse-prod-chd-plants/tx/hood/f547/f5479eb4-7d6d-4bf0-8b1d-08391b1dd7ac.pdf
f55cd957-1421-41a8-b8fc-ca6db8e2dac9,CHD_Lea,NM,s3://enverus-courthouse-prod-chd-plants/nm/chd_lea/f55c/f55cd957-1421-41a8-b8fc-ca6db8e2dac9.pdf
f56078d3-a21e-490c-b3b8-b2fdc04e9f7a,EOG_Karnes,TX,s3://enverus-courthouse-prod-chd-plants/tx/eog_karnes/f560/f56078d3-a21e-490c-b3b8-b2fdc04e9f7a.pdf
F56F1C2E-51C7-4CCA-8ED9-6DCA53DBF69C,TRAINING_Howard,TX,s3://enverus-courthouse-prod-chd-plants/tx/training_howard/F56F/F56F1C2E-51C7-4CCA-8ED9-6DCA53DBF69C.pdf
f585a7b3-c6ac-4fef-9692-9daed66214f1,EOG_Cooke,TX,s3://enverus-courthouse-prod-chd-plants/tx/eog_cooke/f585/f585a7b3-c6ac-4fef-9692-9daed66214f1.pdf
f58cf27c-d820-4a58-879f-4ca3aeb9924d,EOG_Cooke,TX,s3://enverus-courthouse-prod-chd-plants/tx/eog_cooke/f58c/f58cf27c-d820-4a58-879f-4ca3aeb9924d.pdf
f5b97ee6-fba4-4e88-9102-00bdd35b8a72,EOG_Cooke,TX,s3://enverus-courthouse-prod-chd-plants/tx/eog_cooke/f5b9/f5b97ee6-fba4-4e88-9102-00bdd35b8a72.pdf
F5C688E1-9DAB-4956-B64D-C0019F0E7A5E,TRAINING_Reeves,TX,s3://enverus-courthouse-prod-chd-plants/tx/training_reeves/F5C6/F5C688E1-9DAB-4956-B64D-C0019F0E7A5E.pdf
f5ef9f12-bb57-4e4f-82bc-145ed5231b07,EOG_Atascosa,TX,s3://enverus-courthouse-prod-chd-plants/tx/eog_atascosa/f5ef/f5ef9f12-bb57-4e4f-82bc-145ed5231b07.pdf
f5f4224a-771d-4691-a6a5-70a2f5be7a30,CHD_Lea,NM,s3://enverus-courthouse-prod-chd-plants/nm/chd_lea/f5f4/f5f4224a-771d-4691-a6a5-70a2f5be7a30.pdf
f5ffbc54-d4f1-4eb2-bb1d-5f874355d772,EOG_Atascosa,TX,s3://enverus-courthouse-prod-chd-plants/tx/eog_atascosa/f5ff/f5ffbc54-d4f1-4eb2-bb1d-5f874355d772.pdf
f6092338-d8c9-410a-b756-a36fee1fe17b,EOG_Gonzales,TX,s3://enverus-courthouse-prod-chd-plants/tx/eog_gonzales/f609/f6092338-d8c9-410a-b756-a36fee1fe17b.pdf
f639f58a-1b2c-4e43-9f09-2a5ffd4d6a42,EOG_Cooke,TX,s3://enverus-courthouse-prod-chd-plants/tx/eog_cooke/f639/f639f58a-1b2c-4e43-9f09-2a5ffd4d6a42.pdf
f65468f4-9f8c-4708-80ee-326ef6da17ac,CHD_Lea,NM,s3://enverus-courthouse-prod-chd-plants/nm/chd_lea/f654/f65468f4-9f8c-4708-80ee-326ef6da17ac.pdf
f6a8e8e8-476d-434d-87ed-ff9540ba4645,EOG_Gonzales,TX,s3://enverus-courthouse-prod-chd-plants/tx/eog_gonzales/f6a8/f6a8e8e8-476d-434d-87ed-ff9540ba4645.pdf
f6bc9c3d-9a3f-429e-9104-4e723708583c,EOG_Lea,NM,s3://enverus-courthouse-prod-chd-plants/nm/eog_lea/f6bc/f6bc9c3d-9a3f-429e-9104-4e723708583c.pdf
F6CE9F81-31D3-4E83-BB25-795EBEF507EC,TRAINING_Pecos,TX,s3://enverus-courthouse-prod-chd-plants/tx/training_pecos/F6CE/F6CE9F81-31D3-4E83-BB25-795EBEF507EC.pdf
f6d56e6f-b6b8-460e-badc-90f86e180063,CHD_Lea,NM,s3://enverus-courthouse-prod-chd-plants/nm/chd_lea/f6d5/f6d56e6f-b6b8-460e-badc-90f86e180063.pdf
f70e739d-8c3e-4d62-b105-70236d31e31a,Crane,TX,s3://enverus-courthouse-prod-chd-plants/tx/crane/f70e/f70e739d-8c3e-4d62-b105-70236d31e31a.pdf
f762a7b8-2cc5-474f-85c5-ade85a4305d3,CHD_Lea,NM,s3://enverus-courthouse-prod-chd-plants/nm/chd_lea/f762/f762a7b8-2cc5-474f-85c5-ade85a4305d3.pdf
f78b8525-395d-4435-9e64-919e582a65ed,EOG_Gonzales,TX,s3://enverus-courthouse-prod-chd-plants/tx/eog_gonzales/f78b/f78b8525-395d-4435-9e64-919e582a65ed.pdf
f7ade7af-d604-4bfd-bfd4-42d09287b6e0,EOG_Atascosa,TX,s3://enverus-courthouse-prod-chd-plants/tx/eog_atascosa/f7ad/f7ade7af-d604-4bfd-bfd4-42d09287b6e0.pdf
f7bdb098-b340-4a5d-867b-ed9bf9bd5cac,EOG_Cooke,TX,s3://enverus-courthouse-prod-chd-plants/tx/eog_cooke/f7bd/f7bdb098-b340-4a5d-867b-ed9bf9bd5cac.pdf
f7d125fe-5319-4980-82ac-042fda45ca86,EOG_Atascosa,TX,s3://enverus-courthouse-prod-chd-plants/tx/eog_atascosa/f7d1/f7d125fe-5319-4980-82ac-042fda45ca86.pdf
f7d5782d-f79e-4f50-8e67-061b8464b45e,EOG_Lea,NM,s3://enverus-courthouse-prod-chd-plants/nm/eog_lea/f7d5/f7d5782d-f79e-4f50-8e67-061b8464b45e.pdf
f7e80137-d08c-46ee-94b0-b9ce6cc1eabb,EOG_Atascosa,TX,s3://enverus-courthouse-prod-chd-plants/tx/eog_atascosa/f7e8/f7e80137-d08c-46ee-94b0-b9ce6cc1eabb.pdf
f8294e82-7616-0343-ae19-52152ec6a348,Eddy,NM,s3://enverus-courthouse-prod-chd-plants/nm/eddy/f829/f8294e82-7616-0343-ae19-52152ec6a348.pdf
f8451054-e694-400d-950f-69b6fa5688e3,EOG_Atascosa,TX,s3://enverus-courthouse-prod-chd-plants/tx/eog_atascosa/f845/f8451054-e694-400d-950f-69b6fa5688e3.pdf
f84f0e28-e728-4a9c-9dd2-56e37655e2c3,EOG_Lea,NM,s3://enverus-courthouse-prod-chd-plants/nm/eog_lea/f84f/f84f0e28-e728-4a9c-9dd2-56e37655e2c3.pdf
f85a942c-9e9f-4700-b436-ffb5915c5c2d,EOG_Cooke,TX,s3://enverus-courthouse-prod-chd-plants/tx/eog_cooke/f85a/f85a942c-9e9f-4700-b436-ffb5915c5c2d.pdf
f8671cea-4678-11eb-af50-00505681224b,EOG_Lea,NM,s3://enverus-courthouse-prod-chd-plants/nm/eog_lea/f867/f8671cea-4678-11eb-af50-00505681224b.pdf
f8a3c02d-6be5-4194-9f17-bde0e7b19611,EOG_Karnes,TX,s3://enverus-courthouse-prod-chd-plants/tx/eog_karnes/f8a3/f8a3c02d-6be5-4194-9f17-bde0e7b19611.pdf
f8ed872f-e79f-45e3-a216-f06b64ca96db,EOG_Cooke,TX,s3://enverus-courthouse-prod-chd-plants/tx/eog_cooke/f8ed/f8ed872f-e79f-45e3-a216-f06b64ca96db.pdf
f933e720-a447-49ea-b9de-00a0e469f8d5,EOG_Gonzales,TX,s3://enverus-courthouse-prod-chd-plants/tx/eog_gonzales/f933/f933e720-a447-49ea-b9de-00a0e469f8d5.pdf
f95c2e97-fa01-4a6e-8cd9-179212a28c0b,CHD_Lea,NM,s3://enverus-courthouse-prod-chd-plants/nm/chd_lea/f95c/f95c2e97-fa01-4a6e-8cd9-179212a28c0b.pdf
f9667770-4651-47bf-b058-bc14fce9e062,EOG_Atascosa,TX,s3://enverus-courthouse-prod-chd-plants/tx/eog_atascosa/f966/f9667770-4651-47bf-b058-bc14fce9e062.pdf
f9e91af9-6119-4597-be5a-cc8c21d15392,EOG_Atascosa,TX,s3://enverus-courthouse-prod-chd-plants/tx/eog_atascosa/f9e9/f9e91af9-6119-4597-be5a-cc8c21d15392.pdf
fa4be4cd-cca7-4eca-bd8b-e664134b5dd1,EOG_Gonzales,TX,s3://enverus-courthouse-prod-chd-plants/tx/eog_gonzales/fa4b/fa4be4cd-cca7-4eca-bd8b-e664134b5dd1.pdf
fa67dfdc-a9d5-428a-a562-b7cf82713dc3,CHD_Lea,NM,s3://enverus-courthouse-prod-chd-plants/nm/chd_lea/fa67/fa67dfdc-a9d5-428a-a562-b7cf82713dc3.pdf
fa912831-c9d7-45c1-9a3d-68e049f3321c,EOG_Gonzales,TX,s3://enverus-courthouse-prod-chd-plants/tx/eog_gonzales/fa91/fa912831-c9d7-45c1-9a3d-68e049f3321c.pdf
fab26047-ad75-4b05-a3f1-b1b5cb6e1885,EOG_Lea,NM,s3://enverus-courthouse-prod-chd-plants/nm/eog_lea/fab2/fab26047-ad75-4b05-a3f1-b1b5cb6e1885.pdf
fad607e8-fbb6-4496-afb9-7e56292d1079,EOG_Atascosa,TX,s3://enverus-courthouse-prod-chd-plants/tx/eog_atascosa/fad6/fad607e8-fbb6-4496-afb9-7e56292d1079.pdf
FAF3B5F3-1804-49FB-BD1D-A5C202FA143D,TRAINING_Andrews,TX,s3://enverus-courthouse-prod-chd-plants/tx/training_andrews/FAF3/FAF3B5F3-1804-49FB-BD1D-A5C202FA143D.pdf
fb1965e2-f64c-4c4e-b366-ec28d7b94fa5,EOG_Cooke,TX,s3://enverus-courthouse-prod-chd-plants/tx/eog_cooke/fb19/fb1965e2-f64c-4c4e-b366-ec28d7b94fa5.pdf
fb43a488-42b3-484b-8316-a52a47e941b7,EOG_Lea,NM,s3://enverus-courthouse-prod-chd-plants/nm/eog_lea/fb43/fb43a488-42b3-484b-8316-a52a47e941b7.pdf
fb718c1b-a6b0-47b2-a463-e1579402bd35,EOG_Atascosa,TX,s3://enverus-courthouse-prod-chd-plants/tx/eog_atascosa/fb71/fb718c1b-a6b0-47b2-a463-e1579402bd35.pdf
fb746e46-63ce-485f-bef1-6e390f15888a,EOG_Lea,NM,s3://enverus-courthouse-prod-chd-plants/nm/eog_lea/fb74/fb746e46-63ce-485f-bef1-6e390f15888a.pdf
FB84C874-E530-437F-BAF5-47EBFC84DBE5,TRAINING_Walker,TX,s3://enverus-courthouse-prod-chd-plants/tx/training_walker/FB84/FB84C874-E530-437F-BAF5-47EBFC84DBE5.pdf
fbff46ec-4b7f-446b-b6c6-0f15cd47d03e,EOG_Lea,NM,s3://enverus-courthouse-prod-chd-plants/nm/eog_lea/fbff/fbff46ec-4b7f-446b-b6c6-0f15cd47d03e.pdf
fc09fbb2-6b10-42e3-9114-43f503bca212,CHD_Lea,NM,s3://enverus-courthouse-prod-chd-plants/nm/chd_lea/fc09/fc09fbb2-6b10-42e3-9114-43f503bca212.pdf
fc2648ad-bf53-4d87-a590-893fccf3246a,EOG_Atascosa,TX,s3://enverus-courthouse-prod-chd-plants/tx/eog_atascosa/fc26/fc2648ad-bf53-4d87-a590-893fccf3246a.pdf
fc37892a-deed-488e-8982-3b48369a6cf2,EOG_Karnes,TX,s3://enverus-courthouse-prod-chd-plants/tx/eog_karnes/fc37/fc37892a-deed-488e-8982-3b48369a6cf2.pdf
fc5f8c64-014f-48f4-9c5d-2ead32995f6d,Houston,TX,s3://enverus-courthouse-prod-chd-plants/tx/houston/fc5f/fc5f8c64-014f-48f4-9c5d-2ead32995f6d.pdf
fc804d7e-0f85-4318-83e7-8ab5e875e5a1,EOG_Cooke,TX,s3://enverus-courthouse-prod-chd-plants/tx/eog_cooke/fc80/fc804d7e-0f85-4318-83e7-8ab5e875e5a1.pdf
fcaac9fc-cee2-41ed-ad41-83cc5ec406b2,Walker,TX,s3://enverus-courthouse-prod-chd-plants/tx/walker/fcaa/fcaac9fc-cee2-41ed-ad41-83cc5ec406b2.pdf
FCAF3ED8-B847-4BF2-BC33-0E1F906F8D51,TRAINING_Crockett,TX,s3://enverus-courthouse-prod-chd-plants/tx/training_crockett/FCAF/FCAF3ED8-B847-4BF2-BC33-0E1F906F8D51.pdf
fcb4260f-f968-4ba6-9327-d2a73ca96f8f,EOG_Gonzales,TX,s3://enverus-courthouse-prod-chd-plants/tx/eog_gonzales/fcb4/fcb4260f-f968-4ba6-9327-d2a73ca96f8f.pdf
fce62167-40d0-4d0f-a4a4-20b97b36f973,EOG_Lea,NM,s3://enverus-courthouse-prod-chd-plants/nm/eog_lea/fce6/fce62167-40d0-4d0f-a4a4-20b97b36f973.pdf
fcecf713-50cc-5346-bfbf-fc6e08e74068,Robertson,TX,s3://enverus-courthouse-prod-chd-plants/tx/robertson/fcec/fcecf713-50cc-5346-bfbf-fc6e08e74068.pdf
fd23ac48-fdce-4272-ac4d-975bf880ba00,EOG_Gonzales,TX,s3://enverus-courthouse-prod-chd-plants/tx/eog_gonzales/fd23/fd23ac48-fdce-4272-ac4d-975bf880ba00.pdf
FD98F010-73E2-4647-A39D-149D48B0155D,TRAINING_Glasscock,TX,s3://enverus-courthouse-prod-chd-plants/tx/training_glasscock/FD98/FD98F010-73E2-4647-A39D-149D48B0155D.pdf
fdb26b17-e459-42d9-818b-1c6760ca9dd4,EOG_Atascosa,TX,s3://enverus-courthouse-prod-chd-plants/tx/eog_atascosa/fdb2/fdb26b17-e459-42d9-818b-1c6760ca9dd4.pdf
fdc93593-4b0f-47f3-a34a-7b24105d36ea,Robertson,TX,s3://enverus-courthouse-prod-chd-plants/tx/robertson/fdc9/fdc93593-4b0f-47f3-a34a-7b24105d36ea.pdf
fe133f96-a1d4-4b3b-8925-2c865437726b,EOG_Karnes,TX,s3://enverus-courthouse-prod-chd-plants/tx/eog_karnes/fe13/fe133f96-a1d4-4b3b-8925-2c865437726b.pdf
fe484c27-7d40-47b3-a524-0bd2d4ae7a17,EOG_Karnes,TX,s3://enverus-courthouse-prod-chd-plants/tx/eog_karnes/fe48/fe484c27-7d40-47b3-a524-0bd2d4ae7a17.pdf
fe7f1b3c-821b-4cce-95c0-7c9d5a9fa51f,EOG_Karnes,TX,s3://enverus-courthouse-prod-chd-plants/tx/eog_karnes/fe7f/fe7f1b3c-821b-4cce-95c0-7c9d5a9fa51f.pdf
fe7f2b05-b029-4294-b942-6528b93b4759,EOG_LaSalle,TX,s3://enverus-courthouse-prod-chd-plants/tx/eog_lasalle/fe7f/fe7f2b05-b029-4294-b942-6528b93b4759.pdf
fec6acf9-1ee2-4922-a0a8-05c24ce794bc,EOG_Cooke,TX,s3://enverus-courthouse-prod-chd-plants/tx/eog_cooke/fec6/fec6acf9-1ee2-4922-a0a8-05c24ce794bc.pdf
fef6af00-9f3d-4ef5-97b4-dddcee574488,EOG_Atascosa,TX,s3://enverus-courthouse-prod-chd-plants/tx/eog_atascosa/fef6/fef6af00-9f3d-4ef5-97b4-dddcee574488.pdf
FF364E72-6E76-4F2D-A166-33C97C2C5178,TRAINING_Pecos,TX,s3://enverus-courthouse-prod-chd-plants/tx/training_pecos/FF36/FF364E72-6E76-4F2D-A166-33C97C2C5178.pdf
ff639158-a244-4c5d-922f-f8924297c34a,EOG_Gonzales,TX,s3://enverus-courthouse-prod-chd-plants/tx/eog_gonzales/ff63/ff639158-a244-4c5d-922f-f8924297c34a.pdf
ff8c4165-c4ce-4ac1-b94a-19501d769ea0,EOG_Karnes,TX,s3://enverus-courthouse-prod-chd-plants/tx/eog_karnes/ff8c/ff8c4165-c4ce-4ac1-b94a-19501d769ea0.pdf
ffa134b7-f757-4a40-b235-5dc9665c17a6,EOG_Atascosa,TX,s3://enverus-courthouse-prod-chd-plants/tx/eog_atascosa/ffa1/ffa134b7-f757-4a40-b235-5dc9665c17a6.pdf
ffb07408-ab70-47dc-a24d-5ee55a79204a,EOG_Lea,NM,s3://enverus-courthouse-prod-chd-plants/nm/eog_lea/ffb0/ffb07408-ab70-47dc-a24d-5ee55a79204a.pdf
ffb65209-f115-40d3-9467-f9be176da7fb,EOG_Lea,NM,s3://enverus-courthouse-prod-chd-plants/nm/eog_lea/ffb6/ffb65209-f115-40d3-9467-f9be176da7fb.pdf
fff8deeb-287a-487f-8aaa-b59f3d06cf4f,EOG_LaSalle,TX,s3://enverus-courthouse-prod-chd-plants/tx/eog_lasalle/fff8/fff8deeb-287a-487f-8aaa-b59f3d06cf4f.pdf
