recordID,s3FilePath,package_id
001f6936-94e6-4f53-9f0d-f3221e3c00ea,s3://enverus-courthouse-prod-chd-plants/nm/eog_lea/001f/001f6936-94e6-4f53-9f0d-f3221e3c00ea.pdf,d9buhardd4a000d6a6h0
0024D9E2-ECD0-447B-872E-1B0A7459389F,s3://enverus-courthouse-prod-chd-plants/tx/training_walker/0024/0024D9E2-ECD0-447B-872E-1B0A7459389F.pdf,d9btvlbte9l000f8cdsg
00493749-adfc-a64b-9f96-68b975ad24df,s3://enverus-courthouse-prod-chd-plants/tx/howard/0049/00493749-adfc-a64b-9f96-68b975ad24df.pdf,d9btrjrs7m5g0088pfag
00b71a31-f6cb-488f-8c83-739b53d91a0a,s3://enverus-courthouse-prod-chd-plants/tx/eog_lasalle/00b7/00b71a31-f6cb-488f-8c83-739b53d91a0a.pdf,d9bsv7030skg00d6o0ag
00e52f5b-a198-11eb-b3cd-00505681224b,s3://enverus-courthouse-prod-chd-plants/nm/eog_lea/00e5/00e52f5b-a198-11eb-b3cd-00505681224b.pdf,d9bu8b5lksng008f9kb0
00FD1499-FD4B-4261-B9FC-CF77B38D172A,s3://enverus-courthouse-prod-chd-plants/tx/training_reeves/00FD/00FD1499-FD4B-4261-B9FC-CF77B38D172A.pdf,d9bufn3s7m5g0089mhqg
0174abc3-e504-4d86-ba99-b074ae770cf6,s3://enverus-courthouse-prod-chd-plants/tx/eog_gonzales/0174/0174abc3-e504-4d86-ba99-b074ae770cf6.pdf,d9buk2gisvug00fulbt0
01a86102-0075-4eb5-a78a-156996531a01,s3://enverus-courthouse-prod-chd-plants/tx/eog_cooke/01a8/01a86102-0075-4eb5-a78a-156996531a01.pdf,d9bu3qbk4o900089e1dg
01DD6938-5244-4FC6-B90F-ED74ABCB7143,s3://enverus-courthouse-prod-chd-plants/tx/training_houston/01DD/01DD6938-5244-4FC6-B90F-ED74ABCB7143.pdf,d9bt3uuicpjg00dbabg0
01f6f9dd-15e6-4672-8dc4-b63bd6359352,s3://enverus-courthouse-prod-chd-plants/tx/eog_cooke/01f6/01f6f9dd-15e6-4672-8dc4-b63bd6359352.pdf,d9bt4sb1f5dg00bd1ong
0212f493-142a-4493-8ab7-027c89ed019a,s3://enverus-courthouse-prod-chd-plants/tx/eog_cooke/0212/0212f493-142a-4493-8ab7-027c89ed019a.pdf,d9bu0os1kr4g008ed1l0
023ee676-5da0-4502-ab06-8c22227ea605,s3://enverus-courthouse-prod-chd-plants/tx/eog_atascosa/023e/023ee676-5da0-4502-ab06-8c22227ea605.pdf,d9btk1m89gsg00fg3m00
027337FC-AEC7-44D5-8BFF-A1F2F1827F54,s3://enverus-courthouse-prod-chd-plants/tx/training_howard/0273/027337FC-AEC7-44D5-8BFF-A1F2F1827F54.pdf,d9bt3qllksng008drfig
028ad919-ee24-48b5-99a1-005a040e1d4c,s3://enverus-courthouse-prod-chd-plants/tx/eog_cooke/028a/028ad919-ee24-48b5-99a1-005a040e1d4c.pdf,d9bum9pd6jhg0084qf7g
02980400-84f8-4a15-b626-095d95d07b4e,s3://enverus-courthouse-prod-chd-plants/nm/eog_lea/0298/02980400-84f8-4a15-b626-095d95d07b4e.pdf,d9buaqnr761000dga2t0
02a0771d-13fe-40a2-b0fd-8718600aaf10,s3://enverus-courthouse-prod-chd-plants/nm/eog_lea/02a0/02a0771d-13fe-40a2-b0fd-8718600aaf10.pdf,d9buh5rs7m5g0089p3eg
02d46f9d-5db3-4732-92c2-f46e2a395767,s3://enverus-courthouse-prod-chd-plants/nm/eog_lea/02d4/02d46f9d-5db3-4732-92c2-f46e2a395767.pdf,d9bt9fnr761000deu4d0
02ef812e-f7e2-4037-9270-bf4f7f55759e,s3://enverus-courthouse-prod-chd-plants/tx/eog_atascosa/02ef/02ef812e-f7e2-4037-9270-bf4f7f55759e.pdf,d9btkfbdelo000du6h10
0344ac83-5884-4f05-90ae-7f2066d89bcb,s3://enverus-courthouse-prod-chd-plants/tx/eog_karnes/0344/0344ac83-5884-4f05-90ae-7f2066d89bcb.pdf,d9btgj4hn77000fa2st0
034cb7ca-0cfe-4956-be72-1fca63baf63a,s3://enverus-courthouse-prod-chd-plants/nm/eog_lea/034c/034cb7ca-0cfe-4956-be72-1fca63baf63a.pdf,d9btkcu89gsg00fg4hcg
03a3a065-a092-4a31-ae60-bf1fb39d89be,s3://enverus-courthouse-prod-chd-plants/tx/eog_cooke/03a3/03a3a065-a092-4a31-ae60-bf1fb39d89be.pdf,d9btt3bk4o9000894e80
03a68b29-48fb-4563-be4e-fac123feb28a,s3://enverus-courthouse-prod-chd-plants/tx/eog_lasalle/03a6/03a68b29-48fb-4563-be4e-fac123feb28a.pdf,d9bspjbte9l000f702jg
03cdac97-b305-4365-86bf-e10d18170e77,s3://enverus-courthouse-prod-chd-plants/tx/eog_cooke/03cd/03cdac97-b305-4365-86bf-e10d18170e77.pdf,d9bucohkf4s000f7o1ig
03d1dfb8-c485-480a-a243-74082b443bb7,s3://enverus-courthouse-prod-chd-plants/nm/chd_lea/03d1/03d1dfb8-c485-480a-a243-74082b443bb7.pdf,d9bt87g59fgg00e1hpr0
040bdae3-28cf-464f-aade-7bfec98509a8,s3://enverus-courthouse-prod-chd-plants/nm/eog_lea/040b/040bdae3-28cf-464f-aade-7bfec98509a8.pdf,d9bu5akflnl000dkgong
043cbd87-40ab-414d-acf6-052fd98931ff,s3://enverus-courthouse-prod-chd-plants/tx/eog_lasalle/043c/043cbd87-40ab-414d-acf6-052fd98931ff.pdf,d9bulbvpfcq000fgpang
044e06e2-a701-458e-b7a4-a5629627855d,s3://enverus-courthouse-prod-chd-plants/nm/eog_lea/044e/044e06e2-a701-458e-b7a4-a5629627855d.pdf,d9bsulbdelo000dtdf4g
0454e05e-db3b-4278-933b-26d9c2215627,s3://enverus-courthouse-prod-chd-plants/tx/eog_gonzales/0454/0454e05e-db3b-4278-933b-26d9c2215627.pdf,d9bt6hshn77000f9ms8g
048ebf32-ee2a-4341-9396-320999f092dd,s3://enverus-courthouse-prod-chd-plants/tx/eog_cooke/048e/048ebf32-ee2a-4341-9396-320999f092dd.pdf,d9btmvoisvug00ftc7og
04a3dda5-f967-438d-938d-c95590f86c1e,s3://enverus-courthouse-prod-chd-plants/tx/crane/04a3/04a3dda5-f967-438d-938d-c95590f86c1e.pdf,d9bthh059fgg00e1s7qg
04b5b8c4-b383-4699-9591-115cf212119e,s3://enverus-courthouse-prod-chd-plants/tx/eog_atascosa/04b5/04b5b8c4-b383-4699-9591-115cf212119e.pdf,d9bsugfpfcq000fehdmg
04ebc65c-81f1-4013-85e5-bc6b738426be,s3://enverus-courthouse-prod-chd-plants/nm/chd_lea/04eb/04ebc65c-81f1-4013-85e5-bc6b738426be.pdf,d9btdi9hd6mg00bm84v0
05013efa-905a-4535-b7ba-5d0dd7bc9a65,s3://enverus-courthouse-prod-chd-plants/tx/eog_atascosa/0501/05013efa-905a-4535-b7ba-5d0dd7bc9a65.pdf,d9bu31bdelo000dupv10
052034ad-4186-44f4-a3f5-7e8f76664734,s3://enverus-courthouse-prod-chd-plants/tx/eog_cooke/0520/052034ad-4186-44f4-a3f5-7e8f76664734.pdf,d9btkdcogvn0009amop0
0526b56f-776d-468b-9a82-191d13b172da,s3://enverus-courthouse-prod-chd-plants/tx/eog_karnes/0526/0526b56f-776d-468b-9a82-191d13b172da.pdf,d9btht9d6jhg00837s60
055c9604-bec3-4e22-a937-e06d062c51c2,s3://enverus-courthouse-prod-chd-plants/tx/eog_karnes/055c/055c9604-bec3-4e22-a937-e06d062c51c2.pdf,d9btk2j1f5dg00bdjapg
0591F4D4-6C64-43A9-B055-B32B26DFBE15,s3://enverus-courthouse-prod-chd-plants/tx/training_midland/0591/0591F4D4-6C64-43A9-B055-B32B26DFBE15.pdf,d9btkfjk4o900088ppkg
05acb623-17c4-4533-9d23-9a51bf562c86,s3://enverus-courthouse-prod-chd-plants/tx/crane/05ac/05acb623-17c4-4533-9d23-9a51bf562c86.pdf,d9bsrn6icpjg00db1srg
05e8a3a6-8ba8-41a0-8e87-88fbf3fcdd2e,s3://enverus-courthouse-prod-chd-plants/tx/eog_cooke/05e8/05e8a3a6-8ba8-41a0-8e87-88fbf3fcdd2e.pdf,d9bsnjpd6jhg0082b84g
066b2fde-5517-42e6-a789-4fae698b7f1c,s3://enverus-courthouse-prod-chd-plants/nm/chd_lea/066b/066b2fde-5517-42e6-a789-4fae698b7f1c.pdf,d9buooc1kr4g008fgiug
06812cea-120c-4bbc-8750-4ce279451299,s3://enverus-courthouse-prod-chd-plants/tx/eog_karnes/0681/06812cea-120c-4bbc-8750-4ce279451299.pdf,d9buopfpfdig00fcirl0
06959d90-39bd-4161-a599-4c851d64d3d3,s3://enverus-courthouse-prod-chd-plants/tx/eog_cooke/0695/06959d90-39bd-4161-a599-4c851d64d3d3.pdf,d9bt1ta2oub000e1a3tg
06cbae3d-999d-4f83-9398-b7d1c4135a1e,s3://enverus-courthouse-prod-chd-plants/nm/eog_lea/06cb/06cbae3d-999d-4f83-9398-b7d1c4135a1e.pdf,d9bumk5lksng008fv7ug
070ba6d5-0685-48f0-856e-ba0c0a47ddfb,s3://enverus-courthouse-prod-chd-plants/nm/eog_lea/070b/070ba6d5-0685-48f0-856e-ba0c0a47ddfb.pdf,d9bu77chn77000fb0va0
070c1f52-5f6b-4771-ba06-712afa7c3ef1,s3://enverus-courthouse-prod-chd-plants/tx/eog_karnes/070c/070c1f52-5f6b-4771-ba06-712afa7c3ef1.pdf,d9btt0c1kr4g008e7cdg
071750e9-4812-48e3-8be7-e286ffaa2263,s3://enverus-courthouse-prod-chd-plants/tx/eog_lasalle/0717/071750e9-4812-48e3-8be7-e286ffaa2263.pdf,d9bu7fjk4o900089jm00
072cb06a-15fc-4938-ba7f-3e8461a6670a,s3://enverus-courthouse-prod-chd-plants/nm/eog_lea/072c/072cb06a-15fc-4938-ba7f-3e8461a6670a.pdf,d9bsnni2oub000e10cs0
07882bca-b872-42a0-8b52-acdd613061dd,s3://enverus-courthouse-prod-chd-plants/nm/eog_lea/0788/07882bca-b872-42a0-8b52-acdd613061dd.pdf,d9bupkrs7m5g008a5i20
07cbe58b-a4f9-4ddd-aa8f-8997cf21a1e8,s3://enverus-courthouse-prod-chd-plants/nm/chd_lea/07cb/07cbe58b-a4f9-4ddd-aa8f-8997cf21a1e8.pdf,d9btarvr761000devklg
07dde53b-85b8-bb4d-8899-daab7e28a67b,s3://enverus-courthouse-prod-chd-plants/tx/burleson/07dd/07dde53b-85b8-bb4d-8899-daab7e28a67b.pdf,d9buqsp5jqeg00e8mlcg
07ec8896-efb9-4c0d-9fab-29847bd0fa44,s3://enverus-courthouse-prod-chd-plants/nm/eog_lea/07ec/07ec8896-efb9-4c0d-9fab-29847bd0fa44.pdf,d9btqollksng008emkmg
07fa5d76-c2cd-4782-9ef9-d313c2f3994c,s3://enverus-courthouse-prod-chd-plants/nm/eog_lea/07fa/07fa5d76-c2cd-4782-9ef9-d313c2f3994c.pdf,d9bui519ha2000c7macg
07FF9D2B-2308-44F5-ACD8-FB3DCF3C7C45,s3://enverus-courthouse-prod-chd-plants/tx/training_johnson/07FF/07FF9D2B-2308-44F5-ACD8-FB3DCF3C7C45.pdf,d9btburk4o900088f7ag
08117128-37AB-40AE-B80E-1455F8B0A011,s3://enverus-courthouse-prod-chd-plants/nm/training_eddy/0811/08117128-37AB-40AE-B80E-1455F8B0A011.pdf,d9btiup9ha2000c6am00
081873b2-9cfe-452c-b6de-bf7b4d694d23,s3://enverus-courthouse-prod-chd-plants/tx/eog_karnes/0818/081873b2-9cfe-452c-b6de-bf7b4d694d23.pdf,d9bt9i4flnl000djd4kg
0839D579-FD5B-4902-AAA6-1E1F9984C348,s3://enverus-courthouse-prod-chd-plants/tx/training_johnson/0839/0839D579-FD5B-4902-AAA6-1E1F9984C348.pdf,d9bsrh059fgg00e1477g
08689665-83cb-4b79-92ce-5f05d734fd74,s3://enverus-courthouse-prod-chd-plants/nm/eog_lea/0868/08689665-83cb-4b79-92ce-5f05d734fd74.pdf,d9btj1059fgg00e1u6n0
087ed5b8-adfe-47b7-a548-58736de55732,s3://enverus-courthouse-prod-chd-plants/tx/houston/087e/087ed5b8-adfe-47b7-a548-58736de55732.pdf,d9bt3g1d6jhg0082mt80
088ba873-1361-42ef-9ae7-e2aea68ede73,s3://enverus-courthouse-prod-chd-plants/tx/eog_lasalle/088b/088ba873-1361-42ef-9ae7-e2aea68ede73.pdf,d9btekchn77000fa05vg
08e8042b-7404-4487-9a24-3a157f0d643f,s3://enverus-courthouse-prod-chd-plants/tx/eog_atascosa/08e8/08e8042b-7404-4487-9a24-3a157f0d643f.pdf,d9bumfoisvug00fupgcg
09350f22-7598-4f38-95d0-5cd7ade23abe,s3://enverus-courthouse-prod-chd-plants/tx/walker/0935/09350f22-7598-4f38-95d0-5cd7ade23abe.pdf,d9btekfr761000df3uj0
0966f801-6636-cd43-a6d8-5d53c4c9be89,s3://enverus-courthouse-prod-chd-plants/tx/howard/0966/0966f801-6636-cd43-a6d8-5d53c4c9be89.pdf,d9buj3r6g7ig0080s8u0
09762724-7273-481c-91fb-d4ee021e5173,s3://enverus-courthouse-prod-chd-plants/tx/eog_atascosa/0976/09762724-7273-481c-91fb-d4ee021e5173.pdf,d9btt97ak3500086vucg
0995dbcf-dd08-4043-80d2-d9c75a4f89ef,s3://enverus-courthouse-prod-chd-plants/tx/eog_mcmullen/0995/0995dbcf-dd08-4043-80d2-d9c75a4f89ef.pdf,d9buh6nak3500087ste0
09c0f120-3e83-4b0d-ac8a-90b9699ed5d3,s3://enverus-courthouse-prod-chd-plants/tx/eog_gonzales/09c0/09c0f120-3e83-4b0d-ac8a-90b9699ed5d3.pdf,d9btj4hkf4s000f6k520
09c525c2-76a9-428f-91e3-7f3839ba7570,s3://enverus-courthouse-prod-chd-plants/nm/eog_lea/09c5/09c525c2-76a9-428f-91e3-7f3839ba7570.pdf,d9bubqtlksng008ff9mg
09dcff10-feb3-415a-a1cb-0634dc2bc15d,s3://enverus-courthouse-prod-chd-plants/tx/eog_cooke/09dc/09dcff10-feb3-415a-a1cb-0634dc2bc15d.pdf,d9bu66brgi8g00bg5gog
09dfdc3e-55af-43ec-8314-98f37311488b,s3://enverus-courthouse-prod-chd-plants/nm/chd_lea/09df/09dfdc3e-55af-43ec-8314-98f37311488b.pdf,d9bto1rk4o900088tvmg
09faa9eb-ffaf-4f82-9d02-53ceaa5fcabc,s3://enverus-courthouse-prod-chd-plants/nm/eog_lea/09fa/09faa9eb-ffaf-4f82-9d02-53ceaa5fcabc.pdf,d9buhdtlksng008fnd4g
09fe0155-74f3-43d4-b03b-9d66070e605a,s3://enverus-courthouse-prod-chd-plants/nm/eog_lea/09fe/09fe0155-74f3-43d4-b03b-9d66070e605a.pdf,d9bsnlchn77000f97m4g
0a16ed29-7d77-400c-a815-592624ca66af,s3://enverus-courthouse-prod-chd-plants/tx/eog_karnes/0a16/0a16ed29-7d77-400c-a815-592624ca66af.pdf,d9btl93te9l000f7ug10
0a44eb29-ed48-436f-bf9b-23785137c1a1,s3://enverus-courthouse-prod-chd-plants/tx/eog_atascosa/0a44/0a44eb29-ed48-436f-bf9b-23785137c1a1.pdf,d9bst91kf4s000f5rul0
0a4acb65-3e92-4be2-a26a-98af6b7759b8,s3://enverus-courthouse-prod-chd-plants/nm/eog_lea/0a4a/0a4acb65-3e92-4be2-a26a-98af6b7759b8.pdf,d9bukcnr761000dgnsc0
0aa11488-4698-4ca8-9d42-95260359cf9e,s3://enverus-courthouse-prod-chd-plants/tx/crane/0aa1/0aa11488-4698-4ca8-9d42-95260359cf9e.pdf,d9buf2nr761000dgg1fg
0aac3e82-b942-4b05-87c4-67086d3df258,s3://enverus-courthouse-prod-chd-plants/nm/eog_lea/0aac/0aac3e82-b942-4b05-87c4-67086d3df258.pdf,d9bui29b0h1g00d1n3d0
0ac3a4ac-7389-4eb9-8f87-f34b4abb96b8,s3://enverus-courthouse-prod-chd-plants/tx/eog_karnes/0ac3/0ac3a4ac-7389-4eb9-8f87-f34b4abb96b8.pdf,d9btcabk4o900088g3b0
0ac7809e-2274-4fae-9700-57676b1786ac,s3://enverus-courthouse-prod-chd-plants/tx/eog_atascosa/0ac7/0ac7809e-2274-4fae-9700-57676b1786ac.pdf,d9bt4ukogvn0009a4do0
0ad504e1-f834-4ac9-af86-5188070b8dfc,s3://enverus-courthouse-prod-chd-plants/tx/crane/0ad5/0ad504e1-f834-4ac9-af86-5188070b8dfc.pdf,d9bu420isvug00ftu03g
0b33a7fa-4462-4177-8a66-21f42240d5b4,s3://enverus-courthouse-prod-chd-plants/tx/eog_mcmullen/0b33/0b33a7fa-4462-4177-8a66-21f42240d5b4.pdf,d9buhv1d6jhg0084jog0
0b372c6e-ae51-4b96-b1de-2372f7a5eb2a,s3://enverus-courthouse-prod-chd-plants/tx/eog_lasalle/0b37/0b372c6e-ae51-4b96-b1de-2372f7a5eb2a.pdf,d9bu0vp9ha2000c6tf00
0b3ca2bc-1cec-4cf2-83ad-e19aa9ce81cd,s3://enverus-courthouse-prod-chd-plants/tx/eog_gonzales/0b3c/0b3ca2bc-1cec-4cf2-83ad-e19aa9ce81cd.pdf,d9bthqjrgi8g00bfac20
0b8a3eb2-c124-4dec-af9e-22aabfff1b9c,s3://enverus-courthouse-prod-chd-plants/tx/nueces/0b8a/0b8a3eb2-c124-4dec-af9e-22aabfff1b9c.pdf,d9bt6lj1f5dg00bd438g
0ba1480d-3962-4d01-b78a-e827f9ee70c5,s3://enverus-courthouse-prod-chd-plants/tx/eog_karnes/0ba1/0ba1480d-3962-4d01-b78a-e827f9ee70c5.pdf,d9btk3u89gsg00fg3rk0
0BC49B39-F45D-46B1-A603-E05BD4483F9F,s3://enverus-courthouse-prod-chd-plants/tx/training_jack/0BC4/0BC49B39-F45D-46B1-A603-E05BD4483F9F.pdf,d9bt3m8isvug00fslh6g
0be50402-cd38-4bec-9214-93b3ec0f4c08,s3://enverus-courthouse-prod-chd-plants/tx/eog_cooke/0be5/0be50402-cd38-4bec-9214-93b3ec0f4c08.pdf,d9bupfb6g7ig00815ocg
0c2f640e-d1de-496f-a975-89c01adf74b5,s3://enverus-courthouse-prod-chd-plants/nm/eog_lea/0c2f/0c2f640e-d1de-496f-a975-89c01adf74b5.pdf,d9btj5vpfdig00fatabg
0c33c83e-43f8-437f-8a44-17549e0e1039,s3://enverus-courthouse-prod-chd-plants/nm/eog_lea/0c33/0c33c83e-43f8-437f-8a44-17549e0e1039.pdf,d9btk37pfdig00fau05g
0c5f585d-e54f-446c-bfe6-f87040ea9885,s3://enverus-courthouse-prod-chd-plants/nm/eog_lea/0c5f/0c5f585d-e54f-446c-bfe6-f87040ea9885.pdf,d9btp4a2oub000e2540g
0c60f559-1393-419b-842d-fad484ec3897,s3://enverus-courthouse-prod-chd-plants/tx/eog_gonzales/0c60/0c60f559-1393-419b-842d-fad484ec3897.pdf,d9btdarrgi8g00bf4k10
0c62e555-6db3-4e90-8dc5-7eb9404fba9a,s3://enverus-courthouse-prod-chd-plants/tx/eog_mcmullen/0c62/0c62e555-6db3-4e90-8dc5-7eb9404fba9a.pdf,d9bsps9kf4s000f5oig0
0cbfe6c0-8474-493a-9603-7578d526b62a,s3://enverus-courthouse-prod-chd-plants/nm/eog_lea/0cbf/0cbfe6c0-8474-493a-9603-7578d526b62a.pdf,d9btmnpd6jhg0083dckg
0cc8137a-34bb-4086-80cb-2096a79b2d0f,s3://enverus-courthouse-prod-chd-plants/tx/eog_karnes/0cc8/0cc8137a-34bb-4086-80cb-2096a79b2d0f.pdf,d9buh57pfdig00fc7770
0ce0a24d-a56d-4c0e-b82f-f80b4614c9e0,s3://enverus-courthouse-prod-chd-plants/nm/eog_lea/0ce0/0ce0a24d-a56d-4c0e-b82f-f80b4614c9e0.pdf,d9bu54hb0h1g00d143vg
0CE9E695-7F2E-4628-BB1A-6EDFAF7C3D95,s3://enverus-courthouse-prod-chd-plants/tx/training_crockett/0CE9/0CE9E695-7F2E-4628-BB1A-6EDFAF7C3D95.pdf,d9btbue89gsg00ffq3ag
0d1e0190-6ad0-492e-b0a4-19d2cef38b1d,s3://enverus-courthouse-prod-chd-plants/tx/eog_cooke/0d1e/0d1e0190-6ad0-492e-b0a4-19d2cef38b1d.pdf,d9bttfrk4o9000895c8g
0d2341f8-db9b-4fdf-836d-50469f9e3f6e,s3://enverus-courthouse-prod-chd-plants/nm/eog_lea/0d23/0d2341f8-db9b-4fdf-836d-50469f9e3f6e.pdf,d9buoc859fgg00e3j5n0
0d662ae8-c7b9-4bf0-ad36-8f72eee2b312,s3://enverus-courthouse-prod-chd-plants/tx/eog_cooke/0d66/0d662ae8-c7b9-4bf0-ad36-8f72eee2b312.pdf,d9btuovpfdig00fbcd3g
0d6f8f76-9356-4a3d-b721-ea5272f01f4c,s3://enverus-courthouse-prod-chd-plants/tx/eog_karnes/0d6f/0d6f8f76-9356-4a3d-b721-ea5272f01f4c.pdf,d9btmp31f5dg00bdmt80
0d78a09a-1973-408b-aca3-ed2bb153f575,s3://enverus-courthouse-prod-chd-plants/nm/chd_lea/0d78/0d78a09a-1973-408b-aca3-ed2bb153f575.pdf,d9bu9m3k4o900089n090
0d8380fa-bb09-4acf-bb88-ddf35ed3d39e,s3://enverus-courthouse-prod-chd-plants/nm/eog_lea/0d83/0d8380fa-bb09-4acf-bb88-ddf35ed3d39e.pdf,d9bu9a859fgg00e2slfg
0DAB0FB3-B767-4F82-AFF3-63825E130704,s3://enverus-courthouse-prod-chd-plants/nm/training_eddy/0DAB/0DAB0FB3-B767-4F82-AFF3-63825E130704.pdf,d9bt06689gsg00ffd340
0dc760d4-d1d8-44b4-b911-22e185585b7c,s3://enverus-courthouse-prod-chd-plants/nm/chd_lea/0dc7/0dc760d4-d1d8-44b4-b911-22e185585b7c.pdf,d9bt2b1kf4s000f6154g
0e1107f1-b3ce-4840-9dfe-42e850a6f03e,s3://enverus-courthouse-prod-chd-plants/tx/glasscock/0e11/0e1107f1-b3ce-4840-9dfe-42e850a6f03e.pdf,d9btpm3rgi8g00bfkc00
0e17f1dd-d68a-47b9-87d0-6d3dda18db59,s3://enverus-courthouse-prod-chd-plants/nm/eog_lea/0e17/0e17f1dd-d68a-47b9-87d0-6d3dda18db59.pdf,d9bu75vr761000dg4700
0e22ef40-7e8b-4cbe-a944-d53722966477,s3://enverus-courthouse-prod-chd-plants/nm/eog_lea/0e22/0e22ef40-7e8b-4cbe-a944-d53722966477.pdf,d9bst5059fgg00e15vcg
0E38BAFD-F040-4E34-AF8B-90319AC550DB,s3://enverus-courthouse-prod-chd-plants/tx/training_ward/0E38/0E38BAFD-F040-4E34-AF8B-90319AC550DB.pdf,d9bunbfr2ffg00e1ef1g
0e697ab1-8db3-4fa6-a87e-228ca5701cf7,s3://enverus-courthouse-prod-chd-plants/tx/eog_cooke/0e69/0e697ab1-8db3-4fa6-a87e-228ca5701cf7.pdf,d9bulf059fgg00e3evgg
0e6c2348-f78a-4ba5-8dbf-788a9182e3a8,s3://enverus-courthouse-prod-chd-plants/tx/eog_cooke/0e6c/0e6c2348-f78a-4ba5-8dbf-788a9182e3a8.pdf,d9btmmhhd6mg00bmisfg
0eaaa81e-9824-4bbe-862e-8ff3a2ef92b2,s3://enverus-courthouse-prod-chd-plants/tx/eog_atascosa/0eaa/0eaaa81e-9824-4bbe-862e-8ff3a2ef92b2.pdf,d9bst2hd6jhg0082gms0
0ebf1241-0901-4caf-94aa-10dacb281bbf,s3://enverus-courthouse-prod-chd-plants/nm/eog_lea/0ebf/0ebf1241-0901-4caf-94aa-10dacb281bbf.pdf,d9bto7hd6jhg0083ffm0
0ed2716d-842a-45cf-9293-3ad968393424,s3://enverus-courthouse-prod-chd-plants/tx/houston/0ed2/0ed2716d-842a-45cf-9293-3ad968393424.pdf,d9btpg6icpjg00dc3gkg
0ed292bb-2a22-4fcc-83f2-b2457505afa5,s3://enverus-courthouse-prod-chd-plants/nm/chd_lea/0ed2/0ed292bb-2a22-4fcc-83f2-b2457505afa5.pdf,d9bu33s1kr4g008eghrg
0ed5c15a-24de-4ef8-904d-98b5cd1dd621,s3://enverus-courthouse-prod-chd-plants/nm/chd_lea/0ed5/0ed5c15a-24de-4ef8-904d-98b5cd1dd621.pdf,d9bukb1hd6mg00bnt1s0
0ee6390e-bd75-4fce-ad43-cce3742a5bd7,s3://enverus-courthouse-prod-chd-plants/tx/eog_cooke/0ee6/0ee6390e-bd75-4fce-ad43-cce3742a5bd7.pdf,d9bupi3te9l000f9ibm0
0EE78134-A16B-4F78-A0CC-8A8D207ACC46,s3://enverus-courthouse-prod-chd-plants/tx/training_tyler/0EE7/0EE78134-A16B-4F78-A0CC-8A8D207ACC46.pdf,d9bt7sb6g7ig00fv21jg
0F0E44B9-83B3-424A-B6F2-058AEE48737A,s3://enverus-courthouse-prod-chd-plants/tx/training_reagan/0F0E/0F0E44B9-83B3-424A-B6F2-058AEE48737A.pdf,d9bt04rte9l000f767h0
0F51FB71-039E-4C45-8732-10338E405D58,s3://enverus-courthouse-prod-chd-plants/tx/training_jasper/0F51/0F51FB71-039E-4C45-8732-10338E405D58.pdf,d9btg54flnl000djkcu0
0f98f767-1085-4f97-850d-46067ed883aa,s3://enverus-courthouse-prod-chd-plants/tx/eog_cooke/0f98/0f98f767-1085-4f97-850d-46067ed883aa.pdf,d9bt27r6g7ig00fus9s0
0fcb7268-0e93-4be2-af98-406cc3219721,s3://enverus-courthouse-prod-chd-plants/tx/hood/0fcb/0fcb7268-0e93-4be2-af98-406cc3219721.pdf,d9btinbs7m5g0088e3u0
0fdf1d85-f014-47dc-bf6b-065ecbcf45b5,s3://enverus-courthouse-prod-chd-plants/nm/lea/0fdf/0fdf1d85-f014-47dc-bf6b-065ecbcf45b5.pdf,d9btu7js7m5g0088su4g
1011b07a-7f48-481a-aa88-cfb9644d25ed,s3://enverus-courthouse-prod-chd-plants/nm/eog_lea/1011/1011b07a-7f48-481a-aa88-cfb9644d25ed.pdf,d9bsut3s7m5g0087o8q0
10141110-5744-4076-910f-dfbf32138263,s3://enverus-courthouse-prod-chd-plants/tx/eog_karnes/1014/10141110-5744-4076-910f-dfbf32138263.pdf,d9bu94h9ha2000c78nug
1036B664-27EA-46A3-AA97-74FF0676E63C,s3://enverus-courthouse-prod-chd-plants/tx/training_johnson/1036/1036B664-27EA-46A3-AA97-74FF0676E63C.pdf,d9bu0tkhn77000fao400
1067e414-6b26-4811-bae7-fd7b792e2359,s3://enverus-courthouse-prod-chd-plants/tx/eog_karnes/1067/1067e414-6b26-4811-bae7-fd7b792e2359.pdf,d9bug3shn77000fbeav0
107cfa8d-0aea-4309-92eb-4cf8110cd6ac,s3://enverus-courthouse-prod-chd-plants/nm/eog_lea/107c/107cfa8d-0aea-4309-92eb-4cf8110cd6ac.pdf,d9btp8cogvn0009ask7g
107E5703-045C-4B2F-AC37-094EA383F626,s3://enverus-courthouse-prod-chd-plants/tx/training_johnson/107E/107E5703-045C-4B2F-AC37-094EA383F626.pdf,d9bui7j6g7ig0080r6tg
10889674-1a6f-46f6-b362-fc7ce4e0046e,s3://enverus-courthouse-prod-chd-plants/nm/chd_lea/1088/10889674-1a6f-46f6-b362-fc7ce4e0046e.pdf,d9bthnuicpjg00dbpq90
10B207BC-17EC-42BA-A947-9CAFF259E128,s3://enverus-courthouse-prod-chd-plants/tx/training_walker/10B2/10B207BC-17EC-42BA-A947-9CAFF259E128.pdf,d9buh74ogvn0009bv9m0
10c270b4-bbfd-4148-9fe8-dbcca629cc48,s3://enverus-courthouse-prod-chd-plants/tx/crane/10c2/10c270b4-bbfd-4148-9fe8-dbcca629cc48.pdf,d9bu8anr2ffg00e0o000
10FFC0BB-81F2-43E2-810B-B0A983838F6A,s3://enverus-courthouse-prod-chd-plants/tx/training_montague/10FF/10FFC0BB-81F2-43E2-810B-B0A983838F6A.pdf,d9buoofr761000dgugi0
11342cd8-f650-4de2-96dd-4aeb46fc432c,s3://enverus-courthouse-prod-chd-plants/nm/eog_lea/1134/11342cd8-f650-4de2-96dd-4aeb46fc432c.pdf,d9btv9vr2ffg00e0aigg
1158558a-4d78-4621-b47e-a7fe87f66ed0,s3://enverus-courthouse-prod-chd-plants/wv/wetzel/1158/1158558a-4d78-4621-b47e-a7fe87f66ed0.pdf,d9btta1d6jhg0083lutg
116ac8a7-74e5-43f7-8ed0-e4828345da63,s3://enverus-courthouse-prod-chd-plants/tx/eog_gonzales/116a/116ac8a7-74e5-43f7-8ed0-e4828345da63.pdf,d9buoq859fgg00e3k6j0
116B06F2-8ABF-45B9-AF7E-E5825A5842D8,s3://enverus-courthouse-prod-chd-plants/tx/training_pecos/116B/116B06F2-8ABF-45B9-AF7E-E5825A5842D8.pdf,d9bu4rhb0h1g00d13ec0
11764d13-30ae-40b3-bf8f-5b36f110daae,s3://enverus-courthouse-prod-chd-plants/nm/chd_lea/1176/11764d13-30ae-40b3-bf8f-5b36f110daae.pdf,d9bt7ns1kr4g008ddbk0
11784570-9d18-4a67-9f04-47a04b579c5a,s3://enverus-courthouse-prod-chd-plants/nm/chd_lea/1178/11784570-9d18-4a67-9f04-47a04b579c5a.pdf,d9bug0npfdig00fc5f6g
118db2a0-0e84-4adf-a34f-62cfd4051257,s3://enverus-courthouse-prod-chd-plants/tx/eog_cooke/118d/118db2a0-0e84-4adf-a34f-62cfd4051257.pdf,d9btlp3te9l000f7vm60
11d94b78-604a-4236-aff6-499032331468,s3://enverus-courthouse-prod-chd-plants/tx/eog_cooke/11d9/11d94b78-604a-4236-aff6-499032331468.pdf,d9bt6a36g7ig00fv03j0
11ec3639-390d-4813-bccb-af956a9b54e6,s3://enverus-courthouse-prod-chd-plants/tx/eog_atascosa/11ec/11ec3639-390d-4813-bccb-af956a9b54e6.pdf,d9buk0gisvug00ful7dg
12043154-A018-4DE0-8C7A-42F0484B8A1A,s3://enverus-courthouse-prod-chd-plants/tx/training_reeves/1204/12043154-A018-4DE0-8C7A-42F0484B8A1A.pdf,d9btqkbdd4a000d59760
120bc433-8b34-4286-b7ed-63f596cb87ca,s3://enverus-courthouse-prod-chd-plants/tx/crane/120b/120bc433-8b34-4286-b7ed-63f596cb87ca.pdf,d9btu8gisvug00ftl8og
1216c2ab-fc6f-7648-bd8a-4b8eba6bd9f1,s3://enverus-courthouse-prod-chd-plants/tx/andrews/1216/1216c2ab-fc6f-7648-bd8a-4b8eba6bd9f1.pdf,d9buoqc1kr4g008fgo40
12252390-5749-4e8b-b2cf-e3a6bd5d9af9,s3://enverus-courthouse-prod-chd-plants/tx/eog_atascosa/1225/12252390-5749-4e8b-b2cf-e3a6bd5d9af9.pdf,d9bspn4flnl000disicg
1264840a-50e6-4a6d-99a8-6c3f934f3f05,s3://enverus-courthouse-prod-chd-plants/nm/eog_lea/1264/1264840a-50e6-4a6d-99a8-6c3f934f3f05.pdf,d9bucp7pfdig00fc15s0
12686d8a-ad0a-46d0-bb39-ab6341c9e9ca,s3://enverus-courthouse-prod-chd-plants/tx/eog_atascosa/1268/12686d8a-ad0a-46d0-bb39-ab6341c9e9ca.pdf,d9bttg19ha2000c6og5g
126e8175-f541-45e3-b87e-6b7a7346dacf,s3://enverus-courthouse-prod-chd-plants/tx/eog_cooke/126e/126e8175-f541-45e3-b87e-6b7a7346dacf.pdf,d9buqlvak3500088aop0
12845da0-2545-4288-b674-906696aa307e,s3://enverus-courthouse-prod-chd-plants/nm/eog_lea/1284/12845da0-2545-4288-b674-906696aa307e.pdf,d9btc3pd6jhg00830nh0
134dbf06-8255-475d-ad30-453c9bd6886a,s3://enverus-courthouse-prod-chd-plants/tx/eog_karnes/134d/134dbf06-8255-475d-ad30-453c9bd6886a.pdf,d9bthdvpfdig00faqnj0
1369e106-6ed3-4eca-912f-fc34e059ef5d,s3://enverus-courthouse-prod-chd-plants/tx/eog_cooke/1369/1369e106-6ed3-4eca-912f-fc34e059ef5d.pdf,d9btp3r1f5dg00bdpkog
136D0454-010B-4C6A-B673-9742F2215FAD,s3://enverus-courthouse-prod-chd-plants/tx/training_johnson/136D/136D0454-010B-4C6A-B673-9742F2215FAD.pdf,d9btg4c1kr4g008dn5k0
13803b5f-7b28-4d1e-b5fa-ca130235fd63,s3://enverus-courthouse-prod-chd-plants/tx/eog_atascosa/1380/13803b5f-7b28-4d1e-b5fa-ca130235fd63.pdf,d9bspgg59fgg00e1209g
138914f9-0df6-466e-9947-f71799ec612b,s3://enverus-courthouse-prod-chd-plants/tx/eog_karnes/1389/138914f9-0df6-466e-9947-f71799ec612b.pdf,d9bu7jbdelo000dv0oig
138e1b6e-826f-4bbf-8e92-01334fd9566c,s3://enverus-courthouse-prod-chd-plants/tx/eog_mcmullen/138e/138e1b6e-826f-4bbf-8e92-01334fd9566c.pdf,d9bue47pfdig00fc31cg
13937190-f0cd-42bd-af79-4af373ea562c,s3://enverus-courthouse-prod-chd-plants/nm/eog_lea/1393/13937190-f0cd-42bd-af79-4af373ea562c.pdf,d9btpk1d6jhg0083hdh0
13a8a107-6c22-11e8-8071-00505681224b,s3://enverus-courthouse-prod-chd-plants/ms/amite/13a8/13a8a107-6c22-11e8-8071-00505681224b.pdf,d9bu3v95jqeg00e7kn40
13d2966c-7419-490c-96ca-7b1b1cde4e63,s3://enverus-courthouse-prod-chd-plants/tx/eog_karnes/13d2/13d2966c-7419-490c-96ca-7b1b1cde4e63.pdf,d9bu31sogvn0009baebg
13ed310c-02de-4e22-a141-9d557ec07897,s3://enverus-courthouse-prod-chd-plants/nm/chd_lea/13ed/13ed310c-02de-4e22-a141-9d557ec07897.pdf,d9btbv059fgg00e1lk5g
13fd3050-3d1e-41eb-a41f-317a891c97f0,s3://enverus-courthouse-prod-chd-plants/nm/chd_lea/13fd/13fd3050-3d1e-41eb-a41f-317a891c97f0.pdf,d9bupfcogvn0009cb740
140ef606-61a6-4440-ade9-ed51637d29ae,s3://enverus-courthouse-prod-chd-plants/nm/chd_lea/140e/140ef606-61a6-4440-ade9-ed51637d29ae.pdf,d9btdibk4o900088hefg
1424c62f-246b-46b8-8c70-177a03726339,s3://enverus-courthouse-prod-chd-plants/tx/eog_cooke/1424/1424c62f-246b-46b8-8c70-177a03726339.pdf,d9bukdvak35000881m30
14323b60-7aaa-463c-9ff4-3e789a7b8b8b,s3://enverus-courthouse-prod-chd-plants/tx/houston/1432/14323b60-7aaa-463c-9ff4-3e789a7b8b8b.pdf,d9btcbjs7m5g008876dg
1441632d-6c16-4d03-be7c-75a061d8dbee,s3://enverus-courthouse-prod-chd-plants/tx/eog_cooke/1441/1441632d-6c16-4d03-be7c-75a061d8dbee.pdf,d9buafchn77000fb5uvg
14514317-37D2-47FC-B048-9266D0523D78,s3://enverus-courthouse-prod-chd-plants/tx/training_karnes/1451/14514317-37D2-47FC-B048-9266D0523D78.pdf,d9bu0isflnl000dk9mpg
146575dd-d110-4875-840e-afbfad56faec,s3://enverus-courthouse-prod-chd-plants/tx/eog_cooke/1465/146575dd-d110-4875-840e-afbfad56faec.pdf,d9bu78bs7m5g0089a8ng
14a63bf7-15e5-4656-b148-131aa261cf0b,s3://enverus-courthouse-prod-chd-plants/tx/eog_gonzales/14a6/14a63bf7-15e5-4656-b148-131aa261cf0b.pdf,d9bugq9hd6mg00bnngtg
14d9d43b-2a21-41ee-8325-71b9d18d9422,s3://enverus-courthouse-prod-chd-plants/tx/eog_cooke/14d9/14d9d43b-2a21-41ee-8325-71b9d18d9422.pdf,d9btp6rdd4a000d575e0
14fda9bf-f104-43da-975a-54e34e1be013,s3://enverus-courthouse-prod-chd-plants/nm/eog_lea/14fd/14fda9bf-f104-43da-975a-54e34e1be013.pdf,d9bt24o59fgg00e1avng
1517339D-B65C-4108-960C-2FFA3A9C2B3F,s3://enverus-courthouse-prod-chd-plants/tx/training_crockett/1517/1517339D-B65C-4108-960C-2FFA3A9C2B3F.pdf,d9bu7h9hd6mg00bnaba0
1523060f-44a9-47e9-8649-e755bead95f6,s3://enverus-courthouse-prod-chd-plants/nm/chd_lea/1523/1523060f-44a9-47e9-8649-e755bead95f6.pdf,d9btpdbrgi8g00bfjmh0
1548f193-e8a2-409a-ad24-6c108142ba57,s3://enverus-courthouse-prod-chd-plants/tx/eog_atascosa/1548/1548f193-e8a2-409a-ad24-6c108142ba57.pdf,d9bupr9hd6mg00bo58gg
15548724-0737-47ed-a41d-82ed65fda725,s3://enverus-courthouse-prod-chd-plants/tx/eog_cooke/1554/15548724-0737-47ed-a41d-82ed65fda725.pdf,d9bt3ei2oub000e1bkkg
156e029b-5ac8-46ff-bf37-cd07b3754e33,s3://enverus-courthouse-prod-chd-plants/tx/eog_cooke/156e/156e029b-5ac8-46ff-bf37-cd07b3754e33.pdf,d9bthcm89gsg00fg0eig
15744a14-1fc4-4a8e-9477-90dbe61fda7f,s3://enverus-courthouse-prod-chd-plants/tx/glasscock/1574/15744a14-1fc4-4a8e-9477-90dbe61fda7f.pdf,d9bu53j6g7ig00807jp0
1599ed71-d89c-40b5-b23b-80ef120d943b,s3://enverus-courthouse-prod-chd-plants/tx/eog_atascosa/1599/1599ed71-d89c-40b5-b23b-80ef120d943b.pdf,d9btrrfr761000dfka2g
15b298cc-c40c-4491-90f3-bedddaa491c6,s3://enverus-courthouse-prod-chd-plants/tx/eog_mcmullen/15b2/15b298cc-c40c-4491-90f3-bedddaa491c6.pdf,d9buonh9ha2000c80b00
15c46b11-4f43-4a8f-9cde-fc350aa26d52,s3://enverus-courthouse-prod-chd-plants/nm/eog_lea/15c4/15c46b11-4f43-4a8f-9cde-fc350aa26d52.pdf,d9bua8rk4o900089ng4g
15d51e19-e9f8-47d6-88fb-7affbf486ab8,s3://enverus-courthouse-prod-chd-plants/tx/eog_cooke/15d5/15d51e19-e9f8-47d6-88fb-7affbf486ab8.pdf,d9btlg7r761000dfc8sg
15d5963c-2a44-4987-a57a-731b72d53740,s3://enverus-courthouse-prod-chd-plants/tx/eog_karnes/15d5/15d5963c-2a44-4987-a57a-731b72d53740.pdf,d9bu0cuicpjg00dccchg
162C9D84-39D5-4328-BA08-ADAB64918591,s3://enverus-courthouse-prod-chd-plants/tx/training_midland/162C/162C9D84-39D5-4328-BA08-ADAB64918591.pdf,d9buae1hd6mg00bnedlg
1653D3A3-8C0A-4F6B-B819-BDFEAB60A334,s3://enverus-courthouse-prod-chd-plants/nm/training_eddy/1653/1653D3A3-8C0A-4F6B-B819-BDFEAB60A334.pdf,d9bun7micpjg00dde5ig
165e2184-8faa-4f86-af3d-dcf0375ceac4,s3://enverus-courthouse-prod-chd-plants/tx/eog_cooke/165e/165e2184-8faa-4f86-af3d-dcf0375ceac4.pdf,d9btj5js7m5g0088f5sg
16949826-14ff-441c-bbe8-d7bc6eac973f,s3://enverus-courthouse-prod-chd-plants/nm/eog_lea/1694/16949826-14ff-441c-bbe8-d7bc6eac973f.pdf,d9bu7euicpjg00dcn0b0
169e57b3-74f6-45a7-b26f-af0fc4b397bc,s3://enverus-courthouse-prod-chd-plants/nm/chd_lea/169e/169e57b3-74f6-45a7-b26f-af0fc4b397bc.pdf,d9btg2c1kr4g008dn0q0
16a5f70c-c2f8-4e90-a49f-72c4a1ae4093,s3://enverus-courthouse-prod-chd-plants/tx/eog_cooke/16a5/16a5f70c-c2f8-4e90-a49f-72c4a1ae4093.pdf,d9bui6j6g7ig0080r4sg
16b3d951-07fd-451a-8d64-1eb1df960871,s3://enverus-courthouse-prod-chd-plants/tx/eog_cooke/16b3/16b3d951-07fd-451a-8d64-1eb1df960871.pdf,d9bt97059fgg00e1ibn0
16c09eb8-a11e-4584-8e57-b14f376715b3,s3://enverus-courthouse-prod-chd-plants/nm/eog_lea/16c0/16c09eb8-a11e-4584-8e57-b14f376715b3.pdf,d9bthps1kr4g008dpkm0
16CAD5F6-AB47-41B9-A38D-D2917EA478DB,s3://enverus-courthouse-prod-chd-plants/tx/training_reagan/16CA/16CAD5F6-AB47-41B9-A38D-D2917EA478DB.pdf,d9bu88s1kr4g008enphg
16e46bb4-4829-4008-96c8-7921812c59bd,s3://enverus-courthouse-prod-chd-plants/nm/eog_lea/16e4/16e46bb4-4829-4008-96c8-7921812c59bd.pdf,d9buor859fgg00e3k8og
16e8c056-371d-4ec6-933c-fb0455289905,s3://enverus-courthouse-prod-chd-plants/tx/eog_atascosa/16e8/16e8c056-371d-4ec6-933c-fb0455289905.pdf,d9btcbhb0h1g00d04be0
16F23CBC-DD40-426A-8525-C85B3A3AB844,s3://enverus-courthouse-prod-chd-plants/tx/training_lasalle/16F2/16F23CBC-DD40-426A-8525-C85B3A3AB844.pdf,d9buqp15jqeg00e8mbpg
16f3e2eb-1eca-45af-8cad-1930da9a183c,s3://enverus-courthouse-prod-chd-plants/tx/eog_cooke/16f3/16f3e2eb-1eca-45af-8cad-1930da9a183c.pdf,d9bupjc1kr4g008fhf00
171e9e6c-5407-406c-96fa-3f399f1f4e0b,s3://enverus-courthouse-prod-chd-plants/nm/eog_lea/171e/171e9e6c-5407-406c-96fa-3f399f1f4e0b.pdf,d9btdebs7m5g008883vg
177d5275-b7cb-4f81-b72b-f9aa73804dd7,s3://enverus-courthouse-prod-chd-plants/tx/eog_gonzales/177d/177d5275-b7cb-4f81-b72b-f9aa73804dd7.pdf,d9btkbjs7m5g0088ggv0
1807BADD-BA81-4998-AF17-39205AB94E9B,s3://enverus-courthouse-prod-chd-plants/tx/training_crockett/1807/1807BADD-BA81-4998-AF17-39205AB94E9B.pdf,d9bumgjte9l000f9eaug
184b71ea-ead8-4df1-a1e9-8ecbdb4a11b2,s3://enverus-courthouse-prod-chd-plants/nm/eog_lea/184b/184b71ea-ead8-4df1-a1e9-8ecbdb4a11b2.pdf,d9bu35hd6jhg0083ufl0
185EC95C-C633-4900-9B3C-4BCC84D8EA96,s3://enverus-courthouse-prod-chd-plants/tx/training_houston/185E/185EC95C-C633-4900-9B3C-4BCC84D8EA96.pdf,d9btn3q2oub000e2360g
187d8f47-1570-4e76-a92c-32b6a90c063a,s3://enverus-courthouse-prod-chd-plants/nm/chd_lea/187d/187d8f47-1570-4e76-a92c-32b6a90c063a.pdf,d9btugvr2ffg00e09ol0
18a29a88-5e4b-4714-9791-7814cece16b6,s3://enverus-courthouse-prod-chd-plants/nm/eog_lea/18a2/18a29a88-5e4b-4714-9791-7814cece16b6.pdf,d9bu363te9l000f8hns0
18bab263-9a95-4aba-9567-dc14854a0b6f,s3://enverus-courthouse-prod-chd-plants/tx/eog_cooke/18ba/18bab263-9a95-4aba-9567-dc14854a0b6f.pdf,d9bumer1f5dg00bf4av0
18f39198-2687-4083-87ca-f5bb015745a0,s3://enverus-courthouse-prod-chd-plants/tx/crane/18f3/18f39198-2687-4083-87ca-f5bb015745a0.pdf,d9bt7nb6g7ig00fv1lng
194CE914-806F-445D-94B0-567572FD5856,s3://enverus-courthouse-prod-chd-plants/tx/roberts/194C/194CE914-806F-445D-94B0-567572FD5856.pdf,d9btpnj6g7ig00fvo5ug
195ad6a4-df8e-496a-8afe-26e6aa5dfdcd,s3://enverus-courthouse-prod-chd-plants/tx/crane/195a/195ad6a4-df8e-496a-8afe-26e6aa5dfdcd.pdf,d9bu5fe89gsg00fgrlr0
1972E83E-8CFA-480C-A6F4-6C8A1178E9D8,s3://enverus-courthouse-prod-chd-plants/tx/training_crockett/1972/1972E83E-8CFA-480C-A6F4-6C8A1178E9D8.pdf,d9btk0830skg00d7eq80
197cfcf0-797d-11e8-a178-00505681224b,s3://enverus-courthouse-prod-chd-plants/tx/dawson/197c/197cfcf0-797d-11e8-a178-00505681224b.pdf,d9bt9jrs7m5g00883ueg
19f446e8-a9e2-44e6-80cd-819806daf9a8,s3://enverus-courthouse-prod-chd-plants/tx/eog_atascosa/19f4/19f446e8-a9e2-44e6-80cd-819806daf9a8.pdf,d9bsuk1kf4s000f5sl4g
19f4c2dc-4e1b-4982-9854-38c500fdfbda,s3://enverus-courthouse-prod-chd-plants/tx/houston/19f4/19f4c2dc-4e1b-4982-9854-38c500fdfbda.pdf,d9buom4ogvn0009caf1g
19F96583-65F7-46A3-A625-D142B912697D,s3://enverus-courthouse-prod-chd-plants/tx/training_jasper/19F9/19F96583-65F7-46A3-A625-D142B912697D.pdf,d9bu543delo000duspt0
19fd80ff-41ac-487d-a1f0-db56bfe4a977,s3://enverus-courthouse-prod-chd-plants/nm/chd_lea/19fd/19fd80ff-41ac-487d-a1f0-db56bfe4a977.pdf,d9budieicpjg00dcvmkg
1a283b2f-b367-40d7-b56a-be7c5ff0675d,s3://enverus-courthouse-prod-chd-plants/nm/eog_lea/1a28/1a283b2f-b367-40d7-b56a-be7c5ff0675d.pdf,d9bu1n9kf4s000f77ab0
1a76c810-aafe-3d49-83fa-962f80e02525,s3://enverus-courthouse-prod-chd-plants/tx/houston/1a76/1a76c810-aafe-3d49-83fa-962f80e02525.pdf,d9buhtp5jqeg00e890n0
1a79dc7b-f0f4-4b27-8232-d4db0f186d36,s3://enverus-courthouse-prod-chd-plants/nm/chd_lea/1a79/1a79dc7b-f0f4-4b27-8232-d4db0f186d36.pdf,d9buac15jqeg00e7u0qg
1a7b14e8-95ad-4804-9355-ea34ef955ba9,s3://enverus-courthouse-prod-chd-plants/nm/eog_lea/1a7b/1a7b14e8-95ad-4804-9355-ea34ef955ba9.pdf,d9btb3j6g7ig00fv66u0
1AA53C6D-0874-4D3E-A805-0398A5B9CAFF,s3://enverus-courthouse-prod-chd-plants/tx/training_leon/1AA5/1AA53C6D-0874-4D3E-A805-0398A5B9CAFF.pdf,d9btccsflnl000djgii0
1aac4ee9-151d-445c-9c4b-2813fe4fbc95,s3://enverus-courthouse-prod-chd-plants/tx/robertson/1aac/1aac4ee9-151d-445c-9c4b-2813fe4fbc95.pdf,d9bunl7pfdig00fch3s0
1adacef2-24e7-473d-a69f-ad998ef83c66,s3://enverus-courthouse-prod-chd-plants/tx/eog_cooke/1ada/1adacef2-24e7-473d-a69f-ad998ef83c66.pdf,d9btpge89gsg00fgavmg
1af445fd-829e-45da-9133-3e83c5c7d86d,s3://enverus-courthouse-prod-chd-plants/tx/eog_cooke/1af4/1af445fd-829e-45da-9133-3e83c5c7d86d.pdf,d9btvmbte9l000f8cg20
1afb950e-7456-47ff-a32c-1fe3206d5414,s3://enverus-courthouse-prod-chd-plants/tx/eog_atascosa/1afb/1afb950e-7456-47ff-a32c-1fe3206d5414.pdf,d9bukes1kr4g008fa2n0
1b0b5d68-3386-4ccb-8bbc-aa5f4e9146bd,s3://enverus-courthouse-prod-chd-plants/tx/eog_cooke/1b0b/1b0b5d68-3386-4ccb-8bbc-aa5f4e9146bd.pdf,d9btrnjrgi8g00bfmg2g
1b1d5ed8-27cf-44f3-8919-1d327b65a6ae,s3://enverus-courthouse-prod-chd-plants/tx/eog_atascosa/1b1d/1b1d5ed8-27cf-44f3-8919-1d327b65a6ae.pdf,d9bu3n95jqeg00e7k3q0
1b41636e-d507-4516-af5a-061107b0ebf9,s3://enverus-courthouse-prod-chd-plants/tx/eog_karnes/1b41/1b41636e-d507-4516-af5a-061107b0ebf9.pdf,d9btf01b0h1g00d07hbg
1b4a24dc-a0bb-43e4-bdba-1926f58a9162,s3://enverus-courthouse-prod-chd-plants/tx/eog_cooke/1b4a/1b4a24dc-a0bb-43e4-bdba-1926f58a9162.pdf,d9bst9g30skg00d6m5a0
1b5dc6f2-d733-11ec-8919-00505681224b,s3://enverus-courthouse-prod-chd-plants/nm/lea/1b5d/1b5dc6f2-d733-11ec-8919-00505681224b.pdf,d9bul3hkf4s000f83p40
1b6a6ee1-c616-4524-b909-c2043a7bb9c3,s3://enverus-courthouse-prod-chd-plants/tx/eog_karnes/1b6a/1b6a6ee1-c616-4524-b909-c2043a7bb9c3.pdf,d9btudq2oub000e2ca0g
1b6be393-5a12-4c7b-8742-fc9912b00484,s3://enverus-courthouse-prod-chd-plants/tx/houston/1b6b/1b6be393-5a12-4c7b-8742-fc9912b00484.pdf,d9bu57npfdig00fbliog
1b7da82b-262b-4f4c-8f5f-89b91243c9d4,s3://enverus-courthouse-prod-chd-plants/tx/eog_cooke/1b7d/1b7da82b-262b-4f4c-8f5f-89b91243c9d4.pdf,d9buh6m89gsg00fhcnig
1b861a46-abdb-45cd-a886-43eff5df6b74,s3://enverus-courthouse-prod-chd-plants/tx/crane/1b86/1b861a46-abdb-45cd-a886-43eff5df6b74.pdf,d9bu1n22oub000e2h42g
1bb8a3ef-acd1-4cd7-8933-99a8dc09fd43,s3://enverus-courthouse-prod-chd-plants/nm/eog_lea/1bb8/1bb8a3ef-acd1-4cd7-8933-99a8dc09fd43.pdf,d9bunpoisvug00furfi0
1bbd9b96-f14f-4e39-8502-6e6f6eb0d773,s3://enverus-courthouse-prod-chd-plants/tx/eog_gonzales/1bbd/1bbd9b96-f14f-4e39-8502-6e6f6eb0d773.pdf,d9bu5ccogvn0009bdsfg
1bd35a80-6f6d-4cf4-a2b7-5c52efce5ba1,s3://enverus-courthouse-prod-chd-plants/nm/chd_lea/1bd3/1bd35a80-6f6d-4cf4-a2b7-5c52efce5ba1.pdf,d9bt0e1b0h1g00cvmr60
1bd7f369-aad6-4b43-8242-bdf8f5a9d423,s3://enverus-courthouse-prod-chd-plants/tx/eog_karnes/1bd7/1bd7f369-aad6-4b43-8242-bdf8f5a9d423.pdf,d9btc53delo000dtsd80
1BFC6034-9FC1-455D-AEA9-A91FE5F9AF47,s3://enverus-courthouse-prod-chd-plants/nm/training_eddy/1BFC/1BFC6034-9FC1-455D-AEA9-A91FE5F9AF47.pdf,d9btmj1hd6mg00bmijug
1C27FCA5-EE90-4AE2-9C90-C11ADF17C30B,s3://enverus-courthouse-prod-chd-plants/tx/training_midland/1C27/1C27FCA5-EE90-4AE2-9C90-C11ADF17C30B.pdf,d9btajj1f5dg00bd82ig
1C350C45-2026-4CB4-B945-C00D5A8532F5,s3://enverus-courthouse-prod-chd-plants/tx/training_johnson/1C35/1C350C45-2026-4CB4-B945-C00D5A8532F5.pdf,d9bubej6g7ig0080h5d0
1c615734-26ec-4f97-80ef-9fddff95ccef,s3://enverus-courthouse-prod-chd-plants/tx/eog_atascosa/1c61/1c615734-26ec-4f97-80ef-9fddff95ccef.pdf,d9budm4ogvn0009bprs0
1C70E518-F62B-4913-A6A0-9E9B8BC07202,s3://enverus-courthouse-prod-chd-plants/tx/training_glasscock/1C70/1C70E518-F62B-4913-A6A0-9E9B8BC07202.pdf,d9btk5micpjg00dbsg0g
1c9c4242-c5ef-47f2-9854-58f377e5e2b1,s3://enverus-courthouse-prod-chd-plants/tx/eog_lasalle/1c9c/1c9c4242-c5ef-47f2-9854-58f377e5e2b1.pdf,d9buftfr2ffg00e135mg
1ca47260-e593-476c-8281-a829d8643a37,s3://enverus-courthouse-prod-chd-plants/nm/eog_lea/1ca4/1ca47260-e593-476c-8281-a829d8643a37.pdf,d9bu33hd6jhg0083uaug
1caa741f-7fce-4c74-ac02-9c658d64d571,s3://enverus-courthouse-prod-chd-plants/nm/chd_lea/1caa/1caa741f-7fce-4c74-ac02-9c658d64d571.pdf,d9bto7vpfcq000fffhu0
1CFF55F9-B897-46FF-BB14-720C9140FDFD,s3://enverus-courthouse-prod-chd-plants/tx/training_pecos/1CFF/1CFF55F9-B897-46FF-BB14-720C9140FDFD.pdf,d9bu409kf4s000f7alu0
1d015a5d-ab4f-4ed1-991e-46b18c329c3a,s3://enverus-courthouse-prod-chd-plants/tx/eog_atascosa/1d01/1d015a5d-ab4f-4ed1-991e-46b18c329c3a.pdf,d9buhvrdd4a000d6ape0
1D04CA3F-00F3-45CF-AAB9-C79B23CA1992,s3://enverus-courthouse-prod-chd-plants/tx/training_crockett/1D04/1D04CA3F-00F3-45CF-AAB9-C79B23CA1992.pdf,d9bssp3te9l000f72t80
1d2e83c3-1e83-483b-8182-2843c3063585,s3://enverus-courthouse-prod-chd-plants/nm/chd_lea/1d2e/1d2e83c3-1e83-483b-8182-2843c3063585.pdf,d9bt3gcogvn0009a2qf0
1d825062-7b7b-4440-af2c-f358279939da,s3://enverus-courthouse-prod-chd-plants/tx/eog_gonzales/1d82/1d825062-7b7b-4440-af2c-f358279939da.pdf,d9bsr4vr2ffg00dv001g
1da80aa1-831a-46cf-86f2-e1a65eea4edd,s3://enverus-courthouse-prod-chd-plants/nm/eog_lea/1da8/1da80aa1-831a-46cf-86f2-e1a65eea4edd.pdf,d9btg5vpfdig00fap950
1df00bf3-6e7a-4ef3-a23b-f2a36e5047c8,s3://enverus-courthouse-prod-chd-plants/tx/eog_atascosa/1df0/1df00bf3-6e7a-4ef3-a23b-f2a36e5047c8.pdf,d9bu611hd6mg00bn7o4g
1e150766-9f70-4813-9a52-25e7dd2c4295,s3://enverus-courthouse-prod-chd-plants/tx/houston/1e15/1e150766-9f70-4813-9a52-25e7dd2c4295.pdf,d9btemq2oub000e1ok5g
1e57dc68-d616-4f2b-8670-5b388de507b2,s3://enverus-courthouse-prod-chd-plants/nm/eog_lea/1e57/1e57dc68-d616-4f2b-8670-5b388de507b2.pdf,d9btu622oub000e2bmv0
1E663A2B-FCB8-4BC3-90EC-C4D88E703838,s3://enverus-courthouse-prod-chd-plants/tx/training_johnson/1E66/1E663A2B-FCB8-4BC3-90EC-C4D88E703838.pdf,d9bu1h7r761000dfs0g0
1e7f8c74-00e1-4b7e-93a7-c0953e5c4171,s3://enverus-courthouse-prod-chd-plants/nm/eog_lea/1e7f/1e7f8c74-00e1-4b7e-93a7-c0953e5c4171.pdf,d9bt0dtlksng008dnhsg
1e9133d5-19a5-4af1-b554-4979a3170fdd,s3://enverus-courthouse-prod-chd-plants/tx/eog_gonzales/1e91/1e9133d5-19a5-4af1-b554-4979a3170fdd.pdf,d9bukckflnl000dl6ss0
1ea7ba5e-de6f-4195-b66d-0c2a9bee1299,s3://enverus-courthouse-prod-chd-plants/tx/eog_atascosa/1ea7/1ea7ba5e-de6f-4195-b66d-0c2a9bee1299.pdf,d9bsnok1kr4g008cte50
1eac9b4e-c38e-4403-b437-2b2c564b49e6,s3://enverus-courthouse-prod-chd-plants/tx/eog_karnes/1eac/1eac9b4e-c38e-4403-b437-2b2c564b49e6.pdf,d9btkg31f5dg00bdkbi0
1ec98b20-3fd6-4cd6-b6bd-8dfd0ed546b1,s3://enverus-courthouse-prod-chd-plants/tx/eog_cooke/1ec9/1ec98b20-3fd6-4cd6-b6bd-8dfd0ed546b1.pdf,d9btalg59fgg00e1k1o0
1ef3e96c-4366-4bfd-b513-66056358ef1c,s3://enverus-courthouse-prod-chd-plants/tx/eog_karnes/1ef3/1ef3e96c-4366-4bfd-b513-66056358ef1c.pdf,d9buhunr761000dgk0mg
1f2afcba-c437-4fcb-9381-787221b45afe,s3://enverus-courthouse-prod-chd-plants/nm/chd_lea/1f2a/1f2afcba-c437-4fcb-9381-787221b45afe.pdf,d9bubl7ak3500087kubg
1f389401-923a-4eb6-baff-d7ef0d4acd31,s3://enverus-courthouse-prod-chd-plants/tx/houston/1f38/1f389401-923a-4eb6-baff-d7ef0d4acd31.pdf,d9bt4sa2oub000e1d5og
1f3a6081-68ec-46d8-8696-04c7f4cd589a,s3://enverus-courthouse-prod-chd-plants/tx/eog_mcmullen/1f3a/1f3a6081-68ec-46d8-8696-04c7f4cd589a.pdf,d9btmjh9ha2000c6f210
1f4112ba-3e0f-4149-9b12-7fd55039746e,s3://enverus-courthouse-prod-chd-plants/tx/eog_atascosa/1f41/1f4112ba-3e0f-4149-9b12-7fd55039746e.pdf,d9bub91d6jhg0084a0n0
1f4df950-686b-42ca-a646-e9ff79cfdfe3,s3://enverus-courthouse-prod-chd-plants/ok/kay/1f4d/1f4df950-686b-42ca-a646-e9ff79cfdfe3.pdf,c55nujtksi2g00c44ku0
1f5589e3-eaaa-449b-b23e-e4db158b8044,s3://enverus-courthouse-prod-chd-plants/nm/eog_lea/1f55/1f5589e3-eaaa-449b-b23e-e4db158b8044.pdf,d9bub8o30skg00d8f49g
1f59874b-3194-4e04-84e8-73f59b493b1e,s3://enverus-courthouse-prod-chd-plants/tx/crane/1f59/1f59874b-3194-4e04-84e8-73f59b493b1e.pdf,d9btsufpfdig00fb9bcg
1f643a66-b831-410e-85e0-f632d13cd113,s3://enverus-courthouse-prod-chd-plants/tx/eog_gonzales/1f64/1f643a66-b831-410e-85e0-f632d13cd113.pdf,d9btvjb1f5dg00be2hrg
1f8cff1a-e2a5-4784-8797-980af39e1859,s3://enverus-courthouse-prod-chd-plants/tx/eog_gonzales/1f8c/1f8cff1a-e2a5-4784-8797-980af39e1859.pdf,d9bu0k36g7ig008013e0
1f95534c-f88f-4719-a60a-c677c89ff6bc,s3://enverus-courthouse-prod-chd-plants/nm/eog_lea/1f95/1f95534c-f88f-4719-a60a-c677c89ff6bc.pdf,d9buci3rgi8g00bgf9lg
1FEBD6A7-F3A7-46B6-AAFC-ADBC912CDF48,s3://enverus-courthouse-prod-chd-plants/tx/training_reeves/1FEB/1FEBD6A7-F3A7-46B6-AAFC-ADBC912CDF48.pdf,d9bt3m830skg00d6sc0g
200cac81-f421-4d8a-b6b6-f052aa779490,s3://enverus-courthouse-prod-chd-plants/tx/eog_mcmullen/200c/200cac81-f421-4d8a-b6b6-f052aa779490.pdf,d9bspf7r761000ded6ag
200f54d0-a95e-4bee-a7a6-bf23336c818e,s3://enverus-courthouse-prod-chd-plants/nm/eog_lea/200f/200f54d0-a95e-4bee-a7a6-bf23336c818e.pdf,d9bst4jdd4a000d479d0
2054abf0-0db4-4bfc-8024-26ab9d188df6,s3://enverus-courthouse-prod-chd-plants/nm/eog_lea/2054/2054abf0-0db4-4bfc-8024-26ab9d188df6.pdf,d9buf2j6g7ig0080mgog
2056ecad-e15f-4940-8b08-12a693a7835d,s3://enverus-courthouse-prod-chd-plants/nm/chd_lea/2056/2056ecad-e15f-4940-8b08-12a693a7835d.pdf,d9bt6cbk4o9000888qqg
209a2dea-c970-4ca1-b2eb-f9d8c64bb28e,s3://enverus-courthouse-prod-chd-plants/nm/eog_lea/209a/209a2dea-c970-4ca1-b2eb-f9d8c64bb28e.pdf,d9bunhrrgi8g00bgvif0
20b4112d-a30c-42cd-bd5e-b138aae724a4,s3://enverus-courthouse-prod-chd-plants/tx/wise/20b4/20b4112d-a30c-42cd-bd5e-b138aae724a4.pdf,d9buolrrgi8g00bh18rg
20D73310-1956-4D65-9AE0-F9260164BD88,s3://enverus-courthouse-prod-chd-plants/tx/training_jack/20D7/20D73310-1956-4D65-9AE0-F9260164BD88.pdf,d9bst2vpfcq000fegh7g
213E3423-0430-4969-A986-42A94712AABF,s3://enverus-courthouse-prod-chd-plants/tx/training_midland/213E/213E3423-0430-4969-A986-42A94712AABF.pdf,d9bu71o30skg00d88nh0
214ca0e7-b053-4ec2-821c-24ad36a49ca0,s3://enverus-courthouse-prod-chd-plants/tx/eog_cooke/214c/214ca0e7-b053-4ec2-821c-24ad36a49ca0.pdf,d9buh2bdd4a000d69hcg
21834a27-2cf0-4840-8557-248eaf26d466,s3://enverus-courthouse-prod-chd-plants/nm/chd_lea/2183/21834a27-2cf0-4840-8557-248eaf26d466.pdf,d9buic3s7m5g0089r050
2183e059-beea-4e92-bf79-e7d404b80f82,s3://enverus-courthouse-prod-chd-plants/tx/eog_atascosa/2183/2183e059-beea-4e92-bf79-e7d404b80f82.pdf,d9bto7030skg00d7kggg
2186D76A-7C87-48AB-BBFC-FA988754C3C8,s3://enverus-courthouse-prod-chd-plants/tx/training_crockett/2186/2186D76A-7C87-48AB-BBFC-FA988754C3C8.pdf,d9buaicflnl000dkoesg
219595c3-267a-4fc5-8ed3-dcd6d9b80a40,s3://enverus-courthouse-prod-chd-plants/tx/houston/2195/219595c3-267a-4fc5-8ed3-dcd6d9b80a40.pdf,d9bt6frdelo000dtlps0
21962977-19a7-463f-826e-d0149f5b2cdd,s3://enverus-courthouse-prod-chd-plants/nm/eog_lea/2196/21962977-19a7-463f-826e-d0149f5b2cdd.pdf,d9buf3rte9l000f933k0
21ac2a7d-9074-4176-bd01-7355a74bf862,s3://enverus-courthouse-prod-chd-plants/tx/eog_mcmullen/21ac/21ac2a7d-9074-4176-bd01-7355a74bf862.pdf,d9bu2j7pfcq000fft8lg
21b544ab-0649-4d17-acc0-467648d02b47,s3://enverus-courthouse-prod-chd-plants/tx/eog_mcmullen/21b5/21b544ab-0649-4d17-acc0-467648d02b47.pdf,d9bu98jrgi8g00bg9un0
21D927BE-6B67-4310-A8DB-9DC42EB11AB9,s3://enverus-courthouse-prod-chd-plants/nm/training_eddy/21D9/21D927BE-6B67-4310-A8DB-9DC42EB11AB9.pdf,d9bu78nr2ffg00e0md1g
21e5472f-d9d9-4b61-b110-279b4439d394,s3://enverus-courthouse-prod-chd-plants/nm/chd_lea/21e5/21e5472f-d9d9-4b61-b110-279b4439d394.pdf,d9bt2dpd6jhg0082mfu0
2200A4C4-6708-47C2-8F4D-FBA4F17F58EC,s3://enverus-courthouse-prod-chd-plants/tx/training_crockett/2200/2200A4C4-6708-47C2-8F4D-FBA4F17F58EC.pdf,d9bu3n36g7ig00805dg0
2237C39E-736B-4A77-A469-44D877767E7E,s3://enverus-courthouse-prod-chd-plants/tx/training_crockett/2237/2237C39E-736B-4A77-A469-44D877767E7E.pdf,d9bu9a1b0h1g00d1a4gg
223e7195-6353-455f-a712-eccc9baf3d9d,s3://enverus-courthouse-prod-chd-plants/nm/chd_lea/223e/223e7195-6353-455f-a712-eccc9baf3d9d.pdf,d9btlc059fgg00e20u3g
224A76F3-8011-4D98-913F-0DA090564B49,s3://enverus-courthouse-prod-chd-plants/tx/training_johnson/224A/224A76F3-8011-4D98-913F-0DA090564B49.pdf,d9bu7brdelo000dv0620
2281605e-2bc7-4965-a8fe-5bc6b3c917a2,s3://enverus-courthouse-prod-chd-plants/nm/chd_lea/2281/2281605e-2bc7-4965-a8fe-5bc6b3c917a2.pdf,d9buaqfpfcq000fg9vu0
22ef16d6-72d3-45bc-a5be-000a4237c3d3,s3://enverus-courthouse-prod-chd-plants/tx/eog_atascosa/22ef/22ef16d6-72d3-45bc-a5be-000a4237c3d3.pdf,d9btk65lksng008edvog
22f0d556-0797-459e-a55d-fdbd9f287a4d,s3://enverus-courthouse-prod-chd-plants/tx/eog_karnes/22f0/22f0d556-0797-459e-a55d-fdbd9f287a4d.pdf,d9btekkhn77000fa06t0
22F8EC58-E1B8-49C6-96DE-DDC45E9C453A,s3://enverus-courthouse-prod-chd-plants/tx/training_johnson/22F8/22F8EC58-E1B8-49C6-96DE-DDC45E9C453A.pdf,d9bt9g99ha2000c5voo0
2312d68a-9042-4e08-814a-a4033205cc26,s3://enverus-courthouse-prod-chd-plants/tx/houston/2312/2312d68a-9042-4e08-814a-a4033205cc26.pdf,d9btga830skg00d7aki0
23389f83-13da-4ef3-a918-33f115452931,s3://enverus-courthouse-prod-chd-plants/tx/eog_mcmullen/2338/23389f83-13da-4ef3-a918-33f115452931.pdf,d9bt9n030skg00d73bd0
2388fa76-f4a2-4355-a014-dee4a60962f6,s3://enverus-courthouse-prod-chd-plants/tx/eog_atascosa/2388/2388fa76-f4a2-4355-a014-dee4a60962f6.pdf,d9bsri6icpjg00db1h2g
239abcc5-9f9a-43d0-824f-9819b12b66aa,s3://enverus-courthouse-prod-chd-plants/nm/eog_lea/239a/239abcc5-9f9a-43d0-824f-9819b12b66aa.pdf,d9bteurdelo000dtvvm0
23a098cb-6adb-4203-917b-15b81e7d17f9,s3://enverus-courthouse-prod-chd-plants/nm/eog_lea/23a0/23a098cb-6adb-4203-917b-15b81e7d17f9.pdf,d9bu3n4flnl000dke22g
23a146e8-6b7a-4a4a-af57-797c96b079c3,s3://enverus-courthouse-prod-chd-plants/tx/eog_cooke/23a1/23a146e8-6b7a-4a4a-af57-797c96b079c3.pdf,d9bufp7r761000dggoe0
23c27fac-b362-4ca1-a1bc-01d7298d4ca0,s3://enverus-courthouse-prod-chd-plants/tx/eog_atascosa/23c2/23c27fac-b362-4ca1-a1bc-01d7298d4ca0.pdf,d9btionpfdig00fasabg
23ddafa5-2719-44c9-b004-105f803c135d,s3://enverus-courthouse-prod-chd-plants/nm/chd_lea/23dd/23ddafa5-2719-44c9-b004-105f803c135d.pdf,d9bt9fkflnl000djcv1g
23f0e3d5-7323-452a-8e7c-261236cb7054,s3://enverus-courthouse-prod-chd-plants/tx/eog_lasalle/23f0/23f0e3d5-7323-452a-8e7c-261236cb7054.pdf,d9bt6j030skg00d6vfkg
241EB213-6E31-4017-BE61-851089518B74,s3://enverus-courthouse-prod-chd-plants/tx/training_leon/241E/241EB213-6E31-4017-BE61-851089518B74.pdf,d9bualjte9l000f8sm3g
24336053-6d41-4352-80c8-263c34f41ef7,s3://enverus-courthouse-prod-chd-plants/nm/eog_lea/2433/24336053-6d41-4352-80c8-263c34f41ef7.pdf,d9bteohkf4s000f6er8g
2449d8a1-d39a-40ea-b613-5ac56ebe351b,s3://enverus-courthouse-prod-chd-plants/tx/eog_mcmullen/2449/2449d8a1-d39a-40ea-b613-5ac56ebe351b.pdf,d9btkl7r761000dfblag
2466456f-200c-47dc-af2a-a88e184464bb,s3://enverus-courthouse-prod-chd-plants/tx/eog_gonzales/2466/2466456f-200c-47dc-af2a-a88e184464bb.pdf,d9bum3s1kr4g008fcahg
24b89a10-fd97-458d-a066-735c0411427a,s3://enverus-courthouse-prod-chd-plants/tx/eog_karnes/24b8/24b89a10-fd97-458d-a066-735c0411427a.pdf,d9btp7059fgg00e25qig
24E3C6E8-4533-4917-A3B5-948B7E3E4C8A,s3://enverus-courthouse-prod-chd-plants/tx/training_crockett/24E3/24E3C6E8-4533-4917-A3B5-948B7E3E4C8A.pdf,d9btb0s1kr4g008dhkj0
250274b7-fe93-4348-a045-30765bd73f7d,s3://enverus-courthouse-prod-chd-plants/nm/chd_lea/2502/250274b7-fe93-4348-a045-30765bd73f7d.pdf,d9bu6eo59fgg00e2oou0
250ec778-ab86-460b-9afe-ff18a6cf8e28,s3://enverus-courthouse-prod-chd-plants/tx/eog_atascosa/250e/250ec778-ab86-460b-9afe-ff18a6cf8e28.pdf,d9buf54hn77000fbd030
2515a7d1-64f2-4a8a-bbd3-93e9003dc155,s3://enverus-courthouse-prod-chd-plants/tx/eog_cooke/2515/2515a7d1-64f2-4a8a-bbd3-93e9003dc155.pdf,d9btodm89gsg00fg9pcg
252e6ef0-b88f-41f4-84e4-7c6bb2d12adc,s3://enverus-courthouse-prod-chd-plants/tx/training_lasalle/252e/252e6ef0-b88f-41f4-84e4-7c6bb2d12adc.pdf,d9bsnosflnl000diqnug
2571e854-c77f-42e4-af89-e13219fb260d,s3://enverus-courthouse-prod-chd-plants/tx/eog_atascosa/2571/2571e854-c77f-42e4-af89-e13219fb260d.pdf,d9budfvpfdig00fc1g7g
25B6513F-2C5B-4138-A275-6EA54617C169,s3://enverus-courthouse-prod-chd-plants/tx/training_tyler/25B6/25B6513F-2C5B-4138-A275-6EA54617C169.pdf,d9bur1bdelo000dvtjp0
25fdc488-c9fb-4923-a14c-56bf1ef7a8cf,s3://enverus-courthouse-prod-chd-plants/tx/eog_atascosa/25fd/25fdc488-c9fb-4923-a14c-56bf1ef7a8cf.pdf,d9bt56fpfcq000fep0gg
261C23B8-286B-421D-9F14-E24DA7E9F05A,s3://enverus-courthouse-prod-chd-plants/nm/training_eddy/261C/261C23B8-286B-421D-9F14-E24DA7E9F05A.pdf,d9bu67rk4o900089hmgg
26257fec-afc2-4cfa-adf7-82acd3083f81,s3://enverus-courthouse-prod-chd-plants/nm/eog_lea/2625/26257fec-afc2-4cfa-adf7-82acd3083f81.pdf,d9btc036g7ig00fv6p80
2667c016-432f-4039-9687-4d4867b483d9,s3://enverus-courthouse-prod-chd-plants/tx/eog_karnes/2667/2667c016-432f-4039-9687-4d4867b483d9.pdf,d9bufuu89gsg00fhanng
267aa5ba-7868-4b43-9f1e-35105936d382,s3://enverus-courthouse-prod-chd-plants/tx/eog_gonzales/267a/267aa5ba-7868-4b43-9f1e-35105936d382.pdf,d9btce3s7m5g00887c0g
26823ef1-0e99-4e24-b421-c312f6b281db,s3://enverus-courthouse-prod-chd-plants/tx/eog_cooke/2682/26823ef1-0e99-4e24-b421-c312f6b281db.pdf,d9btashd6jhg0082vbig
26a68509-4c8d-4cdc-a262-952ae8bafdca,s3://enverus-courthouse-prod-chd-plants/nm/eog_lea/26a6/26a68509-4c8d-4cdc-a262-952ae8bafdca.pdf,d9bu0ujrgi8g00bfu7l0
26b7ea7f-fd4c-4329-8c57-3a66d20abb63,s3://enverus-courthouse-prod-chd-plants/tx/eog_karnes/26b7/26b7ea7f-fd4c-4329-8c57-3a66d20abb63.pdf,d9btt0dlksng008ep450
26b8f3ae-b168-4446-adf2-20c46104b813,s3://enverus-courthouse-prod-chd-plants/tx/training_loving/26b8/26b8f3ae-b168-4446-adf2-20c46104b813.pdf,d9buf5bdelo000dvbpvg
26ef71b8-8c66-4a53-9115-dede13508309,s3://enverus-courthouse-prod-chd-plants/tx/eog_karnes/26ef/26ef71b8-8c66-4a53-9115-dede13508309.pdf,d9bsutnak3500085shag
26fed442-60b1-4c99-8b47-35fdf8be6a2c,s3://enverus-courthouse-prod-chd-plants/tx/eog_cooke/26fe/26fed442-60b1-4c99-8b47-35fdf8be6a2c.pdf,d9bt0gq2oub000e18qs0
273130EC-4232-4281-BF2C-5D178838F0CE,s3://enverus-courthouse-prod-chd-plants/tx/training_midland/2731/273130EC-4232-4281-BF2C-5D178838F0CE.pdf,d9btgcdlksng008e9hq0
2741ab9a-35c6-4ac4-b559-187d506e84de,s3://enverus-courthouse-prod-chd-plants/tx/eog_cooke/2741/2741ab9a-35c6-4ac4-b559-187d506e84de.pdf,d9bu8fnak3500087g2ig
279f98b8-49a2-4adb-ac0e-ad7c43ba1a6a,s3://enverus-courthouse-prod-chd-plants/tx/eog_cooke/279f/279f98b8-49a2-4adb-ac0e-ad7c43ba1a6a.pdf,d9btc3m89gsg00ffqgeg
27a3c527-8c79-4b36-ae33-77104cf6bd00,s3://enverus-courthouse-prod-chd-plants/tx/eog_cooke/27a3/27a3c527-8c79-4b36-ae33-77104cf6bd00.pdf,d9bu21q2oub000e2huig
27DBFC44-557F-48D1-8154-DF328C6457D8,s3://enverus-courthouse-prod-chd-plants/tx/training_montague/27DB/27DBFC44-557F-48D1-8154-DF328C6457D8.pdf,d9bt0i1hd6mg00blpn2g
27DDF1FC-B921-4C46-B5D8-C5573FA14F59,s3://enverus-courthouse-prod-chd-plants/nm/training_eddy/27DD/27DDF1FC-B921-4C46-B5D8-C5573FA14F59.pdf,d9buqq4hn77000fbuaa0
28291798-84e5-4f20-9094-87b3af46ae53,s3://enverus-courthouse-prod-chd-plants/nm/eog_lea/2829/28291798-84e5-4f20-9094-87b3af46ae53.pdf,d9bt25jrgi8g00beodl0
283dc47b-7a90-40fb-a70a-c5d6eae42cae,s3://enverus-courthouse-prod-chd-plants/tx/walker/283d/283dc47b-7a90-40fb-a70a-c5d6eae42cae.pdf,d9bucsu89gsg00fh6s8g
28472300-9724-401a-bc68-b4b9728407e9,s3://enverus-courthouse-prod-chd-plants/tx/eog_cooke/2847/28472300-9724-401a-bc68-b4b9728407e9.pdf,d9bsrkdlksng008dj3a0
285b250e-1152-406b-b167-38c09bc462e7,s3://enverus-courthouse-prod-chd-plants/tx/eog_cooke/285b/285b250e-1152-406b-b167-38c09bc462e7.pdf,d9bt09js7m5g0087pab0
2872c3d5-f1dc-094b-80ca-113b88552c7b,s3://enverus-courthouse-prod-chd-plants/tx/crockett/2872/2872c3d5-f1dc-094b-80ca-113b88552c7b.pdf,d9bu5bsogvn0009bdrhg
287482e1-c4c5-b542-9203-086340374f78,s3://enverus-courthouse-prod-chd-plants/tx/andrews/2874/287482e1-c4c5-b542-9203-086340374f78.pdf,d9bt29g59fgg00e1bb30
28752c46-b000-4366-8e32-70c11e772ca4,s3://enverus-courthouse-prod-chd-plants/tx/eog_cooke/2875/28752c46-b000-4366-8e32-70c11e772ca4.pdf,d9bt6hi2oub000e1f620
289A1E19-7E83-40D0-B0DE-9111D576F793,s3://enverus-courthouse-prod-chd-plants/tx/training_crockett/289A/289A1E19-7E83-40D0-B0DE-9111D576F793.pdf,d9bspcjte9l000f6vimg
28b3ff99-eb99-4681-ace9-e6611f94ce9c,s3://enverus-courthouse-prod-chd-plants/nm/chd_lea/28b3/28b3ff99-eb99-4681-ace9-e6611f94ce9c.pdf,d9bu40rs7m5g00895kv0
28d54f87-a625-49aa-9f61-982597f3ce6a,s3://enverus-courthouse-prod-chd-plants/tx/eog_karnes/28d5/28d54f87-a625-49aa-9f61-982597f3ce6a.pdf,d9bu1fcogvn0009b7ok0
28d834f8-f205-41c3-aa66-1a5384c47c39,s3://enverus-courthouse-prod-chd-plants/nm/eog_lea/28d8/28d834f8-f205-41c3-aa66-1a5384c47c39.pdf,d9btaofpfcq000feuum0
28daaa5c-3621-4771-824a-20a00ab1fd9b,s3://enverus-courthouse-prod-chd-plants/tx/eog_karnes/28da/28daaa5c-3621-4771-824a-20a00ab1fd9b.pdf,d9bu5c3te9l000f8kr80
28eb9acb-7756-4153-8f79-562791ac2d5b,s3://enverus-courthouse-prod-chd-plants/nm/chd_lea/28eb/28eb9acb-7756-4153-8f79-562791ac2d5b.pdf,d9buj5phd6mg00bnr5ag
28ebefdb-770f-4930-817c-423763fb7c1b,s3://enverus-courthouse-prod-chd-plants/tx/eog_gonzales/28eb/28ebefdb-770f-4930-817c-423763fb7c1b.pdf,d9btb2chn77000f9sb3g
291E7126-D4FA-416D-993D-5A2958E8FD47,s3://enverus-courthouse-prod-chd-plants/tx/training_burleson/291E/291E7126-D4FA-416D-993D-5A2958E8FD47.pdf,d9bu324ogvn0009baetg
296aa54e-44f9-4c56-8d4a-de84aa785e4f,s3://enverus-courthouse-prod-chd-plants/tx/eog_lasalle/296a/296aa54e-44f9-4c56-8d4a-de84aa785e4f.pdf,d9btkl1kf4s000f6m9r0
296B25A7-97FD-4C6A-9223-4BC7178AD909,s3://enverus-courthouse-prod-chd-plants/tx/training_johnson/296B/296B25A7-97FD-4C6A-9223-4BC7178AD909.pdf,d9buad9kf4s000f7k2rg
29776699-0de1-4047-ba76-feedd20fcfe8,s3://enverus-courthouse-prod-chd-plants/nm/eog_lea/2977/29776699-0de1-4047-ba76-feedd20fcfe8.pdf,d9bujhsogvn0009c2srg
29a74ab5-f1a6-42e2-b802-51a679cbcef9,s3://enverus-courthouse-prod-chd-plants/tx/eog_gonzales/29a7/29a74ab5-f1a6-42e2-b802-51a679cbcef9.pdf,d9budn99ha2000c7fnog
29AF0399-7E13-4C42-8021-AB0808DF9240,s3://enverus-courthouse-prod-chd-plants/nm/training_eddy/29AF/29AF0399-7E13-4C42-8021-AB0808DF9240.pdf,d9btn536g7ig00fvkrig
29af1428-b6a2-42e8-960b-438b2294caff,s3://enverus-courthouse-prod-chd-plants/nm/lea/29af/29af1428-b6a2-42e8-960b-438b2294caff.pdf,d9bucrs1kr4g008ev8eg
29d43544-759c-4af3-894b-485b212b7080,s3://enverus-courthouse-prod-chd-plants/tx/houston/29d4/29d43544-759c-4af3-894b-485b212b7080.pdf,d9bst6j6g7ig00fun5j0
29d61e9d-581f-4c64-8307-255dcb2e46b1,s3://enverus-courthouse-prod-chd-plants/nm/eog_lea/29d6/29d61e9d-581f-4c64-8307-255dcb2e46b1.pdf,d9bucjpd6jhg0084cc50
2a1aa3c2-ee48-4c4c-a461-40a7ac8c17dc,s3://enverus-courthouse-prod-chd-plants/tx/eog_cooke/2a1a/2a1aa3c2-ee48-4c4c-a461-40a7ac8c17dc.pdf,d9buf6micpjg00dd2f7g
2a27f9dd-2302-4594-a1c1-8b9b45569536,s3://enverus-courthouse-prod-chd-plants/tx/houston/2a27/2a27f9dd-2302-4594-a1c1-8b9b45569536.pdf,d9bt0a5lksng008dn9s0
2a293963-d1d2-4c81-a938-eb00aea8f419,s3://enverus-courthouse-prod-chd-plants/tx/ward/2a29/2a293963-d1d2-4c81-a938-eb00aea8f419.pdf,d9btk49d6jhg0083a110
2a3b793a-851f-48da-8e79-9ab44c4bc3a8,s3://enverus-courthouse-prod-chd-plants/nm/chd_lea/2a3b/2a3b793a-851f-48da-8e79-9ab44c4bc3a8.pdf,d9bu40i2oub000e2kg80
2A509A64-103C-42B0-B7FC-4EF5B547FCC9,s3://enverus-courthouse-prod-chd-plants/tx/training_madison/2A50/2A509A64-103C-42B0-B7FC-4EF5B547FCC9.pdf,d9bu1gkogvn0009b7rlg
2a7c6ad3-3f42-488c-9b13-9ca411575253,s3://enverus-courthouse-prod-chd-plants/nm/eog_lea/2a7c/2a7c6ad3-3f42-488c-9b13-9ca411575253.pdf,d9buj81kf4s000f814pg
2a8c2031-a723-498e-a73f-8e8c706036d4,s3://enverus-courthouse-prod-chd-plants/tx/eog_atascosa/2a8c/2a8c2031-a723-498e-a73f-8e8c706036d4.pdf,d9bsranpfcq000feefeg
2aac53c3-ee86-4b21-adcd-3ef928715487,s3://enverus-courthouse-prod-chd-plants/tx/houston/2aac/2aac53c3-ee86-4b21-adcd-3ef928715487.pdf,d9bur615jqeg00e8nbe0
2abe974b-c704-42eb-8253-6cfc954de504,s3://enverus-courthouse-prod-chd-plants/tx/eog_cooke/2abe/2abe974b-c704-42eb-8253-6cfc954de504.pdf,d9btqd3dd4a000d58l5g
2ABED739-4765-496D-B5E8-50FDEE22A977,s3://enverus-courthouse-prod-chd-plants/tx/training_crockett/2ABE/2ABED739-4765-496D-B5E8-50FDEE22A977.pdf,d9bupni2oub000e3kijg
2AC9F8FC-C4D2-444E-A94E-FD02CB85E9C2,s3://enverus-courthouse-prod-chd-plants/tx/training_midland/2AC9/2AC9F8FC-C4D2-444E-A94E-FD02CB85E9C2.pdf,d9bupkhb0h1g00d22as0
2AE0FD66-56F9-4A0B-87CC-DDB30A5A5750,s3://enverus-courthouse-prod-chd-plants/tx/training_grimes/2AE0/2AE0FD66-56F9-4A0B-87CC-DDB30A5A5750.pdf,d9budkbk4o900089sfh0
2AF156C0-A402-459C-B876-617755FC1F9E,s3://enverus-courthouse-prod-chd-plants/tx/training_midland/2AF1/2AF156C0-A402-459C-B876-617755FC1F9E.pdf,d9bucioisvug00fuaoc0
2af4054f-cc85-4871-b8d3-e5740449ac46,s3://enverus-courthouse-prod-chd-plants/nm/eog_lea/2af4/2af4054f-cc85-4871-b8d3-e5740449ac46.pdf,d9btvng30skg00d7ugs0
2afc0395-44d8-4fd4-855b-4f6342d23c5b,s3://enverus-courthouse-prod-chd-plants/tx/eog_atascosa/2afc/2afc0395-44d8-4fd4-855b-4f6342d23c5b.pdf,d9bsrgi2oub000e13vag
2b265165-38b5-4b55-a30f-a45202576759,s3://enverus-courthouse-prod-chd-plants/tx/eog_karnes/2b26/2b265165-38b5-4b55-a30f-a45202576759.pdf,d9btlp030skg00d7hk3g
2b2d9d30-dd69-4f12-8019-79252166289b,s3://enverus-courthouse-prod-chd-plants/tx/houston/2b2d/2b2d9d30-dd69-4f12-8019-79252166289b.pdf,d9bu9cnpfdig00fbrjj0
2B420369-E5C6-4A9E-AC37-3FAD9D0F2BB3,s3://enverus-courthouse-prod-chd-plants/nm/training_eddy/2B42/2B420369-E5C6-4A9E-AC37-3FAD9D0F2BB3.pdf,d9bulifak35000883gag
2b45a83f-52a5-4dee-9637-e20757f23d3b,s3://enverus-courthouse-prod-chd-plants/nm/chd_lea/2b45/2b45a83f-52a5-4dee-9637-e20757f23d3b.pdf,d9buahshn77000fb64m0
2b57e8fe-54f4-4ecd-ac9f-da532942619a,s3://enverus-courthouse-prod-chd-plants/tx/eog_atascosa/2b57/2b57e8fe-54f4-4ecd-ac9f-da532942619a.pdf,d9bun7bs7m5g008a2010
2b5e1135-3de9-489f-b913-4d1a57d67e34,s3://enverus-courthouse-prod-chd-plants/nm/chd_lea/2b5e/2b5e1135-3de9-489f-b913-4d1a57d67e34.pdf,d9btakbdelo000dtq9eg
2B856F33-4AAE-4B17-8717-C55FEA73B331,s3://enverus-courthouse-prod-chd-plants/tx/training_loving/2B85/2B856F33-4AAE-4B17-8717-C55FEA73B331.pdf,d9buqufr2ffg00e1juv0
2b916e7e-7745-4eed-9d5e-64d6ff9739b4,s3://enverus-courthouse-prod-chd-plants/nm/eog_lea/2b91/2b916e7e-7745-4eed-9d5e-64d6ff9739b4.pdf,d9buaorte9l000f8stog
2bbb96fb-f4ca-47f9-a708-f8f9fc5ec298,s3://enverus-courthouse-prod-chd-plants/tx/eog_atascosa/2bbb/2bbb96fb-f4ca-47f9-a708-f8f9fc5ec298.pdf,d9buldo59fgg00e3escg
2BC1F2DD-D98C-4656-A47C-DC4AA6554C7E,s3://enverus-courthouse-prod-chd-plants/tx/training_walker/2BC1/2BC1F2DD-D98C-4656-A47C-DC4AA6554C7E.pdf,d9btcc22oub000e1m5rg
2bcd8022-d8f3-431f-b2c4-b412330cf64f,s3://enverus-courthouse-prod-chd-plants/tx/eog_cooke/2bcd/2bcd8022-d8f3-431f-b2c4-b412330cf64f.pdf,d9bunonak35000886qr0
2c3ba889-3725-480b-89ef-b106673d3081,s3://enverus-courthouse-prod-chd-plants/nm/chd_lea/2c3b/2c3ba889-3725-480b-89ef-b106673d3081.pdf,d9bu9db1f5dg00begokg
2c3dc873-eb39-4c65-a475-902ae14421c0,s3://enverus-courthouse-prod-chd-plants/tx/eog_karnes/2c3d/2c3dc873-eb39-4c65-a475-902ae14421c0.pdf,d9bsunh5jqeg00e67a3g
2c5103f8-7ddc-47ca-8217-3ab0c821f2d9,s3://enverus-courthouse-prod-chd-plants/nm/lea/2c51/2c5103f8-7ddc-47ca-8217-3ab0c821f2d9.pdf,d9buf531f5dg00bepcng
2c62435f-f9f6-4598-8990-4d711627912c,s3://enverus-courthouse-prod-chd-plants/nm/chd_lea/2c62/2c62435f-f9f6-4598-8990-4d711627912c.pdf,d9bunpkogvn0009c990g
2c7f945e-81a0-4569-bdb2-d8ef78149812,s3://enverus-courthouse-prod-chd-plants/tx/eog_atascosa/2c7f/2c7f945e-81a0-4569-bdb2-d8ef78149812.pdf,d9bulag59fgg00e3ekng
2d106a48-f8de-4fa6-8c4e-1f6273e9a4e6,s3://enverus-courthouse-prod-chd-plants/nm/eog_lea/2d10/2d106a48-f8de-4fa6-8c4e-1f6273e9a4e6.pdf,d9bt7tm89gsg00ffljf0
2D1B574D-5297-4046-AC82-91C5368413EE,s3://enverus-courthouse-prod-chd-plants/tx/training_midland/2D1B/2D1B574D-5297-4046-AC82-91C5368413EE.pdf,d9bu478isvug00ftuch0
2d26b1bf-6731-4bcf-bb7d-0c3662cea0a0,s3://enverus-courthouse-prod-chd-plants/tx/eog_gonzales/2d26/2d26b1bf-6731-4bcf-bb7d-0c3662cea0a0.pdf,d9buicbrgi8g00bgnru0
2d29c142-552f-424c-87ff-500122e7e72d,s3://enverus-courthouse-prod-chd-plants/nm/eog_lea/2d29/2d29c142-552f-424c-87ff-500122e7e72d.pdf,d9bu1kg30skg00d8118g
2d3d9284-fb30-11eb-b905-00505681224b,s3://enverus-courthouse-prod-chd-plants/wv/wetzel/2d3d/2d3d9284-fb30-11eb-b905-00505681224b.pdf,d9bunjc1kr4g008feq9g
2d733ef6-d97e-4554-bc01-64ee7ccd607c,s3://enverus-courthouse-prod-chd-plants/nm/eog_lea/2d73/2d733ef6-d97e-4554-bc01-64ee7ccd607c.pdf,d9buqmb1f5dg00bfa8fg
2da6d4dc-4fb0-4a80-8e21-280cef62a8be,s3://enverus-courthouse-prod-chd-plants/tx/eog_atascosa/2da6/2da6d4dc-4fb0-4a80-8e21-280cef62a8be.pdf,d9btmu41kr4g008dvu5g
2DBF2DCA-7863-46D3-A39E-6670A6AB4188,s3://enverus-courthouse-prod-chd-plants/tx/training_madison/2DBF/2DBF2DCA-7863-46D3-A39E-6670A6AB4188.pdf,d9bsr6sflnl000ditgdg
2de17a4b-f564-46e5-bccf-90b78e5b8220,s3://enverus-courthouse-prod-chd-plants/nm/chd_lea/2de1/2de17a4b-f564-46e5-bccf-90b78e5b8220.pdf,d9btlikhn77000fa8p8g
2e1d6e69-a99d-42e4-9a42-05e13295232a,s3://enverus-courthouse-prod-chd-plants/tx/eog_karnes/2e1d/2e1d6e69-a99d-42e4-9a42-05e13295232a.pdf,d9buic1hd6mg00bnq9c0
2e351a0c-7deb-4f62-92f5-684e19db98e0,s3://enverus-courthouse-prod-chd-plants/nm/eog_lea/2e35/2e351a0c-7deb-4f62-92f5-684e19db98e0.pdf,d9bsnpnr761000dec0ug
2E4913D3-CF69-4500-B88D-23163FEFB2BB,s3://enverus-courthouse-prod-chd-plants/tx/training_crockett/2E49/2E4913D3-CF69-4500-B88D-23163FEFB2BB.pdf,d9btbvvak3500086aeg0
2e5dceb5-1b12-4061-b4ef-5a82159c8070,s3://enverus-courthouse-prod-chd-plants/nm/eog_lea/2e5d/2e5dceb5-1b12-4061-b4ef-5a82159c8070.pdf,d9buqi3dd4a000d6nipg
2E9A4677-8B70-4AEC-A7F8-5F40DD7EE088,s3://enverus-courthouse-prod-chd-plants/tx/training_loving/2E9A/2E9A4677-8B70-4AEC-A7F8-5F40DD7EE088.pdf,d9btf2jte9l000f7nmvg
2ec00ec4-2a16-4569-bd0a-c90b8223f218,s3://enverus-courthouse-prod-chd-plants/tx/eog_gonzales/2ec0/2ec00ec4-2a16-4569-bd0a-c90b8223f218.pdf,d9bugtbdelo000dve2m0
2ECA865E-AEBA-4817-9805-525B9E450E6C,s3://enverus-courthouse-prod-chd-plants/tx/training_reagan/2ECA/2ECA865E-AEBA-4817-9805-525B9E450E6C.pdf,d9bu46npfdig00fbk8l0
2ed68157-10d8-4bc1-bf6f-8b2ed76e1dec,s3://enverus-courthouse-prod-chd-plants/tx/eog_cooke/2ed6/2ed68157-10d8-4bc1-bf6f-8b2ed76e1dec.pdf,d9bugt99ha2000c7kacg
2F14F5CA-E65F-42DC-AA1D-2134E6FA87ED,s3://enverus-courthouse-prod-chd-plants/tx/training_young/2F14/2F14F5CA-E65F-42DC-AA1D-2134E6FA87ED.pdf,d9bucrnr2ffg00e0va80
2f41e22f-3206-4d7d-81fb-347f82de34a7,s3://enverus-courthouse-prod-chd-plants/nm/chd_lea/2f41/2f41e22f-3206-4d7d-81fb-347f82de34a7.pdf,d9buc93s7m5g0089hoag
2F4806F5-E9A1-4BAB-A511-78138A31BAD8,s3://enverus-courthouse-prod-chd-plants/tx/training_howard/2F48/2F4806F5-E9A1-4BAB-A511-78138A31BAD8.pdf,d9btmpc1kr4g008dvif0
2F51C1DD-280C-4215-B7B3-8EB55AF33029,s3://enverus-courthouse-prod-chd-plants/tx/training_johnson/2F51/2F51C1DD-280C-4215-B7B3-8EB55AF33029.pdf,d9btqnhhd6mg00bmo9ng
2f57e013-afbc-1245-be33-48f18bd36437,s3://enverus-courthouse-prod-chd-plants/tx/robertson/2f57/2f57e013-afbc-1245-be33-48f18bd36437.pdf,d9bu9etlksng008fbat0
2f6c43ff-3d03-4222-8f46-b79660067da8,s3://enverus-courthouse-prod-chd-plants/tx/eog_karnes/2f6c/2f6c43ff-3d03-4222-8f46-b79660067da8.pdf,d9btf11kf4s000f6fgd0
2f99b92b-3e77-4479-9b8c-209fa19a79f8,s3://enverus-courthouse-prod-chd-plants/nm/eog_lea/2f99/2f99b92b-3e77-4479-9b8c-209fa19a79f8.pdf,d9bu0r4hn77000fantp0
2fa7d644-9b5a-4a53-bf0b-c4306f9202a6,s3://enverus-courthouse-prod-chd-plants/tx/eog_karnes/2fa7/2fa7d644-9b5a-4a53-bf0b-c4306f9202a6.pdf,d9bthc0isvug00ft4or0
2fb9e261-39ec-4f2c-8897-df2020668fdb,s3://enverus-courthouse-prod-chd-plants/tx/crane/2fb9/2fb9e261-39ec-4f2c-8897-df2020668fdb.pdf,d9bsup1d6jhg0082i910
2fc55d03-bf03-4dc9-a59c-6e015b41c9d9,s3://enverus-courthouse-prod-chd-plants/tx/eog_cooke/2fc5/2fc55d03-bf03-4dc9-a59c-6e015b41c9d9.pdf,d9bu79cflnl000dkjek0
2fcb2eed-ab67-43ce-a7f5-9b1712ca7abc,s3://enverus-courthouse-prod-chd-plants/tx/houston/2fcb/2fcb2eed-ab67-43ce-a7f5-9b1712ca7abc.pdf,d9bteipd6jhg00833fhg
2fcc12d1-38ca-45d7-acf1-50fc84ace2a2,s3://enverus-courthouse-prod-chd-plants/tx/nueces/2fcc/2fcc12d1-38ca-45d7-acf1-50fc84ace2a2.pdf,d9bunab1f5dg00bf5b0g
2ff9ed65-25b6-4eff-8680-49b51864c8fe,s3://enverus-courthouse-prod-chd-plants/tx/crane/2ff9/2ff9ed65-25b6-4eff-8680-49b51864c8fe.pdf,d9buapg30skg00d8ert0
2ffefd6a-6e3d-4483-a0fe-f65602d96414,s3://enverus-courthouse-prod-chd-plants/tx/eog_cooke/2ffe/2ffefd6a-6e3d-4483-a0fe-f65602d96414.pdf,d9bsrebs7m5g0087km90
300a16aa-d34e-460b-bd65-f823ef1d17b6,s3://enverus-courthouse-prod-chd-plants/tx/eog_karnes/300a/300a16aa-d34e-460b-bd65-f823ef1d17b6.pdf,d9bu1nfak350008765dg
30101B96-086E-42BD-90B3-DDF955182080,s3://enverus-courthouse-prod-chd-plants/nm/training_eddy/3010/30101B96-086E-42BD-90B3-DDF955182080.pdf,d9btiphd6jhg00838as0
302b979a-26b9-4b12-8d0f-5613a6b51212,s3://enverus-courthouse-prod-chd-plants/nm/eog_lea/302b/302b979a-26b9-4b12-8d0f-5613a6b51212.pdf,d9bu6i19ha2000c75gr0
302e8f0a-04e5-4948-8b06-ef974954f7bf,s3://enverus-courthouse-prod-chd-plants/tx/martin/302e/302e8f0a-04e5-4948-8b06-ef974954f7bf.pdf,d9btlng30skg00d7hggg
303d24a2-a4f4-4bf4-94bd-7e6cc2913801,s3://enverus-courthouse-prod-chd-plants/nm/eog_lea/303d/303d24a2-a4f4-4bf4-94bd-7e6cc2913801.pdf,d9bu1lkflnl000dkb970
303ed594-9b81-423f-b9b0-655395cbe738,s3://enverus-courthouse-prod-chd-plants/nm/eog_lea/303e/303ed594-9b81-423f-b9b0-655395cbe738.pdf,d9bu7kmicpjg00dcne70
30436135-079f-47c4-82db-f5a62dac8bd9,s3://enverus-courthouse-prod-chd-plants/tx/eog_atascosa/3043/30436135-079f-47c4-82db-f5a62dac8bd9.pdf,d9btvjr1f5dg00be2jdg
30474cb9-dc27-49b9-b8ee-050131a56758,s3://enverus-courthouse-prod-chd-plants/tx/eog_atascosa/3047/30474cb9-dc27-49b9-b8ee-050131a56758.pdf,d9bt5bb6g7ig00fuvoo0
305EFF35-DACD-4B74-A28A-F79DC5A1AF07,s3://enverus-courthouse-prod-chd-plants/tx/training_karnes/305E/305EFF35-DACD-4B74-A28A-F79DC5A1AF07.pdf,d9bt1t7pfdig00fa936g
30aedd24-20a3-46ca-a9b7-b422353c5881,s3://enverus-courthouse-prod-chd-plants/nm/chd_lea/30ae/30aedd24-20a3-46ca-a9b7-b422353c5881.pdf,d9bt997pfdig00fah7v0
30cb02e8-0b95-444d-8c6c-51faa155d55f,s3://enverus-courthouse-prod-chd-plants/tx/eog_gonzales/30cb/30cb02e8-0b95-444d-8c6c-51faa155d55f.pdf,d9btmjllksng008egt40
30d3e0ce-ec4c-11eb-bf7b-00505681224b,s3://enverus-courthouse-prod-chd-plants/nm/eog_lea/30d3/30d3e0ce-ec4c-11eb-bf7b-00505681224b.pdf,d9bssr6icpjg00db2du0
30efac54-963e-4ee1-87d2-b033fa0d5c31,s3://enverus-courthouse-prod-chd-plants/nm/chd_lea/30ef/30efac54-963e-4ee1-87d2-b033fa0d5c31.pdf,d9bucorte9l000f900ig
30fe0b23-c95b-42a5-a534-91a88f5cf19c,s3://enverus-courthouse-prod-chd-plants/tx/eog_cooke/30fe/30fe0b23-c95b-42a5-a534-91a88f5cf19c.pdf,d9bu7gdlksng008f8jjg
31394feb-47eb-4909-a13f-cf76743c6986,s3://enverus-courthouse-prod-chd-plants/tx/eog_atascosa/3139/31394feb-47eb-4909-a13f-cf76743c6986.pdf,d9buiehkf4s000f809hg
316df268-1b39-492a-b609-98d6e9092cfa,s3://enverus-courthouse-prod-chd-plants/tx/crane/316d/316df268-1b39-492a-b609-98d6e9092cfa.pdf,d9bu8g859fgg00e2rmlg
3183ea47-2246-43fa-9412-d1e10fe4c3aa,s3://enverus-courthouse-prod-chd-plants/nm/eog_lea/3183/3183ea47-2246-43fa-9412-d1e10fe4c3aa.pdf,d9bt8331f5dg00bd5l90
31873bdb-753f-40fb-ad6a-ad5add0a4484,s3://enverus-courthouse-prod-chd-plants/tx/eog_atascosa/3187/31873bdb-753f-40fb-ad6a-ad5add0a4484.pdf,d9bthv6icpjg00dbqc10
31a0f15a-17ba-48de-a0a5-05f23b3e6b66,s3://enverus-courthouse-prod-chd-plants/nm/eog_lea/31a0/31a0f15a-17ba-48de-a0a5-05f23b3e6b66.pdf,d9buqrkflnl000dlghi0
31b1d80a-a8bf-4ffb-9c5e-74ad617b195a,s3://enverus-courthouse-prod-chd-plants/nm/eog_lea/31b1/31b1d80a-a8bf-4ffb-9c5e-74ad617b195a.pdf,d9bt6nhb0h1g00cvtsb0
31bf279d-17e0-4700-9780-82124e00812d,s3://enverus-courthouse-prod-chd-plants/nm/chd_lea/31bf/31bf279d-17e0-4700-9780-82124e00812d.pdf,d9bt9lgisvug00fssd6g
32031c14-4548-41a7-b873-2a46fd07aa51,s3://enverus-courthouse-prod-chd-plants/tx/eog_atascosa/3203/32031c14-4548-41a7-b873-2a46fd07aa51.pdf,d9bt59sogvn0009a5940
3207ec67-7f74-4e1b-9d38-61f8608a2509,s3://enverus-courthouse-prod-chd-plants/tx/eog_cooke/3207/3207ec67-7f74-4e1b-9d38-61f8608a2509.pdf,d9budk030skg00d8ihkg
320db74d-51c6-4aac-a84a-4a98cf370d37,s3://enverus-courthouse-prod-chd-plants/nm/chd_lea/320d/320db74d-51c6-4aac-a84a-4a98cf370d37.pdf,d9bsnpvpfdig00f9vdn0
320e4bd7-2210-46da-a4b3-ce2092a271c3,s3://enverus-courthouse-prod-chd-plants/nm/chd_lea/320e/320e4bd7-2210-46da-a4b3-ce2092a271c3.pdf,d9buf79d6jhg0084g2vg
3224cfb9-0c16-4802-90a5-9ce0dac86d88,s3://enverus-courthouse-prod-chd-plants/tx/eog_atascosa/3224/3224cfb9-0c16-4802-90a5-9ce0dac86d88.pdf,d9bu0k059fgg00e2g070
3233D983-CA05-4140-95A8-8C1F1BB59774,s3://enverus-courthouse-prod-chd-plants/tx/training_howard/3233/3233D983-CA05-4140-95A8-8C1F1BB59774.pdf,d9btu522oub000e2bl00
3236e277-e050-4867-9b51-dc94fbb50288,s3://enverus-courthouse-prod-chd-plants/nm/chd_lea/3236/3236e277-e050-4867-9b51-dc94fbb50288.pdf,d9bt80h5jqeg00e6h8c0
32448609-a337-4c7e-a37b-90c6291867ea,s3://enverus-courthouse-prod-chd-plants/nm/eog_lea/3244/32448609-a337-4c7e-a37b-90c6291867ea.pdf,d9btep3rgi8g00bf6jug
3248c0be-899e-43c6-a361-42076b6d3486,s3://enverus-courthouse-prod-chd-plants/tx/eog_karnes/3248/3248c0be-899e-43c6-a361-42076b6d3486.pdf,d9btiok1kr4g008dq9d0
324c4c13-fb0d-415f-aca2-26ba00b48c4c,s3://enverus-courthouse-prod-chd-plants/nm/eog_lea/324c/324c4c13-fb0d-415f-aca2-26ba00b48c4c.pdf,d9bukkjdelo000dvk3ig
326b70d1-0971-43f0-97b1-9cab010b62e3,s3://enverus-courthouse-prod-chd-plants/tx/midland/326b/326b70d1-0971-43f0-97b1-9cab010b62e3.pdf,d9btka15jqeg00e6vne0
328da2b9-8414-4dcb-9f0c-0b25932794e9,s3://enverus-courthouse-prod-chd-plants/nm/eog_lea/328d/328da2b9-8414-4dcb-9f0c-0b25932794e9.pdf,d9bu403k4o900089efb0
3294c9ec-ee15-4212-9bd1-5c342d944250,s3://enverus-courthouse-prod-chd-plants/tx/eog_gonzales/3294/3294c9ec-ee15-4212-9bd1-5c342d944250.pdf,d9bsuk859fgg00e16vfg
329deb15-7728-4e7a-9c86-42b2f73e2daa,s3://enverus-courthouse-prod-chd-plants/tx/eog_cooke/329d/329deb15-7728-4e7a-9c86-42b2f73e2daa.pdf,d9btrlvr2ffg00e05lu0
331070bb-fb04-43af-844f-90dc257ab402,s3://enverus-courthouse-prod-chd-plants/tx/eog_cooke/3310/331070bb-fb04-43af-844f-90dc257ab402.pdf,d9bthi1kf4s000f6hvj0
33606EE5-29DC-44D5-A894-2A63B5C6394B,s3://enverus-courthouse-prod-chd-plants/tx/training_johnson/3360/33606EE5-29DC-44D5-A894-2A63B5C6394B.pdf,d9buh5rdelo000dven8g
339811e6-b95a-4632-9f88-52576c346d7b,s3://enverus-courthouse-prod-chd-plants/nm/eog_lea/3398/339811e6-b95a-4632-9f88-52576c346d7b.pdf,d9bt7n859fgg00e1gikg
3399f385-9f03-4b04-a5f7-9b090167a41e,s3://enverus-courthouse-prod-chd-plants/tx/eog_gonzales/3399/3399f385-9f03-4b04-a5f7-9b090167a41e.pdf,d9bulju89gsg00fhjeag
33f12aca-5961-4e62-92cd-48f4a2912798,s3://enverus-courthouse-prod-chd-plants/nm/eog_lea/33f1/33f12aca-5961-4e62-92cd-48f4a2912798.pdf,d9btkgchn77000fa7k4g
3401bd5f-05bf-487f-ba35-a520e6065e3b,s3://enverus-courthouse-prod-chd-plants/tx/eog_atascosa/3401/3401bd5f-05bf-487f-ba35-a520e6065e3b.pdf,d9btdh31f5dg00bdbs0g
3414ac05-71ca-468c-b94e-652ee10e3553,s3://enverus-courthouse-prod-chd-plants/tx/eog_atascosa/3414/3414ac05-71ca-468c-b94e-652ee10e3553.pdf,d9bum77pfcq000fgqjbg
341b1e13-ad14-4892-88b3-4db0ca992800,s3://enverus-courthouse-prod-chd-plants/tx/eog_lasalle/341b/341b1e13-ad14-4892-88b3-4db0ca992800.pdf,d9buole89gsg00fhnr8g
34323a43-7750-4187-9d77-2bf1cd87abf8,s3://enverus-courthouse-prod-chd-plants/nm/eog_lea/3432/34323a43-7750-4187-9d77-2bf1cd87abf8.pdf,d9bt6d4ogvn0009a5ua0
347a6df9-db89-4171-bf2b-3bffd850d0fc,s3://enverus-courthouse-prod-chd-plants/tx/eog_karnes/347a/347a6df9-db89-4171-bf2b-3bffd850d0fc.pdf,d9btqt0isvug00fthcbg
34a0eb80-2d75-4fac-9624-54949d767e5e,s3://enverus-courthouse-prod-chd-plants/tx/crane/34a0/34a0eb80-2d75-4fac-9624-54949d767e5e.pdf,d9bu98a2oub000e2rvb0
35841772-c7f0-4e7c-af54-50c164b2e8ff,s3://enverus-courthouse-prod-chd-plants/tx/eog_gonzales/3584/35841772-c7f0-4e7c-af54-50c164b2e8ff.pdf,d9bto7689gsg00fg9940
35996235-7D7E-4A3F-83BE-AFCF7ED50F55,s3://enverus-courthouse-prod-chd-plants/tx/training_crockett/3599/35996235-7D7E-4A3F-83BE-AFCF7ED50F55.pdf,d9btrvfr761000dfkjhg
35e2d621-d116-4d3b-8b9d-6f9f2ea89db1,s3://enverus-courthouse-prod-chd-plants/tx/eog_cooke/35e2/35e2d621-d116-4d3b-8b9d-6f9f2ea89db1.pdf,d9bu7hkflnl000dkk2ng
3624f16a-976d-4233-af36-bfa5371a758b,s3://enverus-courthouse-prod-chd-plants/tx/eog_lasalle/3624/3624f16a-976d-4233-af36-bfa5371a758b.pdf,d9bu3o9d6jhg0083us7g
363080f7-fc0e-422d-8b72-260553784f58,s3://enverus-courthouse-prod-chd-plants/tx/ochiltree/3630/363080f7-fc0e-422d-8b72-260553784f58.pdf,ca18te12rh1g00a03n80
363c223c-7860-42b5-aa91-e38feeaefb5f,s3://enverus-courthouse-prod-chd-plants/tx/eog_lasalle/363c/363c223c-7860-42b5-aa91-e38feeaefb5f.pdf,d9bum7p5jqeg00e8fmkg
363fd05c-bf3d-46ed-b7a3-d920028b84dc,s3://enverus-courthouse-prod-chd-plants/nm/chd_lea/363f/363fd05c-bf3d-46ed-b7a3-d920028b84dc.pdf,d9bu55rdelo000dusukg
36664f62-0e77-433c-b24c-0956482cdaea,s3://enverus-courthouse-prod-chd-plants/tx/eog_lasalle/3666/36664f62-0e77-433c-b24c-0956482cdaea.pdf,d9bu8419ha2000c778a0
368142e8-431a-4c51-a1bd-e049865d26ca,s3://enverus-courthouse-prod-chd-plants/tx/eog_cooke/3681/368142e8-431a-4c51-a1bd-e049865d26ca.pdf,d9bsr5jdelo000dt9ok0
3699f71d-7283-4ed3-bb99-8ad3e048fd71,s3://enverus-courthouse-prod-chd-plants/nm/eog_lea/3699/3699f71d-7283-4ed3-bb99-8ad3e048fd71.pdf,d9btalllksng008e2ih0
36B77B44-F8EA-4B14-A1B7-A3DE56AA6911,s3://enverus-courthouse-prod-chd-plants/tx/training_lasalle/36B7/36B77B44-F8EA-4B14-A1B7-A3DE56AA6911.pdf,d9bu3sfr2ffg00e0he40
36b984a9-dfae-4fe3-94ea-aaa99aaf240d,s3://enverus-courthouse-prod-chd-plants/nm/chd_lea/36b9/36b984a9-dfae-4fe3-94ea-aaa99aaf240d.pdf,d9bu9e0isvug00fu5pgg
36FF5971-944A-4207-A072-65B6D941A0CC,s3://enverus-courthouse-prod-chd-plants/nm/training_eddy/36FF/36FF5971-944A-4207-A072-65B6D941A0CC.pdf,d9bum7kflnl000dl9k10
370B83C1-8C4F-49DB-9D7B-3277E5575B5B,s3://enverus-courthouse-prod-chd-plants/tx/training_loving/370B/370B83C1-8C4F-49DB-9D7B-3277E5575B5B.pdf,d9bsssdlksng008djtd0
373a0323-80c8-4805-b886-db4b6d0dbd3b,s3://enverus-courthouse-prod-chd-plants/nm/chd_lea/373a/373a0323-80c8-4805-b886-db4b6d0dbd3b.pdf,d9btgcu89gsg00ffvk4g
374a048a-7409-468e-903b-30e3a240d6a9,s3://enverus-courthouse-prod-chd-plants/tx/hood/374a/374a048a-7409-468e-903b-30e3a240d6a9.pdf,d9btp9vpfdig00fb4phg
374a3ca0-0190-4667-a912-24c7d589185b,s3://enverus-courthouse-prod-chd-plants/tx/eog_gonzales/374a/374a3ca0-0190-4667-a912-24c7d589185b.pdf,d9btn1rk4o900088t2pg
375288ef-3a4f-417b-808f-05bb6132bf14,s3://enverus-courthouse-prod-chd-plants/tx/eog_atascosa/3752/375288ef-3a4f-417b-808f-05bb6132bf14.pdf,d9bu96b1f5dg00beg7o0
37567D37-988A-40A9-BA13-FF5089BF8118,s3://enverus-courthouse-prod-chd-plants/tx/training_crockett/3756/37567D37-988A-40A9-BA13-FF5089BF8118.pdf,d9bubrkogvn0009bnmvg
3763371c-2ee0-4fa8-93eb-f18c8616366d,s3://enverus-courthouse-prod-chd-plants/tx/eog_cooke/3763/3763371c-2ee0-4fa8-93eb-f18c8616366d.pdf,d9bthlpb0h1g00d0acig
37932413-8742-4910-b91e-94d550aedc9f,s3://enverus-courthouse-prod-chd-plants/tx/eog_atascosa/3793/37932413-8742-4910-b91e-94d550aedc9f.pdf,d9bu493rgi8g00bg330g
37ae0aca-4891-4b30-ad42-48ce6f2a6a7c,s3://enverus-courthouse-prod-chd-plants/tx/eog_cooke/37ae/37ae0aca-4891-4b30-ad42-48ce6f2a6a7c.pdf,d9btn0pb0h1g00d0h4sg
37c0ddfa-39f8-4d59-9cf9-0c39b50d73f3,s3://enverus-courthouse-prod-chd-plants/tx/eog_gonzales/37c0/37c0ddfa-39f8-4d59-9cf9-0c39b50d73f3.pdf,d9budurte9l000f91g20
37c93304-5aa4-4b69-8768-ea6e2959547c,s3://enverus-courthouse-prod-chd-plants/tx/eog_karnes/37c9/37c93304-5aa4-4b69-8768-ea6e2959547c.pdf,d9btrng59fgg00e292q0
37e7b5d4-8b31-468f-adda-0bd02ef038e3,s3://enverus-courthouse-prod-chd-plants/nm/chd_lea/37e7/37e7b5d4-8b31-468f-adda-0bd02ef038e3.pdf,d9bts68isvug00ftj30g
382b983b-827d-42c7-b765-2c4a6517969d,s3://enverus-courthouse-prod-chd-plants/tx/eog_gonzales/382b/382b983b-827d-42c7-b765-2c4a6517969d.pdf,d9btocsogvn0009arveg
38430b1d-d0d6-489d-a5a7-534b796fedb7,s3://enverus-courthouse-prod-chd-plants/nm/eog_lea/3843/38430b1d-d0d6-489d-a5a7-534b796fedb7.pdf,d9btepbte9l000f7n060
38628943-3fba-11eb-935a-00505681224b,s3://enverus-courthouse-prod-chd-plants/nm/eog_lea/3862/38628943-3fba-11eb-935a-00505681224b.pdf,d9bu3np9ha2000c70svg
386625a7-80f1-4f8a-ab2f-74a5178d8cd5,s3://enverus-courthouse-prod-chd-plants/tx/eog_mcmullen/3866/386625a7-80f1-4f8a-ab2f-74a5178d8cd5.pdf,d9btp51hd6mg00bmlrt0
38773920-0951-4593-8a05-5bd02b69cb3a,s3://enverus-courthouse-prod-chd-plants/nm/eog_lea/3877/38773920-0951-4593-8a05-5bd02b69cb3a.pdf,d9btbub1f5dg00bd9n6g
3878c689-2b09-4b7d-978e-48378bed867a,s3://enverus-courthouse-prod-chd-plants/tx/eog_cooke/3878/3878c689-2b09-4b7d-978e-48378bed867a.pdf,d9bunlb6g7ig00813gp0
3883ddb4-27bb-4263-b2b8-b9965ba3bc23,s3://enverus-courthouse-prod-chd-plants/tx/eog_gonzales/3883/3883ddb4-27bb-4263-b2b8-b9965ba3bc23.pdf,d9bt3mvpfcq000fenb20
38a10cc6-3b56-4b29-bc9f-90833ed072bb,s3://enverus-courthouse-prod-chd-plants/tx/eog_atascosa/38a1/38a10cc6-3b56-4b29-bc9f-90833ed072bb.pdf,d9bufq5lksng008fkflg
38d79073-1942-410f-bb05-eb0e86618666,s3://enverus-courthouse-prod-chd-plants/tx/eog_cooke/38d7/38d79073-1942-410f-bb05-eb0e86618666.pdf,d9btf00isvug00ft2krg
391c1b24-b69d-44d8-ae8c-d46f0c2c9b21,s3://enverus-courthouse-prod-chd-plants/nm/chd_lea/391c/391c1b24-b69d-44d8-ae8c-d46f0c2c9b21.pdf,d9btlkfak3500086m8e0
3955f671-1088-4215-8672-6490474c4c5a,s3://enverus-courthouse-prod-chd-plants/nm/eog_lea/3955/3955f671-1088-4215-8672-6490474c4c5a.pdf,d9buivcflnl000dl4dfg
3986d7ee-d3ef-46ce-8e7a-6a44613a6fef,s3://enverus-courthouse-prod-chd-plants/tx/houston/3986/3986d7ee-d3ef-46ce-8e7a-6a44613a6fef.pdf,d9bt57nr2ffg00dvb2k0
39aee9d3-aa70-4e30-ace3-e0420e037597,s3://enverus-courthouse-prod-chd-plants/nm/eog_lea/39ae/39aee9d3-aa70-4e30-ace3-e0420e037597.pdf,d9btapm89gsg00ffotig
39b8339f-d2b0-403a-b7c7-dc345eeccbd9,s3://enverus-courthouse-prod-chd-plants/tx/eog_cooke/39b8/39b8339f-d2b0-403a-b7c7-dc345eeccbd9.pdf,d9btgkkhn77000fa30o0
39cebc16-1e70-4ad4-b9e9-fd35f69ac050,s3://enverus-courthouse-prod-chd-plants/tx/eog_karnes/39ce/39cebc16-1e70-4ad4-b9e9-fd35f69ac050.pdf,d9bttapkf4s000f715k0
39d03a21-7855-4eaf-ab02-10b954755d24,s3://enverus-courthouse-prod-chd-plants/tx/eog_atascosa/39d0/39d03a21-7855-4eaf-ab02-10b954755d24.pdf,d9bttfm89gsg00fgg76g
39f58404-64c6-4928-8f3e-94c68e38e120,s3://enverus-courthouse-prod-chd-plants/tx/eog_atascosa/39f5/39f58404-64c6-4928-8f3e-94c68e38e120.pdf,d9btk4js7m5g0088fvn0
39f8e67c-f9d6-41ee-9361-4c4a6a648f8a,s3://enverus-courthouse-prod-chd-plants/nm/chd_lea/39f8/39f8e67c-f9d6-41ee-9361-4c4a6a648f8a.pdf,d9bub9eicpjg00dcsf5g
3a2b5613-f4a6-47b2-8332-cc011d5cc292,s3://enverus-courthouse-prod-chd-plants/nm/chd_lea/3a2b/3a2b5613-f4a6-47b2-8332-cc011d5cc292.pdf,d9btf68isvug00ft33s0
3A31B069-AAD6-4D76-B195-ABCC2FDD6E59,s3://enverus-courthouse-prod-chd-plants/tx/training_johnson/3A31/3A31B069-AAD6-4D76-B195-ABCC2FDD6E59.pdf,d9bu5499ha2000c732cg
3a32382e-01c2-4597-9bf4-d2a468cf1d1c,s3://enverus-courthouse-prod-chd-plants/tx/eog_gonzales/3a32/3a32382e-01c2-4597-9bf4-d2a468cf1d1c.pdf,d9bu5upd6jhg008420dg
3a369ec4-7cac-41aa-9784-7ff747c95963,s3://enverus-courthouse-prod-chd-plants/tx/eog_karnes/3a36/3a369ec4-7cac-41aa-9784-7ff747c95963.pdf,d9btdqnak3500086d66g
3a64e8ae-f9fd-4425-9421-c6d6eeb14176,s3://enverus-courthouse-prod-chd-plants/nm/chd_lea/3a64/3a64e8ae-f9fd-4425-9421-c6d6eeb14176.pdf,d9btvrhd6jhg0083pmkg
3A9C0F34-08A5-4962-B407-AFCBFF84D4C0,s3://enverus-courthouse-prod-chd-plants/tx/training_andrews/3A9C/3A9C0F34-08A5-4962-B407-AFCBFF84D4C0.pdf,d9bujecogvn0009c2k3g
3ae2d447-eaf7-441b-9c6b-96c463279c90,s3://enverus-courthouse-prod-chd-plants/ok/roger mills/3ae2/3ae2d447-eaf7-441b-9c6b-96c463279c90.pdf,c882er0gdkfg00csr82g
3AE5D2BB-807E-4A46-9463-B79A37B4A306,s3://enverus-courthouse-prod-chd-plants/tx/training_grimes/3AE5/3AE5D2BB-807E-4A46-9463-B79A37B4A306.pdf,d9bu79vr2ffg00e0mfog
3AEB7F10-6C3D-4531-B3AB-3E9FC85EF57F,s3://enverus-courthouse-prod-chd-plants/tx/training_reeves/3AEB/3AEB7F10-6C3D-4531-B3AB-3E9FC85EF57F.pdf,d9btnugisvug00ftd1c0
3af2026b-ecc6-49d0-9c18-b89d84ae3834,s3://enverus-courthouse-prod-chd-plants/nm/eog_lea/3af2/3af2026b-ecc6-49d0-9c18-b89d84ae3834.pdf,d9bt55micpjg00dbbc20
3b12f484-be5f-4c42-a61e-af0d97e8be46,s3://enverus-courthouse-prod-chd-plants/tx/eog_cooke/3b12/3b12f484-be5f-4c42-a61e-af0d97e8be46.pdf,d9btasnr2ffg00dvh90g
3b32212b-947a-44e7-b2fd-3d10ded44129,s3://enverus-courthouse-prod-chd-plants/tx/eog_atascosa/3b32/3b32212b-947a-44e7-b2fd-3d10ded44129.pdf,d9bu7f830skg00d89olg
3b642c08-5bfd-4270-8fdb-639a4626d867,s3://enverus-courthouse-prod-chd-plants/nm/chd_lea/3b64/3b642c08-5bfd-4270-8fdb-639a4626d867.pdf,d9bu7hjte9l000f8o1g0
3b938840-818a-4414-86e4-ae5e8900bade,s3://enverus-courthouse-prod-chd-plants/nm/eog_lea/3b93/3b938840-818a-4414-86e4-ae5e8900bade.pdf,d9bt58g59fgg00e1eepg
3ba477ef-cdef-4cd2-ad1d-77e638110828,s3://enverus-courthouse-prod-chd-plants/nm/eog_lea/3ba4/3ba477ef-cdef-4cd2-ad1d-77e638110828.pdf,d9buf51b0h1g00d1ivrg
3ba848f8-0941-4f9e-ac34-23d99f472c04,s3://enverus-courthouse-prod-chd-plants/tx/eog_cooke/3ba8/3ba848f8-0941-4f9e-ac34-23d99f472c04.pdf,d9bthijs7m5g0088cvj0
3bad4e55-b1ac-4bc8-b47f-6d92c0385b0f,s3://enverus-courthouse-prod-chd-plants/tx/eog_atascosa/3bad/3bad4e55-b1ac-4bc8-b47f-6d92c0385b0f.pdf,d9bspn4flnl000disif0
3baf67e9-a8f3-4496-aac2-aa7210dd5426,s3://enverus-courthouse-prod-chd-plants/tx/crane/3baf/3baf67e9-a8f3-4496-aac2-aa7210dd5426.pdf,d9buelkogvn0009br1lg
3bb7dbdd-cb70-419f-8087-27aefd169104,s3://enverus-courthouse-prod-chd-plants/nm/chd_lea/3bb7/3bb7dbdd-cb70-419f-8087-27aefd169104.pdf,d9buppm89gsg00fhpc9g
3bc1dc6c-599c-4ab7-9472-567d87cc55a1,s3://enverus-courthouse-prod-chd-plants/nm/eog_lea/3bc1/3bc1dc6c-599c-4ab7-9472-567d87cc55a1.pdf,d9bui5b6g7ig0080r1g0
3BE17AC5-5496-484C-80EF-A31B1FF14928,s3://enverus-courthouse-prod-chd-plants/tx/training_crockett/3BE1/3BE17AC5-5496-484C-80EF-A31B1FF14928.pdf,d9bsrp7r2ffg00dv1h3g
3bff7c3f-686f-11ec-9ca2-00505681224b,s3://enverus-courthouse-prod-chd-plants/nm/eog_lea/3bff/3bff7c3f-686f-11ec-9ca2-00505681224b.pdf,d9bsno7ak3500085lhu0
3bff7c4c-686f-11ec-a73e-00505681224b,s3://enverus-courthouse-prod-chd-plants/nm/eog_lea/3bff/3bff7c4c-686f-11ec-a73e-00505681224b.pdf,d9bsul31f5dg00bcrbo0
3c30cc7a-e979-4313-bfc3-52f534b873ec,s3://enverus-courthouse-prod-chd-plants/tx/eog_atascosa/3c30/3c30cc7a-e979-4313-bfc3-52f534b873ec.pdf,d9bubnbrgi8g00bge4og
3c461726-af47-4c22-8b92-58f050d69760,s3://enverus-courthouse-prod-chd-plants/tx/eog_karnes/3c46/3c461726-af47-4c22-8b92-58f050d69760.pdf,d9bthfjrgi8g00bf9gu0
3c4d9c5e-7582-423b-87c1-0da0eb71fea5,s3://enverus-courthouse-prod-chd-plants/nm/chd_lea/3c4d/3c4d9c5e-7582-423b-87c1-0da0eb71fea5.pdf,d9bsrfr1f5dg00bcofrg
3c632f71-0d03-4716-9daf-8a193b084339,s3://enverus-courthouse-prod-chd-plants/tx/eog_karnes/3c63/3c632f71-0d03-4716-9daf-8a193b084339.pdf,d9bufnp5jqeg00e85mj0
3c9c8575-4bf4-4e82-b4e2-dd9c64d13d75,s3://enverus-courthouse-prod-chd-plants/tx/eog_cooke/3c9c/3c9c8575-4bf4-4e82-b4e2-dd9c64d13d75.pdf,d9btb6sflnl000djf98g
3cbf9d46-bd5d-429f-9b0d-ddfbc0b77be5,s3://enverus-courthouse-prod-chd-plants/tx/eog_gonzales/3cbf/3cbf9d46-bd5d-429f-9b0d-ddfbc0b77be5.pdf,d9bsrnq2oub000e14gfg
3ceaf56f-95f6-46f0-8c23-816c969894d3,s3://enverus-courthouse-prod-chd-plants/tx/eog_cooke/3cea/3ceaf56f-95f6-46f0-8c23-816c969894d3.pdf,d9bu47hb0h1g00d133mg
3cf35ef8-8868-7145-af23-9bc10f2bf7fc,s3://enverus-courthouse-prod-chd-plants/tx/burleson/3cf3/3cf35ef8-8868-7145-af23-9bc10f2bf7fc.pdf,d9btf63te9l000f7nvc0
3D005CBF-9D82-488B-AFD2-2F6F4A0A237A,s3://enverus-courthouse-prod-chd-plants/tx/training_midland/3D00/3D005CBF-9D82-488B-AFD2-2F6F4A0A237A.pdf,d9bu0k030skg00d7vjq0
3d302432-74d8-4668-9f9d-fa89537c4181,s3://enverus-courthouse-prod-chd-plants/nm/chd_lea/3d30/3d302432-74d8-4668-9f9d-fa89537c4181.pdf,d9btrpbk4o9000892opg
3d322d58-d0bf-4cdb-8706-5bd42338c1f7,s3://enverus-courthouse-prod-chd-plants/tx/eog_lasalle/3d32/3d322d58-d0bf-4cdb-8706-5bd42338c1f7.pdf,d9bubi689gsg00fh4gug
3d7e89ba-ae1a-42f7-bf51-b948d31f23a1,s3://enverus-courthouse-prod-chd-plants/nm/chd_lea/3d7e/3d7e89ba-ae1a-42f7-bf51-b948d31f23a1.pdf,d9bt1pg59fgg00e1a440
3DB236C1-E93D-46B4-BA43-995523D25E88,s3://enverus-courthouse-prod-chd-plants/tx/training_midland/3DB2/3DB236C1-E93D-46B4-BA43-995523D25E88.pdf,d9bspmo59fgg00e12f70
3ddb3e6d-ca7f-403f-94ec-69d0ad29713b,s3://enverus-courthouse-prod-chd-plants/tx/eog_atascosa/3ddb/3ddb3e6d-ca7f-403f-94ec-69d0ad29713b.pdf,d9bspkfak3500085n830
3e22fbb5-d178-4173-a641-9d5877fc9b0c,s3://enverus-courthouse-prod-chd-plants/nm/eog_lea/3e22/3e22fbb5-d178-4173-a641-9d5877fc9b0c.pdf,d9bu997pfdig00fbrb90
3e2d134a-9ead-4797-a327-7e9073b07017,s3://enverus-courthouse-prod-chd-plants/tx/eog_gonzales/3e2d/3e2d134a-9ead-4797-a327-7e9073b07017.pdf,d9btt13rgi8g00bfo5eg
3e30b137-7ad5-4b53-846a-2028225e526d,s3://enverus-courthouse-prod-chd-plants/nm/eog_lea/3e30/3e30b137-7ad5-4b53-846a-2028225e526d.pdf,d9bumcp9ha2000c7srd0
3e3da6d5-9b58-4b9d-b396-11b0906c2b8b,s3://enverus-courthouse-prod-chd-plants/tx/eog_cooke/3e3d/3e3da6d5-9b58-4b9d-b396-11b0906c2b8b.pdf,d9btkf7r2ffg00dvssmg
3e718976-276a-43dc-8287-cb9e722ee503,s3://enverus-courthouse-prod-chd-plants/tx/eog_cooke/3e71/3e718976-276a-43dc-8287-cb9e722ee503.pdf,d9bujbnpfcq000fgmb80
3e81f897-78a2-438c-b096-21108e9d7de3,s3://enverus-courthouse-prod-chd-plants/tx/eog_cooke/3e81/3e81f897-78a2-438c-b096-21108e9d7de3.pdf,d9btdkb1f5dg00bdc480
3e8b06fa-217c-47bb-bae1-67348370f744,s3://enverus-courthouse-prod-chd-plants/tx/eog_atascosa/3e8b/3e8b06fa-217c-47bb-bae1-67348370f744.pdf,d9buqschn77000fbuffg
3EC5BB4C-5B73-409E-B6FD-53F979D5EACA,s3://enverus-courthouse-prod-chd-plants/tx/training_burleson/3EC5/3EC5BB4C-5B73-409E-B6FD-53F979D5EACA.pdf,d9buqlllksng008g4no0
3ecfab78-88b1-49c1-9923-054f5b27874b,s3://enverus-courthouse-prod-chd-plants/tx/eog_karnes/3ecf/3ecfab78-88b1-49c1-9923-054f5b27874b.pdf,d9bu5ug30skg00d873q0
3ee0f8aa-f013-4f0b-bce9-45f297b601c3,s3://enverus-courthouse-prod-chd-plants/tx/eog_cooke/3ee0/3ee0f8aa-f013-4f0b-bce9-45f297b601c3.pdf,d9bu833s7m5g0089b99g
3f0701e1-13d7-4838-b782-f593843ca221,s3://enverus-courthouse-prod-chd-plants/nm/eog_lea/3f07/3f0701e1-13d7-4838-b782-f593843ca221.pdf,d9btb70isvug00fsu9m0
3f19dda5-f9aa-47ef-9514-ef3c8e62acdd,s3://enverus-courthouse-prod-chd-plants/nm/chd_lea/3f19/3f19dda5-f9aa-47ef-9514-ef3c8e62acdd.pdf,d9bum8o59fgg00e3g5h0
3f7857d5-2465-4b7f-a0df-3e7e09c34672,s3://enverus-courthouse-prod-chd-plants/tx/eog_gonzales/3f78/3f7857d5-2465-4b7f-a0df-3e7e09c34672.pdf,d9bukkkogvn0009c4ik0
3f8f1fb5-9b93-46ba-92b2-37ca5f1b53a7,s3://enverus-courthouse-prod-chd-plants/tx/eog_atascosa/3f8f/3f8f1fb5-9b93-46ba-92b2-37ca5f1b53a7.pdf,d9bsv6fr2ffg00dv4qhg
3f94f7b8-420e-48b1-bd42-8afcdcc09cdb,s3://enverus-courthouse-prod-chd-plants/nm/eog_lea/3f94/3f94f7b8-420e-48b1-bd42-8afcdcc09cdb.pdf,d9bt6jvak35000864ii0
3fb054ab-e4d3-4565-924c-fcd7d2c8a922,s3://enverus-courthouse-prod-chd-plants/tx/midland/3fb0/3fb054ab-e4d3-4565-924c-fcd7d2c8a922.pdf,d9bt2d19ha2000c5obkg
3fce98b6-5846-488a-a76f-5bcf29f1cbd9,s3://enverus-courthouse-prod-chd-plants/nm/eog_lea/3fce/3fce98b6-5846-488a-a76f-5bcf29f1cbd9.pdf,d9bt5da2oub000e1eet0
3FD9B8FE-BAC1-468C-A60D-88D4E0269830,s3://enverus-courthouse-prod-chd-plants/tx/training_madison/3FD9/3FD9B8FE-BAC1-468C-A60D-88D4E0269830.pdf,d9bt3uchn77000f9kejg
3FDCE5E7-1A88-42EF-A721-2A3D20E2F024,s3://enverus-courthouse-prod-chd-plants/tx/training_crockett/3FDC/3FDCE5E7-1A88-42EF-A721-2A3D20E2F024.pdf,d9btn422oub000e236jg
3FEE48FF-865B-4A4E-81C8-BEA9D619A2C7,s3://enverus-courthouse-prod-chd-plants/tx/training_burleson/3FEE/3FEE48FF-865B-4A4E-81C8-BEA9D619A2C7.pdf,d9bt53h9ha2000c5qpi0
3ff1432f-9079-46e1-996a-70cfdf4eca77,s3://enverus-courthouse-prod-chd-plants/tx/eog_karnes/3ff1/3ff1432f-9079-46e1-996a-70cfdf4eca77.pdf,d9btiovak3500086ia00
4012e86c-18ce-41d6-8afa-4569b51024fa,s3://enverus-courthouse-prod-chd-plants/nm/chd_lea/4012/4012e86c-18ce-41d6-8afa-4569b51024fa.pdf,d9buh73k4o90008a218g
4047f73e-88d9-4c51-9d2d-1dec2c75f564,s3://enverus-courthouse-prod-chd-plants/tx/hood/4047/4047f73e-88d9-4c51-9d2d-1dec2c75f564.pdf,d9bu0ifr761000dfqnig
408a860a-6239-43fc-be6d-cfe170225cc3,s3://enverus-courthouse-prod-chd-plants/tx/midland/408a/408a860a-6239-43fc-be6d-cfe170225cc3.pdf,d9btunhkf4s000f736t0
40BCFEA7-C7FE-414E-96D6-64282B15F6C8,s3://enverus-courthouse-prod-chd-plants/nm/training_eddy/40BC/40BCFEA7-C7FE-414E-96D6-64282B15F6C8.pdf,d9bubo3rgi8g00bge69g
40bf2b30-da5a-418a-9205-992a196bb989,s3://enverus-courthouse-prod-chd-plants/nm/chd_lea/40bf/40bf2b30-da5a-418a-9205-992a196bb989.pdf,d9bst1jrgi8g00bej1m0
40d028dc-b73a-4c14-8350-155aa3b49c26,s3://enverus-courthouse-prod-chd-plants/tx/eog_atascosa/40d0/40d028dc-b73a-4c14-8350-155aa3b49c26.pdf,d9budvbdd4a000d655v0
40fc9327-49a0-4476-bfe3-ed4c9f93c068,s3://enverus-courthouse-prod-chd-plants/tx/eog_atascosa/40fc/40fc9327-49a0-4476-bfe3-ed4c9f93c068.pdf,d9bt4usflnl000dj7n30
410d658d-1577-4342-9118-d5d440e61f3b,s3://enverus-courthouse-prod-chd-plants/tx/eog_gonzales/410d/410d658d-1577-4342-9118-d5d440e61f3b.pdf,d9bumbkhn77000fbnocg
41105a69-36ae-446e-845a-26120b05fe0f,s3://enverus-courthouse-prod-chd-plants/tx/eog_cooke/4110/41105a69-36ae-446e-845a-26120b05fe0f.pdf,d9bu0vmicpjg00dcdqjg
4121E619-BA49-4FB5-9701-EF6E5DD9CE1A,s3://enverus-courthouse-prod-chd-plants/tx/training_crockett/4121/4121E619-BA49-4FB5-9701-EF6E5DD9CE1A.pdf,d9buab4hn77000fb5k80
415731c9-3303-4e66-918e-56f07cd8c056,s3://enverus-courthouse-prod-chd-plants/tx/eog_gonzales/4157/415731c9-3303-4e66-918e-56f07cd8c056.pdf,d9buaefr761000dg960g
41752306-8e58-4053-8e7c-5137756248db,s3://enverus-courthouse-prod-chd-plants/nm/chd_lea/4175/41752306-8e58-4053-8e7c-5137756248db.pdf,d9bts3nak3500086ujlg
417c60a4-e537-8b44-900b-fa477990c659,s3://enverus-courthouse-prod-chd-plants/tx/crane/417c/417c60a4-e537-8b44-900b-fa477990c659.pdf,d9bui5030skg00d8pc50
418AF577-8173-4D20-BF6F-2FC31524823C,s3://enverus-courthouse-prod-chd-plants/tx/training_crockett/418A/418AF577-8173-4D20-BF6F-2FC31524823C.pdf,d9bts44flnl000dk3rv0
41b7334e-39a8-4902-8142-4c5e799b6739,s3://enverus-courthouse-prod-chd-plants/tx/eog_cooke/41b7/41b7334e-39a8-4902-8142-4c5e799b6739.pdf,d9bttfvak35000870ej0
41C4A742-4573-4E9E-B47F-C38E601BFB08,s3://enverus-courthouse-prod-chd-plants/tx/training_johnson/41C4/41C4A742-4573-4E9E-B47F-C38E601BFB08.pdf,d9bu9enr2ffg00e0pnh0
41c834a3-5922-41de-b74c-ea9601e5c0d9,s3://enverus-courthouse-prod-chd-plants/nm/chd_lea/41c8/41c834a3-5922-41de-b74c-ea9601e5c0d9.pdf,d9btatvpfcq000fevch0
41e23fde-f523-4b4a-8010-7d2dc747b8ed,s3://enverus-courthouse-prod-chd-plants/tx/eog_cooke/41e2/41e23fde-f523-4b4a-8010-7d2dc747b8ed.pdf,d9btog7pfcq000ffg690
42157d92-ad34-41d9-b01d-8fd3e8e50d96,s3://enverus-courthouse-prod-chd-plants/tx/houston/4215/42157d92-ad34-41d9-b01d-8fd3e8e50d96.pdf,d9bu0bfpfcq000ffq090
42622103-c081-425e-b6c9-1a28d87eaefb,s3://enverus-courthouse-prod-chd-plants/tx/eog_cooke/4262/42622103-c081-425e-b6c9-1a28d87eaefb.pdf,d9bt3ncflnl000dj6kig
42714b27-09e9-463f-a6d6-fde65771dcd4,s3://enverus-courthouse-prod-chd-plants/tx/houston/4271/42714b27-09e9-463f-a6d6-fde65771dcd4.pdf,d9bul93te9l000f9c45g
42A57EF6-8CA6-4192-8153-2A20DBF377B9,s3://enverus-courthouse-prod-chd-plants/tx/training_martin/42A5/42A57EF6-8CA6-4192-8153-2A20DBF377B9.pdf,d9btj8bs7m5g0088fc4g
42c50172-eaef-42cf-99a0-d23df5255a67,s3://enverus-courthouse-prod-chd-plants/nm/eog_lea/42c5/42c50172-eaef-42cf-99a0-d23df5255a67.pdf,d9bu9echn77000fb4bug
43158ea7-4443-4724-939e-6989bec91ba4,s3://enverus-courthouse-prod-chd-plants/nm/chd_lea/4315/43158ea7-4443-4724-939e-6989bec91ba4.pdf,d9bufvhd6jhg0084gu60
433b0823-e711-4d12-a048-c8b79b393ff5,s3://enverus-courthouse-prod-chd-plants/nm/chd_lea/433b/433b0823-e711-4d12-a048-c8b79b393ff5.pdf,d9bt3jsogvn0009a3300
43664a31-1fba-4ea8-b4d8-109fd2d45c59,s3://enverus-courthouse-prod-chd-plants/tx/eog_karnes/4366/43664a31-1fba-4ea8-b4d8-109fd2d45c59.pdf,d9bso2nr761000decn60
436C7688-1327-4E72-90B4-2B4E35D268DD,s3://enverus-courthouse-prod-chd-plants/tx/training_burleson/436C/436C7688-1327-4E72-90B4-2B4E35D268DD.pdf,d9bujb7r2ffg00e18dm0
438b0306-732c-4491-8242-c940d4cda565,s3://enverus-courthouse-prod-chd-plants/tx/eog_lasalle/438b/438b0306-732c-4491-8242-c940d4cda565.pdf,d9buh915jqeg00e88dqg
438dee81-b18e-4a29-be8d-4b5499e3ab25,s3://enverus-courthouse-prod-chd-plants/nm/lea/438d/438dee81-b18e-4a29-be8d-4b5499e3ab25.pdf,d9btc3gisvug00fsurvg
43a92cbb-4b15-4560-86bb-d3b597de6c32,s3://enverus-courthouse-prod-chd-plants/tx/eog_gonzales/43a9/43a92cbb-4b15-4560-86bb-d3b597de6c32.pdf,d9bu7fllksng008f8hhg
43aa6874-8aa1-48b5-8264-d6fb9a9fe451,s3://enverus-courthouse-prod-chd-plants/tx/eog_atascosa/43aa/43aa6874-8aa1-48b5-8264-d6fb9a9fe451.pdf,d9bt5em89gsg00ffjfk0
43bdbff3-cf0f-4633-a90d-9b83de41964c,s3://enverus-courthouse-prod-chd-plants/tx/eog_atascosa/43bd/43bdbff3-cf0f-4633-a90d-9b83de41964c.pdf,d9bsrfbdelo000dtag9g
43c87d7f-fd4c-46e0-8b28-8f302d3d5026,s3://enverus-courthouse-prod-chd-plants/tx/eog_cooke/43c8/43c87d7f-fd4c-46e0-8b28-8f302d3d5026.pdf,d9bt6qtlksng008dur0g
43d9d73b-58bb-43bc-84fb-35d62398024b,s3://enverus-courthouse-prod-chd-plants/nm/eog_lea/43d9/43d9d73b-58bb-43bc-84fb-35d62398024b.pdf,d9bt1qkflnl000dj470g
44252F05-7EE2-47B1-8497-12862780C443,s3://enverus-courthouse-prod-chd-plants/tx/training_montague/4425/44252F05-7EE2-47B1-8497-12862780C443.pdf,d9bugao59fgg00e37fdg
4465a22c-6ace-45b9-9e1b-4fa668c2ae30,s3://enverus-courthouse-prod-chd-plants/tx/crane/4465/4465a22c-6ace-45b9-9e1b-4fa668c2ae30.pdf,d9btht36g7ig00fve8ng
449ffe35-fec8-449c-8811-ed5aa827bdfe,s3://enverus-courthouse-prod-chd-plants/tx/eog_karnes/449f/449ffe35-fec8-449c-8811-ed5aa827bdfe.pdf,d9buc7shn77000fb8gm0
44b02c1c-d1ce-4062-a13a-4908e686903e,s3://enverus-courthouse-prod-chd-plants/nm/chd_lea/44b0/44b02c1c-d1ce-4062-a13a-4908e686903e.pdf,d9bufujdd4a000d67ql0
44fc5d41-99cd-4fef-aa0f-0958177ddc5b,s3://enverus-courthouse-prod-chd-plants/tx/eog_mcmullen/44fc/44fc5d41-99cd-4fef-aa0f-0958177ddc5b.pdf,d9bt3i7r761000dendv0
44FC8285-875F-4DE0-9ECA-5B9FE3A6A614,s3://enverus-courthouse-prod-chd-plants/tx/training_midland/44FC/44FC8285-875F-4DE0-9ECA-5B9FE3A6A614.pdf,d9bummtlksng008fve2g
45594ee2-3434-40de-90a7-a99aa26da26c,s3://enverus-courthouse-prod-chd-plants/tx/eog_atascosa/4559/45594ee2-3434-40de-90a7-a99aa26da26c.pdf,d9bsniuicpjg00date40
457bb279-f25e-46d1-8956-12f71828497a,s3://enverus-courthouse-prod-chd-plants/tx/eog_cooke/457b/457bb279-f25e-46d1-8956-12f71828497a.pdf,d9buar3k4o900089os00
45b104fc-fef3-43d1-9951-424718f31632,s3://enverus-courthouse-prod-chd-plants/nm/chd_lea/45b1/45b104fc-fef3-43d1-9951-424718f31632.pdf,d9bui01hd6mg00bnpcqg
46068b6e-e0c2-4aba-a064-42b7ceae4a8a,s3://enverus-courthouse-prod-chd-plants/tx/dimmit/4606/46068b6e-e0c2-4aba-a064-42b7ceae4a8a.pdf,d9bu69pkf4s000f7e270
460a4905-78da-432a-83fd-105643bb7986,s3://enverus-courthouse-prod-chd-plants/tx/eog_atascosa/460a/460a4905-78da-432a-83fd-105643bb7986.pdf,d9bt54g30skg00d6tuu0
46355813-9a5a-4ead-a844-2bb3141e2365,s3://enverus-courthouse-prod-chd-plants/tx/houston/4635/46355813-9a5a-4ead-a844-2bb3141e2365.pdf,d9bt3jm89gsg00ffgu6g
4669c7b7-8b9f-42a3-87ee-264294e2f0f7,s3://enverus-courthouse-prod-chd-plants/nm/chd_lea/4669/4669c7b7-8b9f-42a3-87ee-264294e2f0f7.pdf,d9bt0jsogvn0009a02s0
467c11d0-33d4-4588-991b-7766f9074156,s3://enverus-courthouse-prod-chd-plants/tx/eog_cooke/467c/467c11d0-33d4-4588-991b-7766f9074156.pdf,d9bur11kf4s000f8d48g
4688f2e3-9847-4904-8c32-85fd8a4bc148,s3://enverus-courthouse-prod-chd-plants/tx/eog_cooke/4688/4688f2e3-9847-4904-8c32-85fd8a4bc148.pdf,d9btn69hd6mg00bmk2c0
468cbe6c-3e12-4c41-8e67-c6f050ae6f04,s3://enverus-courthouse-prod-chd-plants/tx/eog_karnes/468c/468cbe6c-3e12-4c41-8e67-c6f050ae6f04.pdf,d9buet41kr4g008f1j4g
46ba56a5-3d42-489a-9617-7010834d8535,s3://enverus-courthouse-prod-chd-plants/nm/chd_lea/46ba/46ba56a5-3d42-489a-9617-7010834d8535.pdf,d9bu1jchn77000faoo10
46D39C28-D8B6-4531-A3B1-05CC0DE61C34,s3://enverus-courthouse-prod-chd-plants/tx/training_midland/46D3/46D39C28-D8B6-4531-A3B1-05CC0DE61C34.pdf,d9buaiu89gsg00fh319g
46e31ec3-2270-4523-a27b-3cb4bd7dce60,s3://enverus-courthouse-prod-chd-plants/tx/eog_karnes/46e3/46e31ec3-2270-4523-a27b-3cb4bd7dce60.pdf,d9bul636g7ig0080vdqg
47028500-be8d-4d1f-b18b-e67016629739,s3://enverus-courthouse-prod-chd-plants/tx/eog_gonzales/4702/47028500-be8d-4d1f-b18b-e67016629739.pdf,d9bt6enpfcq000feq1tg
47145466-85d9-4c37-a194-045be7409b2e,s3://enverus-courthouse-prod-chd-plants/tx/eog_karnes/4714/47145466-85d9-4c37-a194-045be7409b2e.pdf,d9bto24hn77000fabp20
47856b28-627f-4712-9931-c6cbbcf03aa6,s3://enverus-courthouse-prod-chd-plants/nm/eog_lea/4785/47856b28-627f-4712-9931-c6cbbcf03aa6.pdf,d9bttedlksng008eq5j0
478f36af-6847-4b67-b9bb-e31f79145839,s3://enverus-courthouse-prod-chd-plants/tx/eog_atascosa/478f/478f36af-6847-4b67-b9bb-e31f79145839.pdf,d9bumha2oub000e3g6v0
479fd7b8-f5c1-4bdc-8c7d-2ab27b4ca26b,s3://enverus-courthouse-prod-chd-plants/tx/hood/479f/479fd7b8-f5c1-4bdc-8c7d-2ab27b4ca26b.pdf,d9bufs19ha2000c7ipa0
47e2cf0d-5f55-4b7e-998c-3bec208024d0,s3://enverus-courthouse-prod-chd-plants/tx/eog_cooke/47e2/47e2cf0d-5f55-4b7e-998c-3bec208024d0.pdf,d9bu9acogvn0009bjbcg
48046980-3b2f-4340-8c61-e2795bb5c937,s3://enverus-courthouse-prod-chd-plants/tx/eog_karnes/4804/48046980-3b2f-4340-8c61-e2795bb5c937.pdf,d9bsv2j6g7ig00fup0q0
48105cef-1d30-4278-b8bf-a8e211f77f5f,s3://enverus-courthouse-prod-chd-plants/nm/chd_lea/4810/48105cef-1d30-4278-b8bf-a8e211f77f5f.pdf,d9btd9r1f5dg00bdbaf0
4834f1e7-4acc-4a17-bc28-be1093d27ece,s3://enverus-courthouse-prod-chd-plants/nm/chd_lea/4834/4834f1e7-4acc-4a17-bc28-be1093d27ece.pdf,d9bthikhn77000fa3mjg
4877ad81-1bb9-4e92-bd3a-377555c90877,s3://enverus-courthouse-prod-chd-plants/tx/eog_cooke/4877/4877ad81-1bb9-4e92-bd3a-377555c90877.pdf,d9btve5lksng008esing
48d8e16a-b94c-4083-8983-fbfe37e7c1da,s3://enverus-courthouse-prod-chd-plants/nm/eog_lea/48d8/48d8e16a-b94c-4083-8983-fbfe37e7c1da.pdf,d9btb6fak3500086a3kg
48db8483-e690-4742-9e49-abe32a2fc968,s3://enverus-courthouse-prod-chd-plants/tx/eog_atascosa/48db/48db8483-e690-4742-9e49-abe32a2fc968.pdf,d9btj6nak3500086jba0
48f98e62-38b7-4fa0-bcbc-9f481ca4a413,s3://enverus-courthouse-prod-chd-plants/tx/eog_cooke/48f9/48f98e62-38b7-4fa0-bcbc-9f481ca4a413.pdf,d9btmpoisvug00ftbp50
491dedcb-ab37-4b67-a827-6a60d99920f6,s3://enverus-courthouse-prod-chd-plants/tx/eog_atascosa/491d/491dedcb-ab37-4b67-a827-6a60d99920f6.pdf,d9bspnnak3500085nfm0
49376bfd-9b56-4c88-b3f6-ba638a912501,s3://enverus-courthouse-prod-chd-plants/tx/eog_atascosa/4937/49376bfd-9b56-4c88-b3f6-ba638a912501.pdf,d9bugph5jqeg00e87910
4940C0EF-3D7C-480E-A40D-87F715587664,s3://enverus-courthouse-prod-chd-plants/tx/training_upton/4940/4940C0EF-3D7C-480E-A40D-87F715587664.pdf,d9btk87r761000dfam80
494110ce-8f50-4a64-995e-c6278920dd3d,s3://enverus-courthouse-prod-chd-plants/tx/eog_karnes/4941/494110ce-8f50-4a64-995e-c6278920dd3d.pdf,d9buh99hd6mg00bnolhg
49d02faa-33d5-4a10-8a76-729bf099e32f,s3://enverus-courthouse-prod-chd-plants/tx/eog_atascosa/49d0/49d02faa-33d5-4a10-8a76-729bf099e32f.pdf,d9btqitlksng008em75g
49d7d754-1a99-47f3-b922-6de91003293f,s3://enverus-courthouse-prod-chd-plants/tx/grimes/49d7/49d7d754-1a99-47f3-b922-6de91003293f.pdf,d9btg3llksng008e8sg0
49dbd958-2aba-4033-9f62-4512e0ef2fbe,s3://enverus-courthouse-prod-chd-plants/nm/eog_lea/49db/49dbd958-2aba-4033-9f62-4512e0ef2fbe.pdf,d9bupivak350008892e0
4a4d6c55-ba2c-4a07-9594-04db2cf95e02,s3://enverus-courthouse-prod-chd-plants/nm/eog_lea/4a4d/4a4d6c55-ba2c-4a07-9594-04db2cf95e02.pdf,d9buk0a2oub000e3bp9g
4a51b58d-8167-41cb-aae3-f8e28d94986a,s3://enverus-courthouse-prod-chd-plants/tx/eog_gonzales/4a51/4a51b58d-8167-41cb-aae3-f8e28d94986a.pdf,d9bst79kf4s000f5rqig
4a5c7c42-0f0e-4889-9bf7-a0b4186435ab,s3://enverus-courthouse-prod-chd-plants/tx/eog_cooke/4a5c/4a5c7c42-0f0e-4889-9bf7-a0b4186435ab.pdf,d9bsranak3500085olgg
4a79bd35-6b35-428a-bb92-67c9af5197b6,s3://enverus-courthouse-prod-chd-plants/tx/eog_mcmullen/4a79/4a79bd35-6b35-428a-bb92-67c9af5197b6.pdf,d9btak1b0h1g00d01o80
4aa2f47c-e09d-44a2-a59e-d46601bec25a,s3://enverus-courthouse-prod-chd-plants/tx/hood/4aa2/4aa2f47c-e09d-44a2-a59e-d46601bec25a.pdf,d9btk4micpjg00dbsdf0
4b2eb912-9fe6-412f-bd4e-1c613799242a,s3://enverus-courthouse-prod-chd-plants/nm/eog_lea/4b2e/4b2eb912-9fe6-412f-bd4e-1c613799242a.pdf,d9btk3rs7m5g0088fu60
4b53cd07-ba98-479a-878d-116f5b876a5f,s3://enverus-courthouse-prod-chd-plants/tx/eog_karnes/4b53/4b53cd07-ba98-479a-878d-116f5b876a5f.pdf,d9bt0kfr2ffg00dv63ag
4b562924-9739-48e5-bfa7-eff501fd8b23,s3://enverus-courthouse-prod-chd-plants/tx/eog_cooke/4b56/4b562924-9739-48e5-bfa7-eff501fd8b23.pdf,d9bukha2oub000e3d2b0
4B75F985-7CF5-4C2C-A4AD-057B932702B6,s3://enverus-courthouse-prod-chd-plants/nm/training_eddy/4B75/4B75F985-7CF5-4C2C-A4AD-057B932702B6.pdf,d9bt3d9kf4s000f61ie0
4b7d8cb1-b37e-4889-990c-5589718fa5e8,s3://enverus-courthouse-prod-chd-plants/tx/houston/4b7d/4b7d8cb1-b37e-4889-990c-5589718fa5e8.pdf,d9bu99vr761000dg7avg
4b82efcd-f3bb-4964-82f4-292e05f66eaf,s3://enverus-courthouse-prod-chd-plants/tx/houston/4b82/4b82efcd-f3bb-4964-82f4-292e05f66eaf.pdf,d9btnvkhn77000fabiug
4be06b84-1be7-4d5d-85eb-222b496f24e0,s3://enverus-courthouse-prod-chd-plants/nm/eog_lea/4be0/4be06b84-1be7-4d5d-85eb-222b496f24e0.pdf,d9bt6avpfdig00fadotg
4c917607-697b-4e2d-9048-bc4bde94a29f,s3://enverus-courthouse-prod-chd-plants/nm/eog_lea/4c91/4c917607-697b-4e2d-9048-bc4bde94a29f.pdf,d9bub9sogvn0009bmbj0
4c9195d4-af22-40dc-ad25-d74e57a5d0a3,s3://enverus-courthouse-prod-chd-plants/tx/hood/4c91/4c9195d4-af22-40dc-ad25-d74e57a5d0a3.pdf,d9btj73s7m5g0088f930
4ca29650-dae6-4bc3-9f58-df5c50c65093,s3://enverus-courthouse-prod-chd-plants/tx/eog_atascosa/4ca2/4ca29650-dae6-4bc3-9f58-df5c50c65093.pdf,d9btg2khn77000fa1k50
4CB5A415-35F5-446B-B6E7-E0873E520EBC,s3://enverus-courthouse-prod-chd-plants/tx/training_midland/4CB5/4CB5A415-35F5-446B-B6E7-E0873E520EBC.pdf,d9bt3gm89gsg00ffgnk0
4cd85c26-a3cc-427f-8f5f-fbc34f996712,s3://enverus-courthouse-prod-chd-plants/nm/chd_lea/4cd8/4cd85c26-a3cc-427f-8f5f-fbc34f996712.pdf,d9bsre22oub000e13oqg
4cd95085-8bcc-11ec-a0da-00505681224b,s3://enverus-courthouse-prod-chd-plants/nm/eog_lea/4cd9/4cd95085-8bcc-11ec-a0da-00505681224b.pdf,d9bt25fr761000dem7j0
4ce92411-a234-4e34-a1bb-d7c315c46c0f,s3://enverus-courthouse-prod-chd-plants/tx/eog_cooke/4ce9/4ce92411-a234-4e34-a1bb-d7c315c46c0f.pdf,d9bt3c0isvug00fskoo0
4cfb3a35-fe8f-4956-8573-e7940bbf47d7,s3://enverus-courthouse-prod-chd-plants/tx/eog_lasalle/4cfb/4cfb3a35-fe8f-4956-8573-e7940bbf47d7.pdf,d9bst99d6jhg0082h76g
4d42a53c-f4eb-49ae-b64e-0c4c93047edd,s3://enverus-courthouse-prod-chd-plants/tx/eog_karnes/4d42/4d42a53c-f4eb-49ae-b64e-0c4c93047edd.pdf,d9bulmrdelo000dvlo30
4d54e243-8f4b-43c5-b851-793c3b59b592,s3://enverus-courthouse-prod-chd-plants/tx/eog_gonzales/4d54/4d54e243-8f4b-43c5-b851-793c3b59b592.pdf,d9buh7vak3500087t060
4d8bbaa3-0d3f-4839-a36c-c64041b9191b,s3://enverus-courthouse-prod-chd-plants/tx/eog_cooke/4d8b/4d8bbaa3-0d3f-4839-a36c-c64041b9191b.pdf,d9bunlrte9l000f9fvv0
4d8f0206-aac0-442a-8c59-93eeed40d81b,s3://enverus-courthouse-prod-chd-plants/tx/eog_atascosa/4d8f/4d8f0206-aac0-442a-8c59-93eeed40d81b.pdf,d9bucerdelo000dv7r1g
4d929ce3-0b75-4b71-bc5c-2a56a138536a,s3://enverus-courthouse-prod-chd-plants/nm/eog_lea/4d92/4d929ce3-0b75-4b71-bc5c-2a56a138536a.pdf,d9buco4ogvn0009bp060
4dbb3223-70a7-443d-a172-d9b634d66a96,s3://enverus-courthouse-prod-chd-plants/nm/eog_lea/4dbb/4dbb3223-70a7-443d-a172-d9b634d66a96.pdf,d9btv8jdd4a000d5f240
4dbc0087-ef22-c84e-b0e6-6599fc14f319,s3://enverus-courthouse-prod-chd-plants/nm/eddy/4dbc/4dbc0087-ef22-c84e-b0e6-6599fc14f319.pdf,d9bucc15jqeg00e813qg
4dc26f93-10f1-4b15-8f87-f22f7502c43b,s3://enverus-courthouse-prod-chd-plants/tx/eog_karnes/4dc2/4dc26f93-10f1-4b15-8f87-f22f7502c43b.pdf,d9bu56i2oub000e2m6pg
4E2F8464-7191-4C7A-83D4-59C1ECDFFE6F,s3://enverus-courthouse-prod-chd-plants/tx/training_crockett/4E2F/4E2F8464-7191-4C7A-83D4-59C1ECDFFE6F.pdf,d9bt1sm89gsg00ffevs0
4e32637d-d608-4756-af74-27769286ce6c,s3://enverus-courthouse-prod-chd-plants/tx/eog_cooke/4e32/4e32637d-d608-4756-af74-27769286ce6c.pdf,d9btphrdd4a000d57v7g
4e49def0-cb51-45b4-b095-e75156589e55,s3://enverus-courthouse-prod-chd-plants/tx/houston/4e49/4e49def0-cb51-45b4-b095-e75156589e55.pdf,d9bt1s689gsg00ffeua0
4E65FFC6-4780-4ABB-870D-19630DD809C7,s3://enverus-courthouse-prod-chd-plants/tx/training_midland/4E65/4E65FFC6-4780-4ABB-870D-19630DD809C7.pdf,d9btvbjdd4a000d5f9f0
4e8eb921-a517-4b9f-9e17-0fe256ca3bed,s3://enverus-courthouse-prod-chd-plants/tx/eog_gonzales/4e8e/4e8eb921-a517-4b9f-9e17-0fe256ca3bed.pdf,d9bunpvpfdig00fche9g
4eaebac5-379b-4f4c-be68-f8c93ca89175,s3://enverus-courthouse-prod-chd-plants/nm/eog_lea/4eae/4eaebac5-379b-4f4c-be68-f8c93ca89175.pdf,d9buhc36g7ig0080q40g
4eb554f6-cbff-45e7-80ba-e0e15675c40d,s3://enverus-courthouse-prod-chd-plants/tx/eog_atascosa/4eb5/4eb554f6-cbff-45e7-80ba-e0e15675c40d.pdf,d9btpdi2oub000e25r10
4F013B03-ED55-42EB-86D3-4F36BB6E07E7,s3://enverus-courthouse-prod-chd-plants/tx/training_grimes/4F01/4F013B03-ED55-42EB-86D3-4F36BB6E07E7.pdf,d9bu2p1d6jhg0083thu0
4f9d2554-3ce5-403b-9bff-b915bb264eb2,s3://enverus-courthouse-prod-chd-plants/nm/eog_lea/4f9d/4f9d2554-3ce5-403b-9bff-b915bb264eb2.pdf,d9bt9pr1f5dg00bd7v40
4f9d97eb-7de5-4571-a13f-e6b68e2db905,s3://enverus-courthouse-prod-chd-plants/tx/eog_cooke/4f9d/4f9d97eb-7de5-4571-a13f-e6b68e2db905.pdf,d9bue022oub000e33cmg
4fc48f57-7d1e-4ee7-9317-16153a2610d1,s3://enverus-courthouse-prod-chd-plants/nm/eog_lea/4fc4/4fc48f57-7d1e-4ee7-9317-16153a2610d1.pdf,d9bu8k3rgi8g00bg9d80
4fc6108a-f326-483c-a6f4-e4ca0462fda3,s3://enverus-courthouse-prod-chd-plants/tx/eog_cooke/4fc6/4fc6108a-f326-483c-a6f4-e4ca0462fda3.pdf,d9bufsvr761000dgh1l0
4fef5441-d79b-4828-990b-cec07ae637c4,s3://enverus-courthouse-prod-chd-plants/nm/eog_lea/4fef/4fef5441-d79b-4828-990b-cec07ae637c4.pdf,d9budr9kf4s000f7p8bg
4FF288D1-4720-4520-B835-0CAED7033E30,s3://enverus-courthouse-prod-chd-plants/tx/training_winkler/4FF2/4FF288D1-4720-4520-B835-0CAED7033E30.pdf,d9buonrs7m5g008a4hjg
50463047-ac28-43c0-a1d4-2251a0a592fc,s3://enverus-courthouse-prod-chd-plants/tx/houston/5046/50463047-ac28-43c0-a1d4-2251a0a592fc.pdf,d9bunf9kf4s000f87kkg
505088a3-05b6-447a-a4f8-b21770a4cf0a,s3://enverus-courthouse-prod-chd-plants/tx/hood/5050/505088a3-05b6-447a-a4f8-b21770a4cf0a.pdf,d9bt29pd6jhg0082m6s0
5052b3bc-1231-493c-b0c7-882d70484dff,s3://enverus-courthouse-prod-chd-plants/nm/lea/5052/5052b3bc-1231-493c-b0c7-882d70484dff.pdf,d9bt29hb0h1g00cvp75g
505f3a6a-d1ce-4df1-8d11-29c8a8dbd84d,s3://enverus-courthouse-prod-chd-plants/tx/eog_cooke/505f/505f3a6a-d1ce-4df1-8d11-29c8a8dbd84d.pdf,d9bucihd6jhg0084c94g
506b5f6c-f2d5-11e8-aa58-00505681224b,s3://enverus-courthouse-prod-chd-plants/mt/roosevelt/506b/506b5f6c-f2d5-11e8-aa58-00505681224b.pdf,d9bt9h8isvug00fss2fg
50a03855-ea78-456a-9848-4f91cbe82204,s3://enverus-courthouse-prod-chd-plants/nm/eog_lea/50a0/50a03855-ea78-456a-9848-4f91cbe82204.pdf,d9bt7o3dd4a000d4hve0
50b6e10e-e5ca-4524-97c6-47ba53f7f7df,s3://enverus-courthouse-prod-chd-plants/tx/eog_gonzales/50b6/50b6e10e-e5ca-4524-97c6-47ba53f7f7df.pdf,d9budrs1kr4g008f08rg
50c39883-db6a-428d-8ef0-28290ac38fe5,s3://enverus-courthouse-prod-chd-plants/tx/eog_lasalle/50c3/50c39883-db6a-428d-8ef0-28290ac38fe5.pdf,d9bt0p7r2ffg00dv6e1g
50ce9e7d-061b-43dc-8364-7670dce27dbc,s3://enverus-courthouse-prod-chd-plants/tx/eog_lasalle/50ce/50ce9e7d-061b-43dc-8364-7670dce27dbc.pdf,d9bt7n059fgg00e1gi6g
50F65D46-7E24-4D69-9FF9-333A1BA1C89D,s3://enverus-courthouse-prod-chd-plants/tx/training_live oak/50F6/50F65D46-7E24-4D69-9FF9-333A1BA1C89D.pdf,d9bssq1kf4s000f5qqag
510d6504-c862-462c-823f-1a46390e533e,s3://enverus-courthouse-prod-chd-plants/nm/chd_lea/510d/510d6504-c862-462c-823f-1a46390e533e.pdf,d9bthk4hn77000fa3q5g
5131E9C5-7956-435F-9DA3-3F7BC8E05EFD,s3://enverus-courthouse-prod-chd-plants/tx/training_walker/5131/5131E9C5-7956-435F-9DA3-3F7BC8E05EFD.pdf,d9buq1sogvn0009cciu0
5183964c-2dcc-4824-9763-a58f0b10dabb,s3://enverus-courthouse-prod-chd-plants/nm/eog_lea/5183/5183964c-2dcc-4824-9763-a58f0b10dabb.pdf,d9bteos1kr4g008dlu6g
51A30B85-9047-4B1C-8418-B3871866B129,s3://enverus-courthouse-prod-chd-plants/tx/training_walker/51A3/51A30B85-9047-4B1C-8418-B3871866B129.pdf,d9bujallksng008fptp0
51b1185c-6a32-4a7f-8e40-84b01537b43b,s3://enverus-courthouse-prod-chd-plants/nm/chd_lea/51b1/51b1185c-6a32-4a7f-8e40-84b01537b43b.pdf,d9bunm5lksng008g0jrg
51c5a8bc-af74-4b0c-b6c4-810a78bf54f9,s3://enverus-courthouse-prod-chd-plants/tx/houston/51c5/51c5a8bc-af74-4b0c-b6c4-810a78bf54f9.pdf,d9bt253delo000dthcd0
523f8c5c-2994-4a10-add5-62da46219440,s3://enverus-courthouse-prod-chd-plants/tx/eog_karnes/523f/523f8c5c-2994-4a10-add5-62da46219440.pdf,d9btnv689gsg00fg8lq0
5271b9ad-2311-4b70-9840-9c6ea7ac9cf3,s3://enverus-courthouse-prod-chd-plants/nm/eog_lea/5271/5271b9ad-2311-4b70-9840-9c6ea7ac9cf3.pdf,d9bu2o4hn77000faqckg
527A353E-DE04-40FE-A8F8-42D3CFF384AD,s3://enverus-courthouse-prod-chd-plants/tx/training_houston/527A/527A353E-DE04-40FE-A8F8-42D3CFF384AD.pdf,d9bt6tm89gsg00ffl1r0
529c0e4b-f849-453c-99fa-0b3a32ac131a,s3://enverus-courthouse-prod-chd-plants/tx/eog_karnes/529c/529c0e4b-f849-453c-99fa-0b3a32ac131a.pdf,d9buq08isvug00fuulvg
52a86143-6f85-44f6-961b-de5cb8717308,s3://enverus-courthouse-prod-chd-plants/tx/eog_karnes/52a8/52a86143-6f85-44f6-961b-de5cb8717308.pdf,d9buou22oub000e3jqa0
52adaab0-ee06-4d3e-8104-c8e683455e16,s3://enverus-courthouse-prod-chd-plants/tx/eog_gonzales/52ad/52adaab0-ee06-4d3e-8104-c8e683455e16.pdf,d9btk8nak3500086kcjg
52B3E0CF-5616-4767-842B-9911D92161F3,s3://enverus-courthouse-prod-chd-plants/tx/training_jack/52B3/52B3E0CF-5616-4767-842B-9911D92161F3.pdf,d9bsv11b0h1g00cvlnrg
52e607be-ac35-5c45-aff6-e5df22d28b4e,s3://enverus-courthouse-prod-chd-plants/nm/eddy/52e6/52e607be-ac35-5c45-aff6-e5df22d28b4e.pdf,d9bttd3k4o90008955mg
52f1b5c5-4741-46b3-9ed3-9e13cf97f338,s3://enverus-courthouse-prod-chd-plants/tx/eog_cooke/52f1/52f1b5c5-4741-46b3-9ed3-9e13cf97f338.pdf,d9bt8931f5dg00bd644g
52fda673-72f5-4fb1-8d3c-8bc4dfce533f,s3://enverus-courthouse-prod-chd-plants/nm/chd_lea/52fd/52fda673-72f5-4fb1-8d3c-8bc4dfce533f.pdf,d9bueua2oub000e34fj0
53062736-9478-4427-9c99-2a322c6492c8,s3://enverus-courthouse-prod-chd-plants/nm/eog_lea/5306/53062736-9478-4427-9c99-2a322c6492c8.pdf,d9btesbdelo000dtvpk0
530739ad-eec6-46a7-b900-2f6c620800c5,s3://enverus-courthouse-prod-chd-plants/nm/eog_lea/5307/530739ad-eec6-46a7-b900-2f6c620800c5.pdf,d9bt4pp5jqeg00e6dbtg
5330757e-8297-431c-9a11-b846d21d4d0c,s3://enverus-courthouse-prod-chd-plants/tx/houston/5330/5330757e-8297-431c-9a11-b846d21d4d0c.pdf,d9bsrekogvn00099qp20
53343704-6726-4ee3-b485-2b2cf6ca2a14,s3://enverus-courthouse-prod-chd-plants/nm/chd_lea/5334/53343704-6726-4ee3-b485-2b2cf6ca2a14.pdf,d9bu8mjs7m5g0089cp60
534d6d85-f445-41ac-b484-2c6c933ed029,s3://enverus-courthouse-prod-chd-plants/nm/eog_lea/534d/534d6d85-f445-41ac-b484-2c6c933ed029.pdf,d9bu9evak3500087he0g
5361960d-7114-43f9-82e6-c8e25dd5e43a,s3://enverus-courthouse-prod-chd-plants/nm/eog_lea/5361/5361960d-7114-43f9-82e6-c8e25dd5e43a.pdf,d9bt23o59fgg00e1at6g
53a31faa-3d07-4796-98a8-b035d1219f74,s3://enverus-courthouse-prod-chd-plants/nm/eog_lea/53a3/53a31faa-3d07-4796-98a8-b035d1219f74.pdf,d9bt9i3rgi8g00bf0j00
53BA2D47-8007-40A3-BB31-47DAF3E45738,s3://enverus-courthouse-prod-chd-plants/tx/training_jack/53BA/53BA2D47-8007-40A3-BB31-47DAF3E45738.pdf,d9bucab1f5dg00bel410
5428915e-edf3-4088-b3e1-20aabbda7fcc,s3://enverus-courthouse-prod-chd-plants/tx/eog_cooke/5428/5428915e-edf3-4088-b3e1-20aabbda7fcc.pdf,d9bspfa2oub000e11nag
54507999-44bc-4d7a-b5e5-d848556fa54a,s3://enverus-courthouse-prod-chd-plants/tx/eog_atascosa/5450/54507999-44bc-4d7a-b5e5-d848556fa54a.pdf,d9buj15lksng008fp6hg
5478dbc0-f850-4fb1-a860-7aea03a1d99c,s3://enverus-courthouse-prod-chd-plants/tx/eog_gonzales/5478/5478dbc0-f850-4fb1-a860-7aea03a1d99c.pdf,d9buja0isvug00fuke9g
547f643f-9367-459b-831b-9ff6b334fc7c,s3://enverus-courthouse-prod-chd-plants/nm/chd_lea/547f/547f643f-9367-459b-831b-9ff6b334fc7c.pdf,d9bsurjrgi8g00bekrvg
54ACC533-834B-4C61-8D23-9498841A5F5C,s3://enverus-courthouse-prod-chd-plants/tx/training_tyler/54AC/54ACC533-834B-4C61-8D23-9498841A5F5C.pdf,d9bucg36g7ig0080ir10
54be528a-d43e-48f3-827e-315a0022b36f,s3://enverus-courthouse-prod-chd-plants/nm/eog_lea/54be/54be528a-d43e-48f3-827e-315a0022b36f.pdf,d9btrnsflnl000dk2ujg
54e7eec5-4a66-4320-a3e2-8c8c1bab4e8f,s3://enverus-courthouse-prod-chd-plants/nm/eog_lea/54e7/54e7eec5-4a66-4320-a3e2-8c8c1bab4e8f.pdf,d9bt25jte9l000f78rs0
551cb673-d01c-4f60-9883-b9616c931ce8,s3://enverus-courthouse-prod-chd-plants/tx/eog_lasalle/551c/551cb673-d01c-4f60-9883-b9616c931ce8.pdf,d9btlkbk4o900088r550
553763a5-f5d2-4754-9cdd-bcaec0a2e1c6,s3://enverus-courthouse-prod-chd-plants/tx/eog_cooke/5537/553763a5-f5d2-4754-9cdd-bcaec0a2e1c6.pdf,d9bui7p5jqeg00e89o4g
553a154f-5b4a-4401-8873-b92cf826ff62,s3://enverus-courthouse-prod-chd-plants/tx/eog_cooke/553a/553a154f-5b4a-4401-8873-b92cf826ff62.pdf,d9bspf1hd6mg00bliejg
555b0144-9d29-4ffd-9e25-cf67ec452fba,s3://enverus-courthouse-prod-chd-plants/tx/eog_gonzales/555b/555b0144-9d29-4ffd-9e25-cf67ec452fba.pdf,d9bt0hg30skg00d6p0q0
55a5f9e6-07ed-4be1-ac6f-39d969dc0390,s3://enverus-courthouse-prod-chd-plants/tx/eog_lasalle/55a5/55a5f9e6-07ed-4be1-ac6f-39d969dc0390.pdf,d9btmka2oub000e220o0
55ca7c3b-cf33-4bae-89a1-6f839cae48af,s3://enverus-courthouse-prod-chd-plants/tx/eog_atascosa/55ca/55ca7c3b-cf33-4bae-89a1-6f839cae48af.pdf,d9btrmq2oub000e28htg
55ce8765-8deb-4507-927f-d81d3236cba9,s3://enverus-courthouse-prod-chd-plants/nm/eog_lea/55ce/55ce8765-8deb-4507-927f-d81d3236cba9.pdf,d9btlrfak3500086mos0
55f7678a-46de-4e57-9c8d-9888238e7177,s3://enverus-courthouse-prod-chd-plants/tx/eog_karnes/55f7/55f7678a-46de-4e57-9c8d-9888238e7177.pdf,d9bt6ej6g7ig00fv0eg0
56351d4d-b5ea-5a42-91c0-116458f3df85,s3://enverus-courthouse-prod-chd-plants/tx/martin/5635/56351d4d-b5ea-5a42-91c0-116458f3df85.pdf,d9bt9815jqeg00e6idu0
563DA0B0-C55E-4077-BAE7-790873C1F732,s3://enverus-courthouse-prod-chd-plants/tx/training_johnson/563D/563DA0B0-C55E-4077-BAE7-790873C1F732.pdf,d9buk21hd6mg00bnsc2g
56422dfb-2fa5-4c33-8564-401c5cd3a21a,s3://enverus-courthouse-prod-chd-plants/nm/eog_lea/5642/56422dfb-2fa5-4c33-8564-401c5cd3a21a.pdf,d9bt82rdd4a000d4ipo0
564418a3-c331-4f51-b2b5-943ead8d863e,s3://enverus-courthouse-prod-chd-plants/nm/chd_lea/5644/564418a3-c331-4f51-b2b5-943ead8d863e.pdf,d9bu663s7m5g00898ml0
56a47e60-0e9d-034a-ba9b-9703c7a1a00e,s3://enverus-courthouse-prod-chd-plants/nm/eddy/56a4/56a47e60-0e9d-034a-ba9b-9703c7a1a00e.pdf,d9btpc7pfdig00fb4uo0
56b2d4e3-bd72-4591-8b62-4551f6aef749,s3://enverus-courthouse-prod-chd-plants/tx/eog_cooke/56b2/56b2d4e3-bd72-4591-8b62-4551f6aef749.pdf,d9bu36bdd4a000d5lbo0
56b42969-d94e-4b9a-a2fb-65ac7c936ce6,s3://enverus-courthouse-prod-chd-plants/tx/eog_gonzales/56b4/56b42969-d94e-4b9a-a2fb-65ac7c936ce6.pdf,d9bu78030skg00d896h0
56bfa42e-20ba-456f-b0f8-b755ff653128,s3://enverus-courthouse-prod-chd-plants/tx/eog_atascosa/56bf/56bfa42e-20ba-456f-b0f8-b755ff653128.pdf,d9bsnkfak3500085l8sg
570e0b9b-a48a-44c7-941a-2e3d91d9a8bf,s3://enverus-courthouse-prod-chd-plants/tx/eog_lasalle/570e/570e0b9b-a48a-44c7-941a-2e3d91d9a8bf.pdf,d9bts4kflnl000dk3t1g
57790814-0a03-41e0-aafe-7c0422b382e9,s3://enverus-courthouse-prod-chd-plants/tx/hood/5779/57790814-0a03-41e0-aafe-7c0422b382e9.pdf,d9buodb1f5dg00bf6tb0
57aeeb0d-b12e-419e-b833-534be814ae26,s3://enverus-courthouse-prod-chd-plants/tx/eog_karnes/57ae/57aeeb0d-b12e-419e-b833-534be814ae26.pdf,d9bu4vphd6mg00bn68d0
57de99d6-26b4-46e1-80db-ab177169abf2,s3://enverus-courthouse-prod-chd-plants/nm/eog_lea/57de/57de99d6-26b4-46e1-80db-ab177169abf2.pdf,d9btmi1kf4s000f6nvr0
580db8e2-053b-4195-9e0a-edf44fbd19cc,s3://enverus-courthouse-prod-chd-plants/tx/eog_cooke/580d/580db8e2-053b-4195-9e0a-edf44fbd19cc.pdf,d9buqruicpjg00ddjleg
58346812-7b3c-46b1-9f5b-619773ebde68,s3://enverus-courthouse-prod-chd-plants/tx/eog_atascosa/5834/58346812-7b3c-46b1-9f5b-619773ebde68.pdf,d9bt1shb0h1g00cvo7fg
584BF3C6-53ED-48A4-BB58-196AA6D29372,s3://enverus-courthouse-prod-chd-plants/tx/training_walker/584B/584BF3C6-53ED-48A4-BB58-196AA6D29372.pdf,d9bu779d6jhg008440q0
5855975f-42ea-4b72-8ccb-c5882eba3fa9,s3://enverus-courthouse-prod-chd-plants/nm/eog_lea/5855/5855975f-42ea-4b72-8ccb-c5882eba3fa9.pdf,d9btn5p9ha2000c6geg0
5870be21-ccd9-46d8-9286-119b1e36888d,s3://enverus-courthouse-prod-chd-plants/tx/eog_atascosa/5870/5870be21-ccd9-46d8-9286-119b1e36888d.pdf,d9bteurte9l000f7ndo0
5872f779-9227-477e-ad0a-767a31057c0d,s3://enverus-courthouse-prod-chd-plants/tx/eog_cooke/5872/5872f779-9227-477e-ad0a-767a31057c0d.pdf,d9bto5689gsg00fg94fg
588932b6-dafc-473c-a966-65a578b3847a,s3://enverus-courthouse-prod-chd-plants/nm/eog_lea/5889/588932b6-dafc-473c-a966-65a578b3847a.pdf,d9bttcuicpjg00dc8jig
588e21a6-cb17-4a9f-ae24-8bae63156cea,s3://enverus-courthouse-prod-chd-plants/nm/chd_lea/588e/588e21a6-cb17-4a9f-ae24-8bae63156cea.pdf,d9bt9b7pfdig00fahcpg
58944c82-30cb-450d-a3d9-b4cd38406211,s3://enverus-courthouse-prod-chd-plants/nm/chd_lea/5894/58944c82-30cb-450d-a3d9-b4cd38406211.pdf,d9bt831hd6mg00bm1ra0
58a05792-699a-4006-95e3-bfcb40bb4098,s3://enverus-courthouse-prod-chd-plants/tx/hood/58a0/58a05792-699a-4006-95e3-bfcb40bb4098.pdf,d9bt9arrgi8g00bf014g
58a4056b-cbff-42ea-bdf2-c1dde7ac1ed9,s3://enverus-courthouse-prod-chd-plants/tx/eog_lasalle/58a4/58a4056b-cbff-42ea-bdf2-c1dde7ac1ed9.pdf,d9btbt41kr4g008di67g
58b55842-3430-4cc1-aac0-65cd152bf623,s3://enverus-courthouse-prod-chd-plants/tx/eog_atascosa/58b5/58b55842-3430-4cc1-aac0-65cd152bf623.pdf,d9bual059fgg00e2uvi0
58f2a7f5-9902-4ce0-bf14-466ea82c130a,s3://enverus-courthouse-prod-chd-plants/tx/eog_cooke/58f2/58f2a7f5-9902-4ce0-bf14-466ea82c130a.pdf,d9bumars7m5g008a0s8g
58F78C0B-8EE2-45F4-BC4F-88E6CB825A45,s3://enverus-courthouse-prod-chd-plants/tx/training_johnson/58F7/58F78C0B-8EE2-45F4-BC4F-88E6CB825A45.pdf,d9bt88o59fgg00e1ht4g
5915199A-36B2-4AD2-9722-1DDDC30509D5,s3://enverus-courthouse-prod-chd-plants/tx/training_montague/5915/5915199A-36B2-4AD2-9722-1DDDC30509D5.pdf,d9btk31b0h1g00d0d130
591c042e-87d1-4a54-9be4-1e0152ad83e8,s3://enverus-courthouse-prod-chd-plants/nm/eog_lea/591c/591c042e-87d1-4a54-9be4-1e0152ad83e8.pdf,d9btqkfr761000dfiqlg
5920551f-137b-4e80-99ee-2264fac7eba6,s3://enverus-courthouse-prod-chd-plants/tx/eog_cooke/5920/5920551f-137b-4e80-99ee-2264fac7eba6.pdf,d9bu59059fgg00e2mtd0
594e27d1-34fc-4104-aecb-caa6c5e6c3cd,s3://enverus-courthouse-prod-chd-plants/tx/eog_gonzales/594e/594e27d1-34fc-4104-aecb-caa6c5e6c3cd.pdf,d9bu2n3dd4a000d5k6sg
595bbb1f-43da-4111-b54c-2eaae2107757,s3://enverus-courthouse-prod-chd-plants/nm/eog_lea/595b/595bbb1f-43da-4111-b54c-2eaae2107757.pdf,d9bt0qjte9l000f77le0
59641566-04e4-41eb-b93d-623be4a96ea4,s3://enverus-courthouse-prod-chd-plants/tx/eog_karnes/5964/59641566-04e4-41eb-b93d-623be4a96ea4.pdf,d9bspd36g7ig00fuiqjg
596AE0A4-BB30-41BB-AFAE-515004470AE0,s3://enverus-courthouse-prod-chd-plants/tx/training_crockett/596A/596AE0A4-BB30-41BB-AFAE-515004470AE0.pdf,d9bt1qjte9l000f780l0
596da2d1-6fb9-4f71-8985-27a082e0f4c4,s3://enverus-courthouse-prod-chd-plants/nm/chd_lea/596d/596da2d1-6fb9-4f71-8985-27a082e0f4c4.pdf,d9bu59npfcq000fg1jig
5983e0ed-8504-4e1a-9916-163ac5a03049,s3://enverus-courthouse-prod-chd-plants/nm/chd_lea/5983/5983e0ed-8504-4e1a-9916-163ac5a03049.pdf,d9btmktlksng008eh0c0
598d7c59-7685-444b-bda9-1d85fc6517b1,s3://enverus-courthouse-prod-chd-plants/nm/eog_lea/598d/598d7c59-7685-444b-bda9-1d85fc6517b1.pdf,d9buf599ha2000c7i140
59b10db7-a3f0-4958-bb32-edb5a23c25d7,s3://enverus-courthouse-prod-chd-plants/tx/eog_gonzales/59b1/59b10db7-a3f0-4958-bb32-edb5a23c25d7.pdf,d9bst7vak3500085r38g
5a10e2c8-2454-46c4-973c-9ad179487a59,s3://enverus-courthouse-prod-chd-plants/pa/washington/5a10/5a10e2c8-2454-46c4-973c-9ad179487a59.pdf,d9bu6dkogvn0009bfcj0
5a1f6f02-fdcb-4bd8-8acc-13788d1d309b,s3://enverus-courthouse-prod-chd-plants/tx/eog_cooke/5a1f/5a1f6f02-fdcb-4bd8-8acc-13788d1d309b.pdf,d9bt7pjk4o900088ace0
5a2237d1-4b7a-4092-bb78-7a8676ec9d67,s3://enverus-courthouse-prod-chd-plants/tx/eog_gonzales/5a22/5a2237d1-4b7a-4092-bb78-7a8676ec9d67.pdf,d9bu2r859fgg00e2j7m0
5a588312-7c93-4710-88ea-a3ef36b8c6b8,s3://enverus-courthouse-prod-chd-plants/nm/eog_lea/5a58/5a588312-7c93-4710-88ea-a3ef36b8c6b8.pdf,d9bt6s859fgg00e1gcb0
5A743C14-3BFD-4C77-9EE7-48B1CC542A05,s3://enverus-courthouse-prod-chd-plants/tx/training_reeves/5A74/5A743C14-3BFD-4C77-9EE7-48B1CC542A05.pdf,d9bu1q36g7ig00802usg
5a75211d-9dec-46f3-a8a3-0b5420e67298,s3://enverus-courthouse-prod-chd-plants/tx/eog_cooke/5a75/5a75211d-9dec-46f3-a8a3-0b5420e67298.pdf,d9btqc36g7ig00fvobjg
5a90abde-6226-11ec-b870-00505681224b,s3://enverus-courthouse-prod-chd-plants/nm/eog_lea/5a90/5a90abde-6226-11ec-b870-00505681224b.pdf,d9bsrmbs7m5g0087l9kg
5a920b63-6226-11ec-8bcd-00505681224b,s3://enverus-courthouse-prod-chd-plants/nm/eog_lea/5a92/5a920b63-6226-11ec-8bcd-00505681224b.pdf,d9buf2c1kr4g008f1vrg
5ac8d692-5e6a-42fb-a251-f4515c099323,s3://enverus-courthouse-prod-chd-plants/nm/eog_lea/5ac8/5ac8d692-5e6a-42fb-a251-f4515c099323.pdf,d9btapvr2ffg00dvh29g
5ad402f4-2612-4ee7-b5eb-237144a5a19d,s3://enverus-courthouse-prod-chd-plants/tx/eog_cooke/5ad4/5ad402f4-2612-4ee7-b5eb-237144a5a19d.pdf,d9bt2cg59fgg00e1bhvg
5AD4B32B-90DE-4119-98CE-2A8DAF3F1F47,s3://enverus-courthouse-prod-chd-plants/tx/training_crockett/5AD4/5AD4B32B-90DE-4119-98CE-2A8DAF3F1F47.pdf,d9bu58rdd4a000d5o6tg
5ad99320-c3ce-499d-80ab-f7e0f5add81d,s3://enverus-courthouse-prod-chd-plants/pa/susquehanna/5ad9/5ad99320-c3ce-499d-80ab-f7e0f5add81d.pdf,d9bthv859fgg00e1tagg
5ade6104-3ed7-434c-bcf1-d3a5f0596853,s3://enverus-courthouse-prod-chd-plants/nm/chd_lea/5ade/5ade6104-3ed7-434c-bcf1-d3a5f0596853.pdf,d9bum9g59fgg00e3g7l0
5ae03ff8-b567-44c8-b7f4-ce4239f31f39,s3://enverus-courthouse-prod-chd-plants/tx/eog_atascosa/5ae0/5ae03ff8-b567-44c8-b7f4-ce4239f31f39.pdf,d9bts7jdd4a000d5bkh0
5af4301b-1c73-4df2-b178-92924899e176,s3://enverus-courthouse-prod-chd-plants/tx/eog_cooke/5af4/5af4301b-1c73-4df2-b178-92924899e176.pdf,d9buicjrgi8g00bgnt1g
5aff462d-e0e1-44bb-8797-8d7755654245,s3://enverus-courthouse-prod-chd-plants/nm/chd_lea/5aff/5aff462d-e0e1-44bb-8797-8d7755654245.pdf,d9bsnvhhd6mg00blhnvg
5B100FE5-4163-4261-B991-AA1DF1BDCFC6,s3://enverus-courthouse-prod-chd-plants/tx/training_houston/5B10/5B100FE5-4163-4261-B991-AA1DF1BDCFC6.pdf,d9bul4jte9l000f9bp30
5b10f67a-2139-4478-bdf6-b26399912f60,s3://enverus-courthouse-prod-chd-plants/nm/eog_lea/5b10/5b10f67a-2139-4478-bdf6-b26399912f60.pdf,d9btgg4hn77000fa2l60
5b177f7e-4d8d-49cf-acd1-f3a5b3f5ef54,s3://enverus-courthouse-prod-chd-plants/tx/houston/5b17/5b177f7e-4d8d-49cf-acd1-f3a5b3f5ef54.pdf,d9bulbvr761000dgp9cg
5b4f1790-6673-4286-a97f-e004c36124f8,s3://enverus-courthouse-prod-chd-plants/tx/eog_cooke/5b4f/5b4f1790-6673-4286-a97f-e004c36124f8.pdf,d9bukdpd6jhg0084nlog
5bacb94e-bb9a-4e02-8369-04d0278d73db,s3://enverus-courthouse-prod-chd-plants/nm/eog_lea/5bac/5bacb94e-bb9a-4e02-8369-04d0278d73db.pdf,d9bu20rdd4a000d5jlvg
5c0713aa-52b7-4951-9818-5477ec6fef84,s3://enverus-courthouse-prod-chd-plants/tx/walker/5c07/5c0713aa-52b7-4951-9818-5477ec6fef84.pdf,d9bt3cbdelo000dti5v0
5c07cc13-6910-4d19-be09-bc9a7362e755,s3://enverus-courthouse-prod-chd-plants/tx/san jacinto/5c07/5c07cc13-6910-4d19-be09-bc9a7362e755.pdf,bi004nlh56pg33a7qsr0
5c219668-83dd-4585-a1de-ecaf9fcf740e,s3://enverus-courthouse-prod-chd-plants/tx/eog_atascosa/5c21/5c219668-83dd-4585-a1de-ecaf9fcf740e.pdf,d9btt9c1kr4g008e81q0
5c36dd2f-7ca0-4cfe-93e1-8d13740599a3,s3://enverus-courthouse-prod-chd-plants/tx/eog_cooke/5c36/5c36dd2f-7ca0-4cfe-93e1-8d13740599a3.pdf,d9bt52gisvug00fsmv6g
5c3a894a-e24a-45ec-aca5-e432303268b2,s3://enverus-courthouse-prod-chd-plants/nm/chd_lea/5c3a/5c3a894a-e24a-45ec-aca5-e432303268b2.pdf,d9btdmhkf4s000f6dpng
5c4e69a3-fdff-4c5c-a659-45fb47287d90,s3://enverus-courthouse-prod-chd-plants/tx/eog_karnes/5c4e/5c4e69a3-fdff-4c5c-a659-45fb47287d90.pdf,d9bucerdd4a000d62sug
5c59a1c0-eeef-4671-adb2-8a91b63bfe24,s3://enverus-courthouse-prod-chd-plants/tx/eog_karnes/5c59/5c59a1c0-eeef-4671-adb2-8a91b63bfe24.pdf,d9bulkr6g7ig00810i3g
5c952e00-7fa2-4022-9ca2-d4b8e763488e,s3://enverus-courthouse-prod-chd-plants/tx/eog_cooke/5c95/5c952e00-7fa2-4022-9ca2-d4b8e763488e.pdf,d9bsnrcflnl000diqub0
5ca33377-dd4a-4e2f-8d9f-f6fc1b647e43,s3://enverus-courthouse-prod-chd-plants/ok/kay/5ca3/5ca33377-dd4a-4e2f-8d9f-f6fc1b647e43.pdf,c56d17cbq3o000aes750
5ca9dc0e-8da8-42f7-aa9e-96c40d88aee4,s3://enverus-courthouse-prod-chd-plants/nm/chd_lea/5ca9/5ca9dc0e-8da8-42f7-aa9e-96c40d88aee4.pdf,d9bt0a8isvug00fshltg
5cf768a4-4f0b-4fab-aaba-d3a159830071,s3://enverus-courthouse-prod-chd-plants/tx/grimes/5cf7/5cf768a4-4f0b-4fab-aaba-d3a159830071.pdf,d9btdpsflnl000dji9d0
5CFE53B9-15A6-410B-92C4-776FE093DD51,s3://enverus-courthouse-prod-chd-plants/tx/training_crockett/5CFE/5CFE53B9-15A6-410B-92C4-776FE093DD51.pdf,d9btn7030skg00d7jjcg
5d1577de-c26e-4648-91a8-d4ef106f03b8,s3://enverus-courthouse-prod-chd-plants/tx/eog_atascosa/5d15/5d1577de-c26e-4648-91a8-d4ef106f03b8.pdf,d9btk9phd6mg00bmg1j0
5D890295-CB59-4658-AB4F-12897981C1BF,s3://enverus-courthouse-prod-chd-plants/tx/training_reeves/5D89/5D890295-CB59-4658-AB4F-12897981C1BF.pdf,d9bthk19ha2000c694fg
5da986c3-ad4b-4cfc-8063-aaa2c842b343,s3://enverus-courthouse-prod-chd-plants/tx/eog_gonzales/5da9/5da986c3-ad4b-4cfc-8063-aaa2c842b343.pdf,d9bubeeicpjg00dcsr00
5dcdc30d-2e09-4048-b6e7-77d11f5a8141,s3://enverus-courthouse-prod-chd-plants/nm/chd_lea/5dcd/5dcdc30d-2e09-4048-b6e7-77d11f5a8141.pdf,d9bt5cbk4o9000888dfg
5e2990d5-d25d-4ce9-847c-7a850827722d,s3://enverus-courthouse-prod-chd-plants/nm/lea/5e29/5e2990d5-d25d-4ce9-847c-7a850827722d.pdf,d9bsujc1kr4g008d3ml0
5e4ccbcf-0537-4b74-8289-9cfcd1748325,s3://enverus-courthouse-prod-chd-plants/tx/eog_cooke/5e4c/5e4ccbcf-0537-4b74-8289-9cfcd1748325.pdf,d9bteohhd6mg00bm9h1g
5e6ace1a-24a8-4009-bd39-2479100102f4,s3://enverus-courthouse-prod-chd-plants/nm/chd_lea/5e6a/5e6ace1a-24a8-4009-bd39-2479100102f4.pdf,d9bubap5jqeg00e7vfig
5e6ef815-2b0d-48b8-baa8-4445c93050dc,s3://enverus-courthouse-prod-chd-plants/ok/custer/5e6e/5e6ef815-2b0d-48b8-baa8-4445c93050dc.pdf,bel8fo8bfc201g61frtg
5e94880f-dcc6-45ea-a686-1daec655e0d9,s3://enverus-courthouse-prod-chd-plants/tx/eog_cooke/5e94/5e94880f-dcc6-45ea-a686-1daec655e0d9.pdf,d9bthl5lksng008eb260
5ecf08cd-a5d1-4f0c-859d-2b1f8d26655c,s3://enverus-courthouse-prod-chd-plants/nm/chd_lea/5ecf/5ecf08cd-a5d1-4f0c-859d-2b1f8d26655c.pdf,d9btj08isvug00ft715g
5f162fb4-a9d5-44f9-b6d3-29ce92a4cd4b,s3://enverus-courthouse-prod-chd-plants/tx/eog_gonzales/5f16/5f162fb4-a9d5-44f9-b6d3-29ce92a4cd4b.pdf,d9btk13delo000du5eo0
5f351126-74c6-4ada-8ce6-b02af1e1bdce,s3://enverus-courthouse-prod-chd-plants/tx/eog_cooke/5f35/5f351126-74c6-4ada-8ce6-b02af1e1bdce.pdf,d9btqgtlksng008em2j0
5f5c5a00-3bb1-4146-bbe2-94a546bb08ce,s3://enverus-courthouse-prod-chd-plants/tx/eog_cooke/5f5c/5f5c5a00-3bb1-4146-bbe2-94a546bb08ce.pdf,d9bt2bk1kr4g008d8830
5f64ecb7-7b97-4ce9-9d25-c7d915984617,s3://enverus-courthouse-prod-chd-plants/nm/chd_lea/5f64/5f64ecb7-7b97-4ce9-9d25-c7d915984617.pdf,d9buhapkf4s000f7uidg
5f932ee1-dc6f-470c-a9b2-579a2a576bc7,s3://enverus-courthouse-prod-chd-plants/tx/eog_cooke/5f93/5f932ee1-dc6f-470c-a9b2-579a2a576bc7.pdf,d9bt2bkflnl000dj5g40
5faa6a01-cef4-4ce5-ae47-1293c969fc6e,s3://enverus-courthouse-prod-chd-plants/ok/pawnee/5faa/5faa6a01-cef4-4ce5-ae47-1293c969fc6e.pdf,bk6jm65eet4jrm1na3sg
600E62E0-BA81-4D0F-8BA5-3D395BA49B76,s3://enverus-courthouse-prod-chd-plants/tx/training_burleson/600E/600E62E0-BA81-4D0F-8BA5-3D395BA49B76.pdf,d9bu75hkf4s000f7f4fg
60183645-0eeb-4239-8ab5-f0a7bd858738,s3://enverus-courthouse-prod-chd-plants/tx/hood/6018/60183645-0eeb-4239-8ab5-f0a7bd858738.pdf,d9buccj6g7ig0080ii80
601f32a5-3123-4325-8cb0-c4bfdd4e458a,s3://enverus-courthouse-prod-chd-plants/nm/eog_lea/601f/601f32a5-3123-4325-8cb0-c4bfdd4e458a.pdf,d9bt3ceicpjg00db8v10
60250e4a-574e-4b9e-9d92-7a5ea473155b,s3://enverus-courthouse-prod-chd-plants/nm/eog_lea/6025/60250e4a-574e-4b9e-9d92-7a5ea473155b.pdf,d9bu1tdlksng008f0g10
60656561-67af-4765-a204-a7a03841770c,s3://enverus-courthouse-prod-chd-plants/nm/lea/6065/60656561-67af-4765-a204-a7a03841770c.pdf,d9bt6jjs7m5g00880blg
609219e6-9a1a-4cd2-83dd-9d3023895f19,s3://enverus-courthouse-prod-chd-plants/tx/eog_atascosa/6092/609219e6-9a1a-4cd2-83dd-9d3023895f19.pdf,d9bu0e99ha2000c6s4l0
60b865be-f0ac-4ae4-b9e0-83a29a01f6ad,s3://enverus-courthouse-prod-chd-plants/tx/robertson/60b8/60b865be-f0ac-4ae4-b9e0-83a29a01f6ad.pdf,d9bt7rnr761000des1p0
612271ce-0587-44db-84c6-597daae94236,s3://enverus-courthouse-prod-chd-plants/tx/eog_gonzales/6122/612271ce-0587-44db-84c6-597daae94236.pdf,d9bui0g59fgg00e39hs0
619734a5-57af-4027-bc39-6bb535a25b3b,s3://enverus-courthouse-prod-chd-plants/tx/eog_cooke/6197/619734a5-57af-4027-bc39-6bb535a25b3b.pdf,d9bun9a2oub000e3gv6g
61a73019-3882-488f-822a-54c6b78db296,s3://enverus-courthouse-prod-chd-plants/nm/eog_lea/61a7/61a73019-3882-488f-822a-54c6b78db296.pdf,d9buhsrs7m5g0089prng
61a94ea0-dfe4-4ed1-9087-593b63a58732,s3://enverus-courthouse-prod-chd-plants/tx/eog_atascosa/61a9/61a94ea0-dfe4-4ed1-9087-593b63a58732.pdf,d9budmhhd6mg00bnj4vg
61b36ed5-3137-4dd6-b030-4d600c256758,s3://enverus-courthouse-prod-chd-plants/tx/eog_karnes/61b3/61b36ed5-3137-4dd6-b030-4d600c256758.pdf,d9btgf9kf4s000f6guj0
61b3962b-4cf5-4f49-bb59-20fff6bb2178,s3://enverus-courthouse-prod-chd-plants/nm/eog_lea/61b3/61b3962b-4cf5-4f49-bb59-20fff6bb2178.pdf,d9bu351hd6mg00bn41l0
61DB1B54-BCBC-4215-8A05-5649DC2BAC8B,s3://enverus-courthouse-prod-chd-plants/tx/training_crockett/61DB/61DB1B54-BCBC-4215-8A05-5649DC2BAC8B.pdf,d9buhu4hn77000fbgojg
61fe3fe8-a2ef-4a58-b473-f60fd06e0f90,s3://enverus-courthouse-prod-chd-plants/tx/borden/61fe/61fe3fe8-a2ef-4a58-b473-f60fd06e0f90.pdf,d9btqsr1f5dg00bdshag
62212cf2-cc43-4a4b-bf47-3073be85dddb,s3://enverus-courthouse-prod-chd-plants/nm/eog_lea/6221/62212cf2-cc43-4a4b-bf47-3073be85dddb.pdf,d9btpc9hd6mg00bmmdf0
624CB30B-3B01-45B0-ADD9-9ED21581BE31,s3://enverus-courthouse-prod-chd-plants/tx/training_johnson/624C/624CB30B-3B01-45B0-ADD9-9ED21581BE31.pdf,d9bthmphd6mg00bmcvsg
627b884c-fedb-4aab-bcc4-063652e318ef,s3://enverus-courthouse-prod-chd-plants/tx/eog_cooke/627b/627b884c-fedb-4aab-bcc4-063652e318ef.pdf,d9buk9shn77000fbkfvg
62ea7332-10a4-44a0-b7d8-d6c29f3fd7a2,s3://enverus-courthouse-prod-chd-plants/tx/eog_karnes/62ea/62ea7332-10a4-44a0-b7d8-d6c29f3fd7a2.pdf,d9btqcpkf4s000f6sv60
62fbf14f-9eac-45d7-a50a-b82b58eb1d17,s3://enverus-courthouse-prod-chd-plants/tx/eog_gonzales/62fb/62fbf14f-9eac-45d7-a50a-b82b58eb1d17.pdf,d9btis95jqeg00e6tpng
63280876-de36-467d-b301-a0a6d171ada0,s3://enverus-courthouse-prod-chd-plants/tx/crane/6328/63280876-de36-467d-b301-a0a6d171ada0.pdf,d9bu7b1hd6mg00bn9rug
632a2e98-771d-ed40-9a6e-52b91d349547,s3://enverus-courthouse-prod-chd-plants/tx/andrews/632a/632a2e98-771d-ed40-9a6e-52b91d349547.pdf,d9bu8e1d6jhg00845ua0
632e10ac-497f-4001-8cfa-0d8ba83ac122,s3://enverus-courthouse-prod-chd-plants/nm/eog_lea/632e/632e10ac-497f-4001-8cfa-0d8ba83ac122.pdf,d9bsntrdd4a000d42dag
6359830B-CEBA-43F2-B401-CD39EBC29484,s3://enverus-courthouse-prod-chd-plants/tx/training_jasper/6359/6359830B-CEBA-43F2-B401-CD39EBC29484.pdf,d9bspfvr761000ded8f0
639157f2-3861-41a7-b1f7-c6f518c948a0,s3://enverus-courthouse-prod-chd-plants/tx/eog_cooke/6391/639157f2-3861-41a7-b1f7-c6f518c948a0.pdf,d9buap31f5dg00bej4i0
63b6801e-e950-490f-a28a-b76829059cc6,s3://enverus-courthouse-prod-chd-plants/tx/eog_cooke/63b6/63b6801e-e950-490f-a28a-b76829059cc6.pdf,d9bun9e89gsg00fhlkc0
63bc425a-493a-4347-949d-72f03f3d21ef,s3://enverus-courthouse-prod-chd-plants/tx/eog_atascosa/63bc/63bc425a-493a-4347-949d-72f03f3d21ef.pdf,d9buqipb0h1g00d23lpg
63c18eda-5db6-4a5a-a09b-47e1555c547a,s3://enverus-courthouse-prod-chd-plants/tx/grimes/63c1/63c18eda-5db6-4a5a-a09b-47e1555c547a.pdf,d9bu99k1kr4g008ep8jg
63CCDE93-B626-4D79-883B-06FDF45C2E8D,s3://enverus-courthouse-prod-chd-plants/tx/training_lasalle/63CC/63CCDE93-B626-4D79-883B-06FDF45C2E8D.pdf,d9buk8oisvug00fulqn0
63d1b94c-01ea-4a13-945c-e221a1fccc41,s3://enverus-courthouse-prod-chd-plants/tx/eog_gonzales/63d1/63d1b94c-01ea-4a13-945c-e221a1fccc41.pdf,d9bssup9ha2000c5i940
640ef2dc-2c50-4ebb-a198-02ff4dc5cd88,s3://enverus-courthouse-prod-chd-plants/tx/eog_karnes/640e/640ef2dc-2c50-4ebb-a198-02ff4dc5cd88.pdf,d9bumgkhn77000fbo4rg
6458fad5-1cb1-4fe0-ba46-c6717bc8dfad,s3://enverus-courthouse-prod-chd-plants/tx/eog_cooke/6458/6458fad5-1cb1-4fe0-ba46-c6717bc8dfad.pdf,d9bu2j3k4o900089c3ig
646c95f6-8354-45ea-97ff-f059e9bf0a51,s3://enverus-courthouse-prod-chd-plants/tx/eog_gonzales/646c/646c95f6-8354-45ea-97ff-f059e9bf0a51.pdf,d9bt3hj1f5dg00bd0eq0
646d296c-6a9f-4798-99b1-ffde53fa62a1,s3://enverus-courthouse-prod-chd-plants/tx/eog_cooke/646d/646d296c-6a9f-4798-99b1-ffde53fa62a1.pdf,d9btj8830skg00d7efj0
648BE4D8-E6E8-43D4-99C5-A7BD367683C8,s3://enverus-courthouse-prod-chd-plants/tx/training_jack/648B/648BE4D8-E6E8-43D4-99C5-A7BD367683C8.pdf,d9bu9f9d6jhg00847efg
64bc7251-f783-4f21-87c0-4434c1e9dd69,s3://enverus-courthouse-prod-chd-plants/tx/houston/64bc/64bc7251-f783-4f21-87c0-4434c1e9dd69.pdf,d9btkdbdd4a000d51djg
64d3e8da-ace7-45c6-bbbe-06de9b5a845e,s3://enverus-courthouse-prod-chd-plants/nm/eog_lea/64d3/64d3e8da-ace7-45c6-bbbe-06de9b5a845e.pdf,d9bu1sjrgi8g00bfvfd0
64edc8ba-e121-42a9-9be5-71af8261129d,s3://enverus-courthouse-prod-chd-plants/nm/eog_lea/64ed/64edc8ba-e121-42a9-9be5-71af8261129d.pdf,d9bua8khn77000fb5e4g
64f82cfb-739d-425d-8fe4-2bd54633f17a,s3://enverus-courthouse-prod-chd-plants/tx/eog_cooke/64f8/64f82cfb-739d-425d-8fe4-2bd54633f17a.pdf,d9btpgnr761000dfhhd0
64fbbca2-f711-4de7-a04f-d31300a0bdbf,s3://enverus-courthouse-prod-chd-plants/nm/eog_lea/64fb/64fbbca2-f711-4de7-a04f-d31300a0bdbf.pdf,d9btrthd6jhg0083k3n0
65176cb8-a630-47ae-81a5-4240be710345,s3://enverus-courthouse-prod-chd-plants/nm/eog_lea/6517/65176cb8-a630-47ae-81a5-4240be710345.pdf,d9btn6p5jqeg00e73pk0
652f5f40-9b0d-40d8-af7f-2871303112db,s3://enverus-courthouse-prod-chd-plants/tx/eog_lasalle/652f/652f5f40-9b0d-40d8-af7f-2871303112db.pdf,d9bt9phhd6mg00bm44lg
653168ee-d702-4c9d-9d73-45ebac290a49,s3://enverus-courthouse-prod-chd-plants/nm/eog_lea/6531/653168ee-d702-4c9d-9d73-45ebac290a49.pdf,d9bspqchn77000f9a18g
6549C9E3-72D4-4223-8931-7635BC5FAC98,s3://enverus-courthouse-prod-chd-plants/tx/training_reeves/6549/6549C9E3-72D4-4223-8931-7635BC5FAC98.pdf,d9btofgisvug00ftebbg
654e1166-c7ba-44ef-8ce2-0426baac0aeb,s3://enverus-courthouse-prod-chd-plants/tx/eog_atascosa/654e/654e1166-c7ba-44ef-8ce2-0426baac0aeb.pdf,d9buaipd6jhg008496og
656346f0-0983-41d2-929c-a538ee385e72,s3://enverus-courthouse-prod-chd-plants/tx/houston/6563/656346f0-0983-41d2-929c-a538ee385e72.pdf,d9btlnhb0h1g00d0fhn0
6597EABB-3409-4114-B1B4-403CF5F2347B,s3://enverus-courthouse-prod-chd-plants/tx/training_johnson/6597/6597EABB-3409-4114-B1B4-403CF5F2347B.pdf,d9bu99p5jqeg00e7sbmg
65988a89-a75b-4f74-b8d8-1e6cdd80071f,s3://enverus-courthouse-prod-chd-plants/tx/eog_cooke/6598/65988a89-a75b-4f74-b8d8-1e6cdd80071f.pdf,d9bthvi2oub000e1stc0
659ca8b4-4631-4003-b6b6-305209d816a4,s3://enverus-courthouse-prod-chd-plants/tx/eog_mcmullen/659c/659ca8b4-4631-4003-b6b6-305209d816a4.pdf,d9bu8emicpjg00dcodcg
65bed8e0-0129-4bd3-9d6b-763a7fb5d703,s3://enverus-courthouse-prod-chd-plants/tx/houston/65be/65bed8e0-0129-4bd3-9d6b-763a7fb5d703.pdf,d9buk8sogvn0009c3lv0
65bf456a-01d3-4b43-844f-ab40ab587ccd,s3://enverus-courthouse-prod-chd-plants/nm/eog_lea/65bf/65bf456a-01d3-4b43-844f-ab40ab587ccd.pdf,d9bt9dhb0h1g00d00mfg
65f787af-8885-4699-bccc-c45879b37d6c,s3://enverus-courthouse-prod-chd-plants/tx/eog_gonzales/65f7/65f787af-8885-4699-bccc-c45879b37d6c.pdf,d9bt9eh9ha2000c5vkag
6621A834-5A96-481E-9C84-6D6A0587A317,s3://enverus-courthouse-prod-chd-plants/tx/training_crockett/6621/6621A834-5A96-481E-9C84-6D6A0587A317.pdf,d9bu6gfpfdig00fbnljg
665ba3c5-7995-4d80-aef3-d7189e6d6ae9,s3://enverus-courthouse-prod-chd-plants/tx/eog_karnes/665b/665ba3c5-7995-4d80-aef3-d7189e6d6ae9.pdf,d9buev059fgg00e353sg
666B9FC4-2BEA-4051-BA18-BAF831EAF945,s3://enverus-courthouse-prod-chd-plants/tx/training_crockett/666B/666B9FC4-2BEA-4051-BA18-BAF831EAF945.pdf,d9btubjk4o900089650g
66a3839e-a001-497c-8616-267572aa9a0c,s3://enverus-courthouse-prod-chd-plants/tx/eog_atascosa/66a3/66a3839e-a001-497c-8616-267572aa9a0c.pdf,d9bu1hfak35000875mug
66c1101b-34ca-0548-8b47-34a173420e3a,s3://enverus-courthouse-prod-chd-plants/tx/andrews/66c1/66c1101b-34ca-0548-8b47-34a173420e3a.pdf,d9btqejte9l000f855r0
66c60bc4-d3db-49a6-9d51-5347d48c4016,s3://enverus-courthouse-prod-chd-plants/nm/eog_lea/66c6/66c60bc4-d3db-49a6-9d51-5347d48c4016.pdf,d9bu9abte9l000f8qbeg
67068806-03d3-4ea3-892d-e5f790880e2f,s3://enverus-courthouse-prod-chd-plants/tx/eog_cooke/6706/67068806-03d3-4ea3-892d-e5f790880e2f.pdf,d9bteos1kr4g008dltog
675ab9fb-35fc-4ce6-be4a-8870121dace5,s3://enverus-courthouse-prod-chd-plants/nm/eog_lea/675a/675ab9fb-35fc-4ce6-be4a-8870121dace5.pdf,d9btc7rk4o900088ft7g
677B534A-E5BD-4EBA-8693-3856E939434B,s3://enverus-courthouse-prod-chd-plants/tx/training_pecos/677B/677B534A-E5BD-4EBA-8693-3856E939434B.pdf,d9budk7pfdig00fc1q60
67adfeed-ca57-4927-9b7f-fe6d97a8036e,s3://enverus-courthouse-prod-chd-plants/tx/eog_karnes/67ad/67adfeed-ca57-4927-9b7f-fe6d97a8036e.pdf,d9bsrd7r2ffg00dv0jn0
67b79dcd-3f8a-11ec-b0f3-00505681224b,s3://enverus-courthouse-prod-chd-plants/nm/eog_lea/67b7/67b79dcd-3f8a-11ec-b0f3-00505681224b.pdf,d9btmlcflnl000djsd90
67d00603-72c3-472c-81e3-c8487f276e9a,s3://enverus-courthouse-prod-chd-plants/tx/eog_mcmullen/67d0/67d00603-72c3-472c-81e3-c8487f276e9a.pdf,d9btasq2oub000e1k65g
68029fb4-764c-4393-82e9-4d6f34ec43b3,s3://enverus-courthouse-prod-chd-plants/tx/eog_gonzales/6802/68029fb4-764c-4393-82e9-4d6f34ec43b3.pdf,d9btdae89gsg00ffroeg
68033965-d71e-4bfe-9970-46ab197ad82f,s3://enverus-courthouse-prod-chd-plants/tx/eog_karnes/6803/68033965-d71e-4bfe-9970-46ab197ad82f.pdf,d9btvinpfdig00fbd9ig
680bde4c-6fac-4223-84d1-808baf383814,s3://enverus-courthouse-prod-chd-plants/tx/grimes/680b/680bde4c-6fac-4223-84d1-808baf383814.pdf,d9bui1b1f5dg00betcdg
686158d5-e987-46e9-a14d-94e51fa81333,s3://enverus-courthouse-prod-chd-plants/tx/eog_atascosa/6861/686158d5-e987-46e9-a14d-94e51fa81333.pdf,d9bun6rk4o90008aaoa0
687800b2-fe2f-4e09-a29c-8444ed86f1a1,s3://enverus-courthouse-prod-chd-plants/nm/chd_lea/6878/687800b2-fe2f-4e09-a29c-8444ed86f1a1.pdf,d9bulh5lksng008ftc30
6878dac5-08ba-4c49-99fd-11870c58cc5c,s3://enverus-courthouse-prod-chd-plants/nm/eog_lea/6878/6878dac5-08ba-4c49-99fd-11870c58cc5c.pdf,d9bueljdd4a000d65lhg
6884a121-bdb7-43bb-bf19-880e5b627d78,s3://enverus-courthouse-prod-chd-plants/nm/chd_lea/6884/6884a121-bdb7-43bb-bf19-880e5b627d78.pdf,d9btg3059fgg00e1qagg
68a0a5dc-6818-49bb-b6c0-c4f74fb36ee7,s3://enverus-courthouse-prod-chd-plants/tx/crane/68a0/68a0a5dc-6818-49bb-b6c0-c4f74fb36ee7.pdf,d9bu3vkhn77000fasbeg
68d7eb26-b580-4657-8d1b-f8e4b5bcaaec,s3://enverus-courthouse-prod-chd-plants/tx/eog_gonzales/68d7/68d7eb26-b580-4657-8d1b-f8e4b5bcaaec.pdf,d9bu87j6g7ig0080c5c0
68e6ecfd-90b6-4aa9-981b-a4e21fcaffd1,s3://enverus-courthouse-prod-chd-plants/nm/chd_lea/68e6/68e6ecfd-90b6-4aa9-981b-a4e21fcaffd1.pdf,d9btvcrs7m5g0088um0g
68fe4451-7674-43af-8a4a-7dac3866803c,s3://enverus-courthouse-prod-chd-plants/tx/eog_cooke/68fe/68fe4451-7674-43af-8a4a-7dac3866803c.pdf,d9bu8i3s7m5g0089cdsg
6954b505-b80c-4b98-ad2a-52311d34461e,s3://enverus-courthouse-prod-chd-plants/nm/chd_lea/6954/6954b505-b80c-4b98-ad2a-52311d34461e.pdf,d9btj4p9ha2000c6b4mg
697fc557-ca77-45ed-af4b-d29a7e410fbc,s3://enverus-courthouse-prod-chd-plants/tx/crane/697f/697fc557-ca77-45ed-af4b-d29a7e410fbc.pdf,d9buhbfr761000dgji2g
69a63725-2b89-41ef-b0c0-fe9ed2197bc2,s3://enverus-courthouse-prod-chd-plants/nm/chd_lea/69a6/69a63725-2b89-41ef-b0c0-fe9ed2197bc2.pdf,d9bt4phkf4s000f630kg
6A11BBD3-483C-4301-A4F1-7D8A924D863B,s3://enverus-courthouse-prod-chd-plants/tx/training_reeves/6A11/6A11BBD3-483C-4301-A4F1-7D8A924D863B.pdf,d9bunrmicpjg00ddffg0
6a392cfe-6a6b-4719-b5dc-d5f631907525,s3://enverus-courthouse-prod-chd-plants/tx/eog_karnes/6a39/6a392cfe-6a6b-4719-b5dc-d5f631907525.pdf,d9buaidlksng008fd34g
6a564bcd-fcca-40ef-9bb1-e89dd9f7822c,s3://enverus-courthouse-prod-chd-plants/tx/eog_atascosa/6a56/6a564bcd-fcca-40ef-9bb1-e89dd9f7822c.pdf,d9bssmh9ha2000c5hlo0
6a742662-1f1b-4570-a7b8-b129a3b9838d,s3://enverus-courthouse-prod-chd-plants/tx/eog_cooke/6a74/6a742662-1f1b-4570-a7b8-b129a3b9838d.pdf,d9btn34ogvn0009aqai0
6a879fa9-506a-4c95-8ea9-0b4d7f40849f,s3://enverus-courthouse-prod-chd-plants/nm/chd_lea/6a87/6a879fa9-506a-4c95-8ea9-0b4d7f40849f.pdf,d9buibrk4o90008a3pu0
6a8b95cc-d9c8-486c-80e4-7ebc9bfa1f04,s3://enverus-courthouse-prod-chd-plants/nm/eog_lea/6a8b/6a8b95cc-d9c8-486c-80e4-7ebc9bfa1f04.pdf,d9bts6859fgg00e2a670
6aa37e3f-3b30-4f10-b03d-551bd18a1311,s3://enverus-courthouse-prod-chd-plants/nm/eog_lea/6aa3/6aa37e3f-3b30-4f10-b03d-551bd18a1311.pdf,d9bu0dp9ha2000c6s3l0
6abb1a0f-4c0c-431f-a7af-730b8031497d,s3://enverus-courthouse-prod-chd-plants/nm/eog_lea/6abb/6abb1a0f-4c0c-431f-a7af-730b8031497d.pdf,d9bspph9ha2000c5ffg0
6abbfd95-3e30-4b6d-a8d8-aacd60997128,s3://enverus-courthouse-prod-chd-plants/nm/eog_lea/6abb/6abbfd95-3e30-4b6d-a8d8-aacd60997128.pdf,d9btj49d6jhg008394j0
6b05d3d8-1c3e-4e8e-b4f2-ce359629f5a0,s3://enverus-courthouse-prod-chd-plants/tx/eog_karnes/6b05/6b05d3d8-1c3e-4e8e-b4f2-ce359629f5a0.pdf,d9buj3vpfcq000fglnpg
6b0eab87-0970-44a4-9478-08faf6d3daef,s3://enverus-courthouse-prod-chd-plants/nm/chd_lea/6b0e/6b0eab87-0970-44a4-9478-08faf6d3daef.pdf,d9bu1i3dd4a000d5ii10
6b193ec0-dbe8-49b1-a3ca-1efcac9d850b,s3://enverus-courthouse-prod-chd-plants/tx/eog_cooke/6b19/6b193ec0-dbe8-49b1-a3ca-1efcac9d850b.pdf,d9bulabte9l000f9c6s0
6b242436-b81e-482b-b94f-b99e377bf300,s3://enverus-courthouse-prod-chd-plants/tx/eog_cooke/6b24/6b242436-b81e-482b-b94f-b99e377bf300.pdf,d9buelphd6mg00bnka80
6b321f27-a9d2-48f8-ab47-05823f745954,s3://enverus-courthouse-prod-chd-plants/tx/eog_karnes/6b32/6b321f27-a9d2-48f8-ab47-05823f745954.pdf,d9btk6oisvug00ft8drg
6b34bdd5-ca5e-451e-bf07-b1a83f8d3bd5,s3://enverus-courthouse-prod-chd-plants/tx/eog_gonzales/6b34/6b34bdd5-ca5e-451e-bf07-b1a83f8d3bd5.pdf,d9bur2jrgi8g00bh5070
6B4D2E7D-3009-4FB8-8874-24B9B4973B98,s3://enverus-courthouse-prod-chd-plants/tx/training_crockett/6B4D/6B4D2E7D-3009-4FB8-8874-24B9B4973B98.pdf,d9btudnr2ffg00e09gig
6b681643-1451-4fdc-ae33-35cf193f7c03,s3://enverus-courthouse-prod-chd-plants/tx/eog_cooke/6b68/6b681643-1451-4fdc-ae33-35cf193f7c03.pdf,d9bu7illksng008f8p7g
6b783fd9-fc1d-47ab-a3f5-d7a0e4308251,s3://enverus-courthouse-prod-chd-plants/tx/crane/6b78/6b783fd9-fc1d-47ab-a3f5-d7a0e4308251.pdf,d9bspbvpfdig00fa0be0
6b7e2ceb-4451-418f-ab2b-ac4760a89d70,s3://enverus-courthouse-prod-chd-plants/tx/eog_lasalle/6b7e/6b7e2ceb-4451-418f-ab2b-ac4760a89d70.pdf,d9bui4bs7m5g0089qdg0
6b8ef156-851d-4ff2-9917-ffb97ea45881,s3://enverus-courthouse-prod-chd-plants/tx/martin/6b8e/6b8ef156-851d-4ff2-9917-ffb97ea45881.pdf,d9bue4jrgi8g00bghng0
6b9233e2-297c-4b87-a65f-ca4730e715ed,s3://enverus-courthouse-prod-chd-plants/tx/eog_mcmullen/6b92/6b9233e2-297c-4b87-a65f-ca4730e715ed.pdf,d9bt4r3s7m5g0087u1v0
6bf36eaf-ad40-ba4a-abf1-8344faea6df2,s3://enverus-courthouse-prod-chd-plants/tx/burleson/6bf3/6bf36eaf-ad40-ba4a-abf1-8344faea6df2.pdf,d9bt3v1kf4s000f62su0
6c5b90a8-d4b7-4b64-8ee1-c624015a0b92,s3://enverus-courthouse-prod-chd-plants/tx/eog_atascosa/6c5b/6c5b90a8-d4b7-4b64-8ee1-c624015a0b92.pdf,d9bua7shn77000fb5cig
6C5BAE73-6F80-49F0-9FA9-10070972C406,s3://enverus-courthouse-prod-chd-plants/tx/training_crockett/6C5B/6C5BAE73-6F80-49F0-9FA9-10070972C406.pdf,d9btn4rrgi8g00bfh4rg
6c81d69e-3a9e-4c79-adc0-44a5053136f7,s3://enverus-courthouse-prod-chd-plants/tx/eog_karnes/6c81/6c81d69e-3a9e-4c79-adc0-44a5053136f7.pdf,d9buovfr2ffg00e1h9l0
6c833ce1-ffe1-432b-afd8-40ef395292b4,s3://enverus-courthouse-prod-chd-plants/tx/eog_cooke/6c83/6c833ce1-ffe1-432b-afd8-40ef395292b4.pdf,d9bu6vvr2ffg00e0loh0
6c91fedc-a1f4-4537-bffc-2fb45ddab28f,s3://enverus-courthouse-prod-chd-plants/tx/houston/6c91/6c91fedc-a1f4-4537-bffc-2fb45ddab28f.pdf,d9bur3rrgi8g00bh537g
6cc8004d-6b85-43d2-88d9-01eb8bf58013,s3://enverus-courthouse-prod-chd-plants/tx/eog_cooke/6cc8/6cc8004d-6b85-43d2-88d9-01eb8bf58013.pdf,d9bujas1kr4g008f89cg
6ccb5a41-80f8-4f28-a152-42014c90c0e7,s3://enverus-courthouse-prod-chd-plants/nm/eog_lea/6ccb/6ccb5a41-80f8-4f28-a152-42014c90c0e7.pdf,d9btqonpfcq000ffirf0
6ce2cea0-1b17-41c6-aa5a-d84bae7a6517,s3://enverus-courthouse-prod-chd-plants/tx/eog_atascosa/6ce2/6ce2cea0-1b17-41c6-aa5a-d84bae7a6517.pdf,d9bt9p4flnl000djdlpg
6ce3f065-00de-4619-9f41-a31dc5a1caac,s3://enverus-courthouse-prod-chd-plants/nm/eog_lea/6ce3/6ce3f065-00de-4619-9f41-a31dc5a1caac.pdf,d9bssphd6jhg0082g1ig
6d01f6fa-afe8-4c25-9a38-58f9fd0ac7a2,s3://enverus-courthouse-prod-chd-plants/tx/eog_cooke/6d01/6d01f6fa-afe8-4c25-9a38-58f9fd0ac7a2.pdf,d9bunhg30skg00d91heg
6d0314a3-5261-4968-a0ee-19037b8b0670,s3://enverus-courthouse-prod-chd-plants/nm/eog_lea/6d03/6d0314a3-5261-4968-a0ee-19037b8b0670.pdf,d9bsnrmicpjg00dau3tg
6d6eb0fc-e290-4a72-a924-c3bf32515b15,s3://enverus-courthouse-prod-chd-plants/tx/eog_lasalle/6d6e/6d6eb0fc-e290-4a72-a924-c3bf32515b15.pdf,d9bt3uvr2ffg00dv9t1g
6d848061-d54a-4c99-9799-5b595453987a,s3://enverus-courthouse-prod-chd-plants/nm/chd_lea/6d84/6d848061-d54a-4c99-9799-5b595453987a.pdf,d9bugq4flnl000dl18ig
6ddd5079-3281-4a69-94cd-72bea63c4c50,s3://enverus-courthouse-prod-chd-plants/nm/chd_lea/6ddd/6ddd5079-3281-4a69-94cd-72bea63c4c50.pdf,d9btdr7ak3500086d7r0
6de463a9-1048-49f1-9e39-69cd2b058c1c,s3://enverus-courthouse-prod-chd-plants/tx/eog_atascosa/6de4/6de463a9-1048-49f1-9e39-69cd2b058c1c.pdf,d9bsr9js7m5g0087kai0
6E2BBC9C-BB87-437E-8DE4-830BEC7F784A,s3://enverus-courthouse-prod-chd-plants/tx/training_crockett/6E2B/6E2BBC9C-BB87-437E-8DE4-830BEC7F784A.pdf,d9bujc3dd4a000d6d25g
6e36643a-1069-11ec-b12d-00505681224b,s3://enverus-courthouse-prod-chd-plants/wv/wetzel/6e36/6e36643a-1069-11ec-b12d-00505681224b.pdf,d9bst6g59fgg00e162pg
6e3fa134-6223-4727-80ff-fcc23e276336,s3://enverus-courthouse-prod-chd-plants/tx/eog_cooke/6e3f/6e3fa134-6223-4727-80ff-fcc23e276336.pdf,d9bu843s7m5g0089bbt0
6e4c4d85-6fd4-4b1d-9f9e-8633eab57a9c,s3://enverus-courthouse-prod-chd-plants/nm/eog_lea/6e4c/6e4c4d85-6fd4-4b1d-9f9e-8633eab57a9c.pdf,d9bu0g3dd4a000d5h07g
6e5e572a-8f56-4355-ab8b-1fe083b85ef6,s3://enverus-courthouse-prod-chd-plants/nm/chd_lea/6e5e/6e5e572a-8f56-4355-ab8b-1fe083b85ef6.pdf,d9buonjs7m5g008a4h50
6e8db55a-a9f0-4d04-b004-c997642d6c00,s3://enverus-courthouse-prod-chd-plants/nm/chd_lea/6e8d/6e8db55a-a9f0-4d04-b004-c997642d6c00.pdf,d9bssqb1f5dg00bcpg70
6EBE136E-E639-4527-B7D1-79E4DCA5864D,s3://enverus-courthouse-prod-chd-plants/tx/training_johnson/6EBE/6EBE136E-E639-4527-B7D1-79E4DCA5864D.pdf,d9bsuns1kr4g008d4140
6ecb2de7-454b-4f4c-b12e-de09fdd8d5e6,s3://enverus-courthouse-prod-chd-plants/nm/eog_lea/6ecb/6ecb2de7-454b-4f4c-b12e-de09fdd8d5e6.pdf,d9bui5hhd6mg00bnpq5g
6ECDCFFB-E55F-414D-BE91-CE3657D0412A,s3://enverus-courthouse-prod-chd-plants/tx/training_crockett/6ECD/6ECDCFFB-E55F-414D-BE91-CE3657D0412A.pdf,d9bts6vr761000dfl5p0
6ece54e5-02bb-4732-a4b9-9136bb6286a4,s3://enverus-courthouse-prod-chd-plants/tx/eog_karnes/6ece/6ece54e5-02bb-4732-a4b9-9136bb6286a4.pdf,d9bu66brgi8g00bg5h10
6ecf187d-43bb-45e8-9bfc-b5e4aab0ad7f,s3://enverus-courthouse-prod-chd-plants/tx/eog_karnes/6ecf/6ecf187d-43bb-45e8-9bfc-b5e4aab0ad7f.pdf,d9bsrcsflnl000ditv1g
6ee9c9c4-276f-4ce5-bc87-55a2085c524e,s3://enverus-courthouse-prod-chd-plants/tx/houston/6ee9/6ee9c9c4-276f-4ce5-bc87-55a2085c524e.pdf,d9btpfnr2ffg00e03630
6efacb4f-977d-46ff-ac5d-e83257e5aed4,s3://enverus-courthouse-prod-chd-plants/nm/chd_lea/6efa/6efacb4f-977d-46ff-ac5d-e83257e5aed4.pdf,d9bug30isvug00fufn3g
6F101421-D913-4BCD-B033-1BDB7683C7EF,s3://enverus-courthouse-prod-chd-plants/tx/training_burleson/6F10/6F101421-D913-4BCD-B033-1BDB7683C7EF.pdf,d9bspm1hd6mg00blivhg
6f2e1e2b-951d-41ac-b5be-86ed849a2d59,s3://enverus-courthouse-prod-chd-plants/tx/eog_lasalle/6f2e/6f2e1e2b-951d-41ac-b5be-86ed849a2d59.pdf,d9btn1j6g7ig00fvkj40
6f488a1a-3228-49b3-b26e-675e2b3f80c7,s3://enverus-courthouse-prod-chd-plants/tx/eog_karnes/6f48/6f488a1a-3228-49b3-b26e-675e2b3f80c7.pdf,d9bthk0isvug00ft5bfg
6f5dd44d-17f6-470e-a311-744ac1f48eab,s3://enverus-courthouse-prod-chd-plants/nm/eog_lea/6f5d/6f5dd44d-17f6-470e-a311-744ac1f48eab.pdf,d9bue0vpfdig00fc2pa0
6f6543a8-f2f1-4b5b-8ea0-5710f7e3180c,s3://enverus-courthouse-prod-chd-plants/nm/chd_lea/6f65/6f6543a8-f2f1-4b5b-8ea0-5710f7e3180c.pdf,d9bt1s9b0h1g00cvo6vg
6f68d989-f802-4e8f-b516-5f7c549657ba,s3://enverus-courthouse-prod-chd-plants/tx/crane/6f68/6f68d989-f802-4e8f-b516-5f7c549657ba.pdf,d9bu6dllksng008f709g
6f787eab-c8e5-4238-a67f-4907ad81a749,s3://enverus-courthouse-prod-chd-plants/tx/eog_atascosa/6f78/6f787eab-c8e5-4238-a67f-4907ad81a749.pdf,d9btmjnr2ffg00dvv4k0
6f8360f2-871c-4561-9be7-2df317ed1f32,s3://enverus-courthouse-prod-chd-plants/tx/eog_karnes/6f83/6f8360f2-871c-4561-9be7-2df317ed1f32.pdf,d9buao1kf4s000f7ksfg
6f9a265c-93c5-4987-b73a-3134ee00e19d,s3://enverus-courthouse-prod-chd-plants/tx/eog_atascosa/6f9a/6f9a265c-93c5-4987-b73a-3134ee00e19d.pdf,d9btdpdlksng008e6rmg
6fad9d60-2a26-4e46-a967-53ef0fad0d12,s3://enverus-courthouse-prod-chd-plants/nm/chd_lea/6fad/6fad9d60-2a26-4e46-a967-53ef0fad0d12.pdf,d9bu33jdd4a000d5l5k0
6fd86c89-ef22-4a7f-8db2-821b8f63e39c,s3://enverus-courthouse-prod-chd-plants/tx/eog_gonzales/6fd8/6fd86c89-ef22-4a7f-8db2-821b8f63e39c.pdf,d9buml3k4o90008aaea0
6fe5fb24-ee9a-46c8-9dea-19da03dd92ad,s3://enverus-courthouse-prod-chd-plants/tx/eog_gonzales/6fe5/6fe5fb24-ee9a-46c8-9dea-19da03dd92ad.pdf,d9bt3ollksng008dra4g
6feba80e-5e75-433c-a3a0-ed7c22428bfd,s3://enverus-courthouse-prod-chd-plants/tx/houston/6feb/6feba80e-5e75-433c-a3a0-ed7c22428bfd.pdf,d9btlhc1kr4g008du1v0
7000e852-7b33-4510-9ce0-59f68207c371,s3://enverus-courthouse-prod-chd-plants/tx/houston/7000/7000e852-7b33-4510-9ce0-59f68207c371.pdf,d9bspojdelo000dt9130
702e24e3-cc71-4393-8c5c-b69a890e0ca4,s3://enverus-courthouse-prod-chd-plants/tx/houston/702e/702e24e3-cc71-4393-8c5c-b69a890e0ca4.pdf,d9btvcjte9l000f8boh0
709ccc76-94e7-4c4e-9713-1ebfbda86cbd,s3://enverus-courthouse-prod-chd-plants/tx/eog_karnes/709c/709ccc76-94e7-4c4e-9713-1ebfbda86cbd.pdf,d9bsps9kf4s000f5oio0
709dfd8b-1b34-4276-bb1a-b85fc7f223e5,s3://enverus-courthouse-prod-chd-plants/tx/eog_lasalle/709d/709dfd8b-1b34-4276-bb1a-b85fc7f223e5.pdf,d9bteqbrgi8g00bf6mg0
70b9064b-fd3c-4394-bda5-3e73da5edf4e,s3://enverus-courthouse-prod-chd-plants/nm/eog_lea/70b9/70b9064b-fd3c-4394-bda5-3e73da5edf4e.pdf,d9buj295jqeg00e8am4g
70d55642-4172-4a2a-85d6-6a89c8af3552,s3://enverus-courthouse-prod-chd-plants/tx/eog_lasalle/70d5/70d55642-4172-4a2a-85d6-6a89c8af3552.pdf,d9btkkpkf4s000f6m8s0
710b933b-ee60-47c7-ade1-229d9ed81b6c,s3://enverus-courthouse-prod-chd-plants/tx/eog_karnes/710b/710b933b-ee60-47c7-ade1-229d9ed81b6c.pdf,d9bu504ogvn0009bcua0
712c440d-30c1-4325-81af-d04a1fc383da,s3://enverus-courthouse-prod-chd-plants/tx/eog_karnes/712c/712c440d-30c1-4325-81af-d04a1fc383da.pdf,d9btbu4hn77000f9sr8g
71a42553-29d9-4b0d-8f52-53797422e9bc,s3://enverus-courthouse-prod-chd-plants/ok/okmulgee/71a4/71a42553-29d9-4b0d-8f52-53797422e9bc.pdf,bfd466u5lo3g1fe6f610
71aa3f95-5b13-461f-8580-446bf62e8170,s3://enverus-courthouse-prod-chd-plants/tx/eog_karnes/71aa/71aa3f95-5b13-461f-8580-446bf62e8170.pdf,d9bspirdd4a000d43h7g
71AE1926-1035-4DC2-84C5-FC428DDB0DFD,s3://enverus-courthouse-prod-chd-plants/tx/training_walker/71AE/71AE1926-1035-4DC2-84C5-FC428DDB0DFD.pdf,d9bu95p5jqeg00e7s2i0
71bb7d48-7842-4962-8c8c-215f999ed77a,s3://enverus-courthouse-prod-chd-plants/tx/eog_lasalle/71bb/71bb7d48-7842-4962-8c8c-215f999ed77a.pdf,d9buhu36g7ig0080qg20
71d96c54-af1f-49fb-8562-4d52640b9fcc,s3://enverus-courthouse-prod-chd-plants/nm/chd_lea/71d9/71d96c54-af1f-49fb-8562-4d52640b9fcc.pdf,d9bum83k4o90008a9ef0
71e62650-ec4a-4dd8-a0df-46be3c7a75db,s3://enverus-courthouse-prod-chd-plants/tx/eog_atascosa/71e6/71e62650-ec4a-4dd8-a0df-46be3c7a75db.pdf,d9btuifak35000871mog
71F06E84-4744-4827-A3C3-BBBF038D5FA3,s3://enverus-courthouse-prod-chd-plants/tx/training_midland/71F0/71F06E84-4744-4827-A3C3-BBBF038D5FA3.pdf,d9bul7830skg00d8tqug
71F2096A-0A08-47AE-8DCE-6D4E1E0DF163,s3://enverus-courthouse-prod-chd-plants/tx/training_ward/71F2/71F2096A-0A08-47AE-8DCE-6D4E1E0DF163.pdf,d9buqr3te9l000f9kh8g
720e935e-46c9-4c37-92c0-70ccfdc9c930,s3://enverus-courthouse-prod-chd-plants/nm/eog_lea/720e/720e935e-46c9-4c37-92c0-70ccfdc9c930.pdf,d9bt0crdd4a000d4a7cg
724293f0-82e8-426f-a212-7b67530b0cfa,s3://enverus-courthouse-prod-chd-plants/tx/eog_gonzales/7242/724293f0-82e8-426f-a212-7b67530b0cfa.pdf,d9btauhb0h1g00d02hng
726cc79a-97c1-4761-99f1-e3311d989f62,s3://enverus-courthouse-prod-chd-plants/nm/chd_lea/726c/726cc79a-97c1-4761-99f1-e3311d989f62.pdf,d9buptsflnl000dlf780
7279eba1-b50f-4822-ae99-3bb82b7b6c22,s3://enverus-courthouse-prod-chd-plants/tx/eog_cooke/7279/7279eba1-b50f-4822-ae99-3bb82b7b6c22.pdf,d9bupj3te9l000f9iegg
728f1ab7-b364-49f5-9206-0020ce75a504,s3://enverus-courthouse-prod-chd-plants/nm/eog_lea/728f/728f1ab7-b364-49f5-9206-0020ce75a504.pdf,d9bto60isvug00ftdjpg
72b98b16-161a-4108-a3ad-b6dd3d7c02a3,s3://enverus-courthouse-prod-chd-plants/tx/eog_atascosa/72b9/72b98b16-161a-4108-a3ad-b6dd3d7c02a3.pdf,d9buoe3k4o90008acjo0
73060d73-75c3-43bf-b2a7-08cc65cb2b72,s3://enverus-courthouse-prod-chd-plants/nm/eog_lea/7306/73060d73-75c3-43bf-b2a7-08cc65cb2b72.pdf,d9btirbdd4a000d4v4kg
73653fd9-206f-4480-a1e3-9a92c3ce6f7f,s3://enverus-courthouse-prod-chd-plants/tx/eog_cooke/7365/73653fd9-206f-4480-a1e3-9a92c3ce6f7f.pdf,d9bucos1kr4g008ev0pg
73a8ad3a-4221-4646-bacd-67a6d25799e2,s3://enverus-courthouse-prod-chd-plants/tx/eog_cooke/73a8/73a8ad3a-4221-4646-bacd-67a6d25799e2.pdf,d9bujfrdd4a000d6db70
73B2FE44-5359-4E56-9DB0-09A06A507A0C,s3://enverus-courthouse-prod-chd-plants/tx/training_crockett/73B2/73B2FE44-5359-4E56-9DB0-09A06A507A0C.pdf,d9btpj8isvug00ftfk30
73b56ef2-e6b3-4a70-88c6-03c91e63ae97,s3://enverus-courthouse-prod-chd-plants/nm/chd_lea/73b5/73b56ef2-e6b3-4a70-88c6-03c91e63ae97.pdf,d9buieh5jqeg00e8a8kg
73c0b699-0d2f-4f34-9a6d-9e38045a3fd3,s3://enverus-courthouse-prod-chd-plants/tx/eog_atascosa/73c0/73c0b699-0d2f-4f34-9a6d-9e38045a3fd3.pdf,d9bt0999ha2000c5lcm0
740514dc-f9fc-4bd7-a002-979675b4512c,s3://enverus-courthouse-prod-chd-plants/tx/hood/7405/740514dc-f9fc-4bd7-a002-979675b4512c.pdf,d9bueoo59fgg00e34ka0
746dd08b-84b7-43cb-9aeb-f0411cfe38c0,s3://enverus-courthouse-prod-chd-plants/tx/eog_gonzales/746d/746dd08b-84b7-43cb-9aeb-f0411cfe38c0.pdf,d9btelu89gsg00fftgj0
748eed98-e895-41b9-bf98-00d9b30e5d91,s3://enverus-courthouse-prod-chd-plants/tx/eog_gonzales/748e/748eed98-e895-41b9-bf98-00d9b30e5d91.pdf,d9bupnsogvn0009cbr40
74bde0a2-330d-47b4-b2e2-3f5ffd8eeb69,s3://enverus-courthouse-prod-chd-plants/tx/eog_cooke/74bd/74bde0a2-330d-47b4-b2e2-3f5ffd8eeb69.pdf,d9btrm41kr4g008e5lq0
74eb5a75-3fb9-11eb-9a9f-00505681224b,s3://enverus-courthouse-prod-chd-plants/nm/eog_lea/74eb/74eb5a75-3fb9-11eb-9a9f-00505681224b.pdf,d9bssprdd4a000d46f70
752bff4c-d214-4fec-8516-1842a23316ea,s3://enverus-courthouse-prod-chd-plants/tx/crane/752b/752bff4c-d214-4fec-8516-1842a23316ea.pdf,d9bt6fnr761000deqj0g
75349785-6a8f-4ade-a043-9759bcb92254,s3://enverus-courthouse-prod-chd-plants/nm/eog_lea/7534/75349785-6a8f-4ade-a043-9759bcb92254.pdf,d9bt3qm89gsg00ffhf6g
7541695c-7aa7-491a-8f31-e27b53227116,s3://enverus-courthouse-prod-chd-plants/nm/eog_lea/7541/7541695c-7aa7-491a-8f31-e27b53227116.pdf,d9bu6ggisvug00fu1o7g
758b5c6f-90dd-4132-8c8b-66d8979327b3,s3://enverus-courthouse-prod-chd-plants/tx/eog_cooke/758b/758b5c6f-90dd-4132-8c8b-66d8979327b3.pdf,d9buk09b0h1g00d1pp6g
75ab710c-452b-4022-a35f-4a5887280e81,s3://enverus-courthouse-prod-chd-plants/nm/eog_lea/75ab/75ab710c-452b-4022-a35f-4a5887280e81.pdf,d9bujfr1f5dg00bevqu0
75ceecd8-d27d-4f00-9ee3-51478ac072b9,s3://enverus-courthouse-prod-chd-plants/nm/chd_lea/75ce/75ceecd8-d27d-4f00-9ee3-51478ac072b9.pdf,d9bu5ao30skg00d86kj0
75e04bf9-f163-654d-aca2-3a4d325b3cd5,s3://enverus-courthouse-prod-chd-plants/tx/burleson/75e0/75e04bf9-f163-654d-aca2-3a4d325b3cd5.pdf,d9bui2jte9l000f97ahg
75f6747e-162a-47d1-85ea-5c7ddfc877f0,s3://enverus-courthouse-prod-chd-plants/tx/eog_gonzales/75f6/75f6747e-162a-47d1-85ea-5c7ddfc877f0.pdf,d9btpj9d6jhg0083hc40
75fc783e-061f-41dd-9352-84e175ae9aa9,s3://enverus-courthouse-prod-chd-plants/tx/eog_cooke/75fc/75fc783e-061f-41dd-9352-84e175ae9aa9.pdf,d9btlr3delo000du8cr0
76357f06-72aa-423e-a093-5b8a00a055f3,s3://enverus-courthouse-prod-chd-plants/tx/eog_cooke/7635/76357f06-72aa-423e-a093-5b8a00a055f3.pdf,d9buh3bk4o90008a1o0g
765b244e-7b87-421e-ab6d-7f2e08c6eb3a,s3://enverus-courthouse-prod-chd-plants/tx/eog_karnes/765b/765b244e-7b87-421e-ab6d-7f2e08c6eb3a.pdf,d9bt1rjs7m5g0087qu50
7695ddd3-8031-4330-a17d-10190f6efb30,s3://enverus-courthouse-prod-chd-plants/tx/eog_cooke/7695/7695ddd3-8031-4330-a17d-10190f6efb30.pdf,d9bt0e9d6jhg0082jrrg
76af2789-d3b1-418b-8d03-c3e3b74c3922,s3://enverus-courthouse-prod-chd-plants/tx/eog_atascosa/76af/76af2789-d3b1-418b-8d03-c3e3b74c3922.pdf,d9btqq31f5dg00bdsb1g
76b75d40-dd73-453f-bd26-e1bbda7734e9,s3://enverus-courthouse-prod-chd-plants/tx/eog_atascosa/76b7/76b75d40-dd73-453f-bd26-e1bbda7734e9.pdf,d9bu204hn77000fapmtg
76be6370-847a-45ce-bcf6-75527626fd16,s3://enverus-courthouse-prod-chd-plants/tx/eog_karnes/76be/76be6370-847a-45ce-bcf6-75527626fd16.pdf,d9bun8830skg00d90u20
76ee8acf-4e7b-4767-a6c2-41d344cb6523,s3://enverus-courthouse-prod-chd-plants/tx/eog_mcmullen/76ee/76ee8acf-4e7b-4767-a6c2-41d344cb6523.pdf,d9bu8jhhd6mg00bnbu20
76f44906-1315-4fb6-b369-6e3a990961db,s3://enverus-courthouse-prod-chd-plants/tx/eog_karnes/76f4/76f44906-1315-4fb6-b369-6e3a990961db.pdf,d9bufo7ak3500087qckg
76F83A6B-FE05-41AC-8C35-90AA0C90F750,s3://enverus-courthouse-prod-chd-plants/tx/training_lasalle/76F8/76F83A6B-FE05-41AC-8C35-90AA0C90F750.pdf,d9bu4122oub000e2kht0
775b8dec-ab4d-485c-9905-3d27853534f2,s3://enverus-courthouse-prod-chd-plants/tx/eog_karnes/775b/775b8dec-ab4d-485c-9905-3d27853534f2.pdf,d9bukjpkf4s000f83hg0
77707b54-e33b-48f8-ad04-a206cd2d6efb,s3://enverus-courthouse-prod-chd-plants/tx/eog_gonzales/7770/77707b54-e33b-48f8-ad04-a206cd2d6efb.pdf,d9bt22859fgg00e1ap40
7770d738-a054-4cb7-bee0-15e0dee5ddda,s3://enverus-courthouse-prod-chd-plants/tx/houston/7770/7770d738-a054-4cb7-bee0-15e0dee5ddda.pdf,d9bupn4hn77000fbsiq0
77846a4d-73d9-44d6-a594-39205e67b69e,s3://enverus-courthouse-prod-chd-plants/tx/eog_atascosa/7784/77846a4d-73d9-44d6-a594-39205e67b69e.pdf,d9bt58bs7m5g0087v2ug
778bd66a-f87f-4f20-9cfe-4d182a958677,s3://enverus-courthouse-prod-chd-plants/nm/eog_lea/778b/778bd66a-f87f-4f20-9cfe-4d182a958677.pdf,d9bt0k059fgg00e19big
77e53c15-d73b-462f-91ff-60257f3f43f8,s3://enverus-courthouse-prod-chd-plants/tx/crane/77e5/77e53c15-d73b-462f-91ff-60257f3f43f8.pdf,d9bu8h5lksng008fa2v0
77eab91a-ccf4-4ccd-acf8-a18bf718cdd7,s3://enverus-courthouse-prod-chd-plants/ok/mcclain/77ea/77eab91a-ccf4-4ccd-acf8-a18bf718cdd7.pdf,bi9b2pf9pp704e46vp90
77f3975a-bdf4-4c8e-b87f-6a36838b9291,s3://enverus-courthouse-prod-chd-plants/nm/eog_lea/77f3/77f3975a-bdf4-4c8e-b87f-6a36838b9291.pdf,d9bu1ghkf4s000f76pu0
780d8980-d0d6-4f6a-ac6e-982aa5f5dff9,s3://enverus-courthouse-prod-chd-plants/tx/houston/780d/780d8980-d0d6-4f6a-ac6e-982aa5f5dff9.pdf,d9budonr2ffg00e103gg
7828d12e-61dc-4792-98d0-76a56d25bc79,s3://enverus-courthouse-prod-chd-plants/tx/eog_cooke/7828/7828d12e-61dc-4792-98d0-76a56d25bc79.pdf,d9bunb4hn77000fbp2v0
7842c09e-530f-49c7-8dc4-7146f296bf64,s3://enverus-courthouse-prod-chd-plants/tx/eog_lasalle/7842/7842c09e-530f-49c7-8dc4-7146f296bf64.pdf,d9btj0e89gsg00fg2mjg
786ba418-9eb2-44ce-b2db-b7252efbb1fb,s3://enverus-courthouse-prod-chd-plants/tx/eog_atascosa/786b/786ba418-9eb2-44ce-b2db-b7252efbb1fb.pdf,d9bu9g859fgg00e2t46g
7870f017-12ec-cf4d-a0af-0a6589ea706d,s3://enverus-courthouse-prod-chd-plants/tx/burleson/7870/7870f017-12ec-cf4d-a0af-0a6589ea706d.pdf,d9bucib1f5dg00beln70
787c7eea-a397-4a06-8eac-ef088735f6b5,s3://enverus-courthouse-prod-chd-plants/tx/eog_karnes/787c/787c7eea-a397-4a06-8eac-ef088735f6b5.pdf,d9bu1r3k4o900089be20
787C9D25-0446-47BE-8A0D-FA3915DAC3D8,s3://enverus-courthouse-prod-chd-plants/tx/training_crockett/787C/787C9D25-0446-47BE-8A0D-FA3915DAC3D8.pdf,d9buqokflnl000dlga10
788627b9-47e5-49f4-a858-aad2d7c3e6f4,s3://enverus-courthouse-prod-chd-plants/nm/chd_lea/7886/788627b9-47e5-49f4-a858-aad2d7c3e6f4.pdf,d9bt20g59fgg00e1ald0
7890abd3-985e-4ac5-a36c-e4d6978d0306,s3://enverus-courthouse-prod-chd-plants/tx/eog_atascosa/7890/7890abd3-985e-4ac5-a36c-e4d6978d0306.pdf,d9bt0mp5jqeg00e69jp0
789ec04b-a828-4ccc-b3f5-f9c61f67a2cf,s3://enverus-courthouse-prod-chd-plants/tx/houston/789e/789ec04b-a828-4ccc-b3f5-f9c61f67a2cf.pdf,d9btpi15jqeg00e76hbg
78a70d47-eb5d-4c6e-b658-d3d47099e6db,s3://enverus-courthouse-prod-chd-plants/tx/crane/78a7/78a70d47-eb5d-4c6e-b658-d3d47099e6db.pdf,d9bu5d9d6jhg00841mp0
78a97cb9-3805-824b-8fda-7f502b4b112f,s3://enverus-courthouse-prod-chd-plants/tx/martin/78a9/78a97cb9-3805-824b-8fda-7f502b4b112f.pdf,d9bt08j6g7ig00fupm0g
78c13b35-139e-44f7-ae9b-6bea2dc478f5,s3://enverus-courthouse-prod-chd-plants/tx/eog_karnes/78c1/78c13b35-139e-44f7-ae9b-6bea2dc478f5.pdf,d9bto58isvug00ftdhq0
78c5bea0-5a79-4858-8db7-d15d871abf81,s3://enverus-courthouse-prod-chd-plants/tx/houston/78c5/78c5bea0-5a79-4858-8db7-d15d871abf81.pdf,d9btei5lksng008e772g
78cc3eac-4c3a-48c3-856c-3b9fa83b72d2,s3://enverus-courthouse-prod-chd-plants/tx/eog_gonzales/78cc/78cc3eac-4c3a-48c3-856c-3b9fa83b72d2.pdf,d9btt47r2ffg00e07mrg
78f3888a-193e-4143-a06a-2dee0f152ebd,s3://enverus-courthouse-prod-chd-plants/tx/eog_gonzales/78f3/78f3888a-193e-4143-a06a-2dee0f152ebd.pdf,d9bt0bvpfdig00fa7g8g
794242ad-50c0-40ff-9165-10686def76c5,s3://enverus-courthouse-prod-chd-plants/tx/eog_cooke/7942/794242ad-50c0-40ff-9165-10686def76c5.pdf,d9bu0u830skg00d80db0
7956736b-3d84-4888-9dce-5a6c1868edac,s3://enverus-courthouse-prod-chd-plants/nm/eog_lea/7956/7956736b-3d84-4888-9dce-5a6c1868edac.pdf,d9buf41kf4s000f7r5eg
79696da2-59ac-4c0b-b775-32ffe16fa021,s3://enverus-courthouse-prod-chd-plants/nm/chd_lea/7969/79696da2-59ac-4c0b-b775-32ffe16fa021.pdf,d9bujcb6g7ig0080stt0
796b1985-0e37-4e3b-a2d3-1a10761699c1,s3://enverus-courthouse-prod-chd-plants/tx/eog_lasalle/796b/796b1985-0e37-4e3b-a2d3-1a10761699c1.pdf,d9bt81fpfcq000fes1dg
7978d866-f160-40ed-b108-51120c0461dc,s3://enverus-courthouse-prod-chd-plants/tx/eog_atascosa/7978/7978d866-f160-40ed-b108-51120c0461dc.pdf,d9bumjhkf4s000f86l9g
798bb1ca-4276-4855-95a3-46ac34a3e1c0,s3://enverus-courthouse-prod-chd-plants/tx/eog_cooke/798b/798bb1ca-4276-4855-95a3-46ac34a3e1c0.pdf,d9btj9q2oub000e1udqg
7990484b-111d-4734-9b6b-b4719ce3430a,s3://enverus-courthouse-prod-chd-plants/nm/chd_lea/7990/7990484b-111d-4734-9b6b-b4719ce3430a.pdf,d9bsta4flnl000dj0da0
79a4356d-1226-433d-98a3-4c1913c66809,s3://enverus-courthouse-prod-chd-plants/nm/eog_lea/79a4/79a4356d-1226-433d-98a3-4c1913c66809.pdf,d9bsss3s7m5g0087lupg
79da275a-5d03-428c-8bd2-01f98902965a,s3://enverus-courthouse-prod-chd-plants/tx/potter/79da/79da275a-5d03-428c-8bd2-01f98902965a.pdf,c7gs0li0st5000el3clg
79f41ac3-d7be-f044-8471-1ee8cb7e82c8,s3://enverus-courthouse-prod-chd-plants/nm/eddy/79f4/79f41ac3-d7be-f044-8471-1ee8cb7e82c8.pdf,d9bumdjk4o90008a9sdg
79faf822-2076-48e6-8971-22effc895396,s3://enverus-courthouse-prod-chd-plants/tx/eog_cooke/79fa/79faf822-2076-48e6-8971-22effc895396.pdf,d9bt1r15jqeg00e6a9fg
7a2321c3-a887-4163-9479-b95c699cf4e1,s3://enverus-courthouse-prod-chd-plants/nm/eog_lea/7a23/7a2321c3-a887-4163-9479-b95c699cf4e1.pdf,d9btdhq2oub000e1nbhg
7a2c7366-68c5-48d3-ac1b-7051b20d886f,s3://enverus-courthouse-prod-chd-plants/tx/eog_karnes/7a2c/7a2c7366-68c5-48d3-ac1b-7051b20d886f.pdf,d9bue0j1f5dg00benq2g
7a3a4516-e7a6-49de-aa20-f896f96ad8c8,s3://enverus-courthouse-prod-chd-plants/tx/eog_mcmullen/7a3a/7a3a4516-e7a6-49de-aa20-f896f96ad8c8.pdf,d9btml22oub000e222cg
7a5c06c8-b982-4d7e-90d2-e490f9c61340,s3://enverus-courthouse-prod-chd-plants/tx/eog_gonzales/7a5c/7a5c06c8-b982-4d7e-90d2-e490f9c61340.pdf,d9bu341d6jhg0083uc80
7a5edfba-4293-4182-ad21-ae352c0005dc,s3://enverus-courthouse-prod-chd-plants/nm/chd_lea/7a5e/7a5edfba-4293-4182-ad21-ae352c0005dc.pdf,d9btj8sogvn0009alh00
7a9d0f84-a490-11ea-a4ae-00505681224b,s3://enverus-courthouse-prod-chd-plants/nm/eog_lea/7a9d/7a9d0f84-a490-11ea-a4ae-00505681224b.pdf,d9bt6t030skg00d707c0
7b064e6d-0d7a-443e-a509-078c664a7cc9,s3://enverus-courthouse-prod-chd-plants/tx/eog_mcmullen/7b06/7b064e6d-0d7a-443e-a509-078c664a7cc9.pdf,d9bujfi2oub000e3be8g
7b50e713-b3c5-4e5b-ae9b-5630fa3c7825,s3://enverus-courthouse-prod-chd-plants/tx/eog_karnes/7b50/7b50e713-b3c5-4e5b-ae9b-5630fa3c7825.pdf,d9bsnkr1f5dg00bcknpg
7b6233d1-7318-450a-a4ae-8ec542175293,s3://enverus-courthouse-prod-chd-plants/nm/chd_lea/7b62/7b6233d1-7318-450a-a4ae-8ec542175293.pdf,d9buq37r761000dh0ig0
7b6d6d00-0334-11ed-9154-00505681224b,s3://enverus-courthouse-prod-chd-plants/ok/garfield/7b6d/7b6d6d00-0334-11ed-9154-00505681224b.pdf,d9btk8micpjg00dbsn6g
7b9b843d-3da9-47ba-9e46-2f4189b4ea62,s3://enverus-courthouse-prod-chd-plants/tx/eog_atascosa/7b9b/7b9b843d-3da9-47ba-9e46-2f4189b4ea62.pdf,d9buka36g7ig0080u81g
7c18659d-7db0-4722-a6d8-7e2f0493ba46,s3://enverus-courthouse-prod-chd-plants/tx/eog_gonzales/7c18/7c18659d-7db0-4722-a6d8-7e2f0493ba46.pdf,d9bub9pb0h1g00d1d5mg
7c2e0dca-1837-4097-962c-7cfaf4f73d07,s3://enverus-courthouse-prod-chd-plants/nm/eog_lea/7c2e/7c2e0dca-1837-4097-962c-7cfaf4f73d07.pdf,d9bucapd6jhg0084bmbg
7c5dc98d-d9bc-4fcf-9c02-7224e6000062,s3://enverus-courthouse-prod-chd-plants/tx/eog_atascosa/7c5d/7c5dc98d-d9bc-4fcf-9c02-7224e6000062.pdf,d9bu44rrgi8g00bg2od0
7C722A51-EAD8-4BB4-A638-B9203283D669,s3://enverus-courthouse-prod-chd-plants/tx/training_crockett/7C72/7C722A51-EAD8-4BB4-A638-B9203283D669.pdf,d9bsnm0isvug00fs9ef0
7c8d53ad-21d0-4909-836d-2a0cc028888a,s3://enverus-courthouse-prod-chd-plants/tx/eog_lasalle/7c8d/7c8d53ad-21d0-4909-836d-2a0cc028888a.pdf,d9bt9jbk4o900088cul0
7cf67cde-7098-4417-b288-8d15a32cd2e3,s3://enverus-courthouse-prod-chd-plants/tx/eog_gonzales/7cf6/7cf67cde-7098-4417-b288-8d15a32cd2e3.pdf,d9bu1fb1f5dg00be50d0
7d030b4e-4d22-40f8-9829-4dab783bbb03,s3://enverus-courthouse-prod-chd-plants/nm/eog_lea/7d03/7d030b4e-4d22-40f8-9829-4dab783bbb03.pdf,d9bum7jk4o90008a9d8g
7d5da812-1441-469a-a4d6-fd45cd796ffc,s3://enverus-courthouse-prod-chd-plants/tx/eog_cooke/7d5d/7d5da812-1441-469a-a4d6-fd45cd796ffc.pdf,d9bu4u9hd6mg00bn64e0
7d74450f-21fb-4397-8e0d-0030df0c4a83,s3://enverus-courthouse-prod-chd-plants/tx/eog_cooke/7d74/7d74450f-21fb-4397-8e0d-0030df0c4a83.pdf,d9bukjchn77000fbl760
7D7E9B68-8566-482E-9C85-F0849B7FF20B,s3://enverus-courthouse-prod-chd-plants/tx/training_midland/7D7E/7D7E9B68-8566-482E-9C85-F0849B7FF20B.pdf,d9bt8695jqeg00e6hmfg
7d935b8f-9f89-45b6-ab97-6338a28a9d49,s3://enverus-courthouse-prod-chd-plants/tx/eog_atascosa/7d93/7d935b8f-9f89-45b6-ab97-6338a28a9d49.pdf,d9btvrnr761000dfq290
7da196d0-7961-488c-b335-98d7227fc313,s3://enverus-courthouse-prod-chd-plants/tx/eog_atascosa/7da1/7da196d0-7961-488c-b335-98d7227fc313.pdf,d9btmlr6g7ig00fvjmh0
7da21999-6d25-4712-ba54-5a666aa20057,s3://enverus-courthouse-prod-chd-plants/nm/chd_lea/7da2/7da21999-6d25-4712-ba54-5a666aa20057.pdf,d9bspgkhn77000f999m0
7daabb9e-73fe-4b08-b9cb-735f92b96264,s3://enverus-courthouse-prod-chd-plants/tx/eog_cooke/7daa/7daabb9e-73fe-4b08-b9cb-735f92b96264.pdf,d9bu2unpfdig00fbi8pg
7df09a31-4130-4aa8-9c2c-c3d09c7986c4,s3://enverus-courthouse-prod-chd-plants/tx/eog_cooke/7df0/7df09a31-4130-4aa8-9c2c-c3d09c7986c4.pdf,d9bu8hh9ha2000c789j0
7df69896-a502-4f8c-b5a2-4c40b3f37793,s3://enverus-courthouse-prod-chd-plants/tx/eog_gonzales/7df6/7df69896-a502-4f8c-b5a2-4c40b3f37793.pdf,d9bu9do30skg00d8cfh0
7e00d69b-27d7-4fdb-b6df-c367eb19e570,s3://enverus-courthouse-prod-chd-plants/tx/crane/7e00/7e00d69b-27d7-4fdb-b6df-c367eb19e570.pdf,d9bu60fpfdig00fbmegg
7E127E31-6851-4AA7-A357-6DD33403F835,s3://enverus-courthouse-prod-chd-plants/tx/training_crockett/7E12/7E127E31-6851-4AA7-A357-6DD33403F835.pdf,d9bst5k1kr4g008d2pag
7e4e4a01-195b-4fe2-a550-13b68a00f844,s3://enverus-courthouse-prod-chd-plants/tx/eog_gonzales/7e4e/7e4e4a01-195b-4fe2-a550-13b68a00f844.pdf,d9bu5uoisvug00fu0d7g
7e4ef7fe-648a-4182-a46d-e906570f6a8a,s3://enverus-courthouse-prod-chd-plants/tx/loving/7e4e/7e4ef7fe-648a-4182-a46d-e906570f6a8a.pdf,d9bt06g59fgg00e18eq0
7e852aa0-c4b3-42df-97a4-ec65cf7d2dc8,s3://enverus-courthouse-prod-chd-plants/nm/eog_lea/7e85/7e852aa0-c4b3-42df-97a4-ec65cf7d2dc8.pdf,d9bt6k8isvug00fsonk0
7e9849c3-a853-47d5-b34e-cf5453557a20,s3://enverus-courthouse-prod-chd-plants/nm/eog_lea/7e98/7e9849c3-a853-47d5-b34e-cf5453557a20.pdf,d9bu7f3s7m5g0089ap20
7E9F8F27-28BF-4B58-9C61-E47A184C1168,s3://enverus-courthouse-prod-chd-plants/tx/training_midland/7E9F/7E9F8F27-28BF-4B58-9C61-E47A184C1168.pdf,d9btvekflnl000dk80ig
7f5073ad-2c19-421c-89fb-eb73ea9054fc,s3://enverus-courthouse-prod-chd-plants/tx/eog_gonzales/7f50/7f5073ad-2c19-421c-89fb-eb73ea9054fc.pdf,d9bt7o7pfcq000ferarg
7f5492c7-7074-11e8-8ff1-00505681224b,s3://enverus-courthouse-prod-chd-plants/ms/amite/7f54/7f5492c7-7074-11e8-8ff1-00505681224b.pdf,d9bu2vbrgi8g00bg0ur0
7f5f7355-385a-4e0f-ab33-c19df7c3f6b9,s3://enverus-courthouse-prod-chd-plants/tx/eog_gonzales/7f5f/7f5f7355-385a-4e0f-ab33-c19df7c3f6b9.pdf,d9bucghkf4s000f7ndi0
7fb7e27a-ad92-4478-bbdf-ac84f77cd422,s3://enverus-courthouse-prod-chd-plants/tx/eog_karnes/7fb7/7fb7e27a-ad92-4478-bbdf-ac84f77cd422.pdf,d9bubj8isvug00fu98c0
7fc0ad90-77fa-11eb-989a-00505681224b,s3://enverus-courthouse-prod-chd-plants/nm/eog_lea/7fc0/7fc0ad90-77fa-11eb-989a-00505681224b.pdf,d9bulc1hd6mg00bnuii0
7fed4b79-a511-4dd3-b467-36eab310f883,s3://enverus-courthouse-prod-chd-plants/tx/eog_gonzales/7fed/7fed4b79-a511-4dd3-b467-36eab310f883.pdf,d9btp7npfdig00fb4k1g
7ff6ada0-23e3-4211-ac58-293b0d1404ca,s3://enverus-courthouse-prod-chd-plants/tx/eog_cooke/7ff6/7ff6ada0-23e3-4211-ac58-293b0d1404ca.pdf,d9bu6i7ak3500087dev0
801071b8-7080-42c9-8482-e2126e10b6c5,s3://enverus-courthouse-prod-chd-plants/nm/eog_lea/8010/801071b8-7080-42c9-8482-e2126e10b6c5.pdf,d9bu89p9ha2000c77mg0
80196fe2-82b0-43fa-8fdf-026b4bbdf2b3,s3://enverus-courthouse-prod-chd-plants/tx/eog_lasalle/8019/80196fe2-82b0-43fa-8fdf-026b4bbdf2b3.pdf,d9bu1uh9ha2000c6unf0
80364843-56c9-46fe-903f-72305801a647,s3://enverus-courthouse-prod-chd-plants/tx/eog_cooke/8036/80364843-56c9-46fe-903f-72305801a647.pdf,d9bt3orrgi8g00beq3t0
804a6805-7fc0-4c0b-a793-ba0a7529e16b,s3://enverus-courthouse-prod-chd-plants/tx/midland/804a/804a6805-7fc0-4c0b-a793-ba0a7529e16b.pdf,d9bt55e89gsg00ffip9g
805A3662-6EAF-41A0-9AC6-4830CD5D3393,s3://enverus-courthouse-prod-chd-plants/tx/training_madison/805A/805A3662-6EAF-41A0-9AC6-4830CD5D3393.pdf,d9bul2kflnl000dl7j80
80a9fbb5-f9e4-4c50-91d9-0169eb3748bf,s3://enverus-courthouse-prod-chd-plants/tx/eog_cooke/80a9/80a9fbb5-f9e4-4c50-91d9-0169eb3748bf.pdf,d9btf18isvug00ft2ni0
80be1245-70b8-4242-aa6e-fa9475ee204a,s3://enverus-courthouse-prod-chd-plants/nm/eog_lea/80be/80be1245-70b8-4242-aa6e-fa9475ee204a.pdf,d9btkkrdd4a000d51v9g
80e4ee01-0d5f-4013-8a3d-217c2e5fa387,s3://enverus-courthouse-prod-chd-plants/nm/eog_lea/80e4/80e4ee01-0d5f-4013-8a3d-217c2e5fa387.pdf,d9bugs9kf4s000f7tfeg
81069cfc-590a-421d-aeca-c4563558cda7,s3://enverus-courthouse-prod-chd-plants/tx/eog_cooke/8106/81069cfc-590a-421d-aeca-c4563558cda7.pdf,d9bucnphd6mg00bni79g
810c4ece-3550-4fa3-aa63-4cae95d7088c,s3://enverus-courthouse-prod-chd-plants/tx/eog_atascosa/810c/810c4ece-3550-4fa3-aa63-4cae95d7088c.pdf,d9bsr9b6g7ig00fuknmg
810e1099-a0c6-4d7a-9cc2-d1f1227077d5,s3://enverus-courthouse-prod-chd-plants/tx/eog_mcmullen/810e/810e1099-a0c6-4d7a-9cc2-d1f1227077d5.pdf,d9btcc4flnl000djgh80
8150cc3e-b92b-11eb-aa8e-00505681224b,s3://enverus-courthouse-prod-chd-plants/ok/garfield/8150/8150cc3e-b92b-11eb-aa8e-00505681224b.pdf,d9bukjhkf4s000f83gg0
81521ff5-389a-48b4-912d-eb29c98be04a,s3://enverus-courthouse-prod-chd-plants/nm/chd_lea/8152/81521ff5-389a-48b4-912d-eb29c98be04a.pdf,d9bu62rs7m5g00898egg
816552E3-1ACA-4D3D-832E-2CC7F1794457,s3://enverus-courthouse-prod-chd-plants/tx/training_midland/8165/816552E3-1ACA-4D3D-832E-2CC7F1794457.pdf,d9btqtfr2ffg00e057r0
816bd764-7590-4f3e-8369-0bedd23c60e1,s3://enverus-courthouse-prod-chd-plants/tx/eog_cooke/816b/816bd764-7590-4f3e-8369-0bedd23c60e1.pdf,d9btdbg30skg00d771h0
817c34a5-b6af-491e-ac8e-0418244ccb6a,s3://enverus-courthouse-prod-chd-plants/nm/eog_lea/817c/817c34a5-b6af-491e-ac8e-0418244ccb6a.pdf,d9bu6hcogvn0009bfleg
81a1b925-30e5-4976-8d82-2130dbe7ef74,s3://enverus-courthouse-prod-chd-plants/tx/eog_karnes/81a1/81a1b925-30e5-4976-8d82-2130dbe7ef74.pdf,d9bui95lksng008fof00
81AF01AF-E76D-40BE-8711-02BBEEDC834C,s3://enverus-courthouse-prod-chd-plants/tx/training_johnson/81AF/81AF01AF-E76D-40BE-8711-02BBEEDC834C.pdf,d9bu8cvak3500087frvg
81ffc4d7-43e8-472c-815a-bb6808f8330a,s3://enverus-courthouse-prod-chd-plants/nm/chd_lea/81ff/81ffc4d7-43e8-472c-815a-bb6808f8330a.pdf,d9bu9j3te9l000f8r0ig
8208ad0a-9697-11eb-aa5f-00505681224b,s3://enverus-courthouse-prod-chd-plants/ok/garfield/8208/8208ad0a-9697-11eb-aa5f-00505681224b.pdf,d9bu30chn77000far0pg
821da908-3945-4a8f-93cf-3bd77a7953e6,s3://enverus-courthouse-prod-chd-plants/tx/eog_cooke/821d/821da908-3945-4a8f-93cf-3bd77a7953e6.pdf,d9bubn9hd6mg00bnglg0
8258262a-5fb7-4c46-971c-8f2fcf01700a,s3://enverus-courthouse-prod-chd-plants/tx/eog_cooke/8258/8258262a-5fb7-4c46-971c-8f2fcf01700a.pdf,d9btev3dd4a000d4r1j0
827c07e0-2f25-49bd-a368-ac75de55db23,s3://enverus-courthouse-prod-chd-plants/nm/chd_lea/827c/827c07e0-2f25-49bd-a368-ac75de55db23.pdf,d9btga36g7ig00fvbv40
829dd8d2-9f49-4934-82e0-2a30d0157517,s3://enverus-courthouse-prod-chd-plants/tx/houston/829d/829dd8d2-9f49-4934-82e0-2a30d0157517.pdf,d9buog41kr4g008fg0f0
82c638fd-0ddd-46a0-97b8-179746fe2031,s3://enverus-courthouse-prod-chd-plants/tx/eog_gonzales/82c6/82c638fd-0ddd-46a0-97b8-179746fe2031.pdf,d9bui9r1f5dg00beu1a0
82d35fac-a63f-46e2-b5b5-849b1de81570,s3://enverus-courthouse-prod-chd-plants/tx/eog_lasalle/82d3/82d35fac-a63f-46e2-b5b5-849b1de81570.pdf,d9bt3k5lksng008dqvmg
82fe79a4-0ebc-4182-b6f0-bd16101d71a9,s3://enverus-courthouse-prod-chd-plants/nm/eog_lea/82fe/82fe79a4-0ebc-4182-b6f0-bd16101d71a9.pdf,d9bu9f9b0h1g00d1ahh0
832b8343-e94f-483d-b35a-4608155a1bb9,s3://enverus-courthouse-prod-chd-plants/tx/crane/832b/832b8343-e94f-483d-b35a-4608155a1bb9.pdf,d9btgkr1f5dg00bdfq9g
83641d5e-6816-4197-ba95-7ced9b6c2e40,s3://enverus-courthouse-prod-chd-plants/nm/eog_lea/8364/83641d5e-6816-4197-ba95-7ced9b6c2e40.pdf,d9budh15jqeg00e82glg
8367693b-ff07-4a07-a287-0eebfa41e990,s3://enverus-courthouse-prod-chd-plants/tx/nueces/8367/8367693b-ff07-4a07-a287-0eebfa41e990.pdf,d9btdskogvn0009afaa0
838c8896-b341-4ed4-a485-86d907efa81d,s3://enverus-courthouse-prod-chd-plants/nm/eog_lea/838c/838c8896-b341-4ed4-a485-86d907efa81d.pdf,d9btb0kogvn0009abj60
8395d08c-4746-45d5-920e-916924578ff5,s3://enverus-courthouse-prod-chd-plants/tx/eog_gonzales/8395/8395d08c-4746-45d5-920e-916924578ff5.pdf,d9btho7r761000df7ra0
8398d85b-d19e-4d5c-9d6f-1f86799d4f7a,s3://enverus-courthouse-prod-chd-plants/tx/eog_karnes/8398/8398d85b-d19e-4d5c-9d6f-1f86799d4f7a.pdf,d9bt52cogvn0009a4mpg
83b63a80-0550-4d26-95b4-29002fd88b1b,s3://enverus-courthouse-prod-chd-plants/nm/chd_lea/83b6/83b63a80-0550-4d26-95b4-29002fd88b1b.pdf,d9buk9fpfcq000fgnle0
83ecf3f4-7e13-4f41-9ae9-a3d76abeb869,s3://enverus-courthouse-prod-chd-plants/tx/eog_cooke/83ec/83ecf3f4-7e13-4f41-9ae9-a3d76abeb869.pdf,d9bsnjfak3500085l6gg
84586702-3C69-4601-ACEA-6235DD7318CF,s3://enverus-courthouse-prod-chd-plants/tx/training_johnson/8458/84586702-3C69-4601-ACEA-6235DD7318CF.pdf,d9btn2vpfcq000ffe8jg
845c7733-0567-11ec-ade0-00505681224b,s3://enverus-courthouse-prod-chd-plants/wv/wetzel/845c/845c7733-0567-11ec-ade0-00505681224b.pdf,d9bt0m3rgi8g00bems70
846f222a-a214-4b42-8537-79a9d6a29f7c,s3://enverus-courthouse-prod-chd-plants/tx/eog_cooke/846f/846f222a-a214-4b42-8537-79a9d6a29f7c.pdf,d9btum3delo000dujn4g
848153db-4822-4db8-b307-9e766175f7a2,s3://enverus-courthouse-prod-chd-plants/nm/eog_lea/8481/848153db-4822-4db8-b307-9e766175f7a2.pdf,d9buld1kf4s000f84g0g
84c19860-14f2-47cb-a45c-1f7557629ffa,s3://enverus-courthouse-prod-chd-plants/tx/houston/84c1/84c19860-14f2-47cb-a45c-1f7557629ffa.pdf,d9bu1rrdelo000duo910
8585bcda-5a62-4874-a051-dfb6f1b6ef74,s3://enverus-courthouse-prod-chd-plants/tx/eog_mcmullen/8585/8585bcda-5a62-4874-a051-dfb6f1b6ef74.pdf,d9bul4pd6jhg0084oel0
85871aae-f15a-46b1-9e94-73fed1dd6798,s3://enverus-courthouse-prod-chd-plants/nm/chd_lea/8587/85871aae-f15a-46b1-9e94-73fed1dd6798.pdf,d9buhb030skg00d8octg
85b70d24-4893-4247-8ec6-6fd41bf8d95f,s3://enverus-courthouse-prod-chd-plants/nm/eog_lea/85b7/85b70d24-4893-4247-8ec6-6fd41bf8d95f.pdf,d9bua9a2oub000e2thkg
85d9eaf2-677c-43d8-9b94-b29d8181066c,s3://enverus-courthouse-prod-chd-plants/nm/chd_lea/85d9/85d9eaf2-677c-43d8-9b94-b29d8181066c.pdf,d9bumauicpjg00ddd0sg
8600c10c-c2da-4bc0-bc71-10a85d51e683,s3://enverus-courthouse-prod-chd-plants/tx/eog_karnes/8600/8600c10c-c2da-4bc0-bc71-10a85d51e683.pdf,d9bu6i7r761000dg3p20
860edaeb-afec-4371-b237-142cfd1021e7,s3://enverus-courthouse-prod-chd-plants/tx/ward/860e/860edaeb-afec-4371-b237-142cfd1021e7.pdf,d9bu2j15jqeg00e7idv0
861b7626-e6aa-4051-8737-1dbfa7cfa167,s3://enverus-courthouse-prod-chd-plants/tx/eog_atascosa/861b/861b7626-e6aa-4051-8737-1dbfa7cfa167.pdf,d9buj97r761000dgm4d0
86578490-3321-47bb-9c8c-5bb84ef4655c,s3://enverus-courthouse-prod-chd-plants/nm/eog_lea/8657/86578490-3321-47bb-9c8c-5bb84ef4655c.pdf,d9buig22oub000e3a4ng
866d145b-9311-4ac2-a960-979f2fafe4b3,s3://enverus-courthouse-prod-chd-plants/tx/eog_mcmullen/866d/866d145b-9311-4ac2-a960-979f2fafe4b3.pdf,d9btt7rdd4a000d5cirg
86859807-d5c8-4936-aed4-8311bc3892de,s3://enverus-courthouse-prod-chd-plants/nm/chd_lea/8685/86859807-d5c8-4936-aed4-8311bc3892de.pdf,d9btgnkhn77000fa361g
869570B7-EEFD-4BF2-8A43-54A74E646EC4,s3://enverus-courthouse-prod-chd-plants/tx/training_robertson/8695/869570B7-EEFD-4BF2-8A43-54A74E646EC4.pdf,d9bulk3te9l000f9cug0
86bebe5c-2fb5-4781-96fe-1b65421be457,s3://enverus-courthouse-prod-chd-plants/tx/eog_mcmullen/86be/86bebe5c-2fb5-4781-96fe-1b65421be457.pdf,d9btittlksng008ecf90
8702914D-8462-451B-8827-8A85F4D19527,s3://enverus-courthouse-prod-chd-plants/tx/training_crockett/8702/8702914D-8462-451B-8827-8A85F4D19527.pdf,d9buer99ha2000c7h8k0
8742e019-ea19-49c7-95c6-3889c5fa4d52,s3://enverus-courthouse-prod-chd-plants/nm/eog_lea/8742/8742e019-ea19-49c7-95c6-3889c5fa4d52.pdf,d9bt0djte9l000f76od0
875c06ad-3756-491f-b7fb-e7985e542506,s3://enverus-courthouse-prod-chd-plants/tx/eog_cooke/875c/875c06ad-3756-491f-b7fb-e7985e542506.pdf,d9btavbs7m5g00885dh0
876f0ffa-78f8-41d2-83d4-4294686ce1b1,s3://enverus-courthouse-prod-chd-plants/nm/chd_lea/876f/876f0ffa-78f8-41d2-83d4-4294686ce1b1.pdf,d9bu8hnr761000dg6h20
87751c97-2783-6d48-8a55-8ec5690bf7dd,s3://enverus-courthouse-prod-chd-plants/nm/eddy/8775/87751c97-2783-6d48-8a55-8ec5690bf7dd.pdf,d7fn2fvh5a2000cgqmjg
8779f00a-4140-4272-87fb-8c07cbd221ee,s3://enverus-courthouse-prod-chd-plants/nm/chd_lea/8779/8779f00a-4140-4272-87fb-8c07cbd221ee.pdf,d9bt6k4ogvn0009a6fgg
87b3ab47-e5e1-490a-aa41-d2cd93df0630,s3://enverus-courthouse-prod-chd-plants/tx/eog_cooke/87b3/87b3ab47-e5e1-490a-aa41-d2cd93df0630.pdf,d9btqf41kr4g008e4620
87DA14C3-5D45-47AE-AE47-AF41CCFCC4DC,s3://enverus-courthouse-prod-chd-plants/tx/training_reeves/87DA/87DA14C3-5D45-47AE-AE47-AF41CCFCC4DC.pdf,d9bume4ogvn0009c769g
87f60200-7390-4ab1-93c2-81fff2f3baa5,s3://enverus-courthouse-prod-chd-plants/tx/eog_cooke/87f6/87f60200-7390-4ab1-93c2-81fff2f3baa5.pdf,d9bt6etlksng008dtu60
8823ea53-d90a-4ee5-a154-2c17a420e192,s3://enverus-courthouse-prod-chd-plants/tx/eog_karnes/8823/8823ea53-d90a-4ee5-a154-2c17a420e192.pdf,d9btuhnr761000dfnvb0
883eaace-6d8f-40ba-ad8e-f928a67772a1,s3://enverus-courthouse-prod-chd-plants/nm/eog_lea/883e/883eaace-6d8f-40ba-ad8e-f928a67772a1.pdf,d9buh8gisvug00fuhhog
8849acc6-bb12-4d2a-b10f-6d3789fcab45,s3://enverus-courthouse-prod-chd-plants/tx/midland/8849/8849acc6-bb12-4d2a-b10f-6d3789fcab45.pdf,d9bulachn77000fbm0d0
88ea128a-31be-4faf-9a1f-368e7a1d48bf,s3://enverus-courthouse-prod-chd-plants/nm/eog_lea/88ea/88ea128a-31be-4faf-9a1f-368e7a1d48bf.pdf,d9bsppb6g7ig00fujof0
890f8bcd-9693-4b33-a07b-c5ff7166bef7,s3://enverus-courthouse-prod-chd-plants/tx/eog_atascosa/890f/890f8bcd-9693-4b33-a07b-c5ff7166bef7.pdf,d9btk8cflnl000djphh0
891be068-2ee5-4bf4-a457-a84dd1170f54,s3://enverus-courthouse-prod-chd-plants/nm/eog_lea/891b/891be068-2ee5-4bf4-a457-a84dd1170f54.pdf,d9bu63fpfdig00fbmlo0
894b3eb6-161a-e74a-9c23-2c94f86253cc,s3://enverus-courthouse-prod-chd-plants/tx/walker/894b/894b3eb6-161a-e74a-9c23-2c94f86253cc.pdf,d9bunkk1kr4g008fet1g
8952cea0-4d7f-42f5-885b-74e1c9d57237,s3://enverus-courthouse-prod-chd-plants/nm/eog_lea/8952/8952cea0-4d7f-42f5-885b-74e1c9d57237.pdf,d9btphrk4o9000890630
8953caaa-abe6-4a93-8c71-00a2f5ea33c6,s3://enverus-courthouse-prod-chd-plants/tx/eog_gonzales/8953/8953caaa-abe6-4a93-8c71-00a2f5ea33c6.pdf,d9bst9u89gsg00ffavqg
89c1e7e6-86ba-4872-938b-a4585ee5f643,s3://enverus-courthouse-prod-chd-plants/tx/eog_cooke/89c1/89c1e7e6-86ba-4872-938b-a4585ee5f643.pdf,d9btuduicpjg00dc9nug
89C7A3EE-85BA-4B7B-81C5-F33C9EED7C34,s3://enverus-courthouse-prod-chd-plants/tx/training_houston/89C7/89C7A3EE-85BA-4B7B-81C5-F33C9EED7C34.pdf,d9btp94hn77000fadamg
89d7037b-47e8-4088-a0ba-c259d7b6cce2,s3://enverus-courthouse-prod-chd-plants/tx/crane/89d7/89d7037b-47e8-4088-a0ba-c259d7b6cce2.pdf,d9bu59h5jqeg00e7mnhg
8a089616-384f-4d56-8a86-834af9c1ed6c,s3://enverus-courthouse-prod-chd-plants/tx/eog_cooke/8a08/8a089616-384f-4d56-8a86-834af9c1ed6c.pdf,d9bt98npfdig00fah6j0
8a1a9e5b-1d84-4fc3-a646-f1360f53b1d6,s3://enverus-courthouse-prod-chd-plants/nm/eog_lea/8a1a/8a1a9e5b-1d84-4fc3-a646-f1360f53b1d6.pdf,d9btn4cflnl000djthmg
8a4df61b-4108-47b5-ad42-d7a42532482d,s3://enverus-courthouse-prod-chd-plants/tx/eog_karnes/8a4d/8a4df61b-4108-47b5-ad42-d7a42532482d.pdf,d9buomrdelo000dvq2ug
8a8bda7b-d076-40f2-a282-af99dd916161,s3://enverus-courthouse-prod-chd-plants/nm/eog_lea/8a8b/8a8bda7b-d076-40f2-a282-af99dd916161.pdf,d9bssnnr761000deg7h0
8aa26b65-4f97-419a-a441-c574a3a8ae36,s3://enverus-courthouse-prod-chd-plants/tx/eog_cooke/8aa2/8aa26b65-4f97-419a-a441-c574a3a8ae36.pdf,d9btdq4hn77000f9vnhg
8aaeed09-da03-4bb0-9c89-ddea9520103b,s3://enverus-courthouse-prod-chd-plants/nm/chd_lea/8aae/8aaeed09-da03-4bb0-9c89-ddea9520103b.pdf,d9bsnhpd6jhg0082b3o0
8B03C2FB-4682-432D-98A6-46F14427B142,s3://enverus-courthouse-prod-chd-plants/tx/training_crockett/8B03/8B03C2FB-4682-432D-98A6-46F14427B142.pdf,d9bul1rrgi8g00bgrdg0
8b075f64-f3c5-4929-bcc4-2ba3d235d0d1,s3://enverus-courthouse-prod-chd-plants/nm/chd_lea/8b07/8b075f64-f3c5-4929-bcc4-2ba3d235d0d1.pdf,d9buhvshn77000fbgso0
8b2abd86-b1c6-468f-91af-30ff53e102c0,s3://enverus-courthouse-prod-chd-plants/nm/chd_lea/8b2a/8b2abd86-b1c6-468f-91af-30ff53e102c0.pdf,d9btt6b1f5dg00bdv580
8b47244d-8bd9-434a-921e-0049747b6b25,s3://enverus-courthouse-prod-chd-plants/nm/eog_lea/8b47/8b47244d-8bd9-434a-921e-0049747b6b25.pdf,d9bue1q2oub000e33gcg
8bb8d989-acc6-4b3e-b2ad-09ffd0910696,s3://enverus-courthouse-prod-chd-plants/tx/eog_atascosa/8bb8/8bb8d989-acc6-4b3e-b2ad-09ffd0910696.pdf,d9buojfr761000dgu5f0
8BE7792C-1923-49BE-993A-7422D7683885,s3://enverus-courthouse-prod-chd-plants/tx/training_johnson/8BE7/8BE7792C-1923-49BE-993A-7422D7683885.pdf,d9bu97a2oub000e2rtcg
8c08b636-4b33-41f4-9766-44a1a70a9002,s3://enverus-courthouse-prod-chd-plants/tx/eog_karnes/8c08/8c08b636-4b33-41f4-9766-44a1a70a9002.pdf,d9bucakhn77000fb8mb0
8c0dba4b-28d6-452a-a3a0-7d5b1f1ba209,s3://enverus-courthouse-prod-chd-plants/tx/eog_lasalle/8c0d/8c0dba4b-28d6-452a-a3a0-7d5b1f1ba209.pdf,d9btg4fak3500086f5a0
8c2395ab-f319-4153-be7d-f3c6eb31d71b,s3://enverus-courthouse-prod-chd-plants/tx/crane/8c23/8c2395ab-f319-4153-be7d-f3c6eb31d71b.pdf,d9btivfr761000df94i0
8c49979b-b7c4-4400-bd68-78cd47b17eab,s3://enverus-courthouse-prod-chd-plants/nm/eog_lea/8c49/8c49979b-b7c4-4400-bd68-78cd47b17eab.pdf,d9bsr7phd6mg00blk1s0
8c532ad8-024e-11ec-80f8-00505681224b,s3://enverus-courthouse-prod-chd-plants/wv/wetzel/8c53/8c532ad8-024e-11ec-80f8-00505681224b.pdf,d9bsrejdd4a000d45d0g
8c65110e-e022-4687-945d-9fedab0a8fbf,s3://enverus-courthouse-prod-chd-plants/nm/eog_lea/8c65/8c65110e-e022-4687-945d-9fedab0a8fbf.pdf,d9bt50gisvug00fsmq80
8C910ED8-DCBF-4277-9D4E-E719A30124D5,s3://enverus-courthouse-prod-chd-plants/tx/training_grimes/8C91/8C910ED8-DCBF-4277-9D4E-E719A30124D5.pdf,d9bukaa2oub000e3chgg
8cc67a3f-8de4-4778-bd8e-2b9a8fedb187,s3://enverus-courthouse-prod-chd-plants/tx/eog_lasalle/8cc6/8cc67a3f-8de4-4778-bd8e-2b9a8fedb187.pdf,d9bu9c4ogvn0009bjfng
8cef20d7-96e9-4264-8030-7c66cddbe26d,s3://enverus-courthouse-prod-chd-plants/tx/eog_cooke/8cef/8cef20d7-96e9-4264-8030-7c66cddbe26d.pdf,d9buf1nr2ffg00e120ug
8cf18a07-dc60-4222-9c2c-1c662a1d2d78,s3://enverus-courthouse-prod-chd-plants/nm/chd_lea/8cf1/8cf18a07-dc60-4222-9c2c-1c662a1d2d78.pdf,d9btpkj1f5dg00bdqtgg
8d32806f-653f-48c7-9f8b-046321173d25,s3://enverus-courthouse-prod-chd-plants/tx/hood/8d32/8d32806f-653f-48c7-9f8b-046321173d25.pdf,d9bugb7pfdig00fc68dg
8d3e5b9f-0e63-4ca4-a993-84c6743d89e3,s3://enverus-courthouse-prod-chd-plants/tx/loving/8d3e/8d3e5b9f-0e63-4ca4-a993-84c6743d89e3.pdf,d9bu6999ha2000c74rf0
8d52ef06-aa53-48fb-82bf-8276e7f25006,s3://enverus-courthouse-prod-chd-plants/nm/eog_lea/8d52/8d52ef06-aa53-48fb-82bf-8276e7f25006.pdf,d9btb4npfcq000fevt00
8d6f71af-41d3-4589-ad0b-4ffc18958850,s3://enverus-courthouse-prod-chd-plants/nm/eog_lea/8d6f/8d6f71af-41d3-4589-ad0b-4ffc18958850.pdf,d9bubbkflnl000dkpg8g
8d7288d0-ddbf-488b-b599-6755c2c5d9e2,s3://enverus-courthouse-prod-chd-plants/tx/eog_karnes/8d72/8d7288d0-ddbf-488b-b599-6755c2c5d9e2.pdf,d9bsuvsogvn00099ug1g
8d86a24d-4727-48bb-8eca-ce2603427117,s3://enverus-courthouse-prod-chd-plants/tx/walker/8d86/8d86a24d-4727-48bb-8eca-ce2603427117.pdf,d9bu5t9hd6mg00bn7fag
8d988f35-cdc5-43d1-9820-513fb5728018,s3://enverus-courthouse-prod-chd-plants/tx/nueces/8d98/8d988f35-cdc5-43d1-9820-513fb5728018.pdf,d9bu61r6g7ig00808sqg
8de1361a-f820-4339-9374-97832ee266ab,s3://enverus-courthouse-prod-chd-plants/tx/eog_gonzales/8de1/8de1361a-f820-4339-9374-97832ee266ab.pdf,d9bu68rs7m5g00898tfg
8df40893-5d54-1a49-992f-39fdcb1a545e,s3://enverus-courthouse-prod-chd-plants/tx/burleson/8df4/8df40893-5d54-1a49-992f-39fdcb1a545e.pdf,d9btt03te9l000f88co0
8e148f1b-5bd1-4565-b33f-dd802acad01c,s3://enverus-courthouse-prod-chd-plants/tx/houston/8e14/8e148f1b-5bd1-4565-b33f-dd802acad01c.pdf,d9btat9d6jhg0082vda0
8e6873a5-af03-430a-ae8a-8c8cb57f3d2a,s3://enverus-courthouse-prod-chd-plants/tx/eog_cooke/8e68/8e6873a5-af03-430a-ae8a-8c8cb57f3d2a.pdf,d9bupj1d6jhg0084v2cg
8e9111d2-0c20-4770-91be-412feda86f88,s3://enverus-courthouse-prod-chd-plants/nm/eog_lea/8e91/8e9111d2-0c20-4770-91be-412feda86f88.pdf,d9bucd3s7m5g0089i270
8EC25935-4428-4ADA-AAA9-038F54ADB5F1,s3://enverus-courthouse-prod-chd-plants/tx/training_crockett/8EC2/8EC25935-4428-4ADA-AAA9-038F54ADB5F1.pdf,d9bun93rgi8g00bguvlg
8ee58847-e557-4505-8f72-4ff612c2a3b7,s3://enverus-courthouse-prod-chd-plants/nm/eog_lea/8ee5/8ee58847-e557-4505-8f72-4ff612c2a3b7.pdf,d9bsrimicpjg00db1hp0
8f0c3b35-81c3-4c34-aecc-15e3897af03b,s3://enverus-courthouse-prod-chd-plants/nm/eog_lea/8f0c/8f0c3b35-81c3-4c34-aecc-15e3897af03b.pdf,d9btu8i2oub000e2bsp0
8f11bd6f-5ddd-46db-88dd-b551982675fd,s3://enverus-courthouse-prod-chd-plants/tx/eog_cooke/8f11/8f11bd6f-5ddd-46db-88dd-b551982675fd.pdf,d9buh39b0h1g00d1lo1g
8f40fded-d8c6-4310-a20d-b0f53cd75789,s3://enverus-courthouse-prod-chd-plants/tx/eog_lasalle/8f40/8f40fded-d8c6-4310-a20d-b0f53cd75789.pdf,d9bunsjdd4a000d6k5ig
8f606b9d-141c-4c5b-ad71-d34a388eec76,s3://enverus-courthouse-prod-chd-plants/nm/chd_lea/8f60/8f606b9d-141c-4c5b-ad71-d34a388eec76.pdf,d9bukd4flnl000dl6u4g
8f70e313-ee38-489d-808f-f332fbf569eb,s3://enverus-courthouse-prod-chd-plants/nm/chd_lea/8f70/8f70e313-ee38-489d-808f-f332fbf569eb.pdf,d9bsrj19ha2000c5h57g
8f941c83-18cc-49df-834c-b2012d8c0e7e,s3://enverus-courthouse-prod-chd-plants/tx/houston/8f94/8f941c83-18cc-49df-834c-b2012d8c0e7e.pdf,d9bsso31f5dg00bcpamg
8FB12E3E-951E-4D94-915F-16B1ED6AD65C,s3://enverus-courthouse-prod-chd-plants/tx/training_ward/8FB1/8FB12E3E-951E-4D94-915F-16B1ED6AD65C.pdf,d9bt6srrgi8g00betpeg
8ffff061-8c9f-4262-9bd2-a3b6ebd37c30,s3://enverus-courthouse-prod-chd-plants/nm/chd_lea/8fff/8ffff061-8c9f-4262-9bd2-a3b6ebd37c30.pdf,d9btpo3delo000dudee0
90112e4c-8307-469c-9cc2-50d08df2586b,s3://enverus-courthouse-prod-chd-plants/tx/eog_karnes/9011/90112e4c-8307-469c-9cc2-50d08df2586b.pdf,d9btinchn77000fa4qg0
90206526-f0f6-484e-a403-65134fd46eb3,s3://enverus-courthouse-prod-chd-plants/tx/eog_atascosa/9020/90206526-f0f6-484e-a403-65134fd46eb3.pdf,d9bubkjdelo000dv6nsg
904d14fc-1fc5-4f3c-aecb-c200b90ddce4,s3://enverus-courthouse-prod-chd-plants/nm/eog_lea/904d/904d14fc-1fc5-4f3c-aecb-c200b90ddce4.pdf,d9bui8o30skg00d8pl80
9051386d-d47b-4020-9fa0-444627f5a0fd,s3://enverus-courthouse-prod-chd-plants/tx/hood/9051/9051386d-d47b-4020-9fa0-444627f5a0fd.pdf,d9btp47r761000dfgiig
9063e233-3a06-46f9-bdba-94a12c17c690,s3://enverus-courthouse-prod-chd-plants/tx/eog_gonzales/9063/9063e233-3a06-46f9-bdba-94a12c17c690.pdf,d9bukekogvn0009c44hg
907e162f-bd46-4001-b1ee-3c8d957ddfd0,s3://enverus-courthouse-prod-chd-plants/pa/somerset/907e/907e162f-bd46-4001-b1ee-3c8d957ddfd0.pdf,d9btrnbrgi8g00bfmfrg
907ffdd7-ae02-4ebc-8be4-7a2f3cead6d4,s3://enverus-courthouse-prod-chd-plants/tx/crane/907f/907ffdd7-ae02-4ebc-8be4-7a2f3cead6d4.pdf,d9bue3r6g7ig0080lbqg
908320fd-fa73-4304-8164-56cf46ad9601,s3://enverus-courthouse-prod-chd-plants/tx/eog_atascosa/9083/908320fd-fa73-4304-8164-56cf46ad9601.pdf,d9btljhkf4s000f6n5v0
9083da76-2dbf-4660-add6-ee35423dcebb,s3://enverus-courthouse-prod-chd-plants/nm/chd_lea/9083/9083da76-2dbf-4660-add6-ee35423dcebb.pdf,d9btk61kf4s000f6l5bg
90ca9d87-4576-4899-9252-51fd20aeb764,s3://enverus-courthouse-prod-chd-plants/nm/eog_lea/90ca/90ca9d87-4576-4899-9252-51fd20aeb764.pdf,d9buerkhn77000fbc8j0
90cc4585-441d-11eb-b5f4-00505681224b,s3://enverus-courthouse-prod-chd-plants/nm/eog_lea/90cc/90cc4585-441d-11eb-b5f4-00505681224b.pdf,d9bu83jte9l000f8od00
90f05fed-0e6e-4c0b-af41-9ececc0dd5e1,s3://enverus-courthouse-prod-chd-plants/nm/eog_lea/90f0/90f05fed-0e6e-4c0b-af41-9ececc0dd5e1.pdf,d9bt28eicpjg00db8dh0
9163e2cc-9e44-417c-b7c8-f43d66a8c90a,s3://enverus-courthouse-prod-chd-plants/tx/eog_cooke/9163/9163e2cc-9e44-417c-b7c8-f43d66a8c90a.pdf,d9btk5bs7m5g0088g1c0
918b1b5a-ee4f-4328-a81a-b77961df203c,s3://enverus-courthouse-prod-chd-plants/tx/eog_gonzales/918b/918b1b5a-ee4f-4328-a81a-b77961df203c.pdf,d9budgb1f5dg00bemin0
91c9584a-677f-4032-ad52-6de6c2e3f017,s3://enverus-courthouse-prod-chd-plants/nm/eog_lea/91c9/91c9584a-677f-4032-ad52-6de6c2e3f017.pdf,d9bunlbdelo000dvohn0
91d1d6de-5bbb-462c-a800-8e6fbfd995fa,s3://enverus-courthouse-prod-chd-plants/tx/eog_atascosa/91d1/91d1d6de-5bbb-462c-a800-8e6fbfd995fa.pdf,d9bt5022oub000e1deig
91f54462-b0f3-4f3a-8fab-64558885dd07,s3://enverus-courthouse-prod-chd-plants/tx/eog_atascosa/91f5/91f54462-b0f3-4f3a-8fab-64558885dd07.pdf,d9buev4hn77000fbcgo0
91fd8552-0e3e-4e70-be07-7962f062b806,s3://enverus-courthouse-prod-chd-plants/tx/eog_atascosa/91fd/91fd8552-0e3e-4e70-be07-7962f062b806.pdf,d9buh8rte9l000f96c8g
92035d1b-ed98-4d96-8780-7d6d6f98dab4,s3://enverus-courthouse-prod-chd-plants/tx/eog_karnes/9203/92035d1b-ed98-4d96-8780-7d6d6f98dab4.pdf,d9bt7pvr761000dert8g
920ee677-238f-4235-bae5-c355e3e3e5a5,s3://enverus-courthouse-prod-chd-plants/tx/eog_cooke/920e/920ee677-238f-4235-bae5-c355e3e3e5a5.pdf,d9budghkf4s000f7oe5g
9218c6b3-b6f5-40f9-9146-7360e97b8492,s3://enverus-courthouse-prod-chd-plants/tx/eog_karnes/9218/9218c6b3-b6f5-40f9-9146-7360e97b8492.pdf,d9bsv63dd4a000d49esg
921fe70e-4585-43c5-aae8-8313145fc54e,s3://enverus-courthouse-prod-chd-plants/tx/eog_gonzales/921f/921fe70e-4585-43c5-aae8-8313145fc54e.pdf,d9bulmpd6jhg0084pq80
927c686d-8007-4cf5-86a0-1510f80cb762,s3://enverus-courthouse-prod-chd-plants/nm/eog_lea/927c/927c686d-8007-4cf5-86a0-1510f80cb762.pdf,d9btqj7pfcq000ffiev0
927e027d-278e-4226-93be-3f282af5814a,s3://enverus-courthouse-prod-chd-plants/nm/eog_lea/927e/927e027d-278e-4226-93be-3f282af5814a.pdf,d9bso4r6g7ig00fuilvg
92aaa609-7188-4175-aa6d-8bba1aac9b3c,s3://enverus-courthouse-prod-chd-plants/tx/eog_cooke/92aa/92aaa609-7188-4175-aa6d-8bba1aac9b3c.pdf,d9buaqfak3500087jpe0
92fe1aee-ebc3-4b52-854f-22fc0e29a331,s3://enverus-courthouse-prod-chd-plants/tx/crane/92fe/92fe1aee-ebc3-4b52-854f-22fc0e29a331.pdf,d9buf97pfcq000fggfjg
9328de7b-be53-4cea-981b-bc946e103405,s3://enverus-courthouse-prod-chd-plants/tx/eog_gonzales/9328/9328de7b-be53-4cea-981b-bc946e103405.pdf,d9bu34npfcq000ffuijg
93446052-2952-4fe8-87d1-63a347e35f79,s3://enverus-courthouse-prod-chd-plants/tx/eog_cooke/9344/93446052-2952-4fe8-87d1-63a347e35f79.pdf,d9bubib1f5dg00bek5u0
934c1fe0-1bea-480d-929d-043c1c8f5a61,s3://enverus-courthouse-prod-chd-plants/tx/eog_cooke/934c/934c1fe0-1bea-480d-929d-043c1c8f5a61.pdf,d9bu3vnak35000879e2g
93511546-7f56-4e43-b4d4-3d1db0f932c4,s3://enverus-courthouse-prod-chd-plants/nm/eog_lea/9351/93511546-7f56-4e43-b4d4-3d1db0f932c4.pdf,d9bt7v36g7ig00fv2830
93650ae6-79d4-413b-9f34-7af5280ce508,s3://enverus-courthouse-prod-chd-plants/tx/eog_atascosa/9365/93650ae6-79d4-413b-9f34-7af5280ce508.pdf,d9bt59b6g7ig00fuvjm0
9365fc71-9710-4b01-9b14-e436ca7d25ae,s3://enverus-courthouse-prod-chd-plants/tx/eog_lasalle/9365/9365fc71-9710-4b01-9b14-e436ca7d25ae.pdf,d9btn6fpfcq000ffehb0
9366e6f7-0b83-479f-a6eb-ab1b79763e50,s3://enverus-courthouse-prod-chd-plants/nm/eog_lea/9366/9366e6f7-0b83-479f-a6eb-ab1b79763e50.pdf,d9bukci2oub000e3cmjg
936f6cbc-e258-45bb-a72d-c5d6a2fd4c43,s3://enverus-courthouse-prod-chd-plants/tx/eog_cooke/936f/936f6cbc-e258-45bb-a72d-c5d6a2fd4c43.pdf,d9bugvb1f5dg00berq20
93A3549D-C08A-455D-B89A-386F272BD85F,s3://enverus-courthouse-prod-chd-plants/tx/training_crockett/93A3/93A3549D-C08A-455D-B89A-386F272BD85F.pdf,d9bto19kf4s000f6q1s0
93a9c895-8e9f-4ad6-b646-68bdc4ffca7f,s3://enverus-courthouse-prod-chd-plants/tx/midland/93a9/93a9c895-8e9f-4ad6-b646-68bdc4ffca7f.pdf,d9buq1059fgg00e3lur0
93aeb3ef-4102-46a4-996d-317c18fe7e9f,s3://enverus-courthouse-prod-chd-plants/nm/eog_lea/93ae/93aeb3ef-4102-46a4-996d-317c18fe7e9f.pdf,d9bui6rte9l000f97l1g
93afb91e-0a13-427d-a8a9-bb28947094c4,s3://enverus-courthouse-prod-chd-plants/tx/dimmit/93af/93afb91e-0a13-427d-a8a9-bb28947094c4.pdf,d9btgnjs7m5g0088cfbg
93b0d1be-e74c-4aac-8805-1328a58efc1d,s3://enverus-courthouse-prod-chd-plants/nm/eog_lea/93b0/93b0d1be-e74c-4aac-8805-1328a58efc1d.pdf,d9btvhkflnl000dk87mg
93b7aa9c-9160-4225-99ba-1fc3c195868f,s3://enverus-courthouse-prod-chd-plants/nm/chd_lea/93b7/93b7aa9c-9160-4225-99ba-1fc3c195868f.pdf,d9bufs830skg00d8lrjg
93c8b07c-284d-4ad5-8c0f-3c63f57d243d,s3://enverus-courthouse-prod-chd-plants/tx/eog_atascosa/93c8/93c8b07c-284d-4ad5-8c0f-3c63f57d243d.pdf,d9bu96jdd4a000d5tlc0
93e5d264-9ee2-47aa-aa88-ab691a05bd18,s3://enverus-courthouse-prod-chd-plants/nm/chd_lea/93e5/93e5d264-9ee2-47aa-aa88-ab691a05bd18.pdf,d9buanvr761000dg9s9g
93f506b4-0b28-4564-96ab-c78d0e641015,s3://enverus-courthouse-prod-chd-plants/tx/howard/93f5/93f506b4-0b28-4564-96ab-c78d0e641015.pdf,d9btk395jqeg00e6v770
94221113-8651-4ef2-a1de-d8812c940e80,s3://enverus-courthouse-prod-chd-plants/tx/eog_mcmullen/9422/94221113-8651-4ef2-a1de-d8812c940e80.pdf,d9bu20s1kr4g008ef1j0
94383E7B-A6E3-4A9F-800B-1CD27F7A7F70,s3://enverus-courthouse-prod-chd-plants/tx/training_johnson/9438/94383E7B-A6E3-4A9F-800B-1CD27F7A7F70.pdf,d9bt9ajdelo000dtovc0
9479204b-2dd7-4658-b368-4ef38d989d04,s3://enverus-courthouse-prod-chd-plants/tx/eog_cooke/9479/9479204b-2dd7-4658-b368-4ef38d989d04.pdf,d9bt4vnr2ffg00dvaf6g
94a2b485-dafc-4a0f-8961-83f2039f0556,s3://enverus-courthouse-prod-chd-plants/tx/eog_gonzales/94a2/94a2b485-dafc-4a0f-8961-83f2039f0556.pdf,d9btu7h5jqeg00e7c51g
94cdf501-b5d7-40ea-89b8-e6db6b839c72,s3://enverus-courthouse-prod-chd-plants/nm/eog_lea/94cd/94cdf501-b5d7-40ea-89b8-e6db6b839c72.pdf,d9bsplnak3500085nasg
95426C74-0DEB-4028-809C-23CD1EDD8A30,s3://enverus-courthouse-prod-chd-plants/tx/training_grimes/9542/95426C74-0DEB-4028-809C-23CD1EDD8A30.pdf,d9bubj36g7ig0080hghg
9553fae5-815f-4604-994d-35ec6dd942ac,s3://enverus-courthouse-prod-chd-plants/nm/chd_lea/9553/9553fae5-815f-4604-994d-35ec6dd942ac.pdf,d9btarrdd4a000d4lssg
9554d7c3-310d-42e8-a08c-c4d2e6c7f675,s3://enverus-courthouse-prod-chd-plants/tx/eog_gonzales/9554/9554d7c3-310d-42e8-a08c-c4d2e6c7f675.pdf,d9bu1qg59fgg00e2ht3g
95705edc-e85e-49d5-a824-3aa1c7346e97,s3://enverus-courthouse-prod-chd-plants/nm/chd_lea/9570/95705edc-e85e-49d5-a824-3aa1c7346e97.pdf,d9bt89030skg00d71mm0
95b3b379-6b27-4ad5-8b8c-d2ce82f12299,s3://enverus-courthouse-prod-chd-plants/tx/eog_karnes/95b3/95b3b379-6b27-4ad5-8b8c-d2ce82f12299.pdf,d9bulj1hd6mg00bnv3ug
95dc1885-65a4-4528-b3a0-a8f2a44fad46,s3://enverus-courthouse-prod-chd-plants/tx/eog_mcmullen/95dc/95dc1885-65a4-4528-b3a0-a8f2a44fad46.pdf,d9btj1gisvug00ft749g
9617dfd1-0cd8-4ea3-a294-0002e289c1ec,s3://enverus-courthouse-prod-chd-plants/nm/eog_lea/9617/9617dfd1-0cd8-4ea3-a294-0002e289c1ec.pdf,d9btmpjdelo000du96r0
96551ba3-e487-4057-b80a-49cae68ff4b7,s3://enverus-courthouse-prod-chd-plants/tx/eog_atascosa/9655/96551ba3-e487-4057-b80a-49cae68ff4b7.pdf,d9bul85lksng008fslog
96797432-58d6-4fa7-b363-534062f9f9ee,s3://enverus-courthouse-prod-chd-plants/nm/eog_lea/9679/96797432-58d6-4fa7-b363-534062f9f9ee.pdf,d9btb4a2oub000e1ko20
967ee455-9268-4552-a298-2151e6b7fd7c,s3://enverus-courthouse-prod-chd-plants/tx/eog_karnes/967e/967ee455-9268-4552-a298-2151e6b7fd7c.pdf,d9btj61b0h1g00d0cbdg
96A4AFC7-D45E-45B1-8A72-18A66A855147,s3://enverus-courthouse-prod-chd-plants/tx/training_martin/96A4/96A4AFC7-D45E-45B1-8A72-18A66A855147.pdf,d9bsv6brgi8g00belfpg
96a7d77b-a88e-4130-bfcc-c33393c50a4e,s3://enverus-courthouse-prod-chd-plants/nm/chd_lea/96a7/96a7d77b-a88e-4130-bfcc-c33393c50a4e.pdf,d9btg7fpfcq000ff5beg
96a8abe5-4a65-4c25-a7f4-4139d209b0c5,s3://enverus-courthouse-prod-chd-plants/nm/chd_lea/96a8/96a8abe5-4a65-4c25-a7f4-4139d209b0c5.pdf,d9bt6fnr2ffg00dvc3qg
96be53a7-6ad8-4d1b-84be-933df2ce3647,s3://enverus-courthouse-prod-chd-plants/tx/eog_atascosa/96be/96be53a7-6ad8-4d1b-84be-933df2ce3647.pdf,d9buaj3k4o900089o8g0
96c6397a-8f61-4533-904d-bccc4ea77d66,s3://enverus-courthouse-prod-chd-plants/nm/eog_lea/96c6/96c6397a-8f61-4533-904d-bccc4ea77d66.pdf,d9bu94tlksng008faj6g
96d2c040-6018-402c-b169-7afa3e818d2b,s3://enverus-courthouse-prod-chd-plants/tx/eog_gonzales/96d2/96d2c040-6018-402c-b169-7afa3e818d2b.pdf,d9bubkkhn77000fb7t80
96dd3fbd-6258-49c6-9c4c-01a4616acc39,s3://enverus-courthouse-prod-chd-plants/tx/eog_gonzales/96dd/96dd3fbd-6258-49c6-9c4c-01a4616acc39.pdf,d9buop6icpjg00ddgnr0
96fc5e57-a24c-442a-9258-a1a232cf46f7,s3://enverus-courthouse-prod-chd-plants/tx/eog_cooke/96fc/96fc5e57-a24c-442a-9258-a1a232cf46f7.pdf,d9bsrdrdd4a000d45av0
9707fe71-430c-4208-b7b3-4daa79894dd4,s3://enverus-courthouse-prod-chd-plants/tx/houston/9707/9707fe71-430c-4208-b7b3-4daa79894dd4.pdf,d9btg84flnl000djkjr0
970bb6c0-6de9-4e9d-b50c-7c46f61786fd,s3://enverus-courthouse-prod-chd-plants/tx/eog_mcmullen/970b/970bb6c0-6de9-4e9d-b50c-7c46f61786fd.pdf,d9btldb1f5dg00bdl4h0
97336EC9-4F13-4975-984C-63522AFA4C39,s3://enverus-courthouse-prod-chd-plants/tx/training_crockett/9733/97336EC9-4F13-4975-984C-63522AFA4C39.pdf,d9bsuja2oub000e16ki0
9764a3b0-5044-43fb-8c75-36ee486a6fe0,s3://enverus-courthouse-prod-chd-plants/pa/armstrong/9764/9764a3b0-5044-43fb-8c75-36ee486a6fe0.pdf,d9bunkkogvn0009c8ucg
978583c6-2aa6-46a2-a753-1b2e8f0480a9,s3://enverus-courthouse-prod-chd-plants/tx/eog_gonzales/9785/978583c6-2aa6-46a2-a753-1b2e8f0480a9.pdf,d9bu898isvug00fu40mg
97ada5ab-433f-4ed1-a406-cd5ce33d68d8,s3://enverus-courthouse-prod-chd-plants/nm/eog_lea/97ad/97ada5ab-433f-4ed1-a406-cd5ce33d68d8.pdf,d9bsso7r761000deg8kg
97b218ab-8766-4cc9-9517-d42e4d32c683,s3://enverus-courthouse-prod-chd-plants/tx/eog_karnes/97b2/97b218ab-8766-4cc9-9517-d42e4d32c683.pdf,d9buol3rgi8g00bh17gg
97da4d3c-0e43-4dbc-819d-ef412ef06341,s3://enverus-courthouse-prod-chd-plants/nm/lea/97da/97da4d3c-0e43-4dbc-819d-ef412ef06341.pdf,d9bthu7pfdig00farvvg
980f0b2a-77ef-4939-aefd-30d73ee3a3e8,s3://enverus-courthouse-prod-chd-plants/tx/eog_gonzales/980f/980f0b2a-77ef-4939-aefd-30d73ee3a3e8.pdf,d9bsv31d6jhg0082irmg
9813a1a9-a779-4317-aedb-e3c4431c98a5,s3://enverus-courthouse-prod-chd-plants/tx/eog_gonzales/9813/9813a1a9-a779-4317-aedb-e3c4431c98a5.pdf,d9buop9d6jhg0084u9bg
983CDEA3-0A42-43CB-A3A5-4C4C96255028,s3://enverus-courthouse-prod-chd-plants/tx/training_johnson/983C/983CDEA3-0A42-43CB-A3A5-4C4C96255028.pdf,d9bt6s4flnl000djaal0
983dc056-af19-4f6f-acfd-e373993f0d98,s3://enverus-courthouse-prod-chd-plants/tx/eog_lasalle/983d/983dc056-af19-4f6f-acfd-e373993f0d98.pdf,d9bu73689gsg00fgtgu0
984d8635-0c16-446d-8943-1df0f5ad64dc,s3://enverus-courthouse-prod-chd-plants/tx/eog_gonzales/984d/984d8635-0c16-446d-8943-1df0f5ad64dc.pdf,d9bur2h9ha2000c83sm0
987534EA-20A1-4577-89F9-2C276BD6416E,s3://enverus-courthouse-prod-chd-plants/tx/training_jasper/9875/987534EA-20A1-4577-89F9-2C276BD6416E.pdf,d9bu2knr761000dfthu0
98fd59cd-1b74-4b91-a6a2-6baa9ab6299f,s3://enverus-courthouse-prod-chd-plants/tx/eog_cooke/98fd/98fd59cd-1b74-4b91-a6a2-6baa9ab6299f.pdf,d9budp059fgg00e33d3g
99267729-e657-41bd-adee-17ac9a651616,s3://enverus-courthouse-prod-chd-plants/tx/houston/9926/99267729-e657-41bd-adee-17ac9a651616.pdf,d9btlemicpjg00dbu5l0
9949e7c0-011f-4850-8d3a-df195d5389fd,s3://enverus-courthouse-prod-chd-plants/tx/eog_atascosa/9949/9949e7c0-011f-4850-8d3a-df195d5389fd.pdf,d9bumanpfcq000fgqs3g
99531ca8-5b6b-4118-a1d1-62ab00ee5984,s3://enverus-courthouse-prod-chd-plants/nm/chd_lea/9953/99531ca8-5b6b-4118-a1d1-62ab00ee5984.pdf,d9bui4vr2ffg00e16jm0
996314d2-af6c-4411-bfa2-ca12da9ccb96,s3://enverus-courthouse-prod-chd-plants/tx/eog_cooke/9963/996314d2-af6c-4411-bfa2-ca12da9ccb96.pdf,d9bug1oisvug00fufjdg
99649962-1bcc-4436-b469-b9efe3617909,s3://enverus-courthouse-prod-chd-plants/tx/eog_gonzales/9964/99649962-1bcc-4436-b469-b9efe3617909.pdf,d9buoufpfdig00fcj7eg
99940118-ebf6-42ce-ab23-21fe76f31c75,s3://enverus-courthouse-prod-chd-plants/tx/eog_lasalle/9994/99940118-ebf6-42ce-ab23-21fe76f31c75.pdf,d9bt1r3rgi8g00benjr0
999fa838-9e87-4c04-a55a-8cc1ce9908d0,s3://enverus-courthouse-prod-chd-plants/tx/eog_mcmullen/999f/999fa838-9e87-4c04-a55a-8cc1ce9908d0.pdf,d9bu9p9b0h1g00d1b9tg
99b7e52c-45bc-41c3-acb9-29c529eb6a93,s3://enverus-courthouse-prod-chd-plants/tx/waller/99b7/99b7e52c-45bc-41c3-acb9-29c529eb6a93.pdf,bq1nvf4kt2og5juqing0
99bfb831-de4a-4dc8-92eb-2f8c333e87f9,s3://enverus-courthouse-prod-chd-plants/tx/eog_gonzales/99bf/99bfb831-de4a-4dc8-92eb-2f8c333e87f9.pdf,d9btlto30skg00d7hvlg
99c2192c-3272-41bc-9a50-c47c12ecdb42,s3://enverus-courthouse-prod-chd-plants/nm/eog_lea/99c2/99c2192c-3272-41bc-9a50-c47c12ecdb42.pdf,d9bt3fsogvn0009a2pp0
99dda796-cd01-4691-9242-bc0cc6e70138,s3://enverus-courthouse-prod-chd-plants/tx/eog_atascosa/99dd/99dda796-cd01-4691-9242-bc0cc6e70138.pdf,d9bucprte9l000f903bg
99E16105-97A4-492C-9230-5C01CE751CB4,s3://enverus-courthouse-prod-chd-plants/tx/training_johnson/99E1/99E16105-97A4-492C-9230-5C01CE751CB4.pdf,d9bups859fgg00e3ljcg
99ebf521-6494-4295-9730-071deb376909,s3://enverus-courthouse-prod-chd-plants/nm/eog_lea/99eb/99ebf521-6494-4295-9730-071deb376909.pdf,d9bu9ptlksng008fc5b0
99f20784-c711-1d4f-9f13-ac6a8d0e97a5,s3://enverus-courthouse-prod-chd-plants/tx/burleson/99f2/99f20784-c711-1d4f-9f13-ac6a8d0e97a5.pdf,d9bun7kogvn0009c82ng
99FAE1AD-339F-400C-91BF-A84357C4675A,s3://enverus-courthouse-prod-chd-plants/tx/training_midland/99FA/99FAE1AD-339F-400C-91BF-A84357C4675A.pdf,d9btnuu89gsg00fg8leg
9a27f557-987e-4124-9de7-3f68e25e729e,s3://enverus-courthouse-prod-chd-plants/nm/chd_lea/9a27/9a27f557-987e-4124-9de7-3f68e25e729e.pdf,d9buke36g7ig0080uhtg
9a529e47-5701-4f71-b4ce-526b7050e4c1,s3://enverus-courthouse-prod-chd-plants/nm/lea/9a52/9a529e47-5701-4f71-b4ce-526b7050e4c1.pdf,d9bur04flnl000dlgru0
9a56dbe6-1f91-492c-bcc5-15aac4a3d2c7,s3://enverus-courthouse-prod-chd-plants/tx/eog_atascosa/9a56/9a56dbe6-1f91-492c-bcc5-15aac4a3d2c7.pdf,d9btei9d6jhg00833emg
9a5e7839-6280-4c63-8fee-e0999d20fae6,s3://enverus-courthouse-prod-chd-plants/tx/eog_gonzales/9a5e/9a5e7839-6280-4c63-8fee-e0999d20fae6.pdf,d9btc8sflnl000djg910
9a808f34-ebaf-456b-94a8-c0c52e913233,s3://enverus-courthouse-prod-chd-plants/tx/eog_cooke/9a80/9a808f34-ebaf-456b-94a8-c0c52e913233.pdf,d9btbunpfcq000ff08s0
9a8dafe6-d4b5-4463-a56c-9f17615b4d15,s3://enverus-courthouse-prod-chd-plants/tx/crane/9a8d/9a8dafe6-d4b5-4463-a56c-9f17615b4d15.pdf,d9buk4kogvn0009c3bu0
9a8db5a7-99fc-4ce2-8728-c3a5c92c1514,s3://enverus-courthouse-prod-chd-plants/nm/chd_lea/9a8d/9a8db5a7-99fc-4ce2-8728-c3a5c92c1514.pdf,d9buq0rrgi8g00bh3btg
9A9A73C8-3F91-482A-8E65-AF9D6C9F5D3C,s3://enverus-courthouse-prod-chd-plants/tx/training_howard/9A9A/9A9A73C8-3F91-482A-8E65-AF9D6C9F5D3C.pdf,d9btla030skg00d7gfug
9aa607a8-064a-4584-b17b-c1420d9aff0f,s3://enverus-courthouse-prod-chd-plants/nm/eog_lea/9aa6/9aa607a8-064a-4584-b17b-c1420d9aff0f.pdf,d9buk8bte9l000f9aj6g
9ae056e4-f3a7-43b0-84c2-f109fa0a963c,s3://enverus-courthouse-prod-chd-plants/nm/chd_lea/9ae0/9ae056e4-f3a7-43b0-84c2-f109fa0a963c.pdf,d9bu64b6g7ig008092lg
9ae5a631-9764-4422-b3b6-ed41a15f671b,s3://enverus-courthouse-prod-chd-plants/tx/eog_cooke/9ae5/9ae5a631-9764-4422-b3b6-ed41a15f671b.pdf,d9btn5vr761000dfeqh0
9b294bad-9fd5-4fcc-8755-ef5c8e2b87d8,s3://enverus-courthouse-prod-chd-plants/tx/eog_cooke/9b29/9b294bad-9fd5-4fcc-8755-ef5c8e2b87d8.pdf,d9bulk31f5dg00bf33eg
9b3caba8-8227-4e1b-aa12-05cca6b15246,s3://enverus-courthouse-prod-chd-plants/tx/hood/9b3c/9b3caba8-8227-4e1b-aa12-05cca6b15246.pdf,d9bt4shhd6mg00bltv30
9b5ba453-fc2f-40bb-9eec-24da97953c34,s3://enverus-courthouse-prod-chd-plants/tx/eog_cooke/9b5b/9b5ba453-fc2f-40bb-9eec-24da97953c34.pdf,d9bu1mo30skg00d8179g
9bbe7e22-c69e-43b2-87a5-c2bf76899bd6,s3://enverus-courthouse-prod-chd-plants/tx/eog_mcmullen/9bbe/9bbe7e22-c69e-43b2-87a5-c2bf76899bd6.pdf,d9bst3jdd4a000d4772g
9c06c1ed-c3f2-4f3e-8979-cde446cdd35b,s3://enverus-courthouse-prod-chd-plants/nm/eog_lea/9c06/9c06c1ed-c3f2-4f3e-8979-cde446cdd35b.pdf,d9bsreeicpjg00db17i0
9c08cc36-7a50-4f41-8e69-53671d8dc7cf,s3://enverus-courthouse-prod-chd-plants/nm/chd_lea/9c08/9c08cc36-7a50-4f41-8e69-53671d8dc7cf.pdf,d9bulmi2oub000e3eueg
9c1f7427-18d1-4b01-95c6-7810bd7aea3a,s3://enverus-courthouse-prod-chd-plants/tx/eog_karnes/9c1f/9c1f7427-18d1-4b01-95c6-7810bd7aea3a.pdf,d9bufpbrgi8g00bgjid0
9c6511a7-bdfc-41ab-8154-54c1dde4e9fe,s3://enverus-courthouse-prod-chd-plants/tx/walker/9c65/9c6511a7-bdfc-41ab-8154-54c1dde4e9fe.pdf,d9bsv6jdd4a000d49g0g
9c6fd310-aa2b-4898-a480-6b1041be3de5,s3://enverus-courthouse-prod-chd-plants/nm/chd_lea/9c6f/9c6fd310-aa2b-4898-a480-6b1041be3de5.pdf,d9bumfb1f5dg00bf4c50
9c84066a-edca-4c3b-8cb2-0a6b1cbc5d78,s3://enverus-courthouse-prod-chd-plants/tx/eog_mcmullen/9c84/9c84066a-edca-4c3b-8cb2-0a6b1cbc5d78.pdf,d9buoctlksng008g1chg
9c8bd1b2-f764-4e9d-a71e-59de7b075656,s3://enverus-courthouse-prod-chd-plants/nm/eog_lea/9c8b/9c8bd1b2-f764-4e9d-a71e-59de7b075656.pdf,d9bu3u059fgg00e2kr50
9C9EB754-8589-4FA0-8476-84DDF377592C,s3://enverus-courthouse-prod-chd-plants/tx/training_midland/9C9E/9C9EB754-8589-4FA0-8476-84DDF377592C.pdf,d9buoubk4o90008adpm0
9cbd37eb-1289-4454-9257-74c77e72152b,s3://enverus-courthouse-prod-chd-plants/tx/crane/9cbd/9cbd37eb-1289-4454-9257-74c77e72152b.pdf,d9bumboisvug00fup6g0
9cc9c917-2622-43b9-a9c7-e09eb19e4343,s3://enverus-courthouse-prod-chd-plants/nm/eog_lea/9cc9/9cc9c917-2622-43b9-a9c7-e09eb19e4343.pdf,d9bspmbk4o900087s4dg
9cfa98cc-243a-4dea-8395-00b0f49d498e,s3://enverus-courthouse-prod-chd-plants/tx/eog_mcmullen/9cfa/9cfa98cc-243a-4dea-8395-00b0f49d498e.pdf,d9bthqrte9l000f7qoq0
9d2a60e4-209e-4695-93bb-9c2258701bd8,s3://enverus-courthouse-prod-chd-plants/nm/eog_lea/9d2a/9d2a60e4-209e-4695-93bb-9c2258701bd8.pdf,d9bssnhkf4s000f5qkag
9d300381-7217-11e8-8763-00505681224b,s3://enverus-courthouse-prod-chd-plants/ms/amite/9d30/9d300381-7217-11e8-8763-00505681224b.pdf,d9bu3nshn77000faro9g
9d329c40-f750-46d4-840f-f1e1bd3dc524,s3://enverus-courthouse-prod-chd-plants/tx/eog_cooke/9d32/9d329c40-f750-46d4-840f-f1e1bd3dc524.pdf,d9btuo7ak350008724i0
9d34c894-6d75-4154-ad4a-a3f5ae8b5d3b,s3://enverus-courthouse-prod-chd-plants/tx/eog_gonzales/9d34/9d34c894-6d75-4154-ad4a-a3f5ae8b5d3b.pdf,d9btc7uicpjg00dbjc30
9d8c8965-789e-4263-afa4-adf4a35f21e8,s3://enverus-courthouse-prod-chd-plants/tx/hood/9d8c/9d8c8965-789e-4263-afa4-adf4a35f21e8.pdf,d9bt6dvr2ffg00dvbvjg
9d8fb978-06ec-460e-90ed-2f29228b18bc,s3://enverus-courthouse-prod-chd-plants/tx/eog_cooke/9d8f/9d8fb978-06ec-460e-90ed-2f29228b18bc.pdf,d9bu0ju89gsg00fgka0g
9e10a0f6-8ded-40fb-a6dc-5bed91ff5e6c,s3://enverus-courthouse-prod-chd-plants/nm/chd_lea/9e10/9e10a0f6-8ded-40fb-a6dc-5bed91ff5e6c.pdf,d9bt6b7pfdig00fadpk0
9E4F2E65-2A90-46F3-8732-19B3F9D652ED,s3://enverus-courthouse-prod-chd-plants/tx/training_walker/9E4F/9E4F2E65-2A90-46F3-8732-19B3F9D652ED.pdf,d9bun7rte9l000f9f2eg
9e6a443c-8d05-4e6b-8490-6abf48a6dfc0,s3://enverus-courthouse-prod-chd-plants/nm/chd_lea/9e6a/9e6a443c-8d05-4e6b-8490-6abf48a6dfc0.pdf,d9btldkogvn0009anp30
9E7832A4-BD2B-46DF-A7FA-8035D3138FD8,s3://enverus-courthouse-prod-chd-plants/tx/training_pecos/9E78/9E7832A4-BD2B-46DF-A7FA-8035D3138FD8.pdf,d9bst7cflnl000dj06n0
9e81b366-1d90-44da-a479-206b722a2db9,s3://enverus-courthouse-prod-chd-plants/tx/eog_cooke/9e81/9e81b366-1d90-44da-a479-206b722a2db9.pdf,d9bu8kjs7m5g0089ck50
9e8463d3-d5d6-498e-85cd-8ff0b54ebdda,s3://enverus-courthouse-prod-chd-plants/tx/eog_atascosa/9e84/9e8463d3-d5d6-498e-85cd-8ff0b54ebdda.pdf,d9bt06fpfcq000fej5v0
9e891e21-b3cd-4fdd-aa77-4a906d5f4e81,s3://enverus-courthouse-prod-chd-plants/tx/eog_karnes/9e89/9e891e21-b3cd-4fdd-aa77-4a906d5f4e81.pdf,d9bu527ak3500087arq0
9ea68b31-b02f-497b-981c-987a100be8ec,s3://enverus-courthouse-prod-chd-plants/tx/eog_gonzales/9ea6/9ea68b31-b02f-497b-981c-987a100be8ec.pdf,d9btukpkf4s000f730d0
9eb5066e-814d-4f3c-8a64-25cfc1fd474b,s3://enverus-courthouse-prod-chd-plants/tx/eog_atascosa/9eb5/9eb5066e-814d-4f3c-8a64-25cfc1fd474b.pdf,d9btj37pfcq000ff91h0
9ebcf787-049f-4ee5-b016-491f77328af9,s3://enverus-courthouse-prod-chd-plants/tx/houston/9ebc/9ebcf787-049f-4ee5-b016-491f77328af9.pdf,d9buki059fgg00e3dnhg
9ebd045c-91db-4aba-a674-54d45fc8ac01,s3://enverus-courthouse-prod-chd-plants/tx/eog_cooke/9ebd/9ebd045c-91db-4aba-a674-54d45fc8ac01.pdf,d9buf9g30skg00d8ldqg
9EBDAD4F-764C-43DB-A45B-1BB26A233877,s3://enverus-courthouse-prod-chd-plants/tx/training_walker/9EBD/9EBDAD4F-764C-43DB-A45B-1BB26A233877.pdf,d9btf4b6g7ig00fvb5dg
9ecbe4a6-1c11-44b4-89cb-d6de978ee693,s3://enverus-courthouse-prod-chd-plants/tx/grimes/9ecb/9ecbe4a6-1c11-44b4-89cb-d6de978ee693.pdf,d9buoa7r2ffg00e1fo70
9eeef75a-531f-43b8-9e64-6fdcdbb68643,s3://enverus-courthouse-prod-chd-plants/tx/houston/9eee/9eeef75a-531f-43b8-9e64-6fdcdbb68643.pdf,d9bthop9ha2000c69fr0
9efd64e3-be76-45d7-8a5b-0e0f3cab0798,s3://enverus-courthouse-prod-chd-plants/tx/crane/9efd/9efd64e3-be76-45d7-8a5b-0e0f3cab0798.pdf,d9buac7ak3500087impg
9f325f5c-ee53-4eba-984b-f045c36ba660,s3://enverus-courthouse-prod-chd-plants/tx/eog_gonzales/9f32/9f325f5c-ee53-4eba-984b-f045c36ba660.pdf,d9btetjte9l000f7nap0
9f4a390b-db03-474e-9bdb-094a9fdea52e,s3://enverus-courthouse-prod-chd-plants/tx/eog_cooke/9f4a/9f4a390b-db03-474e-9bdb-094a9fdea52e.pdf,d9bt3t19ha2000c5pp90
9f4a968e-e8e1-48d7-b309-bc5256c2ec52,s3://enverus-courthouse-prod-chd-plants/nm/eog_lea/9f4a/9f4a968e-e8e1-48d7-b309-bc5256c2ec52.pdf,d9bulf9d6jhg0084p840
9FAA2F36-4B5B-41CE-96CE-0F23F76BD861,s3://enverus-courthouse-prod-chd-plants/tx/training_johnson/9FAA/9FAA2F36-4B5B-41CE-96CE-0F23F76BD861.pdf,d9buh6m89gsg00fhcnpg
9FBFA115-5291-41E9-9316-3EDE234A599B,s3://enverus-courthouse-prod-chd-plants/tx/training_burleson/9FBF/9FBFA115-5291-41E9-9316-3EDE234A599B.pdf,d9buad9kf4s000f7k2e0
9fd70cfe-ea79-45d5-a406-07a5754b6733,s3://enverus-courthouse-prod-chd-plants/tx/crane/9fd7/9fd70cfe-ea79-45d5-a406-07a5754b6733.pdf,d9btqoj6g7ig00fvp99g
a0059dd3-89ba-4d6e-b0aa-865c7698baef,s3://enverus-courthouse-prod-chd-plants/nm/chd_lea/a005/a0059dd3-89ba-4d6e-b0aa-865c7698baef.pdf,d9bso4q2oub000e11cpg
a02d0f69-a869-5443-b5cc-2d5de525998c,s3://enverus-courthouse-prod-chd-plants/tx/burleson/a02d/a02d0f69-a869-5443-b5cc-2d5de525998c.pdf,d9bur5npfdig00fcmhig
a054bd16-23be-42bd-933a-1e7b344cb8a6,s3://enverus-courthouse-prod-chd-plants/tx/ward/a054/a054bd16-23be-42bd-933a-1e7b344cb8a6.pdf,d9bul6j1f5dg00bf225g
A087E6B1-1B40-4FAB-ABC8-084E1C3821DF,s3://enverus-courthouse-prod-chd-plants/tx/training_midland/A087/A087E6B1-1B40-4FAB-ABC8-084E1C3821DF.pdf,d9bu50bk4o900089fnk0
a08bf5ea-32cf-45ee-84e0-24a28227515e,s3://enverus-courthouse-prod-chd-plants/tx/eog_karnes/a08b/a08bf5ea-32cf-45ee-84e0-24a28227515e.pdf,d9buf7gisvug00fuej2g
a0a431a8-126d-49f6-bea3-0c0a1014fd99,s3://enverus-courthouse-prod-chd-plants/tx/eog_cooke/a0a4/a0a431a8-126d-49f6-bea3-0c0a1014fd99.pdf,d9bsuk7ak3500085rsjg
A0C4381F-0298-4BFC-8066-3B736906F79A,s3://enverus-courthouse-prod-chd-plants/tx/training_houston/A0C4/A0C4381F-0298-4BFC-8066-3B736906F79A.pdf,d9btp5nr2ffg00e02dag
a0c5efbe-568b-4a42-bdff-e2b95492b1ea,s3://enverus-courthouse-prod-chd-plants/tx/eog_atascosa/a0c5/a0c5efbe-568b-4a42-bdff-e2b95492b1ea.pdf,d9bu84vpfdig00fbpjdg
a0ce1a03-25a9-485f-8baa-f7cf3ee9524e,s3://enverus-courthouse-prod-chd-plants/tx/eog_gonzales/a0ce/a0ce1a03-25a9-485f-8baa-f7cf3ee9524e.pdf,d9bt9f22oub000e1iieg
a1077b29-29fb-4afe-8d82-1cecb58d436b,s3://enverus-courthouse-prod-chd-plants/tx/eog_atascosa/a107/a1077b29-29fb-4afe-8d82-1cecb58d436b.pdf,d9btccbte9l000f7kcog
a119f6d9-d000-48c6-9a75-0b408b3bbc39,s3://enverus-courthouse-prod-chd-plants/tx/hood/a119/a119f6d9-d000-48c6-9a75-0b408b3bbc39.pdf,d9btn6pkf4s000f6phv0
A12BE268-116F-4B26-B437-64594A61175F,s3://enverus-courthouse-prod-chd-plants/tx/training_midland/A12B/A12BE268-116F-4B26-B437-64594A61175F.pdf,d9bug0bs7m5g0089n86g
A149BDAF-6EEA-4282-9806-BDA40B532D94,s3://enverus-courthouse-prod-chd-plants/tx/training_walker/A149/A149BDAF-6EEA-4282-9806-BDA40B532D94.pdf,d9bujgp5jqeg00e8bp20
a18f009a-491a-4dc4-9a3e-3a90135b5930,s3://enverus-courthouse-prod-chd-plants/nm/chd_lea/a18f/a18f009a-491a-4dc4-9a3e-3a90135b5930.pdf,d9bu64hb0h1g00d15g90
a19eda57-aa54-4dfa-b6f4-2d597299d12e,s3://enverus-courthouse-prod-chd-plants/tx/eog_gonzales/a19e/a19eda57-aa54-4dfa-b6f4-2d597299d12e.pdf,d9btrp1hd6mg00bmpcbg
a1c7ca54-f9d3-4b43-a391-71f6810ef532,s3://enverus-courthouse-prod-chd-plants/nm/eog_lea/a1c7/a1c7ca54-f9d3-4b43-a391-71f6810ef532.pdf,d9bumhrdd4a000d6i4g0
a1d84057-f7bf-4cec-93bf-0a10ffbfe69f,s3://enverus-courthouse-prod-chd-plants/tx/eog_gonzales/a1d8/a1d84057-f7bf-4cec-93bf-0a10ffbfe69f.pdf,d9bucg1kf4s000f7nc3g
a22c5f87-8975-4f4f-8d47-f4d709ccfc0c,s3://enverus-courthouse-prod-chd-plants/nm/eog_lea/a22c/a22c5f87-8975-4f4f-8d47-f4d709ccfc0c.pdf,d9bttcp9ha2000c6o85g
a245fa7e-4f75-4046-8c15-b959c8395a0a,s3://enverus-courthouse-prod-chd-plants/nm/eog_lea/a245/a245fa7e-4f75-4046-8c15-b959c8395a0a.pdf,d9bu7ekflnl000dkjrc0
a26a5a80-f4c0-1b4e-a974-0f2019c8f2f6,s3://enverus-courthouse-prod-chd-plants/nm/eddy/a26a/a26a5a80-f4c0-1b4e-a974-0f2019c8f2f6.pdf,d9bt86cogvn0009a8dfg
a26f7e22-9845-4874-9459-d6a3871ce5d6,s3://enverus-courthouse-prod-chd-plants/nm/chd_lea/a26f/a26f7e22-9845-4874-9459-d6a3871ce5d6.pdf,d9bu3l95jqeg00e7jvpg
a26fa922-4a43-4848-b0a2-4edb950077c2,s3://enverus-courthouse-prod-chd-plants/tx/eog_cooke/a26f/a26fa922-4a43-4848-b0a2-4edb950077c2.pdf,d9buhsvr2ffg00e160e0
a2bb86b7-ed7c-4054-bd5a-c398cc3688ec,s3://enverus-courthouse-prod-chd-plants/tx/eog_atascosa/a2bb/a2bb86b7-ed7c-4054-bd5a-c398cc3688ec.pdf,d9btvpnr761000dfpta0
a3103fd0-d324-443f-95f4-2d98d9a6be64,s3://enverus-courthouse-prod-chd-plants/tx/eog_cooke/a310/a3103fd0-d324-443f-95f4-2d98d9a6be64.pdf,d9bsr6i2oub000e136l0
A3111EBD-8587-4C84-B2F7-DA4D3082F309,s3://enverus-courthouse-prod-chd-plants/tx/training_midland/A311/A3111EBD-8587-4C84-B2F7-DA4D3082F309.pdf,d9bto1chn77000fabn5g
a34eff86-d2ca-43df-aefd-7581debe5f36,s3://enverus-courthouse-prod-chd-plants/tx/eog_karnes/a34e/a34eff86-d2ca-43df-aefd-7581debe5f36.pdf,d9bu2ivak350008773p0
a3595eef-1eb7-462b-8b7a-f125bd6332d0,s3://enverus-courthouse-prod-chd-plants/tx/houston/a359/a3595eef-1eb7-462b-8b7a-f125bd6332d0.pdf,d9bt4reicpjg00dbajkg
A35FE11D-394E-4D8A-909D-C9AC36B53684,s3://enverus-courthouse-prod-chd-plants/tx/training_crockett/A35F/A35FE11D-394E-4D8A-909D-C9AC36B53684.pdf,d9bu9ovpfcq000fg8cvg
a37907e0-9bea-4018-9b7f-fab9a97be19d,s3://enverus-courthouse-prod-chd-plants/tx/nueces/a379/a37907e0-9bea-4018-9b7f-fab9a97be19d.pdf,d9buaj19ha2000c7b9n0
A39D98BC-EA3B-4A88-AD19-197AFA7C4C99,s3://enverus-courthouse-prod-chd-plants/tx/training_crockett/A39D/A39D98BC-EA3B-4A88-AD19-197AFA7C4C99.pdf,d9btf0npfcq000ff4f70
a3d5ffbe-aae9-4732-bd07-50c7b433a886,s3://enverus-courthouse-prod-chd-plants/tx/eog_lasalle/a3d5/a3d5ffbe-aae9-4732-bd07-50c7b433a886.pdf,d9bu8cg59fgg00e2rdr0
a3eaf1d7-9dff-4339-ba22-38847cd2c056,s3://enverus-courthouse-prod-chd-plants/nm/eog_lea/a3ea/a3eaf1d7-9dff-4339-ba22-38847cd2c056.pdf,d9bu54vr2ffg00e0ja6g
A3FD5713-32A3-43D7-8770-0D1E1C9169F4,s3://enverus-courthouse-prod-chd-plants/tx/training_howard/A3FD/A3FD5713-32A3-43D7-8770-0D1E1C9169F4.pdf,d9bukdk1kr4g008f9vo0
a40c320b-1b69-4f69-96aa-1d72505db0f1,s3://enverus-courthouse-prod-chd-plants/tx/eog_gonzales/a40c/a40c320b-1b69-4f69-96aa-1d72505db0f1.pdf,d9bt1ptlksng008dookg
a41f539f-b10e-482d-99d8-b9657be41b54,s3://enverus-courthouse-prod-chd-plants/nm/eog_lea/a41f/a41f539f-b10e-482d-99d8-b9657be41b54.pdf,d9bt4tkflnl000dj7k00
a4413c40-a94c-4d19-b9cc-45782a260534,s3://enverus-courthouse-prod-chd-plants/nm/chd_lea/a441/a4413c40-a94c-4d19-b9cc-45782a260534.pdf,d9bsribk4o900087u05g
a464f690-fad1-4e5b-94e5-a8c5c520c2cd,s3://enverus-courthouse-prod-chd-plants/nm/lea/a464/a464f690-fad1-4e5b-94e5-a8c5c520c2cd.pdf,d9bun8kogvn0009c84o0
a4f34a16-768f-47ad-9228-9aa5ae7ab2e2,s3://enverus-courthouse-prod-chd-plants/nm/eog_lea/a4f3/a4f34a16-768f-47ad-9228-9aa5ae7ab2e2.pdf,d9buapuicpjg00dcs510
a525b439-c6eb-478c-afb8-aa9bfc9bb0e3,s3://enverus-courthouse-prod-chd-plants/nm/eog_lea/a525/a525b439-c6eb-478c-afb8-aa9bfc9bb0e3.pdf,d9bugab1f5dg00ber7ng
a56bb0b8-11e5-4543-9bce-afd88d544024,s3://enverus-courthouse-prod-chd-plants/tx/eog_lasalle/a56b/a56bb0b8-11e5-4543-9bce-afd88d544024.pdf,d9bug2js7m5g0089ndr0
a574d9e3-0794-4fee-9b6c-a4773b2ae3c6,s3://enverus-courthouse-prod-chd-plants/nm/eog_lea/a574/a574d9e3-0794-4fee-9b6c-a4773b2ae3c6.pdf,d9btqt95jqeg00e78cqg
a577f6d3-2381-4956-afa9-479ee1345de1,s3://enverus-courthouse-prod-chd-plants/tx/eog_atascosa/a577/a577f6d3-2381-4956-afa9-479ee1345de1.pdf,d9bt3u9b0h1g00cvr0kg
a586857a-8385-4421-8e46-1b0573ab8a89,s3://enverus-courthouse-prod-chd-plants/tx/eog_atascosa/a586/a586857a-8385-4421-8e46-1b0573ab8a89.pdf,d9bt0f9d6jhg0082jti0
a594fd58-2711-4e61-9bad-ef69b4899294,s3://enverus-courthouse-prod-chd-plants/nm/eog_lea/a594/a594fd58-2711-4e61-9bad-ef69b4899294.pdf,d9btn47ak3500086obgg
a5959506-15d7-4b63-839d-cb8efbcc3406,s3://enverus-courthouse-prod-chd-plants/nm/chd_lea/a595/a5959506-15d7-4b63-839d-cb8efbcc3406.pdf,d9btf4sogvn0009agqpg
A5D01F68-51C0-43EF-8CBF-9AFD4C5F71DD,s3://enverus-courthouse-prod-chd-plants/tx/training_midland/A5D0/A5D01F68-51C0-43EF-8CBF-9AFD4C5F71DD.pdf,d9btc0c1kr4g008die30
a5db3a51-b822-4432-9cc8-eca39504ef70,s3://enverus-courthouse-prod-chd-plants/nm/eog_lea/a5db/a5db3a51-b822-4432-9cc8-eca39504ef70.pdf,d9btdm7pfcq000ff2p60
a623fd74-fb51-4716-9f8f-811798907347,s3://enverus-courthouse-prod-chd-plants/nm/eog_lea/a623/a623fd74-fb51-4716-9f8f-811798907347.pdf,d9bualrdelo000dv58q0
a688f8b9-0c65-4b8a-a758-309ef772cdf9,s3://enverus-courthouse-prod-chd-plants/nm/eog_lea/a688/a688f8b9-0c65-4b8a-a758-309ef772cdf9.pdf,d9btlob1f5dg00bdluh0
a6967370-6647-40ba-825f-f6ec7ac21d14,s3://enverus-courthouse-prod-chd-plants/nm/eog_lea/a696/a6967370-6647-40ba-825f-f6ec7ac21d14.pdf,d9bugvj1f5dg00berqig
a69b30e5-0750-48f6-beb8-0375bccbd256,s3://enverus-courthouse-prod-chd-plants/tx/crane/a69b/a69b30e5-0750-48f6-beb8-0375bccbd256.pdf,d9bt5dtlksng008dteg0
a6b78ed0-370c-4737-9fc2-f8262217c969,s3://enverus-courthouse-prod-chd-plants/tx/eog_cooke/a6b7/a6b78ed0-370c-4737-9fc2-f8262217c969.pdf,d9bt247pfdig00fa9kcg
a6c7b4b6-ae5c-4283-bb10-2c6d0b400d45,s3://enverus-courthouse-prod-chd-plants/nm/eog_lea/a6c7/a6c7b4b6-ae5c-4283-bb10-2c6d0b400d45.pdf,d9bu7bpb0h1g00d17e00
a6e0e4d7-6326-4dff-91c8-39acf45ba5cb,s3://enverus-courthouse-prod-chd-plants/nm/eog_lea/a6e0/a6e0e4d7-6326-4dff-91c8-39acf45ba5cb.pdf,d9btvabte9l000f8bj0g
a6eab28c-2d0e-4336-9f4c-1fceeaf79566,s3://enverus-courthouse-prod-chd-plants/tx/eog_cooke/a6ea/a6eab28c-2d0e-4336-9f4c-1fceeaf79566.pdf,d9btqt6icpjg00dc5geg
a6f30fd4-3726-4ab3-a0ee-43e6b92afcf0,s3://enverus-courthouse-prod-chd-plants/tx/eog_atascosa/a6f3/a6f30fd4-3726-4ab3-a0ee-43e6b92afcf0.pdf,d9bufrjrgi8g00bgjo3g
a705940e-1abf-4442-8a21-d22646400110,s3://enverus-courthouse-prod-chd-plants/nm/eog_lea/a705/a705940e-1abf-4442-8a21-d22646400110.pdf,d9btt6nr2ffg00e07so0
a73b44c7-0402-45ad-99bf-292300847b17,s3://enverus-courthouse-prod-chd-plants/tx/crane/a73b/a73b44c7-0402-45ad-99bf-292300847b17.pdf,d9btrm7r2ffg00e05mlg
a794b2be-f2f4-46ee-a924-9cd93525fb87,s3://enverus-courthouse-prod-chd-plants/tx/eog_mcmullen/a794/a794b2be-f2f4-46ee-a924-9cd93525fb87.pdf,d9bug93te9l000f94v60
a7a322af-9829-4f02-83e4-83ec5d0c46e4,s3://enverus-courthouse-prod-chd-plants/tx/eog_gonzales/a7a3/a7a322af-9829-4f02-83e4-83ec5d0c46e4.pdf,d9bsutjdd4a000d48uv0
a7b0b2e7-0d56-40bc-bd39-9786d0bea685,s3://enverus-courthouse-prod-chd-plants/nm/chd_lea/a7b0/a7b0b2e7-0d56-40bc-bd39-9786d0bea685.pdf,d9bt9b22oub000e1i8j0
a7cde6eb-55b5-4544-b234-20856efb1d0b,s3://enverus-courthouse-prod-chd-plants/tx/hood/a7cd/a7cde6eb-55b5-4544-b234-20856efb1d0b.pdf,d9bu72llksng008f7ht0
A856D13B-3A13-4933-8929-F243973F2695,s3://enverus-courthouse-prod-chd-plants/tx/training_midland/A856/A856D13B-3A13-4933-8929-F243973F2695.pdf,d9bu61h9ha2000c748eg
a90f22d6-492a-407e-b977-079b7e483ba7,s3://enverus-courthouse-prod-chd-plants/nm/lea/a90f/a90f22d6-492a-407e-b977-079b7e483ba7.pdf,d9buk6nak35000881450
A91B7D91-D9EC-4968-9545-D2D59D6C5B31,s3://enverus-courthouse-prod-chd-plants/tx/training_andrews/A91B/A91B7D91-D9EC-4968-9545-D2D59D6C5B31.pdf,d9bt0lbs7m5g0087q3r0
a937e7ac-c375-4463-9e1c-354dcea7a0a9,s3://enverus-courthouse-prod-chd-plants/tx/eog_gonzales/a937/a937e7ac-c375-4463-9e1c-354dcea7a0a9.pdf,d9buclkhn77000fb9hrg
A97ACD80-D2E9-4F79-87C9-038A672F52AB,s3://enverus-courthouse-prod-chd-plants/tx/training_crockett/A97A/A97ACD80-D2E9-4F79-87C9-038A672F52AB.pdf,d9btp8689gsg00fgabh0
a97e385d-d845-4231-9d4e-2f8c564c0eb3,s3://enverus-courthouse-prod-chd-plants/nm/chd_lea/a97e/a97e385d-d845-4231-9d4e-2f8c564c0eb3.pdf,d9bt0bpd6jhg0082jmj0
a996c6b2-63c0-4b33-a9e2-35c8b80ca796,s3://enverus-courthouse-prod-chd-plants/nm/eog_lea/a996/a996c6b2-63c0-4b33-a9e2-35c8b80ca796.pdf,d9bua7j1f5dg00behqeg
a9bcda50-00d3-1447-bad2-654e74de289c,s3://enverus-courthouse-prod-chd-plants/tx/burleson/a9bc/a9bcda50-00d3-1447-bad2-654e74de289c.pdf,d9bt86o59fgg00e1ho50
A9CA8834-B10F-47AB-A74C-9E9ABCC6122C,s3://enverus-courthouse-prod-chd-plants/nm/training_eddy/A9CA/A9CA8834-B10F-47AB-A74C-9E9ABCC6122C.pdf,d9bub7shn77000fb6u4g
a9d6cb05-6c5b-4053-9bc2-85ad6b8f6140,s3://enverus-courthouse-prod-chd-plants/tx/houston/a9d6/a9d6cb05-6c5b-4053-9bc2-85ad6b8f6140.pdf,d9bt1orte9l000f77t4g
a9e00843-e006-4d61-a25b-97165cdbc3c2,s3://enverus-courthouse-prod-chd-plants/nm/chd_lea/a9e0/a9e00843-e006-4d61-a25b-97165cdbc3c2.pdf,d9bt1svpfdig00fa9310
aa01f84e-f1f6-47f5-b1d3-00b2143791c7,s3://enverus-courthouse-prod-chd-plants/tx/eog_atascosa/aa01/aa01f84e-f1f6-47f5-b1d3-00b2143791c7.pdf,d9bugpsogvn0009bu9jg
aa09d2c7-ab1d-4a94-aee5-c2802a8da5c4,s3://enverus-courthouse-prod-chd-plants/tx/eog_lasalle/aa09/aa09d2c7-ab1d-4a94-aee5-c2802a8da5c4.pdf,d9bsutvr2ffg00dv4au0
aa21faab-4231-498d-b76d-792bb63fc623,s3://enverus-courthouse-prod-chd-plants/tx/eog_karnes/aa21/aa21faab-4231-498d-b76d-792bb63fc623.pdf,d9bst9cflnl000dj0ba0
aa2eb8e9-fe86-4a8e-b2cc-dce32bd6bbea,s3://enverus-courthouse-prod-chd-plants/tx/eog_cooke/aa2e/aa2eb8e9-fe86-4a8e-b2cc-dce32bd6bbea.pdf,d9bueui2oub000e34g9g
aa3a3bef-16ae-4df9-a7e5-2417792ff35a,s3://enverus-courthouse-prod-chd-plants/tx/eog_karnes/aa3a/aa3a3bef-16ae-4df9-a7e5-2417792ff35a.pdf,d9bu1vi2oub000e2hoo0
aa4075cc-01da-40fe-865b-bfabab1d6116,s3://enverus-courthouse-prod-chd-plants/tx/eog_karnes/aa40/aa4075cc-01da-40fe-865b-bfabab1d6116.pdf,d9bttgq2oub000e2beg0
aa493b61-1c91-4454-a9d7-209079389f17,s3://enverus-courthouse-prod-chd-plants/tx/eog_cooke/aa49/aa493b61-1c91-4454-a9d7-209079389f17.pdf,d9bufta2oub000e35rqg
AA5B31C9-7B45-4A16-A0EF-12031D1CD7D2,s3://enverus-courthouse-prod-chd-plants/tx/training_crockett/AA5B/AA5B31C9-7B45-4A16-A0EF-12031D1CD7D2.pdf,d9bthe7r761000df7300
aa5e963c-3fad-404f-aa04-c2b53f38080c,s3://enverus-courthouse-prod-chd-plants/tx/eog_cooke/aa5e/aa5e963c-3fad-404f-aa04-c2b53f38080c.pdf,d9bt574hn77000f9lk50
aa79ca59-8780-451f-9835-1a29c4f512c5,s3://enverus-courthouse-prod-chd-plants/nm/eog_lea/aa79/aa79ca59-8780-451f-9835-1a29c4f512c5.pdf,d9btinhd6jhg008386e0
aaa4e15b-21b8-4acd-966d-cb6fc3e2b2c1,s3://enverus-courthouse-prod-chd-plants/tx/eog_atascosa/aaa4/aaa4e15b-21b8-4acd-966d-cb6fc3e2b2c1.pdf,d9btueg30skg00d7sf50
aaec649f-b137-4c5a-a14e-cb6a19d8a20c,s3://enverus-courthouse-prod-chd-plants/tx/eog_karnes/aaec/aaec649f-b137-4c5a-a14e-cb6a19d8a20c.pdf,d9bur2r6g7ig00818n50
aaec68ad-329e-4c6a-beba-7d0f05fa476b,s3://enverus-courthouse-prod-chd-plants/nm/chd_lea/aaec/aaec68ad-329e-4c6a-beba-7d0f05fa476b.pdf,d9bu8gvr761000dg6f40
aaf5831c-a9de-4603-a7f8-bcbfaa633d7b,s3://enverus-courthouse-prod-chd-plants/nm/eog_lea/aaf5/aaf5831c-a9de-4603-a7f8-bcbfaa633d7b.pdf,d9btkknpfdig00favb0g
ab2f107e-3a0f-4b27-b173-c5339f8e7e79,s3://enverus-courthouse-prod-chd-plants/tx/eog_atascosa/ab2f/ab2f107e-3a0f-4b27-b173-c5339f8e7e79.pdf,d9buf5vr2ffg00e12bug
ab669ee7-8d09-4aa0-b0dd-96dcaa4b0149,s3://enverus-courthouse-prod-chd-plants/nm/eog_lea/ab66/ab669ee7-8d09-4aa0-b0dd-96dcaa4b0149.pdf,d9btt4pd6jhg0083lih0
ab7e50af-d363-49fc-94ca-bcc3d2326daa,s3://enverus-courthouse-prod-chd-plants/tx/eog_gonzales/ab7e/ab7e50af-d363-49fc-94ca-bcc3d2326daa.pdf,d9btgb0isvug00ft3r1g
ab81dcc1-bf90-4ef0-aa50-c5526c355091,s3://enverus-courthouse-prod-chd-plants/tx/eog_karnes/ab81/ab81dcc1-bf90-4ef0-aa50-c5526c355091.pdf,d9bttgb6g7ig00fvt0hg
aba505ae-4102-412c-8644-6d650dea1795,s3://enverus-courthouse-prod-chd-plants/nm/eog_lea/aba5/aba505ae-4102-412c-8644-6d650dea1795.pdf,d9bub77r2ffg00e0s7o0
abaea94c-dfe9-499e-a40c-85ab5dd3e777,s3://enverus-courthouse-prod-chd-plants/tx/houston/abae/abaea94c-dfe9-499e-a40c-85ab5dd3e777.pdf,d9bulchhd6mg00bnuk40
ABEA28BB-C4E0-47FA-9C8C-34135CE0120B,s3://enverus-courthouse-prod-chd-plants/tx/training_crockett/ABEA/ABEA28BB-C4E0-47FA-9C8C-34135CE0120B.pdf,d9bunrdlksng008g0vhg
abfeea0e-0ea5-4916-857f-3b70f31b6b93,s3://enverus-courthouse-prod-chd-plants/tx/eog_gonzales/abfe/abfeea0e-0ea5-4916-857f-3b70f31b6b93.pdf,d9bufpvak3500087qgt0
AC230FB2-0BD3-4E6F-A247-A833CA55F8F5,s3://enverus-courthouse-prod-chd-plants/tx/training_montague/AC23/AC230FB2-0BD3-4E6F-A247-A833CA55F8F5.pdf,d9btn4jrgi8g00bfh4f0
ac33afd5-10a4-42e7-8dad-116a5075662e,s3://enverus-courthouse-prod-chd-plants/tx/eog_karnes/ac33/ac33afd5-10a4-42e7-8dad-116a5075662e.pdf,d9btlc7ak3500086lko0
ac55f529-792f-4fb1-a5b3-067f0a5c44b2,s3://enverus-courthouse-prod-chd-plants/nm/chd_lea/ac55/ac55f529-792f-4fb1-a5b3-067f0a5c44b2.pdf,d9bu41059fgg00e2l2d0
ac6783ff-8df4-469e-a282-ecd978ec4f6a,s3://enverus-courthouse-prod-chd-plants/tx/eog_atascosa/ac67/ac6783ff-8df4-469e-a282-ecd978ec4f6a.pdf,d9bt98sflnl000djceeg
acaa7940-494d-414d-aa1d-1c0d0a333212,s3://enverus-courthouse-prod-chd-plants/tx/eog_gonzales/acaa/acaa7940-494d-414d-aa1d-1c0d0a333212.pdf,d9bsq08isvug00fsc64g
ACAC59ED-24F8-4577-BA5F-0FACEFCD6BEC,s3://enverus-courthouse-prod-chd-plants/tx/training_midland/ACAC/ACAC59ED-24F8-4577-BA5F-0FACEFCD6BEC.pdf,d9btlabte9l000f7uivg
acb14f58-51d9-46ef-af1f-8c75bfdb20b9,s3://enverus-courthouse-prod-chd-plants/tx/eog_gonzales/acb1/acb14f58-51d9-46ef-af1f-8c75bfdb20b9.pdf,d9bu8m99ha2000c78kqg
acd67ace-9721-418a-b0de-f856566cde5a,s3://enverus-courthouse-prod-chd-plants/nm/eog_lea/acd6/acd67ace-9721-418a-b0de-f856566cde5a.pdf,d9bu5ckhn77000fauilg
ACDDB406-23A4-4F07-A6C4-068D48E1719B,s3://enverus-courthouse-prod-chd-plants/tx/training_walker/ACDD/ACDDB406-23A4-4F07-A6C4-068D48E1719B.pdf,d9btgkvpfcq000ff6ce0
ad135342-8e16-4af7-ba2d-4a0764ad2bec,s3://enverus-courthouse-prod-chd-plants/nm/eog_lea/ad13/ad135342-8e16-4af7-ba2d-4a0764ad2bec.pdf,d9btj8oisvug00ft7lu0
ad192a72-e191-4d01-9925-f7dde2027058,s3://enverus-courthouse-prod-chd-plants/tx/eog_atascosa/ad19/ad192a72-e191-4d01-9925-f7dde2027058.pdf,d9bsutnpfdig00fa6a70
adb5b9b1-e608-4edd-9568-d5e7e5ae4e27,s3://enverus-courthouse-prod-chd-plants/nm/chd_lea/adb5/adb5b9b1-e608-4edd-9568-d5e7e5ae4e27.pdf,d9bu8fllksng008f9vgg
add9021b-3e01-4aa5-9186-372ccb105c26,s3://enverus-courthouse-prod-chd-plants/tx/nueces/add9/add9021b-3e01-4aa5-9186-372ccb105c26.pdf,d9btdsfr2ffg00dvl980
addb6c0c-aa11-4e80-8642-d38b71f4d519,s3://enverus-courthouse-prod-chd-plants/tx/eog_mcmullen/addb/addb6c0c-aa11-4e80-8642-d38b71f4d519.pdf,d9bu53pkf4s000f7c6b0
ade6d91c-079f-4fcb-805b-b67651deecf0,s3://enverus-courthouse-prod-chd-plants/tx/eog_atascosa/ade6/ade6d91c-079f-4fcb-805b-b67651deecf0.pdf,d9bso4030skg00d6hcj0
ae402d0d-25e7-475d-9031-cb196232014d,s3://enverus-courthouse-prod-chd-plants/tx/hood/ae40/ae402d0d-25e7-475d-9031-cb196232014d.pdf,d9bthjchn77000fa3oa0
ae524938-9868-4609-8e32-c50bdefc5bf5,s3://enverus-courthouse-prod-chd-plants/tx/eog_gonzales/ae52/ae524938-9868-4609-8e32-c50bdefc5bf5.pdf,d9budjtlksng008fha70
ae8eadcd-a26e-4779-9813-0b84e6ed0f90,s3://enverus-courthouse-prod-chd-plants/tx/eog_cooke/ae8e/ae8eadcd-a26e-4779-9813-0b84e6ed0f90.pdf,d9bt6i3delo000dtlur0
ae96e3f8-164d-43b2-a471-2c77fdcdf4ce,s3://enverus-courthouse-prod-chd-plants/tx/hamilton/ae96/ae96e3f8-164d-43b2-a471-2c77fdcdf4ce.pdf,c4rvfnp2rh1g009gnhvg
aec2e5f8-58c2-4f58-b1b8-47dd47f6e183,s3://enverus-courthouse-prod-chd-plants/nm/eog_lea/aec2/aec2e5f8-58c2-4f58-b1b8-47dd47f6e183.pdf,d9btns059fgg00e23vd0
aecfe3ee-8356-4df1-b720-c6b67854e923,s3://enverus-courthouse-prod-chd-plants/nm/chd_lea/aecf/aecfe3ee-8356-4df1-b720-c6b67854e923.pdf,d9btc9nak3500086b6c0
aef0dcde-9f58-4d80-84d6-ad3504156770,s3://enverus-courthouse-prod-chd-plants/tx/houston/aef0/aef0dcde-9f58-4d80-84d6-ad3504156770.pdf,d9btpj830skg00d7mdtg
af045929-6e18-40ff-aebd-14a0d94454f0,s3://enverus-courthouse-prod-chd-plants/tx/eog_atascosa/af04/af045929-6e18-40ff-aebd-14a0d94454f0.pdf,d9buieg30skg00d8q350
af1b1382-d954-417e-bb50-99cb34d3440b,s3://enverus-courthouse-prod-chd-plants/tx/eog_atascosa/af1b/af1b1382-d954-417e-bb50-99cb34d3440b.pdf,d9bu705lksng008f7cag
af1f811a-a88b-4d95-aab7-8966e69b6847,s3://enverus-courthouse-prod-chd-plants/tx/concho/af1f/af1f811a-a88b-4d95-aab7-8966e69b6847.pdf,blru1ot7ielglithaqf0
AF319211-B812-45D0-89AB-4F9FF0C549AF,s3://enverus-courthouse-prod-chd-plants/tx/training_crockett/AF31/AF319211-B812-45D0-89AB-4F9FF0C549AF.pdf,d9bufp31f5dg00beptm0
af569728-5d38-44e2-acbc-cedb23111dbe,s3://enverus-courthouse-prod-chd-plants/nm/chd_lea/af56/af569728-5d38-44e2-acbc-cedb23111dbe.pdf,d9bupv7ak3500088a00g
af659f61-cfb8-4e42-9022-5fc19c24e8f9,s3://enverus-courthouse-prod-chd-plants/tx/eog_cooke/af65/af659f61-cfb8-4e42-9022-5fc19c24e8f9.pdf,d9buqk9kf4s000f8c510
af933095-4f4f-402e-856d-0e75c7b3e981,s3://enverus-courthouse-prod-chd-plants/tx/eog_atascosa/af93/af933095-4f4f-402e-856d-0e75c7b3e981.pdf,d9bu6h9kf4s000f7eke0
afe7b697-84c3-4bf5-9ef1-2e7df53c1b68,s3://enverus-courthouse-prod-chd-plants/tx/eog_atascosa/afe7/afe7b697-84c3-4bf5-9ef1-2e7df53c1b68.pdf,d9bug9pd6jhg0084hmv0
b0078c42-023c-4ba2-a323-c102dfd3a7c5,s3://enverus-courthouse-prod-chd-plants/nm/chd_lea/b007/b0078c42-023c-4ba2-a323-c102dfd3a7c5.pdf,d9bthrfpfcq000ff7ne0
b026dbe1-0a12-4eb3-92e3-11e017272c41,s3://enverus-courthouse-prod-chd-plants/tx/eog_cooke/b026/b026dbe1-0a12-4eb3-92e3-11e017272c41.pdf,d9btb69hd6mg00bm5md0
b02a43a7-5a81-4f83-97d4-fa54a177d1f0,s3://enverus-courthouse-prod-chd-plants/nm/chd_lea/b02a/b02a43a7-5a81-4f83-97d4-fa54a177d1f0.pdf,d9bu5eoisvug00fu0750
b02a7d9f-698f-46b2-81fe-aeb7ab9c0c58,s3://enverus-courthouse-prod-chd-plants/nm/chd_lea/b02a/b02a7d9f-698f-46b2-81fe-aeb7ab9c0c58.pdf,d9bt3e1kf4s000f61k50
b03c4392-f7ae-45b8-b339-fff7fce89795,s3://enverus-courthouse-prod-chd-plants/tx/eog_cooke/b03c/b03c4392-f7ae-45b8-b339-fff7fce89795.pdf,d9bssrkogvn00099rvp0
b04fa267-2490-482b-b935-1fb38ce20c97,s3://enverus-courthouse-prod-chd-plants/tx/eog_lasalle/b04f/b04fa267-2490-482b-b935-1fb38ce20c97.pdf,d9bug3e89gsg00fhb2m0
b0537014-a06b-4790-a9c4-f7bee4711631,s3://enverus-courthouse-prod-chd-plants/tx/eog_karnes/b053/b0537014-a06b-4790-a9c4-f7bee4711631.pdf,d9bucsrrgi8g00bgg410
b0945b93-6c7d-4fe8-849e-f79b615e036c,s3://enverus-courthouse-prod-chd-plants/tx/eog_cooke/b094/b0945b93-6c7d-4fe8-849e-f79b615e036c.pdf,d9btit859fgg00e1tt80
b0983c84-7dfe-884b-ab6e-a9369abd0569,s3://enverus-courthouse-prod-chd-plants/tx/robertson/b098/b0983c84-7dfe-884b-ab6e-a9369abd0569.pdf,d9bucauicpjg00dcu440
B0A3AD1B-BC13-468D-AA56-84F66C77EB46,s3://enverus-courthouse-prod-chd-plants/tx/training_midland/B0A3/B0A3AD1B-BC13-468D-AA56-84F66C77EB46.pdf,d9bubcq2oub000e2vbvg
b0afff27-9f8f-4388-b5b5-a5707eca07d5,s3://enverus-courthouse-prod-chd-plants/tx/eog_cooke/b0af/b0afff27-9f8f-4388-b5b5-a5707eca07d5.pdf,d9bsnlhhd6mg00blgvd0
b0be55d4-848b-4ee1-8399-de9b38968875,s3://enverus-courthouse-prod-chd-plants/tx/eog_gonzales/b0be/b0be55d4-848b-4ee1-8399-de9b38968875.pdf,d9bu33u89gsg00fgo5f0
b0cc21fe-7611-42d1-aee4-a7e1e4d625ac,s3://enverus-courthouse-prod-chd-plants/tx/eog_lasalle/b0cc/b0cc21fe-7611-42d1-aee4-a7e1e4d625ac.pdf,d9bul49kf4s000f83qh0
b0e85a03-3ef2-49ac-96b9-0d3418e1f4aa,s3://enverus-courthouse-prod-chd-plants/tx/eog_gonzales/b0e8/b0e85a03-3ef2-49ac-96b9-0d3418e1f4aa.pdf,d9btlejs7m5g0088hnng
b106f77f-5c49-41a2-b39b-7f1004efa933,s3://enverus-courthouse-prod-chd-plants/tx/eog_cooke/b106/b106f77f-5c49-41a2-b39b-7f1004efa933.pdf,d9buguhd6jhg0084i99g
b10fe330-726f-4b8d-9d73-b2af54d4fcf0,s3://enverus-courthouse-prod-chd-plants/nm/eog_lea/b10f/b10fe330-726f-4b8d-9d73-b2af54d4fcf0.pdf,d9bul4eicpjg00ddas7g
b1457863-726a-4a71-8edb-62b1f9285235,s3://enverus-courthouse-prod-chd-plants/tx/eog_atascosa/b145/b1457863-726a-4a71-8edb-62b1f9285235.pdf,d9buh4tlksng008fmmrg
b14bc2a2-6043-4148-8ca6-93a4008601f1,s3://enverus-courthouse-prod-chd-plants/nm/eog_lea/b14b/b14bc2a2-6043-4148-8ca6-93a4008601f1.pdf,d9bunrhhd6mg00bo2j00
b1937435-8f57-4f79-b55f-80bc8dbcf935,s3://enverus-courthouse-prod-chd-plants/tx/hartley/b193/b1937435-8f57-4f79-b55f-80bc8dbcf935.pdf,bmtje70ervn05ot4a180
b1adf73b-fd93-4e65-b7e0-ca007723efdb,s3://enverus-courthouse-prod-chd-plants/nm/eog_lea/b1ad/b1adf73b-fd93-4e65-b7e0-ca007723efdb.pdf,d9bue03delo000dva5ag
b1c1d4d7-dd82-4fa7-b216-529d12807fc9,s3://enverus-courthouse-prod-chd-plants/nm/eog_lea/b1c1/b1c1d4d7-dd82-4fa7-b216-529d12807fc9.pdf,d9bt58nak35000863a1g
b1e5c5fb-de40-4a0e-91f8-4146bddeb412,s3://enverus-courthouse-prod-chd-plants/tx/eog_cooke/b1e5/b1e5c5fb-de40-4a0e-91f8-4146bddeb412.pdf,d9bsnsi2oub000e10osg
b20cee54-639d-4a93-b4ba-0bb20ad802ac,s3://enverus-courthouse-prod-chd-plants/tx/eog_gonzales/b20c/b20cee54-639d-4a93-b4ba-0bb20ad802ac.pdf,d9bu1uhhd6mg00bn295g
b2152e87-b80c-46a2-8c42-574f97191cfc,s3://enverus-courthouse-prod-chd-plants/tx/houston/b215/b2152e87-b80c-46a2-8c42-574f97191cfc.pdf,d9bu76h5jqeg00e7p980
b21dde3a-cf2d-4144-8e15-112021308fca,s3://enverus-courthouse-prod-chd-plants/tx/eog_lasalle/b21d/b21dde3a-cf2d-4144-8e15-112021308fca.pdf,d9bthg7pfdig00faqthg
b2258acf-9816-4510-be03-d3947ef475bb,s3://enverus-courthouse-prod-chd-plants/tx/eog_lasalle/b225/b2258acf-9816-4510-be03-d3947ef475bb.pdf,d9btplp5jqeg00e76qqg
B2281B92-69E9-41A9-9A8D-2598966612FE,s3://enverus-courthouse-prod-chd-plants/tx/training_leon/B228/B2281B92-69E9-41A9-9A8D-2598966612FE.pdf,d9btdh030skg00d77ev0
b25c7da6-ba36-4fea-9adb-5dfde7536a72,s3://enverus-courthouse-prod-chd-plants/nm/chd_lea/b25c/b25c7da6-ba36-4fea-9adb-5dfde7536a72.pdf,d9bu759b0h1g00d16ue0
b2a26824-514d-4e7c-a496-5c07d9829c75,s3://enverus-courthouse-prod-chd-plants/tx/grimes/b2a2/b2a26824-514d-4e7c-a496-5c07d9829c75.pdf,d9bt9i059fgg00e1j76g
B2DCC4D0-0451-42A4-9160-7C27FD78CDDB,s3://enverus-courthouse-prod-chd-plants/tx/training_midland/B2DC/B2DCC4D0-0451-42A4-9160-7C27FD78CDDB.pdf,d9buptrrgi8g00bh34j0
b2ee5cb5-74e0-4dfd-b466-f44f2f294719,s3://enverus-courthouse-prod-chd-plants/nm/eog_lea/b2ee/b2ee5cb5-74e0-4dfd-b466-f44f2f294719.pdf,d9bst2fak3500085qm60
B2F775E4-EC11-4CA1-8E5C-38A9C43189B9,s3://enverus-courthouse-prod-chd-plants/tx/training_crockett/B2F7/B2F775E4-EC11-4CA1-8E5C-38A9C43189B9.pdf,d9bsq0nak3500085o5e0
b305c05c-ffba-4948-82e1-1455117ac35b,s3://enverus-courthouse-prod-chd-plants/tx/eog_gonzales/b305/b305c05c-ffba-4948-82e1-1455117ac35b.pdf,d9bsrou89gsg00ff9fsg
b317c27c-f491-44b4-985f-faa1a0e50f72,s3://enverus-courthouse-prod-chd-plants/nm/eog_lea/b317/b317c27c-f491-44b4-985f-faa1a0e50f72.pdf,d9btp94hn77000fadao0
b328b02b-9893-4548-af57-07b983e75e86,s3://enverus-courthouse-prod-chd-plants/tx/eog_gonzales/b328/b328b02b-9893-4548-af57-07b983e75e86.pdf,d9bum741kr4g008fcj40
B355D713-3A12-4BA7-B3E8-0E35141E6C0F,s3://enverus-courthouse-prod-chd-plants/tx/training_winkler/B355/B355D713-3A12-4BA7-B3E8-0E35141E6C0F.pdf,d9buj7059fgg00e3bd1g
b36ce256-51d9-4f7a-9b8a-bd07931ec7fe,s3://enverus-courthouse-prod-chd-plants/nm/eog_lea/b36c/b36ce256-51d9-4f7a-9b8a-bd07931ec7fe.pdf,d9bts241kr4g008e6ic0
B4103723-67D9-47D0-9FF9-FDAA68A1143D,s3://enverus-courthouse-prod-chd-plants/tx/training_burleson/B410/B4103723-67D9-47D0-9FF9-FDAA68A1143D.pdf,d9bu6bjte9l000f8m6k0
b41c5252-e674-4947-bcf7-9b940aedc7ca,s3://enverus-courthouse-prod-chd-plants/pa/columbia/b41c/b41c5252-e674-4947-bcf7-9b940aedc7ca.pdf,d9bt4qcflnl000dj7bvg
b44e9226-026f-4131-995c-9687255a697b,s3://enverus-courthouse-prod-chd-plants/ok/major/b44e/b44e9226-026f-4131-995c-9687255a697b.pdf,btqdrf71rnt000epnms0
B46D9B7E-DF0F-452F-96C1-5219DC922E39,s3://enverus-courthouse-prod-chd-plants/tx/training_midland/B46D/B46D9B7E-DF0F-452F-96C1-5219DC922E39.pdf,d9bu76rs7m5g0089a4s0
b49ed952-d976-4d04-8d0b-b4fcbc22aa9b,s3://enverus-courthouse-prod-chd-plants/tx/hood/b49e/b49ed952-d976-4d04-8d0b-b4fcbc22aa9b.pdf,d9bsrdjrgi8g00behabg
B4B713B0-4A02-4B26-B3C4-08BE44C01A6D,s3://enverus-courthouse-prod-chd-plants/tx/training_lasalle/B4B7/B4B713B0-4A02-4B26-B3C4-08BE44C01A6D.pdf,d9bu6g3te9l000f8mheg
b4dc118e-e0f6-4414-8cfe-7c8f6257d58e,s3://enverus-courthouse-prod-chd-plants/nm/eog_lea/b4dc/b4dc118e-e0f6-4414-8cfe-7c8f6257d58e.pdf,d9bt7ra2oub000e1gfcg
B4F70F02-2E69-471C-A563-6FC330D8F7B9,s3://enverus-courthouse-prod-chd-plants/tx/training_midland/B4F7/B4F70F02-2E69-471C-A563-6FC330D8F7B9.pdf,d9bum61hd6mg00bnvnvg
B506D3C5-15FB-442E-906A-E197F18153ED,s3://enverus-courthouse-prod-chd-plants/tx/training_crockett/B506/B506D3C5-15FB-442E-906A-E197F18153ED.pdf,d9bu969d6jhg00846ovg
B51E7EFF-F362-4CEF-9430-43DE85C21585,s3://enverus-courthouse-prod-chd-plants/tx/training_burleson/B51E/B51E7EFF-F362-4CEF-9430-43DE85C21585.pdf,d9btv8sflnl000dk7ig0
b52d6d80-3d8d-4471-8cc9-410af8c4f9c2,s3://enverus-courthouse-prod-chd-plants/nm/eog_lea/b52d/b52d6d80-3d8d-4471-8cc9-410af8c4f9c2.pdf,d9bu9gj6g7ig0080e8m0
b53cc52f-087b-4dab-a4eb-9813e9e5ce5d,s3://enverus-courthouse-prod-chd-plants/tx/eog_atascosa/b53c/b53cc52f-087b-4dab-a4eb-9813e9e5ce5d.pdf,d9buom31f5dg00bf7hng
B54F1EF8-588A-4B3C-9452-B56090154D51,s3://enverus-courthouse-prod-chd-plants/tx/training_crockett/B54F/B54F1EF8-588A-4B3C-9452-B56090154D51.pdf,d9buognpfcq000fgu1c0
b5594c30-9e82-47a8-a6fb-eb01c98b34a8,s3://enverus-courthouse-prod-chd-plants/tx/eog_karnes/b559/b5594c30-9e82-47a8-a6fb-eb01c98b34a8.pdf,d9bu5cm89gsg00fgret0
b574c697-74af-4230-8658-25183ba71404,s3://enverus-courthouse-prod-chd-plants/tx/eog_karnes/b574/b574c697-74af-4230-8658-25183ba71404.pdf,d9buj07ak3500087v5j0
b581c934-31a4-4cfe-b519-321921a905a1,s3://enverus-courthouse-prod-chd-plants/tx/nueces/b581/b581c934-31a4-4cfe-b519-321921a905a1.pdf,d9btqovr761000dfj51g
b5b2bf14-ff8a-4a8f-bf3d-7c9b85236aae,s3://enverus-courthouse-prod-chd-plants/tx/eog_cooke/b5b2/b5b2bf14-ff8a-4a8f-bf3d-7c9b85236aae.pdf,d9bupjfpfcq000fgvfbg
B5F8F4FB-E051-410D-B611-2102DDCBC89D,s3://enverus-courthouse-prod-chd-plants/tx/training_andrews/B5F8/B5F8F4FB-E051-410D-B611-2102DDCBC89D.pdf,d9buqspb0h1g00d24e00
b5ff0872-b73b-4e5c-865f-9c94d06cb18f,s3://enverus-courthouse-prod-chd-plants/tx/eog_gonzales/b5ff/b5ff0872-b73b-4e5c-865f-9c94d06cb18f.pdf,d9bugu859fgg00e37umg
B614AA6D-161C-4C7A-9566-6E3827DCED85,s3://enverus-courthouse-prod-chd-plants/tx/training_crockett/B614/B614AA6D-161C-4C7A-9566-6E3827DCED85.pdf,d9btkfvak3500086ku60
b645501a-9b48-419a-876b-18f4f9428183,s3://enverus-courthouse-prod-chd-plants/tx/eog_mcmullen/b645/b645501a-9b48-419a-876b-18f4f9428183.pdf,d9btj0o30skg00d7dtmg
b6490d88-f803-4457-8f59-e788a3fc3728,s3://enverus-courthouse-prod-chd-plants/tx/eog_atascosa/b649/b6490d88-f803-4457-8f59-e788a3fc3728.pdf,d9buev19ha2000c7hi10
b6659ba2-a7f3-4775-ada3-c3635a318b0a,s3://enverus-courthouse-prod-chd-plants/nm/chd_lea/b665/b6659ba2-a7f3-4775-ada3-c3635a318b0a.pdf,d9bu1eo59fgg00e2h030
b68141af-f4e3-4c72-8308-085f530d813c,s3://enverus-courthouse-prod-chd-plants/nm/eog_lea/b681/b68141af-f4e3-4c72-8308-085f530d813c.pdf,d9btqp31f5dg00bds8i0
b68ad7c8-8cd1-4ba7-8727-349717dcdf07,s3://enverus-courthouse-prod-chd-plants/tx/houston/b68a/b68ad7c8-8cd1-4ba7-8727-349717dcdf07.pdf,d9bu9knr761000dg85b0
b68e053f-1f13-4621-8d5a-c3e30901208b,s3://enverus-courthouse-prod-chd-plants/tx/eog_cooke/b68e/b68e053f-1f13-4621-8d5a-c3e30901208b.pdf,d9bsppfr761000dedv00
b6d98474-c134-4188-8847-1815ed4afd53,s3://enverus-courthouse-prod-chd-plants/tx/eog_karnes/b6d9/b6d98474-c134-4188-8847-1815ed4afd53.pdf,d9btrm99ha2000c6ljj0
b71808a1-6a01-11ec-8944-00505681224b,s3://enverus-courthouse-prod-chd-plants/ok/garfield/b718/b71808a1-6a01-11ec-8944-00505681224b.pdf,d9bsum1kf4s000f5sq4g
b718f2e7-6a01-11ec-83ca-00505681224b,s3://enverus-courthouse-prod-chd-plants/ok/garfield/b718/b718f2e7-6a01-11ec-83ca-00505681224b.pdf,d9btvf1kf4s000f73u00
b7389867-e06b-451a-bdc3-37ee009906f7,s3://enverus-courthouse-prod-chd-plants/tx/eog_gonzales/b738/b7389867-e06b-451a-bdc3-37ee009906f7.pdf,d9btplfpfdig00fb5lq0
b74969cd-fafb-47e6-8bfa-d7a62608184e,s3://enverus-courthouse-prod-chd-plants/tx/eog_cooke/b749/b74969cd-fafb-47e6-8bfa-d7a62608184e.pdf,d9buftkhn77000fbdrn0
b74c2cd8-1c20-4473-8cf2-cf1b54f58156,s3://enverus-courthouse-prod-chd-plants/tx/houston/b74c/b74c2cd8-1c20-4473-8cf2-cf1b54f58156.pdf,d9bthbvpfdig00faqjng
b75cd8e7-d219-4e27-8a3d-473154d6035a,s3://enverus-courthouse-prod-chd-plants/tx/houston/b75c/b75cd8e7-d219-4e27-8a3d-473154d6035a.pdf,d9bu8j7pfdig00fbqmh0
b784ebda-592d-4edd-9d7f-095dd60c649e,s3://enverus-courthouse-prod-chd-plants/tx/eog_karnes/b784/b784ebda-592d-4edd-9d7f-095dd60c649e.pdf,d9buqillksng008g4g6g
b78b5dc9-ceca-46ea-ba85-9a013e1f3ace,s3://enverus-courthouse-prod-chd-plants/tx/eog_gonzales/b78b/b78b5dc9-ceca-46ea-ba85-9a013e1f3ace.pdf,d9budhbrgi8g00bgg8m0
B79DA8C8-2A7F-41CE-84C1-9C1341F173F6,s3://enverus-courthouse-prod-chd-plants/tx/training_winkler/B79D/B79DA8C8-2A7F-41CE-84C1-9C1341F173F6.pdf,d9bu0pvak35000874vig
B79F3E31-826F-4B80-AC66-5DFDBD5B4F07,s3://enverus-courthouse-prod-chd-plants/tx/training_crockett/B79F/B79F3E31-826F-4B80-AC66-5DFDBD5B4F07.pdf,d9bu2kcogvn0009b9do0
b7c22525-fd6a-4ff0-b5dc-cfdc9732bb6b,s3://enverus-courthouse-prod-chd-plants/tx/eog_gonzales/b7c2/b7c22525-fd6a-4ff0-b5dc-cfdc9732bb6b.pdf,d9bt1vfpfdig00fa98ig
b7c70b5f-99dd-294e-960f-cb8bedd62bdd,s3://enverus-courthouse-prod-chd-plants/tx/burleson/b7c7/b7c70b5f-99dd-294e-960f-cb8bedd62bdd.pdf,d9buld4ogvn0009c5fjg
b7c8b4d4-6d80-4347-8035-ee8552f42e18,s3://enverus-courthouse-prod-chd-plants/tx/eog_cooke/b7c8/b7c8b4d4-6d80-4347-8035-ee8552f42e18.pdf,d9bunj689gsg00fhm8qg
b80c799d-a388-4736-a630-c2f32510e0f9,s3://enverus-courthouse-prod-chd-plants/tx/eog_gonzales/b80c/b80c799d-a388-4736-a630-c2f32510e0f9.pdf,d9btk222oub000e1unr0
b87a38a7-24ed-4955-b722-774027e9ddb7,s3://enverus-courthouse-prod-chd-plants/nm/eog_lea/b87a/b87a38a7-24ed-4955-b722-774027e9ddb7.pdf,d9btel4hn77000fa07rg
b88353e0-74e8-405a-9c18-53cf86b3adff,s3://enverus-courthouse-prod-chd-plants/nm/eog_lea/b883/b88353e0-74e8-405a-9c18-53cf86b3adff.pdf,d9bso3jdd4a000d42rdg
b8a08480-4936-4677-8338-70552d93dfc0,s3://enverus-courthouse-prod-chd-plants/tx/eog_atascosa/b8a0/b8a08480-4936-4677-8338-70552d93dfc0.pdf,d9bsrj36g7ig00fulfg0
b8b5e520-b16e-46d5-b736-6d3f21da9fe5,s3://enverus-courthouse-prod-chd-plants/tx/eog_cooke/b8b5/b8b5e520-b16e-46d5-b736-6d3f21da9fe5.pdf,d9bsr58isvug00fsca70
b8fdedb3-62e3-4b9c-a63c-54801049f753,s3://enverus-courthouse-prod-chd-plants/tx/eog_lasalle/b8fd/b8fdedb3-62e3-4b9c-a63c-54801049f753.pdf,d9bt1po59fgg00e1a4r0
b923327d-e28d-4838-93e9-f082b4a3a271,s3://enverus-courthouse-prod-chd-plants/tx/houston/b923/b923327d-e28d-4838-93e9-f082b4a3a271.pdf,d9bt81h5jqeg00e6hb6g
b9496ec5-db03-4afa-af23-529d64b619fa,s3://enverus-courthouse-prod-chd-plants/tx/eog_gonzales/b949/b9496ec5-db03-4afa-af23-529d64b619fa.pdf,d9bt3du89gsg00ffggqg
b98f277a-233f-4b19-99e3-e3899419c7f2,s3://enverus-courthouse-prod-chd-plants/tx/houston/b98f/b98f277a-233f-4b19-99e3-e3899419c7f2.pdf,d9btu7jk4o9000895qog
b99d4cad-9ca8-4389-9268-6cb57376e853,s3://enverus-courthouse-prod-chd-plants/tx/hardeman/b99d/b99d4cad-9ca8-4389-9268-6cb57376e853.pdf,bdgqp46s7b9g1m6r171g
b99e57c9-493e-455f-a2fc-aefec194e285,s3://enverus-courthouse-prod-chd-plants/tx/eog_karnes/b99e/b99e57c9-493e-455f-a2fc-aefec194e285.pdf,d9bttgk1kr4g008e8ji0
b99e6f5b-322b-45a8-bf51-d66e73f06a58,s3://enverus-courthouse-prod-chd-plants/tx/eog_gonzales/b99e/b99e6f5b-322b-45a8-bf51-d66e73f06a58.pdf,d9btamfak35000868t1g
b9ace9e4-4e9c-4b38-80c0-4d6a3ddb0b87,s3://enverus-courthouse-prod-chd-plants/tx/eog_cooke/b9ac/b9ace9e4-4e9c-4b38-80c0-4d6a3ddb0b87.pdf,d9bu1i3delo000dunh70
B9C1E271-A2AC-4A37-BBFF-BDE971F2A40C,s3://enverus-courthouse-prod-chd-plants/tx/training_crockett/B9C1/B9C1E271-A2AC-4A37-BBFF-BDE971F2A40C.pdf,d9btlbq2oub000e20eqg
b9cd0792-36ba-4b8e-ad1a-cb61d2fbbc6a,s3://enverus-courthouse-prod-chd-plants/tx/eog_cooke/b9cd/b9cd0792-36ba-4b8e-ad1a-cb61d2fbbc6a.pdf,d9bst9fr2ffg00dv3050
b9e737ab-2fb0-44ca-abb9-043f846079c2,s3://enverus-courthouse-prod-chd-plants/nm/chd_lea/b9e7/b9e737ab-2fb0-44ca-abb9-043f846079c2.pdf,d9bu8hcflnl000dklfkg
ba0019e0-144b-4d84-b7ff-85424eb0a199,s3://enverus-courthouse-prod-chd-plants/nm/chd_lea/ba00/ba0019e0-144b-4d84-b7ff-85424eb0a199.pdf,d9bt5a15jqeg00e6eiug
ba493626-82b1-4585-b971-9ec85165dfc3,s3://enverus-courthouse-prod-chd-plants/tx/eog_karnes/ba49/ba493626-82b1-4585-b971-9ec85165dfc3.pdf,d9bunorrgi8g00bh01qg
ba597eb4-d0d6-430b-b749-474ff77c8a2b,s3://enverus-courthouse-prod-chd-plants/nm/eog_lea/ba59/ba597eb4-d0d6-430b-b749-474ff77c8a2b.pdf,d9bsr7j1f5dg00bcnrhg
ba68975a-147c-4a3f-a811-27e67cd532f0,s3://enverus-courthouse-prod-chd-plants/tx/eog_lasalle/ba68/ba68975a-147c-4a3f-a811-27e67cd532f0.pdf,d9bui90isvug00fuj0mg
ba6ab1bc-5b05-45e5-98a4-22f86f11e3ae,s3://enverus-courthouse-prod-chd-plants/tx/eog_lasalle/ba6a/ba6ab1bc-5b05-45e5-98a4-22f86f11e3ae.pdf,d9bspqb1f5dg00bcn3pg
ba77da88-3695-11ea-96d1-00505681224b,s3://enverus-courthouse-prod-chd-plants/nm/eog_lea/ba77/ba77da88-3695-11ea-96d1-00505681224b.pdf,d9bto79d6jhg0083ff0g
ba83c7e2-e470-4753-9178-e54f76c87463,s3://enverus-courthouse-prod-chd-plants/nm/eog_lea/ba83/ba83c7e2-e470-4753-9178-e54f76c87463.pdf,d9bunda2oub000e3h7k0
bab391e1-a04c-4231-af1e-e1cf75e03999,s3://enverus-courthouse-prod-chd-plants/nm/eog_lea/bab3/bab391e1-a04c-4231-af1e-e1cf75e03999.pdf,d9bu65fak3500087cgeg
bac25400-2857-43f1-a3b1-38b0f737f917,s3://enverus-courthouse-prod-chd-plants/nm/eog_lea/bac2/bac25400-2857-43f1-a3b1-38b0f737f917.pdf,d9bssvhhd6mg00blm2fg
bac70e7e-d05e-4391-a6f1-64530752e714,s3://enverus-courthouse-prod-chd-plants/tx/eog_lasalle/bac7/bac70e7e-d05e-4391-a6f1-64530752e714.pdf,d9bteo030skg00d78sq0
bada6d46-ae9a-4541-b112-a94b933f1714,s3://enverus-courthouse-prod-chd-plants/nm/chd_lea/bada/bada6d46-ae9a-4541-b112-a94b933f1714.pdf,d9bug3fpfdig00fc5m60
baea8374-f4b4-4cc7-a1f2-812997df0403,s3://enverus-courthouse-prod-chd-plants/nm/eog_lea/baea/baea8374-f4b4-4cc7-a1f2-812997df0403.pdf,d9bt5ba2oub000e1ea30
baec9316-893e-4fa8-8e3c-60c40b4b6fe1,s3://enverus-courthouse-prod-chd-plants/nm/chd_lea/baec/baec9316-893e-4fa8-8e3c-60c40b4b6fe1.pdf,d9bulc3k4o90008a83h0
bb08062e-9ced-46b6-b264-878cf946f3d4,s3://enverus-courthouse-prod-chd-plants/nm/eog_lea/bb08/bb08062e-9ced-46b6-b264-878cf946f3d4.pdf,d9bstbpkf4s000f5s5mg
bb1192de-9849-4c9a-8824-5599a7d0c003,s3://enverus-courthouse-prod-chd-plants/tx/eog_mcmullen/bb11/bb1192de-9849-4c9a-8824-5599a7d0c003.pdf,d9bto61d6jhg0083fc1g
bb21e0c6-cfd7-476a-a0c1-fffcb4ec927f,s3://enverus-courthouse-prod-chd-plants/tx/eog_cooke/bb21/bb21e0c6-cfd7-476a-a0c1-fffcb4ec927f.pdf,d9bucipd6jhg0084c9b0
bb436d2d-5bd3-424b-81b7-4b137b56634b,s3://enverus-courthouse-prod-chd-plants/tx/eog_gonzales/bb43/bb436d2d-5bd3-424b-81b7-4b137b56634b.pdf,d9btvscflnl000dk9230
bb6c43d5-709a-4c7a-aaeb-f9ecce672e2a,s3://enverus-courthouse-prod-chd-plants/la/union/bb6c/bb6c43d5-709a-4c7a-aaeb-f9ecce672e2a.pdf,d9buqk41kr4g008fj0mg
bb73523f-bd44-4d37-b163-b25917bf325b,s3://enverus-courthouse-prod-chd-plants/tx/eog_lasalle/bb73/bb73523f-bd44-4d37-b163-b25917bf325b.pdf,d9bsui689gsg00ffbfvg
bb896771-16b0-4e58-b002-92b753f9ee08,s3://enverus-courthouse-prod-chd-plants/tx/eog_cooke/bb89/bb896771-16b0-4e58-b002-92b753f9ee08.pdf,d9buj6kogvn0009c20t0
bb946d4d-f392-4a9e-8f25-ca00cfeb0b2d,s3://enverus-courthouse-prod-chd-plants/tx/eog_gonzales/bb94/bb946d4d-f392-4a9e-8f25-ca00cfeb0b2d.pdf,d9bt2d3delo000dthvag
bc16112b-b49f-4f9c-b1fe-2bc3f6ea8f9a,s3://enverus-courthouse-prod-chd-plants/tx/eog_atascosa/bc16/bc16112b-b49f-4f9c-b1fe-2bc3f6ea8f9a.pdf,d9bt9gbk4o900088cn20
bc54bd9c-9cfc-4818-8df7-0f990124070f,s3://enverus-courthouse-prod-chd-plants/tx/eog_atascosa/bc54/bc54bd9c-9cfc-4818-8df7-0f990124070f.pdf,d9bu32vpfcq000ffueh0
bc5b159c-9f5c-4e52-b32b-538d4eeed267,s3://enverus-courthouse-prod-chd-plants/tx/houston/bc5b/bc5b159c-9f5c-4e52-b32b-538d4eeed267.pdf,d9btbuhkf4s000f6b7vg
BC6080F5-40A5-4BB6-9161-F05FB195FD6F,s3://enverus-courthouse-prod-chd-plants/tx/training_reeves/BC60/BC6080F5-40A5-4BB6-9161-F05FB195FD6F.pdf,d9btltcogvn0009aouu0
bc60bcdf-c9ec-4a38-9b3d-b3a06bdfd984,s3://enverus-courthouse-prod-chd-plants/tx/eog_cooke/bc60/bc60bcdf-c9ec-4a38-9b3d-b3a06bdfd984.pdf,d9btg6b1f5dg00bden50
bc7de823-a0c9-4554-8b1b-a8bf921f1876,s3://enverus-courthouse-prod-chd-plants/tx/eog_atascosa/bc7d/bc7de823-a0c9-4554-8b1b-a8bf921f1876.pdf,d9bucauicpjg00dcu3kg
bc80807d-9828-4c4c-9527-bb8fa8ae21c3,s3://enverus-courthouse-prod-chd-plants/nm/eog_lea/bc80/bc80807d-9828-4c4c-9527-bb8fa8ae21c3.pdf,d9bt3ibs7m5g0087ssqg
BC826BC0-F06C-47A5-930E-652EA3EE5195,s3://enverus-courthouse-prod-chd-plants/tx/training_howard/BC82/BC826BC0-F06C-47A5-930E-652EA3EE5195.pdf,d9bul89kf4s000f844bg
bcb79480-6660-4393-be82-b989370763a2,s3://enverus-courthouse-prod-chd-plants/nm/eog_lea/bcb7/bcb79480-6660-4393-be82-b989370763a2.pdf,d9buai1kf4s000f7ke6g
bcb8f48e-1ebc-4947-aea2-26607e881e91,s3://enverus-courthouse-prod-chd-plants/tx/eog_gonzales/bcb8/bcb8f48e-1ebc-4947-aea2-26607e881e91.pdf,d9buajvpfdig00fbtldg
BCC7C6A3-73B8-4FFE-8891-96F1C304AC4F,s3://enverus-courthouse-prod-chd-plants/tx/training_reeves/BCC7/BCC7C6A3-73B8-4FFE-8891-96F1C304AC4F.pdf,d9btqdrk4o9000890tmg
bcd9e78e-e78a-460b-874b-3d84b4105df2,s3://enverus-courthouse-prod-chd-plants/tx/eog_gonzales/bcd9/bcd9e78e-e78a-460b-874b-3d84b4105df2.pdf,d9bt3fs1kr4g008d8r4g
bceaafc7-0008-4d4b-88fc-06aac0d738f7,s3://enverus-courthouse-prod-chd-plants/tx/eog_atascosa/bcea/bceaafc7-0008-4d4b-88fc-06aac0d738f7.pdf,d9btogfpfdig00fb497g
bd0f3013-c456-4c9e-bc06-74e508cddbb0,s3://enverus-courthouse-prod-chd-plants/nm/eog_lea/bd0f/bd0f3013-c456-4c9e-bc06-74e508cddbb0.pdf,d9bu4shhd6mg00bn60b0
bd1663a5-05ff-44b9-a2bc-3534d3106e22,s3://enverus-courthouse-prod-chd-plants/tx/eog_karnes/bd16/bd1663a5-05ff-44b9-a2bc-3534d3106e22.pdf,d9bu84rrgi8g00bg87og
bd288e33-06ac-428f-8f97-5582dcc02f93,s3://enverus-courthouse-prod-chd-plants/nm/chd_lea/bd28/bd288e33-06ac-428f-8f97-5582dcc02f93.pdf,d9bugsg30skg00d8n9hg
bd30562b-c9ca-4be6-b798-458c92cf7611,s3://enverus-courthouse-prod-chd-plants/tx/walker/bd30/bd30562b-c9ca-4be6-b798-458c92cf7611.pdf,d9bts46icpjg00dc70k0
BD75BD45-6040-49FB-99A9-8DEF187DDA61,s3://enverus-courthouse-prod-chd-plants/tx/training_midland/BD75/BD75BD45-6040-49FB-99A9-8DEF187DDA61.pdf,d9bttfgisvug00ftknig
bdade700-c22a-460f-850b-6ad5a67c5030,s3://enverus-courthouse-prod-chd-plants/nm/eog_lea/bdad/bdade700-c22a-460f-850b-6ad5a67c5030.pdf,d9bulma2oub000e3eu1g
bdb6dc80-ad28-44c0-a771-aac69ff7163c,s3://enverus-courthouse-prod-chd-plants/nm/chd_lea/bdb6/bdb6dc80-ad28-44c0-a771-aac69ff7163c.pdf,d9bsuuvr2ffg00dv4cg0
bdf09c15-115e-4e53-9783-459157876a67,s3://enverus-courthouse-prod-chd-plants/nm/chd_lea/bdf0/bdf09c15-115e-4e53-9783-459157876a67.pdf,d9bt7pvpfcq000ferf30
bdf4bab0-8568-4f9e-bacc-b25b48fc859d,s3://enverus-courthouse-prod-chd-plants/nm/eog_lea/bdf4/bdf4bab0-8568-4f9e-bacc-b25b48fc859d.pdf,d9buolkflnl000dldc0g
bdfc5f6e-d7d5-469d-bdd3-378dd8c9b0cc,s3://enverus-courthouse-prod-chd-plants/nm/chd_lea/bdfc/bdfc5f6e-d7d5-469d-bdd3-378dd8c9b0cc.pdf,d9bu2seicpjg00dcg7k0
BE257035-4E01-4F3C-AA70-AE210EA37709,s3://enverus-courthouse-prod-chd-plants/tx/training_reeves/BE25/BE257035-4E01-4F3C-AA70-AE210EA37709.pdf,d9bub99hd6mg00bnfjag
be33ac8b-69b5-4aa3-9ce7-4e97085fed30,s3://enverus-courthouse-prod-chd-plants/tx/eog_karnes/be33/be33ac8b-69b5-4aa3-9ce7-4e97085fed30.pdf,d9btc47ak3500086aof0
be4ca7db-80fd-4a9d-83af-9df3513c7882,s3://enverus-courthouse-prod-chd-plants/nm/eog_lea/be4c/be4ca7db-80fd-4a9d-83af-9df3513c7882.pdf,d9btt1o30skg00d7qec0
be7f3f53-357d-481e-b20b-9546429699b3,s3://enverus-courthouse-prod-chd-plants/tx/eog_karnes/be7f/be7f3f53-357d-481e-b20b-9546429699b3.pdf,d9btb5sogvn0009ac060
bea1c777-07a0-4ccb-9e24-4eac69e85a79,s3://enverus-courthouse-prod-chd-plants/tx/potter/bea1/bea1c777-07a0-4ccb-9e24-4eac69e85a79.pdf,c3p1km92rh1g009ccfvg
bea8dda6-c650-4de8-929e-4d311f8803e1,s3://enverus-courthouse-prod-chd-plants/tx/hood/bea8/bea8dda6-c650-4de8-929e-4d311f8803e1.pdf,d9bur2nr761000dh20r0
beb4b9ad-0987-4c21-83e9-9b0a640586a2,s3://enverus-courthouse-prod-chd-plants/tx/eog_karnes/beb4/beb4b9ad-0987-4c21-83e9-9b0a640586a2.pdf,d9bsnor6g7ig00fuho0g
bebe4ec3-85d3-4da0-8c8d-ffa92bbd3fe0,s3://enverus-courthouse-prod-chd-plants/tx/eog_atascosa/bebe/bebe4ec3-85d3-4da0-8c8d-ffa92bbd3fe0.pdf,d9btlerk4o900088qo10
bf055cd7-2b09-41e3-b98d-db7e1564ac4c,s3://enverus-courthouse-prod-chd-plants/tx/eog_mcmullen/bf05/bf055cd7-2b09-41e3-b98d-db7e1564ac4c.pdf,d9bubdh5jqeg00e7vlug
bf06f57c-8ca7-4e99-9178-ab40bb722ec1,s3://enverus-courthouse-prod-chd-plants/tx/eog_atascosa/bf06/bf06f57c-8ca7-4e99-9178-ab40bb722ec1.pdf,d9bujf95jqeg00e8blfg
bf3e6a97-9a2c-48c4-abfe-c585b68141b4,s3://enverus-courthouse-prod-chd-plants/tx/eog_cooke/bf3e/bf3e6a97-9a2c-48c4-abfe-c585b68141b4.pdf,d9bubrfpfcq000fgbkeg
bf404531-6c3b-40e0-8481-d25863fdaf48,s3://enverus-courthouse-prod-chd-plants/nm/chd_lea/bf40/bf404531-6c3b-40e0-8481-d25863fdaf48.pdf,d9bsravpfdig00fa2do0
bf499aa7-58e9-4773-9f82-75ba039919d5,s3://enverus-courthouse-prod-chd-plants/tx/eog_karnes/bf49/bf499aa7-58e9-4773-9f82-75ba039919d5.pdf,d9bupmchn77000fbsgug
bf4c75f9-d2f7-438e-a68d-1efb81feddd4,s3://enverus-courthouse-prod-chd-plants/tx/eog_mcmullen/bf4c/bf4c75f9-d2f7-438e-a68d-1efb81feddd4.pdf,d9bts2fr761000dfkqk0
BFC9401D-6D2D-4B1C-A514-D91976C116E1,s3://enverus-courthouse-prod-chd-plants/tx/training_crockett/BFC9/BFC9401D-6D2D-4B1C-A514-D91976C116E1.pdf,d9bthlgisvug00ft5f4g
BFCADC51-7931-477A-9C9E-D5EC3C2A96A3,s3://enverus-courthouse-prod-chd-plants/tx/training_robertson/BFCA/BFCADC51-7931-477A-9C9E-D5EC3C2A96A3.pdf,d9btal1kf4s000f69m9g
bfd1f8f5-9319-441d-80e6-9555cd031e76,s3://enverus-courthouse-prod-chd-plants/nm/eog_lea/bfd1/bfd1f8f5-9319-441d-80e6-9555cd031e76.pdf,d9btccjrgi8g00bf412g
BFFB8A7E-857B-4794-AAA6-FC1518624C73,s3://enverus-courthouse-prod-chd-plants/tx/training_midland/BFFB/BFFB8A7E-857B-4794-AAA6-FC1518624C73.pdf,d9bull3rgi8g00bgss0g
c0068d2f-0052-4767-b71a-f52d5219c189,s3://enverus-courthouse-prod-chd-plants/tx/eog_karnes/c006/c0068d2f-0052-4767-b71a-f52d5219c189.pdf,d9buh215jqeg00e87t20
c05d0741-c05d-4d10-85fb-9a84ba111987,s3://enverus-courthouse-prod-chd-plants/tx/eog_atascosa/c05d/c05d0741-c05d-4d10-85fb-9a84ba111987.pdf,d9buka3rgi8g00bgqhmg
c06f2992-a046-44a6-a13e-b519e1482e27,s3://enverus-courthouse-prod-chd-plants/tx/eog_karnes/c06f/c06f2992-a046-44a6-a13e-b519e1482e27.pdf,d9bu0rpb0h1g00d0u6q0
c09d9032-e4c0-45e2-98fa-5298601dc214,s3://enverus-courthouse-prod-chd-plants/tx/eog_atascosa/c09d/c09d9032-e4c0-45e2-98fa-5298601dc214.pdf,d9bu9i9kf4s000f7iuog
c0c1b40b-28bc-4f4e-85a1-e310904314bf,s3://enverus-courthouse-prod-chd-plants/tx/eog_karnes/c0c1/c0c1b40b-28bc-4f4e-85a1-e310904314bf.pdf,d9btg4pkf4s000f6g4ng
c0e7066d-904b-8e4d-9eea-fe8cd9fcf243,s3://enverus-courthouse-prod-chd-plants/tx/andrews/c0e7/c0e7066d-904b-8e4d-9eea-fe8cd9fcf243.pdf,d9bubihb0h1g00d1dr20
c1071f06-6103-4c59-a949-ac22ef54b755,s3://enverus-courthouse-prod-chd-plants/tx/eog_karnes/c107/c1071f06-6103-4c59-a949-ac22ef54b755.pdf,d9btgk3delo000du1v9g
c1281850-65e5-45d9-829d-c35c6c6206ee,s3://enverus-courthouse-prod-chd-plants/nm/chd_lea/c128/c1281850-65e5-45d9-829d-c35c6c6206ee.pdf,d9btnsjrgi8g00bfhds0
c1b5139b-6060-46b4-ab30-1913fb776c70,s3://enverus-courthouse-prod-chd-plants/tx/eog_gonzales/c1b5/c1b5139b-6060-46b4-ab30-1913fb776c70.pdf,d9bue0fpfcq000fgeir0
c1c1338d-5527-4fde-985e-ff85357c034b,s3://enverus-courthouse-prod-chd-plants/tx/eog_atascosa/c1c1/c1c1338d-5527-4fde-985e-ff85357c034b.pdf,d9btpbjdd4a000d57ghg
c231fa1c-4be3-45d0-b222-ed9a76f01387,s3://enverus-courthouse-prod-chd-plants/tx/eog_lasalle/c231/c231fa1c-4be3-45d0-b222-ed9a76f01387.pdf,d9bu70vr2ffg00e0lq6g
c23c3bce-3c40-44db-a61d-39b7f14e34f3,s3://enverus-courthouse-prod-chd-plants/tx/eog_cooke/c23c/c23c3bce-3c40-44db-a61d-39b7f14e34f3.pdf,d9bt0r41kr4g008d6km0
c24cfbce-cee2-4381-b2e3-59a83f39211f,s3://enverus-courthouse-prod-chd-plants/tx/eog_karnes/c24c/c24cfbce-cee2-4381-b2e3-59a83f39211f.pdf,d9bukam89gsg00fhh970
c24d9080-e034-4377-8df4-8dd2c092a982,s3://enverus-courthouse-prod-chd-plants/nm/chd_lea/c24d/c24d9080-e034-4377-8df4-8dd2c092a982.pdf,d9bts00isvug00ftijcg
c29eac81-17ee-5443-bb26-e738c4c6b559,s3://enverus-courthouse-prod-chd-plants/nm/eddy/c29e/c29eac81-17ee-5443-bb26-e738c4c6b559.pdf,d9btf415jqeg00e6q0kg
c2d9b116-1fe4-4a48-acd8-9c2d509e983a,s3://enverus-courthouse-prod-chd-plants/tx/eog_gonzales/c2d9/c2d9b116-1fe4-4a48-acd8-9c2d509e983a.pdf,d9btaqk1kr4g008dh5k0
c2ef1322-0b9d-41c3-98cf-6ad349544122,s3://enverus-courthouse-prod-chd-plants/tx/eog_gonzales/c2ef/c2ef1322-0b9d-41c3-98cf-6ad349544122.pdf,d9bthr7pfdig00farop0
c35ed786-6b57-41c4-86a8-f3ceeaee43d3,s3://enverus-courthouse-prod-chd-plants/tx/eog_gonzales/c35e/c35ed786-6b57-41c4-86a8-f3ceeaee43d3.pdf,d9btpfvr761000dfhf5g
c3620b41-0b34-4d0a-b704-bb5c256e37b4,s3://enverus-courthouse-prod-chd-plants/tx/eog_cooke/c362/c3620b41-0b34-4d0a-b704-bb5c256e37b4.pdf,d9bu4u8isvug00ftuuk0
C365B7EF-B460-4710-A281-C7959090A93C,s3://enverus-courthouse-prod-chd-plants/tx/training_glasscock/C365/C365B7EF-B460-4710-A281-C7959090A93C.pdf,d9bugsb1f5dg00berj10
c371dd17-4991-4c1d-949a-82614ac631ce,s3://enverus-courthouse-prod-chd-plants/tx/houston/c371/c371dd17-4991-4c1d-949a-82614ac631ce.pdf,d9bt6hfak35000864cng
c38b3e69-c8c6-4118-ab88-aafecd800a60,s3://enverus-courthouse-prod-chd-plants/nm/chd_lea/c38b/c38b3e69-c8c6-4118-ab88-aafecd800a60.pdf,d9bu4tcflnl000dkfosg
c397d405-3e4b-42bc-a66a-78b1625b5c04,s3://enverus-courthouse-prod-chd-plants/tx/eog_atascosa/c397/c397d405-3e4b-42bc-a66a-78b1625b5c04.pdf,d9btg3p9ha2000c671p0
c3a1ad12-674f-4d0a-b1c6-6f6f86b3907e,s3://enverus-courthouse-prod-chd-plants/nm/chd_lea/c3a1/c3a1ad12-674f-4d0a-b1c6-6f6f86b3907e.pdf,d9bspc9kf4s000f5nchg
c3bf7e9b-9376-449e-a303-f20c5490e4ab,s3://enverus-courthouse-prod-chd-plants/tx/eog_cooke/c3bf/c3bf7e9b-9376-449e-a303-f20c5490e4ab.pdf,d9bt3pg59fgg00e1cpt0
C3D7170D-1C02-4983-A1E5-E36B1EDAAB0C,s3://enverus-courthouse-prod-chd-plants/tx/training_karnes/C3D7/C3D7170D-1C02-4983-A1E5-E36B1EDAAB0C.pdf,d9bunovpfcq000fgt6ag
c3ec624a-3ad7-470d-a12e-e53109e11eac,s3://enverus-courthouse-prod-chd-plants/tx/eog_atascosa/c3ec/c3ec624a-3ad7-470d-a12e-e53109e11eac.pdf,d9bt9ph9ha2000c60f70
c463debb-2188-4725-be4c-fff3fb7750b4,s3://enverus-courthouse-prod-chd-plants/tx/eog_cooke/c463/c463debb-2188-4725-be4c-fff3fb7750b4.pdf,d9bsv2jte9l000f75oug
c472d372-53ba-46b7-84fb-287ca6b16bd0,s3://enverus-courthouse-prod-chd-plants/tx/eog_karnes/c472/c472d372-53ba-46b7-84fb-287ca6b16bd0.pdf,d9bt3p830skg00d6sj00
c4b563e3-1b00-4bbf-832c-d246d34f3862,s3://enverus-courthouse-prod-chd-plants/tx/eog_cooke/c4b5/c4b563e3-1b00-4bbf-832c-d246d34f3862.pdf,d9buoib1f5dg00bf78p0
c540f08d-53c5-4ccf-b026-2981be25fd99,s3://enverus-courthouse-prod-chd-plants/nm/chd_lea/c540/c540f08d-53c5-4ccf-b026-2981be25fd99.pdf,d9btqsjte9l000f8671g
c5518b7d-82a4-4c7b-88a8-ea61b803e592,s3://enverus-courthouse-prod-chd-plants/tx/eog_karnes/c551/c5518b7d-82a4-4c7b-88a8-ea61b803e592.pdf,d9bu37c1kr4g008egq6g
c5891f08-da2a-4b72-a13b-7de415e840b3,s3://enverus-courthouse-prod-chd-plants/nm/eog_lea/c589/c5891f08-da2a-4b72-a13b-7de415e840b3.pdf,d9bu0cuicpjg00dccctg
c5cdbd8d-c482-4147-b29f-e1148f8a9d59,s3://enverus-courthouse-prod-chd-plants/nm/eog_lea/c5cd/c5cdbd8d-c482-4147-b29f-e1148f8a9d59.pdf,d9bum8hkf4s000f85qhg
c612da8a-1e85-7b42-9cc7-e0801a1156ce,s3://enverus-courthouse-prod-chd-plants/tx/andrews/c612/c612da8a-1e85-7b42-9cc7-e0801a1156ce.pdf,d9buj47r2ffg00e17sc0
c668b2d0-55bf-4545-8790-5fd274bbb51f,s3://enverus-courthouse-prod-chd-plants/tx/eog_karnes/c668/c668b2d0-55bf-4545-8790-5fd274bbb51f.pdf,d9btrokflnl000dk30a0
C6A9C47E-E898-46AB-9393-4861AD0D0847,s3://enverus-courthouse-prod-chd-plants/tx/training_johnson/C6A9/C6A9C47E-E898-46AB-9393-4861AD0D0847.pdf,d9bt4ruicpjg00dbakn0
c6b73548-0202-4895-bb92-5a3a89ee9437,s3://enverus-courthouse-prod-chd-plants/tx/houston/c6b7/c6b73548-0202-4895-bb92-5a3a89ee9437.pdf,d9bunr22oub000e3i4ug
c6be4680-ec04-4cd8-9ef0-7d361daaa903,s3://enverus-courthouse-prod-chd-plants/tx/houston/c6be/c6be4680-ec04-4cd8-9ef0-7d361daaa903.pdf,d9bu87bdd4a000d5sa50
c6d644f8-2361-44c5-a9bf-3f90a2590d02,s3://enverus-courthouse-prod-chd-plants/nm/eog_lea/c6d6/c6d644f8-2361-44c5-a9bf-3f90a2590d02.pdf,d9bugtnr761000dgigp0
c6e2af2e-8235-418e-964c-011058210b22,s3://enverus-courthouse-prod-chd-plants/nm/chd_lea/c6e2/c6e2af2e-8235-418e-964c-011058210b22.pdf,d9bst6r6g7ig00fun6cg
c6e3a08c-27b6-4948-b8b1-e663ac6cf6b8,s3://enverus-courthouse-prod-chd-plants/nm/eog_lea/c6e3/c6e3a08c-27b6-4948-b8b1-e663ac6cf6b8.pdf,d9buel030skg00d8jrl0
c7224702-4300-bd40-9c4b-5db070f8deb1,s3://enverus-courthouse-prod-chd-plants/tx/howard/c722/c7224702-4300-bd40-9c4b-5db070f8deb1.pdf,d9bt883k4o900088bg90
c72b529a-bab9-4f8c-84c3-7e9b7a18d05a,s3://enverus-courthouse-prod-chd-plants/tx/eog_cooke/c72b/c72b529a-bab9-4f8c-84c3-7e9b7a18d05a.pdf,d9btub7pfcq000ffn7vg
c7395e46-7217-4fe4-9b10-2f1ff8c99311,s3://enverus-courthouse-prod-chd-plants/tx/eog_mcmullen/c739/c7395e46-7217-4fe4-9b10-2f1ff8c99311.pdf,d9bt0dtlksng008dnhm0
c73f9d06-7dc1-48fc-9252-7a3327229257,s3://enverus-courthouse-prod-chd-plants/nm/eog_lea/c73f/c73f9d06-7dc1-48fc-9252-7a3327229257.pdf,d9btgmbrgi8g00bf96h0
c75b8e4f-f835-4d70-a10b-dceebf2de20a,s3://enverus-courthouse-prod-chd-plants/tx/eog_cooke/c75b/c75b8e4f-f835-4d70-a10b-dceebf2de20a.pdf,d9btugh5jqeg00e7cqog
c769725e-fac1-4971-a4b5-5a2a5273b20d,s3://enverus-courthouse-prod-chd-plants/tx/eog_cooke/c769/c769725e-fac1-4971-a4b5-5a2a5273b20d.pdf,d9btiubs7m5g0088ek50
C78BC5A7-FD79-4016-A8C4-96677C76BE2C,s3://enverus-courthouse-prod-chd-plants/tx/training_young/C78B/C78BC5A7-FD79-4016-A8C4-96677C76BE2C.pdf,d9bu9bfr761000dg7etg
c7ab095a-0406-40e0-ae80-b6477cb3e1b7,s3://enverus-courthouse-prod-chd-plants/tx/eog_cooke/c7ab/c7ab095a-0406-40e0-ae80-b6477cb3e1b7.pdf,d9bthhhhd6mg00bmcjcg
c7cddebf-6d50-4ebc-be24-4ff2b603842a,s3://enverus-courthouse-prod-chd-plants/nm/eog_lea/c7cd/c7cddebf-6d50-4ebc-be24-4ff2b603842a.pdf,d9bupi830skg00d9479g
c7eb56ba-f800-4554-8606-ee96e35f739f,s3://enverus-courthouse-prod-chd-plants/tx/hood/c7eb/c7eb56ba-f800-4554-8606-ee96e35f739f.pdf,d9bufvnak3500087qurg
c7fad4a0-10bd-4061-920b-034e5dfc522c,s3://enverus-courthouse-prod-chd-plants/nm/eog_lea/c7fa/c7fad4a0-10bd-4061-920b-034e5dfc522c.pdf,d9bui0hb0h1g00d1mv1g
c8065065-e3df-4fce-92e4-46c75b1074d4,s3://enverus-courthouse-prod-chd-plants/nm/eog_lea/c806/c8065065-e3df-4fce-92e4-46c75b1074d4.pdf,d9btb0o30skg00d74l7g
c806f35a-a6cf-43c6-a2db-c6a06017dea7,s3://enverus-courthouse-prod-chd-plants/nm/chd_lea/c806/c806f35a-a6cf-43c6-a2db-c6a06017dea7.pdf,d9btmq15jqeg00e72q7g
c87fe6f5-8c2a-4b3e-88ce-9d852b8161fe,s3://enverus-courthouse-prod-chd-plants/tx/eog_cooke/c87f/c87fe6f5-8c2a-4b3e-88ce-9d852b8161fe.pdf,d9bu6gh9ha2000c75d4g
c89ce35d-fe4d-44eb-b5f6-61f84a5afd21,s3://enverus-courthouse-prod-chd-plants/tx/eog_cooke/c89c/c89ce35d-fe4d-44eb-b5f6-61f84a5afd21.pdf,d9bu35vak35000878hkg
c8c18cba-cd33-49ea-87ab-06ff1279aea7,s3://enverus-courthouse-prod-chd-plants/tx/eog_cooke/c8c1/c8c18cba-cd33-49ea-87ab-06ff1279aea7.pdf,d9bspq1kf4s000f5odpg
C9079069-D9FB-409E-A6CD-8B254C184DC4,s3://enverus-courthouse-prod-chd-plants/tx/training_tyler/C907/C9079069-D9FB-409E-A6CD-8B254C184DC4.pdf,d9bsv69kf4s000f5tqb0
c940c964-0700-4f2f-8399-513079a11ed1,s3://enverus-courthouse-prod-chd-plants/tx/eog_cooke/c940/c940c964-0700-4f2f-8399-513079a11ed1.pdf,d9bu6i5lksng008f7bb0
c94ad4ee-de17-4101-9e27-79091f05bf84,s3://enverus-courthouse-prod-chd-plants/tx/eog_cooke/c94a/c94ad4ee-de17-4101-9e27-79091f05bf84.pdf,d9btek22oub000e1ocug
c9780a14-5597-42c8-a27b-2be64f448bfd,s3://enverus-courthouse-prod-chd-plants/tx/houston/c978/c9780a14-5597-42c8-a27b-2be64f448bfd.pdf,d9btp7c1kr4g008e2hng
c97a267d-400b-4643-939a-105b9df0912d,s3://enverus-courthouse-prod-chd-plants/tx/eog_atascosa/c97a/c97a267d-400b-4643-939a-105b9df0912d.pdf,d9buj2hb0h1g00d1oe00
c985ca3c-3a71-4ed5-876d-e6e855b3f990,s3://enverus-courthouse-prod-chd-plants/nm/eog_lea/c985/c985ca3c-3a71-4ed5-876d-e6e855b3f990.pdf,d9btlo41kr4g008duie0
c9d7aa4c-4d39-42ea-bd63-49e71a17f612,s3://enverus-courthouse-prod-chd-plants/nm/eog_lea/c9d7/c9d7aa4c-4d39-42ea-bd63-49e71a17f612.pdf,d9bucofpfdig00fc13k0
c9f408af-2df5-4e56-a850-6ca0fe69a4c9,s3://enverus-courthouse-prod-chd-plants/nm/chd_lea/c9f4/c9f408af-2df5-4e56-a850-6ca0fe69a4c9.pdf,d9btc5j6g7ig00fv76e0
ca5b87b0-097e-11ed-9f11-00505681224b,s3://enverus-courthouse-prod-chd-plants/nm/eog_lea/ca5b/ca5b87b0-097e-11ed-9f11-00505681224b.pdf,d9btn1j6g7ig00fvkjag
CAD8D6B0-5D5E-4268-90B1-7A96B989ACA7,s3://enverus-courthouse-prod-chd-plants/tx/training_crockett/CAD8/CAD8D6B0-5D5E-4268-90B1-7A96B989ACA7.pdf,d9btj56icpjg00dbrhvg
cad8ec0d-3d5a-4624-a5a8-93d8a655a19c,s3://enverus-courthouse-prod-chd-plants/tx/eog_atascosa/cad8/cad8ec0d-3d5a-4624-a5a8-93d8a655a19c.pdf,d9bst56icpjg00db36c0
cadc88f8-d255-4bf8-847d-78ceb010a126,s3://enverus-courthouse-prod-chd-plants/tx/eog_cooke/cadc/cadc88f8-d255-4bf8-847d-78ceb010a126.pdf,d9btpehb0h1g00d0k2l0
caee71c7-9a35-4f94-9c15-f96456d62dc0,s3://enverus-courthouse-prod-chd-plants/nm/eog_lea/caee/caee71c7-9a35-4f94-9c15-f96456d62dc0.pdf,d9bum5jk4o90008a97dg
cb00d6a2-34d9-4de3-be79-df9d735e0bdc,s3://enverus-courthouse-prod-chd-plants/nm/eog_lea/cb00/cb00d6a2-34d9-4de3-be79-df9d735e0bdc.pdf,d9buphfak35000888ufg
CB454E3D-BFA3-481D-8C16-440E2D81E49C,s3://enverus-courthouse-prod-chd-plants/tx/training_madison/CB45/CB454E3D-BFA3-481D-8C16-440E2D81E49C.pdf,d9bul91b0h1g00d1rt6g
cbaedd5b-b807-466f-b52b-d0c392ed09d5,s3://enverus-courthouse-prod-chd-plants/nm/eog_lea/cbae/cbaedd5b-b807-466f-b52b-d0c392ed09d5.pdf,d9bt2d9d6jhg0082mep0
cbb88491-9b03-4970-bb99-290d661b564a,s3://enverus-courthouse-prod-chd-plants/tx/eog_mcmullen/cbb8/cbb88491-9b03-4970-bb99-290d661b564a.pdf,d9bu531b0h1g00d140ag
cbe92322-c268-4cf0-86e2-faca18aa992c,s3://enverus-courthouse-prod-chd-plants/tx/eog_atascosa/cbe9/cbe92322-c268-4cf0-86e2-faca18aa992c.pdf,d9bumdsogvn0009c75ug
CC0B646E-0822-468F-9565-CED526C73E1F,s3://enverus-courthouse-prod-chd-plants/tx/training_midland/CC0B/CC0B646E-0822-468F-9565-CED526C73E1F.pdf,d9bunr9b0h1g00d20520
cc277bb4-fa66-11eb-a4d9-00505681224b,s3://enverus-courthouse-prod-chd-plants/wv/wetzel/cc27/cc277bb4-fa66-11eb-a4d9-00505681224b.pdf,d9bu6go59fgg00e2oteg
cc29dc2b-96da-4da9-9325-b365c1f64838,s3://enverus-courthouse-prod-chd-plants/tx/eog_gonzales/cc29/cc29dc2b-96da-4da9-9325-b365c1f64838.pdf,d9bu434flnl000dkev30
cc4fcbf5-3621-11ec-9b18-00505681224b,s3://enverus-courthouse-prod-chd-plants/ok/garfield/cc4f/cc4fcbf5-3621-11ec-9b18-00505681224b.pdf,d9btc5q2oub000e1lmk0
cc77b2bd-2020-46f0-9cac-3f72716b6486,s3://enverus-courthouse-prod-chd-plants/nd/mckenzie/cc77/cc77b2bd-2020-46f0-9cac-3f72716b6486.pdf,bo6npijc3dag56snsgu0
cc77d65a-f096-4085-8b83-331536b11c48,s3://enverus-courthouse-prod-chd-plants/tx/eog_cooke/cc77/cc77d65a-f096-4085-8b83-331536b11c48.pdf,d9bt244ogvn0009a1ldg
CCAD82EE-13A5-411B-A362-21E4C58102FD,s3://enverus-courthouse-prod-chd-plants/tx/training_andrews/CCAD/CCAD82EE-13A5-411B-A362-21E4C58102FD.pdf,d9btakr1f5dg00bd85gg
ccb17154-a1bc-4479-9ea8-506ec43321b3,s3://enverus-courthouse-prod-chd-plants/tx/eog_karnes/ccb1/ccb17154-a1bc-4479-9ea8-506ec43321b3.pdf,d9bt53c1kr4g008daqog
ccc09643-58f8-4d97-9691-2ccc68bd8a0f,s3://enverus-courthouse-prod-chd-plants/tx/crane/ccc0/ccc09643-58f8-4d97-9691-2ccc68bd8a0f.pdf,d9btggbdelo000du1log
ccdd7b13-f9cf-4966-9624-381732f91e94,s3://enverus-courthouse-prod-chd-plants/tx/eog_karnes/ccdd/ccdd7b13-f9cf-4966-9624-381732f91e94.pdf,d9btdb8isvug00ft061g
ccde3dfa-db2c-40b7-af4a-1ca4bb614fc5,s3://enverus-courthouse-prod-chd-plants/nm/chd_lea/ccde/ccde3dfa-db2c-40b7-af4a-1ca4bb614fc5.pdf,d9buenbrgi8g00bghudg
cd016110-4077-488e-910d-7d100f58aee2,s3://enverus-courthouse-prod-chd-plants/tx/eog_gonzales/cd01/cd016110-4077-488e-910d-7d100f58aee2.pdf,d9bt6f3dd4a000d4gnhg
cd18eaee-1a4a-4786-9535-52b4202bdc6e,s3://enverus-courthouse-prod-chd-plants/nm/eog_lea/cd18/cd18eaee-1a4a-4786-9535-52b4202bdc6e.pdf,d9bumabrgi8g00bgtmlg
CD493480-9E3B-443B-A8F4-BEC03C82A181,s3://enverus-courthouse-prod-chd-plants/tx/training_grimes/CD49/CD493480-9E3B-443B-A8F4-BEC03C82A181.pdf,d9btqekogvn0009au4t0
cd7437d1-75e0-4717-bc24-db5b7f082349,s3://enverus-courthouse-prod-chd-plants/nm/eog_lea/cd74/cd7437d1-75e0-4717-bc24-db5b7f082349.pdf,d9bun5npfcq000fgru10
cd810747-d223-4945-9764-08ce39098706,s3://enverus-courthouse-prod-chd-plants/tx/eog_atascosa/cd81/cd810747-d223-4945-9764-08ce39098706.pdf,d9bur0jdd4a000d6om10
cd811b77-6f19-49cf-a2fa-c2687e2ff65a,s3://enverus-courthouse-prod-chd-plants/nm/chd_lea/cd81/cd811b77-6f19-49cf-a2fa-c2687e2ff65a.pdf,d9btt7g30skg00d7qs5g
cd91cbdb-199f-406c-b2d1-844db763ec33,s3://enverus-courthouse-prod-chd-plants/tx/eog_cooke/cd91/cd91cbdb-199f-406c-b2d1-844db763ec33.pdf,d9btn4a2oub000e237dg
cdb43ac1-9626-47f3-94e7-1daf839a96ce,s3://enverus-courthouse-prod-chd-plants/tx/eog_cooke/cdb4/cdb43ac1-9626-47f3-94e7-1daf839a96ce.pdf,d9bto136g7ig00fvlf0g
cdb4e00e-8fd2-4493-bf52-19a1a5e37f82,s3://enverus-courthouse-prod-chd-plants/nm/eog_lea/cdb4/cdb4e00e-8fd2-4493-bf52-19a1a5e37f82.pdf,d9bsnvkflnl000dir890
ce0b2c7a-d79e-4fa8-a7c9-dd0201c46823,s3://enverus-courthouse-prod-chd-plants/nm/eog_lea/ce0b/ce0b2c7a-d79e-4fa8-a7c9-dd0201c46823.pdf,d9bspqkhn77000f9a1jg
ce2c240b-b4b5-417b-9f58-fab605c761e3,s3://enverus-courthouse-prod-chd-plants/tx/eog_karnes/ce2c/ce2c240b-b4b5-417b-9f58-fab605c761e3.pdf,d9bu2k3dd4a000d5jvt0
ce309ede-d1ea-46d1-8bb3-ff6e849ada73,s3://enverus-courthouse-prod-chd-plants/tx/eog_gonzales/ce30/ce309ede-d1ea-46d1-8bb3-ff6e849ada73.pdf,d9bspdkogvn00099oh40
ce377628-d053-485a-85ab-6a0a3d059ad3,s3://enverus-courthouse-prod-chd-plants/tx/eog_atascosa/ce37/ce377628-d053-485a-85ab-6a0a3d059ad3.pdf,d9btkjc1kr4g008dt790
ce4f2f84-1a4b-4fea-9974-1998de603be4,s3://enverus-courthouse-prod-chd-plants/tx/eog_atascosa/ce4f/ce4f2f84-1a4b-4fea-9974-1998de603be4.pdf,d9bu7k1d6jhg00844vlg
ce5680b3-4931-442c-82c4-02f2d940f2ed,s3://enverus-courthouse-prod-chd-plants/tx/eog_lasalle/ce56/ce5680b3-4931-442c-82c4-02f2d940f2ed.pdf,d9btsu3dd4a000d5brjg
ce579819-3c5e-45cb-a57c-b7caa2498da8,s3://enverus-courthouse-prod-chd-plants/tx/eog_cooke/ce57/ce579819-3c5e-45cb-a57c-b7caa2498da8.pdf,d9bt3qtlksng008drg1g
ce6bcccd-55a1-44e2-8737-4a172114acfd,s3://enverus-courthouse-prod-chd-plants/tx/eog_cooke/ce6b/ce6bcccd-55a1-44e2-8737-4a172114acfd.pdf,d9bu2jo30skg00d8294g
ce9753a5-59f2-408a-b742-d0e2ca56aff3,s3://enverus-courthouse-prod-chd-plants/tx/eog_cooke/ce97/ce9753a5-59f2-408a-b742-d0e2ca56aff3.pdf,d9bt8c7pfdig00fagrkg
ceb622e0-a417-4a11-b5ac-a3b97309b5a5,s3://enverus-courthouse-prod-chd-plants/nm/eog_lea/ceb6/ceb622e0-a417-4a11-b5ac-a3b97309b5a5.pdf,d9btkenr2ffg00dvsrdg
ced5c0f6-d053-4fe4-8ac2-83718a758a1f,s3://enverus-courthouse-prod-chd-plants/tx/eog_gonzales/ced5/ced5c0f6-d053-4fe4-8ac2-83718a758a1f.pdf,d9buh26icpjg00dd4vt0
ced8212d-f752-4db9-8c09-5c97027c3a9f,s3://enverus-courthouse-prod-chd-plants/tx/eog_atascosa/ced8/ced8212d-f752-4db9-8c09-5c97027c3a9f.pdf,d9bu8efak3500087fvqg
cf028233-f267-41fa-acd0-530a6e1dec1c,s3://enverus-courthouse-prod-chd-plants/tx/crane/cf02/cf028233-f267-41fa-acd0-530a6e1dec1c.pdf,d9bu3sc1kr4g008ehcb0
cf2be633-e7f8-4a13-a344-cfe62f23156d,s3://enverus-courthouse-prod-chd-plants/tx/eog_lasalle/cf2b/cf2be633-e7f8-4a13-a344-cfe62f23156d.pdf,d9bui0859fgg00e39hi0
cf31e729-9b69-404a-b2d7-8a530528830c,s3://enverus-courthouse-prod-chd-plants/nm/chd_lea/cf31/cf31e729-9b69-404a-b2d7-8a530528830c.pdf,d9bugqpd6jhg0084i07g
cf689256-81c6-41b5-ba9a-0005858ad599,s3://enverus-courthouse-prod-chd-plants/tx/eog_cooke/cf68/cf689256-81c6-41b5-ba9a-0005858ad599.pdf,d9bt58shn77000f9loq0
cfaa1fa8-1d35-4bd4-bacb-e2c2fc6e2062,s3://enverus-courthouse-prod-chd-plants/nm/eog_lea/cfaa/cfaa1fa8-1d35-4bd4-bacb-e2c2fc6e2062.pdf,d9bt6ipd6jhg0082qf40
cfcf057a-ba19-4a8f-ac14-5ffef193772e,s3://enverus-courthouse-prod-chd-plants/nm/chd_lea/cfcf/cfcf057a-ba19-4a8f-ac14-5ffef193772e.pdf,d9btod1kf4s000f6qun0
cff9c698-a33c-492a-b0e9-4044b9593906,s3://enverus-courthouse-prod-chd-plants/tx/eog_atascosa/cff9/cff9c698-a33c-492a-b0e9-4044b9593906.pdf,d9budsp9ha2000c7g5d0
d027364c-79b0-486f-9928-04b4a30fe40f,s3://enverus-courthouse-prod-chd-plants/tx/eog_cooke/d027/d027364c-79b0-486f-9928-04b4a30fe40f.pdf,d9buf93s7m5g0089mf4g
d072bb04-c7e1-45db-9b3c-40cf4808bc4b,s3://enverus-courthouse-prod-chd-plants/tx/eog_gonzales/d072/d072bb04-c7e1-45db-9b3c-40cf4808bc4b.pdf,d9bst43delo000dtca20
d0af702c-a895-46f9-a6de-8f488cdb8eeb,s3://enverus-courthouse-prod-chd-plants/tx/eog_karnes/d0af/d0af702c-a895-46f9-a6de-8f488cdb8eeb.pdf,d9bu1h0isvug00ftq1p0
d0c73bec-d8c0-4858-9c35-4ab2808f0bdf,s3://enverus-courthouse-prod-chd-plants/tx/eog_karnes/d0c7/d0c73bec-d8c0-4858-9c35-4ab2808f0bdf.pdf,d9bt27llksng008dpp6g
d0cd6512-178f-4661-a3cd-0c7cfe3d3281,s3://enverus-courthouse-prod-chd-plants/nm/eog_lea/d0cd/d0cd6512-178f-4661-a3cd-0c7cfe3d3281.pdf,d9bueuh5jqeg00e84oqg
d0e87959-5394-4b51-91ac-67021dbd397d,s3://enverus-courthouse-prod-chd-plants/tx/eog_cooke/d0e8/d0e87959-5394-4b51-91ac-67021dbd397d.pdf,d9btamhkf4s000f69prg
d15170eb-abf9-47f0-b3a7-4486d0394fbc,s3://enverus-courthouse-prod-chd-plants/tx/eog_gonzales/d151/d15170eb-abf9-47f0-b3a7-4486d0394fbc.pdf,d9btplbdd4a000d587og
d1642643-775c-4057-b282-49d347668679,s3://enverus-courthouse-prod-chd-plants/tx/eog_karnes/d164/d1642643-775c-4057-b282-49d347668679.pdf,d9bt9cshn77000f9q47g
D16D7BDA-76BC-4D41-BB10-0607AE676FA9,s3://enverus-courthouse-prod-chd-plants/tx/training_houston/D16D/D16D7BDA-76BC-4D41-BB10-0607AE676FA9.pdf,d9buh6phd6mg00bnofi0
d180d338-f162-45cd-9dd3-fc9872be2ef5,s3://enverus-courthouse-prod-chd-plants/tx/houston/d180/d180d338-f162-45cd-9dd3-fc9872be2ef5.pdf,d9btvq8isvug00ftnvb0
d1b0b64f-8a7c-4e10-95d4-de98cbcbb0ee,s3://enverus-courthouse-prod-chd-plants/tx/eog_atascosa/d1b0/d1b0b64f-8a7c-4e10-95d4-de98cbcbb0ee.pdf,d9bsst15jqeg00e65fag
d1b44a0d-cd94-4f5a-bd1b-1d9a7ab61bd8,s3://enverus-courthouse-prod-chd-plants/pa/luzerne/d1b4/d1b44a0d-cd94-4f5a-bd1b-1d9a7ab61bd8.pdf,d9buoirs7m5g008a46fg
d1da1cc9-6184-4748-b161-785f02ee75d6,s3://enverus-courthouse-prod-chd-plants/nm/eog_lea/d1da/d1da1cc9-6184-4748-b161-785f02ee75d6.pdf,d9btmjkhn77000fa9p70
d1e79a35-1d5d-4984-ab61-43b3a7195f9d,s3://enverus-courthouse-prod-chd-plants/tx/eog_atascosa/d1e7/d1e79a35-1d5d-4984-ab61-43b3a7195f9d.pdf,d9bu9mbdelo000dv3qng
D1EB0028-38D8-49F5-9AA9-ADA827BF3EC0,s3://enverus-courthouse-prod-chd-plants/tx/training_reeves/D1EB/D1EB0028-38D8-49F5-9AA9-ADA827BF3EC0.pdf,d9btlbsogvn0009ankig
d22510c6-f146-4b21-9320-de9f335d45f8,s3://enverus-courthouse-prod-chd-plants/tx/eog_cooke/d225/d22510c6-f146-4b21-9320-de9f335d45f8.pdf,d9bukknpfdig00fcclsg
d22d8820-aad5-4a87-97ee-64c3792d5558,s3://enverus-courthouse-prod-chd-plants/nm/eog_lea/d22d/d22d8820-aad5-4a87-97ee-64c3792d5558.pdf,d9btdivr761000df2uc0
d24624ec-95be-464e-99b7-b1330bf4870e,s3://enverus-courthouse-prod-chd-plants/tx/eog_gonzales/d246/d24624ec-95be-464e-99b7-b1330bf4870e.pdf,d9bu1i7ak35000875oqg
d277b67a-b209-429e-a725-f8a466c24fe7,s3://enverus-courthouse-prod-chd-plants/nm/chd_lea/d277/d277b67a-b209-429e-a725-f8a466c24fe7.pdf,d9btlr4hn77000fa9dg0
d282d989-15ed-4a99-a44d-066e1cdef790,s3://enverus-courthouse-prod-chd-plants/tx/eog_cooke/d282/d282d989-15ed-4a99-a44d-066e1cdef790.pdf,d9bu2k689gsg00fgmvmg
d29100b6-3036-4b8b-9b95-10c1972db46a,s3://enverus-courthouse-prod-chd-plants/nm/eog_lea/d291/d29100b6-3036-4b8b-9b95-10c1972db46a.pdf,d9bsnro59fgg00e10shg
D2EA1D82-FA4D-4EA6-BC8C-D55442810212,s3://enverus-courthouse-prod-chd-plants/tx/training_midland/D2EA/D2EA1D82-FA4D-4EA6-BC8C-D55442810212.pdf,d9bugrc1kr4g008f4al0
d30917bd-ef95-4426-9667-6323b73ed706,s3://enverus-courthouse-prod-chd-plants/nm/eog_lea/d309/d30917bd-ef95-4426-9667-6323b73ed706.pdf,d9bt6bjdelo000dtlf9g
d31db43e-7476-4bb7-99cf-dee2b22a4e0f,s3://enverus-courthouse-prod-chd-plants/tx/eog_cooke/d31d/d31db43e-7476-4bb7-99cf-dee2b22a4e0f.pdf,d9btcb9kf4s000f6c6qg
d32fd207-c179-4e97-bfac-f250dd429167,s3://enverus-courthouse-prod-chd-plants/tx/eog_gonzales/d32f/d32fd207-c179-4e97-bfac-f250dd429167.pdf,d9bthk7r761000df7ha0
d343d071-ad5f-4711-a889-17930ad6cf61,s3://enverus-courthouse-prod-chd-plants/tx/eog_karnes/d343/d343d071-ad5f-4711-a889-17930ad6cf61.pdf,d9bsuqphd6mg00blnvg0
d347f332-c43a-4b72-82f6-3dd3abf152e4,s3://enverus-courthouse-prod-chd-plants/tx/houston/d347/d347f332-c43a-4b72-82f6-3dd3abf152e4.pdf,d9buprchn77000fbstj0
d3541c04-a14c-4591-bad1-b24d425c7e81,s3://enverus-courthouse-prod-chd-plants/tx/midland/d354/d3541c04-a14c-4591-bad1-b24d425c7e81.pdf,d9bsppq2oub000e12ge0
d3567789-8268-4413-9407-bf6b699d23d6,s3://enverus-courthouse-prod-chd-plants/tx/eog_atascosa/d356/d3567789-8268-4413-9407-bf6b699d23d6.pdf,d9bt06e89gsg00ffd3gg
d3631564-9d3e-8747-a931-172010d8112f,s3://enverus-courthouse-prod-chd-plants/tx/burleson/d363/d3631564-9d3e-8747-a931-172010d8112f.pdf,d9bu8cjs7m5g0089c0og
d39c2c3a-ce55-4bd7-be0f-a94303e3851a,s3://enverus-courthouse-prod-chd-plants/tx/eog_cooke/d39c/d39c2c3a-ce55-4bd7-be0f-a94303e3851a.pdf,d9bu45hhd6mg00bn5f1g
D3C311D8-E981-4115-BF91-CE2816EC3A72,s3://enverus-courthouse-prod-chd-plants/tx/training_midland/D3C3/D3C311D8-E981-4115-BF91-CE2816EC3A72.pdf,d9bu5a3s7m5g00897j7g
d3cc57a8-3618-4a2c-b594-24a1cd845951,s3://enverus-courthouse-prod-chd-plants/tx/eog_atascosa/d3cc/d3cc57a8-3618-4a2c-b594-24a1cd845951.pdf,d9btuckflnl000dk6ghg
d3ed2507-4b7b-4c02-8c3b-cb7816cf8aad,s3://enverus-courthouse-prod-chd-plants/tx/eog_karnes/d3ed/d3ed2507-4b7b-4c02-8c3b-cb7816cf8aad.pdf,d9btes6icpjg00dbmh10
d3ee9b90-8329-4b08-833a-3d4bf285875b,s3://enverus-courthouse-prod-chd-plants/tx/eog_gonzales/d3ee/d3ee9b90-8329-4b08-833a-3d4bf285875b.pdf,d9btda95jqeg00e6n5i0
d4096f3c-bc8c-4ea2-92bd-7299a612b758,s3://enverus-courthouse-prod-chd-plants/nm/eog_lea/d409/d4096f3c-bc8c-4ea2-92bd-7299a612b758.pdf,d9btei99ha2000c65bvg
d44eff35-bece-4a68-a1f9-8e7bb417230a,s3://enverus-courthouse-prod-chd-plants/nm/eog_lea/d44e/d44eff35-bece-4a68-a1f9-8e7bb417230a.pdf,d9bsuup5jqeg00e67on0
d46ac977-b276-4f39-8d22-3f6f5f795cf7,s3://enverus-courthouse-prod-chd-plants/tx/eog_gonzales/d46a/d46ac977-b276-4f39-8d22-3f6f5f795cf7.pdf,d9buidrs7m5g0089r4l0
d4982591-f2bb-4ae4-834d-699ece385ea8,s3://enverus-courthouse-prod-chd-plants/tx/eog_karnes/d498/d4982591-f2bb-4ae4-834d-699ece385ea8.pdf,d9btb53te9l000f7j080
d4b5aaa2-50ed-4bfb-b5fc-a7dff412702c,s3://enverus-courthouse-prod-chd-plants/nm/eog_lea/d4b5/d4b5aaa2-50ed-4bfb-b5fc-a7dff412702c.pdf,d9bui47r2ffg00e16hng
d4cedc90-6b8b-4975-9123-00068c9e88b5,s3://enverus-courthouse-prod-chd-plants/tx/bell/d4ce/d4cedc90-6b8b-4975-9123-00068c9e88b5.pdf,btpocg46g9b00098gs1g
d4ee9ca7-0a7a-41f6-8021-b22326806f9e,s3://enverus-courthouse-prod-chd-plants/tx/eog_cooke/d4ee/d4ee9ca7-0a7a-41f6-8021-b22326806f9e.pdf,d9btdljk4o900088hmig
D51A1A03-2FB6-4520-9193-1E39BCFF5C3A,s3://enverus-courthouse-prod-chd-plants/tx/training_walker/D51A/D51A1A03-2FB6-4520-9193-1E39BCFF5C3A.pdf,d9buf9eicpjg00dd2lq0
d58577f9-d7f9-41f4-8c89-a9d0c15f276f,s3://enverus-courthouse-prod-chd-plants/tx/eog_atascosa/d585/d58577f9-d7f9-41f4-8c89-a9d0c15f276f.pdf,d9btn1chn77000faaqkg
d58de823-843c-41ce-9c2b-4ec9097ac391,s3://enverus-courthouse-prod-chd-plants/tx/eog_mcmullen/d58d/d58de823-843c-41ce-9c2b-4ec9097ac391.pdf,d9bubl3s7m5g0089h4k0
D58F1064-6D22-4D66-B22E-037F2F7AC862,s3://enverus-courthouse-prod-chd-plants/tx/training_howard/D58F/D58F1064-6D22-4D66-B22E-037F2F7AC862.pdf,d9btrlrte9l000f86m5g
d5af1176-2cce-4d3a-8656-1aba0286a495,s3://enverus-courthouse-prod-chd-plants/tx/eog_cooke/d5af/d5af1176-2cce-4d3a-8656-1aba0286a495.pdf,d9btt73dd4a000d5ch7g
d5d7c483-ac50-42a8-837b-b44e7949e1ed,s3://enverus-courthouse-prod-chd-plants/tx/eog_atascosa/d5d7/d5d7c483-ac50-42a8-837b-b44e7949e1ed.pdf,d9bthqchn77000fa49h0
d608670a-9285-4c68-aad1-822a19630806,s3://enverus-courthouse-prod-chd-plants/wv/doddridge/d608/d608670a-9285-4c68-aad1-822a19630806.pdf,d9btucjs7m5g0088tah0
d61c1e25-ed6a-44b6-b28c-c77715e69fe7,s3://enverus-courthouse-prod-chd-plants/tx/eog_gonzales/d61c/d61c1e25-ed6a-44b6-b28c-c77715e69fe7.pdf,d9bt6ejdd4a000d4gmk0
d677e8a9-29a2-4682-8ef6-2be80a69c183,s3://enverus-courthouse-prod-chd-plants/tx/eog_cooke/d677/d677e8a9-29a2-4682-8ef6-2be80a69c183.pdf,d9bt867r761000desr2g
D6817B77-A1E3-46D2-971D-A37A4A3C1174,s3://enverus-courthouse-prod-chd-plants/tx/training_upton/D681/D6817B77-A1E3-46D2-971D-A37A4A3C1174.pdf,d9bspi3te9l000f6vvu0
d6852fbe-6c7d-40d0-8f72-aa7895ba6fdd,s3://enverus-courthouse-prod-chd-plants/nm/eog_lea/d685/d6852fbe-6c7d-40d0-8f72-aa7895ba6fdd.pdf,d9btugvak35000871jd0
d6996361-ad79-4f8b-93fd-72fa41d3f462,s3://enverus-courthouse-prod-chd-plants/nm/chd_lea/d699/d6996361-ad79-4f8b-93fd-72fa41d3f462.pdf,d9bu7hnak3500087eqg0
d6ef2824-1da9-427b-9599-8b63c9b8270c,s3://enverus-courthouse-prod-chd-plants/nm/eog_lea/d6ef/d6ef2824-1da9-427b-9599-8b63c9b8270c.pdf,d9btjb3s7m5g0088fip0
d6f2435a-d0e9-11ec-b285-00505681224b,s3://enverus-courthouse-prod-chd-plants/ok/garfield/d6f2/d6f2435a-d0e9-11ec-b285-00505681224b.pdf,d9bukej1f5dg00bf16kg
d7180c53-0dd1-42d8-b083-7881e709c416,s3://enverus-courthouse-prod-chd-plants/nm/eog_lea/d718/d7180c53-0dd1-42d8-b083-7881e709c416.pdf,d9btror6g7ig00fvq93g
d7319888-36e4-4fa6-878f-a39930481944,s3://enverus-courthouse-prod-chd-plants/tx/eog_cooke/d731/d7319888-36e4-4fa6-878f-a39930481944.pdf,d9bufnb1f5dg00bepp7g
d7961d04-8437-4846-ad93-e5a514cf4b91,s3://enverus-courthouse-prod-chd-plants/tx/houston/d796/d7961d04-8437-4846-ad93-e5a514cf4b91.pdf,d9btca9d6jhg008317f0
d7a4ba2b-c8a8-4111-a932-a6517ce630f6,s3://enverus-courthouse-prod-chd-plants/tx/midland/d7a4/d7a4ba2b-c8a8-4111-a932-a6517ce630f6.pdf,d9bt6bhb0h1g00cvsv80
d7a823fd-6f9a-45c7-af1e-7bf746546961,s3://enverus-courthouse-prod-chd-plants/nm/eog_lea/d7a8/d7a823fd-6f9a-45c7-af1e-7bf746546961.pdf,d9bt22npfdig00fa9gr0
d7cb571e-f9f9-44e6-aa8f-4a5a3bd5dcca,s3://enverus-courthouse-prod-chd-plants/nm/eog_lea/d7cb/d7cb571e-f9f9-44e6-aa8f-4a5a3bd5dcca.pdf,d9bue0pkf4s000f7pm2g
d7eda311-cf35-40e1-8d23-74cd2e4972a4,s3://enverus-courthouse-prod-chd-plants/nm/eog_lea/d7ed/d7eda311-cf35-40e1-8d23-74cd2e4972a4.pdf,d9bu1q7ak35000876ce0
d80bb7c7-909a-4e7a-9821-718b699731f7,s3://enverus-courthouse-prod-chd-plants/tx/eog_karnes/d80b/d80bb7c7-909a-4e7a-9821-718b699731f7.pdf,d9btuho30skg00d7snhg
d8140b47-ff9d-4aa4-8867-4fde6dbff710,s3://enverus-courthouse-prod-chd-plants/tx/houston/d814/d8140b47-ff9d-4aa4-8867-4fde6dbff710.pdf,d9bt1u95jqeg00e6agpg
D833E34D-5C3F-4B2C-AF7C-38BF98828B03,s3://enverus-courthouse-prod-chd-plants/tx/training_crockett/D833/D833E34D-5C3F-4B2C-AF7C-38BF98828B03.pdf,d9bu7jgisvug00fu3bng
d842f04e-f039-4e37-8738-dccf15053235,s3://enverus-courthouse-prod-chd-plants/nm/eog_lea/d842/d842f04e-f039-4e37-8738-dccf15053235.pdf,d9budonpfdig00fc24r0
D8643829-FCC2-4F43-950F-E511287C5263,s3://enverus-courthouse-prod-chd-plants/tx/training_grimes/D864/D8643829-FCC2-4F43-950F-E511287C5263.pdf,d9btbtfpfcq000ff05bg
d864aaf7-4ca2-4913-8dd7-e253634a7ffa,s3://enverus-courthouse-prod-chd-plants/tx/eog_gonzales/d864/d864aaf7-4ca2-4913-8dd7-e253634a7ffa.pdf,d9btaq7r2ffg00dvh310
d86d663e-7d14-49cd-9362-bca0c27852eb,s3://enverus-courthouse-prod-chd-plants/tx/eog_cooke/d86d/d86d663e-7d14-49cd-9362-bca0c27852eb.pdf,d9bu42jdelo000duregg
d871028a-7550-449c-8803-e8c459338682,s3://enverus-courthouse-prod-chd-plants/tx/eog_atascosa/d871/d871028a-7550-449c-8803-e8c459338682.pdf,d9buj1m89gsg00fhf39g
d8c39546-2ac0-43b3-8a3a-4f1b8cad3829,s3://enverus-courthouse-prod-chd-plants/tx/houston/d8c3/d8c39546-2ac0-43b3-8a3a-4f1b8cad3829.pdf,d9btdobdd4a000d4pkf0
d8c89107-0064-4f3c-96f4-98bd6b4b1109,s3://enverus-courthouse-prod-chd-plants/nm/eog_lea/d8c8/d8c89107-0064-4f3c-96f4-98bd6b4b1109.pdf,d9bt50cogvn0009a4hp0
d90ef1a5-ad25-4c69-841e-1c8115e6b759,s3://enverus-courthouse-prod-chd-plants/tx/eog_gonzales/d90e/d90ef1a5-ad25-4c69-841e-1c8115e6b759.pdf,d9bsnl9hd6mg00blguv0
d926de3d-4663-4ee1-b312-7baea82ddfca,s3://enverus-courthouse-prod-chd-plants/tx/eog_karnes/d926/d926de3d-4663-4ee1-b312-7baea82ddfca.pdf,d9bspcmicpjg00dauui0
D9403CEA-B261-437F-9853-EDB373A0D722,s3://enverus-courthouse-prod-chd-plants/tx/training_midland/D940/D9403CEA-B261-437F-9853-EDB373A0D722.pdf,d9bst33k4o900087vgb0
d943666e-7d9b-49a9-a0fa-ffdece9ca6d2,s3://enverus-courthouse-prod-chd-plants/tx/eog_gonzales/d943/d943666e-7d9b-49a9-a0fa-ffdece9ca6d2.pdf,d9buk4o30skg00d8s5p0
D96D59F5-4EC9-44BD-BC74-FF6D47996C79,s3://enverus-courthouse-prod-chd-plants/tx/training_crockett/D96D/D96D59F5-4EC9-44BD-BC74-FF6D47996C79.pdf,d9buocm89gsg00fhn6ug
d9886bd6-7fca-4a97-b74f-801f43dca5dd,s3://enverus-courthouse-prod-chd-plants/tx/eog_karnes/d988/d9886bd6-7fca-4a97-b74f-801f43dca5dd.pdf,d9bu0hphd6mg00bmvtvg
d9940a15-ecef-47e8-9700-2c4de2ac4251,s3://enverus-courthouse-prod-chd-plants/tx/eog_karnes/d994/d9940a15-ecef-47e8-9700-2c4de2ac4251.pdf,d9bsnqllksng008dfe10
d9b4635d-9fb3-d84e-83ef-fd821a5ec362,s3://enverus-courthouse-prod-chd-plants/tx/walker/d9b4/d9b4635d-9fb3-d84e-83ef-fd821a5ec362.pdf,d9bspkjk4o900087rvug
d9cd907d-d4ee-440e-9ae7-c67b1f7d5572,s3://enverus-courthouse-prod-chd-plants/tx/eog_lasalle/d9cd/d9cd907d-d4ee-440e-9ae7-c67b1f7d5572.pdf,d9bu8c1hd6mg00bnbbsg
da2fd569-d43e-400b-b147-cd06cd789dfc,s3://enverus-courthouse-prod-chd-plants/tx/eog_lasalle/da2f/da2fd569-d43e-400b-b147-cd06cd789dfc.pdf,d9bts5jrgi8g00bfni9g
da30301e-5f1c-794f-b0bd-f3bfca6f5503,s3://enverus-courthouse-prod-chd-plants/tx/midland/da30/da30301e-5f1c-794f-b0bd-f3bfca6f5503.pdf,d9bunjbrgi8g00bgvlag
da31d820-2d9c-4a3b-864a-c1d3ab3ae42d,s3://enverus-courthouse-prod-chd-plants/tx/houston/da31/da31d820-2d9c-4a3b-864a-c1d3ab3ae42d.pdf,d9bu1n1kf4s000f779jg
da66cddf-af64-4ffb-a587-91448a8c7811,s3://enverus-courthouse-prod-chd-plants/nm/chd_lea/da66/da66cddf-af64-4ffb-a587-91448a8c7811.pdf,d9bt3m059fgg00e1ch70
da84832d-f0d5-48fa-9dda-b3a64f8797c5,s3://enverus-courthouse-prod-chd-plants/nm/chd_lea/da84/da84832d-f0d5-48fa-9dda-b3a64f8797c5.pdf,d9bucnh5jqeg00e82000
da9bb387-7167-4923-b676-2e2c14694514,s3://enverus-courthouse-prod-chd-plants/tx/eog_cooke/da9b/da9bb387-7167-4923-b676-2e2c14694514.pdf,d9buj1sflnl000dl4jh0
DAA0C360-1B3B-4DD1-855E-7A3D4A4ADE47,s3://enverus-courthouse-prod-chd-plants/tx/training_grimes/DAA0/DAA0C360-1B3B-4DD1-855E-7A3D4A4ADE47.pdf,d9bt3m3te9l000f7abag
dad6231e-1379-480d-97b5-75bab53b9aa9,s3://enverus-courthouse-prod-chd-plants/nm/eog_lea/dad6/dad6231e-1379-480d-97b5-75bab53b9aa9.pdf,d9budhnr2ffg00e0vik0
db13f4f2-1491-4927-98ed-a820d0a6cfa7,s3://enverus-courthouse-prod-chd-plants/tx/houston/db13/db13f4f2-1491-4927-98ed-a820d0a6cfa7.pdf,d9buicpd6jhg0084kosg
db149d7f-4c29-489b-afae-c775aaac20c1,s3://enverus-courthouse-prod-chd-plants/tx/eog_cooke/db14/db149d7f-4c29-489b-afae-c775aaac20c1.pdf,d9btnv95jqeg00e7441g
db290295-a9e7-8548-a86d-bf46e22f2b35,s3://enverus-courthouse-prod-chd-plants/nm/eddy/db29/db290295-a9e7-8548-a86d-bf46e22f2b35.pdf,d9bthnjs7m5g0088dbpg
db336b42-bfb1-4686-95e2-e0f9ef46bdd5,s3://enverus-courthouse-prod-chd-plants/nm/chd_lea/db33/db336b42-bfb1-4686-95e2-e0f9ef46bdd5.pdf,d9bt4vpd6jhg0082oj7g
db43d747-90f3-435d-b727-d0c23debd1d0,s3://enverus-courthouse-prod-chd-plants/nm/eog_lea/db43/db43d747-90f3-435d-b727-d0c23debd1d0.pdf,d9bsrbrk4o900087tg90
db750a88-a796-494c-a67c-caef585f1a7f,s3://enverus-courthouse-prod-chd-plants/nm/eog_lea/db75/db750a88-a796-494c-a67c-caef585f1a7f.pdf,d9bt0bb1f5dg00bct1u0
db898cbd-5df6-d144-b2ba-44261797d6a2,s3://enverus-courthouse-prod-chd-plants/tx/burleson/db89/db898cbd-5df6-d144-b2ba-44261797d6a2.pdf,d9btld1hd6mg00bmh8p0
db9415db-05c2-499e-bf70-2fa7f8cfbe52,s3://enverus-courthouse-prod-chd-plants/nm/eog_lea/db94/db9415db-05c2-499e-bf70-2fa7f8cfbe52.pdf,d9bu52rte9l000f8k4jg
dba4a264-a2ea-4b3b-a37e-ceb6c4fd1dd5,s3://enverus-courthouse-prod-chd-plants/nm/eog_lea/dba4/dba4a264-a2ea-4b3b-a37e-ceb6c4fd1dd5.pdf,d9bsuqvr2ffg00dv45p0
dbd1ab1d-2881-4dbf-94ea-a49c1437aa34,s3://enverus-courthouse-prod-chd-plants/tx/eog_lasalle/dbd1/dbd1ab1d-2881-4dbf-94ea-a49c1437aa34.pdf,d9btlt99ha2000c6es5g
dbd5b81c-43de-4422-a8ae-9d8d9f726677,s3://enverus-courthouse-prod-chd-plants/tx/eog_cooke/dbd5/dbd5b81c-43de-4422-a8ae-9d8d9f726677.pdf,d9bub9hb0h1g00d1d4u0
dbd8d88e-b180-40f4-a23c-2ea3fd40550c,s3://enverus-courthouse-prod-chd-plants/nm/eog_lea/dbd8/dbd8d88e-b180-40f4-a23c-2ea3fd40550c.pdf,d9bt3j9hd6mg00blsolg
dc0ae88e-dc03-4604-aa00-fafef26a7ba5,s3://enverus-courthouse-prod-chd-plants/tx/eog_atascosa/dc0a/dc0ae88e-dc03-4604-aa00-fafef26a7ba5.pdf,d9btqgjdelo000dudteg
dc0b81bd-ae26-4b20-8d4b-b1d3ac3940d8,s3://enverus-courthouse-prod-chd-plants/tx/eog_gonzales/dc0b/dc0b81bd-ae26-4b20-8d4b-b1d3ac3940d8.pdf,d9bufrjrgi8g00bgjo5g
dc4e4b43-537d-43aa-8a8d-50f65d68167a,s3://enverus-courthouse-prod-chd-plants/tx/eog_cooke/dc4e/dc4e4b43-537d-43aa-8a8d-50f65d68167a.pdf,d9btirb6g7ig00fvesq0
dc64c8e4-dc3b-4885-8b76-9ae12c1fcd09,s3://enverus-courthouse-prod-chd-plants/tx/eog_gonzales/dc64/dc64c8e4-dc3b-4885-8b76-9ae12c1fcd09.pdf,d9btrn22oub000e28i70
dc7564ad-e616-411d-8b75-44b1321af108,s3://enverus-courthouse-prod-chd-plants/tx/eog_cooke/dc75/dc7564ad-e616-411d-8b75-44b1321af108.pdf,d9btj0fak3500086is5g
dc9a1d6e-2f04-4991-83e9-c7aca5573135,s3://enverus-courthouse-prod-chd-plants/tx/robertson/dc9a/dc9a1d6e-2f04-4991-83e9-c7aca5573135.pdf,d9bu546icpjg00dcjdp0
dca12664-89d9-4f19-af46-dc489bf9bc00,s3://enverus-courthouse-prod-chd-plants/nm/chd_lea/dca1/dca12664-89d9-4f19-af46-dc489bf9bc00.pdf,d9bu1qrdd4a000d5j6u0
dcba4c54-d1f2-4c5a-a07d-0b27c043f8eb,s3://enverus-courthouse-prod-chd-plants/nm/eog_lea/dcba/dcba4c54-d1f2-4c5a-a07d-0b27c043f8eb.pdf,d9bu46h5jqeg00e7l8k0
dd139d5f-98a2-4bdc-87b6-686342429e30,s3://enverus-courthouse-prod-chd-plants/tx/eog_cooke/dd13/dd139d5f-98a2-4bdc-87b6-686342429e30.pdf,d9btqcnr761000dfi820
dd377861-9a0c-4eb6-809a-751ca73dc455,s3://enverus-courthouse-prod-chd-plants/tx/eog_gonzales/dd37/dd377861-9a0c-4eb6-809a-751ca73dc455.pdf,d9buh8oisvug00fuhhu0
DD3B7771-0097-4950-AB6B-534737149A22,s3://enverus-courthouse-prod-chd-plants/tx/training_karnes/DD3B/DD3B7771-0097-4950-AB6B-534737149A22.pdf,d9bul919ha2000c7qthg
dd5fcb59-4d13-4195-b09d-81801ed38a45,s3://enverus-courthouse-prod-chd-plants/tx/eog_cooke/dd5f/dd5fcb59-4d13-4195-b09d-81801ed38a45.pdf,d9bto29d6jhg0083f2v0
dd95151f-e499-4fb0-82fc-7f9f2d83a5f1,s3://enverus-courthouse-prod-chd-plants/nm/eog_lea/dd95/dd95151f-e499-4fb0-82fc-7f9f2d83a5f1.pdf,d9bupsi2oub000e3kuvg
DDFB116B-FC00-4A29-B6CC-E39F8259290D,s3://enverus-courthouse-prod-chd-plants/tx/training_midland/DDFB/DDFB116B-FC00-4A29-B6CC-E39F8259290D.pdf,d9btgevr761000df69lg
de243444-21b1-4677-8f9a-54341d6b8d09,s3://enverus-courthouse-prod-chd-plants/tx/eog_cooke/de24/de243444-21b1-4677-8f9a-54341d6b8d09.pdf,d9buj4sogvn0009c1sr0
DE3819EF-85F7-4C19-B33C-8EF7337B515A,s3://enverus-courthouse-prod-chd-plants/tx/training_howard/DE38/DE3819EF-85F7-4C19-B33C-8EF7337B515A.pdf,d9btvbi2oub000e2dfmg
de65bde2-ef96-4049-902e-efc605b6b963,s3://enverus-courthouse-prod-chd-plants/tx/eog_atascosa/de65/de65bde2-ef96-4049-902e-efc605b6b963.pdf,d9bt54rs7m5g0087upv0
de7b04c7-2d12-492d-93f2-43e53ca30c52,s3://enverus-courthouse-prod-chd-plants/nm/chd_lea/de7b/de7b04c7-2d12-492d-93f2-43e53ca30c52.pdf,d9buh7chn77000fbg13g
de8231e4-6fe5-426b-877e-ecd46f06a399,s3://enverus-courthouse-prod-chd-plants/nm/eog_lea/de82/de8231e4-6fe5-426b-877e-ecd46f06a399.pdf,d9buptfpfcq000fh06ug
de918a8b-40ea-4b57-8eb8-0e9819431ac0,s3://enverus-courthouse-prod-chd-plants/tx/eog_atascosa/de91/de918a8b-40ea-4b57-8eb8-0e9819431ac0.pdf,d9buaqc1kr4g008es190
ded287f4-5c6b-4ec2-9b76-50b32683fd83,s3://enverus-courthouse-prod-chd-plants/tx/eog_mcmullen/ded2/ded287f4-5c6b-4ec2-9b76-50b32683fd83.pdf,d9bt279hd6mg00blrk80
deffe21e-0cdc-49d5-85dd-4393f30fe814,s3://enverus-courthouse-prod-chd-plants/nm/eog_lea/deff/deffe21e-0cdc-49d5-85dd-4393f30fe814.pdf,d9btlnchn77000fa94a0
df04e493-5f65-48d9-b187-84896d4c9e4e,s3://enverus-courthouse-prod-chd-plants/nm/chd_lea/df04/df04e493-5f65-48d9-b187-84896d4c9e4e.pdf,d9bt9cg30skg00d72hkg
df1d408a-3b94-4376-a58c-9c1923e88617,s3://enverus-courthouse-prod-chd-plants/nm/lea/df1d/df1d408a-3b94-4376-a58c-9c1923e88617.pdf,d9btgc7r761000df6310
df258507-4de1-48f9-94f9-dbd65ad13758,s3://enverus-courthouse-prod-chd-plants/tx/eog_lasalle/df25/df258507-4de1-48f9-94f9-dbd65ad13758.pdf,d9btc5jdelo000dtsekg
df3102be-ea30-4929-bb7b-8b30dcf6aec0,s3://enverus-courthouse-prod-chd-plants/tx/nueces/df31/df3102be-ea30-4929-bb7b-8b30dcf6aec0.pdf,d9buf8059fgg00e35pqg
df5948e0-5f89-448e-918a-19964e1dc920,s3://enverus-courthouse-prod-chd-plants/tx/eog_atascosa/df59/df5948e0-5f89-448e-918a-19964e1dc920.pdf,d9bugpo59fgg00e37jcg
df6ee2ac-9180-4f33-aa7d-755224629f3a,s3://enverus-courthouse-prod-chd-plants/tx/eog_lasalle/df6e/df6ee2ac-9180-4f33-aa7d-755224629f3a.pdf,d9btqmg59fgg00e2818g
df9d9fea-58e4-48e1-9e23-070cba45cad0,s3://enverus-courthouse-prod-chd-plants/tx/eog_gonzales/df9d/df9d9fea-58e4-48e1-9e23-070cba45cad0.pdf,d9bsr5pd6jhg0082eap0
dfb37f56-66e1-49f6-9c8a-b796af061ae5,s3://enverus-courthouse-prod-chd-plants/tx/eog_cooke/dfb3/dfb37f56-66e1-49f6-9c8a-b796af061ae5.pdf,d9bt96j6g7ig00fv3dl0
dfce5def-6898-4b06-9a7e-84dabab60d13,s3://enverus-courthouse-prod-chd-plants/tx/eog_lasalle/dfce/dfce5def-6898-4b06-9a7e-84dabab60d13.pdf,d9budsuicpjg00dd0fpg
DFD1AF23-AC70-4ACC-9BFE-4B0856285AFB,s3://enverus-courthouse-prod-chd-plants/tx/training_pecos/DFD1/DFD1AF23-AC70-4ACC-9BFE-4B0856285AFB.pdf,d9bu99jte9l000f8q9k0
dfd8d692-40b1-444f-b2f6-24dab97aba4e,s3://enverus-courthouse-prod-chd-plants/tx/eog_lasalle/dfd8/dfd8d692-40b1-444f-b2f6-24dab97aba4e.pdf,d9bts2h5jqeg00e79ojg
dfddc202-bd27-4e76-816c-bfd5545a2578,s3://enverus-courthouse-prod-chd-plants/tx/eog_gonzales/dfdd/dfddc202-bd27-4e76-816c-bfd5545a2578.pdf,d9buic4flnl000dl41gg
dfe82544-1145-4af1-82a7-c1739e55275d,s3://enverus-courthouse-prod-chd-plants/tx/eog_gonzales/dfe8/dfe82544-1145-4af1-82a7-c1739e55275d.pdf,d9bteprte9l000f7n1jg
E0042CCC-943A-4255-9CBF-3DE68763420D,s3://enverus-courthouse-prod-chd-plants/tx/training_crockett/E004/E0042CCC-943A-4255-9CBF-3DE68763420D.pdf,d9buds1kf4s000f7pa3g
e0310b2b-fd3e-4621-9202-5afc08f02876,s3://enverus-courthouse-prod-chd-plants/tx/eog_cooke/e031/e0310b2b-fd3e-4621-9202-5afc08f02876.pdf,d9bt2dhb0h1g00cvpgb0
e0371387-4d0f-4d27-9b32-455805858a8a,s3://enverus-courthouse-prod-chd-plants/tx/eog_atascosa/e037/e0371387-4d0f-4d27-9b32-455805858a8a.pdf,d9btlfh9ha2000c6drcg
e04b60a0-7e45-4db4-8b7d-a0b9d99618e6,s3://enverus-courthouse-prod-chd-plants/tx/eog_karnes/e04b/e04b60a0-7e45-4db4-8b7d-a0b9d99618e6.pdf,d9btk2p5jqeg00e6v5s0
E059A97E-6804-448B-A47D-DCE51BE42F88,s3://enverus-courthouse-prod-chd-plants/tx/training_jasper/E059/E059A97E-6804-448B-A47D-DCE51BE42F88.pdf,d9bt6ifr761000deqpdg
e0626dcc-c40b-4a78-af42-a1e5cf102725,s3://enverus-courthouse-prod-chd-plants/tx/eog_karnes/e062/e0626dcc-c40b-4a78-af42-a1e5cf102725.pdf,d9btvl7pfdig00fbdg10
e071815b-a150-420f-904a-51002620af58,s3://enverus-courthouse-prod-chd-plants/tx/walker/e071/e071815b-a150-420f-904a-51002620af58.pdf,d9bu43jk4o900089enmg
e072c30d-2e0d-4a2a-b41c-7d775d31403c,s3://enverus-courthouse-prod-chd-plants/tx/robertson/e072/e072c30d-2e0d-4a2a-b41c-7d775d31403c.pdf,d9bu1ib6g7ig00802bt0
e0d20f52-5445-4446-8294-67da710987d0,s3://enverus-courthouse-prod-chd-plants/tx/eog_karnes/e0d2/e0d20f52-5445-4446-8294-67da710987d0.pdf,d9bu763s7m5g0089a2sg
e1096099-3650-46c3-9a91-d9a1de741f46,s3://enverus-courthouse-prod-chd-plants/tx/houston/e109/e1096099-3650-46c3-9a91-d9a1de741f46.pdf,d9buqsm89gsg00fhr30g
e109e46b-7f2d-477b-b9e4-2552abfa928d,s3://enverus-courthouse-prod-chd-plants/tx/eog_cooke/e109/e109e46b-7f2d-477b-b9e4-2552abfa928d.pdf,d9bsrm99ha2000c5hdg0
e11043d4-abfc-4ebc-9429-4167ab662433,s3://enverus-courthouse-prod-chd-plants/tx/eog_cooke/e110/e11043d4-abfc-4ebc-9429-4167ab662433.pdf,d9bur3rrgi8g00bh52v0
e11c50bc-9cfe-499b-8feb-93b5ec712f12,s3://enverus-courthouse-prod-chd-plants/nm/eog_lea/e11c/e11c50bc-9cfe-499b-8feb-93b5ec712f12.pdf,d9btpodlksng008elj30
e143ea2b-1f68-48d9-b3b8-2670bb62951f,s3://enverus-courthouse-prod-chd-plants/tx/crane/e143/e143ea2b-1f68-48d9-b3b8-2670bb62951f.pdf,d9bsr77pfcq000fee740
e15e8786-fe01-42c2-87ce-a754c5f9819f,s3://enverus-courthouse-prod-chd-plants/tx/eog_cooke/e15e/e15e8786-fe01-42c2-87ce-a754c5f9819f.pdf,d9bu4rdlksng008f47fg
e15ea8ff-a9bb-4bdc-9bd7-ad6445e97bef,s3://enverus-courthouse-prod-chd-plants/tx/eog_cooke/e15e/e15ea8ff-a9bb-4bdc-9bd7-ad6445e97bef.pdf,d9bu5dpkf4s000f7cuk0
E16379C9-FEA2-44DD-BFA3-A75E3E0903D9,s3://enverus-courthouse-prod-chd-plants/tx/training_crockett/E163/E16379C9-FEA2-44DD-BFA3-A75E3E0903D9.pdf,d9bukl7ak350008827k0
E171E303-F534-4566-984B-C59973246C88,s3://enverus-courthouse-prod-chd-plants/tx/training_live oak/E171/E171E303-F534-4566-984B-C59973246C88.pdf,d9bueu5lksng008fjai0
E1964FDF-4FF5-447E-BEEC-EFFB591CC35F,s3://enverus-courthouse-prod-chd-plants/tx/training_ward/E196/E1964FDF-4FF5-447E-BEEC-EFFB591CC35F.pdf,d9buq2hb0h1g00d23ca0
e231deb0-9236-4af8-b18a-22a0cd319467,s3://enverus-courthouse-prod-chd-plants/nm/eog_lea/e231/e231deb0-9236-4af8-b18a-22a0cd319467.pdf,d9btvf36g7ig00fvvbmg
e24aa35f-637b-4990-8152-fb722c1efdc5,s3://enverus-courthouse-prod-chd-plants/tx/eog_cooke/e24a/e24aa35f-637b-4990-8152-fb722c1efdc5.pdf,d9bundk1kr4g008feeb0
e25460ef-5c69-4aa8-81b0-638f167d73b0,s3://enverus-courthouse-prod-chd-plants/tx/eog_cooke/e254/e25460ef-5c69-4aa8-81b0-638f167d73b0.pdf,d9btddfr761000df2gr0
e27c677f-19b5-4fd7-98a4-dcd55898ef73,s3://enverus-courthouse-prod-chd-plants/tx/eog_gonzales/e27c/e27c677f-19b5-4fd7-98a4-dcd55898ef73.pdf,d9btqfj1f5dg00bdrihg
e2847d82-2e5a-4473-a446-7816f6ec8ff2,s3://enverus-courthouse-prod-chd-plants/tx/hood/e284/e2847d82-2e5a-4473-a446-7816f6ec8ff2.pdf,d9btelfpfdig00fanl90
E28585A5-5E5E-4CFC-BB34-0DCDCB57BE93,s3://enverus-courthouse-prod-chd-plants/nm/training_eddy/E285/E28585A5-5E5E-4CFC-BB34-0DCDCB57BE93.pdf,d9bsnvq2oub000e1111g
e2b770c8-1256-4bbe-a1e0-5990d0d40f9c,s3://enverus-courthouse-prod-chd-plants/tx/eog_gonzales/e2b7/e2b770c8-1256-4bbe-a1e0-5990d0d40f9c.pdf,d9bu979b0h1g00d19u2g
e2b8d7c0-eed2-458f-93fa-de7a26b53964,s3://enverus-courthouse-prod-chd-plants/tx/eog_cooke/e2b8/e2b8d7c0-eed2-458f-93fa-de7a26b53964.pdf,d9bu0lb6g7ig008016ug
E2D0D40B-183E-4CE6-8F97-9A3D36CBD72D,s3://enverus-courthouse-prod-chd-plants/tx/training_glasscock/E2D0/E2D0D40B-183E-4CE6-8F97-9A3D36CBD72D.pdf,d9bukamicpjg00dd9sc0
e2e6212f-863e-4106-bcff-178757cccadd,s3://enverus-courthouse-prod-chd-plants/nm/chd_lea/e2e6/e2e6212f-863e-4106-bcff-178757cccadd.pdf,d9bt22uicpjg00db801g
E31FECFB-5F22-432D-80B3-F6D517D5929A,s3://enverus-courthouse-prod-chd-plants/tx/training_montague/E31F/E31FECFB-5F22-432D-80B3-F6D517D5929A.pdf,d9bt6ufpfdig00faf7lg
e374e587-874d-4310-b0b4-ea9f3b94ff46,s3://enverus-courthouse-prod-chd-plants/nm/eog_lea/e374/e374e587-874d-4310-b0b4-ea9f3b94ff46.pdf,d9btlchkf4s000f6ml40
e37aa9a5-525d-4182-a0ca-5151b0e2379c,s3://enverus-courthouse-prod-chd-plants/tx/crane/e37a/e37aa9a5-525d-4182-a0ca-5151b0e2379c.pdf,d9btoa3s7m5g0088lldg
e39e850d-a7d4-4a42-a06f-da4fedaf61fd,s3://enverus-courthouse-prod-chd-plants/tx/eog_cooke/e39e/e39e850d-a7d4-4a42-a06f-da4fedaf61fd.pdf,d9btb71hd6mg00bm5nvg
e3a75b60-f850-48a7-835c-8068d4cd1bf2,s3://enverus-courthouse-prod-chd-plants/tx/eog_cooke/e3a7/e3a75b60-f850-48a7-835c-8068d4cd1bf2.pdf,d9bug3059fgg00e36s4g
e3b10e82-4bc3-4d1b-b154-cdea39d35ebd,s3://enverus-courthouse-prod-chd-plants/nm/eog_lea/e3b1/e3b10e82-4bc3-4d1b-b154-cdea39d35ebd.pdf,d9btja3dd4a000d508r0
e3c647b6-a2a3-4f53-881b-462d5882a468,s3://enverus-courthouse-prod-chd-plants/tx/eog_cooke/e3c6/e3c647b6-a2a3-4f53-881b-462d5882a468.pdf,d9bu4841kr4g008ei8p0
e41d8753-1ed1-4fbb-a230-05806c34e173,s3://enverus-courthouse-prod-chd-plants/nm/eog_lea/e41d/e41d8753-1ed1-4fbb-a230-05806c34e173.pdf,d9bsrahkf4s000f5pdeg
e45e326a-a379-4d78-b971-fb8775df8bd7,s3://enverus-courthouse-prod-chd-plants/nm/eog_lea/e45e/e45e326a-a379-4d78-b971-fb8775df8bd7.pdf,d9bu37nak35000878lng
e4a2f980-49eb-44e7-bace-1b7102400236,s3://enverus-courthouse-prod-chd-plants/tx/eog_gonzales/e4a2/e4a2f980-49eb-44e7-bace-1b7102400236.pdf,d9buqrpb0h1g00d24bj0
e4fa9683-fd87-4273-a45c-21466992c22d,s3://enverus-courthouse-prod-chd-plants/tx/crane/e4fa/e4fa9683-fd87-4273-a45c-21466992c22d.pdf,d9budkfpfdig00fc1qd0
e5011c9d-5cfd-4704-aaa6-60d9dcbe881b,s3://enverus-courthouse-prod-chd-plants/tx/eog_karnes/e501/e5011c9d-5cfd-4704-aaa6-60d9dcbe881b.pdf,d9bu89m89gsg00fgve80
e526b672-ea96-4dd4-8209-dd0e0038db6b,s3://enverus-courthouse-prod-chd-plants/tx/eog_cooke/e526/e526b672-ea96-4dd4-8209-dd0e0038db6b.pdf,d9btd9npfcq000ff1rd0
e52d9e09-d61d-4aa4-a489-934423c2e054,s3://enverus-courthouse-prod-chd-plants/tx/houston/e52d/e52d9e09-d61d-4aa4-a489-934423c2e054.pdf,d9btqgbdelo000dudsvg
e52f134c-0fef-47ce-a335-b3a5385e3449,s3://enverus-courthouse-prod-chd-plants/tx/eog_atascosa/e52f/e52f134c-0fef-47ce-a335-b3a5385e3449.pdf,d9btldtlksng008efis0
e5475807-10ef-4817-8eec-81a5ceaff482,s3://enverus-courthouse-prod-chd-plants/tx/eog_gonzales/e547/e5475807-10ef-4817-8eec-81a5ceaff482.pdf,d9bsnsjrgi8g00beea80
e56d4d39-975a-4c2f-90d7-2941ee1c6d42,s3://enverus-courthouse-prod-chd-plants/nm/eog_lea/e56d/e56d4d39-975a-4c2f-90d7-2941ee1c6d42.pdf,d9bui8b1f5dg00bettc0
e576db46-65cd-4544-8876-56c382977c98,s3://enverus-courthouse-prod-chd-plants/nm/eog_lea/e576/e576db46-65cd-4544-8876-56c382977c98.pdf,d9buqv9d6jhg00851f20
E59D7C0C-5EAB-4CE9-B1E0-BE4AD6156121,s3://enverus-courthouse-prod-chd-plants/tx/training_midland/E59D/E59D7C0C-5EAB-4CE9-B1E0-BE4AD6156121.pdf,d9bu63vr2ffg00e0klag
e5adffe9-21a1-3d44-b952-1d7892baab99,s3://enverus-courthouse-prod-chd-plants/tx/robertson/e5ad/e5adffe9-21a1-3d44-b952-1d7892baab99.pdf,d9btkah5jqeg00e6voqg
e5f48934-b05a-45a5-b1da-afc3e1a264bc,s3://enverus-courthouse-prod-chd-plants/tx/eog_cooke/e5f4/e5f48934-b05a-45a5-b1da-afc3e1a264bc.pdf,d9bu0dnpfcq000ffq5a0
e645e1d6-1dda-40fe-8a52-e5dcde7adbc3,s3://enverus-courthouse-prod-chd-plants/nm/eog_lea/e645/e645e1d6-1dda-40fe-8a52-e5dcde7adbc3.pdf,d9btbsjk4o900088f2kg
e694d655-d48a-43ce-b199-f32b7b6c99c8,s3://enverus-courthouse-prod-chd-plants/nm/eog_lea/e694/e694d655-d48a-43ce-b199-f32b7b6c99c8.pdf,d9bue0030skg00d8jeog
e6ac7a93-1f31-430a-984f-0d1487a7ac45,s3://enverus-courthouse-prod-chd-plants/nm/eog_lea/e6ac/e6ac7a93-1f31-430a-984f-0d1487a7ac45.pdf,d9bt9lfak3500086882g
E6B38D02-5F98-458E-9813-1BECC4128A5C,s3://enverus-courthouse-prod-chd-plants/nm/training_eddy/E6B3/E6B38D02-5F98-458E-9813-1BECC4128A5C.pdf,d9bsnlo59fgg00e10dk0
e7095856-b32b-4514-945a-cb3003f06da1,s3://enverus-courthouse-prod-chd-plants/tx/eog_karnes/e709/e7095856-b32b-4514-945a-cb3003f06da1.pdf,d9btlt3s7m5g0088iqu0
e7106e49-bf18-4740-834e-d9b61728580f,s3://enverus-courthouse-prod-chd-plants/tx/houston/e710/e7106e49-bf18-4740-834e-d9b61728580f.pdf,d9bug031f5dg00beqelg
e74ed214-f6ea-4e61-b7ac-b47fd7726f4c,s3://enverus-courthouse-prod-chd-plants/tx/eog_gonzales/e74e/e74ed214-f6ea-4e61-b7ac-b47fd7726f4c.pdf,d9bt3ckogvn0009a2hl0
e795584c-d065-11e9-807d-00505681224b,s3://enverus-courthouse-prod-chd-plants/nm/eog_lea/e795/e795584c-d065-11e9-807d-00505681224b.pdf,d9bu22sflnl000dkc9ag
e7a1982d-d10e-4069-ada8-ef01ab3e36f6,s3://enverus-courthouse-prod-chd-plants/tx/eog_cooke/e7a1/e7a1982d-d10e-4069-ada8-ef01ab3e36f6.pdf,d9bun6p5jqeg00e8h0pg
e7bed816-09fd-45d1-a450-1334fd2b2527,s3://enverus-courthouse-prod-chd-plants/nm/chd_lea/e7be/e7bed816-09fd-45d1-a450-1334fd2b2527.pdf,d9bu45shn77000fasq1g
E7FEA787-6657-4324-8FF3-0A2836BDBFF6,s3://enverus-courthouse-prod-chd-plants/tx/training_andrews/E7FE/E7FEA787-6657-4324-8FF3-0A2836BDBFF6.pdf,d9bu9crdelo000dv33qg
e83c0cce-e1d2-7a4c-8224-ada6cb99603d,s3://enverus-courthouse-prod-chd-plants/tx/robertson/e83c/e83c0cce-e1d2-7a4c-8224-ada6cb99603d.pdf,d9bu3q99ha2000c712fg
e86ab810-a9ad-438f-be5e-5aa1ef0811d2,s3://enverus-courthouse-prod-chd-plants/tx/eog_mcmullen/e86a/e86ab810-a9ad-438f-be5e-5aa1ef0811d2.pdf,d9bsv3e89gsg00ffckhg
e8952637-1bd3-42e1-ab9c-ed62782409c0,s3://enverus-courthouse-prod-chd-plants/nm/eog_lea/e895/e8952637-1bd3-42e1-ab9c-ed62782409c0.pdf,d9bso08isvug00fsa7og
e8a5e865-03ce-4b63-a2e4-040224a9f56d,s3://enverus-courthouse-prod-chd-plants/tx/eog_karnes/e8a5/e8a5e865-03ce-4b63-a2e4-040224a9f56d.pdf,d9bt6cq2oub000e1er1g
E8C9EF79-9716-4276-A9A9-D0D63534FE17,s3://enverus-courthouse-prod-chd-plants/tx/training_karnes/E8C9/E8C9EF79-9716-4276-A9A9-D0D63534FE17.pdf,d9btatjte9l000f7idig
e8e022d3-1866-42ad-9e0b-3bfaaab86b0b,s3://enverus-courthouse-prod-chd-plants/tx/eog_gonzales/e8e0/e8e022d3-1866-42ad-9e0b-3bfaaab86b0b.pdf,d9bujgm89gsg00fhg8bg
E8E23853-2090-4B27-BE37-594C66B03C5B,s3://enverus-courthouse-prod-chd-plants/tx/training_midland/E8E2/E8E23853-2090-4B27-BE37-594C66B03C5B.pdf,d9bt0lu89gsg00ffe45g
e908d4f0-8dd8-46f6-a392-33743f90ff66,s3://enverus-courthouse-prod-chd-plants/tx/eog_atascosa/e908/e908d4f0-8dd8-46f6-a392-33743f90ff66.pdf,d9btlf1d6jhg0083br10
e91a9ae9-7249-11e8-95a1-00505681224b,s3://enverus-courthouse-prod-chd-plants/ms/amite/e91a/e91a9ae9-7249-11e8-95a1-00505681224b.pdf,d9bt229hd6mg00blr8bg
e92a4c76-3c14-44ce-aab3-8eedf236d534,s3://enverus-courthouse-prod-chd-plants/tx/eog_lasalle/e92a/e92a4c76-3c14-44ce-aab3-8eedf236d534.pdf,d9btv93rgi8g00bfr6j0
e9887d89-4a1b-4248-b783-be72fea2566f,s3://enverus-courthouse-prod-chd-plants/tx/eog_cooke/e988/e9887d89-4a1b-4248-b783-be72fea2566f.pdf,d9btk3o59fgg00e1va0g
e9967ab6-2b87-48dc-a711-871782a1f415,s3://enverus-courthouse-prod-chd-plants/tx/eog_gonzales/e996/e9967ab6-2b87-48dc-a711-871782a1f415.pdf,d9bsq0bdelo000dt9ju0
ea002d55-53d1-47dd-93be-6e15af51b71a,s3://enverus-courthouse-prod-chd-plants/tx/eog_atascosa/ea00/ea002d55-53d1-47dd-93be-6e15af51b71a.pdf,d9bu68shn77000favmgg
ea03a8b7-a5c8-4b2f-9977-ff93047bd92a,s3://enverus-courthouse-prod-chd-plants/tx/eog_karnes/ea03/ea03a8b7-a5c8-4b2f-9977-ff93047bd92a.pdf,d9bsuqnr761000deingg
EA04BFA2-DFF3-45C2-B06A-FB7B175FBEFE,s3://enverus-courthouse-prod-chd-plants/tx/training_crockett/EA04/EA04BFA2-DFF3-45C2-B06A-FB7B175FBEFE.pdf,d9bu9a95jqeg00e7sd00
ea0adc80-63f6-41de-896e-09325fb0e98c,s3://enverus-courthouse-prod-chd-plants/tx/houston/ea0a/ea0adc80-63f6-41de-896e-09325fb0e98c.pdf,d9btas7r761000devljg
ea1afdff-13a6-4d6a-8ad9-b81b8309d8c9,s3://enverus-courthouse-prod-chd-plants/tx/eog_cooke/ea1a/ea1afdff-13a6-4d6a-8ad9-b81b8309d8c9.pdf,d9btth4ogvn0009b2mbg
ea1c472c-feff-40eb-9a33-9951aa10271a,s3://enverus-courthouse-prod-chd-plants/tx/eog_cooke/ea1c/ea1c472c-feff-40eb-9a33-9951aa10271a.pdf,d9bt847r761000desmg0
ea3cd8ef-19a8-4a4c-b374-330bad856377,s3://enverus-courthouse-prod-chd-plants/tx/eog_cooke/ea3c/ea3cd8ef-19a8-4a4c-b374-330bad856377.pdf,d9bubih9ha2000c7cq5g
ea5fbf79-2239-41aa-b96a-cb7f8ab2cf6e,s3://enverus-courthouse-prod-chd-plants/nm/eog_lea/ea5f/ea5fbf79-2239-41aa-b96a-cb7f8ab2cf6e.pdf,d9bt0699ha2000c5l75g
ea70fdd3-7a71-4073-8d2c-854732b5465e,s3://enverus-courthouse-prod-chd-plants/tx/eog_atascosa/ea70/ea70fdd3-7a71-4073-8d2c-854732b5465e.pdf,d9bt253rgi8g00beocf0
eaa83991-58e3-4419-ac3f-107298dfecd7,s3://enverus-courthouse-prod-chd-plants/nm/eog_lea/eaa8/eaa83991-58e3-4419-ac3f-107298dfecd7.pdf,d9bujd22oub000e3b8b0
eab457e7-cc70-4124-a0e6-904268ff073e,s3://enverus-courthouse-prod-chd-plants/tx/hood/eab4/eab457e7-cc70-4124-a0e6-904268ff073e.pdf,d9btuibk4o9000896l50
eac632bf-ff06-4240-b47a-cdb9c6e1afc0,s3://enverus-courthouse-prod-chd-plants/tx/houston/eac6/eac632bf-ff06-4240-b47a-cdb9c6e1afc0.pdf,d9bsnvcflnl000dir7p0
EAC6AFB9-F32C-42ED-95D6-9616D24E71FE,s3://enverus-courthouse-prod-chd-plants/tx/training_madison/EAC6/EAC6AFB9-F32C-42ED-95D6-9616D24E71FE.pdf,d9bukhh5jqeg00e8dapg
ead89e82-d842-44b6-bf8d-54a874f76b00,s3://enverus-courthouse-prod-chd-plants/nm/eog_lea/ead8/ead89e82-d842-44b6-bf8d-54a874f76b00.pdf,d9buhbr1f5dg00beso70
eafd3f4a-49d3-459b-8c8b-90bbc5c26444,s3://enverus-courthouse-prod-chd-plants/tx/eog_cooke/eafd/eafd3f4a-49d3-459b-8c8b-90bbc5c26444.pdf,d9bt2a4flnl000dj5clg
eb1280c3-bd1b-4c9a-b139-49c19d425fac,s3://enverus-courthouse-prod-chd-plants/nm/eog_lea/eb12/eb1280c3-bd1b-4c9a-b139-49c19d425fac.pdf,d9btk3b1f5dg00bdjco0
eb3df905-11d8-4457-824b-4f00390096d2,s3://enverus-courthouse-prod-chd-plants/nm/eog_lea/eb3d/eb3df905-11d8-4457-824b-4f00390096d2.pdf,d9bu2ngisvug00ftrqcg
eb484eab-09b0-40be-a9fd-e16a9e9522d0,s3://enverus-courthouse-prod-chd-plants/tx/eog_cooke/eb48/eb484eab-09b0-40be-a9fd-e16a9e9522d0.pdf,d9buotp9ha2000c80pd0
eb67c52f-88a1-4cea-886a-e8142abb50e4,s3://enverus-courthouse-prod-chd-plants/tx/houston/eb67/eb67c52f-88a1-4cea-886a-e8142abb50e4.pdf,d9btddk1kr4g008dk5s0
eb6ffef9-3986-2b4a-8c01-413d7328698e,s3://enverus-courthouse-prod-chd-plants/tx/burleson/eb6f/eb6ffef9-3986-2b4a-8c01-413d7328698e.pdf,d9bubotlksng008ff4jg
eb873be6-da9f-4ca2-bbe5-dcd939906405,s3://enverus-courthouse-prod-chd-plants/tx/crane/eb87/eb873be6-da9f-4ca2-bbe5-dcd939906405.pdf,d9bso1eicpjg00dauicg
eba9bb77-2ed6-4bc6-a1aa-eabd4412a46d,s3://enverus-courthouse-prod-chd-plants/nm/chd_lea/eba9/eba9bb77-2ed6-4bc6-a1aa-eabd4412a46d.pdf,d9bt6cvr761000deqcm0
ebb16fea-bdcd-4a74-9228-0af986bb1eb3,s3://enverus-courthouse-prod-chd-plants/tx/eog_gonzales/ebb1/ebb16fea-bdcd-4a74-9228-0af986bb1eb3.pdf,d9bsrg22oub000e13tm0
ebb67d68-2e91-4e41-8820-ee48ac5460c3,s3://enverus-courthouse-prod-chd-plants/tx/eog_karnes/ebb6/ebb67d68-2e91-4e41-8820-ee48ac5460c3.pdf,d9bt6p030skg00d6vtug
ebcb7d34-e88b-47ed-9e6b-fc2b892315dc,s3://enverus-courthouse-prod-chd-plants/tx/houston/ebcb/ebcb7d34-e88b-47ed-9e6b-fc2b892315dc.pdf,d9btdbj6g7ig00fv8d00
ebea0c79-5d89-459c-b29d-e49ab51f72c6,s3://enverus-courthouse-prod-chd-plants/nm/eog_lea/ebea/ebea0c79-5d89-459c-b29d-e49ab51f72c6.pdf,d9btcbbrgi8g00bf3u1g
ebedd8e4-b979-432c-8ebf-00f1ccbb6727,s3://enverus-courthouse-prod-chd-plants/tx/eog_karnes/ebed/ebedd8e4-b979-432c-8ebf-00f1ccbb6727.pdf,d9bucn7pfdig00fc10ig
ebf445cf-2972-4921-9795-59d910fe1a94,s3://enverus-courthouse-prod-chd-plants/tx/houston/ebf4/ebf445cf-2972-4921-9795-59d910fe1a94.pdf,d9bsrddlksng008dii70
ec1fb661-7952-4dbf-a5ab-72f772083542,s3://enverus-courthouse-prod-chd-plants/nm/chd_lea/ec1f/ec1fb661-7952-4dbf-a5ab-72f772083542.pdf,d9bti0npfcq000ff83vg
ec274465-4c78-46c7-805b-ebc5cf1faf3e,s3://enverus-courthouse-prod-chd-plants/tx/eog_cooke/ec27/ec274465-4c78-46c7-805b-ebc5cf1faf3e.pdf,d9bu88a2oub000e2qi1g
ec27865d-e81a-4783-a805-11cd8b361dd5,s3://enverus-courthouse-prod-chd-plants/tx/eog_cooke/ec27/ec27865d-e81a-4783-a805-11cd8b361dd5.pdf,d9bt3mc1kr4g008d9alg
ec591f25-2806-4ed7-8b06-927586b59e7d,s3://enverus-courthouse-prod-chd-plants/tx/hood/ec59/ec591f25-2806-4ed7-8b06-927586b59e7d.pdf,d9btleb1f5dg00bdl6q0
ecac3767-567a-4e45-9ac9-1a4ce2ad6ec6,s3://enverus-courthouse-prod-chd-plants/nm/eog_lea/ecac/ecac3767-567a-4e45-9ac9-1a4ce2ad6ec6.pdf,d9bt0b31f5dg00bct1d0
ecf009ff-f71b-4ff1-b2a9-48f1df08c69e,s3://enverus-courthouse-prod-chd-plants/tx/eog_cooke/ecf0/ecf009ff-f71b-4ff1-b2a9-48f1df08c69e.pdf,d9bt87npfdig00faggn0
ecfaa0f9-8ee4-464b-8317-cc3b0314eac3,s3://enverus-courthouse-prod-chd-plants/tx/eog_karnes/ecfa/ecfaa0f9-8ee4-464b-8317-cc3b0314eac3.pdf,d9bst0r6g7ig00fumnm0
ed071b6a-da95-4f0c-b909-d48668bdec47,s3://enverus-courthouse-prod-chd-plants/nm/eog_lea/ed07/ed071b6a-da95-4f0c-b909-d48668bdec47.pdf,d9bu6c3k4o900089i130
ed09dd94-185a-4a8b-94a1-f3c5a8412c8e,s3://enverus-courthouse-prod-chd-plants/tx/eog_cooke/ed09/ed09dd94-185a-4a8b-94a1-f3c5a8412c8e.pdf,d9bsnu9b0h1g00cvf1s0
ed1108a4-69bb-4811-846d-250ea91e29c9,s3://enverus-courthouse-prod-chd-plants/tx/eog_karnes/ed11/ed1108a4-69bb-4811-846d-250ea91e29c9.pdf,d9bsst7pfcq000feg3p0
ed179a0a-3b8a-40a3-ac0d-1292c3b297f6,s3://enverus-courthouse-prod-chd-plants/tx/eog_cooke/ed17/ed179a0a-3b8a-40a3-ac0d-1292c3b297f6.pdf,d9btmu1hd6mg00bmjel0
ed7bab41-c09a-424f-81f3-930146236335,s3://enverus-courthouse-prod-chd-plants/tx/reeves/ed7b/ed7bab41-c09a-424f-81f3-930146236335.pdf,d9bukgcogvn0009c48r0
ede25297-78b0-48ec-abef-60296ef9f9af,s3://enverus-courthouse-prod-chd-plants/nm/eog_lea/ede2/ede25297-78b0-48ec-abef-60296ef9f9af.pdf,d9bua8pb0h1g00d1bhrg
ee402342-9d87-4a96-943e-2f2746ed0138,s3://enverus-courthouse-prod-chd-plants/tx/eog_mcmullen/ee40/ee402342-9d87-4a96-943e-2f2746ed0138.pdf,d9bum9vr2ffg00e1cv6g
ee5860a8-54ea-4fac-b464-9c9983c1af23,s3://enverus-courthouse-prod-chd-plants/nm/chd_lea/ee58/ee5860a8-54ea-4fac-b464-9c9983c1af23.pdf,d9bspiuicpjg00davddg
ee664f57-5793-4426-a9dc-7b86c08e8bd0,s3://enverus-courthouse-prod-chd-plants/tx/eog_cooke/ee66/ee664f57-5793-4426-a9dc-7b86c08e8bd0.pdf,d9btqnpd6jhg0083injg
ee6efeb0-72ea-4fca-9368-614d3f7c6a1a,s3://enverus-courthouse-prod-chd-plants/tx/crane/ee6e/ee6efeb0-72ea-4fca-9368-614d3f7c6a1a.pdf,d9buag7r2ffg00e0rat0
ee767f6a-8887-4549-ab27-077257fdb8f3,s3://enverus-courthouse-prod-chd-plants/tx/hood/ee76/ee767f6a-8887-4549-ab27-077257fdb8f3.pdf,d9btlm030skg00d7hcr0
ee76c297-ac5a-4596-a5ca-dc551bcff1dd,s3://enverus-courthouse-prod-chd-plants/nm/chd_lea/ee76/ee76c297-ac5a-4596-a5ca-dc551bcff1dd.pdf,d9bu8k6icpjg00dcoqp0
ee7fd533-0f88-48d4-847b-efb8f70e85d4,s3://enverus-courthouse-prod-chd-plants/nm/eog_lea/ee7f/ee7fd533-0f88-48d4-847b-efb8f70e85d4.pdf,d9btms030skg00d7iopg
EEC18528-38EC-4DE1-9CBE-3D872EFC6AF2,s3://enverus-courthouse-prod-chd-plants/tx/training_pecos/EEC1/EEC18528-38EC-4DE1-9CBE-3D872EFC6AF2.pdf,d9btt595jqeg00e7at4g
eec72794-7504-420c-9194-f1eb324fb03e,s3://enverus-courthouse-prod-chd-plants/tx/eog_atascosa/eec7/eec72794-7504-420c-9194-f1eb324fb03e.pdf,d9bspnphd6mg00blj3bg
EEC747C6-6548-48D0-9BCC-15BA725D6A19,s3://enverus-courthouse-prod-chd-plants/tx/training_howard/EEC7/EEC747C6-6548-48D0-9BCC-15BA725D6A19.pdf,d9bufurdd4a000d67r2g
eecec8d4-95b3-41e8-83b1-ae7a07159575,s3://enverus-courthouse-prod-chd-plants/nm/eog_lea/eece/eecec8d4-95b3-41e8-83b1-ae7a07159575.pdf,d9btp9a2oub000e25h00
ef1145a2-5077-47f2-ae8f-c8151a6fe940,s3://enverus-courthouse-prod-chd-plants/nm/eog_lea/ef11/ef1145a2-5077-47f2-ae8f-c8151a6fe940.pdf,d9bso33s7m5g0087i430
ef3b0246-37c2-4c6f-ac7a-aa6275db7035,s3://enverus-courthouse-prod-chd-plants/nm/chd_lea/ef3b/ef3b0246-37c2-4c6f-ac7a-aa6275db7035.pdf,d9bttea2oub000e2b900
ef3e602d-ea98-4f30-bac2-6ae6b97759e7,s3://enverus-courthouse-prod-chd-plants/tx/eog_atascosa/ef3e/ef3e602d-ea98-4f30-bac2-6ae6b97759e7.pdf,d9bujdrdelo000dvi310
ef46adb5-338a-40ab-b980-74e4365af1ec,s3://enverus-courthouse-prod-chd-plants/tx/eog_atascosa/ef46/ef46adb5-338a-40ab-b980-74e4365af1ec.pdf,d9budmkflnl000dkssm0
ef4a9db7-8a73-418f-9ac5-5a3924eb754c,s3://enverus-courthouse-prod-chd-plants/nm/eog_lea/ef4a/ef4a9db7-8a73-418f-9ac5-5a3924eb754c.pdf,d9buoprk4o90008adesg
ef5cff61-6f8b-48ac-b055-f9459b0923f6,s3://enverus-courthouse-prod-chd-plants/tx/eog_cooke/ef5c/ef5cff61-6f8b-48ac-b055-f9459b0923f6.pdf,d9bu9g99ha2000c79j50
ef7d3b25-a48f-4d6f-9d28-f4e731da638d,s3://enverus-courthouse-prod-chd-plants/tx/eog_atascosa/ef7d/ef7d3b25-a48f-4d6f-9d28-f4e731da638d.pdf,d9btu93delo000duinh0
ef93ea53-3529-4ad2-bdd4-c772e1ca9737,s3://enverus-courthouse-prod-chd-plants/nm/eog_lea/ef93/ef93ea53-3529-4ad2-bdd4-c772e1ca9737.pdf,d9bt8bfr2ffg00dvepm0
ef9acb0d-7093-4030-8346-295846ac7bb0,s3://enverus-courthouse-prod-chd-plants/ok/kay/ef9a/ef9acb0d-7093-4030-8346-295846ac7bb0.pdf,c5b0tckvfoog00dv3uh0
EF9E9C45-8BDB-49E2-B83C-2CD4472F9335,s3://enverus-courthouse-prod-chd-plants/tx/training_karnes/EF9E/EF9E9C45-8BDB-49E2-B83C-2CD4472F9335.pdf,d9bupmnr761000dgvkl0
efb16525-de1c-4673-b8e0-601d6478aa06,s3://enverus-courthouse-prod-chd-plants/nm/eog_lea/efb1/efb16525-de1c-4673-b8e0-601d6478aa06.pdf,d9bu7795jqeg00e7pau0
efb56cee-6ccf-47df-8e75-bdf9227297f1,s3://enverus-courthouse-prod-chd-plants/tx/hood/efb5/efb56cee-6ccf-47df-8e75-bdf9227297f1.pdf,d9bu75r6g7ig0080aing
efdc32f6-7260-4c2e-a998-fb982d0ec87d,s3://enverus-courthouse-prod-chd-plants/nm/eog_lea/efdc/efdc32f6-7260-4c2e-a998-fb982d0ec87d.pdf,d9bupjnr2ffg00e1hlo0
efe36209-48cb-4cbf-b4f1-e573a6b83e5c,s3://enverus-courthouse-prod-chd-plants/tx/eog_karnes/efe3/efe36209-48cb-4cbf-b4f1-e573a6b83e5c.pdf,d9buco7pfcq000fgcu00
f013b77a-1df7-4ef9-9294-8eed63cf88ac,s3://enverus-courthouse-prod-chd-plants/tx/houston/f013/f013b77a-1df7-4ef9-9294-8eed63cf88ac.pdf,d9bug8hb0h1g00d1kn20
f021bb9b-5f85-4bbc-a715-5a340cc4bc15,s3://enverus-courthouse-prod-chd-plants/tx/houston/f021/f021bb9b-5f85-4bbc-a715-5a340cc4bc15.pdf,d9btaochn77000f9ritg
f05d8d57-9657-42d7-80b7-12f8aedb16bd,s3://enverus-courthouse-prod-chd-plants/tx/eog_gonzales/f05d/f05d8d57-9657-42d7-80b7-12f8aedb16bd.pdf,d9bsr8p9ha2000c5gc5g
f0c9926d-27ab-4112-8620-2eac015b4e7b,s3://enverus-courthouse-prod-chd-plants/tx/eog_cooke/f0c9/f0c9926d-27ab-4112-8620-2eac015b4e7b.pdf,d9bublrdd4a000d61sj0
f0f3046a-d551-45f7-8836-b06c1cb41192,s3://enverus-courthouse-prod-chd-plants/tx/crane/f0f3/f0f3046a-d551-45f7-8836-b06c1cb41192.pdf,d9bt9dnpfdig00fahir0
f0f69cba-02e9-4b42-a6ae-cb5fe8a54a4c,s3://enverus-courthouse-prod-chd-plants/tx/eog_cooke/f0f6/f0f69cba-02e9-4b42-a6ae-cb5fe8a54a4c.pdf,d9bsun8isvug00fsg640
f131dcce-9acb-4823-901e-d49722a32cce,s3://enverus-courthouse-prod-chd-plants/nm/eog_lea/f131/f131dcce-9acb-4823-901e-d49722a32cce.pdf,d9btb6bk4o900088evhg
f1464bce-42a4-42fa-b461-16a16111b4c9,s3://enverus-courthouse-prod-chd-plants/tx/terrell/f146/f1464bce-42a4-42fa-b461-16a16111b4c9.pdf,c2dcn7forvtg00cprlkg
f15ef346-088d-344e-a2ad-ffba6148c56e,s3://enverus-courthouse-prod-chd-plants/tx/andrews/f15e/f15ef346-088d-344e-a2ad-ffba6148c56e.pdf,d9bt8abdelo000dtobvg
f16a336a-832c-4af3-829a-d485c9ab4d19,s3://enverus-courthouse-prod-chd-plants/tx/houston/f16a/f16a336a-832c-4af3-829a-d485c9ab4d19.pdf,d9buh5059fgg00e38elg
f16ad7d3-167e-4acf-9aa4-5d2568348d78,s3://enverus-courthouse-prod-chd-plants/nm/eog_lea/f16a/f16ad7d3-167e-4acf-9aa4-5d2568348d78.pdf,d9bucig59fgg00e31ss0
F16D4E9E-513F-4896-9F5B-D09C17DD11C5,s3://enverus-courthouse-prod-chd-plants/tx/training_crockett/F16D/F16D4E9E-513F-4896-9F5B-D09C17DD11C5.pdf,d9buk2llksng008fqpf0
f1913015-4f10-4b7e-b06a-8eb61b30dd71,s3://enverus-courthouse-prod-chd-plants/tx/eog_atascosa/f191/f1913015-4f10-4b7e-b06a-8eb61b30dd71.pdf,d9bt1quicpjg00db7d3g
f1be09c7-3dc2-438d-8e67-ce211132ae0a,s3://enverus-courthouse-prod-chd-plants/tx/eog_gonzales/f1be/f1be09c7-3dc2-438d-8e67-ce211132ae0a.pdf,d9btf27pfdig00faokf0
f2128720-f7f5-4fb7-b8f3-30665572795f,s3://enverus-courthouse-prod-chd-plants/tx/eog_cooke/f212/f2128720-f7f5-4fb7-b8f3-30665572795f.pdf,d9buqivak3500088ahb0
f21cb5aa-b0eb-4de6-baba-0218613de529,s3://enverus-courthouse-prod-chd-plants/nm/eog_lea/f21c/f21cb5aa-b0eb-4de6-baba-0218613de529.pdf,d9bur5npfdig00fcmhjg
f225b99e-f9bc-8044-bb43-f4f7c648bf0e,s3://enverus-courthouse-prod-chd-plants/tx/crane/f225/f225b99e-f9bc-8044-bb43-f4f7c648bf0e.pdf,d9bub9fr761000dgaav0
f239ce3b-b981-4cd4-b4f6-3f6fd0b8cedd,s3://enverus-courthouse-prod-chd-plants/tx/houston/f239/f239ce3b-b981-4cd4-b4f6-3f6fd0b8cedd.pdf,d9bt3d7pfcq000femj60
f23d1a54-cf2d-4f12-9df0-c1c9f3db2656,s3://enverus-courthouse-prod-chd-plants/nm/eog_lea/f23d/f23d1a54-cf2d-4f12-9df0-c1c9f3db2656.pdf,d9buk595jqeg00e8cci0
f23e3a49-e7da-4f52-9b75-21dd11baf2d3,s3://enverus-courthouse-prod-chd-plants/tx/eog_cooke/f23e/f23e3a49-e7da-4f52-9b75-21dd11baf2d3.pdf,d9bumgvak35000885170
f256829d-cd87-4b4f-b351-79077ea99896,s3://enverus-courthouse-prod-chd-plants/tx/eog_karnes/f256/f256829d-cd87-4b4f-b351-79077ea99896.pdf,d9bu4akogvn0009bcg20
f2588b9f-f221-49bb-b5fd-10ffd5aaa7c8,s3://enverus-courthouse-prod-chd-plants/tx/eog_lasalle/f258/f2588b9f-f221-49bb-b5fd-10ffd5aaa7c8.pdf,d9bt4v0isvug00fsmmu0
f27d1f49-e7f6-4808-b4c8-50ae4cae152d,s3://enverus-courthouse-prod-chd-plants/nm/eog_lea/f27d/f27d1f49-e7f6-4808-b4c8-50ae4cae152d.pdf,d9bug5sflnl000dl0nc0
f2bef9be-6928-428a-b8b0-1b01dc0040e8,s3://enverus-courthouse-prod-chd-plants/nm/chd_lea/f2be/f2bef9be-6928-428a-b8b0-1b01dc0040e8.pdf,d9buh71hd6mg00bnog60
f2d56505-58c9-4c67-92c8-2475b1a15854,s3://enverus-courthouse-prod-chd-plants/tx/eog_karnes/f2d5/f2d56505-58c9-4c67-92c8-2475b1a15854.pdf,d9buovs1kr4g008fh4ng
f2dad9b2-4b57-4fe8-bef0-55bf07cc713d,s3://enverus-courthouse-prod-chd-plants/tx/eog_karnes/f2da/f2dad9b2-4b57-4fe8-bef0-55bf07cc713d.pdf,d9bt28gisvug00fsk850
f2f5fc85-c297-46cb-a3f5-80f59bb39f18,s3://enverus-courthouse-prod-chd-plants/nm/eog_lea/f2f5/f2f5fc85-c297-46cb-a3f5-80f59bb39f18.pdf,d9bu323k4o900089d7tg
f3097723-cc9b-4fac-9f60-a301b2b7f652,s3://enverus-courthouse-prod-chd-plants/tx/eog_lasalle/f309/f3097723-cc9b-4fac-9f60-a301b2b7f652.pdf,d9bti0r1f5dg00bdhip0
f32e9d8f-0f57-44ba-a2d9-0d6a2e7b2a21,s3://enverus-courthouse-prod-chd-plants/nm/chd_lea/f32e/f32e9d8f-0f57-44ba-a2d9-0d6a2e7b2a21.pdf,d9bsr6fr2ffg00dv03gg
f3395d68-340b-402d-8c6a-aa94c6431ae1,s3://enverus-courthouse-prod-chd-plants/nm/chd_lea/f339/f3395d68-340b-402d-8c6a-aa94c6431ae1.pdf,d9bu7bb6g7ig0080b09g
f341e16b-2682-498c-804c-ac6db537b8ce,s3://enverus-courthouse-prod-chd-plants/nm/eog_lea/f341/f341e16b-2682-498c-804c-ac6db537b8ce.pdf,d9bu71uicpjg00dcm0o0
f3914678-bb94-4453-8bb4-ecb253f75b84,s3://enverus-courthouse-prod-chd-plants/nm/eog_lea/f391/f3914678-bb94-4453-8bb4-ecb253f75b84.pdf,d9buq47pfcq000fh0ni0
f399cfb6-b546-4921-b626-18a79fd24982,s3://enverus-courthouse-prod-chd-plants/tx/robertson/f399/f399cfb6-b546-4921-b626-18a79fd24982.pdf,d9bur51d6jhg00851st0
f3a13ca5-d258-458d-b36b-e5ba64ba5c62,s3://enverus-courthouse-prod-chd-plants/nm/eog_lea/f3a1/f3a13ca5-d258-458d-b36b-e5ba64ba5c62.pdf,d9btdh1hd6mg00bm82ag
f3b2bcfe-4322-9343-a831-83b5a06c5f6f,s3://enverus-courthouse-prod-chd-plants/tx/burleson/f3b2/f3b2bcfe-4322-9343-a831-83b5a06c5f6f.pdf,d9bt2e36g7ig00fusp00
f3b9d096-c70c-4068-aff7-61ffed20286a,s3://enverus-courthouse-prod-chd-plants/tx/eog_karnes/f3b9/f3b9d096-c70c-4068-aff7-61ffed20286a.pdf,d9bt0hfpfcq000fejtd0
f3bceed1-1ec0-4ab6-b22b-e26cf92bed72,s3://enverus-courthouse-prod-chd-plants/nm/chd_lea/f3bc/f3bceed1-1ec0-4ab6-b22b-e26cf92bed72.pdf,d9btkg7pfdig00fav09g
F3BE5C32-9D45-41E8-8847-99CDD13E2D62,s3://enverus-courthouse-prod-chd-plants/tx/training_crockett/F3BE/F3BE5C32-9D45-41E8-8847-99CDD13E2D62.pdf,d9bu5bdlksng008f5ecg
f40a1e6d-2e5e-4431-953a-3853c09fe89d,s3://enverus-courthouse-prod-chd-plants/tx/eog_karnes/f40a/f40a1e6d-2e5e-4431-953a-3853c09fe89d.pdf,d9buh3vak3500087sm7g
F41B954A-02E7-4398-B9D3-AA41757944D9,s3://enverus-courthouse-prod-chd-plants/tx/training_crockett/F41B/F41B954A-02E7-4398-B9D3-AA41757944D9.pdf,d9bt59059fgg00e1eg60
f45adbed-0c9b-4bec-b237-a55d2f747ee6,s3://enverus-courthouse-prod-chd-plants/tx/eog_atascosa/f45a/f45adbed-0c9b-4bec-b237-a55d2f747ee6.pdf,d9bteuuicpjg00dbmnbg
f466eda5-0db8-11ea-a7f8-00505681224b,s3://enverus-courthouse-prod-chd-plants/nm/eog_lea/f466/f466eda5-0db8-11ea-a7f8-00505681224b.pdf,d9bt27q2oub000e1ast0
F4A5866C-8D50-4ED5-B63A-2F5B08EC08C9,s3://enverus-courthouse-prod-chd-plants/tx/training_live oak/F4A5/F4A5866C-8D50-4ED5-B63A-2F5B08EC08C9.pdf,d9bu1mbrgi8g00bfv02g
f4a80597-349c-4d00-be9e-6151d2b19c96,s3://enverus-courthouse-prod-chd-plants/nm/eog_lea/f4a8/f4a80597-349c-4d00-be9e-6151d2b19c96.pdf,d9btrohkf4s000f6uqrg
f4db24e4-dbee-42a0-98c4-76f0e492c758,s3://enverus-courthouse-prod-chd-plants/nm/chd_lea/f4db/f4db24e4-dbee-42a0-98c4-76f0e492c758.pdf,d9btltfpfdig00fb0vlg
f4e6a55f-1984-4fe5-99c9-8eb3e67aae69,s3://enverus-courthouse-prod-chd-plants/nm/eog_lea/f4e6/f4e6a55f-1984-4fe5-99c9-8eb3e67aae69.pdf,d9buh4bk4o90008a1q9g
f5479eb4-7d6d-4bf0-8b1d-08391b1dd7ac,s3://enverus-courthouse-prod-chd-plants/tx/hood/f547/f5479eb4-7d6d-4bf0-8b1d-08391b1dd7ac.pdf,d9budr0isvug00fucd00
f55cd957-1421-41a8-b8fc-ca6db8e2dac9,s3://enverus-courthouse-prod-chd-plants/nm/chd_lea/f55c/f55cd957-1421-41a8-b8fc-ca6db8e2dac9.pdf,d9btt93delo000duhlbg
f56078d3-a21e-490c-b3b8-b2fdc04e9f7a,s3://enverus-courthouse-prod-chd-plants/tx/eog_karnes/f560/f56078d3-a21e-490c-b3b8-b2fdc04e9f7a.pdf,d9btlpllksng008eger0
F56F1C2E-51C7-4CCA-8ED9-6DCA53DBF69C,s3://enverus-courthouse-prod-chd-plants/tx/training_howard/F56F/F56F1C2E-51C7-4CCA-8ED9-6DCA53DBF69C.pdf,d9btmisflnl000djs7c0
f585a7b3-c6ac-4fef-9692-9daed66214f1,s3://enverus-courthouse-prod-chd-plants/tx/eog_cooke/f585/f585a7b3-c6ac-4fef-9692-9daed66214f1.pdf,d9bts3vpfcq000ffklog
f58cf27c-d820-4a58-879f-4ca3aeb9924d,s3://enverus-courthouse-prod-chd-plants/tx/eog_cooke/f58c/f58cf27c-d820-4a58-879f-4ca3aeb9924d.pdf,d9bui7o59fgg00e3a3p0
f5b97ee6-fba4-4e88-9102-00bdd35b8a72,s3://enverus-courthouse-prod-chd-plants/tx/eog_cooke/f5b9/f5b97ee6-fba4-4e88-9102-00bdd35b8a72.pdf,d9bu67059fgg00e2o5qg
F5C688E1-9DAB-4956-B64D-C0019F0E7A5E,s3://enverus-courthouse-prod-chd-plants/tx/training_reeves/F5C6/F5C688E1-9DAB-4956-B64D-C0019F0E7A5E.pdf,d9bu643s7m5g00898hsg
f5ef9f12-bb57-4e4f-82bc-145ed5231b07,s3://enverus-courthouse-prod-chd-plants/tx/eog_atascosa/f5ef/f5ef9f12-bb57-4e4f-82bc-145ed5231b07.pdf,d9bulceicpjg00ddbfmg
f5f4224a-771d-4691-a6a5-70a2f5be7a30,s3://enverus-courthouse-prod-chd-plants/nm/chd_lea/f5f4/f5f4224a-771d-4691-a6a5-70a2f5be7a30.pdf,d9bumam89gsg00fhkc60
f5ffbc54-d4f1-4eb2-bb1d-5f874355d772,s3://enverus-courthouse-prod-chd-plants/tx/eog_atascosa/f5ff/f5ffbc54-d4f1-4eb2-bb1d-5f874355d772.pdf,d9bu5b31f5dg00beavpg
f6092338-d8c9-410a-b756-a36fee1fe17b,s3://enverus-courthouse-prod-chd-plants/tx/eog_gonzales/f609/f6092338-d8c9-410a-b756-a36fee1fe17b.pdf,d9bunlmicpjg00ddf2a0
f639f58a-1b2c-4e43-9f09-2a5ffd4d6a42,s3://enverus-courthouse-prod-chd-plants/tx/eog_cooke/f639/f639f58a-1b2c-4e43-9f09-2a5ffd4d6a42.pdf,d9bt4uq2oub000e1dbr0
f65468f4-9f8c-4708-80ee-326ef6da17ac,s3://enverus-courthouse-prod-chd-plants/nm/chd_lea/f654/f65468f4-9f8c-4708-80ee-326ef6da17ac.pdf,d9bsnmrdelo000dt6u8g
f6a8e8e8-476d-434d-87ed-ff9540ba4645,s3://enverus-courthouse-prod-chd-plants/tx/eog_gonzales/f6a8/f6a8e8e8-476d-434d-87ed-ff9540ba4645.pdf,d9buch030skg00d8ha20
f6bc9c3d-9a3f-429e-9104-4e723708583c,s3://enverus-courthouse-prod-chd-plants/nm/eog_lea/f6bc/f6bc9c3d-9a3f-429e-9104-4e723708583c.pdf,d9bst4khn77000f9d6tg
F6CE9F81-31D3-4E83-BB25-795EBEF507EC,s3://enverus-courthouse-prod-chd-plants/tx/training_pecos/F6CE/F6CE9F81-31D3-4E83-BB25-795EBEF507EC.pdf,d9buarpb0h1g00d1cv9g
f6d56e6f-b6b8-460e-badc-90f86e180063,s3://enverus-courthouse-prod-chd-plants/nm/chd_lea/f6d5/f6d56e6f-b6b8-460e-badc-90f86e180063.pdf,d9bt6tphd6mg00bm0ss0
f70e739d-8c3e-4d62-b105-70236d31e31a,s3://enverus-courthouse-prod-chd-plants/tx/crane/f70e/f70e739d-8c3e-4d62-b105-70236d31e31a.pdf,d9btu531f5dg00be04o0
f762a7b8-2cc5-474f-85c5-ade85a4305d3,s3://enverus-courthouse-prod-chd-plants/nm/chd_lea/f762/f762a7b8-2cc5-474f-85c5-ade85a4305d3.pdf,d9bu8lhb0h1g00d19jrg
f78b8525-395d-4435-9e64-919e582a65ed,s3://enverus-courthouse-prod-chd-plants/tx/eog_gonzales/f78b/f78b8525-395d-4435-9e64-919e582a65ed.pdf,d9btdf3dd4a000d4otng
f7ade7af-d604-4bfd-bfd4-42d09287b6e0,s3://enverus-courthouse-prod-chd-plants/tx/eog_atascosa/f7ad/f7ade7af-d604-4bfd-bfd4-42d09287b6e0.pdf,d9bu3tc1kr4g008ehedg
f7bdb098-b340-4a5d-867b-ed9bf9bd5cac,s3://enverus-courthouse-prod-chd-plants/tx/eog_cooke/f7bd/f7bdb098-b340-4a5d-867b-ed9bf9bd5cac.pdf,d9buf9a2oub000e35agg
f7d125fe-5319-4980-82ac-042fda45ca86,s3://enverus-courthouse-prod-chd-plants/tx/eog_atascosa/f7d1/f7d125fe-5319-4980-82ac-042fda45ca86.pdf,d9buaoe89gsg00fh3e8g
f7d5782d-f79e-4f50-8e67-061b8464b45e,s3://enverus-courthouse-prod-chd-plants/nm/eog_lea/f7d5/f7d5782d-f79e-4f50-8e67-061b8464b45e.pdf,d9btt1jdd4a000d5c42g
f7e80137-d08c-46ee-94b0-b9ce6cc1eabb,s3://enverus-courthouse-prod-chd-plants/tx/eog_atascosa/f7e8/f7e80137-d08c-46ee-94b0-b9ce6cc1eabb.pdf,d9buqo7r2ffg00e1jg0g
f8294e82-7616-0343-ae19-52152ec6a348,s3://enverus-courthouse-prod-chd-plants/nm/eddy/f829/f8294e82-7616-0343-ae19-52152ec6a348.pdf,d9bt3ivpfcq000fen140
f8451054-e694-400d-950f-69b6fa5688e3,s3://enverus-courthouse-prod-chd-plants/tx/eog_atascosa/f845/f8451054-e694-400d-950f-69b6fa5688e3.pdf,d9btcd6icpjg00dbjp6g
f84f0e28-e728-4a9c-9dd2-56e37655e2c3,s3://enverus-courthouse-prod-chd-plants/nm/eog_lea/f84f/f84f0e28-e728-4a9c-9dd2-56e37655e2c3.pdf,d9bspqg30skg00d6ijmg
f85a942c-9e9f-4700-b436-ffb5915c5c2d,s3://enverus-courthouse-prod-chd-plants/tx/eog_cooke/f85a/f85a942c-9e9f-4700-b436-ffb5915c5c2d.pdf,d9bu96gisvug00fu57j0
f8671cea-4678-11eb-af50-00505681224b,s3://enverus-courthouse-prod-chd-plants/nm/eog_lea/f867/f8671cea-4678-11eb-af50-00505681224b.pdf,d9bthnkhn77000fa42ng
f8a3c02d-6be5-4194-9f17-bde0e7b19611,s3://enverus-courthouse-prod-chd-plants/tx/eog_karnes/f8a3/f8a3c02d-6be5-4194-9f17-bde0e7b19611.pdf,d9bt81vr2ffg00dve2ag
f8ed872f-e79f-45e3-a216-f06b64ca96db,s3://enverus-courthouse-prod-chd-plants/tx/eog_cooke/f8ed/f8ed872f-e79f-45e3-a216-f06b64ca96db.pdf,d9bu32chn77000far55g
f933e720-a447-49ea-b9de-00a0e469f8d5,s3://enverus-courthouse-prod-chd-plants/tx/eog_gonzales/f933/f933e720-a447-49ea-b9de-00a0e469f8d5.pdf,d9buphq2oub000e3k4ig
f95c2e97-fa01-4a6e-8cd9-179212a28c0b,s3://enverus-courthouse-prod-chd-plants/nm/chd_lea/f95c/f95c2e97-fa01-4a6e-8cd9-179212a28c0b.pdf,d9bur1js7m5g008a80mg
f9667770-4651-47bf-b058-bc14fce9e062,s3://enverus-courthouse-prod-chd-plants/tx/eog_atascosa/f966/f9667770-4651-47bf-b058-bc14fce9e062.pdf,d9buic19ha2000c7mrfg
f9e91af9-6119-4597-be5a-cc8c21d15392,s3://enverus-courthouse-prod-chd-plants/tx/eog_atascosa/f9e9/f9e91af9-6119-4597-be5a-cc8c21d15392.pdf,d9bu9k7ak3500087hqmg
fa4be4cd-cca7-4eca-bd8b-e664134b5dd1,s3://enverus-courthouse-prod-chd-plants/tx/eog_gonzales/fa4b/fa4be4cd-cca7-4eca-bd8b-e664134b5dd1.pdf,d9btueb1f5dg00be0qsg
fa67dfdc-a9d5-428a-a562-b7cf82713dc3,s3://enverus-courthouse-prod-chd-plants/nm/chd_lea/fa67/fa67dfdc-a9d5-428a-a562-b7cf82713dc3.pdf,d9bujevpfdig00fcao0g
fa912831-c9d7-45c1-9a3d-68e049f3321c,s3://enverus-courthouse-prod-chd-plants/tx/eog_gonzales/fa91/fa912831-c9d7-45c1-9a3d-68e049f3321c.pdf,d9buk4rk4o90008a6390
fab26047-ad75-4b05-a3f1-b1b5cb6e1885,s3://enverus-courthouse-prod-chd-plants/nm/eog_lea/fab2/fab26047-ad75-4b05-a3f1-b1b5cb6e1885.pdf,d9bumi689gsg00fhku9g
fad607e8-fbb6-4496-afb9-7e56292d1079,s3://enverus-courthouse-prod-chd-plants/tx/eog_atascosa/fad6/fad607e8-fbb6-4496-afb9-7e56292d1079.pdf,d9buckrte9l000f8vn6g
FAF3B5F3-1804-49FB-BD1D-A5C202FA143D,s3://enverus-courthouse-prod-chd-plants/tx/training_andrews/FAF3/FAF3B5F3-1804-49FB-BD1D-A5C202FA143D.pdf,d9bsuqfpfcq000fei5r0
fb1965e2-f64c-4c4e-b366-ec28d7b94fa5,s3://enverus-courthouse-prod-chd-plants/tx/eog_cooke/fb19/fb1965e2-f64c-4c4e-b366-ec28d7b94fa5.pdf,d9bum43dd4a000d6h0sg
fb43a488-42b3-484b-8316-a52a47e941b7,s3://enverus-courthouse-prod-chd-plants/nm/eog_lea/fb43/fb43a488-42b3-484b-8316-a52a47e941b7.pdf,d9buhsfpfdig00fc80dg
fb718c1b-a6b0-47b2-a463-e1579402bd35,s3://enverus-courthouse-prod-chd-plants/tx/eog_atascosa/fb71/fb718c1b-a6b0-47b2-a463-e1579402bd35.pdf,d9bufvjte9l000f948a0
fb746e46-63ce-485f-bef1-6e390f15888a,s3://enverus-courthouse-prod-chd-plants/nm/eog_lea/fb74/fb746e46-63ce-485f-bef1-6e390f15888a.pdf,d9btvng30skg00d7ugqg
FB84C874-E530-437F-BAF5-47EBFC84DBE5,s3://enverus-courthouse-prod-chd-plants/tx/training_walker/FB84/FB84C874-E530-437F-BAF5-47EBFC84DBE5.pdf,d9bubb19ha2000c7c850
fbff46ec-4b7f-446b-b6c6-0f15cd47d03e,s3://enverus-courthouse-prod-chd-plants/nm/eog_lea/fbff/fbff46ec-4b7f-446b-b6c6-0f15cd47d03e.pdf,d9buonuicpjg00ddgkvg
fc09fbb2-6b10-42e3-9114-43f503bca212,s3://enverus-courthouse-prod-chd-plants/nm/chd_lea/fc09/fc09fbb2-6b10-42e3-9114-43f503bca212.pdf,d9bu40bk4o900089eg60
fc2648ad-bf53-4d87-a590-893fccf3246a,s3://enverus-courthouse-prod-chd-plants/tx/eog_atascosa/fc26/fc2648ad-bf53-4d87-a590-893fccf3246a.pdf,d9btb24flnl000djetsg
fc37892a-deed-488e-8982-3b48369a6cf2,s3://enverus-courthouse-prod-chd-plants/tx/eog_karnes/fc37/fc37892a-deed-488e-8982-3b48369a6cf2.pdf,d9bsrmpkf4s000f5qbig
fc5f8c64-014f-48f4-9c5d-2ead32995f6d,s3://enverus-courthouse-prod-chd-plants/tx/houston/fc5f/fc5f8c64-014f-48f4-9c5d-2ead32995f6d.pdf,d9bt3esflnl000dj6080
fc804d7e-0f85-4318-83e7-8ab5e875e5a1,s3://enverus-courthouse-prod-chd-plants/tx/eog_cooke/fc80/fc804d7e-0f85-4318-83e7-8ab5e875e5a1.pdf,d9bu0k830skg00d7vko0
fcaac9fc-cee2-41ed-ad41-83cc5ec406b2,s3://enverus-courthouse-prod-chd-plants/tx/walker/fcaa/fcaac9fc-cee2-41ed-ad41-83cc5ec406b2.pdf,d9bsrdpd6jhg0082etkg
FCAF3ED8-B847-4BF2-BC33-0E1F906F8D51,s3://enverus-courthouse-prod-chd-plants/tx/training_crockett/FCAF/FCAF3ED8-B847-4BF2-BC33-0E1F906F8D51.pdf,d9buakphd6mg00bnetgg
fcb4260f-f968-4ba6-9327-d2a73ca96f8f,s3://enverus-courthouse-prod-chd-plants/tx/eog_gonzales/fcb4/fcb4260f-f968-4ba6-9327-d2a73ca96f8f.pdf,d9bu3t95jqeg00e7kig0
fce62167-40d0-4d0f-a4a4-20b97b36f973,s3://enverus-courthouse-prod-chd-plants/nm/eog_lea/fce6/fce62167-40d0-4d0f-a4a4-20b97b36f973.pdf,d9btp7g30skg00d7lhb0
fcecf713-50cc-5346-bfbf-fc6e08e74068,s3://enverus-courthouse-prod-chd-plants/tx/robertson/fcec/fcecf713-50cc-5346-bfbf-fc6e08e74068.pdf,d9bu77fpfdig00fbobk0
fd23ac48-fdce-4272-ac4d-975bf880ba00,s3://enverus-courthouse-prod-chd-plants/tx/eog_gonzales/fd23/fd23ac48-fdce-4272-ac4d-975bf880ba00.pdf,d9bupieicpjg00ddhf60
FD98F010-73E2-4647-A39D-149D48B0155D,s3://enverus-courthouse-prod-chd-plants/tx/training_glasscock/FD98/FD98F010-73E2-4647-A39D-149D48B0155D.pdf,d9budt7pfdig00fc2gb0
fdb26b17-e459-42d9-818b-1c6760ca9dd4,s3://enverus-courthouse-prod-chd-plants/tx/eog_atascosa/fdb2/fdb26b17-e459-42d9-818b-1c6760ca9dd4.pdf,d9bsnro59fgg00e10t4g
fdc93593-4b0f-47f3-a34a-7b24105d36ea,s3://enverus-courthouse-prod-chd-plants/tx/robertson/fdc9/fdc93593-4b0f-47f3-a34a-7b24105d36ea.pdf,d9bupr8isvug00fuuahg
fe133f96-a1d4-4b3b-8925-2c865437726b,s3://enverus-courthouse-prod-chd-plants/tx/eog_karnes/fe13/fe133f96-a1d4-4b3b-8925-2c865437726b.pdf,d9bspt0isvug00fsbud0
fe484c27-7d40-47b3-a524-0bd2d4ae7a17,s3://enverus-courthouse-prod-chd-plants/tx/eog_karnes/fe48/fe484c27-7d40-47b3-a524-0bd2d4ae7a17.pdf,d9buli1hd6mg00bnv1jg
fe7f1b3c-821b-4cce-95c0-7c9d5a9fa51f,s3://enverus-courthouse-prod-chd-plants/tx/eog_karnes/fe7f/fe7f1b3c-821b-4cce-95c0-7c9d5a9fa51f.pdf,d9bu0njk4o9000899p0g
fe7f2b05-b029-4294-b942-6528b93b4759,s3://enverus-courthouse-prod-chd-plants/tx/eog_lasalle/fe7f/fe7f2b05-b029-4294-b942-6528b93b4759.pdf,d9btqhnpfcq000ffibl0
fec6acf9-1ee2-4922-a0a8-05c24ce794bc,s3://enverus-courthouse-prod-chd-plants/tx/eog_cooke/fec6/fec6acf9-1ee2-4922-a0a8-05c24ce794bc.pdf,d9bumhrs7m5g008a1cr0
fef6af00-9f3d-4ef5-97b4-dddcee574488,s3://enverus-courthouse-prod-chd-plants/tx/eog_atascosa/fef6/fef6af00-9f3d-4ef5-97b4-dddcee574488.pdf,d9buh5o59fgg00e38gmg
FF364E72-6E76-4F2D-A166-33C97C2C5178,s3://enverus-courthouse-prod-chd-plants/tx/training_pecos/FF36/FF364E72-6E76-4F2D-A166-33C97C2C5178.pdf,d9bur315jqeg00e8n44g
ff639158-a244-4c5d-922f-f8924297c34a,s3://enverus-courthouse-prod-chd-plants/tx/eog_gonzales/ff63/ff639158-a244-4c5d-922f-f8924297c34a.pdf,d9btpm1kf4s000f6skb0
ff8c4165-c4ce-4ac1-b94a-19501d769ea0,s3://enverus-courthouse-prod-chd-plants/tx/eog_karnes/ff8c/ff8c4165-c4ce-4ac1-b94a-19501d769ea0.pdf,d9bu9j8isvug00fu665g
ffa134b7-f757-4a40-b235-5dc9665c17a6,s3://enverus-courthouse-prod-chd-plants/tx/eog_atascosa/ffa1/ffa134b7-f757-4a40-b235-5dc9665c17a6.pdf,d9bt3sbk4o9000886lrg
ffb07408-ab70-47dc-a24d-5ee55a79204a,s3://enverus-courthouse-prod-chd-plants/nm/eog_lea/ffb0/ffb07408-ab70-47dc-a24d-5ee55a79204a.pdf,d9btkdvpfcq000ffaofg
ffb65209-f115-40d3-9467-f9be176da7fb,s3://enverus-courthouse-prod-chd-plants/nm/eog_lea/ffb6/ffb65209-f115-40d3-9467-f9be176da7fb.pdf,d9bt96sogvn0009a91v0
fff8deeb-287a-487f-8aaa-b59f3d06cf4f,s3://enverus-courthouse-prod-chd-plants/tx/eog_lasalle/fff8/fff8deeb-287a-487f-8aaa-b59f3d06cf4f.pdf,d9bupp4ogvn0009cbtt0
