"recordID","s3FilePath","package_id","inputDataset","OCRErrorMessage","IIEErrorMessage","_OCRModifiedDateTime","_IIEModifiedDateTime","OCRs3Path"
"bfc6644b-097f-11ed-8d29-00505681224b","s3://enverus-courthouse-prod-chd-plants/nm/lea/bfc6/bfc6644b-097f-11ed-8d29-00505681224b.pdf","d9bssvj1f5dg00bcpt80","1","OCR failed. Command: tesseract /tmp/diml/pngs/d9bssvj1f5dg00bcpt80/d9bssvj1f5dg00bcpt80.0004.png /tmp/diml/ocr_results/d9bssvj1f5dg00bcpt80/d9bssvj1f5dg00bcpt80.0004 --oem 1 -l eng --psm 1 . Error: Error in pixCreateHeader: requested w = 36429, h = 60000, d = 8 Error in pixCreateHeader: requested by","NULL","2026-07-17 06:05:43.840","NULL","NULL"
"c83f1ff9-8bcb-11ec-bb23-00505681224b","s3://enverus-courthouse-prod-chd-plants/nm/lea/c83f/c83f1ff9-8bcb-11ec-bb23-00505681224b.pdf","d9buoeoisvug00fus4og","1","OCR failed. Command: tesseract /tmp/diml/pngs/d9buoeoisvug00fus4og/d9buoeoisvug00fus4og.0001.png /tmp/diml/ocr_results/d9buoeoisvug00fus4og/d9buoeoisvug00fus4og.0001 --oem 1 -l eng --psm 1 . Error: Error in pixCreateHeader: requested w = 36429, h = 60000, d = 8 Error in pixCreateHeader: requested by","NULL","2026-07-17 05:39:15.517","NULL","NULL"
"a9d51968-7d7a-11eb-891d-00505681224b","s3://enverus-courthouse-prod-chd-plants/nm/lea/a9d5/a9d51968-7d7a-11eb-891d-00505681224b.pdf","d9bt3l9b0h1g00cvqb4g","1","OCR failed. Command: tesseract /tmp/diml/pngs/d9bt3l9b0h1g00cvqb4g/d9bt3l9b0h1g00cvqb4g.0001.png /tmp/diml/ocr_results/d9bt3l9b0h1g00cvqb4g/d9bt3l9b0h1g00cvqb4g.0001 --oem 1 -l eng --psm 1 . Error: Error in pixCreateHeader: requested w = 36429, h = 60000, d = 8 Error in pixCreateHeader: requested by","NULL","2026-07-17 05:33:31.157","NULL","NULL"
"8c644724-bc7b-11ec-8c52-00505681224b","s3://enverus-courthouse-prod-chd-plants/nm/lea/8c64/8c644724-bc7b-11ec-8c52-00505681224b.pdf","d9btvcrdd4a000d5fc30","1","OCR failed. Command: tesseract /tmp/diml/pngs/d9btvcrdd4a000d5fc30/d9btvcrdd4a000d5fc30.0003.png /tmp/diml/ocr_results/d9btvcrdd4a000d5fc30/d9btvcrdd4a000d5fc30.0003 --oem 1 -l eng --psm 1 . Error: Error in pixCreateHeader: requested w = 36429, h = 60000, d = 8 Error in pixCreateHeader: requested by","NULL","2026-07-17 05:33:31.157","NULL","NULL"
"f59f6c44-405b-11ec-8565-00505681224b","s3://enverus-courthouse-prod-chd-plants/nm/eog_lea/f59f/f59f6c44-405b-11ec-8565-00505681224b.pdf","d9buoedlksng008g1fq0","1","OCR failed. Command: tesseract /tmp/diml/pngs/d9buoedlksng008g1fq0/d9buoedlksng008g1fq0.0001.png /tmp/diml/ocr_results/d9buoedlksng008g1fq0/d9buoedlksng008g1fq0.0001 --oem 1 -l eng --psm 1 . Error: Error in pixCreateHeader: requested w = 36429, h = 60000, d = 8 Error in pixCreateHeader: requested by","NULL","2026-07-17 05:33:31.157","NULL","NULL"
"f5a0a4cf-405b-11ec-b515-00505681224b","s3://enverus-courthouse-prod-chd-plants/nm/eog_lea/f5a0/f5a0a4cf-405b-11ec-b515-00505681224b.pdf","d9btp5oisvug00ftejbg","1","OCR failed. Command: tesseract /tmp/diml/pngs/d9btp5oisvug00ftejbg/d9btp5oisvug00ftejbg.0001.png /tmp/diml/ocr_results/d9btp5oisvug00ftejbg/d9btp5oisvug00ftejbg.0001 --oem 1 -l eng --psm 1 . Error: Error in pixCreateHeader: requested w = 36429, h = 60000, d = 8 Error in pixCreateHeader: requested by","NULL","2026-07-17 05:28:09.723","NULL","NULL"
"d32cae58-bc7b-11ec-80ab-00505681224b","s3://enverus-courthouse-prod-chd-plants/nm/eog_lea/d32c/d32cae58-bc7b-11ec-80ab-00505681224b.pdf","d9buenhb0h1g00d1hvjg","1","OCR failed. Command: tesseract /tmp/diml/pngs/d9buenhb0h1g00d1hvjg/d9buenhb0h1g00d1hvjg.0014.png /tmp/diml/ocr_results/d9buenhb0h1g00d1hvjg/d9buenhb0h1g00d1hvjg.0014 --oem 1 -l eng --psm 1 . Error: Error in pixCreateHeader: requested w = 36429, h = 60000, d = 8 Error in pixCreateHeader: requested by","NULL","2026-07-17 05:21:58.670","NULL","NULL"
"67e6936a-097f-11ed-9507-00505681224b","s3://enverus-courthouse-prod-chd-plants/nm/lea/67e6/67e6936a-097f-11ed-9507-00505681224b.pdf","d9bsupfpfdig00fa62gg","1","OCR failed. Command: tesseract /tmp/diml/pngs/d9bsupfpfdig00fa62gg/d9bsupfpfdig00fa62gg.0004.png /tmp/diml/ocr_results/d9bsupfpfdig00fa62gg/d9bsupfpfdig00fa62gg.0004 --oem 1 -l eng --psm 1 . Error: Error in pixCreateHeader: requested w = 36429, h = 60000, d = 8 Error in pixCreateHeader: requested by","NULL","2026-07-17 05:21:58.670","NULL","NULL"
"e7e1f91d-097f-11ed-9e7c-00505681224b","s3://enverus-courthouse-prod-chd-plants/nm/lea/e7e1/e7e1f91d-097f-11ed-9e7c-00505681224b.pdf","d9bulcg59fgg00e3epr0","1","OCR failed. Command: tesseract /tmp/diml/pngs/d9bulcg59fgg00e3epr0/d9bulcg59fgg00e3epr0.0002.png /tmp/diml/ocr_results/d9bulcg59fgg00e3epr0/d9bulcg59fgg00e3epr0.0002 --oem 1 -l eng --psm 1 . Error: Error in pixCreateHeader: requested w = 36429, h = 60000, d = 8 Error in pixCreateHeader: requested by","NULL","2026-07-17 05:21:58.670","NULL","NULL"
"67e64527-097f-11ed-8f73-00505681224b","s3://enverus-courthouse-prod-chd-plants/nm/lea/67e6/67e64527-097f-11ed-8f73-00505681224b.pdf","d9bui41kf4s000f7vftg","1","OCR failed. Command: tesseract /tmp/diml/pngs/d9bui41kf4s000f7vftg/d9bui41kf4s000f7vftg.0018.png /tmp/diml/ocr_results/d9bui41kf4s000f7vftg/d9bui41kf4s000f7vftg.0018 --oem 1 -l eng --psm 1 . Error: Error in pixCreateHeader: requested w = 36429, h = 60000, d = 8 Error in pixCreateHeader: requested by","NULL","2026-07-17 05:21:58.670","NULL","NULL"
"bc085039-42b7-11ec-81e0-00505681224b","s3://enverus-courthouse-prod-chd-plants/nm/eog_lea/bc08/bc085039-42b7-11ec-81e0-00505681224b.pdf","d9btn07r761000dfec6g","1","OCR failed. Command: tesseract /tmp/diml/pngs/d9btn07r761000dfec6g/d9btn07r761000dfec6g.0001.png /tmp/diml/ocr_results/d9btn07r761000dfec6g/d9btn07r761000dfec6g.0001 --oem 1 -l eng --psm 1 . Error: Error in pixCreateHeader: requested w = 36429, h = 60000, d = 8 Error in pixCreateHeader: requested by","NULL","2026-07-17 05:21:58.670","NULL","NULL"
"5a923293-6226-11ec-a192-00505681224b","s3://enverus-courthouse-prod-chd-plants/nm/eog_lea/5a92/5a923293-6226-11ec-a192-00505681224b.pdf","d9buqs9kf4s000f8cof0","1","OCR failed. Command: tesseract /tmp/diml/pngs/d9buqs9kf4s000f8cof0/d9buqs9kf4s000f8cof0.0001.png /tmp/diml/ocr_results/d9buqs9kf4s000f8cof0/d9buqs9kf4s000f8cof0.0001 --oem 1 -l eng --psm 1 . Error: Error in pixCreateHeader: requested w = 36429, h = 60000, d = 8 Error in pixCreateHeader: requested by","NULL","2026-07-17 05:21:58.670","NULL","NULL"
"f4dda2e1-405b-11ec-b3d0-00505681224b","s3://enverus-courthouse-prod-chd-plants/nm/eog_lea/f4dd/f4dda2e1-405b-11ec-b3d0-00505681224b.pdf","d9bubjs1kr4g008et3fg","1","OCR failed. Command: tesseract /tmp/diml/pngs/d9bubjs1kr4g008et3fg/d9bubjs1kr4g008et3fg.0001.png /tmp/diml/ocr_results/d9bubjs1kr4g008et3fg/d9bubjs1kr4g008et3fg.0001 --oem 1 -l eng --psm 1 . Error: Error in pixCreateHeader: requested w = 36429, h = 60000, d = 8 Error in pixCreateHeader: requested by","NULL","2026-07-17 05:16:41.953","NULL","NULL"
"c83fe33f-8bcb-11ec-9b4d-00505681224b","s3://enverus-courthouse-prod-chd-plants/nm/lea/c83f/c83fe33f-8bcb-11ec-9b4d-00505681224b.pdf","d9bthljdelo000du2u1g","1","OCR failed. Command: tesseract /tmp/diml/pngs/d9bthljdelo000du2u1g/d9bthljdelo000du2u1g.0001.png /tmp/diml/ocr_results/d9bthljdelo000du2u1g/d9bthljdelo000du2u1g.0001 --oem 1 -l eng --psm 1 . Error: Error in pixCreateHeader: requested w = 36429, h = 60000, d = 8 Error in pixCreateHeader: requested by","NULL","2026-07-17 05:16:41.953","NULL","NULL"
"aec4785d-a5b1-11ec-8443-00505681224b","s3://enverus-courthouse-prod-chd-plants/nm/lea/aec4/aec4785d-a5b1-11ec-8443-00505681224b.pdf","d9bum31hd6mg00bnvfmg","1","OCR failed. Command: tesseract /tmp/diml/pngs/d9bum31hd6mg00bnvfmg/d9bum31hd6mg00bnvfmg.0001.png /tmp/diml/ocr_results/d9bum31hd6mg00bnvfmg/d9bum31hd6mg00bnvfmg.0001 --oem 1 -l eng --psm 1 . Error: Error in pixCreateHeader: requested w = 36429, h = 60000, d = 8 Error in pixCreateHeader: requested by","NULL","2026-07-17 05:16:41.953","NULL","NULL"
"ca5c71fd-097e-11ed-b397-00505681224b","s3://enverus-courthouse-prod-chd-plants/nm/eog_lea/ca5c/ca5c71fd-097e-11ed-b397-00505681224b.pdf","d9buf1sflnl000dkuv3g","1","OCR failed. Command: tesseract /tmp/diml/pngs/d9buf1sflnl000dkuv3g/d9buf1sflnl000dkuv3g.0001.png /tmp/diml/ocr_results/d9buf1sflnl000dkuv3g/d9buf1sflnl000dkuv3g.0001 --oem 1 -l eng --psm 1 . Error: Error in pixCreateHeader: requested w = 36429, h = 60000, d = 8 Error in pixCreateHeader: requested by","NULL","2026-07-17 05:16:41.953","NULL","NULL"
"bfc68b52-097f-11ed-ad0d-00505681224b","s3://enverus-courthouse-prod-chd-plants/nm/lea/bfc6/bfc68b52-097f-11ed-ad0d-00505681224b.pdf","d9btpfrdd4a000d57qqg","1","OCR failed. Command: tesseract /tmp/diml/pngs/d9btpfrdd4a000d57qqg/d9btpfrdd4a000d57qqg.0004.png /tmp/diml/ocr_results/d9btpfrdd4a000d57qqg/d9btpfrdd4a000d57qqg.0004 --oem 1 -l eng --psm 1 . Error: Error in pixCreateHeader: requested w = 36429, h = 60000, d = 8 Error in pixCreateHeader: requested by","NULL","2026-07-17 05:16:41.953","NULL","NULL"
"c2439b13-3ec2-11ec-bde7-00505681224b","s3://enverus-courthouse-prod-chd-plants/nm/lea/c243/c2439b13-3ec2-11ec-bde7-00505681224b.pdf","d9bu9ibrgi8g00bgamjg","1","OCR failed. Command: tesseract /tmp/diml/pngs/d9bu9ibrgi8g00bgamjg/d9bu9ibrgi8g00bgamjg.0001.png /tmp/diml/ocr_results/d9bu9ibrgi8g00bgamjg/d9bu9ibrgi8g00bgamjg.0001 --oem 1 -l eng --psm 1 . Error: Error in pixCreateHeader: requested w = 36429, h = 60000, d = 8 Error in pixCreateHeader: requested by","NULL","2026-07-17 05:10:42.447","NULL","NULL"
"1b5f4dbf-d733-11ec-8bcf-00505681224b","s3://enverus-courthouse-prod-chd-plants/nm/lea/1b5f/1b5f4dbf-d733-11ec-8bcf-00505681224b.pdf","d9btsudlksng008eov2g","1","OCR failed. Command: tesseract /tmp/diml/pngs/d9btsudlksng008eov2g/d9btsudlksng008eov2g.0004.png /tmp/diml/ocr_results/d9btsudlksng008eov2g/d9btsudlksng008eov2g.0004 --oem 1 -l eng --psm 1 . Error: Error in pixCreateHeader: requested w = 36429, h = 60000, d = 8 Error in pixCreateHeader: requested by","NULL","2026-07-17 05:10:42.447","NULL","NULL"
"8e8cc847-d3ea-11eb-97a1-00505681224b","s3://enverus-courthouse-prod-chd-plants/nm/lea/8e8c/8e8cc847-d3ea-11eb-97a1-00505681224b.pdf","d9btmqkhn77000faa9vg","1","OCR failed. Command: tesseract /tmp/diml/pngs/d9btmqkhn77000faa9vg/d9btmqkhn77000faa9vg.0001.png /tmp/diml/ocr_results/d9btmqkhn77000faa9vg/d9btmqkhn77000faa9vg.0001 --oem 1 -l eng --psm 1 . Error: Error in pixCreateHeader: requested w = 36429, h = 60000, d = 8 Error in pixCreateHeader: requested by","NULL","2026-07-17 05:10:42.447","NULL","NULL"
"ca5b87aa-097e-11ed-a555-00505681224b","s3://enverus-courthouse-prod-chd-plants/nm/eog_lea/ca5b/ca5b87aa-097e-11ed-a555-00505681224b.pdf","d9btg8a2oub000e1q9a0","1","OCR failed. Command: tesseract /tmp/diml/pngs/d9btg8a2oub000e1q9a0/d9btg8a2oub000e1q9a0.0001.png /tmp/diml/ocr_results/d9btg8a2oub000e1q9a0/d9btg8a2oub000e1q9a0.0001 --oem 1 -l eng --psm 1 . Error: Error in pixCreateHeader: requested w = 36429, h = 60000, d = 8 Error in pixCreateHeader: requested by","NULL","2026-07-17 05:10:42.447","NULL","NULL"
"06568c5f-d733-11ec-9c2e-00505681224b","s3://enverus-courthouse-prod-chd-plants/nm/lea/0656/06568c5f-d733-11ec-9c2e-00505681224b.pdf","d9bu22shn77000fapts0","1","OCR failed. Command: tesseract /tmp/diml/pngs/d9bu22shn77000fapts0/d9bu22shn77000fapts0.0001.png /tmp/diml/ocr_results/d9bu22shn77000fapts0/d9bu22shn77000fapts0.0001 --oem 1 -l eng --psm 1 . Error: Error in pixCreateHeader: requested w = 36429, h = 60000, d = 8 Error in pixCreateHeader: requested by","NULL","2026-07-17 05:10:42.447","NULL","NULL"
"c2441045-3ec2-11ec-bccf-00505681224b","s3://enverus-courthouse-prod-chd-plants/nm/lea/c244/c2441045-3ec2-11ec-bccf-00505681224b.pdf","d9buqnjk4o90008ag0ng","1","OCR failed. Command: tesseract /tmp/diml/pngs/d9buqnjk4o90008ag0ng/d9buqnjk4o90008ag0ng.0001.png /tmp/diml/ocr_results/d9buqnjk4o90008ag0ng/d9buqnjk4o90008ag0ng.0001 --oem 1 -l eng --psm 1 . Error: Error in pixCreateHeader: requested w = 36429, h = 60000, d = 8 Error in pixCreateHeader: requested by","NULL","2026-07-17 05:10:42.447","NULL","NULL"
"f5a11a01-405b-11ec-9575-00505681224b","s3://enverus-courthouse-prod-chd-plants/nm/eog_lea/f5a1/f5a11a01-405b-11ec-9575-00505681224b.pdf","d9bt27vpfdig00fa9t90","1","OCR failed. Command: tesseract /tmp/diml/pngs/d9bt27vpfdig00fa9t90/d9bt27vpfdig00fa9t90.0001.png /tmp/diml/ocr_results/d9bt27vpfdig00fa9t90/d9bt27vpfdig00fa9t90.0001 --oem 1 -l eng --psm 1 . Error: Error in pixCreateHeader: requested w = 36429, h = 60000, d = 8 Error in pixCreateHeader: requested by","NULL","2026-07-17 05:04:30.270","NULL","NULL"
"bc08775f-42b7-11ec-8c4b-00505681224b","s3://enverus-courthouse-prod-chd-plants/nm/eog_lea/bc08/bc08775f-42b7-11ec-8c4b-00505681224b.pdf","d9btgdh5jqeg00e6r2ig","1","OCR failed. Command: tesseract /tmp/diml/pngs/d9btgdh5jqeg00e6r2ig/d9btgdh5jqeg00e6r2ig.0002.png /tmp/diml/ocr_results/d9btgdh5jqeg00e6r2ig/d9btgdh5jqeg00e6r2ig.0002 --oem 1 -l eng --psm 1 . Error: Error in pixCreateHeader: requested w = 36429, h = 60000, d = 8 Error in pixCreateHeader: requested by","NULL","2026-07-17 05:04:30.270","NULL","NULL"
"bc089e6a-42b7-11ec-8819-00505681224b","s3://enverus-courthouse-prod-chd-plants/nm/eog_lea/bc08/bc089e6a-42b7-11ec-8819-00505681224b.pdf","d9bsv4e89gsg00ffcm1g","1","OCR failed. Command: tesseract /tmp/diml/pngs/d9bsv4e89gsg00ffcm1g/d9bsv4e89gsg00ffcm1g.0003.png /tmp/diml/ocr_results/d9bsv4e89gsg00ffcm1g/d9bsv4e89gsg00ffcm1g.0003 --oem 1 -l eng --psm 1 . Error: Error in pixCreateHeader: requested w = 36429, h = 60000, d = 8 Error in pixCreateHeader: requested by","NULL","2026-07-17 04:48:56.353","NULL","NULL"
"d32cae6a-bc7b-11ec-83c3-00505681224b","s3://enverus-courthouse-prod-chd-plants/nm/eog_lea/d32c/d32cae6a-bc7b-11ec-83c3-00505681224b.pdf","d9bt5136g7ig00fuuvt0","1","OCR failed. Command: tesseract /tmp/diml/pngs/d9bt5136g7ig00fuuvt0/d9bt5136g7ig00fuuvt0.0001.png /tmp/diml/ocr_results/d9bt5136g7ig00fuuvt0/d9bt5136g7ig00fuuvt0.0001 --oem 1 -l eng --psm 1 . Error: Error in pixCreateHeader: requested w = 36429, h = 60000, d = 8 Error in pixCreateHeader: requested by","NULL","2026-07-17 04:48:56.353","NULL","NULL"
"f5a18f3a-405b-11ec-86fa-00505681224b","s3://enverus-courthouse-prod-chd-plants/nm/eog_lea/f5a1/f5a18f3a-405b-11ec-86fa-00505681224b.pdf","d9btassflnl000djeh2g","1","OCR failed. Command: tesseract /tmp/diml/pngs/d9btassflnl000djeh2g/d9btassflnl000djeh2g.0002.png /tmp/diml/ocr_results/d9btassflnl000djeh2g/d9btassflnl000djeh2g.0002 --oem 1 -l eng --psm 1 . Error: Error in pixCreateHeader: requested w = 36429, h = 60000, d = 8 Error in pixCreateHeader: requested by","NULL","2026-07-17 04:48:56.353","NULL","NULL"
"8c64953c-bc7b-11ec-b531-00505681224b","s3://enverus-courthouse-prod-chd-plants/nm/lea/8c64/8c64953c-bc7b-11ec-b531-00505681224b.pdf","d9bu0jvr761000dfqrc0","1","OCR failed. Command: tesseract /tmp/diml/pngs/d9bu0jvr761000dfqrc0/d9bu0jvr761000dfqrc0.0001.png /tmp/diml/ocr_results/d9bu0jvr761000dfqrc0/d9bu0jvr761000dfqrc0.0001 --oem 1 -l eng --psm 1 . Error: Error in pixCreateHeader: requested w = 36429, h = 60000, d = 8 Error in pixCreateHeader: requested by","NULL","2026-07-17 04:48:56.353","NULL","NULL"
"0956c6bd-f9ca-a142-af18-31c11496dffe","s3://enverus-courthouse-prod-chd-plants/nm/eddy/0956/0956c6bd-f9ca-a142-af18-31c11496dffe.pdf","bag7de2vki7g1fvfaa30","1","list index out of range","NULL","2026-07-17 04:43:49.560","NULL","NULL"
"a1363f93-bc7b-11ec-8fe9-00505681224b","s3://enverus-courthouse-prod-chd-plants/nm/lea/a136/a1363f93-bc7b-11ec-8fe9-00505681224b.pdf","d9bthi1hd6mg00bmcka0","1","OCR failed. Command: tesseract /tmp/diml/pngs/d9bthi1hd6mg00bmcka0/d9bthi1hd6mg00bmcka0.0001.png /tmp/diml/ocr_results/d9bthi1hd6mg00bmcka0/d9bthi1hd6mg00bmcka0.0001 --oem 1 -l eng --psm 1 . Error: Error in pixCreateHeader: requested w = 36429, h = 60000, d = 8 Error in pixCreateHeader: requested by","NULL","2026-07-17 04:43:49.560","NULL","NULL"
"30d54070-ec4c-11eb-a306-00505681224b","s3://enverus-courthouse-prod-chd-plants/nm/eog_lea/30d5/30d54070-ec4c-11eb-a306-00505681224b.pdf","d9btvcsflnl000dk7sfg","1","OCR failed. Command: tesseract /tmp/diml/pngs/d9btvcsflnl000dk7sfg/d9btvcsflnl000dk7sfg.0002.png /tmp/diml/ocr_results/d9btvcsflnl000dk7sfg/d9btvcsflnl000dk7sfg.0002 --oem 1 -l eng --psm 1 . Error: Error in pixCreateHeader: requested w = 36429, h = 60000, d = 8 Error in pixCreateHeader: requested by","NULL","2026-07-17 04:38:40.430","NULL","NULL"
"c2439b05-3ec2-11ec-9892-00505681224b","s3://enverus-courthouse-prod-chd-plants/nm/lea/c243/c2439b05-3ec2-11ec-9892-00505681224b.pdf","d9buqiq2oub000e3lmpg","1","OCR failed. Command: tesseract /tmp/diml/pngs/d9buqiq2oub000e3lmpg/d9buqiq2oub000e3lmpg.0001.png /tmp/diml/ocr_results/d9buqiq2oub000e3lmpg/d9buqiq2oub000e3lmpg.0001 --oem 1 -l eng --psm 1 . Error: Error in pixCreateHeader: requested w = 36429, h = 60000, d = 8 Error in pixCreateHeader: requested by","NULL","2026-07-17 04:38:40.430","NULL","NULL"
"d32cfc6e-bc7b-11ec-93eb-00505681224b","s3://enverus-courthouse-prod-chd-plants/nm/eog_lea/d32c/d32cfc6e-bc7b-11ec-93eb-00505681224b.pdf","d9btpig59fgg00e26ma0","1","OCR failed. Command: tesseract /tmp/diml/pngs/d9btpig59fgg00e26ma0/d9btpig59fgg00e26ma0.0007.png /tmp/diml/ocr_results/d9btpig59fgg00e26ma0/d9btpig59fgg00e26ma0.0007 --oem 1 -l eng --psm 1 . Error: Error in pixCreateHeader: requested w = 36429, h = 60000, d = 8 Error in pixCreateHeader: requested by","NULL","2026-07-17 04:38:40.430","NULL","NULL"
"67e66c35-097f-11ed-a599-00505681224b","s3://enverus-courthouse-prod-chd-plants/nm/lea/67e6/67e66c35-097f-11ed-a599-00505681224b.pdf","d9btj6dlksng008ed3t0","1","OCR failed. Command: tesseract /tmp/diml/pngs/d9btj6dlksng008ed3t0/d9btj6dlksng008ed3t0.0002.png /tmp/diml/ocr_results/d9btj6dlksng008ed3t0/d9btj6dlksng008ed3t0.0002 --oem 1 -l eng --psm 1 . Error: Error in pixCreateHeader: requested w = 36429, h = 60000, d = 8 Error in pixCreateHeader: requested by","NULL","2026-07-17 04:38:40.430","NULL","NULL"
"ca5b87c2-097e-11ed-b9b6-00505681224b","s3://enverus-courthouse-prod-chd-plants/nm/eog_lea/ca5b/ca5b87c2-097e-11ed-b9b6-00505681224b.pdf","d9btb2059fgg00e1l0t0","1","OCR failed. Command: tesseract /tmp/diml/pngs/d9btb2059fgg00e1l0t0/d9btb2059fgg00e1l0t0.0002.png /tmp/diml/ocr_results/d9btb2059fgg00e1l0t0/d9btb2059fgg00e1l0t0.0002 --oem 1 -l eng --psm 1 . Error: Error in pixCreateHeader: requested w = 36429, h = 60000, d = 8 Error in pixCreateHeader: requested by","NULL","2026-07-17 04:38:40.430","NULL","NULL"
"1b5eb14d-d733-11ec-90f2-00505681224b","s3://enverus-courthouse-prod-chd-plants/nm/lea/1b5e/1b5eb14d-d733-11ec-90f2-00505681224b.pdf","d9btr19hd6mg00bmp0d0","1","OCR failed. Command: tesseract /tmp/diml/pngs/d9btr19hd6mg00bmp0d0/d9btr19hd6mg00bmp0d0.0005.png /tmp/diml/ocr_results/d9btr19hd6mg00bmp0d0/d9btr19hd6mg00bmp0d0.0005 --oem 1 -l eng --psm 1 . Error: Error in pixCreateHeader: requested w = 36429, h = 60000, d = 8 Error in pixCreateHeader: requested by","NULL","2026-07-17 04:38:40.430","NULL","NULL"
"f59ef72e-405b-11ec-8993-00505681224b","s3://enverus-courthouse-prod-chd-plants/nm/eog_lea/f59e/f59ef72e-405b-11ec-8993-00505681224b.pdf","d9bucpkhn77000fb9rg0","1","OCR failed. Command: tesseract /tmp/diml/pngs/d9bucpkhn77000fb9rg0/d9bucpkhn77000fb9rg0.0002.png /tmp/diml/ocr_results/d9bucpkhn77000fb9rg0/d9bucpkhn77000fb9rg0.0002 --oem 1 -l eng --psm 1 . Error: Error in pixCreateHeader: requested w = 36429, h = 60000, d = 8 Error in pixCreateHeader: requested by","NULL","2026-07-17 04:38:40.430","NULL","NULL"
"f59f1e14-405b-11ec-b43c-00505681224b","s3://enverus-courthouse-prod-chd-plants/nm/eog_lea/f59f/f59f1e14-405b-11ec-b43c-00505681224b.pdf","d9bu9c7pfdig00fbricg","1","OCR failed. Command: tesseract /tmp/diml/pngs/d9bu9c7pfdig00fbricg/d9bu9c7pfdig00fbricg.0002.png /tmp/diml/ocr_results/d9bu9c7pfdig00fbricg/d9bu9c7pfdig00fbricg.0002 --oem 1 -l eng --psm 1 . Error: Error in pixCreateHeader: requested w = 36429, h = 60000, d = 8 Error in pixCreateHeader: requested by","NULL","2026-07-17 04:38:40.430","NULL","NULL"
"06568c78-d733-11ec-ab48-00505681224b","s3://enverus-courthouse-prod-chd-plants/nm/lea/0656/06568c78-d733-11ec-ab48-00505681224b.pdf","d9btdcg59fgg00e1ncng","1","OCR failed. Command: tesseract /tmp/diml/pngs/d9btdcg59fgg00e1ncng/d9btdcg59fgg00e1ncng.0001.png /tmp/diml/ocr_results/d9btdcg59fgg00e1ncng/d9btdcg59fgg00e1ncng.0001 --oem 1 -l eng --psm 1 . Error: Error in pixCreateHeader: requested w = 36429, h = 60000, d = 8 Error in pixCreateHeader: requested by","NULL","2026-07-17 04:33:33.110","NULL","NULL"
"bc0a9a32-42b7-11ec-af16-00505681224b","s3://enverus-courthouse-prod-chd-plants/nm/eog_lea/bc0a/bc0a9a32-42b7-11ec-af16-00505681224b.pdf","d9buoph9ha2000c80fhg","1","OCR failed. Command: tesseract /tmp/diml/pngs/d9buoph9ha2000c80fhg/d9buoph9ha2000c80fhg.0001.png /tmp/diml/ocr_results/d9buoph9ha2000c80fhg/d9buoph9ha2000c80fhg.0001 --oem 1 -l eng --psm 1 . Error: Error in pixCreateHeader: requested w = 36429, h = 60000, d = 8 Error in pixCreateHeader: requested by","NULL","2026-07-17 04:33:33.110","NULL","NULL"
"c243e920-3ec2-11ec-97d1-00505681224b","s3://enverus-courthouse-prod-chd-plants/nm/lea/c243/c243e920-3ec2-11ec-97d1-00505681224b.pdf","d9buque89gsg00fhr720","1","OCR failed. Command: tesseract /tmp/diml/pngs/d9buque89gsg00fhr720/d9buque89gsg00fhr720.0001.png /tmp/diml/ocr_results/d9buque89gsg00fhr720/d9buque89gsg00fhr720.0001 --oem 1 -l eng --psm 1 . Error: Error in pixCreateHeader: requested w = 36429, h = 60000, d = 8 Error in pixCreateHeader: requested by","NULL","2026-07-17 04:33:33.110","NULL","NULL"
"d32d2396-bc7b-11ec-bcc9-00505681224b","s3://enverus-courthouse-prod-chd-plants/nm/eog_lea/d32d/d32d2396-bc7b-11ec-bcc9-00505681224b.pdf","d9bufollksng008fkccg","1","OCR failed. Command: tesseract /tmp/diml/pngs/d9bufollksng008fkccg/d9bufollksng008fkccg.0001.png /tmp/diml/ocr_results/d9bufollksng008fkccg/d9bufollksng008fkccg.0001 --oem 1 -l eng --psm 1 . Error: Error in pixCreateHeader: requested w = 36429, h = 60000, d = 8 Error in pixCreateHeader: requested by","NULL","2026-07-17 04:33:33.110","NULL","NULL"
"f59fba7f-405b-11ec-8290-00505681224b","s3://enverus-courthouse-prod-chd-plants/nm/eog_lea/f59f/f59fba7f-405b-11ec-8290-00505681224b.pdf","d9buohvpfdig00fciacg","1","OCR failed. Command: tesseract /tmp/diml/pngs/d9buohvpfdig00fciacg/d9buohvpfdig00fciacg.0001.png /tmp/diml/ocr_results/d9buohvpfdig00fciacg/d9buohvpfdig00fciacg.0001 --oem 1 -l eng --psm 1 . Error: Error in pixCreateHeader: requested w = 36429, h = 60000, d = 8 Error in pixCreateHeader: requested by","NULL","2026-07-17 04:33:33.110","NULL","NULL"
"576b04b9-d733-11ec-9027-00505681224b","s3://enverus-courthouse-prod-chd-plants/nm/lea/576b/576b04b9-d733-11ec-9027-00505681224b.pdf","d9bt7u1d6jhg0082rs4g","1","OCR failed. Command: tesseract /tmp/diml/pngs/d9bt7u1d6jhg0082rs4g/d9bt7u1d6jhg0082rs4g.0001.png /tmp/diml/ocr_results/d9bt7u1d6jhg0082rs4g/d9bt7u1d6jhg0082rs4g.0001 --oem 1 -l eng --psm 1 . Error: Error in pixCreateHeader: requested w = 36429, h = 60000, d = 8 Error in pixCreateHeader: requested by","NULL","2026-07-17 04:33:33.110","NULL","NULL"
"f4deb467-405b-11ec-8dcc-00505681224b","s3://enverus-courthouse-prod-chd-plants/nm/eog_lea/f4de/f4deb467-405b-11ec-8dcc-00505681224b.pdf","d9bsphpkf4s000f5npbg","1","OCR failed. Command: tesseract /tmp/diml/pngs/d9bsphpkf4s000f5npbg/d9bsphpkf4s000f5npbg.0002.png /tmp/diml/ocr_results/d9bsphpkf4s000f5npbg/d9bsphpkf4s000f5npbg.0002 --oem 1 -l eng --psm 1 . Error: Error in pixCreateHeader: requested w = 36429, h = 60000, d = 8 Error in pixCreateHeader: requested by","NULL","2026-07-17 04:33:33.110","NULL","NULL"
"b17f9196-d2dc-418d-bd82-6897554000a0","s3://enverus-courthouse-prod-chd-plants/tx/grimes/b17f/b17f9196-d2dc-418d-bd82-6897554000a0.pdf","bdtprv776orh2gv3voh0","1","list index out of range","NULL","2026-07-17 04:33:33.110","NULL","NULL"
"576b04cf-d733-11ec-a87f-00505681224b","s3://enverus-courthouse-prod-chd-plants/nm/lea/576b/576b04cf-d733-11ec-a87f-00505681224b.pdf","d9btpevpfdig00fb55k0","1","OCR failed. Command: tesseract /tmp/diml/pngs/d9btpevpfdig00fb55k0/d9btpevpfdig00fb55k0.0001.png /tmp/diml/ocr_results/d9btpevpfdig00fb55k0/d9btpevpfdig00fb55k0.0001 --oem 1 -l eng --psm 1 . Error: Error in pixCreateHeader: requested w = 36429, h = 60000, d = 8 Error in pixCreateHeader: requested by","NULL","2026-07-17 04:33:33.110","NULL","NULL"
"670baabe-3f8a-11ec-96de-00505681224b","s3://enverus-courthouse-prod-chd-plants/nm/lea/670b/670baabe-3f8a-11ec-96de-00505681224b.pdf","d9bumgr1f5dg00bf4flg","1","OCR failed. Command: tesseract /tmp/diml/pngs/d9bumgr1f5dg00bf4flg/d9bumgr1f5dg00bf4flg.0001.png /tmp/diml/ocr_results/d9bumgr1f5dg00bf4flg/d9bumgr1f5dg00bf4flg.0001 --oem 1 -l eng --psm 1 . Error: Error in pixCreateHeader: requested w = 36429, h = 60000, d = 8 Error in pixCreateHeader: requested by","NULL","2026-07-17 04:27:48.713","NULL","NULL"
"30d4cb38-ec4c-11eb-b116-00505681224b","s3://enverus-courthouse-prod-chd-plants/nm/eog_lea/30d4/30d4cb38-ec4c-11eb-b116-00505681224b.pdf","d9bt6k99ha2000c5sg2g","1","OCR failed. Command: tesseract /tmp/diml/pngs/d9bt6k99ha2000c5sg2g/d9bt6k99ha2000c5sg2g.0008.png /tmp/diml/ocr_results/d9bt6k99ha2000c5sg2g/d9bt6k99ha2000c5sg2g.0008 --oem 1 -l eng --psm 1 . Error: Error in pixCreateHeader: requested w = 36429, h = 60000, d = 8 Error in pixCreateHeader: requested by","NULL","2026-07-17 04:27:48.713","NULL","NULL"
"d32c6049-bc7b-11ec-829b-00505681224b","s3://enverus-courthouse-prod-chd-plants/nm/eog_lea/d32c/d32c6049-bc7b-11ec-829b-00505681224b.pdf","d9btgfbdd4a000d4skj0","1","OCR failed. Command: tesseract /tmp/diml/pngs/d9btgfbdd4a000d4skj0/d9btgfbdd4a000d4skj0.0001.png /tmp/diml/ocr_results/d9btgfbdd4a000d4skj0/d9btgfbdd4a000d4skj0.0001 --oem 1 -l eng --psm 1 . Error: Error in pixCreateHeader: requested w = 36429, h = 60000, d = 8 Error in pixCreateHeader: requested by","NULL","2026-07-17 04:27:48.713","NULL","NULL"
"670ae763-3f8a-11ec-9ec2-00505681224b","s3://enverus-courthouse-prod-chd-plants/nm/lea/670a/670ae763-3f8a-11ec-9ec2-00505681224b.pdf","d9bso0bdelo000dt7lng","1","OCR failed. Command: tesseract /tmp/diml/pngs/d9bso0bdelo000dt7lng/d9bso0bdelo000dt7lng.0001.png /tmp/diml/ocr_results/d9bso0bdelo000dt7lng/d9bso0bdelo000dt7lng.0001 --oem 1 -l eng --psm 1 . Error: Error in pixCreateHeader: requested w = 36429, h = 60000, d = 8 Error in pixCreateHeader: requested by","NULL","2026-07-17 04:27:48.713","NULL","NULL"
"30d5dc94-ec4c-11eb-bc2a-00505681224b","s3://enverus-courthouse-prod-chd-plants/nm/eog_lea/30d5/30d5dc94-ec4c-11eb-bc2a-00505681224b.pdf","d9bum5rs7m5g008a0elg","1","OCR failed. Command: tesseract /tmp/diml/pngs/d9bum5rs7m5g008a0elg/d9bum5rs7m5g008a0elg.0002.png /tmp/diml/ocr_results/d9bum5rs7m5g008a0elg/d9bum5rs7m5g008a0elg.0002 --oem 1 -l eng --psm 1 . Error: Error in pixCreateHeader: requested w = 36429, h = 60000, d = 8 Error in pixCreateHeader: requested by","NULL","2026-07-17 04:27:48.713","NULL","NULL"
"e7e0e7a5-097f-11ed-8415-00505681224b","s3://enverus-courthouse-prod-chd-plants/nm/lea/e7e0/e7e0e7a5-097f-11ed-8415-00505681224b.pdf","d9bthpjdd4a000d4u870","1","OCR failed. Command: tesseract /tmp/diml/pngs/d9bthpjdd4a000d4u870/d9bthpjdd4a000d4u870.0002.png /tmp/diml/ocr_results/d9bthpjdd4a000d4u870/d9bthpjdd4a000d4u870.0002 --oem 1 -l eng --psm 1 . Error: Error in pixCreateHeader: requested w = 36429, h = 60000, d = 8 Error in pixCreateHeader: requested by","NULL","2026-07-17 04:27:48.713","NULL","NULL"
"ca5c99c0-097e-11ed-8766-00505681224b","s3://enverus-courthouse-prod-chd-plants/nm/eog_lea/ca5c/ca5c99c0-097e-11ed-8766-00505681224b.pdf","d9bu1f9b0h1g00d0ukdg","1","OCR failed. Command: tesseract /tmp/diml/pngs/d9bu1f9b0h1g00d0ukdg/d9bu1f9b0h1g00d0ukdg.0002.png /tmp/diml/ocr_results/d9bu1f9b0h1g00d0ukdg/d9bu1f9b0h1g00d0ukdg.0002 --oem 1 -l eng --psm 1 . Error: Error in pixCreateHeader: requested w = 36429, h = 60000, d = 8 Error in pixCreateHeader: requested by","NULL","2026-07-17 04:27:48.713","NULL","NULL"
"1b5f269f-d733-11ec-85f5-00505681224b","s3://enverus-courthouse-prod-chd-plants/nm/lea/1b5f/1b5f269f-d733-11ec-85f5-00505681224b.pdf","d9buli9d6jhg0084pfmg","1","OCR failed. Command: tesseract /tmp/diml/pngs/d9buli9d6jhg0084pfmg/d9buli9d6jhg0084pfmg.0008.png /tmp/diml/ocr_results/d9buli9d6jhg0084pfmg/d9buli9d6jhg0084pfmg.0008 --oem 1 -l eng --psm 1 . Error: Error in pixCreateHeader: requested w = 36429, h = 60000, d = 8 Error in pixCreateHeader: requested by","NULL","2026-07-17 04:27:48.713","NULL","NULL"
"30d5b5b2-ec4c-11eb-9caa-00505681224b","s3://enverus-courthouse-prod-chd-plants/nm/eog_lea/30d5/30d5b5b2-ec4c-11eb-9caa-00505681224b.pdf","d9bsre6icpjg00db16s0","1","OCR failed. Command: tesseract /tmp/diml/pngs/d9bsre6icpjg00db16s0/d9bsre6icpjg00db16s0.0002.png /tmp/diml/ocr_results/d9bsre6icpjg00db16s0/d9bsre6icpjg00db16s0.0002 --oem 1 -l eng --psm 1 . Error: Error in pixCreateHeader: requested w = 36429, h = 60000, d = 8 Error in pixCreateHeader: requested by","NULL","2026-07-17 04:27:48.713","NULL","NULL"
"17db7b75-f80d-11eb-8128-00505681224b","s3://enverus-courthouse-prod-chd-plants/nm/eog_lea/17db/17db7b75-f80d-11eb-8128-00505681224b.pdf","d9bunjdlksng008g0e50","1","OCR failed. Command: tesseract /tmp/diml/pngs/d9bunjdlksng008g0e50/d9bunjdlksng008g0e50.0001.png /tmp/diml/ocr_results/d9bunjdlksng008g0e50/d9bunjdlksng008g0e50.0001 --oem 1 -l eng --psm 1 . Error: Error in pixCreateHeader: requested w = 36429, h = 60000, d = 8 Error in pixCreateHeader: requested by","NULL","2026-07-17 04:22:28.280","NULL","NULL"
"670b3589-3f8a-11ec-8453-00505681224b","s3://enverus-courthouse-prod-chd-plants/nm/lea/670b/670b3589-3f8a-11ec-8453-00505681224b.pdf","d9bu7i0isvug00fu37sg","1","OCR failed. Command: tesseract /tmp/diml/pngs/d9bu7i0isvug00fu37sg/d9bu7i0isvug00fu37sg.0001.png /tmp/diml/ocr_results/d9bu7i0isvug00fu37sg/d9bu7i0isvug00fu37sg.0001 --oem 1 -l eng --psm 1 . Error: Error in pixCreateHeader: requested w = 36429, h = 60000, d = 8 Error in pixCreateHeader: requested by","NULL","2026-07-17 04:22:28.280","NULL","NULL"
"bfc66454-097f-11ed-b7ba-00505681224b","s3://enverus-courthouse-prod-chd-plants/nm/lea/bfc6/bfc66454-097f-11ed-b7ba-00505681224b.pdf","d9btuehkf4s000f72hig","1","OCR failed. Command: tesseract /tmp/diml/pngs/d9btuehkf4s000f72hig/d9btuehkf4s000f72hig.0001.png /tmp/diml/ocr_results/d9btuehkf4s000f72hig/d9btuehkf4s000f72hig.0001 --oem 1 -l eng --psm 1 . Error: Error in pixCreateHeader: requested w = 36429, h = 60000, d = 8 Error in pixCreateHeader: requested by","NULL","2026-07-17 04:22:28.280","NULL","NULL"
"670da67b-3f8a-11ec-9f82-00505681224b","s3://enverus-courthouse-prod-chd-plants/nm/lea/670d/670da67b-3f8a-11ec-9f82-00505681224b.pdf","d9bt55b1f5dg00bd2e9g","1","OCR failed. Command: tesseract /tmp/diml/pngs/d9bt55b1f5dg00bd2e9g/d9bt55b1f5dg00bd2e9g.0001.png /tmp/diml/ocr_results/d9bt55b1f5dg00bd2e9g/d9bt55b1f5dg00bd2e9g.0001 --oem 1 -l eng --psm 1 . Error: Error in pixCreateHeader: requested w = 36429, h = 60000, d = 8 Error in pixCreateHeader: requested by","NULL","2026-07-17 04:22:28.280","NULL","NULL"
"e7e2203e-097f-11ed-87e9-00505681224b","s3://enverus-courthouse-prod-chd-plants/nm/lea/e7e2/e7e2203e-097f-11ed-87e9-00505681224b.pdf","d9bug0eicpjg00dd3efg","1","OCR failed. Command: tesseract /tmp/diml/pngs/d9bug0eicpjg00dd3efg/d9bug0eicpjg00dd3efg.0001.png /tmp/diml/ocr_results/d9bug0eicpjg00dd3efg/d9bug0eicpjg00dd3efg.0001 --oem 1 -l eng --psm 1 . Error: Error in pixCreateHeader: requested w = 36429, h = 60000, d = 8 Error in pixCreateHeader: requested by","NULL","2026-07-17 04:22:28.280","NULL","NULL"
"bc09138d-42b7-11ec-a6ae-00505681224b","s3://enverus-courthouse-prod-chd-plants/nm/eog_lea/bc09/bc09138d-42b7-11ec-a6ae-00505681224b.pdf","d9bunqrrgi8g00bh0620","1","OCR failed. Command: tesseract /tmp/diml/pngs/d9bunqrrgi8g00bh0620/d9bunqrrgi8g00bh0620.0010.png /tmp/diml/ocr_results/d9bunqrrgi8g00bh0620/d9bunqrrgi8g00bh0620.0010 --oem 1 -l eng --psm 1 . Error: Error in pixCreateHeader: requested w = 36429, h = 60000, d = 8 Error in pixCreateHeader: requested by","NULL","2026-07-17 04:22:28.280","NULL","NULL"
"670c1ff2-3f8a-11ec-8da1-00505681224b","s3://enverus-courthouse-prod-chd-plants/nm/lea/670c/670c1ff2-3f8a-11ec-8da1-00505681224b.pdf","d9btp57r2ffg00e02bvg","1","OCR failed. Command: tesseract /tmp/diml/pngs/d9btp57r2ffg00e02bvg/d9btp57r2ffg00e02bvg.0001.png /tmp/diml/ocr_results/d9btp57r2ffg00e02bvg/d9btp57r2ffg00e02bvg.0001 --oem 1 -l eng --psm 1 . Error: Error in pixCreateHeader: requested w = 36429, h = 60000, d = 8 Error in pixCreateHeader: requested by","NULL","2026-07-17 04:22:28.280","NULL","NULL"
"8e8d8b72-d3ea-11eb-b8b8-00505681224b","s3://enverus-courthouse-prod-chd-plants/nm/lea/8e8d/8e8d8b72-d3ea-11eb-b8b8-00505681224b.pdf","d9bthjsflnl000djmb30","1","OCR failed. Command: tesseract /tmp/diml/pngs/d9bthjsflnl000djmb30/d9bthjsflnl000djmb30.0001.png /tmp/diml/ocr_results/d9bthjsflnl000djmb30/d9bthjsflnl000djmb30.0001 --oem 1 -l eng --psm 1 . Error: Error in pixCreateHeader: requested w = 36429, h = 60000, d = 8 Error in pixCreateHeader: requested by","NULL","2026-07-17 04:22:28.280","NULL","NULL"
"e1878470-bc7b-11ec-97bd-00505681224b","s3://enverus-courthouse-prod-chd-plants/nm/eog_lea/e187/e1878470-bc7b-11ec-97bd-00505681224b.pdf","d9bt203te9l000f78eh0","1","OCR failed. Command: tesseract /tmp/diml/pngs/d9bt203te9l000f78eh0/d9bt203te9l000f78eh0.0001.png /tmp/diml/ocr_results/d9bt203te9l000f78eh0/d9bt203te9l000f78eh0.0001 --oem 1 -l eng --psm 1 . Error: Error in pixCreateHeader: requested w = 36429, h = 60000, d = 8 Error in pixCreateHeader: requested by","NULL","2026-07-17 04:22:28.280","NULL","NULL"
"c24373e9-3ec2-11ec-af46-00505681224b","s3://enverus-courthouse-prod-chd-plants/nm/lea/c243/c24373e9-3ec2-11ec-af46-00505681224b.pdf","d9bst036g7ig00fumm0g","1","OCR failed. Command: tesseract /tmp/diml/pngs/d9bst036g7ig00fumm0g/d9bst036g7ig00fumm0g.0001.png /tmp/diml/ocr_results/d9bst036g7ig00fumm0g/d9bst036g7ig00fumm0g.0001 --oem 1 -l eng --psm 1 . Error: Error in pixCreateHeader: requested w = 36429, h = 60000, d = 8 Error in pixCreateHeader: requested by","NULL","2026-07-17 04:22:28.280","NULL","NULL"
"b1c367a5-842d-4018-9762-70d0597142d3","s3://enverus-courthouse-prod-chd-plants/tx/grimes/b1c3/b1c367a5-842d-4018-9762-70d0597142d3.pdf","bdtps0pmk447qc3ffpvg","1","Could not read pdf file /tmp/diml/b1c367a5-842d-4018-9762-70d0597142d3.pdf, last try failure: list index out of range","NULL","2026-07-17 04:22:28.280","NULL","NULL"
"bc093ac6-42b7-11ec-8c57-00505681224b","s3://enverus-courthouse-prod-chd-plants/nm/eog_lea/bc09/bc093ac6-42b7-11ec-8c57-00505681224b.pdf","d9bunduicpjg00ddeigg","1","OCR failed. Command: tesseract /tmp/diml/pngs/d9bunduicpjg00ddeigg/d9bunduicpjg00ddeigg.0001.png /tmp/diml/ocr_results/d9bunduicpjg00ddeigg/d9bunduicpjg00ddeigg.0001 --oem 1 -l eng --psm 1 . Error: Error in pixCreateHeader: requested w = 36429, h = 60000, d = 8 Error in pixCreateHeader: requested by","NULL","2026-07-17 04:17:16.153","NULL","NULL"
"17dba286-f80d-11eb-8307-00505681224b","s3://enverus-courthouse-prod-chd-plants/nm/eog_lea/17db/17dba286-f80d-11eb-8307-00505681224b.pdf","d9btk79kf4s000f6l8l0","1","OCR failed. Command: tesseract /tmp/diml/pngs/d9btk79kf4s000f6l8l0/d9btk79kf4s000f6l8l0.0003.png /tmp/diml/ocr_results/d9btk79kf4s000f6l8l0/d9btk79kf4s000f6l8l0.0003 --oem 1 -l eng --psm 1 . Error: Error in pixCreateHeader: requested w = 36429, h = 60000, d = 8 Error in pixCreateHeader: requested by","NULL","2026-07-17 04:17:16.153","NULL","NULL"
"c245bdcb-3ec2-11ec-a817-00505681224b","s3://enverus-courthouse-prod-chd-plants/nm/lea/c245/c245bdcb-3ec2-11ec-a817-00505681224b.pdf","d9btb1hkf4s000f6akjg","1","OCR failed. Command: tesseract /tmp/diml/pngs/d9btb1hkf4s000f6akjg/d9btb1hkf4s000f6akjg.0001.png /tmp/diml/ocr_results/d9btb1hkf4s000f6akjg/d9btb1hkf4s000f6akjg.0001 --oem 1 -l eng --psm 1 . Error: Error in pixCreateHeader: requested w = 36429, h = 60000, d = 8 Error in pixCreateHeader: requested by","NULL","2026-07-17 04:17:16.153","NULL","NULL"
"b5e1bc11-d733-11ec-a6e8-00505681224b","s3://enverus-courthouse-prod-chd-plants/nm/eog_lea/b5e1/b5e1bc11-d733-11ec-a6e8-00505681224b.pdf","d9bthccogvn0009aijhg","1","OCR failed. Command: tesseract /tmp/diml/pngs/d9bthccogvn0009aijhg/d9bthccogvn0009aijhg.0001.png /tmp/diml/ocr_results/d9bthccogvn0009aijhg/d9bthccogvn0009aijhg.0001 --oem 1 -l eng --psm 1 . Error: Error in pixCreateHeader: requested w = 36429, h = 60000, d = 8 Error in pixCreateHeader: requested by","NULL","2026-07-17 04:17:16.153","NULL","NULL"
"576b2be0-d733-11ec-9d48-00505681224b","s3://enverus-courthouse-prod-chd-plants/nm/lea/576b/576b2be0-d733-11ec-9d48-00505681224b.pdf","d9btcdg59fgg00e1mnl0","1","OCR failed. Command: tesseract /tmp/diml/pngs/d9btcdg59fgg00e1mnl0/d9btcdg59fgg00e1mnl0.0005.png /tmp/diml/ocr_results/d9btcdg59fgg00e1mnl0/d9btcdg59fgg00e1mnl0.0005 --oem 1 -l eng --psm 1 . Error: Error in pixCreateHeader: requested w = 36429, h = 60000, d = 8 Error in pixCreateHeader: requested by","NULL","2026-07-17 04:17:16.153","NULL","NULL"
"d32cae64-bc7b-11ec-8004-00505681224b","s3://enverus-courthouse-prod-chd-plants/nm/eog_lea/d32c/d32cae64-bc7b-11ec-8004-00505681224b.pdf","d9bunr6icpjg00ddfel0","1","OCR failed. Command: tesseract /tmp/diml/pngs/d9bunr6icpjg00ddfel0/d9bunr6icpjg00ddfel0.0001.png /tmp/diml/ocr_results/d9bunr6icpjg00ddfel0/d9bunr6icpjg00ddfel0.0001 --oem 1 -l eng --psm 1 . Error: Error in pixCreateHeader: requested w = 36429, h = 60000, d = 8 Error in pixCreateHeader: requested by","NULL","2026-07-17 04:17:16.153","NULL","NULL"
"c8400a50-8bcb-11ec-b19a-00505681224b","s3://enverus-courthouse-prod-chd-plants/nm/lea/c840/c8400a50-8bcb-11ec-b19a-00505681224b.pdf","d9btdfh5jqeg00e6nidg","1","OCR failed. Command: tesseract /tmp/diml/pngs/d9btdfh5jqeg00e6nidg/d9btdfh5jqeg00e6nidg.0001.png /tmp/diml/ocr_results/d9btdfh5jqeg00e6nidg/d9btdfh5jqeg00e6nidg.0001 --oem 1 -l eng --psm 1 . Error: Error in pixCreateHeader: requested w = 36429, h = 60000, d = 8 Error in pixCreateHeader: requested by","NULL","2026-07-17 04:17:16.153","NULL","NULL"
"670da680-3f8a-11ec-9078-00505681224b","s3://enverus-courthouse-prod-chd-plants/nm/lea/670d/670da680-3f8a-11ec-9078-00505681224b.pdf","d9budgm89gsg00fh6usg","1","OCR failed. Command: tesseract /tmp/diml/pngs/d9budgm89gsg00fh6usg/d9budgm89gsg00fh6usg.0001.png /tmp/diml/ocr_results/d9budgm89gsg00fh6usg/d9budgm89gsg00fh6usg.0001 --oem 1 -l eng --psm 1 . Error: Error in pixCreateHeader: requested w = 36429, h = 60000, d = 8 Error in pixCreateHeader: requested by","NULL","2026-07-17 04:12:04.107","NULL","NULL"
"f5a0a4d1-405b-11ec-9e02-00505681224b","s3://enverus-courthouse-prod-chd-plants/nm/eog_lea/f5a0/f5a0a4d1-405b-11ec-9e02-00505681224b.pdf","d9bu3ojte9l000f8i3ng","1","OCR failed. Command: tesseract /tmp/diml/pngs/d9bu3ojte9l000f8i3ng/d9bu3ojte9l000f8i3ng.0002.png /tmp/diml/ocr_results/d9bu3ojte9l000f8i3ng/d9bu3ojte9l000f8i3ng.0002 --oem 1 -l eng --psm 1 . Error: Error in pixCreateHeader: requested w = 36429, h = 60000, d = 8 Error in pixCreateHeader: requested by","NULL","2026-07-17 04:12:04.107","NULL","NULL"
"670bd1c5-3f8a-11ec-b2a2-00505681224b","s3://enverus-courthouse-prod-chd-plants/nm/lea/670b/670bd1c5-3f8a-11ec-b2a2-00505681224b.pdf","d9buj8js7m5g0089s2sg","1","OCR failed. Command: tesseract /tmp/diml/pngs/d9buj8js7m5g0089s2sg/d9buj8js7m5g0089s2sg.0001.png /tmp/diml/ocr_results/d9buj8js7m5g0089s2sg/d9buj8js7m5g0089s2sg.0001 --oem 1 -l eng --psm 1 . Error: Error in pixCreateHeader: requested w = 36429, h = 60000, d = 8 Error in pixCreateHeader: requested by","NULL","2026-07-17 04:12:04.107","NULL","NULL"
"be43d8c5-a5b1-11ec-a4ae-00505681224b","s3://enverus-courthouse-prod-chd-plants/nm/lea/be43/be43d8c5-a5b1-11ec-a4ae-00505681224b.pdf","d9bu2urs7m5g008943jg","1","OCR failed. Command: tesseract /tmp/diml/pngs/d9bu2urs7m5g008943jg/d9bu2urs7m5g008943jg.0001.png /tmp/diml/ocr_results/d9bu2urs7m5g008943jg/d9bu2urs7m5g008943jg.0001 --oem 1 -l eng --psm 1 . Error: Error in pixCreateHeader: requested w = 36429, h = 60000, d = 8 Error in pixCreateHeader: requested by","NULL","2026-07-17 04:12:04.107","NULL","NULL"
"aec45158-a5b1-11ec-a7ad-00505681224b","s3://enverus-courthouse-prod-chd-plants/nm/lea/aec4/aec45158-a5b1-11ec-a7ad-00505681224b.pdf","d9btdr859fgg00e1ogqg","1","OCR failed. Command: tesseract /tmp/diml/pngs/d9btdr859fgg00e1ogqg/d9btdr859fgg00e1ogqg.0001.png /tmp/diml/ocr_results/d9btdr859fgg00e1ogqg/d9btdr859fgg00e1ogqg.0001 --oem 1 -l eng --psm 1 . Error: Error in pixCreateHeader: requested w = 36429, h = 60000, d = 8 Error in pixCreateHeader: requested by","NULL","2026-07-17 04:12:04.107","NULL","NULL"
"b5e1e312-d733-11ec-935e-00505681224b","s3://enverus-courthouse-prod-chd-plants/nm/eog_lea/b5e1/b5e1e312-d733-11ec-935e-00505681224b.pdf","d9bun8030skg00d90tl0","1","OCR failed. Command: tesseract /tmp/diml/pngs/d9bun8030skg00d90tl0/d9bun8030skg00d90tl0.0001.png /tmp/diml/ocr_results/d9bun8030skg00d90tl0/d9bun8030skg00d90tl0.0001 --oem 1 -l eng --psm 1 . Error: Error in pixCreateHeader: requested w = 36429, h = 60000, d = 8 Error in pixCreateHeader: requested by","NULL","2026-07-17 04:12:04.107","NULL","NULL"
"c83fbc30-8bcb-11ec-8e96-00505681224b","s3://enverus-courthouse-prod-chd-plants/nm/lea/c83f/c83fbc30-8bcb-11ec-8e96-00505681224b.pdf","d9buqu3delo000dvtbvg","1","OCR failed. Command: tesseract /tmp/diml/pngs/d9buqu3delo000dvtbvg/d9buqu3delo000dvtbvg.0001.png /tmp/diml/ocr_results/d9buqu3delo000dvtbvg/d9buqu3delo000dvtbvg.0001 --oem 1 -l eng --psm 1 . Error: Error in pixCreateHeader: requested w = 36429, h = 60000, d = 8 Error in pixCreateHeader: requested by","NULL","2026-07-17 04:12:04.107","NULL","NULL"
"b5e20a31-d733-11ec-b7fc-00505681224b","s3://enverus-courthouse-prod-chd-plants/nm/eog_lea/b5e2/b5e20a31-d733-11ec-b7fc-00505681224b.pdf","d9btn63s7m5g0088ke6g","1","OCR failed. Command: tesseract /tmp/diml/pngs/d9btn63s7m5g0088ke6g/d9btn63s7m5g0088ke6g.0001.png /tmp/diml/ocr_results/d9btn63s7m5g0088ke6g/d9btn63s7m5g0088ke6g.0001 --oem 1 -l eng --psm 1 . Error: Error in pixCreateHeader: requested w = 36429, h = 60000, d = 8 Error in pixCreateHeader: requested by","NULL","2026-07-17 04:12:04.107","NULL","NULL"
"67b8af1c-3f8a-11ec-9a47-00505681224b","s3://enverus-courthouse-prod-chd-plants/nm/eog_lea/67b8/67b8af1c-3f8a-11ec-9a47-00505681224b.pdf","d9btrkpb0h1g00d0mhjg","1","OCR failed. Command: tesseract /tmp/diml/pngs/d9btrkpb0h1g00d0mhjg/d9btrkpb0h1g00d0mhjg.0001.png /tmp/diml/ocr_results/d9btrkpb0h1g00d0mhjg/d9btrkpb0h1g00d0mhjg.0001 --oem 1 -l eng --psm 1 . Error: Error in pixCreateHeader: requested w = 36429, h = 60000, d = 8 Error in pixCreateHeader: requested by","NULL","2026-07-17 04:06:50.527","NULL","NULL"
"47195acd-d733-11ec-a80c-00505681224b","s3://enverus-courthouse-prod-chd-plants/nm/lea/4719/47195acd-d733-11ec-a80c-00505681224b.pdf","d9btj1a2oub000e1tp1g","1","OCR failed. Command: tesseract /tmp/diml/pngs/d9btj1a2oub000e1tp1g/d9btj1a2oub000e1tp1g.0003.png /tmp/diml/ocr_results/d9btj1a2oub000e1tp1g/d9btj1a2oub000e1tp1g.0003 --oem 1 -l eng --psm 1 . Error: Error in pixCreateHeader: requested w = 36429, h = 60000, d = 8 Error in pixCreateHeader: requested by","NULL","2026-07-17 04:06:50.527","NULL","NULL"
"bc093ac3-42b7-11ec-9574-00505681224b","s3://enverus-courthouse-prod-chd-plants/nm/eog_lea/bc09/bc093ac3-42b7-11ec-9574-00505681224b.pdf","d9bt2a689gsg00fffvn0","1","OCR failed. Command: tesseract /tmp/diml/pngs/d9bt2a689gsg00fffvn0/d9bt2a689gsg00fffvn0.0001.png /tmp/diml/ocr_results/d9bt2a689gsg00fffvn0/d9bt2a689gsg00fffvn0.0001 --oem 1 -l eng --psm 1 . Error: Error in pixCreateHeader: requested w = 36429, h = 60000, d = 8 Error in pixCreateHeader: requested by","NULL","2026-07-17 04:06:50.527","NULL","NULL"
"447b1e66-097f-11ed-96ae-00505681224b","s3://enverus-courthouse-prod-chd-plants/nm/lea/447b/447b1e66-097f-11ed-96ae-00505681224b.pdf","d9btk8bte9l000f7te0g","1","OCR failed. Command: tesseract /tmp/diml/pngs/d9btk8bte9l000f7te0g/d9btk8bte9l000f7te0g.0001.png /tmp/diml/ocr_results/d9btk8bte9l000f7te0g/d9btk8bte9l000f7te0g.0001 --oem 1 -l eng --psm 1 . Error: Error in pixCreateHeader: requested w = 36429, h = 60000, d = 8 Error in pixCreateHeader: requested by","NULL","2026-07-17 04:06:50.527","NULL","NULL"
"c24521aa-3ec2-11ec-880d-00505681224b","s3://enverus-courthouse-prod-chd-plants/nm/lea/c245/c24521aa-3ec2-11ec-880d-00505681224b.pdf","d9bugq7pfcq000fgi7t0","1","OCR failed. Command: tesseract /tmp/diml/pngs/d9bugq7pfcq000fgi7t0/d9bugq7pfcq000fgi7t0.0001.png /tmp/diml/ocr_results/d9bugq7pfcq000fgi7t0/d9bugq7pfcq000fgi7t0.0001 --oem 1 -l eng --psm 1 . Error: Error in pixCreateHeader: requested w = 36429, h = 60000, d = 8 Error in pixCreateHeader: requested by","NULL","2026-07-17 04:01:46.400","NULL","NULL"
"bc08ec9a-42b7-11ec-9615-00505681224b","s3://enverus-courthouse-prod-chd-plants/nm/eog_lea/bc08/bc08ec9a-42b7-11ec-9615-00505681224b.pdf","d9bt3e7pfcq000femll0","1","OCR failed. Command: tesseract /tmp/diml/pngs/d9bt3e7pfcq000femll0/d9bt3e7pfcq000femll0.0005.png /tmp/diml/ocr_results/d9bt3e7pfcq000femll0/d9bt3e7pfcq000femll0.0005 --oem 1 -l eng --psm 1 . Error: Error in pixCreateHeader: requested w = 36429, h = 60000, d = 8 Error in pixCreateHeader: requested by","NULL","2026-07-17 04:01:46.400","NULL","NULL"
"0656b36f-d733-11ec-b855-00505681224b","s3://enverus-courthouse-prod-chd-plants/nm/lea/0656/0656b36f-d733-11ec-b855-00505681224b.pdf","d9bts2pb0h1g00d0nihg","1","OCR failed. Command: tesseract /tmp/diml/pngs/d9bts2pb0h1g00d0nihg/d9bts2pb0h1g00d0nihg.0003.png /tmp/diml/ocr_results/d9bts2pb0h1g00d0nihg/d9bts2pb0h1g00d0nihg.0003 --oem 1 -l eng --psm 1 . Error: Error in pixCreateHeader: requested w = 36429, h = 60000, d = 8 Error in pixCreateHeader: requested by","NULL","2026-07-17 04:01:46.400","NULL","NULL"
"e7e183ed-097f-11ed-9d84-00505681224b","s3://enverus-courthouse-prod-chd-plants/nm/lea/e7e1/e7e183ed-097f-11ed-9d84-00505681224b.pdf","d9bupk859fgg00e3kvsg","1","OCR failed. Command: tesseract /tmp/diml/pngs/d9bupk859fgg00e3kvsg/d9bupk859fgg00e3kvsg.0001.png /tmp/diml/ocr_results/d9bupk859fgg00e3kvsg/d9bupk859fgg00e3kvsg.0001 --oem 1 -l eng --psm 1 . Error: Error in pixCreateHeader: requested w = 36429, h = 60000, d = 8 Error in pixCreateHeader: requested by","NULL","2026-07-17 03:56:34.640","NULL","NULL"
"f5a056a5-405b-11ec-95ea-00505681224b","s3://enverus-courthouse-prod-chd-plants/nm/eog_lea/f5a0/f5a056a5-405b-11ec-95ea-00505681224b.pdf","d9buqkmicpjg00ddj3eg","1","OCR failed. Command: tesseract /tmp/diml/pngs/d9buqkmicpjg00ddj3eg/d9buqkmicpjg00ddj3eg.0005.png /tmp/diml/ocr_results/d9buqkmicpjg00ddj3eg/d9buqkmicpjg00ddj3eg.0005 --oem 1 -l eng --psm 1 . Error: Error in pixCreateHeader: requested w = 36429, h = 60000, d = 8 Error in pixCreateHeader: requested by","NULL","2026-07-17 03:56:34.640","NULL","NULL"
"c83e5c9e-8bcb-11ec-89f1-00505681224b","s3://enverus-courthouse-prod-chd-plants/nm/lea/c83e/c83e5c9e-8bcb-11ec-89f1-00505681224b.pdf","d9bt95uicpjg00dbfcm0","1","OCR failed. Command: tesseract /tmp/diml/pngs/d9bt95uicpjg00dbfcm0/d9bt95uicpjg00dbfcm0.0001.png /tmp/diml/ocr_results/d9bt95uicpjg00dbfcm0/d9bt95uicpjg00dbfcm0.0001 --oem 1 -l eng --psm 1 . Error: Error in pixCreateHeader: requested w = 36429, h = 60000, d = 8 Error in pixCreateHeader: requested by","NULL","2026-07-17 03:56:34.640","NULL","NULL"
"0655f042-d733-11ec-a7dd-00505681224b","s3://enverus-courthouse-prod-chd-plants/nm/lea/0655/0655f042-d733-11ec-a7dd-00505681224b.pdf","d9buao030skg00d8ens0","1","OCR failed. Command: tesseract /tmp/diml/pngs/d9buao030skg00d8ens0/d9buao030skg00d8ens0.0007.png /tmp/diml/ocr_results/d9buao030skg00d8ens0/d9buao030skg00d8ens0.0007 --oem 1 -l eng --psm 1 . Error: Error in pixCreateHeader: requested w = 36429, h = 60000, d = 8 Error in pixCreateHeader: requested by","NULL","2026-07-17 03:56:34.640","NULL","NULL"
"f59fba78-405b-11ec-a13f-00505681224b","s3://enverus-courthouse-prod-chd-plants/nm/eog_lea/f59f/f59fba78-405b-11ec-a13f-00505681224b.pdf","d9buang30skg00d8emsg","1","OCR failed. Command: tesseract /tmp/diml/pngs/d9buang30skg00d8emsg/d9buang30skg00d8emsg.0001.png /tmp/diml/ocr_results/d9buang30skg00d8emsg/d9buang30skg00d8emsg.0001 --oem 1 -l eng --psm 1 . Error: Error in pixCreateHeader: requested w = 36429, h = 60000, d = 8 Error in pixCreateHeader: requested by","NULL","2026-07-17 03:56:34.640","NULL","NULL"
"576b52f8-d733-11ec-8d03-00505681224b","s3://enverus-courthouse-prod-chd-plants/nm/lea/576b/576b52f8-d733-11ec-8d03-00505681224b.pdf","d9btaoe89gsg00ffoq0g","1","OCR failed. Command: tesseract /tmp/diml/pngs/d9btaoe89gsg00ffoq0g/d9btaoe89gsg00ffoq0g.0001.png /tmp/diml/ocr_results/d9btaoe89gsg00ffoq0g/d9btaoe89gsg00ffoq0g.0001 --oem 1 -l eng --psm 1 . Error: Error in pixCreateHeader: requested w = 36429, h = 60000, d = 8 Error in pixCreateHeader: requested by","NULL","2026-07-17 03:56:34.640","NULL","NULL"
"bfc6d968-097f-11ed-91bb-00505681224b","s3://enverus-courthouse-prod-chd-plants/nm/lea/bfc6/bfc6d968-097f-11ed-91bb-00505681224b.pdf","d9buadrs7m5g0089f0ig","1","OCR failed. Command: tesseract /tmp/diml/pngs/d9buadrs7m5g0089f0ig/d9buadrs7m5g0089f0ig.0001.png /tmp/diml/ocr_results/d9buadrs7m5g0089f0ig/d9buadrs7m5g0089f0ig.0001 --oem 1 -l eng --psm 1 . Error: Error in pixCreateHeader: requested w = 36429, h = 60000, d = 8 Error in pixCreateHeader: requested by","NULL","2026-07-17 03:56:34.640","NULL","NULL"
"447ad03b-097f-11ed-a2e9-00505681224b","s3://enverus-courthouse-prod-chd-plants/nm/lea/447a/447ad03b-097f-11ed-a2e9-00505681224b.pdf","d9bto3phd6mg00bmkpd0","1","OCR failed. Command: tesseract /tmp/diml/pngs/d9bto3phd6mg00bmkpd0/d9bto3phd6mg00bmkpd0.0002.png /tmp/diml/ocr_results/d9bto3phd6mg00bmkpd0/d9bto3phd6mg00bmkpd0.0002 --oem 1 -l eng --psm 1 . Error: Error in pixCreateHeader: requested w = 36429, h = 60000, d = 8 Error in pixCreateHeader: requested by","NULL","2026-07-17 03:56:34.640","NULL","NULL"
"06563e48-d733-11ec-9866-00505681224b","s3://enverus-courthouse-prod-chd-plants/nm/lea/0656/06563e48-d733-11ec-9866-00505681224b.pdf","d9bu20j6g7ig00803et0","1","OCR failed. Command: tesseract /tmp/diml/pngs/d9bu20j6g7ig00803et0/d9bu20j6g7ig00803et0.0001.png /tmp/diml/ocr_results/d9bu20j6g7ig00803et0/d9bu20j6g7ig00803et0.0001 --oem 1 -l eng --psm 1 . Error: Error in pixCreateHeader: requested w = 36429, h = 60000, d = 8 Error in pixCreateHeader: requested by","NULL","2026-07-17 03:51:03.670","NULL","NULL"
"0656da8c-d733-11ec-8b20-00505681224b","s3://enverus-courthouse-prod-chd-plants/nm/lea/0656/0656da8c-d733-11ec-8b20-00505681224b.pdf","d9bts0r1f5dg00bdtq8g","1","OCR failed. Command: tesseract /tmp/diml/pngs/d9bts0r1f5dg00bdtq8g/d9bts0r1f5dg00bdtq8g.0001.png /tmp/diml/ocr_results/d9bts0r1f5dg00bdtq8g/d9bts0r1f5dg00bdtq8g.0001 --oem 1 -l eng --psm 1 . Error: Error in pixCreateHeader: requested w = 36429, h = 60000, d = 8 Error in pixCreateHeader: requested by","NULL","2026-07-17 03:51:03.670","NULL","NULL"
"f59f1e18-405b-11ec-8810-00505681224b","s3://enverus-courthouse-prod-chd-plants/nm/eog_lea/f59f/f59f1e18-405b-11ec-8810-00505681224b.pdf","d9bu2lbdd4a000d5k310","1","OCR failed. Command: tesseract /tmp/diml/pngs/d9bu2lbdd4a000d5k310/d9bu2lbdd4a000d5k310.0002.png /tmp/diml/ocr_results/d9bu2lbdd4a000d5k310/d9bu2lbdd4a000d5k310.0002 --oem 1 -l eng --psm 1 . Error: Error in pixCreateHeader: requested w = 36429, h = 60000, d = 8 Error in pixCreateHeader: requested by","NULL","2026-07-17 03:51:03.670","NULL","NULL"
"f59ecff8-405b-11ec-8e0a-00505681224b","s3://enverus-courthouse-prod-chd-plants/nm/eog_lea/f59e/f59ecff8-405b-11ec-8e0a-00505681224b.pdf","d9bu23bk4o900089c290","1","OCR failed. Command: tesseract /tmp/diml/pngs/d9bu23bk4o900089c290/d9bu23bk4o900089c290.0001.png /tmp/diml/ocr_results/d9bu23bk4o900089c290/d9bu23bk4o900089c290.0001 --oem 1 -l eng --psm 1 . Error: Error in pixCreateHeader: requested w = 36429, h = 60000, d = 8 Error in pixCreateHeader: requested by","NULL","2026-07-17 03:51:03.670","NULL","NULL"
"d32c8754-bc7b-11ec-be19-00505681224b","s3://enverus-courthouse-prod-chd-plants/nm/eog_lea/d32c/d32c8754-bc7b-11ec-be19-00505681224b.pdf","d9bt5a41kr4g008dbb40","1","OCR failed. Command: tesseract /tmp/diml/pngs/d9bt5a41kr4g008dbb40/d9bt5a41kr4g008dbb40.0001.png /tmp/diml/ocr_results/d9bt5a41kr4g008dbb40/d9bt5a41kr4g008dbb40.0001 --oem 1 -l eng --psm 1 . Error: Error in pixCreateHeader: requested w = 36429, h = 60000, d = 8 Error in pixCreateHeader: requested by","NULL","2026-07-17 03:51:03.670","NULL","NULL"
"17db2d51-f80d-11eb-ab26-00505681224b","s3://enverus-courthouse-prod-chd-plants/nm/eog_lea/17db/17db2d51-f80d-11eb-ab26-00505681224b.pdf","d9buk8rk4o90008a6cu0","1","OCR failed. Command: tesseract /tmp/diml/pngs/d9buk8rk4o90008a6cu0/d9buk8rk4o90008a6cu0.0004.png /tmp/diml/ocr_results/d9buk8rk4o90008a6cu0/d9buk8rk4o90008a6cu0.0004 --oem 1 -l eng --psm 1 . Error: Error in pixCreateHeader: requested w = 36429, h = 60000, d = 8 Error in pixCreateHeader: requested by","NULL","2026-07-17 03:51:03.670","NULL","NULL"
"27239a81-0980-11ed-9d11-00505681224b","s3://enverus-courthouse-prod-chd-plants/nm/lea/2723/27239a81-0980-11ed-9d11-00505681224b.pdf","d9btn5dlksng008ei8ig","1","OCR failed. Command: tesseract /tmp/diml/pngs/d9btn5dlksng008ei8ig/d9btn5dlksng008ei8ig.0002.png /tmp/diml/ocr_results/d9btn5dlksng008ei8ig/d9btn5dlksng008ei8ig.0002 --oem 1 -l eng --psm 1 . Error: Error in pixCreateHeader: requested w = 36429, h = 60000, d = 8 Error in pixCreateHeader: requested by","NULL","2026-07-17 03:46:01.673","NULL","NULL"
"f59f1e37-405b-11ec-9fe2-00505681224b","s3://enverus-courthouse-prod-chd-plants/nm/eog_lea/f59f/f59f1e37-405b-11ec-9fe2-00505681224b.pdf","d9btpodlksng008elj4g","1","OCR failed. Command: tesseract /tmp/diml/pngs/d9btpodlksng008elj4g/d9btpodlksng008elj4g.0001.png /tmp/diml/ocr_results/d9btpodlksng008elj4g/d9btpodlksng008elj4g.0001 --oem 1 -l eng --psm 1 . Error: Error in pixCreateHeader: requested w = 36429, h = 60000, d = 8 Error in pixCreateHeader: requested by","NULL","2026-07-17 03:46:01.673","NULL","NULL"
"670b3579-3f8a-11ec-9067-00505681224b","s3://enverus-courthouse-prod-chd-plants/nm/lea/670b/670b3579-3f8a-11ec-9067-00505681224b.pdf","d9bupi4ogvn0009cbd20","1","OCR failed. Command: tesseract /tmp/diml/pngs/d9bupi4ogvn0009cbd20/d9bupi4ogvn0009cbd20.0001.png /tmp/diml/ocr_results/d9bupi4ogvn0009cbd20/d9bupi4ogvn0009cbd20.0001 --oem 1 -l eng --psm 1 . Error: Error in pixCreateHeader: requested w = 36429, h = 60000, d = 8 Error in pixCreateHeader: requested by","NULL","2026-07-17 03:46:01.673","NULL","NULL"
"5a923294-6226-11ec-8063-00505681224b","s3://enverus-courthouse-prod-chd-plants/nm/eog_lea/5a92/5a923294-6226-11ec-8063-00505681224b.pdf","d9btdg0isvug00ft0h6g","1","OCR failed. Command: tesseract /tmp/diml/pngs/d9btdg0isvug00ft0h6g/d9btdg0isvug00ft0h6g.0001.png /tmp/diml/ocr_results/d9btdg0isvug00ft0h6g/d9btdg0isvug00ft0h6g.0001 --oem 1 -l eng --psm 1 . Error: Error in pixCreateHeader: requested w = 36429, h = 60000, d = 8 Error in pixCreateHeader: requested by","NULL","2026-07-17 03:46:01.673","NULL","NULL"
"06568c6f-d733-11ec-bf5e-00505681224b","s3://enverus-courthouse-prod-chd-plants/nm/lea/0656/06568c6f-d733-11ec-bf5e-00505681224b.pdf","d9bu8a8isvug00fu4310","1","OCR failed. Command: tesseract /tmp/diml/pngs/d9bu8a8isvug00fu4310/d9bu8a8isvug00fu4310.0006.png /tmp/diml/ocr_results/d9bu8a8isvug00fu4310/d9bu8a8isvug00fu4310.0006 --oem 1 -l eng --psm 1 . Error: Error in pixCreateHeader: requested w = 36429, h = 60000, d = 8 Error in pixCreateHeader: requested by","NULL","2026-07-17 03:46:01.673","NULL","NULL"
"e7e15d16-097f-11ed-99d8-00505681224b","s3://enverus-courthouse-prod-chd-plants/nm/lea/e7e1/e7e15d16-097f-11ed-99d8-00505681224b.pdf","d9bsrcllksng008diglg","1","OCR failed. Command: tesseract /tmp/diml/pngs/d9bsrcllksng008diglg/d9bsrcllksng008diglg.0001.png /tmp/diml/ocr_results/d9bsrcllksng008diglg/d9bsrcllksng008diglg.0001 --oem 1 -l eng --psm 1 . Error: Error in pixCreateHeader: requested w = 36429, h = 60000, d = 8 Error in pixCreateHeader: requested by","NULL","2026-07-17 03:46:01.673","NULL","NULL"
"e187d286-bc7b-11ec-abd1-00505681224b","s3://enverus-courthouse-prod-chd-plants/nm/eog_lea/e187/e187d286-bc7b-11ec-abd1-00505681224b.pdf","d9bunrhd6jhg0084t0cg","1","OCR failed. Command: tesseract /tmp/diml/pngs/d9bunrhd6jhg0084t0cg/d9bunrhd6jhg0084t0cg.0001.png /tmp/diml/ocr_results/d9bunrhd6jhg0084t0cg/d9bunrhd6jhg0084t0cg.0001 --oem 1 -l eng --psm 1 . Error: Error in pixCreateHeader: requested w = 36429, h = 60000, d = 8 Error in pixCreateHeader: requested by","NULL","2026-07-17 03:46:01.673","NULL","NULL"
"670b3588-3f8a-11ec-bde0-00505681224b","s3://enverus-courthouse-prod-chd-plants/nm/lea/670b/670b3588-3f8a-11ec-bde0-00505681224b.pdf","d9bt3i1kf4s000f61tog","1","OCR failed. Command: tesseract /tmp/diml/pngs/d9bt3i1kf4s000f61tog/d9bt3i1kf4s000f61tog.0001.png /tmp/diml/ocr_results/d9bt3i1kf4s000f61tog/d9bt3i1kf4s000f61tog.0001 --oem 1 -l eng --psm 1 . Error: Error in pixCreateHeader: requested w = 36429, h = 60000, d = 8 Error in pixCreateHeader: requested by","NULL","2026-07-17 03:46:01.673","NULL","NULL"
"30d5b5a2-ec4c-11eb-b8fb-00505681224b","s3://enverus-courthouse-prod-chd-plants/nm/eog_lea/30d5/30d5b5a2-ec4c-11eb-b8fb-00505681224b.pdf","d9btobbk4o900088umqg","1","OCR failed. Command: tesseract /tmp/diml/pngs/d9btobbk4o900088umqg/d9btobbk4o900088umqg.0013.png /tmp/diml/ocr_results/d9btobbk4o900088umqg/d9btobbk4o900088umqg.0013 --oem 1 -l eng --psm 1 . Error: Error in pixCreateHeader: requested w = 36429, h = 60000, d = 8 Error in pixCreateHeader: requested by","NULL","2026-07-17 03:46:01.673","NULL","NULL"
"8c653171-bc7b-11ec-8010-00505681224b","s3://enverus-courthouse-prod-chd-plants/nm/lea/8c65/8c653171-bc7b-11ec-8010-00505681224b.pdf","d9bu58fpfdig00fblkk0","1","OCR failed. Command: tesseract /tmp/diml/pngs/d9bu58fpfdig00fblkk0/d9bu58fpfdig00fblkk0.0001.png /tmp/diml/ocr_results/d9bu58fpfdig00fblkk0/d9bu58fpfdig00fblkk0.0001 --oem 1 -l eng --psm 1 . Error: Error in pixCreateHeader: requested w = 36429, h = 60000, d = 8 Error in pixCreateHeader: requested by","NULL","2026-07-17 03:46:01.673","NULL","NULL"
"c83f46f2-8bcb-11ec-aa74-00505681224b","s3://enverus-courthouse-prod-chd-plants/nm/lea/c83f/c83f46f2-8bcb-11ec-aa74-00505681224b.pdf","d9bts7rte9l000f8819g","1","OCR failed. Command: tesseract /tmp/diml/pngs/d9bts7rte9l000f8819g/d9bts7rte9l000f8819g.0001.png /tmp/diml/ocr_results/d9bts7rte9l000f8819g/d9bts7rte9l000f8819g.0001 --oem 1 -l eng --psm 1 . Error: Error in pixCreateHeader: requested w = 36429, h = 60000, d = 8 Error in pixCreateHeader: requested by","NULL","2026-07-17 03:46:01.673","NULL","NULL"
"670c46e9-3f8a-11ec-be86-00505681224b","s3://enverus-courthouse-prod-chd-plants/nm/lea/670c/670c46e9-3f8a-11ec-be86-00505681224b.pdf","d9bt6to30skg00d708tg","1","OCR failed. Command: tesseract /tmp/diml/pngs/d9bt6to30skg00d708tg/d9bt6to30skg00d708tg.0001.png /tmp/diml/ocr_results/d9bt6to30skg00d708tg/d9bt6to30skg00d708tg.0001 --oem 1 -l eng --psm 1 . Error: Error in pixCreateHeader: requested w = 36429, h = 60000, d = 8 Error in pixCreateHeader: requested by","NULL","2026-07-17 03:46:01.673","NULL","NULL"
"06561726-d733-11ec-8be0-00505681224b","s3://enverus-courthouse-prod-chd-plants/nm/lea/0656/06561726-d733-11ec-8be0-00505681224b.pdf","d9bt84fr761000desn10","1","OCR failed. Command: tesseract /tmp/diml/pngs/d9bt84fr761000desn10/d9bt84fr761000desn10.0001.png /tmp/diml/ocr_results/d9bt84fr761000desn10/d9bt84fr761000desn10.0001 --oem 1 -l eng --psm 1 . Error: Error in pixCreateHeader: requested w = 36429, h = 60000, d = 8 Error in pixCreateHeader: requested by","NULL","2026-07-17 03:46:01.673","NULL","NULL"
"9dd03f28-6a9e-11eb-a09e-00505681224b","s3://enverus-courthouse-prod-chd-plants/nm/eog_lea/9dd0/9dd03f28-6a9e-11eb-a09e-00505681224b.pdf","d9btj3js7m5g0088f120","1","OCR failed. Command: tesseract /tmp/diml/pngs/d9btj3js7m5g0088f120/d9btj3js7m5g0088f120.0008.png /tmp/diml/ocr_results/d9btj3js7m5g0088f120/d9btj3js7m5g0088f120.0008 --oem 1 -l eng --psm 1 . Error: Error in pixCreateHeader: requested w = 60000, h = 36429, d = 8 Error in pixCreateHeader: requested by","NULL","2026-07-17 03:40:52.767","NULL","NULL"
"c83fbc15-8bcb-11ec-a004-00505681224b","s3://enverus-courthouse-prod-chd-plants/nm/lea/c83f/c83fbc15-8bcb-11ec-a004-00505681224b.pdf","d9btinvak3500086i81g","1","OCR failed. Command: tesseract /tmp/diml/pngs/d9btinvak3500086i81g/d9btinvak3500086i81g.0001.png /tmp/diml/ocr_results/d9btinvak3500086i81g/d9btinvak3500086i81g.0001 --oem 1 -l eng --psm 1 . Error: Error in pixCreateHeader: requested w = 36429, h = 60000, d = 8 Error in pixCreateHeader: requested by","NULL","2026-07-17 03:40:52.767","NULL","NULL"
"c83f1ffa-8bcb-11ec-a187-00505681224b","s3://enverus-courthouse-prod-chd-plants/nm/lea/c83f/c83f1ffa-8bcb-11ec-a187-00505681224b.pdf","d9btufvpfcq000ffnj6g","1","OCR failed. Command: tesseract /tmp/diml/pngs/d9btufvpfcq000ffnj6g/d9btufvpfcq000ffnj6g.0001.png /tmp/diml/ocr_results/d9btufvpfcq000ffnj6g/d9btufvpfcq000ffnj6g.0001 --oem 1 -l eng --psm 1 . Error: Error in pixCreateHeader: requested w = 36429, h = 60000, d = 8 Error in pixCreateHeader: requested by","NULL","2026-07-17 03:40:52.767","NULL","NULL"
"1b365492-3df8-11ec-aa91-00505681224b","s3://enverus-courthouse-prod-chd-plants/nm/lea/1b36/1b365492-3df8-11ec-aa91-00505681224b.pdf","d9btj1kogvn0009akvlg","1","OCR failed. Command: tesseract /tmp/diml/pngs/d9btj1kogvn0009akvlg/d9btj1kogvn0009akvlg.0001.png /tmp/diml/ocr_results/d9btj1kogvn0009akvlg/d9btj1kogvn0009akvlg.0001 --oem 1 -l eng --psm 1 . Error: Error in pixCreateHeader: requested w = 36429, h = 60000, d = 8 Error in pixCreateHeader: requested by","NULL","2026-07-17 03:40:52.767","NULL","NULL"
"f10bbb70-6225-11ec-ad88-00505681224b","s3://enverus-courthouse-prod-chd-plants/nm/lea/f10b/f10bbb70-6225-11ec-ad88-00505681224b.pdf","d9bumf830skg00d903fg","1","OCR failed. Command: tesseract /tmp/diml/pngs/d9bumf830skg00d903fg/d9bumf830skg00d903fg.0001.png /tmp/diml/ocr_results/d9bumf830skg00d903fg/d9bumf830skg00d903fg.0001 --oem 1 -l eng --psm 1 . Error: Error in pixCreateHeader: requested w = 36429, h = 60000, d = 8 Error in pixCreateHeader: requested by","NULL","2026-07-17 03:40:52.767","NULL","NULL"
"5a92598b-6226-11ec-9db2-00505681224b","s3://enverus-courthouse-prod-chd-plants/nm/eog_lea/5a92/5a92598b-6226-11ec-9db2-00505681224b.pdf","d9bsspb6g7ig00fum5p0","1","OCR failed. Command: tesseract /tmp/diml/pngs/d9bsspb6g7ig00fum5p0/d9bsspb6g7ig00fum5p0.0001.png /tmp/diml/ocr_results/d9bsspb6g7ig00fum5p0/d9bsspb6g7ig00fum5p0.0001 --oem 1 -l eng --psm 1 . Error: Error in pixCreateHeader: requested w = 36429, h = 60000, d = 8 Error in pixCreateHeader: requested by","NULL","2026-07-17 03:40:52.767","NULL","NULL"
"c2434cd5-3ec2-11ec-b58c-00505681224b","s3://enverus-courthouse-prod-chd-plants/nm/lea/c243/c2434cd5-3ec2-11ec-b58c-00505681224b.pdf","d9btmj4ogvn0009ap33g","1","OCR failed. Command: tesseract /tmp/diml/pngs/d9btmj4ogvn0009ap33g/d9btmj4ogvn0009ap33g.0001.png /tmp/diml/ocr_results/d9btmj4ogvn0009ap33g/d9btmj4ogvn0009ap33g.0001 --oem 1 -l eng --psm 1 . Error: Error in pixCreateHeader: requested w = 36429, h = 60000, d = 8 Error in pixCreateHeader: requested by","NULL","2026-07-17 03:40:52.767","NULL","NULL"
"f59f6c3d-405b-11ec-80d3-00505681224b","s3://enverus-courthouse-prod-chd-plants/nm/eog_lea/f59f/f59f6c3d-405b-11ec-80d3-00505681224b.pdf","d9buhtmicpjg00dd633g","1","OCR failed. Command: tesseract /tmp/diml/pngs/d9buhtmicpjg00dd633g/d9buhtmicpjg00dd633g.0001.png /tmp/diml/ocr_results/d9buhtmicpjg00dd633g/d9buhtmicpjg00dd633g.0001 --oem 1 -l eng --psm 1 . Error: Error in pixCreateHeader: requested w = 36429, h = 60000, d = 8 Error in pixCreateHeader: requested by","NULL","2026-07-17 03:35:51.540","NULL","NULL"
"c83f2005-8bcb-11ec-bc3a-00505681224b","s3://enverus-courthouse-prod-chd-plants/nm/lea/c83f/c83f2005-8bcb-11ec-bc3a-00505681224b.pdf","d9bupl4ogvn0009cbk2g","1","OCR failed. Command: tesseract /tmp/diml/pngs/d9bupl4ogvn0009cbk2g/d9bupl4ogvn0009cbk2g.0001.png /tmp/diml/ocr_results/d9bupl4ogvn0009cbk2g/d9bupl4ogvn0009cbk2g.0001 --oem 1 -l eng --psm 1 . Error: Error in pixCreateHeader: requested w = 36429, h = 60000, d = 8 Error in pixCreateHeader: requested by","NULL","2026-07-17 03:35:51.540","NULL","NULL"
"a3f36e95-d733-11ec-aa58-00505681224b","s3://enverus-courthouse-prod-chd-plants/nm/eog_lea/a3f3/a3f36e95-d733-11ec-aa58-00505681224b.pdf","d9btf2micpjg00dbn0i0","1","OCR failed. Command: tesseract /tmp/diml/pngs/d9btf2micpjg00dbn0i0/d9btf2micpjg00dbn0i0.0001.png /tmp/diml/ocr_results/d9btf2micpjg00dbn0i0/d9btf2micpjg00dbn0i0.0001 --oem 1 -l eng --psm 1 . Error: Error in pixCreateHeader: requested w = 36429, h = 60000, d = 8 Error in pixCreateHeader: requested by","NULL","2026-07-17 03:35:51.540","NULL","NULL"
"74f2d49f-3fb9-11eb-9e5a-00505681224b","s3://enverus-courthouse-prod-chd-plants/nm/eog_lea/74f2/74f2d49f-3fb9-11eb-9e5a-00505681224b.pdf","d9btc4bte9l000f7jp00","1","OCR failed. Command: tesseract /tmp/diml/pngs/d9btc4bte9l000f7jp00/d9btc4bte9l000f7jp00.0011.png /tmp/diml/ocr_results/d9btc4bte9l000f7jp00/d9btc4bte9l000f7jp00.0011 --oem 1 -l eng --psm 1 . Error: Error in pixCreateHeader: requested w = 36429, h = 60000, d = 8 Error in pixCreateHeader: requested by","NULL","2026-07-17 03:35:51.540","NULL","NULL"
"670baaa8-3f8a-11ec-ac4a-00505681224b","s3://enverus-courthouse-prod-chd-plants/nm/lea/670b/670baaa8-3f8a-11ec-ac4a-00505681224b.pdf","d9bt1p7pfcq000fekr1g","1","OCR failed. Command: tesseract /tmp/diml/pngs/d9bt1p7pfcq000fekr1g/d9bt1p7pfcq000fekr1g.0001.png /tmp/diml/ocr_results/d9bt1p7pfcq000fekr1g/d9bt1p7pfcq000fekr1g.0001 --oem 1 -l eng --psm 1 . Error: Error in pixCreateHeader: requested w = 36429, h = 60000, d = 8 Error in pixCreateHeader: requested by","NULL","2026-07-17 03:30:47.353","NULL","NULL"
"a136b4a3-bc7b-11ec-8246-00505681224b","s3://enverus-courthouse-prod-chd-plants/nm/lea/a136/a136b4a3-bc7b-11ec-8246-00505681224b.pdf","d9btvn1hd6mg00bmuuq0","1","OCR failed. Command: tesseract /tmp/diml/pngs/d9btvn1hd6mg00bmuuq0/d9btvn1hd6mg00bmuuq0.0001.png /tmp/diml/ocr_results/d9btvn1hd6mg00bmuuq0/d9btvn1hd6mg00bmuuq0.0001 --oem 1 -l eng --psm 1 . Error: Error in pixCreateHeader: requested w = 36429, h = 60000, d = 8 Error in pixCreateHeader: requested by","NULL","2026-07-17 03:30:47.353","NULL","NULL"
"670b3584-3f8a-11ec-8d63-00505681224b","s3://enverus-courthouse-prod-chd-plants/nm/lea/670b/670b3584-3f8a-11ec-8d63-00505681224b.pdf","d9btip9b0h1g00d0bcj0","1","OCR failed. Command: tesseract /tmp/diml/pngs/d9btip9b0h1g00d0bcj0/d9btip9b0h1g00d0bcj0.0001.png /tmp/diml/ocr_results/d9btip9b0h1g00d0bcj0/d9btip9b0h1g00d0bcj0.0001 --oem 1 -l eng --psm 1 . Error: Error in pixCreateHeader: requested w = 36429, h = 60000, d = 8 Error in pixCreateHeader: requested by","NULL","2026-07-17 03:30:47.353","NULL","NULL"
"c83f9531-8bcb-11ec-8aaf-00505681224b","s3://enverus-courthouse-prod-chd-plants/nm/lea/c83f/c83f9531-8bcb-11ec-8aaf-00505681224b.pdf","d9bu0g7pfdig00fbefqg","1","OCR failed. Command: tesseract /tmp/diml/pngs/d9bu0g7pfdig00fbefqg/d9bu0g7pfdig00fbefqg.0001.png /tmp/diml/ocr_results/d9bu0g7pfdig00fbefqg/d9bu0g7pfdig00fbefqg.0001 --oem 1 -l eng --psm 1 . Error: Error in pixCreateHeader: requested w = 36429, h = 60000, d = 8 Error in pixCreateHeader: requested by","NULL","2026-07-17 03:30:47.353","NULL","NULL"
"d32d238c-bc7b-11ec-a00f-00505681224b","s3://enverus-courthouse-prod-chd-plants/nm/eog_lea/d32d/d32d238c-bc7b-11ec-a00f-00505681224b.pdf","d9bt29nr761000demhn0","1","OCR failed. Command: tesseract /tmp/diml/pngs/d9bt29nr761000demhn0/d9bt29nr761000demhn0.0001.png /tmp/diml/ocr_results/d9bt29nr761000demhn0/d9bt29nr761000demhn0.0001 --oem 1 -l eng --psm 1 . Error: Error in pixCreateHeader: requested w = 36429, h = 60000, d = 8 Error in pixCreateHeader: requested by","NULL","2026-07-17 03:30:47.353","NULL","NULL"
"74ebcf97-3fb9-11eb-8253-00505681224b","s3://enverus-courthouse-prod-chd-plants/nm/eog_lea/74eb/74ebcf97-3fb9-11eb-8253-00505681224b.pdf","d9buc7sflnl000dkqp3g","1","OCR failed. Command: tesseract /tmp/diml/pngs/d9buc7sflnl000dkqp3g/d9buc7sflnl000dkqp3g.0001.png /tmp/diml/ocr_results/d9buc7sflnl000dkqp3g/d9buc7sflnl000dkqp3g.0001 --oem 1 -l eng --psm 1 . Error: Error in pixCreateHeader: requested w = 36429, h = 60000, d = 8 Error in pixCreateHeader: requested by","NULL","2026-07-17 03:30:47.353","NULL","NULL"
"bc0a9a39-42b7-11ec-81a2-00505681224b","s3://enverus-courthouse-prod-chd-plants/nm/eog_lea/bc0a/bc0a9a39-42b7-11ec-81a2-00505681224b.pdf","d9bucip9ha2000c7ec70","1","OCR failed. Command: tesseract /tmp/diml/pngs/d9bucip9ha2000c7ec70/d9bucip9ha2000c7ec70.0001.png /tmp/diml/ocr_results/d9bucip9ha2000c7ec70/d9bucip9ha2000c7ec70.0001 --oem 1 -l eng --psm 1 . Error: Error in pixCreateHeader: requested w = 36429, h = 60000, d = 8 Error in pixCreateHeader: requested by","NULL","2026-07-17 03:30:47.353","NULL","NULL"
"1b5eb16b-d733-11ec-81a1-00505681224b","s3://enverus-courthouse-prod-chd-plants/nm/lea/1b5e/1b5eb16b-d733-11ec-81a1-00505681224b.pdf","d9bthgr6g7ig00fvdaf0","1","OCR failed. Command: tesseract /tmp/diml/pngs/d9bthgr6g7ig00fvdaf0/d9bthgr6g7ig00fvdaf0.0033.png /tmp/diml/ocr_results/d9bthgr6g7ig00fvdaf0/d9bthgr6g7ig00fvdaf0.0033 --oem 1 -l eng --psm 1 . Error: Error in pixCreateHeader: requested w = 36429, h = 60000, d = 8 Error in pixCreateHeader: requested by","NULL","2026-07-17 03:25:19.580","NULL","NULL"
"a3f32067-d733-11ec-ab0f-00505681224b","s3://enverus-courthouse-prod-chd-plants/nm/eog_lea/a3f3/a3f32067-d733-11ec-ab0f-00505681224b.pdf","d9btpae89gsg00fgah4g","1","OCR failed. Command: tesseract /tmp/diml/pngs/d9btpae89gsg00fgah4g/d9btpae89gsg00fgah4g.0025.png /tmp/diml/ocr_results/d9btpae89gsg00fgah4g/d9btpae89gsg00fgah4g.0025 --oem 1 -l eng --psm 1 . Error: Error in pixCreateHeader: requested w = 36429, h = 60000, d = 8 Error in pixCreateHeader: requested by","NULL","2026-07-17 03:25:19.580","NULL","NULL"
"447af749-097f-11ed-87d0-00505681224b","s3://enverus-courthouse-prod-chd-plants/nm/lea/447a/447af749-097f-11ed-87d0-00505681224b.pdf","d9bu499d6jhg008405ig","1","OCR failed. Command: tesseract /tmp/diml/pngs/d9bu499d6jhg008405ig/d9bu499d6jhg008405ig.0003.png /tmp/diml/ocr_results/d9bu499d6jhg008405ig/d9bu499d6jhg008405ig.0003 --oem 1 -l eng --psm 1 . Error: Error in pixCreateHeader: requested w = 36429, h = 60000, d = 8 Error in pixCreateHeader: requested by","NULL","2026-07-17 03:25:19.580","NULL","NULL"
"5a92809e-6226-11ec-a73c-00505681224b","s3://enverus-courthouse-prod-chd-plants/nm/eog_lea/5a92/5a92809e-6226-11ec-a73c-00505681224b.pdf","d9bt9br1f5dg00bd6t90","1","OCR failed. Command: tesseract /tmp/diml/pngs/d9bt9br1f5dg00bd6t90/d9bt9br1f5dg00bd6t90.0001.png /tmp/diml/ocr_results/d9bt9br1f5dg00bd6t90/d9bt9br1f5dg00bd6t90.0001 --oem 1 -l eng --psm 1 . Error: Error in pixCreateHeader: requested w = 36429, h = 60000, d = 8 Error in pixCreateHeader: requested by","NULL","2026-07-17 03:25:19.580","NULL","NULL"
"aec49f59-a5b1-11ec-8f95-00505681224b","s3://enverus-courthouse-prod-chd-plants/nm/lea/aec4/aec49f59-a5b1-11ec-8f95-00505681224b.pdf","d9bu0ik1kr4g008eci80","1","OCR failed. Command: tesseract /tmp/diml/pngs/d9bu0ik1kr4g008eci80/d9bu0ik1kr4g008eci80.0001.png /tmp/diml/ocr_results/d9bu0ik1kr4g008eci80/d9bu0ik1kr4g008eci80.0001 --oem 1 -l eng --psm 1 . Error: Error in pixCreateHeader: requested w = 36429, h = 60000, d = 8 Error in pixCreateHeader: requested by","NULL","2026-07-17 03:20:01.710","NULL","NULL"
"c8400a3c-8bcb-11ec-af5c-00505681224b","s3://enverus-courthouse-prod-chd-plants/nm/lea/c840/c8400a3c-8bcb-11ec-af5c-00505681224b.pdf","d9bug9uicpjg00dd45c0","1","OCR failed. Command: tesseract /tmp/diml/pngs/d9bug9uicpjg00dd45c0/d9bug9uicpjg00dd45c0.0001.png /tmp/diml/ocr_results/d9bug9uicpjg00dd45c0/d9bug9uicpjg00dd45c0.0001 --oem 1 -l eng --psm 1 . Error: Error in pixCreateHeader: requested w = 36429, h = 60000, d = 8 Error in pixCreateHeader: requested by","NULL","2026-07-17 03:20:01.710","NULL","NULL"
"06561746-d733-11ec-9c2c-00505681224b","s3://enverus-courthouse-prod-chd-plants/nm/lea/0656/06561746-d733-11ec-9c2c-00505681224b.pdf","d9bu71phd6mg00bn95r0","1","OCR failed. Command: tesseract /tmp/diml/pngs/d9bu71phd6mg00bn95r0/d9bu71phd6mg00bn95r0.0001.png /tmp/diml/ocr_results/d9bu71phd6mg00bn95r0/d9bu71phd6mg00bn95r0.0001 --oem 1 -l eng --psm 1 . Error: Error in pixCreateHeader: requested w = 36429, h = 60000, d = 8 Error in pixCreateHeader: requested by","NULL","2026-07-17 03:20:01.710","NULL","NULL"
"ca5b6094-097e-11ed-9633-00505681224b","s3://enverus-courthouse-prod-chd-plants/nm/eog_lea/ca5b/ca5b6094-097e-11ed-9633-00505681224b.pdf","d9bulduicpjg00ddbjm0","1","OCR failed. Command: tesseract /tmp/diml/pngs/d9bulduicpjg00ddbjm0/d9bulduicpjg00ddbjm0.0001.png /tmp/diml/ocr_results/d9bulduicpjg00ddbjm0/d9bulduicpjg00ddbjm0.0001 --oem 1 -l eng --psm 1 . Error: Error in pixCreateHeader: requested w = 36429, h = 60000, d = 8 Error in pixCreateHeader: requested by","NULL","2026-07-17 03:20:01.710","NULL","NULL"
"8c63f8e6-bc7b-11ec-98c7-00505681224b","s3://enverus-courthouse-prod-chd-plants/nm/lea/8c63/8c63f8e6-bc7b-11ec-98c7-00505681224b.pdf","d9bts09hd6mg00bmpt8g","1","OCR failed. Command: tesseract /tmp/diml/pngs/d9bts09hd6mg00bmpt8g/d9bts09hd6mg00bmpt8g.0002.png /tmp/diml/ocr_results/d9bts09hd6mg00bmpt8g/d9bts09hd6mg00bmpt8g.0002 --oem 1 -l eng --psm 1 . Error: Error in pixCreateHeader: requested w = 36429, h = 60000, d = 8 Error in pixCreateHeader: requested by","NULL","2026-07-17 03:20:01.710","NULL","NULL"
"967fe1fb-097f-11ed-8c54-00505681224b","s3://enverus-courthouse-prod-chd-plants/nm/lea/967f/967fe1fb-097f-11ed-8c54-00505681224b.pdf","d9btpi36g7ig00fvnogg","1","OCR failed. Command: tesseract /tmp/diml/pngs/d9btpi36g7ig00fvnogg/d9btpi36g7ig00fvnogg.0002.png /tmp/diml/ocr_results/d9btpi36g7ig00fvnogg/d9btpi36g7ig00fvnogg.0002 --oem 1 -l eng --psm 1 . Error: Error in pixCreateHeader: requested w = 36429, h = 60000, d = 8 Error in pixCreateHeader: requested by","NULL","2026-07-17 03:20:01.710","NULL","NULL"
"aec47854-a5b1-11ec-9001-00505681224b","s3://enverus-courthouse-prod-chd-plants/nm/lea/aec4/aec47854-a5b1-11ec-9001-00505681224b.pdf","d9btvao30skg00d7thsg","1","OCR failed. Command: tesseract /tmp/diml/pngs/d9btvao30skg00d7thsg/d9btvao30skg00d7thsg.0001.png /tmp/diml/ocr_results/d9btvao30skg00d7thsg/d9btvao30skg00d7thsg.0001 --oem 1 -l eng --psm 1 . Error: Error in pixCreateHeader: requested w = 36429, h = 60000, d = 8 Error in pixCreateHeader: requested by","NULL","2026-07-17 03:20:01.710","NULL","NULL"
"c83f952a-8bcb-11ec-822a-00505681224b","s3://enverus-courthouse-prod-chd-plants/nm/lea/c83f/c83f952a-8bcb-11ec-822a-00505681224b.pdf","d9btqi19ha2000c6kae0","1","OCR failed. Command: tesseract /tmp/diml/pngs/d9btqi19ha2000c6kae0/d9btqi19ha2000c6kae0.0001.png /tmp/diml/ocr_results/d9btqi19ha2000c6kae0/d9btqi19ha2000c6kae0.0001 --oem 1 -l eng --psm 1 . Error: Error in pixCreateHeader: requested w = 36429, h = 60000, d = 8 Error in pixCreateHeader: requested by","NULL","2026-07-17 03:20:01.710","NULL","NULL"
"be43ffe6-a5b1-11ec-9b4c-00505681224b","s3://enverus-courthouse-prod-chd-plants/nm/lea/be43/be43ffe6-a5b1-11ec-9b4c-00505681224b.pdf","d9bu3lmicpjg00dch3cg","1","OCR failed. Command: tesseract /tmp/diml/pngs/d9bu3lmicpjg00dch3cg/d9bu3lmicpjg00dch3cg.0001.png /tmp/diml/ocr_results/d9bu3lmicpjg00dch3cg/d9bu3lmicpjg00dch3cg.0001 --oem 1 -l eng --psm 1 . Error: Error in pixCreateHeader: requested w = 36429, h = 60000, d = 8 Error in pixCreateHeader: requested by","NULL","2026-07-17 03:20:01.710","NULL","NULL"
"b5e1bc10-d733-11ec-82f2-00505681224b","s3://enverus-courthouse-prod-chd-plants/nm/eog_lea/b5e1/b5e1bc10-d733-11ec-82f2-00505681224b.pdf","d9bthjchn77000fa3ob0","1","OCR failed. Command: tesseract /tmp/diml/pngs/d9bthjchn77000fa3ob0/d9bthjchn77000fa3ob0.0001.png /tmp/diml/ocr_results/d9bthjchn77000fa3ob0/d9bthjchn77000fa3ob0.0001 --oem 1 -l eng --psm 1 . Error: Error in pixCreateHeader: requested w = 36429, h = 60000, d = 8 Error in pixCreateHeader: requested by","NULL","2026-07-17 03:14:02.180","NULL","NULL"
"e187f9a1-bc7b-11ec-a4b1-00505681224b","s3://enverus-courthouse-prod-chd-plants/nm/eog_lea/e187/e187f9a1-bc7b-11ec-a4b1-00505681224b.pdf","d9buja7ak3500087vtlg","1","OCR failed. Command: tesseract /tmp/diml/pngs/d9buja7ak3500087vtlg/d9buja7ak3500087vtlg.0002.png /tmp/diml/ocr_results/d9buja7ak3500087vtlg/d9buja7ak3500087vtlg.0002 --oem 1 -l eng --psm 1 . Error: Error in pixCreateHeader: requested w = 36429, h = 60000, d = 8 Error in pixCreateHeader: requested by","NULL","2026-07-17 03:14:02.180","NULL","NULL"
"447a822f-097f-11ed-9efd-00505681224b","s3://enverus-courthouse-prod-chd-plants/nm/lea/447a/447a822f-097f-11ed-9efd-00505681224b.pdf","d9bu2ljrgi8g00bg07gg","1","OCR failed. Command: tesseract /tmp/diml/pngs/d9bu2ljrgi8g00bg07gg/d9bu2ljrgi8g00bg07gg.0001.png /tmp/diml/ocr_results/d9bu2ljrgi8g00bg07gg/d9bu2ljrgi8g00bg07gg.0001 --oem 1 -l eng --psm 1 . Error: Error in pixCreateHeader: requested w = 36429, h = 60000, d = 8 Error in pixCreateHeader: requested by","NULL","2026-07-17 03:14:02.180","NULL","NULL"
"670bf8ce-3f8a-11ec-a696-00505681224b","s3://enverus-courthouse-prod-chd-plants/nm/lea/670b/670bf8ce-3f8a-11ec-a696-00505681224b.pdf","d9buppm89gsg00fhpceg","1","OCR failed. Command: tesseract /tmp/diml/pngs/d9buppm89gsg00fhpceg/d9buppm89gsg00fhpceg.0001.png /tmp/diml/ocr_results/d9buppm89gsg00fhpceg/d9buppm89gsg00fhpceg.0001 --oem 1 -l eng --psm 1 . Error: Error in pixCreateHeader: requested w = 36429, h = 60000, d = 8 Error in pixCreateHeader: requested by","NULL","2026-07-17 03:14:02.180","NULL","NULL"
"be43ffe7-a5b1-11ec-ad71-00505681224b","s3://enverus-courthouse-prod-chd-plants/nm/lea/be43/be43ffe7-a5b1-11ec-ad71-00505681224b.pdf","d9bt94k1kr4g008detrg","1","OCR failed. Command: tesseract /tmp/diml/pngs/d9bt94k1kr4g008detrg/d9bt94k1kr4g008detrg.0001.png /tmp/diml/ocr_results/d9bt94k1kr4g008detrg/d9bt94k1kr4g008detrg.0001 --oem 1 -l eng --psm 1 . Error: Error in pixCreateHeader: requested w = 36429, h = 60000, d = 8 Error in pixCreateHeader: requested by","NULL","2026-07-17 03:08:27.380","NULL","NULL"
"04bc3b7f-d3ea-11eb-8a91-00505681224b","s3://enverus-courthouse-prod-chd-plants/nm/eog_lea/04bc/04bc3b7f-d3ea-11eb-8a91-00505681224b.pdf","d9btdihb0h1g00d05jt0","1","OCR failed. Command: tesseract /tmp/diml/pngs/d9btdihb0h1g00d05jt0/d9btdihb0h1g00d05jt0.0005.png /tmp/diml/ocr_results/d9btdihb0h1g00d05jt0/d9btdihb0h1g00d05jt0.0005 --oem 1 -l eng --psm 1 . Error: Error in pixCreateHeader: requested w = 36429, h = 60000, d = 8 Error in pixCreateHeader: requested by","NULL","2026-07-17 03:08:27.380","NULL","NULL"
"576b2bbc-d733-11ec-b58d-00505681224b","s3://enverus-courthouse-prod-chd-plants/nm/lea/576b/576b2bbc-d733-11ec-b58d-00505681224b.pdf","d9buaa6icpjg00dcqvcg","1","OCR failed. Command: tesseract /tmp/diml/pngs/d9buaa6icpjg00dcqvcg/d9buaa6icpjg00dcqvcg.0001.png /tmp/diml/ocr_results/d9buaa6icpjg00dcqvcg/d9buaa6icpjg00dcqvcg.0001 --oem 1 -l eng --psm 1 . Error: Error in pixCreateHeader: requested w = 36429, h = 60000, d = 8 Error in pixCreateHeader: requested by","NULL","2026-07-17 03:08:27.380","NULL","NULL"
"708f98ac-2c89-11e8-af52-00505681224b","s3://enverus-courthouse-prod-chd-plants/pa/lycoming/708f/708f98ac-2c89-11e8-af52-00505681224b.pdf","d9bsngbte9l000f6tt2g","1","OCR failed. Command: tesseract /tmp/diml/pngs/d9bsngbte9l000f6tt2g/d9bsngbte9l000f6tt2g.0001.png /tmp/diml/ocr_results/d9bsngbte9l000f6tt2g/d9bsngbte9l000f6tt2g.0001 --oem 1 -l eng --psm 1 . Error: Image too large: (21250, 35000) Error during processing. ","NULL","2026-07-17 03:08:27.380","NULL","NULL"
"17db7b6f-f80d-11eb-858a-00505681224b","s3://enverus-courthouse-prod-chd-plants/nm/eog_lea/17db/17db7b6f-f80d-11eb-858a-00505681224b.pdf","d9buiechn77000fbi000","1","OCR failed. Command: tesseract /tmp/diml/pngs/d9buiechn77000fbi000/d9buiechn77000fbi000.0001.png /tmp/diml/ocr_results/d9buiechn77000fbi000/d9buiechn77000fbi000.0001 --oem 1 -l eng --psm 1 . Error: Error in pixCreateHeader: requested w = 36429, h = 60000, d = 8 Error in pixCreateHeader: requested by","NULL","2026-07-17 03:08:27.380","NULL","NULL"
"ca5bfd08-097e-11ed-8114-00505681224b","s3://enverus-courthouse-prod-chd-plants/nm/eog_lea/ca5b/ca5bfd08-097e-11ed-8114-00505681224b.pdf","d9bt9i7r761000deuae0","1","OCR failed. Command: tesseract /tmp/diml/pngs/d9bt9i7r761000deuae0/d9bt9i7r761000deuae0.0001.png /tmp/diml/ocr_results/d9bt9i7r761000deuae0/d9bt9i7r761000deuae0.0001 --oem 1 -l eng --psm 1 . Error: Error in pixCreateHeader: requested w = 36429, h = 60000, d = 8 Error in pixCreateHeader: requested by","NULL","2026-07-17 03:08:27.380","NULL","NULL"
"1b5dc702-d733-11ec-a38a-00505681224b","s3://enverus-courthouse-prod-chd-plants/nm/lea/1b5d/1b5dc702-d733-11ec-a38a-00505681224b.pdf","d9btqtnr2ffg00e058mg","1","OCR failed. Command: tesseract /tmp/diml/pngs/d9btqtnr2ffg00e058mg/d9btqtnr2ffg00e058mg.0001.png /tmp/diml/ocr_results/d9btqtnr2ffg00e058mg/d9btqtnr2ffg00e058mg.0001 --oem 1 -l eng --psm 1 . Error: Error in pixCreateHeader: requested w = 36429, h = 60000, d = 8 Error in pixCreateHeader: requested by","NULL","2026-07-17 03:08:27.380","NULL","NULL"
"4cd95099-8bcc-11ec-8ff1-00505681224b","s3://enverus-courthouse-prod-chd-plants/nm/eog_lea/4cd9/4cd95099-8bcc-11ec-8ff1-00505681224b.pdf","d9btrkbs7m5g0088pg0g","1","OCR failed. Command: tesseract /tmp/diml/pngs/d9btrkbs7m5g0088pg0g/d9btrkbs7m5g0088pg0g.0002.png /tmp/diml/ocr_results/d9btrkbs7m5g0088pg0g/d9btrkbs7m5g0088pg0g.0002 --oem 1 -l eng --psm 1 . Error: Error in pixCreateHeader: requested w = 36429, h = 60000, d = 8 Error in pixCreateHeader: requested by","NULL","2026-07-17 03:08:27.380","NULL","NULL"
"c83e83b6-8bcb-11ec-a3c6-00505681224b","s3://enverus-courthouse-prod-chd-plants/nm/lea/c83e/c83e83b6-8bcb-11ec-a3c6-00505681224b.pdf","d9btlfo59fgg00e2179g","1","OCR failed. Command: tesseract /tmp/diml/pngs/d9btlfo59fgg00e2179g/d9btlfo59fgg00e2179g.0001.png /tmp/diml/ocr_results/d9btlfo59fgg00e2179g/d9btlfo59fgg00e2179g.0001 --oem 1 -l eng --psm 1 . Error: Error in pixCreateHeader: requested w = 36429, h = 60000, d = 8 Error in pixCreateHeader: requested by","NULL","2026-07-17 03:08:27.380","NULL","NULL"
"30d42f02-ec4c-11eb-97a6-00505681224b","s3://enverus-courthouse-prod-chd-plants/nm/eog_lea/30d4/30d42f02-ec4c-11eb-97a6-00505681224b.pdf","d9bue2i2oub000e33ip0","1","OCR failed. Command: tesseract /tmp/diml/pngs/d9bue2i2oub000e33ip0/d9bue2i2oub000e33ip0.0001.png /tmp/diml/ocr_results/d9bue2i2oub000e33ip0/d9bue2i2oub000e33ip0.0001 --oem 1 -l eng --psm 1 . Error: Error in pixCreateHeader: requested w = 36429, h = 60000, d = 8 Error in pixCreateHeader: requested by","NULL","2026-07-17 03:03:18.287","NULL","NULL"
"17db5449-f80d-11eb-91ee-00505681224b","s3://enverus-courthouse-prod-chd-plants/nm/eog_lea/17db/17db5449-f80d-11eb-91ee-00505681224b.pdf","d9buga41kr4g008f415g","1","OCR failed. Command: tesseract /tmp/diml/pngs/d9buga41kr4g008f415g/d9buga41kr4g008f415g.0001.png /tmp/diml/ocr_results/d9buga41kr4g008f415g/d9buga41kr4g008f415g.0001 --oem 1 -l eng --psm 1 . Error: Error in pixCreateHeader: requested w = 36429, h = 60000, d = 8 Error in pixCreateHeader: requested by","NULL","2026-07-17 03:03:18.287","NULL","NULL"
"967fe225-097f-11ed-92a9-00505681224b","s3://enverus-courthouse-prod-chd-plants/nm/lea/967f/967fe225-097f-11ed-92a9-00505681224b.pdf","d9bu1jvak35000875t80","1","OCR failed. Command: tesseract /tmp/diml/pngs/d9bu1jvak35000875t80/d9bu1jvak35000875t80.0001.png /tmp/diml/ocr_results/d9bu1jvak35000875t80/d9bu1jvak35000875t80.0001 --oem 1 -l eng --psm 1 . Error: Error in pixCreateHeader: requested w = 36429, h = 60000, d = 8 Error in pixCreateHeader: requested by","NULL","2026-07-17 03:03:18.287","NULL","NULL"
"96805747-097f-11ed-a34d-00505681224b","s3://enverus-courthouse-prod-chd-plants/nm/lea/9680/96805747-097f-11ed-a34d-00505681224b.pdf","d9btg81d6jhg00835e40","1","OCR failed. Command: tesseract /tmp/diml/pngs/d9btg81d6jhg00835e40/d9btg81d6jhg00835e40.0001.png /tmp/diml/ocr_results/d9btg81d6jhg00835e40/d9btg81d6jhg00835e40.0001 --oem 1 -l eng --psm 1 . Error: Error in pixCreateHeader: requested w = 36429, h = 60000, d = 8 Error in pixCreateHeader: requested by","NULL","2026-07-17 02:57:55.153","NULL","NULL"
"aec4c68e-a5b1-11ec-bd83-00505681224b","s3://enverus-courthouse-prod-chd-plants/nm/lea/aec4/aec4c68e-a5b1-11ec-bd83-00505681224b.pdf","d9bt5c22oub000e1ebj0","1","OCR failed. Command: tesseract /tmp/diml/pngs/d9bt5c22oub000e1ebj0/d9bt5c22oub000e1ebj0.0001.png /tmp/diml/ocr_results/d9bt5c22oub000e1ebj0/d9bt5c22oub000e1ebj0.0001 --oem 1 -l eng --psm 1 . Error: Error in pixCreateHeader: requested w = 36429, h = 60000, d = 8 Error in pixCreateHeader: requested by","NULL","2026-07-17 02:57:55.153","NULL","NULL"
"b5e20a34-d733-11ec-b564-00505681224b","s3://enverus-courthouse-prod-chd-plants/nm/eog_lea/b5e2/b5e20a34-d733-11ec-b564-00505681224b.pdf","d9bu9mhb0h1g00d1b390","1","OCR failed. Command: tesseract /tmp/diml/pngs/d9bu9mhb0h1g00d1b390/d9bu9mhb0h1g00d1b390.0001.png /tmp/diml/ocr_results/d9bu9mhb0h1g00d1b390/d9bu9mhb0h1g00d1b390.0001 --oem 1 -l eng --psm 1 . Error: Error in pixCreateHeader: requested w = 36429, h = 60000, d = 8 Error in pixCreateHeader: requested by","NULL","2026-07-17 02:57:55.153","NULL","NULL"
"ca5c71fb-097e-11ed-b67e-00505681224b","s3://enverus-courthouse-prod-chd-plants/nm/eog_lea/ca5c/ca5c71fb-097e-11ed-b67e-00505681224b.pdf","d9bt1t41kr4g008d75n0","1","OCR failed. Command: tesseract /tmp/diml/pngs/d9bt1t41kr4g008d75n0/d9bt1t41kr4g008d75n0.0002.png /tmp/diml/ocr_results/d9bt1t41kr4g008d75n0/d9bt1t41kr4g008d75n0.0002 --oem 1 -l eng --psm 1 . Error: Error in pixCreateHeader: requested w = 36429, h = 60000, d = 8 Error in pixCreateHeader: requested by","NULL","2026-07-17 02:57:55.153","NULL","NULL"
"447af73c-097f-11ed-8b1b-00505681224b","s3://enverus-courthouse-prod-chd-plants/nm/lea/447a/447af73c-097f-11ed-8b1b-00505681224b.pdf","d9bukhnr2ffg00e1adhg","1","OCR failed. Command: tesseract /tmp/diml/pngs/d9bukhnr2ffg00e1adhg/d9bukhnr2ffg00e1adhg.0001.png /tmp/diml/ocr_results/d9bukhnr2ffg00e1adhg/d9bukhnr2ffg00e1adhg.0001 --oem 1 -l eng --psm 1 . Error: Error in pixCreateHeader: requested w = 36429, h = 60000, d = 8 Error in pixCreateHeader: requested by","NULL","2026-07-17 02:57:55.153","NULL","NULL"
"aec4c690-a5b1-11ec-80b9-00505681224b","s3://enverus-courthouse-prod-chd-plants/nm/lea/aec4/aec4c690-a5b1-11ec-80b9-00505681224b.pdf","d9btbvshn77000f9t04g","1","OCR failed. Command: tesseract /tmp/diml/pngs/d9btbvshn77000f9t04g/d9btbvshn77000f9t04g.0001.png /tmp/diml/ocr_results/d9btbvshn77000f9t04g/d9btbvshn77000f9t04g.0001 --oem 1 -l eng --psm 1 . Error: Error in pixCreateHeader: requested w = 36429, h = 60000, d = 8 Error in pixCreateHeader: requested by","NULL","2026-07-17 02:57:55.153","NULL","NULL"
"04bb02fa-d3ea-11eb-a65a-00505681224b","s3://enverus-courthouse-prod-chd-plants/nm/eog_lea/04bb/04bb02fa-d3ea-11eb-a65a-00505681224b.pdf","d9btoa689gsg00fg9gkg","1","OCR failed. Command: tesseract /tmp/diml/pngs/d9btoa689gsg00fg9gkg/d9btoa689gsg00fg9gkg.0001.png /tmp/diml/ocr_results/d9btoa689gsg00fg9gkg/d9btoa689gsg00fg9gkg.0001 --oem 1 -l eng --psm 1 . Error: Error in pixCreateHeader: requested w = 36429, h = 60000, d = 8 Error in pixCreateHeader: requested by","NULL","2026-07-17 02:57:55.153","NULL","NULL"
"5a90d2d9-6226-11ec-b43a-00505681224b","s3://enverus-courthouse-prod-chd-plants/nm/eog_lea/5a90/5a90d2d9-6226-11ec-b43a-00505681224b.pdf","d9bub999ha2000c7c45g","1","OCR failed. Command: tesseract /tmp/diml/pngs/d9bub999ha2000c7c45g/d9bub999ha2000c7c45g.0001.png /tmp/diml/ocr_results/d9bub999ha2000c7c45g/d9bub999ha2000c7c45g.0001 --oem 1 -l eng --psm 1 . Error: Error in pixCreateHeader: requested w = 36429, h = 60000, d = 8 Error in pixCreateHeader: requested by","NULL","2026-07-17 02:52:52.010","NULL","NULL"
"a3f2d22e-d733-11ec-950f-00505681224b","s3://enverus-courthouse-prod-chd-plants/nm/eog_lea/a3f2/a3f2d22e-d733-11ec-950f-00505681224b.pdf","d9btpn31f5dg00bdr38g","1","OCR failed. Command: tesseract /tmp/diml/pngs/d9btpn31f5dg00bdr38g/d9btpn31f5dg00bdr38g.0001.png /tmp/diml/ocr_results/d9btpn31f5dg00bdr38g/d9btpn31f5dg00bdr38g.0001 --oem 1 -l eng --psm 1 . Error: Error in pixCreateHeader: requested w = 36429, h = 60000, d = 8 Error in pixCreateHeader: requested by","NULL","2026-07-17 02:52:52.010","NULL","NULL"
"67b81302-3f8a-11ec-a39f-00505681224b","s3://enverus-courthouse-prod-chd-plants/nm/eog_lea/67b8/67b81302-3f8a-11ec-a39f-00505681224b.pdf","d9buf7p5jqeg00e85f6g","1","OCR failed. Command: tesseract /tmp/diml/pngs/d9buf7p5jqeg00e85f6g/d9buf7p5jqeg00e85f6g.0001.png /tmp/diml/ocr_results/d9buf7p5jqeg00e85f6g/d9buf7p5jqeg00e85f6g.0001 --oem 1 -l eng --psm 1 . Error: Error in pixCreateHeader: requested w = 36429, h = 60000, d = 8 Error in pixCreateHeader: requested by","NULL","2026-07-17 02:52:52.010","NULL","NULL"
"1b5f4db0-d733-11ec-bbe9-00505681224b","s3://enverus-courthouse-prod-chd-plants/nm/lea/1b5f/1b5f4db0-d733-11ec-bbe9-00505681224b.pdf","d9btqho59fgg00e27m9g","1","OCR failed. Command: tesseract /tmp/diml/pngs/d9btqho59fgg00e27m9g/d9btqho59fgg00e27m9g.0005.png /tmp/diml/ocr_results/d9btqho59fgg00e27m9g/d9btqho59fgg00e27m9g.0005 --oem 1 -l eng --psm 1 . Error: Error in pixCreateHeader: requested w = 36429, h = 60000, d = 8 Error in pixCreateHeader: requested by","NULL","2026-07-17 02:52:52.010","NULL","NULL"
"5a92a79b-6226-11ec-a271-00505681224b","s3://enverus-courthouse-prod-chd-plants/nm/eog_lea/5a92/5a92a79b-6226-11ec-a271-00505681224b.pdf","d9bunt15jqeg00e8iga0","1","OCR failed. Command: tesseract /tmp/diml/pngs/d9bunt15jqeg00e8iga0/d9bunt15jqeg00e8iga0.0001.png /tmp/diml/ocr_results/d9bunt15jqeg00e8iga0/d9bunt15jqeg00e8iga0.0001 --oem 1 -l eng --psm 1 . Error: Error in pixCreateHeader: requested w = 36429, h = 60000, d = 8 Error in pixCreateHeader: requested by","NULL","2026-07-17 02:52:52.010","NULL","NULL"
"a3f34772-d733-11ec-ad1d-00505681224b","s3://enverus-courthouse-prod-chd-plants/nm/eog_lea/a3f3/a3f34772-d733-11ec-ad1d-00505681224b.pdf","d9btiso59fgg00e1ts70","1","OCR failed. Command: tesseract /tmp/diml/pngs/d9btiso59fgg00e1ts70/d9btiso59fgg00e1ts70.0009.png /tmp/diml/ocr_results/d9btiso59fgg00e1ts70/d9btiso59fgg00e1ts70.0009 --oem 1 -l eng --psm 1 . Error: Error in pixCreateHeader: requested w = 36429, h = 60000, d = 8 Error in pixCreateHeader: requested by","NULL","2026-07-17 02:52:52.010","NULL","NULL"
"bc0a2506-42b7-11ec-9343-00505681224b","s3://enverus-courthouse-prod-chd-plants/nm/eog_lea/bc0a/bc0a2506-42b7-11ec-9343-00505681224b.pdf","d9bu8jvak3500087gd1g","1","OCR failed. Command: tesseract /tmp/diml/pngs/d9bu8jvak3500087gd1g/d9bu8jvak3500087gd1g.0002.png /tmp/diml/ocr_results/d9bu8jvak3500087gd1g/d9bu8jvak3500087gd1g.0002 --oem 1 -l eng --psm 1 . Error: Error in pixCreateHeader: requested w = 36429, h = 60000, d = 8 Error in pixCreateHeader: requested by","NULL","2026-07-17 02:52:52.010","NULL","NULL"
"e187d2ad-bc7b-11ec-aa60-00505681224b","s3://enverus-courthouse-prod-chd-plants/nm/eog_lea/e187/e187d2ad-bc7b-11ec-aa60-00505681224b.pdf","d9buphvak35000889040","1","OCR failed. Command: tesseract /tmp/diml/pngs/d9buphvak35000889040/d9buphvak35000889040.0001.png /tmp/diml/ocr_results/d9buphvak35000889040/d9buphvak35000889040.0001 --oem 1 -l eng --psm 1 . Error: Error in pixCreateHeader: requested w = 36429, h = 60000, d = 8 Error in pixCreateHeader: requested by","NULL","2026-07-17 02:52:52.010","NULL","NULL"
"aec4515b-a5b1-11ec-9451-00505681224b","s3://enverus-courthouse-prod-chd-plants/nm/lea/aec4/aec4515b-a5b1-11ec-9451-00505681224b.pdf","d9bui3sflnl000dl3dig","1","OCR failed. Command: tesseract /tmp/diml/pngs/d9bui3sflnl000dl3dig/d9bui3sflnl000dl3dig.0001.png /tmp/diml/ocr_results/d9bui3sflnl000dl3dig/d9bui3sflnl000dl3dig.0001 --oem 1 -l eng --psm 1 . Error: Error in pixCreateHeader: requested w = 36429, h = 60000, d = 8 Error in pixCreateHeader: requested by","NULL","2026-07-17 02:47:00.650","NULL","NULL"
"bc093ab3-42b7-11ec-b16e-00505681224b","s3://enverus-courthouse-prod-chd-plants/nm/eog_lea/bc09/bc093ab3-42b7-11ec-b16e-00505681224b.pdf","d9buqq15jqeg00e8mehg","1","OCR failed. Command: tesseract /tmp/diml/pngs/d9buqq15jqeg00e8mehg/d9buqq15jqeg00e8mehg.0001.png /tmp/diml/ocr_results/d9buqq15jqeg00e8mehg/d9buqq15jqeg00e8mehg.0001 --oem 1 -l eng --psm 1 . Error: Error in pixCreateHeader: requested w = 36429, h = 60000, d = 8 Error in pixCreateHeader: requested by","NULL","2026-07-17 02:47:00.650","NULL","NULL"
"be43ffd9-a5b1-11ec-a1fb-00505681224b","s3://enverus-courthouse-prod-chd-plants/nm/lea/be43/be43ffd9-a5b1-11ec-a1fb-00505681224b.pdf","d9budvg59fgg00e33tb0","1","OCR failed. Command: tesseract /tmp/diml/pngs/d9budvg59fgg00e33tb0/d9budvg59fgg00e33tb0.0001.png /tmp/diml/ocr_results/d9budvg59fgg00e33tb0/d9budvg59fgg00e33tb0.0001 --oem 1 -l eng --psm 1 . Error: Error in pixCreateHeader: requested w = 36429, h = 60000, d = 8 Error in pixCreateHeader: requested by","NULL","2026-07-17 02:47:00.650","NULL","NULL"
"d32d4a85-bc7b-11ec-8548-00505681224b","s3://enverus-courthouse-prod-chd-plants/nm/eog_lea/d32d/d32d4a85-bc7b-11ec-8548-00505681224b.pdf","d9buai5lksng008fd2qg","1","OCR failed. Command: tesseract /tmp/diml/pngs/d9buai5lksng008fd2qg/d9buai5lksng008fd2qg.0001.png /tmp/diml/ocr_results/d9buai5lksng008fd2qg/d9buai5lksng008fd2qg.0001 --oem 1 -l eng --psm 1 . Error: Error in pixCreateHeader: requested w = 36429, h = 60000, d = 8 Error in pixCreateHeader: requested by","NULL","2026-07-17 02:47:00.650","NULL","NULL"
"f4ddf11a-405b-11ec-84e5-00505681224b","s3://enverus-courthouse-prod-chd-plants/nm/eog_lea/f4dd/f4ddf11a-405b-11ec-84e5-00505681224b.pdf","d9buftcflnl000dl02q0","1","OCR failed. Command: tesseract /tmp/diml/pngs/d9buftcflnl000dl02q0/d9buftcflnl000dl02q0.0002.png /tmp/diml/ocr_results/d9buftcflnl000dl02q0/d9buftcflnl000dl02q0.0002 --oem 1 -l eng --psm 1 . Error: Error in pixCreateHeader: requested w = 36429, h = 60000, d = 8 Error in pixCreateHeader: requested by","NULL","2026-07-17 02:47:00.650","NULL","NULL"
"4cd97799-8bcc-11ec-8878-00505681224b","s3://enverus-courthouse-prod-chd-plants/nm/eog_lea/4cd9/4cd97799-8bcc-11ec-8878-00505681224b.pdf","d9btvj22oub000e2e1s0","1","OCR failed. Command: tesseract /tmp/diml/pngs/d9btvj22oub000e2e1s0/d9btvj22oub000e2e1s0.0003.png /tmp/diml/ocr_results/d9btvj22oub000e2e1s0/d9btvj22oub000e2e1s0.0003 --oem 1 -l eng --psm 1 . Error: Error in pixCreateHeader: requested w = 36429, h = 60000, d = 8 Error in pixCreateHeader: requested by","NULL","2026-07-17 02:41:27.460","NULL","NULL"
"aec4785c-a5b1-11ec-8c34-00505681224b","s3://enverus-courthouse-prod-chd-plants/nm/lea/aec4/aec4785c-a5b1-11ec-8c34-00505681224b.pdf","d9bt4r3te9l000f7b7n0","1","OCR failed. Command: tesseract /tmp/diml/pngs/d9bt4r3te9l000f7b7n0/d9bt4r3te9l000f7b7n0.0001.png /tmp/diml/ocr_results/d9bt4r3te9l000f7b7n0/d9bt4r3te9l000f7b7n0.0001 --oem 1 -l eng --psm 1 . Error: Error in pixCreateHeader: requested w = 36429, h = 60000, d = 8 Error in pixCreateHeader: requested by","NULL","2026-07-17 02:41:27.460","NULL","NULL"
"67b83a03-3f8a-11ec-9a14-00505681224b","s3://enverus-courthouse-prod-chd-plants/nm/eog_lea/67b8/67b83a03-3f8a-11ec-9a14-00505681224b.pdf","d9bts5pd6jhg0083kn70","1","OCR failed. Command: tesseract /tmp/diml/pngs/d9bts5pd6jhg0083kn70/d9bts5pd6jhg0083kn70.0001.png /tmp/diml/ocr_results/d9bts5pd6jhg0083kn70/d9bts5pd6jhg0083kn70.0001 --oem 1 -l eng --psm 1 . Error: Error in pixCreateHeader: requested w = 36429, h = 60000, d = 8 Error in pixCreateHeader: requested by","NULL","2026-07-17 02:41:27.460","NULL","NULL"
"aec49f77-a5b1-11ec-966f-00505681224b","s3://enverus-courthouse-prod-chd-plants/nm/lea/aec4/aec49f77-a5b1-11ec-966f-00505681224b.pdf","d9btltrs7m5g0088ist0","1","OCR failed. Command: tesseract /tmp/diml/pngs/d9btltrs7m5g0088ist0/d9btltrs7m5g0088ist0.0001.png /tmp/diml/ocr_results/d9btltrs7m5g0088ist0/d9btltrs7m5g0088ist0.0001 --oem 1 -l eng --psm 1 . Error: Error in pixCreateHeader: requested w = 36429, h = 60000, d = 8 Error in pixCreateHeader: requested by","NULL","2026-07-17 02:41:27.460","NULL","NULL"
"67b74f93-3f8a-11ec-8098-00505681224b","s3://enverus-courthouse-prod-chd-plants/nm/eog_lea/67b7/67b74f93-3f8a-11ec-8098-00505681224b.pdf","d9bsst3dd4a000d46n1g","1","OCR failed. Command: tesseract /tmp/diml/pngs/d9bsst3dd4a000d46n1g/d9bsst3dd4a000d46n1g.0001.png /tmp/diml/ocr_results/d9bsst3dd4a000d46n1g/d9bsst3dd4a000d46n1g.0001 --oem 1 -l eng --psm 1 . Error: Error in pixCreateHeader: requested w = 36429, h = 60000, d = 8 Error in pixCreateHeader: requested by","NULL","2026-07-17 02:36:07.247","NULL","NULL"
"f4dcb87b-405b-11ec-a9e7-00505681224b","s3://enverus-courthouse-prod-chd-plants/nm/eog_lea/f4dc/f4dcb87b-405b-11ec-a9e7-00505681224b.pdf","d9bt9dkflnl000djcpqg","1","OCR failed. Command: tesseract /tmp/diml/pngs/d9bt9dkflnl000djcpqg/d9bt9dkflnl000djcpqg.0001.png /tmp/diml/ocr_results/d9bt9dkflnl000djcpqg/d9bt9dkflnl000djcpqg.0001 --oem 1 -l eng --psm 1 . Error: Error in pixCreateHeader: requested w = 36429, h = 60000, d = 8 Error in pixCreateHeader: requested by","NULL","2026-07-17 02:36:07.247","NULL","NULL"
"bc0b0f69-42b7-11ec-95bf-00505681224b","s3://enverus-courthouse-prod-chd-plants/nm/eog_lea/bc0b/bc0b0f69-42b7-11ec-95bf-00505681224b.pdf","d9buam1b0h1g00d1chg0","1","OCR failed. Command: tesseract /tmp/diml/pngs/d9buam1b0h1g00d1chg0/d9buam1b0h1g00d1chg0.0001.png /tmp/diml/ocr_results/d9buam1b0h1g00d1chg0/d9buam1b0h1g00d1chg0.0001 --oem 1 -l eng --psm 1 . Error: Error in pixCreateHeader: requested w = 36429, h = 60000, d = 8 Error in pixCreateHeader: requested by","NULL","2026-07-17 02:31:03.147","NULL","NULL"
"be4426f2-a5b1-11ec-b674-00505681224b","s3://enverus-courthouse-prod-chd-plants/nm/lea/be44/be4426f2-a5b1-11ec-b674-00505681224b.pdf","d9budmfr2ffg00e0vttg","1","OCR failed. Command: tesseract /tmp/diml/pngs/d9budmfr2ffg00e0vttg/d9budmfr2ffg00e0vttg.0001.png /tmp/diml/ocr_results/d9budmfr2ffg00e0vttg/d9budmfr2ffg00e0vttg.0001 --oem 1 -l eng --psm 1 . Error: Error in pixCreateHeader: requested w = 36429, h = 60000, d = 8 Error in pixCreateHeader: requested by","NULL","2026-07-17 02:31:03.147","NULL","NULL"
"447a5b16-097f-11ed-91cb-00505681224b","s3://enverus-courthouse-prod-chd-plants/nm/lea/447a/447a5b16-097f-11ed-91cb-00505681224b.pdf","d9bt098isvug00fshk50","1","OCR failed. Command: tesseract /tmp/diml/pngs/d9bt098isvug00fshk50/d9bt098isvug00fshk50.0001.png /tmp/diml/ocr_results/d9bt098isvug00fshk50/d9bt098isvug00fshk50.0001 --oem 1 -l eng --psm 1 . Error: Error in pixCreateHeader: requested w = 36429, h = 60000, d = 8 Error in pixCreateHeader: requested by","NULL","2026-07-17 02:31:03.147","NULL","NULL"
"42a82499-0980-11ed-bf90-00505681224b","s3://enverus-courthouse-prod-chd-plants/nm/lea/42a8/42a82499-0980-11ed-bf90-00505681224b.pdf","d9btuftlksng008erblg","1","OCR failed. Command: tesseract /tmp/diml/pngs/d9btuftlksng008erblg/d9btuftlksng008erblg.0005.png /tmp/diml/ocr_results/d9btuftlksng008erblg/d9btuftlksng008erblg.0005 --oem 1 -l eng --psm 1 . Error: Error in pixCreateHeader: requested w = 36429, h = 60000, d = 8 Error in pixCreateHeader: requested by","NULL","2026-07-17 02:31:03.147","NULL","NULL"
"b5e27f46-d733-11ec-86e2-00505681224b","s3://enverus-courthouse-prod-chd-plants/nm/eog_lea/b5e2/b5e27f46-d733-11ec-86e2-00505681224b.pdf","d9bug0hd6jhg0084h100","1","OCR failed. Command: tesseract /tmp/diml/pngs/d9bug0hd6jhg0084h100/d9bug0hd6jhg0084h100.0001.png /tmp/diml/ocr_results/d9bug0hd6jhg0084h100/d9bug0hd6jhg0084h100.0001 --oem 1 -l eng --psm 1 . Error: Error in pixCreateHeader: requested w = 36429, h = 60000, d = 8 Error in pixCreateHeader: requested by","NULL","2026-07-17 02:25:25.553","NULL","NULL"
"ca5b3998-097e-11ed-a1b8-00505681224b","s3://enverus-courthouse-prod-chd-plants/nm/eog_lea/ca5b/ca5b3998-097e-11ed-a1b8-00505681224b.pdf","d9bu0lbrgi8g00bfth10","1","OCR failed. Command: tesseract /tmp/diml/pngs/d9bu0lbrgi8g00bfth10/d9bu0lbrgi8g00bfth10.0003.png /tmp/diml/ocr_results/d9bu0lbrgi8g00bfth10/d9bu0lbrgi8g00bfth10.0003 --oem 1 -l eng --psm 1 . Error: Error in pixCreateHeader: requested w = 36429, h = 60000, d = 8 Error in pixCreateHeader: requested by","NULL","2026-07-17 02:25:25.553","NULL","NULL"
"aec47849-a5b1-11ec-acc8-00505681224b","s3://enverus-courthouse-prod-chd-plants/nm/lea/aec4/aec47849-a5b1-11ec-acc8-00505681224b.pdf","d9buj9jte9l000f9963g","1","OCR failed. Command: tesseract /tmp/diml/pngs/d9buj9jte9l000f9963g/d9buj9jte9l000f9963g.0001.png /tmp/diml/ocr_results/d9buj9jte9l000f9963g/d9buj9jte9l000f9963g.0001 --oem 1 -l eng --psm 1 . Error: Error in pixCreateHeader: requested w = 36429, h = 60000, d = 8 Error in pixCreateHeader: requested by","NULL","2026-07-17 02:25:25.553","NULL","NULL"
"b5e1e314-d733-11ec-8ce4-00505681224b","s3://enverus-courthouse-prod-chd-plants/nm/eog_lea/b5e1/b5e1e314-d733-11ec-8ce4-00505681224b.pdf","d9btkfcogvn0009amtog","1","OCR failed. Command: tesseract /tmp/diml/pngs/d9btkfcogvn0009amtog/d9btkfcogvn0009amtog.0001.png /tmp/diml/ocr_results/d9btkfcogvn0009amtog/d9btkfcogvn0009amtog.0001 --oem 1 -l eng --psm 1 . Error: Error in pixCreateHeader: requested w = 36429, h = 60000, d = 8 Error in pixCreateHeader: requested by","NULL","2026-07-17 02:25:25.553","NULL","NULL"
"9bacecca-6c9a-11e9-9b70-00505681224b","s3://enverus-courthouse-prod-chd-plants/oh/washington/9bac/9bacecca-6c9a-11e9-9b70-00505681224b.pdf","d9bu766icpjg00dcmbd0","1","OCR failed. Command: tesseract /tmp/diml/pngs/d9bu766icpjg00dcmbd0/d9bu766icpjg00dcmbd0.0001.png /tmp/diml/ocr_results/d9bu766icpjg00dcmbd0/d9bu766icpjg00dcmbd0.0001 --oem 1 -l eng --psm 1 . Error: Image too large: (21250, 35000) Error during processing. ","NULL","2026-07-17 02:25:25.553","NULL","NULL"
"c83eaac5-8bcb-11ec-a571-00505681224b","s3://enverus-courthouse-prod-chd-plants/nm/lea/c83e/c83eaac5-8bcb-11ec-a571-00505681224b.pdf","d9bsstc1kr4g008d2550","1","OCR failed. Command: tesseract /tmp/diml/pngs/d9bsstc1kr4g008d2550/d9bsstc1kr4g008d2550.0001.png /tmp/diml/ocr_results/d9bsstc1kr4g008d2550/d9bsstc1kr4g008d2550.0001 --oem 1 -l eng --psm 1 . Error: Error in pixCreateHeader: requested w = 36429, h = 60000, d = 8 Error in pixCreateHeader: requested by","NULL","2026-07-17 02:25:25.553","NULL","NULL"
"c8400a3b-8bcb-11ec-af37-00505681224b","s3://enverus-courthouse-prod-chd-plants/nm/lea/c840/c8400a3b-8bcb-11ec-af37-00505681224b.pdf","d9btln1hd6mg00bmi0ig","1","OCR failed. Command: tesseract /tmp/diml/pngs/d9btln1hd6mg00bmi0ig/d9btln1hd6mg00bmi0ig.0001.png /tmp/diml/ocr_results/d9btln1hd6mg00bmi0ig/d9btln1hd6mg00bmi0ig.0001 --oem 1 -l eng --psm 1 . Error: Error in pixCreateHeader: requested w = 36429, h = 60000, d = 8 Error in pixCreateHeader: requested by","NULL","2026-07-17 02:25:25.553","NULL","NULL"
"04ba188a-d3ea-11eb-9be6-00505681224b","s3://enverus-courthouse-prod-chd-plants/nm/eog_lea/04ba/04ba188a-d3ea-11eb-9be6-00505681224b.pdf","d9bu99q2oub000e2s3bg","1","OCR failed. Command: tesseract /tmp/diml/pngs/d9bu99q2oub000e2s3bg/d9bu99q2oub000e2s3bg.0001.png /tmp/diml/ocr_results/d9bu99q2oub000e2s3bg/d9bu99q2oub000e2s3bg.0001 --oem 1 -l eng --psm 1 . Error: Error in pixCreateHeader: requested w = 36429, h = 60000, d = 8 Error in pixCreateHeader: requested by","NULL","2026-07-17 02:25:25.553","NULL","NULL"
"bc089e66-42b7-11ec-9659-00505681224b","s3://enverus-courthouse-prod-chd-plants/nm/eog_lea/bc08/bc089e66-42b7-11ec-9659-00505681224b.pdf","d9bukj3k4o90008a75u0","1","OCR failed. Command: tesseract /tmp/diml/pngs/d9bukj3k4o90008a75u0/d9bukj3k4o90008a75u0.0001.png /tmp/diml/ocr_results/d9bukj3k4o90008a75u0/d9bukj3k4o90008a75u0.0001 --oem 1 -l eng --psm 1 . Error: Error in pixCreateHeader: requested w = 36429, h = 60000, d = 8 Error in pixCreateHeader: requested by","NULL","2026-07-17 02:25:25.553","NULL","NULL"
"576b2bbd-d733-11ec-a70f-00505681224b","s3://enverus-courthouse-prod-chd-plants/nm/lea/576b/576b2bbd-d733-11ec-a70f-00505681224b.pdf","d9btt5khn77000faiff0","1","OCR failed. Command: tesseract /tmp/diml/pngs/d9btt5khn77000faiff0/d9btt5khn77000faiff0.0001.png /tmp/diml/ocr_results/d9btt5khn77000faiff0/d9btt5khn77000faiff0.0001 --oem 1 -l eng --psm 1 . Error: Error in pixCreateHeader: requested w = 36429, h = 60000, d = 8 Error in pixCreateHeader: requested by","NULL","2026-07-17 02:25:25.553","NULL","NULL"
"5a928092-6226-11ec-a178-00505681224b","s3://enverus-courthouse-prod-chd-plants/nm/eog_lea/5a92/5a928092-6226-11ec-a178-00505681224b.pdf","d9bsnqshn77000f983cg","1","OCR failed. Command: tesseract /tmp/diml/pngs/d9bsnqshn77000f983cg/d9bsnqshn77000f983cg.0001.png /tmp/diml/ocr_results/d9bsnqshn77000f983cg/d9bsnqshn77000f983cg.0001 --oem 1 -l eng --psm 1 . Error: Error in pixCreateHeader: requested w = 36429, h = 60000, d = 8 Error in pixCreateHeader: requested by","NULL","2026-07-17 02:25:25.553","NULL","NULL"
"bc0b0f6a-42b7-11ec-9ba4-00505681224b","s3://enverus-courthouse-prod-chd-plants/nm/eog_lea/bc0b/bc0b0f6a-42b7-11ec-9ba4-00505681224b.pdf","d9buhd3dd4a000d6abeg","1","OCR failed. Command: tesseract /tmp/diml/pngs/d9buhd3dd4a000d6abeg/d9buhd3dd4a000d6abeg.0002.png /tmp/diml/ocr_results/d9buhd3dd4a000d6abeg/d9buhd3dd4a000d6abeg.0002 --oem 1 -l eng --psm 1 . Error: Error in pixCreateHeader: requested w = 36429, h = 60000, d = 8 Error in pixCreateHeader: requested by","NULL","2026-07-17 02:25:25.553","NULL","NULL"
"be4426dc-a5b1-11ec-ae5f-00505681224b","s3://enverus-courthouse-prod-chd-plants/nm/lea/be44/be4426dc-a5b1-11ec-ae5f-00505681224b.pdf","d9bt6lo30skg00d6vm40","1","OCR failed. Command: tesseract /tmp/diml/pngs/d9bt6lo30skg00d6vm40/d9bt6lo30skg00d6vm40.0001.png /tmp/diml/ocr_results/d9bt6lo30skg00d6vm40/d9bt6lo30skg00d6vm40.0001 --oem 1 -l eng --psm 1 . Error: Error in pixCreateHeader: requested w = 36429, h = 60000, d = 8 Error in pixCreateHeader: requested by","NULL","2026-07-17 02:19:34.247","NULL","NULL"
"e30553a8-5db0-48d8-9e71-b45335e21947","s3://enverus-courthouse-prod-chd-plants/tx/cooke/e305/e30553a8-5db0-48d8-9e71-b45335e21947.pdf","ckkm4g5vneng009o0410","1","No pdf could be downloaded, error=PDF file ckkm4g5vneng009o0410/ckkm4g79iisg009b33og/00006335.pdf is too large to be processed, size=3.1348474957048893 GB","NULL","2026-07-17 02:19:34.247","NULL","NULL"
"f59f9347-405b-11ec-8c9a-00505681224b","s3://enverus-courthouse-prod-chd-plants/nm/eog_lea/f59f/f59f9347-405b-11ec-8c9a-00505681224b.pdf","d9bu9i030skg00d8cq1g","1","OCR failed. Command: tesseract /tmp/diml/pngs/d9bu9i030skg00d8cq1g/d9bu9i030skg00d8cq1g.0005.png /tmp/diml/ocr_results/d9bu9i030skg00d8cq1g/d9bu9i030skg00d8cq1g.0005 --oem 1 -l eng --psm 1 . Error: Error in pixCreateHeader: requested w = 36429, h = 60000, d = 8 Error in pixCreateHeader: requested by","NULL","2026-07-17 02:19:34.247","NULL","NULL"
"f5a00874-405b-11ec-a555-00505681224b","s3://enverus-courthouse-prod-chd-plants/nm/eog_lea/f5a0/f5a00874-405b-11ec-a555-00505681224b.pdf","d9bthei2oub000e1rjfg","1","OCR failed. Command: tesseract /tmp/diml/pngs/d9bthei2oub000e1rjfg/d9bthei2oub000e1rjfg.0079.png /tmp/diml/ocr_results/d9bthei2oub000e1rjfg/d9bthei2oub000e1rjfg.0079 --oem 1 -l eng --psm 1 . Error: Error in pixCreateHeader: requested w = 36429, h = 60000, d = 8 Error in pixCreateHeader: requested by","NULL","2026-07-17 02:19:34.247","NULL","NULL"
"e7e1d21e-097f-11ed-81a4-00505681224b","s3://enverus-courthouse-prod-chd-plants/nm/lea/e7e1/e7e1d21e-097f-11ed-81a4-00505681224b.pdf","d9bu500isvug00ftv2t0","1","OCR failed. Command: tesseract /tmp/diml/pngs/d9bu500isvug00ftv2t0/d9bu500isvug00ftv2t0.0001.png /tmp/diml/ocr_results/d9bu500isvug00ftv2t0/d9bu500isvug00ftv2t0.0001 --oem 1 -l eng --psm 1 . Error: Error in pixCreateHeader: requested w = 36429, h = 60000, d = 8 Error in pixCreateHeader: requested by","NULL","2026-07-17 02:19:34.247","NULL","NULL"
"e7e2475d-097f-11ed-bbd9-00505681224b","s3://enverus-courthouse-prod-chd-plants/nm/lea/e7e2/e7e2475d-097f-11ed-bbd9-00505681224b.pdf","d9bu33dlksng008f271g","1","OCR failed. Command: tesseract /tmp/diml/pngs/d9bu33dlksng008f271g/d9bu33dlksng008f271g.0001.png /tmp/diml/ocr_results/d9bu33dlksng008f271g/d9bu33dlksng008f271g.0001 --oem 1 -l eng --psm 1 . Error: Error in pixCreateHeader: requested w = 36429, h = 60000, d = 8 Error in pixCreateHeader: requested by","NULL","2026-07-17 02:19:34.247","NULL","NULL"
"8c650a64-bc7b-11ec-b02d-00505681224b","s3://enverus-courthouse-prod-chd-plants/nm/lea/8c65/8c650a64-bc7b-11ec-b02d-00505681224b.pdf","d9btg9dlksng008e9ab0","1","OCR failed. Command: tesseract /tmp/diml/pngs/d9btg9dlksng008e9ab0/d9btg9dlksng008e9ab0.0001.png /tmp/diml/ocr_results/d9btg9dlksng008e9ab0/d9btg9dlksng008e9ab0.0001 --oem 1 -l eng --psm 1 . Error: Error in pixCreateHeader: requested w = 36429, h = 60000, d = 8 Error in pixCreateHeader: requested by","NULL","2026-07-17 02:19:34.247","NULL","NULL"
"f4df5083-405b-11ec-af21-00505681224b","s3://enverus-courthouse-prod-chd-plants/nm/eog_lea/f4df/f4df5083-405b-11ec-af21-00505681224b.pdf","d9buqpfak3500088b1e0","1","OCR failed. Command: tesseract /tmp/diml/pngs/d9buqpfak3500088b1e0/d9buqpfak3500088b1e0.0001.png /tmp/diml/ocr_results/d9buqpfak3500088b1e0/d9buqpfak3500088b1e0.0001 --oem 1 -l eng --psm 1 . Error: Error in pixCreateHeader: requested w = 36429, h = 60000, d = 8 Error in pixCreateHeader: requested by","NULL","2026-07-17 02:13:42.313","NULL","NULL"
"bc093ab1-42b7-11ec-9e74-00505681224b","s3://enverus-courthouse-prod-chd-plants/nm/eog_lea/bc09/bc093ab1-42b7-11ec-9e74-00505681224b.pdf","d9bthjbdd4a000d4tp60","1","OCR failed. Command: tesseract /tmp/diml/pngs/d9bthjbdd4a000d4tp60/d9bthjbdd4a000d4tp60.0001.png /tmp/diml/ocr_results/d9bthjbdd4a000d4tp60/d9bthjbdd4a000d4tp60.0001 --oem 1 -l eng --psm 1 . Error: Error in pixCreateHeader: requested w = 36429, h = 60000, d = 8 Error in pixCreateHeader: requested by","NULL","2026-07-17 02:13:42.313","NULL","NULL"
"a1366696-bc7b-11ec-9160-00505681224b","s3://enverus-courthouse-prod-chd-plants/nm/lea/a136/a1366696-bc7b-11ec-9160-00505681224b.pdf","d9btvg689gsg00fgile0","1","OCR failed. Command: tesseract /tmp/diml/pngs/d9btvg689gsg00fgile0/d9btvg689gsg00fgile0.0002.png /tmp/diml/ocr_results/d9btvg689gsg00fgile0/d9btvg689gsg00fgile0.0002 --oem 1 -l eng --psm 1 . Error: Error in pixCreateHeader: requested w = 36429, h = 60000, d = 8 Error in pixCreateHeader: requested by","NULL","2026-07-17 02:13:42.313","NULL","NULL"
"06568c87-d733-11ec-98de-00505681224b","s3://enverus-courthouse-prod-chd-plants/nm/lea/0656/06568c87-d733-11ec-98de-00505681224b.pdf","d9bsnhbdelo000dt6h10","1","OCR failed. Command: tesseract /tmp/diml/pngs/d9bsnhbdelo000dt6h10/d9bsnhbdelo000dt6h10.0001.png /tmp/diml/ocr_results/d9bsnhbdelo000dt6h10/d9bsnhbdelo000dt6h10.0001 --oem 1 -l eng --psm 1 . Error: Error in pixCreateHeader: requested w = 36429, h = 60000, d = 8 Error in pixCreateHeader: requested by","NULL","2026-07-17 02:13:42.313","NULL","NULL"
"c24521a7-3ec2-11ec-bfc3-00505681224b","s3://enverus-courthouse-prod-chd-plants/nm/lea/c245/c24521a7-3ec2-11ec-bfc3-00505681224b.pdf","d9btmutlksng008ehoj0","1","OCR failed. Command: tesseract /tmp/diml/pngs/d9btmutlksng008ehoj0/d9btmutlksng008ehoj0.0001.png /tmp/diml/ocr_results/d9btmutlksng008ehoj0/d9btmutlksng008ehoj0.0001 --oem 1 -l eng --psm 1 . Error: Error in pixCreateHeader: requested w = 36429, h = 60000, d = 8 Error in pixCreateHeader: requested by","NULL","2026-07-17 02:13:42.313","NULL","NULL"
"ca5c99a6-097e-11ed-baa2-00505681224b","s3://enverus-courthouse-prod-chd-plants/nm/eog_lea/ca5c/ca5c99a6-097e-11ed-baa2-00505681224b.pdf","d9bsv6bte9l000f75vg0","1","OCR failed. Command: tesseract /tmp/diml/pngs/d9bsv6bte9l000f75vg0/d9bsv6bte9l000f75vg0.0001.png /tmp/diml/ocr_results/d9bsv6bte9l000f75vg0/d9bsv6bte9l000f75vg0.0001 --oem 1 -l eng --psm 1 . Error: Error in pixCreateHeader: requested w = 36429, h = 60000, d = 8 Error in pixCreateHeader: requested by","NULL","2026-07-17 02:13:42.313","NULL","NULL"
"8c642001-bc7b-11ec-9447-00505681224b","s3://enverus-courthouse-prod-chd-plants/nm/lea/8c64/8c642001-bc7b-11ec-9447-00505681224b.pdf","d9bt1schn77000f9hjng","1","OCR failed. Command: tesseract /tmp/diml/pngs/d9bt1schn77000f9hjng/d9bt1schn77000f9hjng.0004.png /tmp/diml/ocr_results/d9bt1schn77000f9hjng/d9bt1schn77000f9hjng.0004 --oem 1 -l eng --psm 1 . Error: Error in pixCreateHeader: requested w = 36429, h = 60000, d = 8 Error in pixCreateHeader: requested by","NULL","2026-07-17 02:13:42.313","NULL","NULL"
"a9d54057-7d7a-11eb-bb49-00505681224b","s3://enverus-courthouse-prod-chd-plants/nm/lea/a9d5/a9d54057-7d7a-11eb-bb49-00505681224b.pdf","d9bul99kf4s000f846r0","1","OCR failed. Command: tesseract /tmp/diml/pngs/d9bul99kf4s000f846r0/d9bul99kf4s000f846r0.0001.png /tmp/diml/ocr_results/d9bul99kf4s000f846r0/d9bul99kf4s000f846r0.0001 --oem 1 -l eng --psm 1 . Error: Error in pixCreateHeader: requested w = 36429, h = 60000, d = 8 Error in pixCreateHeader: requested by","NULL","2026-07-17 02:13:42.313","NULL","NULL"
"1b382948-3df8-11ec-af72-00505681224b","s3://enverus-courthouse-prod-chd-plants/nm/lea/1b38/1b382948-3df8-11ec-af72-00505681224b.pdf","d9btqu1d6jhg0083j5jg","1","OCR failed. Command: tesseract /tmp/diml/pngs/d9btqu1d6jhg0083j5jg/d9btqu1d6jhg0083j5jg.0001.png /tmp/diml/ocr_results/d9btqu1d6jhg0083j5jg/d9btqu1d6jhg0083j5jg.0001 --oem 1 -l eng --psm 1 . Error: Error in pixCreateHeader: requested w = 36429, h = 60000, d = 8 Error in pixCreateHeader: requested by","NULL","2026-07-17 02:07:42.127","NULL","NULL"
"5a9280ad-6226-11ec-8b86-00505681224b","s3://enverus-courthouse-prod-chd-plants/nm/eog_lea/5a92/5a9280ad-6226-11ec-8b86-00505681224b.pdf","d9bt5dbdelo000dtl680","1","OCR failed. Command: tesseract /tmp/diml/pngs/d9bt5dbdelo000dtl680/d9bt5dbdelo000dtl680.0001.png /tmp/diml/ocr_results/d9bt5dbdelo000dtl680/d9bt5dbdelo000dtl680.0001 --oem 1 -l eng --psm 1 . Error: Error in pixCreateHeader: requested w = 36429, h = 60000, d = 8 Error in pixCreateHeader: requested by","NULL","2026-07-17 02:07:42.127","NULL","NULL"
"c24373e8-3ec2-11ec-9c1e-00505681224b","s3://enverus-courthouse-prod-chd-plants/nm/lea/c243/c24373e8-3ec2-11ec-9c1e-00505681224b.pdf","d9btj3o59fgg00e1ucr0","1","OCR failed. Command: tesseract /tmp/diml/pngs/d9btj3o59fgg00e1ucr0/d9btj3o59fgg00e1ucr0.0001.png /tmp/diml/ocr_results/d9btj3o59fgg00e1ucr0/d9btj3o59fgg00e1ucr0.0001 --oem 1 -l eng --psm 1 . Error: Error in pixCreateHeader: requested w = 36429, h = 60000, d = 8 Error in pixCreateHeader: requested by","NULL","2026-07-17 02:02:35.263","NULL","NULL"
"1b365478-3df8-11ec-a275-00505681224b","s3://enverus-courthouse-prod-chd-plants/nm/lea/1b36/1b365478-3df8-11ec-a275-00505681224b.pdf","d9btvmjk4o9000898at0","1","OCR failed. Command: tesseract /tmp/diml/pngs/d9btvmjk4o9000898at0/d9btvmjk4o9000898at0.0001.png /tmp/diml/ocr_results/d9btvmjk4o9000898at0/d9btvmjk4o9000898at0.0001 --oem 1 -l eng --psm 1 . Error: Error in pixCreateHeader: requested w = 36429, h = 60000, d = 8 Error in pixCreateHeader: requested by","NULL","2026-07-17 02:02:35.263","NULL","NULL"
"8e8cc833-d3ea-11eb-bda3-00505681224b","s3://enverus-courthouse-prod-chd-plants/nm/lea/8e8c/8e8cc833-d3ea-11eb-bda3-00505681224b.pdf","d9bugs059fgg00e37oqg","1","OCR failed. Command: tesseract /tmp/diml/pngs/d9bugs059fgg00e37oqg/d9bugs059fgg00e37oqg.0001.png /tmp/diml/ocr_results/d9bugs059fgg00e37oqg/d9bugs059fgg00e37oqg.0001 --oem 1 -l eng --psm 1 . Error: Error in pixCreateHeader: requested w = 36429, h = 60000, d = 8 Error in pixCreateHeader: requested by","NULL","2026-07-17 02:02:35.263","NULL","NULL"
"465af0cb-ec46-11eb-b263-00505681224b","s3://enverus-courthouse-prod-chd-plants/nm/eog_lea/465a/465af0cb-ec46-11eb-b263-00505681224b.pdf","d9btucfr2ffg00e09dd0","1","OCR failed. Command: tesseract /tmp/diml/pngs/d9btucfr2ffg00e09dd0/d9btucfr2ffg00e09dd0.0001.png /tmp/diml/ocr_results/d9btucfr2ffg00e09dd0/d9btucfr2ffg00e09dd0.0001 --oem 1 -l eng --psm 1 . Error: Error in pixCreateHeader: requested w = 36429, h = 60000, d = 8 Error in pixCreateHeader: requested by","NULL","2026-07-17 02:02:35.263","NULL","NULL"
"1b5eb162-d733-11ec-a45d-00505681224b","s3://enverus-courthouse-prod-chd-plants/nm/lea/1b5e/1b5eb162-d733-11ec-a45d-00505681224b.pdf","d9btrl4hn77000fag99g","1","OCR failed. Command: tesseract /tmp/diml/pngs/d9btrl4hn77000fag99g/d9btrl4hn77000fag99g.0001.png /tmp/diml/ocr_results/d9btrl4hn77000fag99g/d9btrl4hn77000fag99g.0001 --oem 1 -l eng --psm 1 . Error: Error in pixCreateHeader: requested w = 36429, h = 60000, d = 8 Error in pixCreateHeader: requested by","NULL","2026-07-17 02:02:35.263","NULL","NULL"
"e7e2204c-097f-11ed-8b2f-00505681224b","s3://enverus-courthouse-prod-chd-plants/nm/lea/e7e2/e7e2204c-097f-11ed-8b2f-00505681224b.pdf","d9bu7519ha2000c75tig","1","OCR failed. Command: tesseract /tmp/diml/pngs/d9bu7519ha2000c75tig/d9bu7519ha2000c75tig.0001.png /tmp/diml/ocr_results/d9bu7519ha2000c75tig/d9bu7519ha2000c75tig.0001 --oem 1 -l eng --psm 1 . Error: Error in pixCreateHeader: requested w = 36429, h = 60000, d = 8 Error in pixCreateHeader: requested by","NULL","2026-07-17 02:02:35.263","NULL","NULL"
"be43d8c3-a5b1-11ec-8a35-00505681224b","s3://enverus-courthouse-prod-chd-plants/nm/lea/be43/be43d8c3-a5b1-11ec-8a35-00505681224b.pdf","d9btam3dd4a000d4lek0","1","OCR failed. Command: tesseract /tmp/diml/pngs/d9btam3dd4a000d4lek0/d9btam3dd4a000d4lek0.0001.png /tmp/diml/ocr_results/d9btam3dd4a000d4lek0/d9btam3dd4a000d4lek0.0001 --oem 1 -l eng --psm 1 . Error: Error in pixCreateHeader: requested w = 36429, h = 60000, d = 8 Error in pixCreateHeader: requested by","NULL","2026-07-17 02:02:35.263","NULL","NULL"
"8c653170-bc7b-11ec-abaa-00505681224b","s3://enverus-courthouse-prod-chd-plants/nm/lea/8c65/8c653170-bc7b-11ec-abaa-00505681224b.pdf","d9bu5c830skg00d86opg","1","OCR failed. Command: tesseract /tmp/diml/pngs/d9bu5c830skg00d86opg/d9bu5c830skg00d86opg.0001.png /tmp/diml/ocr_results/d9bu5c830skg00d86opg/d9bu5c830skg00d86opg.0001 --oem 1 -l eng --psm 1 . Error: Error in pixCreateHeader: requested w = 36429, h = 60000, d = 8 Error in pixCreateHeader: requested by","NULL","2026-07-17 02:02:35.263","NULL","NULL"
"bc08505c-42b7-11ec-814f-00505681224b","s3://enverus-courthouse-prod-chd-plants/nm/eog_lea/bc08/bc08505c-42b7-11ec-814f-00505681224b.pdf","d9bt26jdd4a000d4cfc0","1","OCR failed. Command: tesseract /tmp/diml/pngs/d9bt26jdd4a000d4cfc0/d9bt26jdd4a000d4cfc0.0001.png /tmp/diml/ocr_results/d9bt26jdd4a000d4cfc0/d9bt26jdd4a000d4cfc0.0001 --oem 1 -l eng --psm 1 . Error: Error in pixCreateHeader: requested w = 36429, h = 60000, d = 8 Error in pixCreateHeader: requested by","NULL","2026-07-17 01:57:05.437","NULL","NULL"
"bc089e67-42b7-11ec-add2-00505681224b","s3://enverus-courthouse-prod-chd-plants/nm/eog_lea/bc08/bc089e67-42b7-11ec-add2-00505681224b.pdf","d9buetllksng008fj9fg","1","OCR failed. Command: tesseract /tmp/diml/pngs/d9buetllksng008fj9fg/d9buetllksng008fj9fg.0001.png /tmp/diml/ocr_results/d9buetllksng008fj9fg/d9buetllksng008fj9fg.0001 --oem 1 -l eng --psm 1 . Error: Error in pixCreateHeader: requested w = 36429, h = 60000, d = 8 Error in pixCreateHeader: requested by","NULL","2026-07-17 01:57:05.437","NULL","NULL"
"670c46e2-3f8a-11ec-b15c-00505681224b","s3://enverus-courthouse-prod-chd-plants/nm/lea/670c/670c46e2-3f8a-11ec-b15c-00505681224b.pdf","d9buhbhd6jhg0084j8tg","1","OCR failed. Command: tesseract /tmp/diml/pngs/d9buhbhd6jhg0084j8tg/d9buhbhd6jhg0084j8tg.0001.png /tmp/diml/ocr_results/d9buhbhd6jhg0084j8tg/d9buhbhd6jhg0084j8tg.0001 --oem 1 -l eng --psm 1 . Error: Error in pixCreateHeader: requested w = 36429, h = 60000, d = 8 Error in pixCreateHeader: requested by","NULL","2026-07-17 01:57:05.437","NULL","NULL"
"d32c391c-bc7b-11ec-8d3e-00505681224b","s3://enverus-courthouse-prod-chd-plants/nm/eog_lea/d32c/d32c391c-bc7b-11ec-8d3e-00505681224b.pdf","d9btau3delo000dtr1dg","1","OCR failed. Command: tesseract /tmp/diml/pngs/d9btau3delo000dtr1dg/d9btau3delo000dtr1dg.0002.png /tmp/diml/ocr_results/d9btau3delo000dtr1dg/d9btau3delo000dtr1dg.0002 --oem 1 -l eng --psm 1 . Error: Error in pixCreateHeader: requested w = 36429, h = 60000, d = 8 Error in pixCreateHeader: requested by","NULL","2026-07-17 01:57:05.437","NULL","NULL"
"be43ffc6-a5b1-11ec-8130-00505681224b","s3://enverus-courthouse-prod-chd-plants/nm/lea/be43/be43ffc6-a5b1-11ec-8130-00505681224b.pdf","d9btvfnpfcq000ffou00","1","OCR failed. Command: tesseract /tmp/diml/pngs/d9btvfnpfcq000ffou00/d9btvfnpfcq000ffou00.0001.png /tmp/diml/ocr_results/d9btvfnpfcq000ffou00/d9btvfnpfcq000ffou00.0001 --oem 1 -l eng --psm 1 . Error: Error in pixCreateHeader: requested w = 36429, h = 60000, d = 8 Error in pixCreateHeader: requested by","NULL","2026-07-17 01:57:05.437","NULL","NULL"
"c83ef8f3-8bcb-11ec-9058-00505681224b","s3://enverus-courthouse-prod-chd-plants/nm/lea/c83e/c83ef8f3-8bcb-11ec-9058-00505681224b.pdf","d9btt44ogvn0009b1mng","1","OCR failed. Command: tesseract /tmp/diml/pngs/d9btt44ogvn0009b1mng/d9btt44ogvn0009b1mng.0001.png /tmp/diml/ocr_results/d9btt44ogvn0009b1mng/d9btt44ogvn0009b1mng.0001 --oem 1 -l eng --psm 1 . Error: Error in pixCreateHeader: requested w = 36429, h = 60000, d = 8 Error in pixCreateHeader: requested by","NULL","2026-07-17 01:57:05.437","NULL","NULL"
"1b5e1532-d733-11ec-857e-00505681224b","s3://enverus-courthouse-prod-chd-plants/nm/lea/1b5e/1b5e1532-d733-11ec-857e-00505681224b.pdf","d9btvibrgi8g00bfrth0","1","OCR failed. Command: tesseract /tmp/diml/pngs/d9btvibrgi8g00bfrth0/d9btvibrgi8g00bfrth0.0001.png /tmp/diml/ocr_results/d9btvibrgi8g00bfrth0/d9btvibrgi8g00bfrth0.0001 --oem 1 -l eng --psm 1 . Error: Error in pixCreateHeader: requested w = 36429, h = 60000, d = 8 Error in pixCreateHeader: requested by","NULL","2026-07-17 01:57:05.437","NULL","NULL"
"bfc68b55-097f-11ed-b2ed-00505681224b","s3://enverus-courthouse-prod-chd-plants/nm/lea/bfc6/bfc68b55-097f-11ed-b2ed-00505681224b.pdf","d9bum7fpfdig00fcepp0","1","OCR failed. Command: tesseract /tmp/diml/pngs/d9bum7fpfdig00fcepp0/d9bum7fpfdig00fcepp0.0002.png /tmp/diml/ocr_results/d9bum7fpfdig00fcepp0/d9bum7fpfdig00fcepp0.0002 --oem 1 -l eng --psm 1 . Error: Error in pixCreateHeader: requested w = 36429, h = 60000, d = 8 Error in pixCreateHeader: requested by","NULL","2026-07-17 01:57:05.437","NULL","NULL"
"1b5f4db1-d733-11ec-bfa8-00505681224b","s3://enverus-courthouse-prod-chd-plants/nm/lea/1b5f/1b5f4db1-d733-11ec-bfa8-00505681224b.pdf","d9bu79830skg00d899f0","1","OCR failed. Command: tesseract /tmp/diml/pngs/d9bu79830skg00d899f0/d9bu79830skg00d899f0.0005.png /tmp/diml/ocr_results/d9bu79830skg00d899f0/d9bu79830skg00d899f0.0005 --oem 1 -l eng --psm 1 . Error: Error in pixCreateHeader: requested w = 36429, h = 60000, d = 8 Error in pixCreateHeader: requested by","NULL","2026-07-17 01:51:23.293","NULL","NULL"
"be43d8c1-a5b1-11ec-8585-00505681224b","s3://enverus-courthouse-prod-chd-plants/nm/lea/be43/be43d8c1-a5b1-11ec-8585-00505681224b.pdf","d9bunh0isvug00fuqsjg","1","OCR failed. Command: tesseract /tmp/diml/pngs/d9bunh0isvug00fuqsjg/d9bunh0isvug00fuqsjg.0001.png /tmp/diml/ocr_results/d9bunh0isvug00fuqsjg/d9bunh0isvug00fuqsjg.0001 --oem 1 -l eng --psm 1 . Error: Error in pixCreateHeader: requested w = 36429, h = 60000, d = 8 Error in pixCreateHeader: requested by","NULL","2026-07-17 01:51:23.293","NULL","NULL"
"04b9f16b-d3ea-11eb-b3c8-00505681224b","s3://enverus-courthouse-prod-chd-plants/nm/eog_lea/04b9/04b9f16b-d3ea-11eb-b3c8-00505681224b.pdf","d9buk7jte9l000f9ahc0","1","OCR failed. Command: tesseract /tmp/diml/pngs/d9buk7jte9l000f9ahc0/d9buk7jte9l000f9ahc0.0001.png /tmp/diml/ocr_results/d9buk7jte9l000f9ahc0/d9buk7jte9l000f9ahc0.0001 --oem 1 -l eng --psm 1 . Error: Error in pixCreateHeader: requested w = 36429, h = 60000, d = 8 Error in pixCreateHeader: requested by","NULL","2026-07-17 01:51:23.293","NULL","NULL"
"576b04c6-d733-11ec-9ade-00505681224b","s3://enverus-courthouse-prod-chd-plants/nm/lea/576b/576b04c6-d733-11ec-9ade-00505681224b.pdf","d9buf33rgi8g00bgirk0","1","OCR failed. Command: tesseract /tmp/diml/pngs/d9buf33rgi8g00bgirk0/d9buf33rgi8g00bgirk0.0001.png /tmp/diml/ocr_results/d9buf33rgi8g00bgirk0/d9buf33rgi8g00bgirk0.0001 --oem 1 -l eng --psm 1 . Error: Error in pixCreateHeader: requested w = 36429, h = 60000, d = 8 Error in pixCreateHeader: requested by","NULL","2026-07-17 01:51:23.293","NULL","NULL"
"5a92a79c-6226-11ec-8f72-00505681224b","s3://enverus-courthouse-prod-chd-plants/nm/eog_lea/5a92/5a92a79c-6226-11ec-8f72-00505681224b.pdf","d9buk47ak35000880ue0","1","OCR failed. Command: tesseract /tmp/diml/pngs/d9buk47ak35000880ue0/d9buk47ak35000880ue0.0001.png /tmp/diml/ocr_results/d9buk47ak35000880ue0/d9buk47ak35000880ue0.0001 --oem 1 -l eng --psm 1 . Error: Error in pixCreateHeader: requested w = 36429, h = 60000, d = 8 Error in pixCreateHeader: requested by","NULL","2026-07-17 01:51:23.293","NULL","NULL"
"f59f934d-405b-11ec-98eb-00505681224b","s3://enverus-courthouse-prod-chd-plants/nm/eog_lea/f59f/f59f934d-405b-11ec-98eb-00505681224b.pdf","d9bu6bjs7m5g008994bg","1","OCR failed. Command: tesseract /tmp/diml/pngs/d9bu6bjs7m5g008994bg/d9bu6bjs7m5g008994bg.0001.png /tmp/diml/ocr_results/d9bu6bjs7m5g008994bg/d9bu6bjs7m5g008994bg.0001 --oem 1 -l eng --psm 1 . Error: Error in pixCreateHeader: requested w = 36429, h = 60000, d = 8 Error in pixCreateHeader: requested by","NULL","2026-07-17 01:51:23.293","NULL","NULL"
"30d3e0e4-ec4c-11eb-bb3a-00505681224b","s3://enverus-courthouse-prod-chd-plants/nm/eog_lea/30d3/30d3e0e4-ec4c-11eb-bb3a-00505681224b.pdf","d9bumi99ha2000c7t8n0","1","OCR failed. Command: tesseract /tmp/diml/pngs/d9bumi99ha2000c7t8n0/d9bumi99ha2000c7t8n0.0003.png /tmp/diml/ocr_results/d9bumi99ha2000c7t8n0/d9bumi99ha2000c7t8n0.0003 --oem 1 -l eng --psm 1 . Error: Error in pixCreateHeader: requested w = 36429, h = 60000, d = 8 Error in pixCreateHeader: requested by","NULL","2026-07-17 01:51:23.293","NULL","NULL"
"ca5c99b4-097e-11ed-b01b-00505681224b","s3://enverus-courthouse-prod-chd-plants/nm/eog_lea/ca5c/ca5c99b4-097e-11ed-b01b-00505681224b.pdf","d9buj63dd4a000d6cjrg","1","OCR failed. Command: tesseract /tmp/diml/pngs/d9buj63dd4a000d6cjrg/d9buj63dd4a000d6cjrg.0001.png /tmp/diml/ocr_results/d9buj63dd4a000d6cjrg/d9buj63dd4a000d6cjrg.0001 --oem 1 -l eng --psm 1 . Error: Error in pixCreateHeader: requested w = 36429, h = 60000, d = 8 Error in pixCreateHeader: requested by","NULL","2026-07-17 01:51:23.293","NULL","NULL"
"aec49f7a-a5b1-11ec-a857-00505681224b","s3://enverus-courthouse-prod-chd-plants/nm/lea/aec4/aec49f7a-a5b1-11ec-a857-00505681224b.pdf","d9bucfk1kr4g008euab0","1","OCR failed. Command: tesseract /tmp/diml/pngs/d9bucfk1kr4g008euab0/d9bucfk1kr4g008euab0.0001.png /tmp/diml/ocr_results/d9bucfk1kr4g008euab0/d9bucfk1kr4g008euab0.0001 --oem 1 -l eng --psm 1 . Error: Error in pixCreateHeader: requested w = 36429, h = 60000, d = 8 Error in pixCreateHeader: requested by","NULL","2026-07-17 01:51:23.293","NULL","NULL"
"447b456d-097f-11ed-ae40-00505681224b","s3://enverus-courthouse-prod-chd-plants/nm/lea/447b/447b456d-097f-11ed-ae40-00505681224b.pdf","d9bue2llksng008fiei0","1","OCR failed. Command: tesseract /tmp/diml/pngs/d9bue2llksng008fiei0/d9bue2llksng008fiei0.0002.png /tmp/diml/ocr_results/d9bue2llksng008fiei0/d9bue2llksng008fiei0.0002 --oem 1 -l eng --psm 1 . Error: Error in pixCreateHeader: requested w = 36429, h = 60000, d = 8 Error in pixCreateHeader: requested by","NULL","2026-07-17 01:51:23.293","NULL","NULL"
"c24596e1-3ec2-11ec-8889-00505681224b","s3://enverus-courthouse-prod-chd-plants/nm/lea/c245/c24596e1-3ec2-11ec-8889-00505681224b.pdf","d9bu3n1d6jhg0083uou0","1","OCR failed. Command: tesseract /tmp/diml/pngs/d9bu3n1d6jhg0083uou0/d9bu3n1d6jhg0083uou0.0001.png /tmp/diml/ocr_results/d9bu3n1d6jhg0083uou0/d9bu3n1d6jhg0083uou0.0001 --oem 1 -l eng --psm 1 . Error: Error in pixCreateHeader: requested w = 36429, h = 60000, d = 8 Error in pixCreateHeader: requested by","NULL","2026-07-17 01:51:23.293","NULL","NULL"
"64bbf954-f812-11eb-a60f-00505681224b","s3://enverus-courthouse-prod-chd-plants/nm/lea/64bb/64bbf954-f812-11eb-a60f-00505681224b.pdf","d9bt0s4flnl000dj3v2g","1","OCR failed. Command: tesseract /tmp/diml/pngs/d9bt0s4flnl000dj3v2g/d9bt0s4flnl000dj3v2g.0001.png /tmp/diml/ocr_results/d9bt0s4flnl000dj3v2g/d9bt0s4flnl000dj3v2g.0001 --oem 1 -l eng --psm 1 . Error: Error in pixCreateHeader: requested w = 36429, h = 60000, d = 8 Error in pixCreateHeader: requested by","NULL","2026-07-17 01:51:23.293","NULL","NULL"
"67e5d008-097f-11ed-b860-00505681224b","s3://enverus-courthouse-prod-chd-plants/nm/lea/67e5/67e5d008-097f-11ed-b860-00505681224b.pdf","d9bst83dd4a000d47hng","1","OCR failed. Command: tesseract /tmp/diml/pngs/d9bst83dd4a000d47hng/d9bst83dd4a000d47hng.0005.png /tmp/diml/ocr_results/d9bst83dd4a000d47hng/d9bst83dd4a000d47hng.0005 --oem 1 -l eng --psm 1 . Error: Error in pixCreateHeader: requested w = 36429, h = 60000, d = 8 Error in pixCreateHeader: requested by","NULL","2026-07-17 01:45:50.603","NULL","NULL"
"8e8d8b70-d3ea-11eb-9e02-00505681224b","s3://enverus-courthouse-prod-chd-plants/nm/lea/8e8d/8e8d8b70-d3ea-11eb-9e02-00505681224b.pdf","d9btld41kr4g008dto9g","1","OCR failed. Command: tesseract /tmp/diml/pngs/d9btld41kr4g008dto9g/d9btld41kr4g008dto9g.0001.png /tmp/diml/ocr_results/d9btld41kr4g008dto9g/d9btld41kr4g008dto9g.0001 --oem 1 -l eng --psm 1 . Error: Error in pixCreateHeader: requested w = 36429, h = 60000, d = 8 Error in pixCreateHeader: requested by","NULL","2026-07-17 01:45:50.603","NULL","NULL"
"f10bbb5a-6225-11ec-9881-00505681224b","s3://enverus-courthouse-prod-chd-plants/nm/lea/f10b/f10bbb5a-6225-11ec-9881-00505681224b.pdf","d9bucre89gsg00fh6okg","1","OCR failed. Command: tesseract /tmp/diml/pngs/d9bucre89gsg00fh6okg/d9bucre89gsg00fh6okg.0001.png /tmp/diml/ocr_results/d9bucre89gsg00fh6okg/d9bucre89gsg00fh6okg.0001 --oem 1 -l eng --psm 1 . Error: Error in pixCreateHeader: requested w = 36429, h = 60000, d = 8 Error in pixCreateHeader: requested by","NULL","2026-07-17 01:45:50.603","NULL","NULL"
"06561750-d733-11ec-8a40-00505681224b","s3://enverus-courthouse-prod-chd-plants/nm/lea/0656/06561750-d733-11ec-8a40-00505681224b.pdf","d9bu5aoisvug00ftvtm0","1","OCR failed. Command: tesseract /tmp/diml/pngs/d9bu5aoisvug00ftvtm0/d9bu5aoisvug00ftvtm0.0002.png /tmp/diml/ocr_results/d9bu5aoisvug00ftvtm0/d9bu5aoisvug00ftvtm0.0002 --oem 1 -l eng --psm 1 . Error: Error in pixCreateHeader: requested w = 36429, h = 60000, d = 8 Error in pixCreateHeader: requested by","NULL","2026-07-17 01:45:50.603","NULL","NULL"
"a3f3478b-d733-11ec-a68d-00505681224b","s3://enverus-courthouse-prod-chd-plants/nm/eog_lea/a3f3/a3f3478b-d733-11ec-a68d-00505681224b.pdf","d9bt3o22oub000e1cbg0","1","OCR failed. Command: tesseract /tmp/diml/pngs/d9bt3o22oub000e1cbg0/d9bt3o22oub000e1cbg0.0038.png /tmp/diml/ocr_results/d9bt3o22oub000e1cbg0/d9bt3o22oub000e1cbg0.0038 --oem 1 -l eng --psm 1 . Error: Error in pixCreateHeader: requested w = 36429, h = 60000, d = 8 Error in pixCreateHeader: requested by","NULL","2026-07-17 01:45:50.603","NULL","NULL"
"f10a34af-6225-11ec-904d-00505681224b","s3://enverus-courthouse-prod-chd-plants/nm/lea/f10a/f10a34af-6225-11ec-904d-00505681224b.pdf","d9bu9gp5jqeg00e7ssrg","1","OCR failed. Command: tesseract /tmp/diml/pngs/d9bu9gp5jqeg00e7ssrg/d9bu9gp5jqeg00e7ssrg.0001.png /tmp/diml/ocr_results/d9bu9gp5jqeg00e7ssrg/d9bu9gp5jqeg00e7ssrg.0001 --oem 1 -l eng --psm 1 . Error: Error in pixCreateHeader: requested w = 36429, h = 60000, d = 8 Error in pixCreateHeader: requested by","NULL","2026-07-17 01:45:50.603","NULL","NULL"
"f4ddc9e8-405b-11ec-a5fd-00505681224b","s3://enverus-courthouse-prod-chd-plants/nm/eog_lea/f4dd/f4ddc9e8-405b-11ec-a5fd-00505681224b.pdf","d9buamk1kr4g008ero70","1","OCR failed. Command: tesseract /tmp/diml/pngs/d9buamk1kr4g008ero70/d9buamk1kr4g008ero70.0001.png /tmp/diml/ocr_results/d9buamk1kr4g008ero70/d9buamk1kr4g008ero70.0001 --oem 1 -l eng --psm 1 . Error: Error in pixCreateHeader: requested w = 36429, h = 60000, d = 8 Error in pixCreateHeader: requested by","NULL","2026-07-17 01:45:50.603","NULL","NULL"
"b5e1bc09-d733-11ec-abbd-00505681224b","s3://enverus-courthouse-prod-chd-plants/nm/eog_lea/b5e1/b5e1bc09-d733-11ec-abbd-00505681224b.pdf","d9btb37r761000df05v0","1","OCR failed. Command: tesseract /tmp/diml/pngs/d9btb37r761000df05v0/d9btb37r761000df05v0.0001.png /tmp/diml/ocr_results/d9btb37r761000df05v0/d9btb37r761000df05v0.0001 --oem 1 -l eng --psm 1 . Error: Error in pixCreateHeader: requested w = 36429, h = 60000, d = 8 Error in pixCreateHeader: requested by","NULL","2026-07-17 01:45:50.603","NULL","NULL"
"06561733-d733-11ec-8357-00505681224b","s3://enverus-courthouse-prod-chd-plants/nm/lea/0656/06561733-d733-11ec-8357-00505681224b.pdf","d9btg9fr2ffg00dvnh70","1","OCR failed. Command: tesseract /tmp/diml/pngs/d9btg9fr2ffg00dvnh70/d9btg9fr2ffg00dvnh70.0004.png /tmp/diml/ocr_results/d9btg9fr2ffg00dvnh70/d9btg9fr2ffg00dvnh70.0004 --oem 1 -l eng --psm 1 . Error: Error in pixCreateHeader: requested w = 36429, h = 60000, d = 8 Error in pixCreateHeader: requested by","NULL","2026-07-17 01:45:50.603","NULL","NULL"
"075d8402-335c-6f44-af3d-fd320a3118c1","s3://enverus-courthouse-prod-chd-plants/nm/eddy/075d/075d8402-335c-6f44-af3d-fd320a3118c1.pdf","baglfm2vki7g1fvh6eq0","1","list index out of range","NULL","2026-07-17 01:45:50.603","NULL","NULL"
"bc093ac7-42b7-11ec-8b28-00505681224b","s3://enverus-courthouse-prod-chd-plants/nm/eog_lea/bc09/bc093ac7-42b7-11ec-8b28-00505681224b.pdf","d9btdh5lksng008e67q0","1","OCR failed. Command: tesseract /tmp/diml/pngs/d9btdh5lksng008e67q0/d9btdh5lksng008e67q0.0001.png /tmp/diml/ocr_results/d9btdh5lksng008e67q0/d9btdh5lksng008e67q0.0001 --oem 1 -l eng --psm 1 . Error: Error in pixCreateHeader: requested w = 36429, h = 60000, d = 8 Error in pixCreateHeader: requested by","NULL","2026-07-17 01:39:53.073","NULL","NULL"
"2723c184-0980-11ed-83cf-00505681224b","s3://enverus-courthouse-prod-chd-plants/nm/lea/2723/2723c184-0980-11ed-83cf-00505681224b.pdf","d9bu45phd6mg00bn5f70","1","OCR failed. Command: tesseract /tmp/diml/pngs/d9bu45phd6mg00bn5f70/d9bu45phd6mg00bn5f70.0006.png /tmp/diml/ocr_results/d9bu45phd6mg00bn5f70/d9bu45phd6mg00bn5f70.0006 --oem 1 -l eng --psm 1 . Error: Error in pixCreateHeader: requested w = 36429, h = 60000, d = 8 Error in pixCreateHeader: requested by","NULL","2026-07-17 01:39:53.073","NULL","NULL"
"a3f36e94-d733-11ec-9ca1-00505681224b","s3://enverus-courthouse-prod-chd-plants/nm/eog_lea/a3f3/a3f36e94-d733-11ec-9ca1-00505681224b.pdf","d9bsq0jte9l000f712vg","1","OCR failed. Command: tesseract /tmp/diml/pngs/d9bsq0jte9l000f712vg/d9bsq0jte9l000f712vg.0001.png /tmp/diml/ocr_results/d9bsq0jte9l000f712vg/d9bsq0jte9l000f712vg.0001 --oem 1 -l eng --psm 1 . Error: Error in pixCreateHeader: requested w = 36429, h = 60000, d = 8 Error in pixCreateHeader: requested by","NULL","2026-07-17 01:39:53.073","NULL","NULL"
"e7e0e7a7-097f-11ed-a9c6-00505681224b","s3://enverus-courthouse-prod-chd-plants/nm/lea/e7e0/e7e0e7a7-097f-11ed-a9c6-00505681224b.pdf","d9btqm7pfdig00fb6pa0","1","OCR failed. Command: tesseract /tmp/diml/pngs/d9btqm7pfdig00fb6pa0/d9btqm7pfdig00fb6pa0.0002.png /tmp/diml/ocr_results/d9btqm7pfdig00fb6pa0/d9btqm7pfdig00fb6pa0.0002 --oem 1 -l eng --psm 1 . Error: Error in pixCreateHeader: requested w = 36429, h = 60000, d = 8 Error in pixCreateHeader: requested by","NULL","2026-07-17 01:39:53.073","NULL","NULL"
"967fe21d-097f-11ed-9e08-00505681224b","s3://enverus-courthouse-prod-chd-plants/nm/lea/967f/967fe21d-097f-11ed-9e08-00505681224b.pdf","d9btu6khn77000fajkh0","1","OCR failed. Command: tesseract /tmp/diml/pngs/d9btu6khn77000fajkh0/d9btu6khn77000fajkh0.0003.png /tmp/diml/ocr_results/d9btu6khn77000fajkh0/d9btu6khn77000fajkh0.0003 --oem 1 -l eng --psm 1 . Error: Error in pixCreateHeader: requested w = 36429, h = 60000, d = 8 Error in pixCreateHeader: requested by","NULL","2026-07-17 01:39:53.073","NULL","NULL"
"447af73d-097f-11ed-b6a2-00505681224b","s3://enverus-courthouse-prod-chd-plants/nm/lea/447a/447af73d-097f-11ed-b6a2-00505681224b.pdf","d9bui8fpfdig00fc8tgg","1","OCR failed. Command: tesseract /tmp/diml/pngs/d9bui8fpfdig00fc8tgg/d9bui8fpfdig00fc8tgg.0001.png /tmp/diml/ocr_results/d9bui8fpfdig00fc8tgg/d9bui8fpfdig00fc8tgg.0001 --oem 1 -l eng --psm 1 . Error: Error in pixCreateHeader: requested w = 36429, h = 60000, d = 8 Error in pixCreateHeader: requested by","NULL","2026-07-17 01:39:53.073","NULL","NULL"
"f10c308b-6225-11ec-b6fe-00505681224b","s3://enverus-courthouse-prod-chd-plants/nm/lea/f10c/f10c308b-6225-11ec-b6fe-00505681224b.pdf","d9btdrvpfdig00fan820","1","OCR failed. Command: tesseract /tmp/diml/pngs/d9btdrvpfdig00fan820/d9btdrvpfdig00fan820.0001.png /tmp/diml/ocr_results/d9btdrvpfdig00fan820/d9btdrvpfdig00fan820.0001 --oem 1 -l eng --psm 1 . Error: Error in pixCreateHeader: requested w = 36429, h = 60000, d = 8 Error in pixCreateHeader: requested by","NULL","2026-07-17 01:39:53.073","NULL","NULL"
"b5e1bbf6-d733-11ec-8dbf-00505681224b","s3://enverus-courthouse-prod-chd-plants/nm/eog_lea/b5e1/b5e1bbf6-d733-11ec-8dbf-00505681224b.pdf","d9btghfpfdig00faq5f0","1","OCR failed. Command: tesseract /tmp/diml/pngs/d9btghfpfdig00faq5f0/d9btghfpfdig00faq5f0.0001.png /tmp/diml/ocr_results/d9btghfpfdig00faq5f0/d9btghfpfdig00faq5f0.0001 --oem 1 -l eng --psm 1 . Error: Error in pixCreateHeader: requested w = 36429, h = 60000, d = 8 Error in pixCreateHeader: requested by","NULL","2026-07-17 01:39:53.073","NULL","NULL"
"1b5f4db2-d733-11ec-ada1-00505681224b","s3://enverus-courthouse-prod-chd-plants/nm/lea/1b5f/1b5f4db2-d733-11ec-ada1-00505681224b.pdf","d9bsni36g7ig00fuh7fg","1","OCR failed. Command: tesseract /tmp/diml/pngs/d9bsni36g7ig00fuh7fg/d9bsni36g7ig00fuh7fg.0005.png /tmp/diml/ocr_results/d9bsni36g7ig00fuh7fg/d9bsni36g7ig00fuh7fg.0005 --oem 1 -l eng --psm 1 . Error: Error in pixCreateHeader: requested w = 36429, h = 60000, d = 8 Error in pixCreateHeader: requested by","NULL","2026-07-17 01:39:53.073","NULL","NULL"
"ca5b3986-097e-11ed-b2c5-00505681224b","s3://enverus-courthouse-prod-chd-plants/nm/eog_lea/ca5b/ca5b3986-097e-11ed-b2c5-00505681224b.pdf","d9bt9krk4o900088d2bg","1","OCR failed. Command: tesseract /tmp/diml/pngs/d9bt9krk4o900088d2bg/d9bt9krk4o900088d2bg.0001.png /tmp/diml/ocr_results/d9bt9krk4o900088d2bg/d9bt9krk4o900088d2bg.0001 --oem 1 -l eng --psm 1 . Error: Error in pixCreateHeader: requested w = 36429, h = 60000, d = 8 Error in pixCreateHeader: requested by","NULL","2026-07-17 01:39:53.073","NULL","NULL"
"5a92809c-6226-11ec-b9be-00505681224b","s3://enverus-courthouse-prod-chd-plants/nm/eog_lea/5a92/5a92809c-6226-11ec-b9be-00505681224b.pdf","d9buiv030skg00d8q8jg","1","OCR failed. Command: tesseract /tmp/diml/pngs/d9buiv030skg00d8q8jg/d9buiv030skg00d8q8jg.0001.png /tmp/diml/ocr_results/d9buiv030skg00d8q8jg/d9buiv030skg00d8q8jg.0001 --oem 1 -l eng --psm 1 . Error: Error in pixCreateHeader: requested w = 36429, h = 60000, d = 8 Error in pixCreateHeader: requested by","NULL","2026-07-17 01:39:53.073","NULL","NULL"
"1b5f4db3-d733-11ec-a857-00505681224b","s3://enverus-courthouse-prod-chd-plants/nm/lea/1b5f/1b5f4db3-d733-11ec-a857-00505681224b.pdf","d9buj0s1kr4g008f7gi0","1","OCR failed. Command: tesseract /tmp/diml/pngs/d9buj0s1kr4g008f7gi0/d9buj0s1kr4g008f7gi0.0005.png /tmp/diml/ocr_results/d9buj0s1kr4g008f7gi0/d9buj0s1kr4g008f7gi0.0005 --oem 1 -l eng --psm 1 . Error: Error in pixCreateHeader: requested w = 36429, h = 60000, d = 8 Error in pixCreateHeader: requested by","NULL","2026-07-17 01:39:53.073","NULL","NULL"
"5a928091-6226-11ec-a8a5-00505681224b","s3://enverus-courthouse-prod-chd-plants/nm/eog_lea/5a92/5a928091-6226-11ec-a8a5-00505681224b.pdf","d9bstb7ak3500085rbig","1","OCR failed. Command: tesseract /tmp/diml/pngs/d9bstb7ak3500085rbig/d9bstb7ak3500085rbig.0001.png /tmp/diml/ocr_results/d9bstb7ak3500085rbig/d9bstb7ak3500085rbig.0001 --oem 1 -l eng --psm 1 . Error: Error in pixCreateHeader: requested w = 36429, h = 60000, d = 8 Error in pixCreateHeader: requested by","NULL","2026-07-17 01:39:53.073","NULL","NULL"
"c83ef8f4-8bcb-11ec-beca-00505681224b","s3://enverus-courthouse-prod-chd-plants/nm/lea/c83e/c83ef8f4-8bcb-11ec-beca-00505681224b.pdf","d9bue1k1kr4g008f0mg0","1","OCR failed. Command: tesseract /tmp/diml/pngs/d9bue1k1kr4g008f0mg0/d9bue1k1kr4g008f0mg0.0001.png /tmp/diml/ocr_results/d9bue1k1kr4g008f0mg0/d9bue1k1kr4g008f0mg0.0001 --oem 1 -l eng --psm 1 . Error: Error in pixCreateHeader: requested w = 36429, h = 60000, d = 8 Error in pixCreateHeader: requested by","NULL","2026-07-17 01:34:52.657","NULL","NULL"
"385f7c05-3fba-11eb-ab4f-00505681224b","s3://enverus-courthouse-prod-chd-plants/nm/eog_lea/385f/385f7c05-3fba-11eb-ab4f-00505681224b.pdf","d9buds8isvug00fucg60","1","OCR failed. Command: tesseract /tmp/diml/pngs/d9buds8isvug00fucg60/d9buds8isvug00fucg60.0019.png /tmp/diml/ocr_results/d9buds8isvug00fucg60/d9buds8isvug00fucg60.0019 --oem 1 -l eng --psm 1 . Error: Error in pixCreateHeader: requested w = 36429, h = 60000, d = 8 Error in pixCreateHeader: requested by","NULL","2026-07-17 01:34:52.657","NULL","NULL"
"1b373ed6-3df8-11ec-9c04-00505681224b","s3://enverus-courthouse-prod-chd-plants/nm/lea/1b37/1b373ed6-3df8-11ec-9c04-00505681224b.pdf","d9btkkfr2ffg00dvt8v0","1","OCR failed. Command: tesseract /tmp/diml/pngs/d9btkkfr2ffg00dvt8v0/d9btkkfr2ffg00dvt8v0.0001.png /tmp/diml/ocr_results/d9btkkfr2ffg00dvt8v0/d9btkkfr2ffg00dvt8v0.0001 --oem 1 -l eng --psm 1 . Error: Error in pixCreateHeader: requested w = 36429, h = 60000, d = 8 Error in pixCreateHeader: requested by","NULL","2026-07-17 01:34:52.657","NULL","NULL"
"0655f03e-d733-11ec-9119-00505681224b","s3://enverus-courthouse-prod-chd-plants/nm/lea/0655/0655f03e-d733-11ec-9119-00505681224b.pdf","d9bupr4hn77000fbssjg","1","OCR failed. Command: tesseract /tmp/diml/pngs/d9bupr4hn77000fbssjg/d9bupr4hn77000fbssjg.0001.png /tmp/diml/ocr_results/d9bupr4hn77000fbssjg/d9bupr4hn77000fbssjg.0001 --oem 1 -l eng --psm 1 . Error: Error in pixCreateHeader: requested w = 36429, h = 60000, d = 8 Error in pixCreateHeader: requested by","NULL","2026-07-17 01:34:52.657","NULL","NULL"
"d32d2377-bc7b-11ec-af64-00505681224b","s3://enverus-courthouse-prod-chd-plants/nm/eog_lea/d32d/d32d2377-bc7b-11ec-af64-00505681224b.pdf","d9bug17pfcq000fghatg","1","OCR failed. Command: tesseract /tmp/diml/pngs/d9bug17pfcq000fghatg/d9bug17pfcq000fghatg.0002.png /tmp/diml/ocr_results/d9bug17pfcq000fghatg/d9bug17pfcq000fghatg.0002 --oem 1 -l eng --psm 1 . Error: Error in pixCreateHeader: requested w = 36429, h = 60000, d = 8 Error in pixCreateHeader: requested by","NULL","2026-07-17 01:34:52.657","NULL","NULL"
"d32c875b-bc7b-11ec-8511-00505681224b","s3://enverus-courthouse-prod-chd-plants/nm/eog_lea/d32c/d32c875b-bc7b-11ec-8511-00505681224b.pdf","d9btstp5jqeg00e7abig","1","OCR failed. Command: tesseract /tmp/diml/pngs/d9btstp5jqeg00e7abig/d9btstp5jqeg00e7abig.0001.png /tmp/diml/ocr_results/d9btstp5jqeg00e7abig/d9btstp5jqeg00e7abig.0001 --oem 1 -l eng --psm 1 . Error: Error in pixCreateHeader: requested w = 36429, h = 60000, d = 8 Error in pixCreateHeader: requested by","NULL","2026-07-17 01:34:52.657","NULL","NULL"
"f59f1e15-405b-11ec-9319-00505681224b","s3://enverus-courthouse-prod-chd-plants/nm/eog_lea/f59f/f59f1e15-405b-11ec-9319-00505681224b.pdf","d9btt6hb0h1g00d0opgg","1","OCR failed. Command: tesseract /tmp/diml/pngs/d9btt6hb0h1g00d0opgg/d9btt6hb0h1g00d0opgg.0002.png /tmp/diml/ocr_results/d9btt6hb0h1g00d0opgg/d9btt6hb0h1g00d0opgg.0002 --oem 1 -l eng --psm 1 . Error: Error in pixCreateHeader: requested w = 36429, h = 60000, d = 8 Error in pixCreateHeader: requested by","NULL","2026-07-17 01:34:52.657","NULL","NULL"
"385c6eb8-3fba-11eb-a620-00505681224b","s3://enverus-courthouse-prod-chd-plants/nm/eog_lea/385c/385c6eb8-3fba-11eb-a620-00505681224b.pdf","d9bucnbrgi8g00bgfma0","1","OCR failed. Command: tesseract /tmp/diml/pngs/d9bucnbrgi8g00bgfma0/d9bucnbrgi8g00bgfma0.0001.png /tmp/diml/ocr_results/d9bucnbrgi8g00bgfma0/d9bucnbrgi8g00bgfma0.0001 --oem 1 -l eng --psm 1 . Error: Error in pixCreateHeader: requested w = 36429, h = 60000, d = 8 Error in pixCreateHeader: requested by","NULL","2026-07-17 01:34:52.657","NULL","NULL"
"a136b4b4-bc7b-11ec-9fff-00505681224b","s3://enverus-courthouse-prod-chd-plants/nm/lea/a136/a136b4b4-bc7b-11ec-9fff-00505681224b.pdf","d9buqqr6g7ig008182n0","1","OCR failed. Command: tesseract /tmp/diml/pngs/d9buqqr6g7ig008182n0/d9buqqr6g7ig008182n0.0001.png /tmp/diml/ocr_results/d9buqqr6g7ig008182n0/d9buqqr6g7ig008182n0.0001 --oem 1 -l eng --psm 1 . Error: Error in pixCreateHeader: requested w = 36429, h = 60000, d = 8 Error in pixCreateHeader: requested by","NULL","2026-07-17 01:34:52.657","NULL","NULL"
"be43ffe0-a5b1-11ec-a062-00505681224b","s3://enverus-courthouse-prod-chd-plants/nm/lea/be43/be43ffe0-a5b1-11ec-a062-00505681224b.pdf","d9bua9fpfdig00fbsrlg","1","OCR failed. Command: tesseract /tmp/diml/pngs/d9bua9fpfdig00fbsrlg/d9bua9fpfdig00fbsrlg.0001.png /tmp/diml/ocr_results/d9bua9fpfdig00fbsrlg/d9bua9fpfdig00fbsrlg.0001 --oem 1 -l eng --psm 1 . Error: Error in pixCreateHeader: requested w = 36429, h = 60000, d = 8 Error in pixCreateHeader: requested by","NULL","2026-07-17 01:34:52.657","NULL","NULL"
"e7e10f14-097f-11ed-a65d-00505681224b","s3://enverus-courthouse-prod-chd-plants/nm/lea/e7e1/e7e10f14-097f-11ed-a65d-00505681224b.pdf","d9btmqvr761000dfdvdg","1","OCR failed. Command: tesseract /tmp/diml/pngs/d9btmqvr761000dfdvdg/d9btmqvr761000dfdvdg.0001.png /tmp/diml/ocr_results/d9btmqvr761000dfdvdg/d9btmqvr761000dfdvdg.0001 --oem 1 -l eng --psm 1 . Error: Error in pixCreateHeader: requested w = 36429, h = 60000, d = 8 Error in pixCreateHeader: requested by","NULL","2026-07-17 01:34:52.657","NULL","NULL"
"1b5dc70e-d733-11ec-8629-00505681224b","s3://enverus-courthouse-prod-chd-plants/nm/lea/1b5d/1b5dc70e-d733-11ec-8629-00505681224b.pdf","d9btmpb1f5dg00bdmu60","1","OCR failed. Command: tesseract /tmp/diml/pngs/d9btmpb1f5dg00bdmu60/d9btmpb1f5dg00bdmu60.0001.png /tmp/diml/ocr_results/d9btmpb1f5dg00bdmu60/d9btmpb1f5dg00bdmu60.0001 --oem 1 -l eng --psm 1 . Error: Error in pixCreateHeader: requested w = 36429, h = 60000, d = 8 Error in pixCreateHeader: requested by","NULL","2026-07-17 01:34:52.657","NULL","NULL"
"bc08776e-42b7-11ec-9d2a-00505681224b","s3://enverus-courthouse-prod-chd-plants/nm/eog_lea/bc08/bc08776e-42b7-11ec-9d2a-00505681224b.pdf","d9bumnjk4o90008aak1g","1","OCR failed. Command: tesseract /tmp/diml/pngs/d9bumnjk4o90008aak1g/d9bumnjk4o90008aak1g.0002.png /tmp/diml/ocr_results/d9bumnjk4o90008aak1g/d9bumnjk4o90008aak1g.0002 --oem 1 -l eng --psm 1 . Error: Error in pixCreateHeader: requested w = 36429, h = 60000, d = 8 Error in pixCreateHeader: requested by","NULL","2026-07-17 01:34:52.657","NULL","NULL"
"df4d4b27-51b2-11ec-82ca-00505681224b","s3://enverus-courthouse-prod-chd-plants/nm/eog_lea/df4d/df4d4b27-51b2-11ec-82ca-00505681224b.pdf","d9buh5i2oub000e37tl0","1","OCR failed. Command: tesseract /tmp/diml/pngs/d9buh5i2oub000e37tl0/d9buh5i2oub000e37tl0.0002.png /tmp/diml/ocr_results/d9buh5i2oub000e37tl0/d9buh5i2oub000e37tl0.0002 --oem 1 -l eng --psm 1 . Error: Error in pixCreateHeader: requested w = 36429, h = 60000, d = 8 Error in pixCreateHeader: requested by","NULL","2026-07-17 01:34:52.657","NULL","NULL"
"c244102f-3ec2-11ec-b8dc-00505681224b","s3://enverus-courthouse-prod-chd-plants/nm/lea/c244/c244102f-3ec2-11ec-b8dc-00505681224b.pdf","d9buoo4ogvn0009cajf0","1","OCR failed. Command: tesseract /tmp/diml/pngs/d9buoo4ogvn0009cajf0/d9buoo4ogvn0009cajf0.0001.png /tmp/diml/ocr_results/d9buoo4ogvn0009cajf0/d9buoo4ogvn0009cajf0.0001 --oem 1 -l eng --psm 1 . Error: Error in pixCreateHeader: requested w = 36429, h = 60000, d = 8 Error in pixCreateHeader: requested by","NULL","2026-07-17 01:34:52.657","NULL","NULL"
"e18820a8-bc7b-11ec-b967-00505681224b","s3://enverus-courthouse-prod-chd-plants/nm/eog_lea/e188/e18820a8-bc7b-11ec-b967-00505681224b.pdf","d9bui1rdd4a000d6au20","1","OCR failed. Command: tesseract /tmp/diml/pngs/d9bui1rdd4a000d6au20/d9bui1rdd4a000d6au20.0001.png /tmp/diml/ocr_results/d9bui1rdd4a000d6au20/d9bui1rdd4a000d6au20.0001 --oem 1 -l eng --psm 1 . Error: Error in pixCreateHeader: requested w = 36429, h = 60000, d = 8 Error in pixCreateHeader: requested by","NULL","2026-07-17 01:34:52.657","NULL","NULL"
"c2445e46-3ec2-11ec-b751-00505681224b","s3://enverus-courthouse-prod-chd-plants/nm/lea/c244/c2445e46-3ec2-11ec-b751-00505681224b.pdf","d9bso3jdelo000dt7t90","1","OCR failed. Command: tesseract /tmp/diml/pngs/d9bso3jdelo000dt7t90/d9bso3jdelo000dt7t90.0001.png /tmp/diml/ocr_results/d9bso3jdelo000dt7t90/d9bso3jdelo000dt7t90.0001 --oem 1 -l eng --psm 1 . Error: Error in pixCreateHeader: requested w = 36429, h = 60000, d = 8 Error in pixCreateHeader: requested by","NULL","2026-07-17 01:34:52.657","NULL","NULL"
"ca5b87c0-097e-11ed-970c-00505681224b","s3://enverus-courthouse-prod-chd-plants/nm/eog_lea/ca5b/ca5b87c0-097e-11ed-970c-00505681224b.pdf","d9btn1hd6jhg0083e4ag","1","OCR failed. Command: tesseract /tmp/diml/pngs/d9btn1hd6jhg0083e4ag/d9btn1hd6jhg0083e4ag.0002.png /tmp/diml/ocr_results/d9btn1hd6jhg0083e4ag/d9btn1hd6jhg0083e4ag.0002 --oem 1 -l eng --psm 1 . Error: Error in pixCreateHeader: requested w = 36429, h = 60000, d = 8 Error in pixCreateHeader: requested by","NULL","2026-07-17 01:34:52.657","NULL","NULL"
"aec4784a-a5b1-11ec-aa12-00505681224b","s3://enverus-courthouse-prod-chd-plants/nm/lea/aec4/aec4784a-a5b1-11ec-aa12-00505681224b.pdf","d9btqfjs7m5g0088o490","1","OCR failed. Command: tesseract /tmp/diml/pngs/d9btqfjs7m5g0088o490/d9btqfjs7m5g0088o490.0001.png /tmp/diml/ocr_results/d9btqfjs7m5g0088o490/d9btqfjs7m5g0088o490.0001 --oem 1 -l eng --psm 1 . Error: Error in pixCreateHeader: requested w = 36429, h = 60000, d = 8 Error in pixCreateHeader: requested by","NULL","2026-07-17 01:34:52.657","NULL","NULL"
"576b04c4-d733-11ec-b252-00505681224b","s3://enverus-courthouse-prod-chd-plants/nm/lea/576b/576b04c4-d733-11ec-b252-00505681224b.pdf","d9bt3jsogvn0009a32v0","1","OCR failed. Command: tesseract /tmp/diml/pngs/d9bt3jsogvn0009a32v0/d9bt3jsogvn0009a32v0.0001.png /tmp/diml/ocr_results/d9bt3jsogvn0009a32v0/d9bt3jsogvn0009a32v0.0001 --oem 1 -l eng --psm 1 . Error: Error in pixCreateHeader: requested w = 36429, h = 60000, d = 8 Error in pixCreateHeader: requested by","NULL","2026-07-17 01:34:52.657","NULL","NULL"
"d32d4a86-bc7b-11ec-90b8-00505681224b","s3://enverus-courthouse-prod-chd-plants/nm/eog_lea/d32d/d32d4a86-bc7b-11ec-90b8-00505681224b.pdf","d9bsso8isvug00fsdvkg","1","OCR failed. Command: tesseract /tmp/diml/pngs/d9bsso8isvug00fsdvkg/d9bsso8isvug00fsdvkg.0001.png /tmp/diml/ocr_results/d9bsso8isvug00fsdvkg/d9bsso8isvug00fsdvkg.0001 --oem 1 -l eng --psm 1 . Error: Error in pixCreateHeader: requested w = 36429, h = 60000, d = 8 Error in pixCreateHeader: requested by","NULL","2026-07-17 01:29:03.143","NULL","NULL"
"7091fa12-2c89-11e8-8a0a-00505681224b","s3://enverus-courthouse-prod-chd-plants/pa/lycoming/7091/7091fa12-2c89-11e8-8a0a-00505681224b.pdf","d9buapvak3500087jnr0","1","OCR failed. Command: tesseract /tmp/diml/pngs/d9buapvak3500087jnr0/d9buapvak3500087jnr0.0001.png /tmp/diml/ocr_results/d9buapvak3500087jnr0/d9buapvak3500087jnr0.0001 --oem 1 -l eng --psm 1 . Error: Image too large: (21250, 35000) Error during processing. ","NULL","2026-07-17 01:29:03.143","NULL","NULL"
"bc093ab2-42b7-11ec-a17a-00505681224b","s3://enverus-courthouse-prod-chd-plants/nm/eog_lea/bc09/bc093ab2-42b7-11ec-a17a-00505681224b.pdf","d9bu0m31f5dg00be4470","1","OCR failed. Command: tesseract /tmp/diml/pngs/d9bu0m31f5dg00be4470/d9bu0m31f5dg00be4470.0001.png /tmp/diml/ocr_results/d9bu0m31f5dg00be4470/d9bu0m31f5dg00be4470.0001 --oem 1 -l eng --psm 1 . Error: Error in pixCreateHeader: requested w = 36429, h = 60000, d = 8 Error in pixCreateHeader: requested by","NULL","2026-07-17 01:29:03.143","NULL","NULL"
"bfc74ea4-097f-11ed-955c-00505681224b","s3://enverus-courthouse-prod-chd-plants/nm/lea/bfc7/bfc74ea4-097f-11ed-955c-00505681224b.pdf","d9btp536g7ig00fvmol0","1","OCR failed. Command: tesseract /tmp/diml/pngs/d9btp536g7ig00fvmol0/d9btp536g7ig00fvmol0.0005.png /tmp/diml/ocr_results/d9btp536g7ig00fvmol0/d9btp536g7ig00fvmol0.0005 --oem 1 -l eng --psm 1 . Error: Error in pixCreateHeader: requested w = 36429, h = 60000, d = 8 Error in pixCreateHeader: requested by","NULL","2026-07-17 01:29:03.143","NULL","NULL"
"c24373f5-3ec2-11ec-98d2-00505681224b","s3://enverus-courthouse-prod-chd-plants/nm/lea/c243/c24373f5-3ec2-11ec-98d2-00505681224b.pdf","d9bsspfr2ffg00dv1org","1","OCR failed. Command: tesseract /tmp/diml/pngs/d9bsspfr2ffg00dv1org/d9bsspfr2ffg00dv1org.0001.png /tmp/diml/ocr_results/d9bsspfr2ffg00dv1org/d9bsspfr2ffg00dv1org.0001 --oem 1 -l eng --psm 1 . Error: Error in pixCreateHeader: requested w = 36429, h = 60000, d = 8 Error in pixCreateHeader: requested by","NULL","2026-07-17 01:29:03.143","NULL","NULL"
"67e6ba6a-097f-11ed-90c9-00505681224b","s3://enverus-courthouse-prod-chd-plants/nm/lea/67e6/67e6ba6a-097f-11ed-90c9-00505681224b.pdf","d9bt0q4ogvn0009a0h40","1","OCR failed. Command: tesseract /tmp/diml/pngs/d9bt0q4ogvn0009a0h40/d9bt0q4ogvn0009a0h40.0001.png /tmp/diml/ocr_results/d9bt0q4ogvn0009a0h40/d9bt0q4ogvn0009a0h40.0001 --oem 1 -l eng --psm 1 . Error: Error in pixCreateHeader: requested w = 36429, h = 60000, d = 8 Error in pixCreateHeader: requested by","NULL","2026-07-17 01:29:03.143","NULL","NULL"
"b5e20a3d-d733-11ec-b70d-00505681224b","s3://enverus-courthouse-prod-chd-plants/nm/eog_lea/b5e2/b5e20a3d-d733-11ec-b70d-00505681224b.pdf","d9bsrfu89gsg00ff8pt0","1","OCR failed. Command: tesseract /tmp/diml/pngs/d9bsrfu89gsg00ff8pt0/d9bsrfu89gsg00ff8pt0.0003.png /tmp/diml/ocr_results/d9bsrfu89gsg00ff8pt0/d9bsrfu89gsg00ff8pt0.0003 --oem 1 -l eng --psm 1 . Error: Error in pixCreateHeader: requested w = 36429, h = 60000, d = 8 Error in pixCreateHeader: requested by","NULL","2026-07-17 01:29:03.143","NULL","NULL"
"6ca18015-d3ea-11eb-946f-00505681224b","s3://enverus-courthouse-prod-chd-plants/nm/eog_lea/6ca1/6ca18015-d3ea-11eb-946f-00505681224b.pdf","d9bunobdd4a000d6jrqg","1","OCR failed. Command: tesseract /tmp/diml/pngs/d9bunobdd4a000d6jrqg/d9bunobdd4a000d6jrqg.0003.png /tmp/diml/ocr_results/d9bunobdd4a000d6jrqg/d9bunobdd4a000d6jrqg.0003 --oem 1 -l eng --psm 1 . Error: Error in pixCreateHeader: requested w = 36429, h = 60000, d = 8 Error in pixCreateHeader: requested by","NULL","2026-07-17 01:29:03.143","NULL","NULL"
"5a90d2d8-6226-11ec-b80d-00505681224b","s3://enverus-courthouse-prod-chd-plants/nm/eog_lea/5a90/5a90d2d8-6226-11ec-b80d-00505681224b.pdf","d9bu22vr761000dftb70","1","OCR failed. Command: tesseract /tmp/diml/pngs/d9bu22vr761000dftb70/d9bu22vr761000dftb70.0010.png /tmp/diml/ocr_results/d9bu22vr761000dftb70/d9bu22vr761000dftb70.0010 --oem 1 -l eng --psm 1 . Error: Error in pixCreateHeader: requested w = 36429, h = 60000, d = 8 Error in pixCreateHeader: requested by","NULL","2026-07-17 01:29:03.143","NULL","NULL"
"67e6ba61-097f-11ed-98b1-00505681224b","s3://enverus-courthouse-prod-chd-plants/nm/lea/67e6/67e6ba61-097f-11ed-98b1-00505681224b.pdf","d9bui2rdelo000dvftl0","1","OCR failed. Command: tesseract /tmp/diml/pngs/d9bui2rdelo000dvftl0/d9bui2rdelo000dvftl0.0003.png /tmp/diml/ocr_results/d9bui2rdelo000dvftl0/d9bui2rdelo000dvftl0.0003 --oem 1 -l eng --psm 1 . Error: Error in pixCreateHeader: requested w = 36429, h = 60000, d = 8 Error in pixCreateHeader: requested by","NULL","2026-07-17 01:29:03.143","NULL","NULL"
"30d54077-ec4c-11eb-970d-00505681224b","s3://enverus-courthouse-prod-chd-plants/nm/eog_lea/30d5/30d54077-ec4c-11eb-970d-00505681224b.pdf","d9btrvp9ha2000c6ma4g","1","OCR failed. Command: tesseract /tmp/diml/pngs/d9btrvp9ha2000c6ma4g/d9btrvp9ha2000c6ma4g.0004.png /tmp/diml/ocr_results/d9btrvp9ha2000c6ma4g/d9btrvp9ha2000c6ma4g.0004 --oem 1 -l eng --psm 1 . Error: Error in pixCreateHeader: requested w = 36429, h = 60000, d = 8 Error in pixCreateHeader: requested by","NULL","2026-07-17 01:29:03.143","NULL","NULL"
"e187d292-bc7b-11ec-ba48-00505681224b","s3://enverus-courthouse-prod-chd-plants/nm/eog_lea/e187/e187d292-bc7b-11ec-ba48-00505681224b.pdf","d9bu83vr761000dg5fd0","1","OCR failed. Command: tesseract /tmp/diml/pngs/d9bu83vr761000dg5fd0/d9bu83vr761000dg5fd0.0001.png /tmp/diml/ocr_results/d9bu83vr761000dg5fd0/d9bu83vr761000dg5fd0.0001 --oem 1 -l eng --psm 1 . Error: Error in pixCreateHeader: requested w = 36429, h = 60000, d = 8 Error in pixCreateHeader: requested by","NULL","2026-07-17 01:29:03.143","NULL","NULL"
"b5e1bbfa-d733-11ec-830f-00505681224b","s3://enverus-courthouse-prod-chd-plants/nm/eog_lea/b5e1/b5e1bbfa-d733-11ec-830f-00505681224b.pdf","d9bspge89gsg00ff6mf0","1","OCR failed. Command: tesseract /tmp/diml/pngs/d9bspge89gsg00ff6mf0/d9bspge89gsg00ff6mf0.0001.png /tmp/diml/ocr_results/d9bspge89gsg00ff6mf0/d9bspge89gsg00ff6mf0.0001 --oem 1 -l eng --psm 1 . Error: Error in pixCreateHeader: requested w = 36429, h = 60000, d = 8 Error in pixCreateHeader: requested by","NULL","2026-07-17 01:29:03.143","NULL","NULL"
"67e64517-097f-11ed-8efa-00505681224b","s3://enverus-courthouse-prod-chd-plants/nm/lea/67e6/67e64517-097f-11ed-8efa-00505681224b.pdf","d9bsugvak3500085rkb0","1","OCR failed. Command: tesseract /tmp/diml/pngs/d9bsugvak3500085rkb0/d9bsugvak3500085rkb0.0004.png /tmp/diml/ocr_results/d9bsugvak3500085rkb0/d9bsugvak3500085rkb0.0004 --oem 1 -l eng --psm 1 . Error: Error in pixCreateHeader: requested w = 36429, h = 60000, d = 8 Error in pixCreateHeader: requested by","NULL","2026-07-17 01:23:12.757","NULL","NULL"
"c83e83a6-8bcb-11ec-b1a3-00505681224b","s3://enverus-courthouse-prod-chd-plants/nm/lea/c83e/c83e83a6-8bcb-11ec-b1a3-00505681224b.pdf","d9bsnncflnl000diqk50","1","OCR failed. Command: tesseract /tmp/diml/pngs/d9bsnncflnl000diqk50/d9bsnncflnl000diqk50.0001.png /tmp/diml/ocr_results/d9bsnncflnl000diqk50/d9bsnncflnl000diqk50.0001 --oem 1 -l eng --psm 1 . Error: Error in pixCreateHeader: requested w = 36429, h = 60000, d = 8 Error in pixCreateHeader: requested by","NULL","2026-07-17 01:23:12.757","NULL","NULL"
"ca5c4b6e-097e-11ed-b9ed-00505681224b","s3://enverus-courthouse-prod-chd-plants/nm/eog_lea/ca5c/ca5c4b6e-097e-11ed-b9ed-00505681224b.pdf","d9bubjhb0h1g00d1dtkg","1","OCR failed. Command: tesseract /tmp/diml/pngs/d9bubjhb0h1g00d1dtkg/d9bubjhb0h1g00d1dtkg.0022.png /tmp/diml/ocr_results/d9bubjhb0h1g00d1dtkg/d9bubjhb0h1g00d1dtkg.0022 --oem 1 -l eng --psm 1 . Error: Error in pixCreateHeader: requested w = 36429, h = 60000, d = 8 Error in pixCreateHeader: requested by","NULL","2026-07-17 01:23:12.757","NULL","NULL"
"385df55d-3fba-11eb-b431-00505681224b","s3://enverus-courthouse-prod-chd-plants/nm/eog_lea/385d/385df55d-3fba-11eb-b431-00505681224b.pdf","d9bt3ffpfcq000femp00","1","OCR failed. Command: tesseract /tmp/diml/pngs/d9bt3ffpfcq000femp00/d9bt3ffpfcq000femp00.0019.png /tmp/diml/ocr_results/d9bt3ffpfcq000femp00/d9bt3ffpfcq000femp00.0019 --oem 1 -l eng --psm 1 . Error: Error in pixCreateHeader: requested w = 36429, h = 60000, d = 8 Error in pixCreateHeader: requested by","NULL","2026-07-17 01:23:12.757","NULL","NULL"
"f59ecffd-405b-11ec-8a79-00505681224b","s3://enverus-courthouse-prod-chd-plants/nm/eog_lea/f59e/f59ecffd-405b-11ec-8a79-00505681224b.pdf","d9btljcflnl000djrba0","1","OCR failed. Command: tesseract /tmp/diml/pngs/d9btljcflnl000djrba0/d9btljcflnl000djrba0.0001.png /tmp/diml/ocr_results/d9btljcflnl000djrba0/d9btljcflnl000djrba0.0001 --oem 1 -l eng --psm 1 . Error: Error in pixCreateHeader: requested w = 36429, h = 60000, d = 8 Error in pixCreateHeader: requested by","NULL","2026-07-17 01:23:12.757","NULL","NULL"
"a136b4c5-bc7b-11ec-a4a9-00505681224b","s3://enverus-courthouse-prod-chd-plants/nm/lea/a136/a136b4c5-bc7b-11ec-a4a9-00505681224b.pdf","d9bu50dlksng008f4jj0","1","OCR failed. Command: tesseract /tmp/diml/pngs/d9bu50dlksng008f4jj0/d9bu50dlksng008f4jj0.0002.png /tmp/diml/ocr_results/d9bu50dlksng008f4jj0/d9bu50dlksng008f4jj0.0002 --oem 1 -l eng --psm 1 . Error: Error in pixCreateHeader: requested w = 36429, h = 60000, d = 8 Error in pixCreateHeader: requested by","NULL","2026-07-17 01:23:12.757","NULL","NULL"
"f59f1e17-405b-11ec-82eb-00505681224b","s3://enverus-courthouse-prod-chd-plants/nm/eog_lea/f59f/f59f1e17-405b-11ec-82eb-00505681224b.pdf","d9bt9m4ogvn0009aa730","1","OCR failed. Command: tesseract /tmp/diml/pngs/d9bt9m4ogvn0009aa730/d9bt9m4ogvn0009aa730.0002.png /tmp/diml/ocr_results/d9bt9m4ogvn0009aa730/d9bt9m4ogvn0009aa730.0002 --oem 1 -l eng --psm 1 . Error: Error in pixCreateHeader: requested w = 36429, h = 60000, d = 8 Error in pixCreateHeader: requested by","NULL","2026-07-17 01:23:12.757","NULL","NULL"
"f10be265-6225-11ec-ab83-00505681224b","s3://enverus-courthouse-prod-chd-plants/nm/lea/f10b/f10be265-6225-11ec-ab83-00505681224b.pdf","d9bukcs1kr4g008f9ts0","1","OCR failed. Command: tesseract /tmp/diml/pngs/d9bukcs1kr4g008f9ts0/d9bukcs1kr4g008f9ts0.0001.png /tmp/diml/ocr_results/d9bukcs1kr4g008f9ts0/d9bukcs1kr4g008f9ts0.0001 --oem 1 -l eng --psm 1 . Error: Error in pixCreateHeader: requested w = 36429, h = 60000, d = 8 Error in pixCreateHeader: requested by","NULL","2026-07-17 01:23:12.757","NULL","NULL"
"670bd1cd-3f8a-11ec-b2d3-00505681224b","s3://enverus-courthouse-prod-chd-plants/nm/lea/670b/670bd1cd-3f8a-11ec-b2d3-00505681224b.pdf","d9btirhb0h1g00d0bi70","1","OCR failed. Command: tesseract /tmp/diml/pngs/d9btirhb0h1g00d0bi70/d9btirhb0h1g00d0bi70.0001.png /tmp/diml/ocr_results/d9btirhb0h1g00d0bi70/d9btirhb0h1g00d0bi70.0001 --oem 1 -l eng --psm 1 . Error: Error in pixCreateHeader: requested w = 36429, h = 60000, d = 8 Error in pixCreateHeader: requested by","NULL","2026-07-17 01:23:12.757","NULL","NULL"
"74ef2b0d-3fb9-11eb-ba56-00505681224b","s3://enverus-courthouse-prod-chd-plants/nm/eog_lea/74ef/74ef2b0d-3fb9-11eb-ba56-00505681224b.pdf","d9btalbrgi8g00bf1dcg","1","OCR failed. Command: tesseract /tmp/diml/pngs/d9btalbrgi8g00bf1dcg/d9btalbrgi8g00bf1dcg.0019.png /tmp/diml/ocr_results/d9btalbrgi8g00bf1dcg/d9btalbrgi8g00bf1dcg.0019 --oem 1 -l eng --psm 1 . Error: Error in pixCreateHeader: requested w = 36429, h = 60000, d = 8 Error in pixCreateHeader: requested by","NULL","2026-07-17 01:23:12.757","NULL","NULL"
"471933be-d733-11ec-8661-00505681224b","s3://enverus-courthouse-prod-chd-plants/nm/lea/4719/471933be-d733-11ec-8661-00505681224b.pdf","d9bt0ordelo000dtg320","1","OCR failed. Command: tesseract /tmp/diml/pngs/d9bt0ordelo000dtg320/d9bt0ordelo000dtg320.0007.png /tmp/diml/ocr_results/d9bt0ordelo000dtg320/d9bt0ordelo000dtg320.0007 --oem 1 -l eng --psm 1 . Error: Error in pixCreateHeader: requested w = 36429, h = 60000, d = 8 Error in pixCreateHeader: requested by","NULL","2026-07-17 01:23:12.757","NULL","NULL"
"4719a903-d733-11ec-928e-00505681224b","s3://enverus-courthouse-prod-chd-plants/nm/lea/4719/4719a903-d733-11ec-928e-00505681224b.pdf","d9bti0phd6mg00bmdo10","1","OCR failed. Command: tesseract /tmp/diml/pngs/d9bti0phd6mg00bmdo10/d9bti0phd6mg00bmdo10.0001.png /tmp/diml/ocr_results/d9bti0phd6mg00bmdo10/d9bti0phd6mg00bmdo10.0001 --oem 1 -l eng --psm 1 . Error: Error in pixCreateHeader: requested w = 36429, h = 60000, d = 8 Error in pixCreateHeader: requested by","NULL","2026-07-17 01:23:12.757","NULL","NULL"
"4719a905-d733-11ec-84b3-00505681224b","s3://enverus-courthouse-prod-chd-plants/nm/lea/4719/4719a905-d733-11ec-84b3-00505681224b.pdf","d9btp4hhd6mg00bmlqs0","1","OCR failed. Command: tesseract /tmp/diml/pngs/d9btp4hhd6mg00bmlqs0/d9btp4hhd6mg00bmlqs0.0001.png /tmp/diml/ocr_results/d9btp4hhd6mg00bmlqs0/d9btp4hhd6mg00bmlqs0.0001 --oem 1 -l eng --psm 1 . Error: Error in pixCreateHeader: requested w = 36429, h = 60000, d = 8 Error in pixCreateHeader: requested by","NULL","2026-07-17 01:17:19.000","NULL","NULL"
"1b5f4db8-d733-11ec-aae3-00505681224b","s3://enverus-courthouse-prod-chd-plants/nm/lea/1b5f/1b5f4db8-d733-11ec-aae3-00505681224b.pdf","d9bssvjte9l000f73d9g","1","OCR failed. Command: tesseract /tmp/diml/pngs/d9bssvjte9l000f73d9g/d9bssvjte9l000f73d9g.0001.png /tmp/diml/ocr_results/d9bssvjte9l000f73d9g/d9bssvjte9l000f73d9g.0001 --oem 1 -l eng --psm 1 . Error: Error in pixCreateHeader: requested w = 36429, h = 60000, d = 8 Error in pixCreateHeader: requested by","NULL","2026-07-17 01:17:19.000","NULL","NULL"
"1b36a29e-3df8-11ec-969d-00505681224b","s3://enverus-courthouse-prod-chd-plants/nm/lea/1b36/1b36a29e-3df8-11ec-969d-00505681224b.pdf","d9btljpb0h1g00d0f8e0","1","OCR failed. Command: tesseract /tmp/diml/pngs/d9btljpb0h1g00d0f8e0/d9btljpb0h1g00d0f8e0.0001.png /tmp/diml/ocr_results/d9btljpb0h1g00d0f8e0/d9btljpb0h1g00d0f8e0.0001 --oem 1 -l eng --psm 1 . Error: Error in pixCreateHeader: requested w = 36429, h = 60000, d = 8 Error in pixCreateHeader: requested by","NULL","2026-07-17 01:17:19.000","NULL","NULL"
"aec49f71-a5b1-11ec-a02f-00505681224b","s3://enverus-courthouse-prod-chd-plants/nm/lea/aec4/aec49f71-a5b1-11ec-a02f-00505681224b.pdf","d9bu7ji2oub000e2q01g","1","OCR failed. Command: tesseract /tmp/diml/pngs/d9bu7ji2oub000e2q01g/d9bu7ji2oub000e2q01g.0001.png /tmp/diml/ocr_results/d9bu7ji2oub000e2q01g/d9bu7ji2oub000e2q01g.0001 --oem 1 -l eng --psm 1 . Error: Error in pixCreateHeader: requested w = 36429, h = 60000, d = 8 Error in pixCreateHeader: requested by","NULL","2026-07-17 01:17:19.000","NULL","NULL"
"8e8cc844-d3ea-11eb-a96f-00505681224b","s3://enverus-courthouse-prod-chd-plants/nm/lea/8e8c/8e8cc844-d3ea-11eb-a96f-00505681224b.pdf","d9bthhjrgi8g00bf9m20","1","OCR failed. Command: tesseract /tmp/diml/pngs/d9bthhjrgi8g00bf9m20/d9bthhjrgi8g00bf9m20.0001.png /tmp/diml/ocr_results/d9bthhjrgi8g00bf9m20/d9bthhjrgi8g00bf9m20.0001 --oem 1 -l eng --psm 1 . Error: Error in pixCreateHeader: requested w = 36429, h = 60000, d = 8 Error in pixCreateHeader: requested by","NULL","2026-07-17 01:17:19.000","NULL","NULL"
"ca5c71fc-097e-11ed-83d8-00505681224b","s3://enverus-courthouse-prod-chd-plants/nm/eog_lea/ca5c/ca5c71fc-097e-11ed-83d8-00505681224b.pdf","d9buieh9ha2000c7n10g","1","OCR failed. Command: tesseract /tmp/diml/pngs/d9buieh9ha2000c7n10g/d9buieh9ha2000c7n10g.0005.png /tmp/diml/ocr_results/d9buieh9ha2000c7n10g/d9buieh9ha2000c7n10g.0005 --oem 1 -l eng --psm 1 . Error: Error in pixCreateHeader: requested w = 36429, h = 60000, d = 8 Error in pixCreateHeader: requested by","NULL","2026-07-17 01:17:19.000","NULL","NULL"
"f4dcb872-405b-11ec-8902-00505681224b","s3://enverus-courthouse-prod-chd-plants/nm/eog_lea/f4dc/f4dcb872-405b-11ec-8902-00505681224b.pdf","d9bt96r1f5dg00bd6hrg","1","OCR failed. Command: tesseract /tmp/diml/pngs/d9bt96r1f5dg00bd6hrg/d9bt96r1f5dg00bd6hrg.0002.png /tmp/diml/ocr_results/d9bt96r1f5dg00bd6hrg/d9bt96r1f5dg00bd6hrg.0002 --oem 1 -l eng --psm 1 . Error: Error in pixCreateHeader: requested w = 36429, h = 60000, d = 8 Error in pixCreateHeader: requested by","NULL","2026-07-17 01:17:19.000","NULL","NULL"
"06568c6a-d733-11ec-9d92-00505681224b","s3://enverus-courthouse-prod-chd-plants/nm/lea/0656/06568c6a-d733-11ec-9d92-00505681224b.pdf","d9bu0ikflnl000dk9lpg","1","OCR failed. Command: tesseract /tmp/diml/pngs/d9bu0ikflnl000dk9lpg/d9bu0ikflnl000dk9lpg.0001.png /tmp/diml/ocr_results/d9bu0ikflnl000dk9lpg/d9bu0ikflnl000dk9lpg.0001 --oem 1 -l eng --psm 1 . Error: Error in pixCreateHeader: requested w = 36429, h = 60000, d = 8 Error in pixCreateHeader: requested by","NULL","2026-07-17 01:17:19.000","NULL","NULL"
"967fbafe-097f-11ed-bbef-00505681224b","s3://enverus-courthouse-prod-chd-plants/nm/lea/967f/967fbafe-097f-11ed-bbef-00505681224b.pdf","d9buoujrgi8g00bh1tjg","1","OCR failed. Command: tesseract /tmp/diml/pngs/d9buoujrgi8g00bh1tjg/d9buoujrgi8g00bh1tjg.0002.png /tmp/diml/ocr_results/d9buoujrgi8g00bh1tjg/d9buoujrgi8g00bh1tjg.0002 --oem 1 -l eng --psm 1 . Error: Error in pixCreateHeader: requested w = 36429, h = 60000, d = 8 Error in pixCreateHeader: requested by","NULL","2026-07-17 01:17:19.000","NULL","NULL"
"d32d2375-bc7b-11ec-b9f9-00505681224b","s3://enverus-courthouse-prod-chd-plants/nm/eog_lea/d32d/d32d2375-bc7b-11ec-b9f9-00505681224b.pdf","d9bu79g30skg00d89aa0","1","OCR failed. Command: tesseract /tmp/diml/pngs/d9bu79g30skg00d89aa0/d9bu79g30skg00d89aa0.0001.png /tmp/diml/ocr_results/d9bu79g30skg00d89aa0/d9bu79g30skg00d89aa0.0001 --oem 1 -l eng --psm 1 . Error: Error in pixCreateHeader: requested w = 36429, h = 60000, d = 8 Error in pixCreateHeader: requested by","NULL","2026-07-17 01:17:19.000","NULL","NULL"
"30d4cb37-ec4c-11eb-b78b-00505681224b","s3://enverus-courthouse-prod-chd-plants/nm/eog_lea/30d4/30d4cb37-ec4c-11eb-b78b-00505681224b.pdf","d9btqgo59fgg00e27jp0","1","OCR failed. Command: tesseract /tmp/diml/pngs/d9btqgo59fgg00e27jp0/d9btqgo59fgg00e27jp0.0001.png /tmp/diml/ocr_results/d9btqgo59fgg00e27jp0/d9btqgo59fgg00e27jp0.0001 --oem 1 -l eng --psm 1 . Error: Error in pixCreateHeader: requested w = 36429, h = 60000, d = 8 Error in pixCreateHeader: requested by","NULL","2026-07-17 01:17:19.000","NULL","NULL"
"17db2d4e-f80d-11eb-99c3-00505681224b","s3://enverus-courthouse-prod-chd-plants/nm/eog_lea/17db/17db2d4e-f80d-11eb-99c3-00505681224b.pdf","d9btmo1d6jhg0083ddl0","1","OCR failed. Command: tesseract /tmp/diml/pngs/d9btmo1d6jhg0083ddl0/d9btmo1d6jhg0083ddl0.0001.png /tmp/diml/ocr_results/d9btmo1d6jhg0083ddl0/d9btmo1d6jhg0083ddl0.0001 --oem 1 -l eng --psm 1 . Error: Error in pixCreateHeader: requested w = 36429, h = 60000, d = 8 Error in pixCreateHeader: requested by","NULL","2026-07-17 01:17:19.000","NULL","NULL"
"e7e10ef4-097f-11ed-98a8-00505681224b","s3://enverus-courthouse-prod-chd-plants/nm/lea/e7e1/e7e10ef4-097f-11ed-98a8-00505681224b.pdf","d9bt53jdelo000dtkedg","1","OCR failed. Command: tesseract /tmp/diml/pngs/d9bt53jdelo000dtkedg/d9bt53jdelo000dtkedg.0009.png /tmp/diml/ocr_results/d9bt53jdelo000dtkedg/d9bt53jdelo000dtkedg.0009 --oem 1 -l eng --psm 1 . Error: Error in pixCreateHeader: requested w = 36429, h = 60000, d = 8 Error in pixCreateHeader: requested by","NULL","2026-07-17 01:17:19.000","NULL","NULL"
"1b5eb173-d733-11ec-8b3b-00505681224b","s3://enverus-courthouse-prod-chd-plants/nm/lea/1b5e/1b5eb173-d733-11ec-8b3b-00505681224b.pdf","d9buhqh5jqeg00e88q3g","1","OCR failed. Command: tesseract /tmp/diml/pngs/d9buhqh5jqeg00e88q3g/d9buhqh5jqeg00e88q3g.0010.png /tmp/diml/ocr_results/d9buhqh5jqeg00e88q3g/d9buhqh5jqeg00e88q3g.0010 --oem 1 -l eng --psm 1 . Error: Error in pixCreateHeader: requested w = 36429, h = 60000, d = 8 Error in pixCreateHeader: requested by","NULL","2026-07-17 01:17:19.000","NULL","NULL"
"8c641ff8-bc7b-11ec-ae74-00505681224b","s3://enverus-courthouse-prod-chd-plants/nm/lea/8c64/8c641ff8-bc7b-11ec-ae74-00505681224b.pdf","d9buoa8isvug00furqa0","1","OCR failed. Command: tesseract /tmp/diml/pngs/d9buoa8isvug00furqa0/d9buoa8isvug00furqa0.0002.png /tmp/diml/ocr_results/d9buoa8isvug00furqa0/d9buoa8isvug00furqa0.0002 --oem 1 -l eng --psm 1 . Error: Error in pixCreateHeader: requested w = 36429, h = 60000, d = 8 Error in pixCreateHeader: requested by","NULL","2026-07-17 01:11:42.837","NULL","NULL"
"4718e58b-d733-11ec-8a2f-00505681224b","s3://enverus-courthouse-prod-chd-plants/nm/lea/4718/4718e58b-d733-11ec-8a2f-00505681224b.pdf","d9bthjvr2ffg00dvp5jg","1","OCR failed. Command: tesseract /tmp/diml/pngs/d9bthjvr2ffg00dvp5jg/d9bthjvr2ffg00dvp5jg.0002.png /tmp/diml/ocr_results/d9bthjvr2ffg00dvp5jg/d9bthjvr2ffg00dvp5jg.0002 --oem 1 -l eng --psm 1 . Error: Error in pixCreateHeader: requested w = 36429, h = 60000, d = 8 Error in pixCreateHeader: requested by","NULL","2026-07-17 01:11:42.837","NULL","NULL"
"a1368da8-bc7b-11ec-98bd-00505681224b","s3://enverus-courthouse-prod-chd-plants/nm/lea/a136/a1368da8-bc7b-11ec-98bd-00505681224b.pdf","d9bsnt31f5dg00bclc00","1","OCR failed. Command: tesseract /tmp/diml/pngs/d9bsnt31f5dg00bclc00/d9bsnt31f5dg00bclc00.0001.png /tmp/diml/ocr_results/d9bsnt31f5dg00bclc00/d9bsnt31f5dg00bclc00.0001 --oem 1 -l eng --psm 1 . Error: Error in pixCreateHeader: requested w = 36429, h = 60000, d = 8 Error in pixCreateHeader: requested by","NULL","2026-07-17 01:11:42.837","NULL","NULL"
"ca5c71fe-097e-11ed-9af4-00505681224b","s3://enverus-courthouse-prod-chd-plants/nm/eog_lea/ca5c/ca5c71fe-097e-11ed-9af4-00505681224b.pdf","d9bulmpkf4s000f85810","1","OCR failed. Command: tesseract /tmp/diml/pngs/d9bulmpkf4s000f85810/d9bulmpkf4s000f85810.0005.png /tmp/diml/ocr_results/d9bulmpkf4s000f85810/d9bulmpkf4s000f85810.0005 --oem 1 -l eng --psm 1 . Error: Error in pixCreateHeader: requested w = 36429, h = 60000, d = 8 Error in pixCreateHeader: requested by","NULL","2026-07-17 01:11:42.837","NULL","NULL"
"67e5f6f8-097f-11ed-83af-00505681224b","s3://enverus-courthouse-prod-chd-plants/nm/lea/67e5/67e5f6f8-097f-11ed-83af-00505681224b.pdf","d9bu5dgisvug00fu04f0","1","OCR failed. Command: tesseract /tmp/diml/pngs/d9bu5dgisvug00fu04f0/d9bu5dgisvug00fu04f0.0001.png /tmp/diml/ocr_results/d9bu5dgisvug00fu04f0/d9bu5dgisvug00fu04f0.0001 --oem 1 -l eng --psm 1 . Error: Error in pixCreateHeader: requested w = 36429, h = 60000, d = 8 Error in pixCreateHeader: requested by","NULL","2026-07-17 01:11:42.837","NULL","NULL"
"c2443757-3ec2-11ec-9e88-00505681224b","s3://enverus-courthouse-prod-chd-plants/nm/lea/c244/c2443757-3ec2-11ec-9e88-00505681224b.pdf","d9btk9b1f5dg00bdjrdg","1","OCR failed. Command: tesseract /tmp/diml/pngs/d9btk9b1f5dg00bdjrdg/d9btk9b1f5dg00bdjrdg.0001.png /tmp/diml/ocr_results/d9btk9b1f5dg00bdjrdg/d9btk9b1f5dg00bdjrdg.0001 --oem 1 -l eng --psm 1 . Error: Error in pixCreateHeader: requested w = 36429, h = 60000, d = 8 Error in pixCreateHeader: requested by","NULL","2026-07-17 01:11:42.837","NULL","NULL"
"967fbafb-097f-11ed-b334-00505681224b","s3://enverus-courthouse-prod-chd-plants/nm/lea/967f/967fbafb-097f-11ed-b334-00505681224b.pdf","d9buk33s7m5g0089t59g","1","OCR failed. Command: tesseract /tmp/diml/pngs/d9buk33s7m5g0089t59g/d9buk33s7m5g0089t59g.0001.png /tmp/diml/ocr_results/d9buk33s7m5g0089t59g/d9buk33s7m5g0089t59g.0001 --oem 1 -l eng --psm 1 . Error: Error in pixCreateHeader: requested w = 36429, h = 60000, d = 8 Error in pixCreateHeader: requested by","NULL","2026-07-17 01:11:42.837","NULL","NULL"
"ca5baeb3-097e-11ed-8310-00505681224b","s3://enverus-courthouse-prod-chd-plants/nm/eog_lea/ca5b/ca5baeb3-097e-11ed-8310-00505681224b.pdf","d9buaqrdelo000dv5kt0","1","OCR failed. Command: tesseract /tmp/diml/pngs/d9buaqrdelo000dv5kt0/d9buaqrdelo000dv5kt0.0007.png /tmp/diml/ocr_results/d9buaqrdelo000dv5kt0/d9buaqrdelo000dv5kt0.0007 --oem 1 -l eng --psm 1 . Error: Error in pixCreateHeader: requested w = 36429, h = 60000, d = 8 Error in pixCreateHeader: requested by","NULL","2026-07-17 01:11:42.837","NULL","NULL"
"bc0961bd-42b7-11ec-90fe-00505681224b","s3://enverus-courthouse-prod-chd-plants/nm/eog_lea/bc09/bc0961bd-42b7-11ec-90fe-00505681224b.pdf","d9bube7ak3500087kdo0","1","OCR failed. Command: tesseract /tmp/diml/pngs/d9bube7ak3500087kdo0/d9bube7ak3500087kdo0.0001.png /tmp/diml/ocr_results/d9bube7ak3500087kdo0/d9bube7ak3500087kdo0.0001 --oem 1 -l eng --psm 1 . Error: Error in pixCreateHeader: requested w = 36429, h = 60000, d = 8 Error in pixCreateHeader: requested by","NULL","2026-07-17 01:11:42.837","NULL","NULL"
"aec4786f-a5b1-11ec-824f-00505681224b","s3://enverus-courthouse-prod-chd-plants/nm/lea/aec4/aec4786f-a5b1-11ec-824f-00505681224b.pdf","d9bt6o7pfcq000feqoo0","1","OCR failed. Command: tesseract /tmp/diml/pngs/d9bt6o7pfcq000feqoo0/d9bt6o7pfcq000feqoo0.0001.png /tmp/diml/ocr_results/d9bt6o7pfcq000feqoo0/d9bt6o7pfcq000feqoo0.0001 --oem 1 -l eng --psm 1 . Error: Error in pixCreateHeader: requested w = 36429, h = 60000, d = 8 Error in pixCreateHeader: requested by","NULL","2026-07-17 01:11:42.837","NULL","NULL"
"DC7BF925-1757-4545-A44D-3B3099E29344","s3://enverus-courthouse-prod-chd-plants/tx/training_pecos/DC7B/DC7BF925-1757-4545-A44D-3B3099E29344.pdf","d9bu32k1kr4g008egej0","1","No pdf could be downloaded, error=PDF file tx/training_pecos/DC7B/DC7BF925-1757-4545-A44D-3B3099E29344.pdf is too large to be processed, size=1.0169574990868568 GB","NULL","2026-07-17 01:11:42.837","NULL","NULL"
"47195acb-d733-11ec-9168-00505681224b","s3://enverus-courthouse-prod-chd-plants/nm/lea/4719/47195acb-d733-11ec-9168-00505681224b.pdf","d9btqdpkf4s000f6t1sg","1","OCR failed. Command: tesseract /tmp/diml/pngs/d9btqdpkf4s000f6t1sg/d9btqdpkf4s000f6t1sg.0002.png /tmp/diml/ocr_results/d9btqdpkf4s000f6t1sg/d9btqdpkf4s000f6t1sg.0002 --oem 1 -l eng --psm 1 . Error: Error in pixCreateHeader: requested w = 36429, h = 60000, d = 8 Error in pixCreateHeader: requested by","NULL","2026-07-17 01:11:42.837","NULL","NULL"
"785dac85-c5bd-11eb-9c8c-00505681224b","s3://enverus-courthouse-prod-chd-plants/nm/eog_lea/785d/785dac85-c5bd-11eb-9c8c-00505681224b.pdf","d9btvhchn77000falqcg","1","OCR failed. Command: tesseract /tmp/diml/pngs/d9btvhchn77000falqcg/d9btvhchn77000falqcg.0001.png /tmp/diml/ocr_results/d9btvhchn77000falqcg/d9btvhchn77000falqcg.0001 --oem 1 -l eng --psm 1 . Error: Error in pixCreateHeader: requested w = 36429, h = 60000, d = 8 Error in pixCreateHeader: requested by","NULL","2026-07-17 01:11:42.837","NULL","NULL"
"67e64513-097f-11ed-a07d-00505681224b","s3://enverus-courthouse-prod-chd-plants/nm/lea/67e6/67e64513-097f-11ed-a07d-00505681224b.pdf","d9btp7k1kr4g008e2ijg","1","OCR failed. Command: tesseract /tmp/diml/pngs/d9btp7k1kr4g008e2ijg/d9btp7k1kr4g008e2ijg.0003.png /tmp/diml/ocr_results/d9btp7k1kr4g008e2ijg/d9btp7k1kr4g008e2ijg.0003 --oem 1 -l eng --psm 1 . Error: Error in pixCreateHeader: requested w = 36429, h = 60000, d = 8 Error in pixCreateHeader: requested by","NULL","2026-07-17 01:06:18.417","NULL","NULL"
"be449c21-a5b1-11ec-a39f-00505681224b","s3://enverus-courthouse-prod-chd-plants/nm/lea/be44/be449c21-a5b1-11ec-a39f-00505681224b.pdf","d9bupkcogvn0009cbih0","1","OCR failed. Command: tesseract /tmp/diml/pngs/d9bupkcogvn0009cbih0/d9bupkcogvn0009cbih0.0001.png /tmp/diml/ocr_results/d9bupkcogvn0009cbih0/d9bupkcogvn0009cbih0.0001 --oem 1 -l eng --psm 1 . Error: Error in pixCreateHeader: requested w = 36429, h = 60000, d = 8 Error in pixCreateHeader: requested by","NULL","2026-07-17 01:06:18.417","NULL","NULL"
"670bf8de-3f8a-11ec-90d1-00505681224b","s3://enverus-courthouse-prod-chd-plants/nm/lea/670b/670bf8de-3f8a-11ec-90d1-00505681224b.pdf","d9btiobrgi8g00bfauf0","1","OCR failed. Command: tesseract /tmp/diml/pngs/d9btiobrgi8g00bfauf0/d9btiobrgi8g00bfauf0.0001.png /tmp/diml/ocr_results/d9btiobrgi8g00bfauf0/d9btiobrgi8g00bfauf0.0001 --oem 1 -l eng --psm 1 . Error: Error in pixCreateHeader: requested w = 36429, h = 60000, d = 8 Error in pixCreateHeader: requested by","NULL","2026-07-17 01:06:18.417","NULL","NULL"
"bf3d7a0d-ec58-11eb-b9fe-00505681224b","s3://enverus-courthouse-prod-chd-plants/nm/lea/bf3d/bf3d7a0d-ec58-11eb-b9fe-00505681224b.pdf","d9bu5uphd6mg00bn7ivg","1","OCR failed. Command: tesseract /tmp/diml/pngs/d9bu5uphd6mg00bn7ivg/d9bu5uphd6mg00bn7ivg.0001.png /tmp/diml/ocr_results/d9bu5uphd6mg00bn7ivg/d9bu5uphd6mg00bn7ivg.0001 --oem 1 -l eng --psm 1 . Error: Error in pixCreateHeader: requested w = 36429, h = 60000, d = 8 Error in pixCreateHeader: requested by","NULL","2026-07-17 01:06:18.417","NULL","NULL"
"be43ffd4-a5b1-11ec-a4f9-00505681224b","s3://enverus-courthouse-prod-chd-plants/nm/lea/be43/be43ffd4-a5b1-11ec-a4f9-00505681224b.pdf","d9bsuv4ogvn00099uedg","1","OCR failed. Command: tesseract /tmp/diml/pngs/d9bsuv4ogvn00099uedg/d9bsuv4ogvn00099uedg.0001.png /tmp/diml/ocr_results/d9bsuv4ogvn00099uedg/d9bsuv4ogvn00099uedg.0001 --oem 1 -l eng --psm 1 . Error: Error in pixCreateHeader: requested w = 36429, h = 60000, d = 8 Error in pixCreateHeader: requested by","NULL","2026-07-17 01:06:18.417","NULL","NULL"
"967fbafc-097f-11ed-a49e-00505681224b","s3://enverus-courthouse-prod-chd-plants/nm/lea/967f/967fbafc-097f-11ed-a49e-00505681224b.pdf","d9bt3n22oub000e1c9dg","1","OCR failed. Command: tesseract /tmp/diml/pngs/d9bt3n22oub000e1c9dg/d9bt3n22oub000e1c9dg.0001.png /tmp/diml/ocr_results/d9bt3n22oub000e1c9dg/d9bt3n22oub000e1c9dg.0001 --oem 1 -l eng --psm 1 . Error: Error in pixCreateHeader: requested w = 36429, h = 60000, d = 8 Error in pixCreateHeader: requested by","NULL","2026-07-17 01:06:18.417","NULL","NULL"
"17db5462-f80d-11eb-a8e1-00505681224b","s3://enverus-courthouse-prod-chd-plants/nm/eog_lea/17db/17db5462-f80d-11eb-a8e1-00505681224b.pdf","d9bt0mvak3500085uehg","1","OCR failed. Command: tesseract /tmp/diml/pngs/d9bt0mvak3500085uehg/d9bt0mvak3500085uehg.0002.png /tmp/diml/ocr_results/d9bt0mvak3500085uehg/d9bt0mvak3500085uehg.0002 --oem 1 -l eng --psm 1 . Error: Error in pixCreateHeader: requested w = 36429, h = 60000, d = 8 Error in pixCreateHeader: requested by","NULL","2026-07-17 01:06:18.417","NULL","NULL"
"8c64952e-bc7b-11ec-944e-00505681224b","s3://enverus-courthouse-prod-chd-plants/nm/lea/8c64/8c64952e-bc7b-11ec-944e-00505681224b.pdf","d9bthcsogvn0009aikhg","1","OCR failed. Command: tesseract /tmp/diml/pngs/d9bthcsogvn0009aikhg/d9bthcsogvn0009aikhg.0001.png /tmp/diml/ocr_results/d9bthcsogvn0009aikhg/d9bthcsogvn0009aikhg.0001 --oem 1 -l eng --psm 1 . Error: Error in pixCreateHeader: requested w = 36429, h = 60000, d = 8 Error in pixCreateHeader: requested by","NULL","2026-07-17 01:06:18.417","NULL","NULL"
"e1878489-bc7b-11ec-a8de-00505681224b","s3://enverus-courthouse-prod-chd-plants/nm/eog_lea/e187/e1878489-bc7b-11ec-a8de-00505681224b.pdf","d9bts8sogvn0009b1430","1","OCR failed. Command: tesseract /tmp/diml/pngs/d9bts8sogvn0009b1430/d9bts8sogvn0009b1430.0001.png /tmp/diml/ocr_results/d9bts8sogvn0009b1430/d9bts8sogvn0009b1430.0001 --oem 1 -l eng --psm 1 . Error: Error in pixCreateHeader: requested w = 36429, h = 60000, d = 8 Error in pixCreateHeader: requested by","NULL","2026-07-17 01:06:18.417","NULL","NULL"
"8c644708-bc7b-11ec-9d3b-00505681224b","s3://enverus-courthouse-prod-chd-plants/nm/lea/8c64/8c644708-bc7b-11ec-9d3b-00505681224b.pdf","d9btum36g7ig00fvuh3g","1","OCR failed. Command: tesseract /tmp/diml/pngs/d9btum36g7ig00fvuh3g/d9btum36g7ig00fvuh3g.0001.png /tmp/diml/ocr_results/d9btum36g7ig00fvuh3g/d9btum36g7ig00fvuh3g.0001 --oem 1 -l eng --psm 1 . Error: Error in pixCreateHeader: requested w = 36429, h = 60000, d = 8 Error in pixCreateHeader: requested by","NULL","2026-07-17 01:06:18.417","NULL","NULL"
"f59fba79-405b-11ec-a1d5-00505681224b","s3://enverus-courthouse-prod-chd-plants/nm/eog_lea/f59f/f59fba79-405b-11ec-a1d5-00505681224b.pdf","d9btj3030skg00d7e30g","1","OCR failed. Command: tesseract /tmp/diml/pngs/d9btj3030skg00d7e30g/d9btj3030skg00d7e30g.0001.png /tmp/diml/ocr_results/d9btj3030skg00d7e30g/d9btj3030skg00d7e30g.0001 --oem 1 -l eng --psm 1 . Error: Error in pixCreateHeader: requested w = 36429, h = 60000, d = 8 Error in pixCreateHeader: requested by","NULL","2026-07-17 01:06:18.417","NULL","NULL"
"c24596e3-3ec2-11ec-afe6-00505681224b","s3://enverus-courthouse-prod-chd-plants/nm/lea/c245/c24596e3-3ec2-11ec-afe6-00505681224b.pdf","d9bt3e859fgg00e1buag","1","OCR failed. Command: tesseract /tmp/diml/pngs/d9bt3e859fgg00e1buag/d9bt3e859fgg00e1buag.0001.png /tmp/diml/ocr_results/d9bt3e859fgg00e1buag/d9bt3e859fgg00e1buag.0001 --oem 1 -l eng --psm 1 . Error: Error in pixCreateHeader: requested w = 36429, h = 60000, d = 8 Error in pixCreateHeader: requested by","NULL","2026-07-17 01:06:18.417","NULL","NULL"
"a3f2f953-d733-11ec-a960-00505681224b","s3://enverus-courthouse-prod-chd-plants/nm/eog_lea/a3f2/a3f2f953-d733-11ec-a960-00505681224b.pdf","d9btpmp9ha2000c6jko0","1","OCR failed. Command: tesseract /tmp/diml/pngs/d9btpmp9ha2000c6jko0/d9btpmp9ha2000c6jko0.0001.png /tmp/diml/ocr_results/d9btpmp9ha2000c6jko0/d9btpmp9ha2000c6jko0.0001 --oem 1 -l eng --psm 1 . Error: Error in pixCreateHeader: requested w = 36429, h = 60000, d = 8 Error in pixCreateHeader: requested by","NULL","2026-07-17 01:06:18.417","NULL","NULL"
"576b04cb-d733-11ec-a220-00505681224b","s3://enverus-courthouse-prod-chd-plants/nm/lea/576b/576b04cb-d733-11ec-a220-00505681224b.pdf","d9btarhd6jhg0082v92g","1","OCR failed. Command: tesseract /tmp/diml/pngs/d9btarhd6jhg0082v92g/d9btarhd6jhg0082v92g.0001.png /tmp/diml/ocr_results/d9btarhd6jhg0082v92g/d9btarhd6jhg0082v92g.0001 --oem 1 -l eng --psm 1 . Error: Error in pixCreateHeader: requested w = 36429, h = 60000, d = 8 Error in pixCreateHeader: requested by","NULL","2026-07-17 01:06:18.417","NULL","NULL"
"67e66c4d-097f-11ed-8ac1-00505681224b","s3://enverus-courthouse-prod-chd-plants/nm/lea/67e6/67e66c4d-097f-11ed-8ac1-00505681224b.pdf","d9btvjsogvn0009b5ak0","1","OCR failed. Command: tesseract /tmp/diml/pngs/d9btvjsogvn0009b5ak0/d9btvjsogvn0009b5ak0.0001.png /tmp/diml/ocr_results/d9btvjsogvn0009b5ak0/d9btvjsogvn0009b5ak0.0001 --oem 1 -l eng --psm 1 . Error: Error in pixCreateHeader: requested w = 36429, h = 60000, d = 8 Error in pixCreateHeader: requested by","NULL","2026-07-17 01:06:18.417","NULL","NULL"
"1b5f2680-d733-11ec-8e46-00505681224b","s3://enverus-courthouse-prod-chd-plants/nm/lea/1b5f/1b5f2680-d733-11ec-8e46-00505681224b.pdf","d9btdn1d6jhg00832tng","1","OCR failed. Command: tesseract /tmp/diml/pngs/d9btdn1d6jhg00832tng/d9btdn1d6jhg00832tng.0005.png /tmp/diml/ocr_results/d9btdn1d6jhg00832tng/d9btdn1d6jhg00832tng.0005 --oem 1 -l eng --psm 1 . Error: Error in pixCreateHeader: requested w = 36429, h = 60000, d = 8 Error in pixCreateHeader: requested by","NULL","2026-07-17 01:06:18.417","NULL","NULL"
"670b357c-3f8a-11ec-8122-00505681224b","s3://enverus-courthouse-prod-chd-plants/nm/lea/670b/670b357c-3f8a-11ec-8122-00505681224b.pdf","d9bu2uk1kr4g008eg500","1","OCR failed. Command: tesseract /tmp/diml/pngs/d9bu2uk1kr4g008eg500/d9bu2uk1kr4g008eg500.0001.png /tmp/diml/ocr_results/d9bu2uk1kr4g008eg500/d9bu2uk1kr4g008eg500.0001 --oem 1 -l eng --psm 1 . Error: Error in pixCreateHeader: requested w = 36429, h = 60000, d = 8 Error in pixCreateHeader: requested by","NULL","2026-07-17 01:06:18.417","NULL","NULL"
"e187f9b0-bc7b-11ec-8384-00505681224b","s3://enverus-courthouse-prod-chd-plants/nm/eog_lea/e187/e187f9b0-bc7b-11ec-8384-00505681224b.pdf","d9bt3bo30skg00d6rii0","1","OCR failed. Command: tesseract /tmp/diml/pngs/d9bt3bo30skg00d6rii0/d9bt3bo30skg00d6rii0.0007.png /tmp/diml/ocr_results/d9bt3bo30skg00d6rii0/d9bt3bo30skg00d6rii0.0007 --oem 1 -l eng --psm 1 . Error: Error in pixCreateHeader: requested w = 36429, h = 60000, d = 8 Error in pixCreateHeader: requested by","NULL","2026-07-17 01:06:18.417","NULL","NULL"
"c83e83af-8bcb-11ec-a135-00505681224b","s3://enverus-courthouse-prod-chd-plants/nm/lea/c83e/c83e83af-8bcb-11ec-a135-00505681224b.pdf","d9btb43k4o900088epmg","1","OCR failed. Command: tesseract /tmp/diml/pngs/d9btb43k4o900088epmg/d9btb43k4o900088epmg.0001.png /tmp/diml/ocr_results/d9btb43k4o900088epmg/d9btb43k4o900088epmg.0001 --oem 1 -l eng --psm 1 . Error: Error in pixCreateHeader: requested w = 36429, h = 60000, d = 8 Error in pixCreateHeader: requested by","NULL","2026-07-17 01:00:55.890","NULL","NULL"
"576b79e1-d733-11ec-8808-00505681224b","s3://enverus-courthouse-prod-chd-plants/nm/lea/576b/576b79e1-d733-11ec-8808-00505681224b.pdf","d9bsso31f5dg00bcpaj0","1","OCR failed. Command: tesseract /tmp/diml/pngs/d9bsso31f5dg00bcpaj0/d9bsso31f5dg00bcpaj0.0001.png /tmp/diml/ocr_results/d9bsso31f5dg00bcpaj0/d9bsso31f5dg00bcpaj0.0001 --oem 1 -l eng --psm 1 . Error: Error in pixCreateHeader: requested w = 36429, h = 60000, d = 8 Error in pixCreateHeader: requested by","NULL","2026-07-17 01:00:55.890","NULL","NULL"
"c83ed1c6-8bcb-11ec-a437-00505681224b","s3://enverus-courthouse-prod-chd-plants/nm/lea/c83e/c83ed1c6-8bcb-11ec-a437-00505681224b.pdf","d9btumb6g7ig00fvuhog","1","OCR failed. Command: tesseract /tmp/diml/pngs/d9btumb6g7ig00fvuhog/d9btumb6g7ig00fvuhog.0001.png /tmp/diml/ocr_results/d9btumb6g7ig00fvuhog/d9btumb6g7ig00fvuhog.0001 --oem 1 -l eng --psm 1 . Error: Error in pixCreateHeader: requested w = 36429, h = 60000, d = 8 Error in pixCreateHeader: requested by","NULL","2026-07-17 01:00:55.890","NULL","NULL"
"8c649533-bc7b-11ec-a92c-00505681224b","s3://enverus-courthouse-prod-chd-plants/nm/lea/8c64/8c649533-bc7b-11ec-a92c-00505681224b.pdf","d9bt3ebte9l000f79p7g","1","OCR failed. Command: tesseract /tmp/diml/pngs/d9bt3ebte9l000f79p7g/d9bt3ebte9l000f79p7g.0001.png /tmp/diml/ocr_results/d9bt3ebte9l000f79p7g/d9bt3ebte9l000f79p7g.0001 --oem 1 -l eng --psm 1 . Error: Error in pixCreateHeader: requested w = 36429, h = 60000, d = 8 Error in pixCreateHeader: requested by","NULL","2026-07-17 01:00:55.890","NULL","NULL"
"09e8fb57-e245-8a4a-b62d-cc38a22df336","s3://enverus-courthouse-prod-chd-plants/nm/eddy/09e8/09e8fb57-e245-8a4a-b62d-cc38a22df336.pdf","baglepqvki7g1fvh63b0","1","list index out of range","NULL","2026-07-17 01:00:55.890","NULL","NULL"
"e187f9a0-bc7b-11ec-8b37-00505681224b","s3://enverus-courthouse-prod-chd-plants/nm/eog_lea/e187/e187f9a0-bc7b-11ec-8b37-00505681224b.pdf","d9bu0qkogvn0009b77jg","1","OCR failed. Command: tesseract /tmp/diml/pngs/d9bu0qkogvn0009b77jg/d9bu0qkogvn0009b77jg.0002.png /tmp/diml/ocr_results/d9bu0qkogvn0009b77jg/d9bu0qkogvn0009b77jg.0002 --oem 1 -l eng --psm 1 . Error: Error in pixCreateHeader: requested w = 36429, h = 60000, d = 8 Error in pixCreateHeader: requested by","NULL","2026-07-17 01:00:55.890","NULL","NULL"
"74edf28d-3fb9-11eb-9526-00505681224b","s3://enverus-courthouse-prod-chd-plants/nm/eog_lea/74ed/74edf28d-3fb9-11eb-9526-00505681224b.pdf","d9btk8r1f5dg00bdjq6g","1","OCR failed. Command: tesseract /tmp/diml/pngs/d9btk8r1f5dg00bdjq6g/d9btk8r1f5dg00bdjq6g.0006.png /tmp/diml/ocr_results/d9btk8r1f5dg00bdjq6g/d9btk8r1f5dg00bdjq6g.0006 --oem 1 -l eng --psm 1 . Error: Error in pixCreateHeader: requested w = 36429, h = 60000, d = 8 Error in pixCreateHeader: requested by","NULL","2026-07-17 01:00:55.890","NULL","NULL"
"0655c90a-d733-11ec-955b-00505681224b","s3://enverus-courthouse-prod-chd-plants/nm/lea/0655/0655c90a-d733-11ec-955b-00505681224b.pdf","d9buhca2oub000e38dm0","1","OCR failed. Command: tesseract /tmp/diml/pngs/d9buhca2oub000e38dm0/d9buhca2oub000e38dm0.0001.png /tmp/diml/ocr_results/d9buhca2oub000e38dm0/d9buhca2oub000e38dm0.0001 --oem 1 -l eng --psm 1 . Error: Error in pixCreateHeader: requested w = 36429, h = 60000, d = 8 Error in pixCreateHeader: requested by","NULL","2026-07-17 01:00:55.890","NULL","NULL"
"e187d288-bc7b-11ec-ad76-00505681224b","s3://enverus-courthouse-prod-chd-plants/nm/eog_lea/e187/e187d288-bc7b-11ec-ad76-00505681224b.pdf","d9btgchkf4s000f6gn8g","1","OCR failed. Command: tesseract /tmp/diml/pngs/d9btgchkf4s000f6gn8g/d9btgchkf4s000f6gn8g.0001.png /tmp/diml/ocr_results/d9btgchkf4s000f6gn8g/d9btgchkf4s000f6gn8g.0001 --oem 1 -l eng --psm 1 . Error: Error in pixCreateHeader: requested w = 36429, h = 60000, d = 8 Error in pixCreateHeader: requested by","NULL","2026-07-17 01:00:55.890","NULL","NULL"
"06561751-d733-11ec-9887-00505681224b","s3://enverus-courthouse-prod-chd-plants/nm/lea/0656/06561751-d733-11ec-9887-00505681224b.pdf","d9bumjjk4o90008aaahg","1","OCR failed. Command: tesseract /tmp/diml/pngs/d9bumjjk4o90008aaahg/d9bumjjk4o90008aaahg.0001.png /tmp/diml/ocr_results/d9bumjjk4o90008aaahg/d9bumjjk4o90008aaahg.0001 --oem 1 -l eng --psm 1 . Error: Error in pixCreateHeader: requested w = 36429, h = 60000, d = 8 Error in pixCreateHeader: requested by","NULL","2026-07-17 01:00:55.890","NULL","NULL"
"aec47852-a5b1-11ec-a33b-00505681224b","s3://enverus-courthouse-prod-chd-plants/nm/lea/aec4/aec47852-a5b1-11ec-a33b-00505681224b.pdf","d9bt6jkflnl000dj9m8g","1","OCR failed. Command: tesseract /tmp/diml/pngs/d9bt6jkflnl000dj9m8g/d9bt6jkflnl000dj9m8g.0001.png /tmp/diml/ocr_results/d9bt6jkflnl000dj9m8g/d9bt6jkflnl000dj9m8g.0001 --oem 1 -l eng --psm 1 . Error: Error in pixCreateHeader: requested w = 36429, h = 60000, d = 8 Error in pixCreateHeader: requested by","NULL","2026-07-17 01:00:55.890","NULL","NULL"
"67b8af27-3f8a-11ec-848a-00505681224b","s3://enverus-courthouse-prod-chd-plants/nm/eog_lea/67b8/67b8af27-3f8a-11ec-848a-00505681224b.pdf","d9bspjhb0h1g00cvg61g","1","OCR failed. Command: tesseract /tmp/diml/pngs/d9bspjhb0h1g00cvg61g/d9bspjhb0h1g00cvg61g.0003.png /tmp/diml/ocr_results/d9bspjhb0h1g00cvg61g/d9bspjhb0h1g00cvg61g.0003 --oem 1 -l eng --psm 1 . Error: Error in pixCreateHeader: requested w = 36429, h = 60000, d = 8 Error in pixCreateHeader: requested by","NULL","2026-07-17 01:00:55.890","NULL","NULL"
"967fe205-097f-11ed-b5e2-00505681224b","s3://enverus-courthouse-prod-chd-plants/nm/lea/967f/967fe205-097f-11ed-b5e2-00505681224b.pdf","d9buli8isvug00fuo1bg","1","OCR failed. Command: tesseract /tmp/diml/pngs/d9buli8isvug00fuo1bg/d9buli8isvug00fuo1bg.0001.png /tmp/diml/ocr_results/d9buli8isvug00fuo1bg/d9buli8isvug00fuo1bg.0001 --oem 1 -l eng --psm 1 . Error: Error in pixCreateHeader: requested w = 36429, h = 60000, d = 8 Error in pixCreateHeader: requested by","NULL","2026-07-17 01:00:55.890","NULL","NULL"
"f10c096a-6225-11ec-8f69-00505681224b","s3://enverus-courthouse-prod-chd-plants/nm/lea/f10c/f10c096a-6225-11ec-8f69-00505681224b.pdf","d9bt59uicpjg00dbbmgg","1","OCR failed. Command: tesseract /tmp/diml/pngs/d9bt59uicpjg00dbbmgg/d9bt59uicpjg00dbbmgg.0001.png /tmp/diml/ocr_results/d9bt59uicpjg00dbbmgg/d9bt59uicpjg00dbbmgg.0001 --oem 1 -l eng --psm 1 . Error: Error in pixCreateHeader: requested w = 36429, h = 60000, d = 8 Error in pixCreateHeader: requested by","NULL","2026-07-17 01:00:55.890","NULL","NULL"
"1b385037-3df8-11ec-b6ab-00505681224b","s3://enverus-courthouse-prod-chd-plants/nm/lea/1b38/1b385037-3df8-11ec-b6ab-00505681224b.pdf","d9bu87vpfcq000fg5m1g","1","OCR failed. Command: tesseract /tmp/diml/pngs/d9bu87vpfcq000fg5m1g/d9bu87vpfcq000fg5m1g.0001.png /tmp/diml/ocr_results/d9bu87vpfcq000fg5m1g/d9bu87vpfcq000fg5m1g.0001 --oem 1 -l eng --psm 1 . Error: Error in pixCreateHeader: requested w = 36429, h = 60000, d = 8 Error in pixCreateHeader: requested by","NULL","2026-07-17 01:00:55.890","NULL","NULL"
"c24632fa-3ec2-11ec-8e67-00505681224b","s3://enverus-courthouse-prod-chd-plants/nm/lea/c246/c24632fa-3ec2-11ec-8e67-00505681224b.pdf","d9buj8h5jqeg00e8b550","1","OCR failed. Command: tesseract /tmp/diml/pngs/d9buj8h5jqeg00e8b550/d9buj8h5jqeg00e8b550.0001.png /tmp/diml/ocr_results/d9buj8h5jqeg00e8b550/d9buj8h5jqeg00e8b550.0001 --oem 1 -l eng --psm 1 . Error: Error in pixCreateHeader: requested w = 36429, h = 60000, d = 8 Error in pixCreateHeader: requested by","NULL","2026-07-17 01:00:55.890","NULL","NULL"
"d32cfc88-bc7b-11ec-9cd4-00505681224b","s3://enverus-courthouse-prod-chd-plants/nm/eog_lea/d32c/d32cfc88-bc7b-11ec-9cd4-00505681224b.pdf","d9buifjk4o90008a42q0","1","OCR failed. Command: tesseract /tmp/diml/pngs/d9buifjk4o90008a42q0/d9buifjk4o90008a42q0.0004.png /tmp/diml/ocr_results/d9buifjk4o90008a42q0/d9buifjk4o90008a42q0.0004 --oem 1 -l eng --psm 1 . Error: Error in pixCreateHeader: requested w = 36429, h = 60000, d = 8 Error in pixCreateHeader: requested by","NULL","2026-07-17 01:00:55.890","NULL","NULL"
"f59ef71c-405b-11ec-b1f2-00505681224b","s3://enverus-courthouse-prod-chd-plants/nm/eog_lea/f59e/f59ef71c-405b-11ec-b1f2-00505681224b.pdf","d9btuf030skg00d7sgdg","1","OCR failed. Command: tesseract /tmp/diml/pngs/d9btuf030skg00d7sgdg/d9btuf030skg00d7sgdg.0001.png /tmp/diml/ocr_results/d9btuf030skg00d7sgdg/d9btuf030skg00d7sgdg.0001 --oem 1 -l eng --psm 1 . Error: Error in pixCreateHeader: requested w = 36429, h = 60000, d = 8 Error in pixCreateHeader: requested by","NULL","2026-07-17 01:00:55.890","NULL","NULL"
"4cd95080-8bcc-11ec-9e94-00505681224b","s3://enverus-courthouse-prod-chd-plants/nm/eog_lea/4cd9/4cd95080-8bcc-11ec-9e94-00505681224b.pdf","d9btqh4flnl000dk1fe0","1","OCR failed. Command: tesseract /tmp/diml/pngs/d9btqh4flnl000dk1fe0/d9btqh4flnl000dk1fe0.0008.png /tmp/diml/ocr_results/d9btqh4flnl000dk1fe0/d9btqh4flnl000dk1fe0.0008 --oem 1 -l eng --psm 1 . Error: Error in pixCreateHeader: requested w = 36429, h = 60000, d = 8 Error in pixCreateHeader: requested by","NULL","2026-07-17 01:00:55.890","NULL","NULL"
"67e61e29-097f-11ed-a137-00505681224b","s3://enverus-courthouse-prod-chd-plants/nm/lea/67e6/67e61e29-097f-11ed-a137-00505681224b.pdf","d9btaj859fgg00e1jspg","1","OCR failed. Command: tesseract /tmp/diml/pngs/d9btaj859fgg00e1jspg/d9btaj859fgg00e1jspg.0001.png /tmp/diml/ocr_results/d9btaj859fgg00e1jspg/d9btaj859fgg00e1jspg.0001 --oem 1 -l eng --psm 1 . Error: Error in pixCreateHeader: requested w = 36429, h = 60000, d = 8 Error in pixCreateHeader: requested by","NULL","2026-07-17 01:00:55.890","NULL","NULL"
"1b373ec5-3df8-11ec-900e-00505681224b","s3://enverus-courthouse-prod-chd-plants/nm/lea/1b37/1b373ec5-3df8-11ec-900e-00505681224b.pdf","d9btdk7ak3500086cmj0","1","OCR failed. Command: tesseract /tmp/diml/pngs/d9btdk7ak3500086cmj0/d9btdk7ak3500086cmj0.0001.png /tmp/diml/ocr_results/d9btdk7ak3500086cmj0/d9btdk7ak3500086cmj0.0001 --oem 1 -l eng --psm 1 . Error: Error in pixCreateHeader: requested w = 36429, h = 60000, d = 8 Error in pixCreateHeader: requested by","NULL","2026-07-17 01:00:55.890","NULL","NULL"
"670b839a-3f8a-11ec-834a-00505681224b","s3://enverus-courthouse-prod-chd-plants/nm/lea/670b/670b839a-3f8a-11ec-834a-00505681224b.pdf","d9buch36g7ig0080it3g","1","OCR failed. Command: tesseract /tmp/diml/pngs/d9buch36g7ig0080it3g/d9buch36g7ig0080it3g.0001.png /tmp/diml/ocr_results/d9buch36g7ig0080it3g/d9buch36g7ig0080it3g.0001 --oem 1 -l eng --psm 1 . Error: Error in pixCreateHeader: requested w = 36429, h = 60000, d = 8 Error in pixCreateHeader: requested by","NULL","2026-07-17 00:55:05.653","NULL","NULL"
"8c642016-bc7b-11ec-9c2a-00505681224b","s3://enverus-courthouse-prod-chd-plants/nm/lea/8c64/8c642016-bc7b-11ec-9c2a-00505681224b.pdf","d9bubnfak3500087l3mg","1","OCR failed. Command: tesseract /tmp/diml/pngs/d9bubnfak3500087l3mg/d9bubnfak3500087l3mg.0001.png /tmp/diml/ocr_results/d9bubnfak3500087l3mg/d9bubnfak3500087l3mg.0001 --oem 1 -l eng --psm 1 . Error: Error in pixCreateHeader: requested w = 36429, h = 60000, d = 8 Error in pixCreateHeader: requested by","NULL","2026-07-17 00:55:05.653","NULL","NULL"
"b5e1bbfd-d733-11ec-b0cf-00505681224b","s3://enverus-courthouse-prod-chd-plants/nm/eog_lea/b5e1/b5e1bbfd-d733-11ec-b0cf-00505681224b.pdf","d9btrqb1f5dg00bdtacg","1","OCR failed. Command: tesseract /tmp/diml/pngs/d9btrqb1f5dg00bdtacg/d9btrqb1f5dg00bdtacg.0001.png /tmp/diml/ocr_results/d9btrqb1f5dg00bdtacg/d9btrqb1f5dg00bdtacg.0001 --oem 1 -l eng --psm 1 . Error: Error in pixCreateHeader: requested w = 36429, h = 60000, d = 8 Error in pixCreateHeader: requested by","NULL","2026-07-17 00:55:05.653","NULL","NULL"
"b5e1bbf4-d733-11ec-958d-00505681224b","s3://enverus-courthouse-prod-chd-plants/nm/eog_lea/b5e1/b5e1bbf4-d733-11ec-958d-00505681224b.pdf","d9bts9nr761000dflcf0","1","OCR failed. Command: tesseract /tmp/diml/pngs/d9bts9nr761000dflcf0/d9bts9nr761000dflcf0.0001.png /tmp/diml/ocr_results/d9bts9nr761000dflcf0/d9bts9nr761000dflcf0.0001 --oem 1 -l eng --psm 1 . Error: Error in pixCreateHeader: requested w = 36429, h = 60000, d = 8 Error in pixCreateHeader: requested by","NULL","2026-07-17 00:55:05.653","NULL","NULL"
"0905be26-6d1d-8345-8fec-9c0ab8133b36","s3://enverus-courthouse-prod-chd-plants/nm/eddy/0905/0905be26-6d1d-8345-8fec-9c0ab8133b36.pdf","baglg62vki7g1fvh6ig0","1","list index out of range","NULL","2026-07-17 00:55:05.653","NULL","NULL"
"b5e1bc06-d733-11ec-8812-00505681224b","s3://enverus-courthouse-prod-chd-plants/nm/eog_lea/b5e1/b5e1bc06-d733-11ec-8812-00505681224b.pdf","d9bt26rdelo000dthg90","1","OCR failed. Command: tesseract /tmp/diml/pngs/d9bt26rdelo000dthg90/d9bt26rdelo000dthg90.0006.png /tmp/diml/ocr_results/d9bt26rdelo000dthg90/d9bt26rdelo000dthg90.0006 --oem 1 -l eng --psm 1 . Error: Error in pixCreateHeader: requested w = 36429, h = 60000, d = 8 Error in pixCreateHeader: requested by","NULL","2026-07-17 00:55:05.653","NULL","NULL"
"e7e10f04-097f-11ed-a446-00505681224b","s3://enverus-courthouse-prod-chd-plants/nm/lea/e7e1/e7e10f04-097f-11ed-a446-00505681224b.pdf","d9bufv6icpjg00dd3b8g","1","OCR failed. Command: tesseract /tmp/diml/pngs/d9bufv6icpjg00dd3b8g/d9bufv6icpjg00dd3b8g.0001.png /tmp/diml/ocr_results/d9bufv6icpjg00dd3b8g/d9bufv6icpjg00dd3b8g.0001 --oem 1 -l eng --psm 1 . Error: Error in pixCreateHeader: requested w = 36429, h = 60000, d = 8 Error in pixCreateHeader: requested by","NULL","2026-07-17 00:55:05.653","NULL","NULL"
"ca4239d7-0a40-4dc1-ba80-ea8ff4cca39a","s3://enverus-courthouse-prod-chd-plants/nm/eddy/ca42/ca4239d7-0a40-4dc1-ba80-ea8ff4cca39a.pdf","bdots6pmk4436715iglg","1","list index out of range","NULL","2026-07-17 00:55:05.653","NULL","NULL"
"67e66c2e-097f-11ed-bc5b-00505681224b","s3://enverus-courthouse-prod-chd-plants/nm/lea/67e6/67e66c2e-097f-11ed-bc5b-00505681224b.pdf","d9btf1llksng008e8cgg","1","OCR failed. Command: tesseract /tmp/diml/pngs/d9btf1llksng008e8cgg/d9btf1llksng008e8cgg.0001.png /tmp/diml/ocr_results/d9btf1llksng008e8cgg/d9btf1llksng008e8cgg.0001 --oem 1 -l eng --psm 1 . Error: Error in pixCreateHeader: requested w = 36429, h = 60000, d = 8 Error in pixCreateHeader: requested by","NULL","2026-07-17 00:55:05.653","NULL","NULL"
"b05c78b6-8bcb-11ec-a002-00505681224b","s3://enverus-courthouse-prod-chd-plants/nm/lea/b05c/b05c78b6-8bcb-11ec-a002-00505681224b.pdf","d9bumb36g7ig00811fcg","1","OCR failed. Command: tesseract /tmp/diml/pngs/d9bumb36g7ig00811fcg/d9bumb36g7ig00811fcg.0001.png /tmp/diml/ocr_results/d9bumb36g7ig00811fcg/d9bumb36g7ig00811fcg.0001 --oem 1 -l eng --psm 1 . Error: Error in pixCreateHeader: requested w = 36429, h = 60000, d = 8 Error in pixCreateHeader: requested by","NULL","2026-07-17 00:55:05.653","NULL","NULL"
"aec4c678-a5b1-11ec-9b95-00505681224b","s3://enverus-courthouse-prod-chd-plants/nm/lea/aec4/aec4c678-a5b1-11ec-9b95-00505681224b.pdf","d9buf4fak3500087ps00","1","OCR failed. Command: tesseract /tmp/diml/pngs/d9buf4fak3500087ps00/d9buf4fak3500087ps00.0001.png /tmp/diml/ocr_results/d9buf4fak3500087ps00/d9buf4fak3500087ps00.0001 --oem 1 -l eng --psm 1 . Error: Error in pixCreateHeader: requested w = 36429, h = 60000, d = 8 Error in pixCreateHeader: requested by","NULL","2026-07-17 00:55:05.653","NULL","NULL"
"be43ffdc-a5b1-11ec-972d-00505681224b","s3://enverus-courthouse-prod-chd-plants/nm/lea/be43/be43ffdc-a5b1-11ec-972d-00505681224b.pdf","d9bthl0isvug00ft5e50","1","OCR failed. Command: tesseract /tmp/diml/pngs/d9bthl0isvug00ft5e50/d9bthl0isvug00ft5e50.0001.png /tmp/diml/ocr_results/d9bthl0isvug00ft5e50/d9bthl0isvug00ft5e50.0001 --oem 1 -l eng --psm 1 . Error: Error in pixCreateHeader: requested w = 36429, h = 60000, d = 8 Error in pixCreateHeader: requested by","NULL","2026-07-17 00:49:28.377","NULL","NULL"
"f10c307e-6225-11ec-9f76-00505681224b","s3://enverus-courthouse-prod-chd-plants/nm/lea/f10c/f10c307e-6225-11ec-9f76-00505681224b.pdf","d9bunenr2ffg00e1elpg","1","OCR failed. Command: tesseract /tmp/diml/pngs/d9bunenr2ffg00e1elpg/d9bunenr2ffg00e1elpg.0001.png /tmp/diml/ocr_results/d9bunenr2ffg00e1elpg/d9bunenr2ffg00e1elpg.0001 --oem 1 -l eng --psm 1 . Error: Error in pixCreateHeader: requested w = 36429, h = 60000, d = 8 Error in pixCreateHeader: requested by","NULL","2026-07-17 00:49:28.377","NULL","NULL"
"1b5dc707-d733-11ec-a7ac-00505681224b","s3://enverus-courthouse-prod-chd-plants/nm/lea/1b5d/1b5dc707-d733-11ec-a7ac-00505681224b.pdf","d9btjak1kr4g008drkpg","1","OCR failed. Command: tesseract /tmp/diml/pngs/d9btjak1kr4g008drkpg/d9btjak1kr4g008drkpg.0001.png /tmp/diml/ocr_results/d9btjak1kr4g008drkpg/d9btjak1kr4g008drkpg.0001 --oem 1 -l eng --psm 1 . Error: Error in pixCreateHeader: requested w = 36429, h = 60000, d = 8 Error in pixCreateHeader: requested by","NULL","2026-07-17 00:49:28.377","NULL","NULL"
"c2443756-3ec2-11ec-a1f6-00505681224b","s3://enverus-courthouse-prod-chd-plants/nm/lea/c244/c2443756-3ec2-11ec-a1f6-00505681224b.pdf","d9buckbdelo000dv88h0","1","OCR failed. Command: tesseract /tmp/diml/pngs/d9buckbdelo000dv88h0/d9buckbdelo000dv88h0.0001.png /tmp/diml/ocr_results/d9buckbdelo000dv88h0/d9buckbdelo000dv88h0.0001 --oem 1 -l eng --psm 1 . Error: Error in pixCreateHeader: requested w = 36429, h = 60000, d = 8 Error in pixCreateHeader: requested by","NULL","2026-07-17 00:49:28.377","NULL","NULL"
"f5a056a6-405b-11ec-96da-00505681224b","s3://enverus-courthouse-prod-chd-plants/nm/eog_lea/f5a0/f5a056a6-405b-11ec-96da-00505681224b.pdf","d9buh41b0h1g00d1lppg","1","OCR failed. Command: tesseract /tmp/diml/pngs/d9buh41b0h1g00d1lppg/d9buh41b0h1g00d1lppg.0005.png /tmp/diml/ocr_results/d9buh41b0h1g00d1lppg/d9buh41b0h1g00d1lppg.0005 --oem 1 -l eng --psm 1 . Error: Error in pixCreateHeader: requested w = 36429, h = 60000, d = 8 Error in pixCreateHeader: requested by","NULL","2026-07-17 00:49:28.377","NULL","NULL"
"30d5b5b0-ec4c-11eb-974e-00505681224b","s3://enverus-courthouse-prod-chd-plants/nm/eog_lea/30d5/30d5b5b0-ec4c-11eb-974e-00505681224b.pdf","d9bsukb1f5dg00bcr9mg","1","OCR failed. Command: tesseract /tmp/diml/pngs/d9bsukb1f5dg00bcr9mg/d9bsukb1f5dg00bcr9mg.0004.png /tmp/diml/ocr_results/d9bsukb1f5dg00bcr9mg/d9bsukb1f5dg00bcr9mg.0004 --oem 1 -l eng --psm 1 . Error: Error in pixCreateHeader: requested w = 36429, h = 60000, d = 8 Error in pixCreateHeader: requested by","NULL","2026-07-17 00:49:28.377","NULL","NULL"
"67b74fa2-3f8a-11ec-b97b-00505681224b","s3://enverus-courthouse-prod-chd-plants/nm/eog_lea/67b7/67b74fa2-3f8a-11ec-b97b-00505681224b.pdf","d9bspp1b0h1g00cvgje0","1","OCR failed. Command: tesseract /tmp/diml/pngs/d9bspp1b0h1g00cvgje0/d9bspp1b0h1g00cvgje0.0001.png /tmp/diml/ocr_results/d9bspp1b0h1g00cvgje0/d9bspp1b0h1g00cvgje0.0001 --oem 1 -l eng --psm 1 . Error: Error in pixCreateHeader: requested w = 36429, h = 60000, d = 8 Error in pixCreateHeader: requested by","NULL","2026-07-17 00:49:28.377","NULL","NULL"
"e7e099c4-097f-11ed-91a6-00505681224b","s3://enverus-courthouse-prod-chd-plants/nm/lea/e7e0/e7e099c4-097f-11ed-91a6-00505681224b.pdf","d9btqunr2ffg00e05b5g","1","OCR failed. Command: tesseract /tmp/diml/pngs/d9btqunr2ffg00e05b5g/d9btqunr2ffg00e05b5g.0003.png /tmp/diml/ocr_results/d9btqunr2ffg00e05b5g/d9btqunr2ffg00e05b5g.0003 --oem 1 -l eng --psm 1 . Error: Error in pixCreateHeader: requested w = 36429, h = 60000, d = 8 Error in pixCreateHeader: requested by","NULL","2026-07-17 00:49:28.377","NULL","NULL"
"bd284890-bc7b-11ec-9dc1-00505681224b","s3://enverus-courthouse-prod-chd-plants/nm/lea/bd28/bd284890-bc7b-11ec-9dc1-00505681224b.pdf","d9bun6pd6jhg0084rkf0","1","OCR failed. Command: tesseract /tmp/diml/pngs/d9bun6pd6jhg0084rkf0/d9bun6pd6jhg0084rkf0.0001.png /tmp/diml/ocr_results/d9bun6pd6jhg0084rkf0/d9bun6pd6jhg0084rkf0.0001 --oem 1 -l eng --psm 1 . Error: Error in pixCreateHeader: requested w = 36429, h = 60000, d = 8 Error in pixCreateHeader: requested by","NULL","2026-07-17 00:49:28.377","NULL","NULL"
"c83f1fdf-8bcb-11ec-9763-00505681224b","s3://enverus-courthouse-prod-chd-plants/nm/lea/c83f/c83f1fdf-8bcb-11ec-9763-00505681224b.pdf","d9btesbte9l000f7n7o0","1","OCR failed. Command: tesseract /tmp/diml/pngs/d9btesbte9l000f7n7o0/d9btesbte9l000f7n7o0.0001.png /tmp/diml/ocr_results/d9btesbte9l000f7n7o0/d9btesbte9l000f7n7o0.0001 --oem 1 -l eng --psm 1 . Error: Error in pixCreateHeader: requested w = 36429, h = 60000, d = 8 Error in pixCreateHeader: requested by","NULL","2026-07-17 00:49:28.377","NULL","NULL"
"a136669c-bc7b-11ec-9b58-00505681224b","s3://enverus-courthouse-prod-chd-plants/nm/lea/a136/a136669c-bc7b-11ec-9b58-00505681224b.pdf","d9bu0c030skg00d7v0fg","1","OCR failed. Command: tesseract /tmp/diml/pngs/d9bu0c030skg00d7v0fg/d9bu0c030skg00d7v0fg.0001.png /tmp/diml/ocr_results/d9bu0c030skg00d7v0fg/d9bu0c030skg00d7v0fg.0001 --oem 1 -l eng --psm 1 . Error: Error in pixCreateHeader: requested w = 36429, h = 60000, d = 8 Error in pixCreateHeader: requested by","NULL","2026-07-17 00:49:28.377","NULL","NULL"
"c83fe340-8bcb-11ec-be7c-00505681224b","s3://enverus-courthouse-prod-chd-plants/nm/lea/c83f/c83fe340-8bcb-11ec-be7c-00505681224b.pdf","d9bumeh5jqeg00e8g6vg","1","OCR failed. Command: tesseract /tmp/diml/pngs/d9bumeh5jqeg00e8g6vg/d9bumeh5jqeg00e8g6vg.0001.png /tmp/diml/ocr_results/d9bumeh5jqeg00e8g6vg/d9bumeh5jqeg00e8g6vg.0001 --oem 1 -l eng --psm 1 . Error: Error in pixCreateHeader: requested w = 36429, h = 60000, d = 8 Error in pixCreateHeader: requested by","NULL","2026-07-17 00:49:28.377","NULL","NULL"
"be4426fa-a5b1-11ec-a116-00505681224b","s3://enverus-courthouse-prod-chd-plants/nm/lea/be44/be4426fa-a5b1-11ec-a116-00505681224b.pdf","d9btkhi2oub000e1vt9g","1","OCR failed. Command: tesseract /tmp/diml/pngs/d9btkhi2oub000e1vt9g/d9btkhi2oub000e1vt9g.0001.png /tmp/diml/ocr_results/d9btkhi2oub000e1vt9g/d9btkhi2oub000e1vt9g.0001 --oem 1 -l eng --psm 1 . Error: Error in pixCreateHeader: requested w = 36429, h = 60000, d = 8 Error in pixCreateHeader: requested by","NULL","2026-07-17 00:49:28.377","NULL","NULL"
"a3f2d23e-d733-11ec-97ca-00505681224b","s3://enverus-courthouse-prod-chd-plants/nm/eog_lea/a3f2/a3f2d23e-d733-11ec-97ca-00505681224b.pdf","d9bucnr6g7ig0080jdpg","1","OCR failed. Command: tesseract /tmp/diml/pngs/d9bucnr6g7ig0080jdpg/d9bucnr6g7ig0080jdpg.0001.png /tmp/diml/ocr_results/d9bucnr6g7ig0080jdpg/d9bucnr6g7ig0080jdpg.0001 --oem 1 -l eng --psm 1 . Error: Error in pixCreateHeader: requested w = 36429, h = 60000, d = 8 Error in pixCreateHeader: requested by","NULL","2026-07-17 00:49:28.377","NULL","NULL"
"ca5c999d-097e-11ed-b054-00505681224b","s3://enverus-courthouse-prod-chd-plants/nm/eog_lea/ca5c/ca5c999d-097e-11ed-b054-00505681224b.pdf","d9buadm89gsg00fh2kr0","1","OCR failed. Command: tesseract /tmp/diml/pngs/d9buadm89gsg00fh2kr0/d9buadm89gsg00fh2kr0.0002.png /tmp/diml/ocr_results/d9buadm89gsg00fh2kr0/d9buadm89gsg00fh2kr0.0002 --oem 1 -l eng --psm 1 . Error: Error in pixCreateHeader: requested w = 36429, h = 60000, d = 8 Error in pixCreateHeader: requested by","NULL","2026-07-17 00:49:28.377","NULL","NULL"
"bc08ec9c-42b7-11ec-adbc-00505681224b","s3://enverus-courthouse-prod-chd-plants/nm/eog_lea/bc08/bc08ec9c-42b7-11ec-adbc-00505681224b.pdf","d9budg22oub000e325q0","1","OCR failed. Command: tesseract /tmp/diml/pngs/d9budg22oub000e325q0/d9budg22oub000e325q0.0020.png /tmp/diml/ocr_results/d9budg22oub000e325q0/d9budg22oub000e325q0.0020 --oem 1 -l eng --psm 1 . Error: Error in pixCreateHeader: requested w = 36429, h = 60000, d = 8 Error in pixCreateHeader: requested by","NULL","2026-07-17 00:49:28.377","NULL","NULL"
"8e8e4ecc-d3ea-11eb-be4d-00505681224b","s3://enverus-courthouse-prod-chd-plants/nm/lea/8e8e/8e8e4ecc-d3ea-11eb-be4d-00505681224b.pdf","d9bt9jnak350008683u0","1","OCR failed. Command: tesseract /tmp/diml/pngs/d9bt9jnak350008683u0/d9bt9jnak350008683u0.0001.png /tmp/diml/ocr_results/d9bt9jnak350008683u0/d9bt9jnak350008683u0.0001 --oem 1 -l eng --psm 1 . Error: Error in pixCreateHeader: requested w = 36429, h = 60000, d = 8 Error in pixCreateHeader: requested by","NULL","2026-07-17 00:49:28.377","NULL","NULL"
"67e5a8e7-097f-11ed-94c4-00505681224b","s3://enverus-courthouse-prod-chd-plants/nm/lea/67e5/67e5a8e7-097f-11ed-94c4-00505681224b.pdf","d9btglrrgi8g00bf95ng","1","OCR failed. Command: tesseract /tmp/diml/pngs/d9btglrrgi8g00bf95ng/d9btglrrgi8g00bf95ng.0002.png /tmp/diml/ocr_results/d9btglrrgi8g00bf95ng/d9btglrrgi8g00bf95ng.0002 --oem 1 -l eng --psm 1 . Error: Error in pixCreateHeader: requested w = 36429, h = 60000, d = 8 Error in pixCreateHeader: requested by","NULL","2026-07-17 00:49:28.377","NULL","NULL"
"e7e15d14-097f-11ed-93c4-00505681224b","s3://enverus-courthouse-prod-chd-plants/nm/lea/e7e1/e7e15d14-097f-11ed-93c4-00505681224b.pdf","d9bsrjnr2ffg00dv140g","1","OCR failed. Command: tesseract /tmp/diml/pngs/d9bsrjnr2ffg00dv140g/d9bsrjnr2ffg00dv140g.0003.png /tmp/diml/ocr_results/d9bsrjnr2ffg00dv140g/d9bsrjnr2ffg00dv140g.0003 --oem 1 -l eng --psm 1 . Error: Error in pixCreateHeader: requested w = 36429, h = 60000, d = 8 Error in pixCreateHeader: requested by","NULL","2026-07-17 00:49:28.377","NULL","NULL"
"785e489d-c5bd-11eb-9862-00505681224b","s3://enverus-courthouse-prod-chd-plants/nm/eog_lea/785e/785e489d-c5bd-11eb-9862-00505681224b.pdf","d9bui18isvug00fuidl0","1","OCR failed. Command: tesseract /tmp/diml/pngs/d9bui18isvug00fuidl0/d9bui18isvug00fuidl0.0002.png /tmp/diml/ocr_results/d9bui18isvug00fuidl0/d9bui18isvug00fuidl0.0002 --oem 1 -l eng --psm 1 . Error: Error in pixCreateHeader: requested w = 36429, h = 60000, d = 8 Error in pixCreateHeader: requested by","NULL","2026-07-17 00:43:50.213","NULL","NULL"
"8c650a62-bc7b-11ec-9be9-00505681224b","s3://enverus-courthouse-prod-chd-plants/nm/lea/8c65/8c650a62-bc7b-11ec-9be9-00505681224b.pdf","d9bu337r2ffg00e0ghgg","1","OCR failed. Command: tesseract /tmp/diml/pngs/d9bu337r2ffg00e0ghgg/d9bu337r2ffg00e0ghgg.0001.png /tmp/diml/ocr_results/d9bu337r2ffg00e0ghgg/d9bu337r2ffg00e0ghgg.0001 --oem 1 -l eng --psm 1 . Error: Error in pixCreateHeader: requested w = 36429, h = 60000, d = 8 Error in pixCreateHeader: requested by","NULL","2026-07-17 00:43:50.213","NULL","NULL"
"be43d8c7-a5b1-11ec-8dc8-00505681224b","s3://enverus-courthouse-prod-chd-plants/nm/lea/be43/be43d8c7-a5b1-11ec-8dc8-00505681224b.pdf","d9bsr6s1kr4g008d0780","1","OCR failed. Command: tesseract /tmp/diml/pngs/d9bsr6s1kr4g008d0780/d9bsr6s1kr4g008d0780.0001.png /tmp/diml/ocr_results/d9bsr6s1kr4g008d0780/d9bsr6s1kr4g008d0780.0001 --oem 1 -l eng --psm 1 . Error: Error in pixCreateHeader: requested w = 36429, h = 60000, d = 8 Error in pixCreateHeader: requested by","NULL","2026-07-17 00:43:50.213","NULL","NULL"
"c2439b11-3ec2-11ec-9e71-00505681224b","s3://enverus-courthouse-prod-chd-plants/nm/lea/c243/c2439b11-3ec2-11ec-9e71-00505681224b.pdf","d9btmr19ha2000c6fk60","1","OCR failed. Command: tesseract /tmp/diml/pngs/d9btmr19ha2000c6fk60/d9btmr19ha2000c6fk60.0001.png /tmp/diml/ocr_results/d9btmr19ha2000c6fk60/d9btmr19ha2000c6fk60.0001 --oem 1 -l eng --psm 1 . Error: Error in pixCreateHeader: requested w = 36429, h = 60000, d = 8 Error in pixCreateHeader: requested by","NULL","2026-07-17 00:43:50.213","NULL","NULL"
"1b5f74cc-d733-11ec-b0a2-00505681224b","s3://enverus-courthouse-prod-chd-plants/nm/lea/1b5f/1b5f74cc-d733-11ec-b0a2-00505681224b.pdf","d9bufp9kf4s000f7rqb0","1","OCR failed. Command: tesseract /tmp/diml/pngs/d9bufp9kf4s000f7rqb0/d9bufp9kf4s000f7rqb0.0001.png /tmp/diml/ocr_results/d9bufp9kf4s000f7rqb0/d9bufp9kf4s000f7rqb0.0001 --oem 1 -l eng --psm 1 . Error: Error in pixCreateHeader: requested w = 36429, h = 60000, d = 8 Error in pixCreateHeader: requested by","NULL","2026-07-17 00:38:21.630","NULL","NULL"
"f4dc918c-405b-11ec-87fe-00505681224b","s3://enverus-courthouse-prod-chd-plants/nm/eog_lea/f4dc/f4dc918c-405b-11ec-87fe-00505681224b.pdf","d9bu4tbk4o900089fgog","1","OCR failed. Command: tesseract /tmp/diml/pngs/d9bu4tbk4o900089fgog/d9bu4tbk4o900089fgog.0001.png /tmp/diml/ocr_results/d9bu4tbk4o900089fgog/d9bu4tbk4o900089fgog.0001 --oem 1 -l eng --psm 1 . Error: Error in pixCreateHeader: requested w = 36429, h = 60000, d = 8 Error in pixCreateHeader: requested by","NULL","2026-07-17 00:38:21.630","NULL","NULL"
"67b839ff-3f8a-11ec-8568-00505681224b","s3://enverus-courthouse-prod-chd-plants/nm/eog_lea/67b8/67b839ff-3f8a-11ec-8568-00505681224b.pdf","d9btn0b1f5dg00bdnf70","1","OCR failed. Command: tesseract /tmp/diml/pngs/d9btn0b1f5dg00bdnf70/d9btn0b1f5dg00bdnf70.0002.png /tmp/diml/ocr_results/d9btn0b1f5dg00bdnf70/d9btn0b1f5dg00bdnf70.0002 --oem 1 -l eng --psm 1 . Error: Error in pixCreateHeader: requested w = 36429, h = 60000, d = 8 Error in pixCreateHeader: requested by","NULL","2026-07-17 00:38:21.630","NULL","NULL"
"42a84bab-0980-11ed-b313-00505681224b","s3://enverus-courthouse-prod-chd-plants/nm/lea/42a8/42a84bab-0980-11ed-b313-00505681224b.pdf","d9bugrg30skg00d8n780","1","OCR failed. Command: tesseract /tmp/diml/pngs/d9bugrg30skg00d8n780/d9bugrg30skg00d8n780.0002.png /tmp/diml/ocr_results/d9bugrg30skg00d8n780/d9bugrg30skg00d8n780.0002 --oem 1 -l eng --psm 1 . Error: Error in pixCreateHeader: requested w = 36429, h = 60000, d = 8 Error in pixCreateHeader: requested by","NULL","2026-07-17 00:38:21.630","NULL","NULL"
"8c649534-bc7b-11ec-b634-00505681224b","s3://enverus-courthouse-prod-chd-plants/nm/lea/8c64/8c649534-bc7b-11ec-b634-00505681224b.pdf","d9btev7r2ffg00dvmc90","1","OCR failed. Command: tesseract /tmp/diml/pngs/d9btev7r2ffg00dvmc90/d9btev7r2ffg00dvmc90.0001.png /tmp/diml/ocr_results/d9btev7r2ffg00dvmc90/d9btev7r2ffg00dvmc90.0001 --oem 1 -l eng --psm 1 . Error: Error in pixCreateHeader: requested w = 36429, h = 60000, d = 8 Error in pixCreateHeader: requested by","NULL","2026-07-17 00:38:21.630","NULL","NULL"
"c83f2004-8bcb-11ec-8b72-00505681224b","s3://enverus-courthouse-prod-chd-plants/nm/lea/c83f/c83f2004-8bcb-11ec-8b72-00505681224b.pdf","d9bu6cbdelo000duuqqg","1","OCR failed. Command: tesseract /tmp/diml/pngs/d9bu6cbdelo000duuqqg/d9bu6cbdelo000duuqqg.0001.png /tmp/diml/ocr_results/d9bu6cbdelo000duuqqg/d9bu6cbdelo000duuqqg.0001 --oem 1 -l eng --psm 1 . Error: Error in pixCreateHeader: requested w = 36429, h = 60000, d = 8 Error in pixCreateHeader: requested by","NULL","2026-07-17 00:38:21.630","NULL","NULL"
"0b3bee4b-5b2e-3c48-8c7e-398519007c64","s3://enverus-courthouse-prod-chd-plants/nm/eddy/0b3b/0b3bee4b-5b2e-3c48-8c7e-398519007c64.pdf","bag89d2vki7g1fvfi0rg","1","list index out of range","NULL","2026-07-17 00:38:21.630","NULL","NULL"
"06568c84-d733-11ec-96b7-00505681224b","s3://enverus-courthouse-prod-chd-plants/nm/lea/0656/06568c84-d733-11ec-96b7-00505681224b.pdf","d9buj75lksng008fpkrg","1","OCR failed. Command: tesseract /tmp/diml/pngs/d9buj75lksng008fpkrg/d9buj75lksng008fpkrg.0001.png /tmp/diml/ocr_results/d9buj75lksng008fpkrg/d9buj75lksng008fpkrg.0001 --oem 1 -l eng --psm 1 . Error: Error in pixCreateHeader: requested w = 36429, h = 60000, d = 8 Error in pixCreateHeader: requested by","NULL","2026-07-17 00:38:21.630","NULL","NULL"
"0655f043-d733-11ec-880b-00505681224b","s3://enverus-courthouse-prod-chd-plants/nm/lea/0655/0655f043-d733-11ec-880b-00505681224b.pdf","d9bsv33s7m5g0087ok2g","1","OCR failed. Command: tesseract /tmp/diml/pngs/d9bsv33s7m5g0087ok2g/d9bsv33s7m5g0087ok2g.0001.png /tmp/diml/ocr_results/d9bsv33s7m5g0087ok2g/d9bsv33s7m5g0087ok2g.0001 --oem 1 -l eng --psm 1 . Error: Error in pixCreateHeader: requested w = 36429, h = 60000, d = 8 Error in pixCreateHeader: requested by","NULL","2026-07-17 00:38:21.630","NULL","NULL"
"bfc74ea8-097f-11ed-bf86-00505681224b","s3://enverus-courthouse-prod-chd-plants/nm/lea/bfc7/bfc74ea8-097f-11ed-bf86-00505681224b.pdf","d9buj3bk4o90008a4g4g","1","OCR failed. Command: tesseract /tmp/diml/pngs/d9buj3bk4o90008a4g4g/d9buj3bk4o90008a4g4g.0005.png /tmp/diml/ocr_results/d9buj3bk4o90008a4g4g/d9buj3bk4o90008a4g4g.0005 --oem 1 -l eng --psm 1 . Error: Error in pixCreateHeader: requested w = 36429, h = 60000, d = 8 Error in pixCreateHeader: requested by","NULL","2026-07-17 00:38:21.630","NULL","NULL"
"9E5885D5-5223-4267-9B4B-56A5D2D20779","s3://enverus-courthouse-prod-chd-plants/tx/training_loving/9E58/9E5885D5-5223-4267-9B4B-56A5D2D20779.pdf","d9bu89tlksng008f9hhg","1","No pdf could be downloaded, error=PDF file tx/training_loving/9E58/9E5885D5-5223-4267-9B4B-56A5D2D20779.pdf is too large to be processed, size=1.058070158585906 GB","NULL","2026-07-17 00:38:21.630","NULL","NULL"
"f10c0975-6225-11ec-b5c1-00505681224b","s3://enverus-courthouse-prod-chd-plants/nm/lea/f10c/f10c0975-6225-11ec-b5c1-00505681224b.pdf","d9bubco59fgg00e2vtf0","1","OCR failed. Command: tesseract /tmp/diml/pngs/d9bubco59fgg00e2vtf0/d9bubco59fgg00e2vtf0.0001.png /tmp/diml/ocr_results/d9bubco59fgg00e2vtf0/d9bubco59fgg00e2vtf0.0001 --oem 1 -l eng --psm 1 . Error: Error in pixCreateHeader: requested w = 36429, h = 60000, d = 8 Error in pixCreateHeader: requested by","NULL","2026-07-17 00:33:08.027","NULL","NULL"
"f10bbb54-6225-11ec-85a9-00505681224b","s3://enverus-courthouse-prod-chd-plants/nm/lea/f10b/f10bbb54-6225-11ec-85a9-00505681224b.pdf","d9bulj4ogvn0009c5u4g","1","OCR failed. Command: tesseract /tmp/diml/pngs/d9bulj4ogvn0009c5u4g/d9bulj4ogvn0009c5u4g.0001.png /tmp/diml/ocr_results/d9bulj4ogvn0009c5u4g/d9bulj4ogvn0009c5u4g.0001 --oem 1 -l eng --psm 1 . Error: Error in pixCreateHeader: requested w = 36429, h = 60000, d = 8 Error in pixCreateHeader: requested by","NULL","2026-07-17 00:33:08.027","NULL","NULL"
"c83f2002-8bcb-11ec-9398-00505681224b","s3://enverus-courthouse-prod-chd-plants/nm/lea/c83f/c83f2002-8bcb-11ec-9398-00505681224b.pdf","d9buptnpfdig00fckdo0","1","OCR failed. Command: tesseract /tmp/diml/pngs/d9buptnpfdig00fckdo0/d9buptnpfdig00fckdo0.0001.png /tmp/diml/ocr_results/d9buptnpfdig00fckdo0/d9buptnpfdig00fckdo0.0001 --oem 1 -l eng --psm 1 . Error: Error in pixCreateHeader: requested w = 36429, h = 60000, d = 8 Error in pixCreateHeader: requested by","NULL","2026-07-17 00:33:08.027","NULL","NULL"
"d32cae41-bc7b-11ec-9cde-00505681224b","s3://enverus-courthouse-prod-chd-plants/nm/eog_lea/d32c/d32cae41-bc7b-11ec-9cde-00505681224b.pdf","d9bulktlksng008ftl50","1","OCR failed. Command: tesseract /tmp/diml/pngs/d9bulktlksng008ftl50/d9bulktlksng008ftl50.0001.png /tmp/diml/ocr_results/d9bulktlksng008ftl50/d9bulktlksng008ftl50.0001 --oem 1 -l eng --psm 1 . Error: Error in pixCreateHeader: requested w = 36429, h = 60000, d = 8 Error in pixCreateHeader: requested by","NULL","2026-07-17 00:33:08.027","NULL","NULL"
"8e8ca11d-d3ea-11eb-9a20-00505681224b","s3://enverus-courthouse-prod-chd-plants/nm/lea/8e8c/8e8ca11d-d3ea-11eb-9a20-00505681224b.pdf","d9bucdcflnl000dkr5dg","1","OCR failed. Command: tesseract /tmp/diml/pngs/d9bucdcflnl000dkr5dg/d9bucdcflnl000dkr5dg.0001.png /tmp/diml/ocr_results/d9bucdcflnl000dkr5dg/d9bucdcflnl000dkr5dg.0001 --oem 1 -l eng --psm 1 . Error: Error in pixCreateHeader: requested w = 36429, h = 60000, d = 8 Error in pixCreateHeader: requested by","NULL","2026-07-17 00:33:08.027","NULL","NULL"
"67b728a2-3f8a-11ec-95f0-00505681224b","s3://enverus-courthouse-prod-chd-plants/nm/eog_lea/67b7/67b728a2-3f8a-11ec-95f0-00505681224b.pdf","d9budqg30skg00d8j1mg","1","OCR failed. Command: tesseract /tmp/diml/pngs/d9budqg30skg00d8j1mg/d9budqg30skg00d8j1mg.0001.png /tmp/diml/ocr_results/d9budqg30skg00d8j1mg/d9budqg30skg00d8j1mg.0001 --oem 1 -l eng --psm 1 . Error: Error in pixCreateHeader: requested w = 36429, h = 60000, d = 8 Error in pixCreateHeader: requested by","NULL","2026-07-17 00:33:08.027","NULL","NULL"
"d32c874e-bc7b-11ec-8fa5-00505681224b","s3://enverus-courthouse-prod-chd-plants/nm/eog_lea/d32c/d32c874e-bc7b-11ec-8fa5-00505681224b.pdf","d9btn0jk4o900088svg0","1","OCR failed. Command: tesseract /tmp/diml/pngs/d9btn0jk4o900088svg0/d9btn0jk4o900088svg0.0001.png /tmp/diml/ocr_results/d9btn0jk4o900088svg0/d9btn0jk4o900088svg0.0001 --oem 1 -l eng --psm 1 . Error: Error in pixCreateHeader: requested w = 36429, h = 60000, d = 8 Error in pixCreateHeader: requested by","NULL","2026-07-17 00:33:08.027","NULL","NULL"
"64bb842f-f812-11eb-910b-00505681224b","s3://enverus-courthouse-prod-chd-plants/nm/lea/64bb/64bb842f-f812-11eb-910b-00505681224b.pdf","d9btqo1d6jhg0083inpg","1","OCR failed. Command: tesseract /tmp/diml/pngs/d9btqo1d6jhg0083inpg/d9btqo1d6jhg0083inpg.0002.png /tmp/diml/ocr_results/d9btqo1d6jhg0083inpg/d9btqo1d6jhg0083inpg.0002 --oem 1 -l eng --psm 1 . Error: Error in pixCreateHeader: requested w = 36429, h = 60000, d = 8 Error in pixCreateHeader: requested by","NULL","2026-07-17 00:33:08.027","NULL","NULL"
"1b5e3c23-d733-11ec-a899-00505681224b","s3://enverus-courthouse-prod-chd-plants/nm/lea/1b5e/1b5e3c23-d733-11ec-a899-00505681224b.pdf","d9bu83bdd4a000d5rvr0","1","OCR failed. Command: tesseract /tmp/diml/pngs/d9bu83bdd4a000d5rvr0/d9bu83bdd4a000d5rvr0.0029.png /tmp/diml/ocr_results/d9bu83bdd4a000d5rvr0/d9bu83bdd4a000d5rvr0.0029 --oem 1 -l eng --psm 1 . Error: Error in pixCreateHeader: requested w = 36429, h = 60000, d = 8 Error in pixCreateHeader: requested by","NULL","2026-07-17 00:33:08.027","NULL","NULL"
"67b9e79a-3f8a-11ec-96c5-00505681224b","s3://enverus-courthouse-prod-chd-plants/nm/eog_lea/67b9/67b9e79a-3f8a-11ec-96c5-00505681224b.pdf","d9btal3s7m5g00884kbg","1","OCR failed. Command: tesseract /tmp/diml/pngs/d9btal3s7m5g00884kbg/d9btal3s7m5g00884kbg.0006.png /tmp/diml/ocr_results/d9btal3s7m5g00884kbg/d9btal3s7m5g00884kbg.0006 --oem 1 -l eng --psm 1 . Error: Error in pixCreateHeader: requested w = 36429, h = 60000, d = 8 Error in pixCreateHeader: requested by","NULL","2026-07-17 00:33:08.027","NULL","NULL"
"f4dd7bc4-405b-11ec-ab03-00505681224b","s3://enverus-courthouse-prod-chd-plants/nm/eog_lea/f4dd/f4dd7bc4-405b-11ec-ab03-00505681224b.pdf","d9bu9mo59fgg00e2tjt0","1","OCR failed. Command: tesseract /tmp/diml/pngs/d9bu9mo59fgg00e2tjt0/d9bu9mo59fgg00e2tjt0.0002.png /tmp/diml/ocr_results/d9bu9mo59fgg00e2tjt0/d9bu9mo59fgg00e2tjt0.0002 --oem 1 -l eng --psm 1 . Error: Error in pixCreateHeader: requested w = 36429, h = 60000, d = 8 Error in pixCreateHeader: requested by","NULL","2026-07-17 00:33:08.027","NULL","NULL"
"27239a76-0980-11ed-93fe-00505681224b","s3://enverus-courthouse-prod-chd-plants/nm/lea/2723/27239a76-0980-11ed-93fe-00505681224b.pdf","d9btk67r761000dfah3g","1","OCR failed. Command: tesseract /tmp/diml/pngs/d9btk67r761000dfah3g/d9btk67r761000dfah3g.0002.png /tmp/diml/ocr_results/d9btk67r761000dfah3g/d9btk67r761000dfah3g.0002 --oem 1 -l eng --psm 1 . Error: Error in pixCreateHeader: requested w = 36429, h = 60000, d = 8 Error in pixCreateHeader: requested by","NULL","2026-07-17 00:33:08.027","NULL","NULL"
"27237367-0980-11ed-b405-00505681224b","s3://enverus-courthouse-prod-chd-plants/nm/lea/2723/27237367-0980-11ed-b405-00505681224b.pdf","d9bujbnr2ffg00e18elg","1","OCR failed. Command: tesseract /tmp/diml/pngs/d9bujbnr2ffg00e18elg/d9bujbnr2ffg00e18elg.0003.png /tmp/diml/ocr_results/d9bujbnr2ffg00e18elg/d9bujbnr2ffg00e18elg.0003 --oem 1 -l eng --psm 1 . Error: Error in pixCreateHeader: requested w = 36429, h = 60000, d = 8 Error in pixCreateHeader: requested by","NULL","2026-07-17 00:33:08.027","NULL","NULL"
"c840f4a1-8bcb-11ec-99fe-00505681224b","s3://enverus-courthouse-prod-chd-plants/nm/lea/c840/c840f4a1-8bcb-11ec-99fe-00505681224b.pdf","d9btj64flnl000djofcg","1","OCR failed. Command: tesseract /tmp/diml/pngs/d9btj64flnl000djofcg/d9btj64flnl000djofcg.0001.png /tmp/diml/ocr_results/d9btj64flnl000djofcg/d9btj64flnl000djofcg.0001 --oem 1 -l eng --psm 1 . Error: Error in pixCreateHeader: requested w = 36429, h = 60000, d = 8 Error in pixCreateHeader: requested by","NULL","2026-07-17 00:33:08.027","NULL","NULL"
"be43ffd7-a5b1-11ec-8c9b-00505681224b","s3://enverus-courthouse-prod-chd-plants/nm/lea/be43/be43ffd7-a5b1-11ec-8c9b-00505681224b.pdf","d9bstbp9ha2000c5j990","1","OCR failed. Command: tesseract /tmp/diml/pngs/d9bstbp9ha2000c5j990/d9bstbp9ha2000c5j990.0001.png /tmp/diml/ocr_results/d9bstbp9ha2000c5j990/d9bstbp9ha2000c5j990.0001 --oem 1 -l eng --psm 1 . Error: Error in pixCreateHeader: requested w = 36429, h = 60000, d = 8 Error in pixCreateHeader: requested by","NULL","2026-07-17 00:33:08.027","NULL","NULL"
"67b8880f-3f8a-11ec-8f8e-00505681224b","s3://enverus-courthouse-prod-chd-plants/nm/eog_lea/67b8/67b8880f-3f8a-11ec-8f8e-00505681224b.pdf","d9btb4bte9l000f7ittg","1","OCR failed. Command: tesseract /tmp/diml/pngs/d9btb4bte9l000f7ittg/d9btb4bte9l000f7ittg.0001.png /tmp/diml/ocr_results/d9btb4bte9l000f7ittg/d9btb4bte9l000f7ittg.0001 --oem 1 -l eng --psm 1 . Error: Error in pixCreateHeader: requested w = 36429, h = 60000, d = 8 Error in pixCreateHeader: requested by","NULL","2026-07-17 00:33:08.027","NULL","NULL"
"1b359135-3df8-11ec-83af-00505681224b","s3://enverus-courthouse-prod-chd-plants/nm/lea/1b35/1b359135-3df8-11ec-83af-00505681224b.pdf","d9btdes1kr4g008dk930","1","OCR failed. Command: tesseract /tmp/diml/pngs/d9btdes1kr4g008dk930/d9btdes1kr4g008dk930.0001.png /tmp/diml/ocr_results/d9btdes1kr4g008dk930/d9btdes1kr4g008dk930.0001 --oem 1 -l eng --psm 1 . Error: Error in pixCreateHeader: requested w = 36429, h = 60000, d = 8 Error in pixCreateHeader: requested by","NULL","2026-07-17 00:33:08.027","NULL","NULL"
"5a90abee-6226-11ec-8889-00505681224b","s3://enverus-courthouse-prod-chd-plants/nm/eog_lea/5a90/5a90abee-6226-11ec-8889-00505681224b.pdf","d9bsph7ak3500085mvsg","1","OCR failed. Command: tesseract /tmp/diml/pngs/d9bsph7ak3500085mvsg/d9bsph7ak3500085mvsg.0001.png /tmp/diml/ocr_results/d9bsph7ak3500085mvsg/d9bsph7ak3500085mvsg.0001 --oem 1 -l eng --psm 1 . Error: Error in pixCreateHeader: requested w = 36429, h = 60000, d = 8 Error in pixCreateHeader: requested by","NULL","2026-07-17 00:33:08.027","NULL","NULL"
"4718e58a-d733-11ec-a995-00505681224b","s3://enverus-courthouse-prod-chd-plants/nm/lea/4718/4718e58a-d733-11ec-a995-00505681224b.pdf","d9bupokflnl000dleqqg","1","OCR failed. Command: tesseract /tmp/diml/pngs/d9bupokflnl000dleqqg/d9bupokflnl000dleqqg.0002.png /tmp/diml/ocr_results/d9bupokflnl000dleqqg/d9bupokflnl000dleqqg.0002 --oem 1 -l eng --psm 1 . Error: Error in pixCreateHeader: requested w = 36429, h = 60000, d = 8 Error in pixCreateHeader: requested by","NULL","2026-07-17 00:33:08.027","NULL","NULL"
"9680091f-097f-11ed-903c-00505681224b","s3://enverus-courthouse-prod-chd-plants/nm/lea/9680/9680091f-097f-11ed-903c-00505681224b.pdf","d9bucscflnl000dksafg","1","OCR failed. Command: tesseract /tmp/diml/pngs/d9bucscflnl000dksafg/d9bucscflnl000dksafg.0005.png /tmp/diml/ocr_results/d9bucscflnl000dksafg/d9bucscflnl000dksafg.0005 --oem 1 -l eng --psm 1 . Error: Error in pixCreateHeader: requested w = 36429, h = 60000, d = 8 Error in pixCreateHeader: requested by","NULL","2026-07-17 00:33:08.027","NULL","NULL"
"c83ef8df-8bcb-11ec-8418-00505681224b","s3://enverus-courthouse-prod-chd-plants/nm/lea/c83e/c83ef8df-8bcb-11ec-8418-00505681224b.pdf","d9bthjcflnl000djma90","1","OCR failed. Command: tesseract /tmp/diml/pngs/d9bthjcflnl000djma90/d9bthjcflnl000djma90.0001.png /tmp/diml/ocr_results/d9bthjcflnl000djma90/d9bthjcflnl000djma90.0001 --oem 1 -l eng --psm 1 . Error: Error in pixCreateHeader: requested w = 36429, h = 60000, d = 8 Error in pixCreateHeader: requested by","NULL","2026-07-17 00:33:08.027","NULL","NULL"
"8c650a69-bc7b-11ec-a951-00505681224b","s3://enverus-courthouse-prod-chd-plants/nm/lea/8c65/8c650a69-bc7b-11ec-a951-00505681224b.pdf","d9bubi1kf4s000f7m01g","1","OCR failed. Command: tesseract /tmp/diml/pngs/d9bubi1kf4s000f7m01g/d9bubi1kf4s000f7m01g.0001.png /tmp/diml/ocr_results/d9bubi1kf4s000f7m01g/d9bubi1kf4s000f7m01g.0001 --oem 1 -l eng --psm 1 . Error: Error in pixCreateHeader: requested w = 36429, h = 60000, d = 8 Error in pixCreateHeader: requested by","NULL","2026-07-17 00:33:08.027","NULL","NULL"
"aec4ed78-a5b1-11ec-8fcc-00505681224b","s3://enverus-courthouse-prod-chd-plants/nm/lea/aec4/aec4ed78-a5b1-11ec-8fcc-00505681224b.pdf","d9bug1tlksng008fl2sg","1","OCR failed. Command: tesseract /tmp/diml/pngs/d9bug1tlksng008fl2sg/d9bug1tlksng008fl2sg.0001.png /tmp/diml/ocr_results/d9bug1tlksng008fl2sg/d9bug1tlksng008fl2sg.0001 --oem 1 -l eng --psm 1 . Error: Error in pixCreateHeader: requested w = 36429, h = 60000, d = 8 Error in pixCreateHeader: requested by","NULL","2026-07-17 00:33:08.027","NULL","NULL"
"aec47857-a5b1-11ec-8a12-00505681224b","s3://enverus-courthouse-prod-chd-plants/nm/lea/aec4/aec47857-a5b1-11ec-8a12-00505681224b.pdf","d9btk8npfcq000ffabsg","1","OCR failed. Command: tesseract /tmp/diml/pngs/d9btk8npfcq000ffabsg/d9btk8npfcq000ffabsg.0001.png /tmp/diml/ocr_results/d9btk8npfcq000ffabsg/d9btk8npfcq000ffabsg.0001 --oem 1 -l eng --psm 1 . Error: Error in pixCreateHeader: requested w = 36429, h = 60000, d = 8 Error in pixCreateHeader: requested by","NULL","2026-07-17 00:33:08.027","NULL","NULL"
"1b373ed7-3df8-11ec-8c62-00505681224b","s3://enverus-courthouse-prod-chd-plants/nm/lea/1b37/1b373ed7-3df8-11ec-8c62-00505681224b.pdf","d9bu327pfdig00fbiheg","1","OCR failed. Command: tesseract /tmp/diml/pngs/d9bu327pfdig00fbiheg/d9bu327pfdig00fbiheg.0001.png /tmp/diml/ocr_results/d9bu327pfdig00fbiheg/d9bu327pfdig00fbiheg.0001 --oem 1 -l eng --psm 1 . Error: Error in pixCreateHeader: requested w = 36429, h = 60000, d = 8 Error in pixCreateHeader: requested by","NULL","2026-07-17 00:27:13.303","NULL","NULL"
"3bff2e11-686f-11ec-a53a-00505681224b","s3://enverus-courthouse-prod-chd-plants/nm/eog_lea/3bff/3bff2e11-686f-11ec-a53a-00505681224b.pdf","d9bul99hd6mg00bnuc6g","1","OCR failed. Command: tesseract /tmp/diml/pngs/d9bul99hd6mg00bnuc6g/d9bul99hd6mg00bnuc6g.0001.png /tmp/diml/ocr_results/d9bul99hd6mg00bnuc6g/d9bul99hd6mg00bnuc6g.0001 --oem 1 -l eng --psm 1 . Error: Error in pixCreateHeader: requested w = 36429, h = 60000, d = 8 Error in pixCreateHeader: requested by","NULL","2026-07-17 00:27:13.303","NULL","NULL"
"67b88831-3f8a-11ec-bb4e-00505681224b","s3://enverus-courthouse-prod-chd-plants/nm/eog_lea/67b8/67b88831-3f8a-11ec-bb4e-00505681224b.pdf","d9bunq95jqeg00e8ia80","1","OCR failed. Command: tesseract /tmp/diml/pngs/d9bunq95jqeg00e8ia80/d9bunq95jqeg00e8ia80.0001.png /tmp/diml/ocr_results/d9bunq95jqeg00e8ia80/d9bunq95jqeg00e8ia80.0001 --oem 1 -l eng --psm 1 . Error: Error in pixCreateHeader: requested w = 36429, h = 60000, d = 8 Error in pixCreateHeader: requested by","NULL","2026-07-17 00:27:13.303","NULL","NULL"
"f59fe18a-405b-11ec-8203-00505681224b","s3://enverus-courthouse-prod-chd-plants/nm/eog_lea/f59f/f59fe18a-405b-11ec-8203-00505681224b.pdf","d9budlbk4o900089si2g","1","OCR failed. Command: tesseract /tmp/diml/pngs/d9budlbk4o900089si2g/d9budlbk4o900089si2g.0001.png /tmp/diml/ocr_results/d9budlbk4o900089si2g/d9budlbk4o900089si2g.0001 --oem 1 -l eng --psm 1 . Error: Error in pixCreateHeader: requested w = 36429, h = 60000, d = 8 Error in pixCreateHeader: requested by","NULL","2026-07-17 00:27:13.303","NULL","NULL"
"f5a0a4d2-405b-11ec-bf8c-00505681224b","s3://enverus-courthouse-prod-chd-plants/nm/eog_lea/f5a0/f5a0a4d2-405b-11ec-bf8c-00505681224b.pdf","d9btmpphd6mg00bmj47g","1","OCR failed. Command: tesseract /tmp/diml/pngs/d9btmpphd6mg00bmj47g/d9btmpphd6mg00bmj47g.0001.png /tmp/diml/ocr_results/d9btmpphd6mg00bmj47g/d9btmpphd6mg00bmj47g.0001 --oem 1 -l eng --psm 1 . Error: Error in pixCreateHeader: requested w = 36429, h = 60000, d = 8 Error in pixCreateHeader: requested by","NULL","2026-07-17 00:27:13.303","NULL","NULL"
"aec49f7c-a5b1-11ec-aaa5-00505681224b","s3://enverus-courthouse-prod-chd-plants/nm/lea/aec4/aec49f7c-a5b1-11ec-aaa5-00505681224b.pdf","d9btevpb0h1g00d07gkg","1","OCR failed. Command: tesseract /tmp/diml/pngs/d9btevpb0h1g00d07gkg/d9btevpb0h1g00d07gkg.0001.png /tmp/diml/ocr_results/d9btevpb0h1g00d07gkg/d9btevpb0h1g00d07gkg.0001 --oem 1 -l eng --psm 1 . Error: Error in pixCreateHeader: requested w = 36429, h = 60000, d = 8 Error in pixCreateHeader: requested by","NULL","2026-07-17 00:27:13.303","NULL","NULL"
"e7e1f921-097f-11ed-9c19-00505681224b","s3://enverus-courthouse-prod-chd-plants/nm/lea/e7e1/e7e1f921-097f-11ed-9c19-00505681224b.pdf","d9btbubdelo000dtrsmg","1","OCR failed. Command: tesseract /tmp/diml/pngs/d9btbubdelo000dtrsmg/d9btbubdelo000dtrsmg.0003.png /tmp/diml/ocr_results/d9btbubdelo000dtrsmg/d9btbubdelo000dtrsmg.0003 --oem 1 -l eng --psm 1 . Error: Error in pixCreateHeader: requested w = 36429, h = 60000, d = 8 Error in pixCreateHeader: requested by","NULL","2026-07-17 00:27:13.303","NULL","NULL"
"8c649536-bc7b-11ec-94a5-00505681224b","s3://enverus-courthouse-prod-chd-plants/nm/lea/8c64/8c649536-bc7b-11ec-94a5-00505681224b.pdf","d9bteqnr2ffg00dvm1sg","1","OCR failed. Command: tesseract /tmp/diml/pngs/d9bteqnr2ffg00dvm1sg/d9bteqnr2ffg00dvm1sg.0001.png /tmp/diml/ocr_results/d9bteqnr2ffg00dvm1sg/d9bteqnr2ffg00dvm1sg.0001 --oem 1 -l eng --psm 1 . Error: Error in pixCreateHeader: requested w = 36429, h = 60000, d = 8 Error in pixCreateHeader: requested by","NULL","2026-07-17 00:27:13.303","NULL","NULL"
"670d316d-3f8a-11ec-8514-00505681224b","s3://enverus-courthouse-prod-chd-plants/nm/lea/670d/670d316d-3f8a-11ec-8514-00505681224b.pdf","d9bu0h8isvug00ftolcg","1","OCR failed. Command: tesseract /tmp/diml/pngs/d9bu0h8isvug00ftolcg/d9bu0h8isvug00ftolcg.0001.png /tmp/diml/ocr_results/d9bu0h8isvug00ftolcg/d9bu0h8isvug00ftolcg.0001 --oem 1 -l eng --psm 1 . Error: Error in pixCreateHeader: requested w = 36429, h = 60000, d = 8 Error in pixCreateHeader: requested by","NULL","2026-07-17 00:27:13.303","NULL","NULL"
"1b5f74c2-d733-11ec-8860-00505681224b","s3://enverus-courthouse-prod-chd-plants/nm/lea/1b5f/1b5f74c2-d733-11ec-8860-00505681224b.pdf","d9bthjhkf4s000f6i35g","1","OCR failed. Command: tesseract /tmp/diml/pngs/d9bthjhkf4s000f6i35g/d9bthjhkf4s000f6i35g.0001.png /tmp/diml/ocr_results/d9bthjhkf4s000f6i35g/d9bthjhkf4s000f6i35g.0001 --oem 1 -l eng --psm 1 . Error: Error in pixCreateHeader: requested w = 36429, h = 60000, d = 8 Error in pixCreateHeader: requested by","NULL","2026-07-17 00:27:13.303","NULL","NULL"
"5a92599d-6226-11ec-8642-00505681224b","s3://enverus-courthouse-prod-chd-plants/nm/eog_lea/5a92/5a92599d-6226-11ec-8642-00505681224b.pdf","d9btg7b1f5dg00bdepd0","1","OCR failed. Command: tesseract /tmp/diml/pngs/d9btg7b1f5dg00bdepd0/d9btg7b1f5dg00bdepd0.0001.png /tmp/diml/ocr_results/d9btg7b1f5dg00bdepd0/d9btg7b1f5dg00bdepd0.0001 --oem 1 -l eng --psm 1 . Error: Error in pixCreateHeader: requested w = 36429, h = 60000, d = 8 Error in pixCreateHeader: requested by","NULL","2026-07-17 00:27:13.303","NULL","NULL"
"1b5dc704-d733-11ec-ba61-00505681224b","s3://enverus-courthouse-prod-chd-plants/nm/lea/1b5d/1b5dc704-d733-11ec-ba61-00505681224b.pdf","d9bu9nb6g7ig0080eov0","1","OCR failed. Command: tesseract /tmp/diml/pngs/d9bu9nb6g7ig0080eov0/d9bu9nb6g7ig0080eov0.0001.png /tmp/diml/ocr_results/d9bu9nb6g7ig0080eov0/d9bu9nb6g7ig0080eov0.0001 --oem 1 -l eng --psm 1 . Error: Error in pixCreateHeader: requested w = 36429, h = 60000, d = 8 Error in pixCreateHeader: requested by","NULL","2026-07-17 00:27:13.303","NULL","NULL"
"d32c874f-bc7b-11ec-a77c-00505681224b","s3://enverus-courthouse-prod-chd-plants/nm/eog_lea/d32c/d32c874f-bc7b-11ec-a77c-00505681224b.pdf","d9btg4jte9l000f7o6u0","1","OCR failed. Command: tesseract /tmp/diml/pngs/d9btg4jte9l000f7o6u0/d9btg4jte9l000f7o6u0.0002.png /tmp/diml/ocr_results/d9btg4jte9l000f7o6u0/d9btg4jte9l000f7o6u0.0002 --oem 1 -l eng --psm 1 . Error: Error in pixCreateHeader: requested w = 36429, h = 60000, d = 8 Error in pixCreateHeader: requested by","NULL","2026-07-17 00:27:13.303","NULL","NULL"
"06568c88-d733-11ec-9fda-00505681224b","s3://enverus-courthouse-prod-chd-plants/nm/lea/0656/06568c88-d733-11ec-9fda-00505681224b.pdf","d9bt2crrgi8g00beov7g","1","OCR failed. Command: tesseract /tmp/diml/pngs/d9bt2crrgi8g00beov7g/d9bt2crrgi8g00beov7g.0003.png /tmp/diml/ocr_results/d9bt2crrgi8g00beov7g/d9bt2crrgi8g00beov7g.0003 --oem 1 -l eng --psm 1 . Error: Error in pixCreateHeader: requested w = 36429, h = 60000, d = 8 Error in pixCreateHeader: requested by","NULL","2026-07-17 00:27:13.303","NULL","NULL"
"aec47853-a5b1-11ec-90b1-00505681224b","s3://enverus-courthouse-prod-chd-plants/nm/lea/aec4/aec47853-a5b1-11ec-90b1-00505681224b.pdf","d9btisjs7m5g0088eg10","1","OCR failed. Command: tesseract /tmp/diml/pngs/d9btisjs7m5g0088eg10/d9btisjs7m5g0088eg10.0001.png /tmp/diml/ocr_results/d9btisjs7m5g0088eg10/d9btisjs7m5g0088eg10.0001 --oem 1 -l eng --psm 1 . Error: Error in pixCreateHeader: requested w = 36429, h = 60000, d = 8 Error in pixCreateHeader: requested by","NULL","2026-07-17 00:21:07.047","NULL","NULL"
"3B2D04FC-DDF5-411F-9C81-ECDFFBDC5467","s3://enverus-courthouse-prod-chd-plants/tx/training_martin/3B2D/3B2D04FC-DDF5-411F-9C81-ECDFFBDC5467.pdf","d9btdf95jqeg00e6nhk0","1","No pdf could be downloaded, error=PDF file tx/training_martin/3B2D/3B2D04FC-DDF5-411F-9C81-ECDFFBDC5467.pdf is too large to be processed, size=1.1873861588537693 GB","NULL","2026-07-17 00:21:07.047","NULL","NULL"
"be4426f0-a5b1-11ec-a588-00505681224b","s3://enverus-courthouse-prod-chd-plants/nm/lea/be44/be4426f0-a5b1-11ec-a588-00505681224b.pdf","d9bu8hvr2ffg00e0oh90","1","OCR failed. Command: tesseract /tmp/diml/pngs/d9bu8hvr2ffg00e0oh90/d9bu8hvr2ffg00e0oh90.0001.png /tmp/diml/ocr_results/d9bu8hvr2ffg00e0oh90/d9bu8hvr2ffg00e0oh90.0001 --oem 1 -l eng --psm 1 . Error: Error in pixCreateHeader: requested w = 36429, h = 60000, d = 8 Error in pixCreateHeader: requested by","NULL","2026-07-17 00:21:07.047","NULL","NULL"
"0656173b-d733-11ec-b1ea-00505681224b","s3://enverus-courthouse-prod-chd-plants/nm/lea/0656/0656173b-d733-11ec-b1ea-00505681224b.pdf","d9btk6059fgg00e1vfm0","1","OCR failed. Command: tesseract /tmp/diml/pngs/d9btk6059fgg00e1vfm0/d9btk6059fgg00e1vfm0.0002.png /tmp/diml/ocr_results/d9btk6059fgg00e1vfm0/d9btk6059fgg00e1vfm0.0002 --oem 1 -l eng --psm 1 . Error: Error in pixCreateHeader: requested w = 36429, h = 60000, d = 8 Error in pixCreateHeader: requested by","NULL","2026-07-17 00:21:07.047","NULL","NULL"
"bc08c591-42b7-11ec-8e33-00505681224b","s3://enverus-courthouse-prod-chd-plants/nm/eog_lea/bc08/bc08c591-42b7-11ec-8e33-00505681224b.pdf","d9buma1d6jhg0084qg2g","1","OCR failed. Command: tesseract /tmp/diml/pngs/d9buma1d6jhg0084qg2g/d9buma1d6jhg0084qg2g.0001.png /tmp/diml/ocr_results/d9buma1d6jhg0084qg2g/d9buma1d6jhg0084qg2g.0001 --oem 1 -l eng --psm 1 . Error: Error in pixCreateHeader: requested w = 36429, h = 60000, d = 8 Error in pixCreateHeader: requested by","NULL","2026-07-17 00:21:07.047","NULL","NULL"
"1b359137-3df8-11ec-8649-00505681224b","s3://enverus-courthouse-prod-chd-plants/nm/lea/1b35/1b359137-3df8-11ec-8649-00505681224b.pdf","d9bul2kogvn0009c4m9g","1","OCR failed. Command: tesseract /tmp/diml/pngs/d9bul2kogvn0009c4m9g/d9bul2kogvn0009c4m9g.0001.png /tmp/diml/ocr_results/d9bul2kogvn0009c4m9g/d9bul2kogvn0009c4m9g.0001 --oem 1 -l eng --psm 1 . Error: Error in pixCreateHeader: requested w = 36429, h = 60000, d = 8 Error in pixCreateHeader: requested by","NULL","2026-07-17 00:21:07.047","NULL","NULL"
"670bd1d4-3f8a-11ec-bdef-00505681224b","s3://enverus-courthouse-prod-chd-plants/nm/lea/670b/670bd1d4-3f8a-11ec-bdef-00505681224b.pdf","d9bt6d3s7m5g0087vrm0","1","OCR failed. Command: tesseract /tmp/diml/pngs/d9bt6d3s7m5g0087vrm0/d9bt6d3s7m5g0087vrm0.0001.png /tmp/diml/ocr_results/d9bt6d3s7m5g0087vrm0/d9bt6d3s7m5g0087vrm0.0001 --oem 1 -l eng --psm 1 . Error: Error in pixCreateHeader: requested w = 36429, h = 60000, d = 8 Error in pixCreateHeader: requested by","NULL","2026-07-17 00:21:07.047","NULL","NULL"
"5a925979-6226-11ec-8b27-00505681224b","s3://enverus-courthouse-prod-chd-plants/nm/eog_lea/5a92/5a925979-6226-11ec-8b27-00505681224b.pdf","d9bubpnr2ffg00e0tjsg","1","OCR failed. Command: tesseract /tmp/diml/pngs/d9bubpnr2ffg00e0tjsg/d9bubpnr2ffg00e0tjsg.0001.png /tmp/diml/ocr_results/d9bubpnr2ffg00e0tjsg/d9bubpnr2ffg00e0tjsg.0001 --oem 1 -l eng --psm 1 . Error: Error in pixCreateHeader: requested w = 36429, h = 60000, d = 8 Error in pixCreateHeader: requested by","NULL","2026-07-17 00:21:07.047","NULL","NULL"
"c24632ff-3ec2-11ec-8dc2-00505681224b","s3://enverus-courthouse-prod-chd-plants/nm/lea/c246/c24632ff-3ec2-11ec-8dc2-00505681224b.pdf","d9bu37b6g7ig008058j0","1","OCR failed. Command: tesseract /tmp/diml/pngs/d9bu37b6g7ig008058j0/d9bu37b6g7ig008058j0.0001.png /tmp/diml/ocr_results/d9bu37b6g7ig008058j0/d9bu37b6g7ig008058j0.0001 --oem 1 -l eng --psm 1 . Error: Error in pixCreateHeader: requested w = 36429, h = 60000, d = 8 Error in pixCreateHeader: requested by","NULL","2026-07-17 00:21:07.047","NULL","NULL"
"67e5f70b-097f-11ed-a1c7-00505681224b","s3://enverus-courthouse-prod-chd-plants/nm/lea/67e5/67e5f70b-097f-11ed-a1c7-00505681224b.pdf","d9bu0k3dd4a000d5h9tg","1","OCR failed. Command: tesseract /tmp/diml/pngs/d9bu0k3dd4a000d5h9tg/d9bu0k3dd4a000d5h9tg.0001.png /tmp/diml/ocr_results/d9bu0k3dd4a000d5h9tg/d9bu0k3dd4a000d5h9tg.0001 --oem 1 -l eng --psm 1 . Error: Error in pixCreateHeader: requested w = 36429, h = 60000, d = 8 Error in pixCreateHeader: requested by","NULL","2026-07-17 00:21:07.047","NULL","NULL"
"bc087769-42b7-11ec-ab7f-00505681224b","s3://enverus-courthouse-prod-chd-plants/nm/eog_lea/bc08/bc087769-42b7-11ec-ab7f-00505681224b.pdf","d9bu0ubrgi8g00bfu6rg","1","OCR failed. Command: tesseract /tmp/diml/pngs/d9bu0ubrgi8g00bfu6rg/d9bu0ubrgi8g00bfu6rg.0002.png /tmp/diml/ocr_results/d9bu0ubrgi8g00bfu6rg/d9bu0ubrgi8g00bfu6rg.0002 --oem 1 -l eng --psm 1 . Error: Error in pixCreateHeader: requested w = 36429, h = 60000, d = 8 Error in pixCreateHeader: requested by","NULL","2026-07-17 00:21:07.047","NULL","NULL"
"f4dc918e-405b-11ec-b183-00505681224b","s3://enverus-courthouse-prod-chd-plants/nm/eog_lea/f4dc/f4dc918e-405b-11ec-b183-00505681224b.pdf","d9buj0jdd4a000d6c6eg","1","OCR failed. Command: tesseract /tmp/diml/pngs/d9buj0jdd4a000d6c6eg/d9buj0jdd4a000d6c6eg.0001.png /tmp/diml/ocr_results/d9buj0jdd4a000d6c6eg/d9buj0jdd4a000d6c6eg.0001 --oem 1 -l eng --psm 1 . Error: Error in pixCreateHeader: requested w = 36429, h = 60000, d = 8 Error in pixCreateHeader: requested by","NULL","2026-07-17 00:15:53.717","NULL","NULL"
"e187ab78-bc7b-11ec-9482-00505681224b","s3://enverus-courthouse-prod-chd-plants/nm/eog_lea/e187/e187ab78-bc7b-11ec-9482-00505681224b.pdf","d9btuhnpfcq000ffnnb0","1","OCR failed. Command: tesseract /tmp/diml/pngs/d9btuhnpfcq000ffnnb0/d9btuhnpfcq000ffnnb0.0001.png /tmp/diml/ocr_results/d9btuhnpfcq000ffnnb0/d9btuhnpfcq000ffnnb0.0001 --oem 1 -l eng --psm 1 . Error: Error in pixCreateHeader: requested w = 36429, h = 60000, d = 8 Error in pixCreateHeader: requested by","NULL","2026-07-17 00:15:53.717","NULL","NULL"
"96807e67-097f-11ed-a5d8-00505681224b","s3://enverus-courthouse-prod-chd-plants/nm/lea/9680/96807e67-097f-11ed-a5d8-00505681224b.pdf","d9buor15jqeg00e8jpmg","1","OCR failed. Command: tesseract /tmp/diml/pngs/d9buor15jqeg00e8jpmg/d9buor15jqeg00e8jpmg.0004.png /tmp/diml/ocr_results/d9buor15jqeg00e8jpmg/d9buor15jqeg00e8jpmg.0004 --oem 1 -l eng --psm 1 . Error: Error in pixCreateHeader: requested w = 36429, h = 60000, d = 8 Error in pixCreateHeader: requested by","NULL","2026-07-17 00:15:53.717","NULL","NULL"
"447b4583-097f-11ed-a7b6-00505681224b","s3://enverus-courthouse-prod-chd-plants/nm/lea/447b/447b4583-097f-11ed-a7b6-00505681224b.pdf","d9bt1phkf4s000f5vqh0","1","OCR failed. Command: tesseract /tmp/diml/pngs/d9bt1phkf4s000f5vqh0/d9bt1phkf4s000f5vqh0.0002.png /tmp/diml/ocr_results/d9bt1phkf4s000f5vqh0/d9bt1phkf4s000f5vqh0.0002 --oem 1 -l eng --psm 1 . Error: Error in pixCreateHeader: requested w = 36429, h = 60000, d = 8 Error in pixCreateHeader: requested by","NULL","2026-07-17 00:15:53.717","NULL","NULL"
"2723c19b-0980-11ed-833a-00505681224b","s3://enverus-courthouse-prod-chd-plants/nm/lea/2723/2723c19b-0980-11ed-833a-00505681224b.pdf","d9buqk41kr4g008fj0e0","1","OCR failed. Command: tesseract /tmp/diml/pngs/d9buqk41kr4g008fj0e0/d9buqk41kr4g008fj0e0.0001.png /tmp/diml/ocr_results/d9buqk41kr4g008fj0e0/d9buqk41kr4g008fj0e0.0001 --oem 1 -l eng --psm 1 . Error: Error in pixCreateHeader: requested w = 36429, h = 60000, d = 8 Error in pixCreateHeader: requested by","NULL","2026-07-17 00:15:53.717","NULL","NULL"
"a3f3476f-d733-11ec-9640-00505681224b","s3://enverus-courthouse-prod-chd-plants/nm/eog_lea/a3f3/a3f3476f-d733-11ec-9640-00505681224b.pdf","d9bto9sogvn0009arnkg","1","OCR failed. Command: tesseract /tmp/diml/pngs/d9bto9sogvn0009arnkg/d9bto9sogvn0009arnkg.0003.png /tmp/diml/ocr_results/d9bto9sogvn0009arnkg/d9bto9sogvn0009arnkg.0003 --oem 1 -l eng --psm 1 . Error: Error in pixCreateHeader: requested w = 36429, h = 60000, d = 8 Error in pixCreateHeader: requested by","NULL","2026-07-17 00:15:53.717","NULL","NULL"
"471981dd-d733-11ec-8f93-00505681224b","s3://enverus-courthouse-prod-chd-plants/nm/lea/4719/471981dd-d733-11ec-8f93-00505681224b.pdf","d9bt7v7ak35000865v50","1","OCR failed. Command: tesseract /tmp/diml/pngs/d9bt7v7ak35000865v50/d9bt7v7ak35000865v50.0003.png /tmp/diml/ocr_results/d9bt7v7ak35000865v50/d9bt7v7ak35000865v50.0003 --oem 1 -l eng --psm 1 . Error: Error in pixCreateHeader: requested w = 36429, h = 60000, d = 8 Error in pixCreateHeader: requested by","NULL","2026-07-17 00:15:53.717","NULL","NULL"
"e7e10f05-097f-11ed-a3f5-00505681224b","s3://enverus-courthouse-prod-chd-plants/nm/lea/e7e1/e7e10f05-097f-11ed-a3f5-00505681224b.pdf","d9bu7h9kf4s000f7g0n0","1","OCR failed. Command: tesseract /tmp/diml/pngs/d9bu7h9kf4s000f7g0n0/d9bu7h9kf4s000f7g0n0.0007.png /tmp/diml/ocr_results/d9bu7h9kf4s000f7g0n0/d9bu7h9kf4s000f7g0n0.0007 --oem 1 -l eng --psm 1 . Error: Error in pixCreateHeader: requested w = 36429, h = 60000, d = 8 Error in pixCreateHeader: requested by","NULL","2026-07-17 00:15:53.717","NULL","NULL"
"447af756-097f-11ed-b7fd-00505681224b","s3://enverus-courthouse-prod-chd-plants/nm/lea/447a/447af756-097f-11ed-b7fd-00505681224b.pdf","d9btca19ha2000c6347g","1","OCR failed. Command: tesseract /tmp/diml/pngs/d9btca19ha2000c6347g/d9btca19ha2000c6347g.0001.png /tmp/diml/ocr_results/d9btca19ha2000c6347g/d9btca19ha2000c6347g.0001 --oem 1 -l eng --psm 1 . Error: Error in pixCreateHeader: requested w = 36429, h = 60000, d = 8 Error in pixCreateHeader: requested by","NULL","2026-07-17 00:15:53.717","NULL","NULL"
"67e5f70e-097f-11ed-a79b-00505681224b","s3://enverus-courthouse-prod-chd-plants/nm/lea/67e5/67e5f70e-097f-11ed-a79b-00505681224b.pdf","d9bsnqnr2ffg00dutfv0","1","OCR failed. Command: tesseract /tmp/diml/pngs/d9bsnqnr2ffg00dutfv0/d9bsnqnr2ffg00dutfv0.0003.png /tmp/diml/ocr_results/d9bsnqnr2ffg00dutfv0/d9bsnqnr2ffg00dutfv0.0003 --oem 1 -l eng --psm 1 . Error: Error in pixCreateHeader: requested w = 36429, h = 60000, d = 8 Error in pixCreateHeader: requested by","NULL","2026-07-17 00:15:53.717","NULL","NULL"
"bc093a98-42b7-11ec-ac3d-00505681224b","s3://enverus-courthouse-prod-chd-plants/nm/eog_lea/bc09/bc093a98-42b7-11ec-ac3d-00505681224b.pdf","d9bto3chn77000fabseg","1","OCR failed. Command: tesseract /tmp/diml/pngs/d9bto3chn77000fabseg/d9bto3chn77000fabseg.0001.png /tmp/diml/ocr_results/d9bto3chn77000fabseg/d9bto3chn77000fabseg.0001 --oem 1 -l eng --psm 1 . Error: Error in pixCreateHeader: requested w = 36429, h = 60000, d = 8 Error in pixCreateHeader: requested by","NULL","2026-07-17 00:15:53.717","NULL","NULL"
"008107D4-6B16-4118-9E0A-9496AFACAF1B","s3://enverus-courthouse-prod-chd-plants/tx/training_pecos/0081/008107D4-6B16-4118-9E0A-9496AFACAF1B.pdf","d9buhsjk4o90008a2lhg","1","No pdf could be downloaded, error=PDF file tx/training_pecos/0081/008107D4-6B16-4118-9E0A-9496AFACAF1B.pdf is too large to be processed, size=1.1168604120612144 GB","NULL","2026-07-17 00:15:53.717","NULL","NULL"
"a136dbb5-bc7b-11ec-925e-00505681224b","s3://enverus-courthouse-prod-chd-plants/nm/lea/a136/a136dbb5-bc7b-11ec-925e-00505681224b.pdf","d9bt3n9hd6mg00blt2tg","1","OCR failed. Command: tesseract /tmp/diml/pngs/d9bt3n9hd6mg00blt2tg/d9bt3n9hd6mg00blt2tg.0007.png /tmp/diml/ocr_results/d9bt3n9hd6mg00blt2tg/d9bt3n9hd6mg00blt2tg.0007 --oem 1 -l eng --psm 1 . Error: Error in pixCreateHeader: requested w = 36429, h = 60000, d = 8 Error in pixCreateHeader: requested by","NULL","2026-07-17 00:15:53.717","NULL","NULL"
"c2448568-3ec2-11ec-8111-00505681224b","s3://enverus-courthouse-prod-chd-plants/nm/lea/c244/c2448568-3ec2-11ec-8111-00505681224b.pdf","d9budsgisvug00fuch0g","1","OCR failed. Command: tesseract /tmp/diml/pngs/d9budsgisvug00fuch0g/d9budsgisvug00fuch0g.0001.png /tmp/diml/ocr_results/d9budsgisvug00fuch0g/d9budsgisvug00fuch0g.0001 --oem 1 -l eng --psm 1 . Error: Error in pixCreateHeader: requested w = 36429, h = 60000, d = 8 Error in pixCreateHeader: requested by","NULL","2026-07-17 00:15:53.717","NULL","NULL"
"cb6ba53f-a5b1-11ec-87db-00505681224b","s3://enverus-courthouse-prod-chd-plants/nm/lea/cb6b/cb6ba53f-a5b1-11ec-87db-00505681224b.pdf","d9bubqs1kr4g008etkb0","1","OCR failed. Command: tesseract /tmp/diml/pngs/d9bubqs1kr4g008etkb0/d9bubqs1kr4g008etkb0.0001.png /tmp/diml/ocr_results/d9bubqs1kr4g008etkb0/d9bubqs1kr4g008etkb0.0001 --oem 1 -l eng --psm 1 . Error: Error in pixCreateHeader: requested w = 36429, h = 60000, d = 8 Error in pixCreateHeader: requested by","NULL","2026-07-17 00:15:53.717","NULL","NULL"
"7f949826-04a3-4895-82a3-2304aa21cc92","s3://enverus-courthouse-prod-chd-plants/tx/grimes/7f94/7f949826-04a3-4895-82a3-2304aa21cc92.pdf","d9bu58phd6mg00bn6ubg","1","No pdf could be downloaded, error=PDF file tx/grimes/7f94/7f949826-04a3-4895-82a3-2304aa21cc92.pdf is too large to be processed, size=2.139272315427661 GB","NULL","2026-07-17 00:15:53.717","NULL","NULL"
"8c653176-bc7b-11ec-be74-00505681224b","s3://enverus-courthouse-prod-chd-plants/nm/lea/8c65/8c653176-bc7b-11ec-be74-00505681224b.pdf","d9bsus7ak3500085sf20","1","OCR failed. Command: tesseract /tmp/diml/pngs/d9bsus7ak3500085sf20/d9bsus7ak3500085sf20.0014.png /tmp/diml/ocr_results/d9bsus7ak3500085sf20/d9bsus7ak3500085sf20.0014 --oem 1 -l eng --psm 1 . Error: Error in pixCreateHeader: requested w = 36429, h = 60000, d = 8 Error in pixCreateHeader: requested by","NULL","2026-07-17 00:15:53.717","NULL","NULL"
"ca5b87ca-097e-11ed-a622-00505681224b","s3://enverus-courthouse-prod-chd-plants/nm/eog_lea/ca5b/ca5b87ca-097e-11ed-a622-00505681224b.pdf","d9bu45k1kr4g008ei2h0","1","OCR failed. Command: tesseract /tmp/diml/pngs/d9bu45k1kr4g008ei2h0/d9bu45k1kr4g008ei2h0.0009.png /tmp/diml/ocr_results/d9bu45k1kr4g008ei2h0/d9bu45k1kr4g008ei2h0.0009 --oem 1 -l eng --psm 1 . Error: Error in pixCreateHeader: requested w = 36429, h = 60000, d = 8 Error in pixCreateHeader: requested by","NULL","2026-07-17 00:15:53.717","NULL","NULL"
"38628967-3fba-11eb-abe8-00505681224b","s3://enverus-courthouse-prod-chd-plants/nm/eog_lea/3862/38628967-3fba-11eb-abe8-00505681224b.pdf","d9buf51d6jhg0084ftl0","1","OCR failed. Command: tesseract /tmp/diml/pngs/d9buf51d6jhg0084ftl0/d9buf51d6jhg0084ftl0.0003.png /tmp/diml/ocr_results/d9buf51d6jhg0084ftl0/d9buf51d6jhg0084ftl0.0003 --oem 1 -l eng --psm 1 . Error: Error in pixCreateHeader: requested w = 36429, h = 60000, d = 8 Error in pixCreateHeader: requested by","NULL","2026-07-17 00:10:32.653","NULL","NULL"
"74f322e5-3fb9-11eb-a110-00505681224b","s3://enverus-courthouse-prod-chd-plants/nm/eog_lea/74f3/74f322e5-3fb9-11eb-a110-00505681224b.pdf","d9bu1i3k4o900089ao90","1","OCR failed. Command: tesseract /tmp/diml/pngs/d9bu1i3k4o900089ao90/d9bu1i3k4o900089ao90.0001.png /tmp/diml/ocr_results/d9bu1i3k4o900089ao90/d9bu1i3k4o900089ao90.0001 --oem 1 -l eng --psm 1 . Error: Error in pixCreateHeader: requested w = 36429, h = 60000, d = 8 Error in pixCreateHeader: requested by","NULL","2026-07-17 00:10:32.653","NULL","NULL"
"1b5fc2d8-d733-11ec-b525-00505681224b","s3://enverus-courthouse-prod-chd-plants/nm/lea/1b5f/1b5fc2d8-d733-11ec-b525-00505681224b.pdf","d9btpmsogvn0009atnj0","1","OCR failed. Command: tesseract /tmp/diml/pngs/d9btpmsogvn0009atnj0/d9btpmsogvn0009atnj0.0001.png /tmp/diml/ocr_results/d9btpmsogvn0009atnj0/d9btpmsogvn0009atnj0.0001 --oem 1 -l eng --psm 1 . Error: Error in pixCreateHeader: requested w = 36429, h = 60000, d = 8 Error in pixCreateHeader: requested by","NULL","2026-07-17 00:10:32.653","NULL","NULL"
"c2439b02-3ec2-11ec-be77-00505681224b","s3://enverus-courthouse-prod-chd-plants/nm/lea/c243/c2439b02-3ec2-11ec-be77-00505681224b.pdf","d9bt26vak350008600f0","1","OCR failed. Command: tesseract /tmp/diml/pngs/d9bt26vak350008600f0/d9bt26vak350008600f0.0001.png /tmp/diml/ocr_results/d9bt26vak350008600f0/d9bt26vak350008600f0.0001 --oem 1 -l eng --psm 1 . Error: Error in pixCreateHeader: requested w = 36429, h = 60000, d = 8 Error in pixCreateHeader: requested by","NULL","2026-07-17 00:10:32.653","NULL","NULL"
"e7e1f920-097f-11ed-99af-00505681224b","s3://enverus-courthouse-prod-chd-plants/nm/lea/e7e1/e7e1f920-097f-11ed-99af-00505681224b.pdf","d9btaip5jqeg00e6jqag","1","OCR failed. Command: tesseract /tmp/diml/pngs/d9btaip5jqeg00e6jqag/d9btaip5jqeg00e6jqag.0005.png /tmp/diml/ocr_results/d9btaip5jqeg00e6jqag/d9btaip5jqeg00e6jqag.0005 --oem 1 -l eng --psm 1 . Error: Error in pixCreateHeader: requested w = 36429, h = 60000, d = 8 Error in pixCreateHeader: requested by","NULL","2026-07-17 00:10:32.653","NULL","NULL"
"1b36548d-3df8-11ec-8101-00505681224b","s3://enverus-courthouse-prod-chd-plants/nm/lea/1b36/1b36548d-3df8-11ec-8101-00505681224b.pdf","d9buquvak3500088beq0","1","OCR failed. Command: tesseract /tmp/diml/pngs/d9buquvak3500088beq0/d9buquvak3500088beq0.0001.png /tmp/diml/ocr_results/d9buquvak3500088beq0/d9buquvak3500088beq0.0001 --oem 1 -l eng --psm 1 . Error: Error in pixCreateHeader: requested w = 36429, h = 60000, d = 8 Error in pixCreateHeader: requested by","NULL","2026-07-17 00:10:32.653","NULL","NULL"
"670c1fe3-3f8a-11ec-9e8e-00505681224b","s3://enverus-courthouse-prod-chd-plants/nm/lea/670c/670c1fe3-3f8a-11ec-9e8e-00505681224b.pdf","d9bti0oisvug00ft6atg","1","OCR failed. Command: tesseract /tmp/diml/pngs/d9bti0oisvug00ft6atg/d9bti0oisvug00ft6atg.0001.png /tmp/diml/ocr_results/d9bti0oisvug00ft6atg/d9bti0oisvug00ft6atg.0001 --oem 1 -l eng --psm 1 . Error: Error in pixCreateHeader: requested w = 36429, h = 60000, d = 8 Error in pixCreateHeader: requested by","NULL","2026-07-17 00:10:32.653","NULL","NULL"
"d32cae69-bc7b-11ec-bd44-00505681224b","s3://enverus-courthouse-prod-chd-plants/nm/eog_lea/d32c/d32cae69-bc7b-11ec-bd44-00505681224b.pdf","d9btqm3delo000dueaog","1","OCR failed. Command: tesseract /tmp/diml/pngs/d9btqm3delo000dueaog/d9btqm3delo000dueaog.0002.png /tmp/diml/ocr_results/d9btqm3delo000dueaog/d9btqm3delo000dueaog.0002 --oem 1 -l eng --psm 1 . Error: Error in pixCreateHeader: requested w = 36429, h = 60000, d = 8 Error in pixCreateHeader: requested by","NULL","2026-07-17 00:10:32.653","NULL","NULL"
"4dd11f5f-427c-4c79-b385-1765df0b276d","s3://enverus-courthouse-prod-chd-plants/tx/tarrant/4dd1/4dd11f5f-427c-4c79-b385-1765df0b276d.pdf","c74v8bggdkfg00cpuf60","1","No pdf could be downloaded, error=PDF file c74v8bggdkfg00cpuf60/c74v8bm22pr000dvtt6g/D221364271.pdf is too large to be processed, size=3.036437887698412 GB","NULL","2026-07-17 00:10:32.653","NULL","NULL"
"1b373ed5-3df8-11ec-9921-00505681224b","s3://enverus-courthouse-prod-chd-plants/nm/lea/1b37/1b373ed5-3df8-11ec-9921-00505681224b.pdf","d9bso1llksng008dfvb0","1","OCR failed. Command: tesseract /tmp/diml/pngs/d9bso1llksng008dfvb0/d9bso1llksng008dfvb0.0001.png /tmp/diml/ocr_results/d9bso1llksng008dfvb0/d9bso1llksng008dfvb0.0001 --oem 1 -l eng --psm 1 . Error: Error in pixCreateHeader: requested w = 36429, h = 60000, d = 8 Error in pixCreateHeader: requested by","NULL","2026-07-17 00:10:32.653","NULL","NULL"
"D44F3702-ECC6-414B-A254-895559AB20E4","s3://enverus-courthouse-prod-chd-plants/tx/training_martin/D44F/D44F3702-ECC6-414B-A254-895559AB20E4.pdf","d9bu2vjk4o900089d240","1","No pdf could be downloaded, error=PDF file tx/training_martin/D44F/D44F3702-ECC6-414B-A254-895559AB20E4.pdf is too large to be processed, size=1.3519760128110647 GB","NULL","2026-07-17 00:05:07.850","NULL","NULL"
"4719d00d-d733-11ec-bfc2-00505681224b","s3://enverus-courthouse-prod-chd-plants/nm/lea/4719/4719d00d-d733-11ec-bfc2-00505681224b.pdf","d9buoir1f5dg00bf7a30","1","OCR failed. Command: tesseract /tmp/diml/pngs/d9buoir1f5dg00bf7a30/d9buoir1f5dg00bf7a30.0001.png /tmp/diml/ocr_results/d9buoir1f5dg00bf7a30/d9buoir1f5dg00bf7a30.0001 --oem 1 -l eng --psm 1 . Error: Error in pixCreateHeader: requested w = 36429, h = 60000, d = 8 Error in pixCreateHeader: requested by","NULL","2026-07-17 00:05:07.850","NULL","NULL"
"74ed7d58-3fb9-11eb-8093-00505681224b","s3://enverus-courthouse-prod-chd-plants/nm/eog_lea/74ed/74ed7d58-3fb9-11eb-8093-00505681224b.pdf","d9bu3o0isvug00ftt7fg","1","OCR failed. Command: tesseract /tmp/diml/pngs/d9bu3o0isvug00ftt7fg/d9bu3o0isvug00ftt7fg.0019.png /tmp/diml/ocr_results/d9bu3o0isvug00ftt7fg/d9bu3o0isvug00ftt7fg.0019 --oem 1 -l eng --psm 1 . Error: Error in pixCreateHeader: requested w = 36429, h = 60000, d = 8 Error in pixCreateHeader: requested by","NULL","2026-07-17 00:05:07.850","NULL","NULL"
"aec4515c-a5b1-11ec-8708-00505681224b","s3://enverus-courthouse-prod-chd-plants/nm/lea/aec4/aec4515c-a5b1-11ec-8708-00505681224b.pdf","d9bulcm89gsg00fhism0","1","OCR failed. Command: tesseract /tmp/diml/pngs/d9bulcm89gsg00fhism0/d9bulcm89gsg00fhism0.0001.png /tmp/diml/ocr_results/d9bulcm89gsg00fhism0/d9bulcm89gsg00fhism0.0001 --oem 1 -l eng --psm 1 . Error: Error in pixCreateHeader: requested w = 36429, h = 60000, d = 8 Error in pixCreateHeader: requested by","NULL","2026-07-17 00:05:07.850","NULL","NULL"
"42a824a7-0980-11ed-a1e3-00505681224b","s3://enverus-courthouse-prod-chd-plants/nm/lea/42a8/42a824a7-0980-11ed-a1e3-00505681224b.pdf","d9budosogvn0009bq230","1","OCR failed. Command: tesseract /tmp/diml/pngs/d9budosogvn0009bq230/d9budosogvn0009bq230.0003.png /tmp/diml/ocr_results/d9budosogvn0009bq230/d9budosogvn0009bq230.0003 --oem 1 -l eng --psm 1 . Error: Error in pixCreateHeader: requested w = 36429, h = 60000, d = 8 Error in pixCreateHeader: requested by","NULL","2026-07-17 00:05:07.850","NULL","NULL"
"670b83c0-3f8a-11ec-8185-00505681224b","s3://enverus-courthouse-prod-chd-plants/nm/lea/670b/670b83c0-3f8a-11ec-8185-00505681224b.pdf","d9btauk1kr4g008dhevg","1","OCR failed. Command: tesseract /tmp/diml/pngs/d9btauk1kr4g008dhevg/d9btauk1kr4g008dhevg.0001.png /tmp/diml/ocr_results/d9btauk1kr4g008dhevg/d9btauk1kr4g008dhevg.0001 --oem 1 -l eng --psm 1 . Error: Error in pixCreateHeader: requested w = 36429, h = 60000, d = 8 Error in pixCreateHeader: requested by","NULL","2026-07-17 00:05:07.850","NULL","NULL"
"1b5dc705-d733-11ec-9d05-00505681224b","s3://enverus-courthouse-prod-chd-plants/nm/lea/1b5d/1b5dc705-d733-11ec-9d05-00505681224b.pdf","d9bul6hkf4s000f840ag","1","OCR failed. Command: tesseract /tmp/diml/pngs/d9bul6hkf4s000f840ag/d9bul6hkf4s000f840ag.0001.png /tmp/diml/ocr_results/d9bul6hkf4s000f840ag/d9bul6hkf4s000f840ag.0001 --oem 1 -l eng --psm 1 . Error: Error in pixCreateHeader: requested w = 36429, h = 60000, d = 8 Error in pixCreateHeader: requested by","NULL","2026-07-17 00:05:07.850","NULL","NULL"
"0656da89-d733-11ec-8d4c-00505681224b","s3://enverus-courthouse-prod-chd-plants/nm/lea/0656/0656da89-d733-11ec-8d4c-00505681224b.pdf","d9bt3c22oub000e1bedg","1","OCR failed. Command: tesseract /tmp/diml/pngs/d9bt3c22oub000e1bedg/d9bt3c22oub000e1bedg.0012.png /tmp/diml/ocr_results/d9bt3c22oub000e1bedg/d9bt3c22oub000e1bedg.0012 --oem 1 -l eng --psm 1 . Error: Error in pixCreateHeader: requested w = 36429, h = 60000, d = 8 Error in pixCreateHeader: requested by","NULL","2026-07-17 00:05:07.850","NULL","NULL"
"bc08eca0-42b7-11ec-a343-00505681224b","s3://enverus-courthouse-prod-chd-plants/nm/eog_lea/bc08/bc08eca0-42b7-11ec-a343-00505681224b.pdf","d9buokfr2ffg00e1gfp0","1","OCR failed. Command: tesseract /tmp/diml/pngs/d9buokfr2ffg00e1gfp0/d9buokfr2ffg00e1gfp0.0001.png /tmp/diml/ocr_results/d9buokfr2ffg00e1gfp0/d9buokfr2ffg00e1gfp0.0001 --oem 1 -l eng --psm 1 . Error: Error in pixCreateHeader: requested w = 36429, h = 60000, d = 8 Error in pixCreateHeader: requested by","NULL","2026-07-17 00:05:07.850","NULL","NULL"
"67e66c4e-097f-11ed-95f5-00505681224b","s3://enverus-courthouse-prod-chd-plants/nm/lea/67e6/67e66c4e-097f-11ed-95f5-00505681224b.pdf","d9bubkrte9l000f8u5m0","1","OCR failed. Command: tesseract /tmp/diml/pngs/d9bubkrte9l000f8u5m0/d9bubkrte9l000f8u5m0.0001.png /tmp/diml/ocr_results/d9bubkrte9l000f8u5m0/d9bubkrte9l000f8u5m0.0001 --oem 1 -l eng --psm 1 . Error: Error in pixCreateHeader: requested w = 36429, h = 60000, d = 8 Error in pixCreateHeader: requested by","NULL","2026-07-17 00:05:07.850","NULL","NULL"
"aec47874-a5b1-11ec-b77b-00505681224b","s3://enverus-courthouse-prod-chd-plants/nm/lea/aec4/aec47874-a5b1-11ec-b77b-00505681224b.pdf","d9btqg0isvug00ftge0g","1","OCR failed. Command: tesseract /tmp/diml/pngs/d9btqg0isvug00ftge0g/d9btqg0isvug00ftge0g.0001.png /tmp/diml/ocr_results/d9btqg0isvug00ftge0g/d9btqg0isvug00ftge0g.0001 --oem 1 -l eng --psm 1 . Error: Error in pixCreateHeader: requested w = 36429, h = 60000, d = 8 Error in pixCreateHeader: requested by","NULL","2026-07-17 00:05:07.850","NULL","NULL"
"ca5b87c1-097e-11ed-8eed-00505681224b","s3://enverus-courthouse-prod-chd-plants/nm/eog_lea/ca5b/ca5b87c1-097e-11ed-8eed-00505681224b.pdf","d9bu0ec1kr4g008ec7qg","1","OCR failed. Command: tesseract /tmp/diml/pngs/d9bu0ec1kr4g008ec7qg/d9bu0ec1kr4g008ec7qg.0002.png /tmp/diml/ocr_results/d9bu0ec1kr4g008ec7qg/d9bu0ec1kr4g008ec7qg.0002 --oem 1 -l eng --psm 1 . Error: Error in pixCreateHeader: requested w = 36429, h = 60000, d = 8 Error in pixCreateHeader: requested by","NULL","2026-07-17 00:05:07.850","NULL","NULL"
"c83ed1ce-8bcb-11ec-b7b9-00505681224b","s3://enverus-courthouse-prod-chd-plants/nm/lea/c83e/c83ed1ce-8bcb-11ec-b7b9-00505681224b.pdf","d9btcb859fgg00e1mi7g","1","OCR failed. Command: tesseract /tmp/diml/pngs/d9btcb859fgg00e1mi7g/d9btcb859fgg00e1mi7g.0001.png /tmp/diml/ocr_results/d9btcb859fgg00e1mi7g/d9btcb859fgg00e1mi7g.0001 --oem 1 -l eng --psm 1 . Error: Error in pixCreateHeader: requested w = 36429, h = 60000, d = 8 Error in pixCreateHeader: requested by","NULL","2026-07-17 00:05:07.850","NULL","NULL"
"e7e2475c-097f-11ed-bc42-00505681224b","s3://enverus-courthouse-prod-chd-plants/nm/lea/e7e2/e7e2475c-097f-11ed-bc42-00505681224b.pdf","d9btc9vpfcq000ff140g","1","OCR failed. Command: tesseract /tmp/diml/pngs/d9btc9vpfcq000ff140g/d9btc9vpfcq000ff140g.0001.png /tmp/diml/ocr_results/d9btc9vpfcq000ff140g/d9btc9vpfcq000ff140g.0001 --oem 1 -l eng --psm 1 . Error: Error in pixCreateHeader: requested w = 36429, h = 60000, d = 8 Error in pixCreateHeader: requested by","NULL","2026-07-17 00:05:07.850","NULL","NULL"
"447ad048-097f-11ed-93bd-00505681224b","s3://enverus-courthouse-prod-chd-plants/nm/lea/447a/447ad048-097f-11ed-93bd-00505681224b.pdf","d9bts0j6g7ig00fvqs3g","1","OCR failed. Command: tesseract /tmp/diml/pngs/d9bts0j6g7ig00fvqs3g/d9bts0j6g7ig00fvqs3g.0005.png /tmp/diml/ocr_results/d9bts0j6g7ig00fvqs3g/d9bts0j6g7ig00fvqs3g.0005 --oem 1 -l eng --psm 1 . Error: Error in pixCreateHeader: requested w = 36429, h = 60000, d = 8 Error in pixCreateHeader: requested by","NULL","2026-07-16 23:58:15.370","NULL","NULL"
"471981d9-d733-11ec-8f67-00505681224b","s3://enverus-courthouse-prod-chd-plants/nm/lea/4719/471981d9-d733-11ec-8f67-00505681224b.pdf","d9buiaeicpjg00dd71eg","1","OCR failed. Command: tesseract /tmp/diml/pngs/d9buiaeicpjg00dd71eg/d9buiaeicpjg00dd71eg.0003.png /tmp/diml/ocr_results/d9buiaeicpjg00dd71eg/d9buiaeicpjg00dd71eg.0003 --oem 1 -l eng --psm 1 . Error: Error in pixCreateHeader: requested w = 36429, h = 60000, d = 8 Error in pixCreateHeader: requested by","NULL","2026-07-16 23:58:15.370","NULL","NULL"
"c83f46f1-8bcb-11ec-a92c-00505681224b","s3://enverus-courthouse-prod-chd-plants/nm/lea/c83f/c83f46f1-8bcb-11ec-a92c-00505681224b.pdf","d9bt9gj6g7ig00fv460g","1","OCR failed. Command: tesseract /tmp/diml/pngs/d9bt9gj6g7ig00fv460g/d9bt9gj6g7ig00fv460g.0001.png /tmp/diml/ocr_results/d9bt9gj6g7ig00fv460g/d9bt9gj6g7ig00fv460g.0001 --oem 1 -l eng --psm 1 . Error: Error in pixCreateHeader: requested w = 36429, h = 60000, d = 8 Error in pixCreateHeader: requested by","NULL","2026-07-16 23:58:15.370","NULL","NULL"
"f59f934f-405b-11ec-a3b3-00505681224b","s3://enverus-courthouse-prod-chd-plants/nm/eog_lea/f59f/f59f934f-405b-11ec-a3b3-00505681224b.pdf","d9bto4bte9l000f82b70","1","OCR failed. Command: tesseract /tmp/diml/pngs/d9bto4bte9l000f82b70/d9bto4bte9l000f82b70.0005.png /tmp/diml/ocr_results/d9bto4bte9l000f82b70/d9bto4bte9l000f82b70.0005 --oem 1 -l eng --psm 1 . Error: Error in pixCreateHeader: requested w = 36429, h = 60000, d = 8 Error in pixCreateHeader: requested by","NULL","2026-07-16 23:58:15.370","NULL","NULL"
"ca5baeb2-097e-11ed-b234-00505681224b","s3://enverus-courthouse-prod-chd-plants/nm/eog_lea/ca5b/ca5baeb2-097e-11ed-b234-00505681224b.pdf","d9bt24brgi8g00beoa90","1","OCR failed. Command: tesseract /tmp/diml/pngs/d9bt24brgi8g00beoa90/d9bt24brgi8g00beoa90.0001.png /tmp/diml/ocr_results/d9bt24brgi8g00beoa90/d9bt24brgi8g00beoa90.0001 --oem 1 -l eng --psm 1 . Error: Error in pixCreateHeader: requested w = 36429, h = 60000, d = 8 Error in pixCreateHeader: requested by","NULL","2026-07-16 23:58:15.370","NULL","NULL"
"e7e10f08-097f-11ed-b7ad-00505681224b","s3://enverus-courthouse-prod-chd-plants/nm/lea/e7e1/e7e10f08-097f-11ed-b7ad-00505681224b.pdf","d9bsv6jdelo000dtehm0","1","OCR failed. Command: tesseract /tmp/diml/pngs/d9bsv6jdelo000dtehm0/d9bsv6jdelo000dtehm0.0003.png /tmp/diml/ocr_results/d9bsv6jdelo000dtehm0/d9bsv6jdelo000dtehm0.0003 --oem 1 -l eng --psm 1 . Error: Error in pixCreateHeader: requested w = 36429, h = 60000, d = 8 Error in pixCreateHeader: requested by","NULL","2026-07-16 23:58:15.370","NULL","NULL"
"bfc6642c-097f-11ed-8570-00505681224b","s3://enverus-courthouse-prod-chd-plants/nm/lea/bfc6/bfc6642c-097f-11ed-8570-00505681224b.pdf","d9buaec1kr4g008er3u0","1","OCR failed. Command: tesseract /tmp/diml/pngs/d9buaec1kr4g008er3u0/d9buaec1kr4g008er3u0.0001.png /tmp/diml/ocr_results/d9buaec1kr4g008er3u0/d9buaec1kr4g008er3u0.0001 --oem 1 -l eng --psm 1 . Error: Error in pixCreateHeader: requested w = 36429, h = 60000, d = 8 Error in pixCreateHeader: requested by","NULL","2026-07-16 23:58:15.370","NULL","NULL"
"e187848a-bc7b-11ec-897c-00505681224b","s3://enverus-courthouse-prod-chd-plants/nm/eog_lea/e187/e187848a-bc7b-11ec-897c-00505681224b.pdf","d9bume41kr4g008fd4jg","1","OCR failed. Command: tesseract /tmp/diml/pngs/d9bume41kr4g008fd4jg/d9bume41kr4g008fd4jg.0001.png /tmp/diml/ocr_results/d9bume41kr4g008fd4jg/d9bume41kr4g008fd4jg.0001 --oem 1 -l eng --psm 1 . Error: Error in pixCreateHeader: requested w = 36429, h = 60000, d = 8 Error in pixCreateHeader: requested by","NULL","2026-07-16 23:52:59.667","NULL","NULL"
"576b2be4-d733-11ec-9c05-00505681224b","s3://enverus-courthouse-prod-chd-plants/nm/lea/576b/576b2be4-d733-11ec-9c05-00505681224b.pdf","d9bue2vpfdig00fc2ue0","1","OCR failed. Command: tesseract /tmp/diml/pngs/d9bue2vpfdig00fc2ue0/d9bue2vpfdig00fc2ue0.0001.png /tmp/diml/ocr_results/d9bue2vpfdig00fc2ue0/d9bue2vpfdig00fc2ue0.0001 --oem 1 -l eng --psm 1 . Error: Error in pixCreateHeader: requested w = 36429, h = 60000, d = 8 Error in pixCreateHeader: requested by","NULL","2026-07-16 23:52:59.667","NULL","NULL"
"0656172c-d733-11ec-8a2a-00505681224b","s3://enverus-courthouse-prod-chd-plants/nm/lea/0656/0656172c-d733-11ec-8a2a-00505681224b.pdf","d9bthf99ha2000c68ojg","1","OCR failed. Command: tesseract /tmp/diml/pngs/d9bthf99ha2000c68ojg/d9bthf99ha2000c68ojg.0007.png /tmp/diml/ocr_results/d9bthf99ha2000c68ojg/d9bthf99ha2000c68ojg.0007 --oem 1 -l eng --psm 1 . Error: Error in pixCreateHeader: requested w = 36429, h = 60000, d = 8 Error in pixCreateHeader: requested by","NULL","2026-07-16 23:52:59.667","NULL","NULL"
"b5e1bc0e-d733-11ec-a7a3-00505681224b","s3://enverus-courthouse-prod-chd-plants/nm/eog_lea/b5e1/b5e1bc0e-d733-11ec-a7a3-00505681224b.pdf","d9btevkflnl000djjk20","1","OCR failed. Command: tesseract /tmp/diml/pngs/d9btevkflnl000djjk20/d9btevkflnl000djjk20.0001.png /tmp/diml/ocr_results/d9btevkflnl000djjk20/d9btevkflnl000djjk20.0001 --oem 1 -l eng --psm 1 . Error: Error in pixCreateHeader: requested w = 36429, h = 60000, d = 8 Error in pixCreateHeader: requested by","NULL","2026-07-16 23:52:59.667","NULL","NULL"
"f59f4545-405b-11ec-8c10-00505681224b","s3://enverus-courthouse-prod-chd-plants/nm/eog_lea/f59f/f59f4545-405b-11ec-8c10-00505681224b.pdf","d9bum3b1f5dg00bf3d80","1","OCR failed. Command: tesseract /tmp/diml/pngs/d9bum3b1f5dg00bf3d80/d9bum3b1f5dg00bf3d80.0001.png /tmp/diml/ocr_results/d9bum3b1f5dg00bf3d80/d9bum3b1f5dg00bf3d80.0001 --oem 1 -l eng --psm 1 . Error: Error in pixCreateHeader: requested w = 36429, h = 60000, d = 8 Error in pixCreateHeader: requested by","NULL","2026-07-16 23:52:59.667","NULL","NULL"
"bc087768-42b7-11ec-8bd5-00505681224b","s3://enverus-courthouse-prod-chd-plants/nm/eog_lea/bc08/bc087768-42b7-11ec-8bd5-00505681224b.pdf","d9bu66h5jqeg00e7nt30","1","OCR failed. Command: tesseract /tmp/diml/pngs/d9bu66h5jqeg00e7nt30/d9bu66h5jqeg00e7nt30.0002.png /tmp/diml/ocr_results/d9bu66h5jqeg00e7nt30/d9bu66h5jqeg00e7nt30.0002 --oem 1 -l eng --psm 1 . Error: Error in pixCreateHeader: requested w = 36429, h = 60000, d = 8 Error in pixCreateHeader: requested by","NULL","2026-07-16 23:52:59.667","NULL","NULL"
"bfc72795-097f-11ed-863c-00505681224b","s3://enverus-courthouse-prod-chd-plants/nm/lea/bfc7/bfc72795-097f-11ed-863c-00505681224b.pdf","d9btrrrk4o9000892u9g","1","OCR failed. Command: tesseract /tmp/diml/pngs/d9btrrrk4o9000892u9g/d9btrrrk4o9000892u9g.0004.png /tmp/diml/ocr_results/d9btrrrk4o9000892u9g/d9btrrrk4o9000892u9g.0004 --oem 1 -l eng --psm 1 . Error: Error in pixCreateHeader: requested w = 36429, h = 60000, d = 8 Error in pixCreateHeader: requested by","NULL","2026-07-16 23:52:59.667","NULL","NULL"
"a3f36e6f-d733-11ec-8b9e-00505681224b","s3://enverus-courthouse-prod-chd-plants/nm/eog_lea/a3f3/a3f36e6f-d733-11ec-8b9e-00505681224b.pdf","d9bt0lhhd6mg00blpumg","1","OCR failed. Command: tesseract /tmp/diml/pngs/d9bt0lhhd6mg00blpumg/d9bt0lhhd6mg00blpumg.0026.png /tmp/diml/ocr_results/d9bt0lhhd6mg00blpumg/d9bt0lhhd6mg00blpumg.0026 --oem 1 -l eng --psm 1 . Error: Error in pixCreateHeader: requested w = 36429, h = 60000, d = 8 Error in pixCreateHeader: requested by","NULL","2026-07-16 23:52:59.667","NULL","NULL"
"447af744-097f-11ed-a214-00505681224b","s3://enverus-courthouse-prod-chd-plants/nm/lea/447a/447af744-097f-11ed-a214-00505681224b.pdf","d9btvfkflnl000dk82v0","1","OCR failed. Command: tesseract /tmp/diml/pngs/d9btvfkflnl000dk82v0/d9btvfkflnl000dk82v0.0006.png /tmp/diml/ocr_results/d9btvfkflnl000dk82v0/d9btvfkflnl000dk82v0.0006 --oem 1 -l eng --psm 1 . Error: Error in pixCreateHeader: requested w = 36429, h = 60000, d = 8 Error in pixCreateHeader: requested by","NULL","2026-07-16 23:52:59.667","NULL","NULL"
"ca5b87b1-097e-11ed-85ec-00505681224b","s3://enverus-courthouse-prod-chd-plants/nm/eog_lea/ca5b/ca5b87b1-097e-11ed-85ec-00505681224b.pdf","d9buk6q2oub000e3c8c0","1","OCR failed. Command: tesseract /tmp/diml/pngs/d9buk6q2oub000e3c8c0/d9buk6q2oub000e3c8c0.0001.png /tmp/diml/ocr_results/d9buk6q2oub000e3c8c0/d9buk6q2oub000e3c8c0.0001 --oem 1 -l eng --psm 1 . Error: Error in pixCreateHeader: requested w = 36429, h = 60000, d = 8 Error in pixCreateHeader: requested by","NULL","2026-07-16 23:47:00.710","NULL","NULL"
"670b357b-3f8a-11ec-8bba-00505681224b","s3://enverus-courthouse-prod-chd-plants/nm/lea/670b/670b357b-3f8a-11ec-8bba-00505681224b.pdf","d9bug5g30skg00d8mhr0","1","OCR failed. Command: tesseract /tmp/diml/pngs/d9bug5g30skg00d8mhr0/d9bug5g30skg00d8mhr0.0001.png /tmp/diml/ocr_results/d9bug5g30skg00d8mhr0/d9bug5g30skg00d8mhr0.0001 --oem 1 -l eng --psm 1 . Error: Error in pixCreateHeader: requested w = 36429, h = 60000, d = 8 Error in pixCreateHeader: requested by","NULL","2026-07-16 23:47:00.710","NULL","NULL"
"bfc6d967-097f-11ed-b13d-00505681224b","s3://enverus-courthouse-prod-chd-plants/nm/lea/bfc6/bfc6d967-097f-11ed-b13d-00505681224b.pdf","d9bsnqfak3500085lnbg","1","OCR failed. Command: tesseract /tmp/diml/pngs/d9bsnqfak3500085lnbg/d9bsnqfak3500085lnbg.0001.png /tmp/diml/ocr_results/d9bsnqfak3500085lnbg/d9bsnqfak3500085lnbg.0001 --oem 1 -l eng --psm 1 . Error: Error in pixCreateHeader: requested w = 36429, h = 60000, d = 8 Error in pixCreateHeader: requested by","NULL","2026-07-16 23:47:00.710","NULL","NULL"
"c840cd8b-8bcb-11ec-bc04-00505681224b","s3://enverus-courthouse-prod-chd-plants/nm/lea/c840/c840cd8b-8bcb-11ec-bc04-00505681224b.pdf","d9bto7dlksng008ej9rg","1","OCR failed. Command: tesseract /tmp/diml/pngs/d9bto7dlksng008ej9rg/d9bto7dlksng008ej9rg.0001.png /tmp/diml/ocr_results/d9bto7dlksng008ej9rg/d9bto7dlksng008ej9rg.0001 --oem 1 -l eng --psm 1 . Error: Error in pixCreateHeader: requested w = 36429, h = 60000, d = 8 Error in pixCreateHeader: requested by","NULL","2026-07-16 23:47:00.710","NULL","NULL"
"ca5baec2-097e-11ed-b072-00505681224b","s3://enverus-courthouse-prod-chd-plants/nm/eog_lea/ca5b/ca5baec2-097e-11ed-b072-00505681224b.pdf","d9btlgvpfcq000ffbvr0","1","OCR failed. Command: tesseract /tmp/diml/pngs/d9btlgvpfcq000ffbvr0/d9btlgvpfcq000ffbvr0.0001.png /tmp/diml/ocr_results/d9btlgvpfcq000ffbvr0/d9btlgvpfcq000ffbvr0.0001 --oem 1 -l eng --psm 1 . Error: Error in pixCreateHeader: requested w = 36429, h = 60000, d = 8 Error in pixCreateHeader: requested by","NULL","2026-07-16 23:47:00.710","NULL","NULL"
"8c650a68-bc7b-11ec-9283-00505681224b","s3://enverus-courthouse-prod-chd-plants/nm/lea/8c65/8c650a68-bc7b-11ec-9283-00505681224b.pdf","d9btrmh5jqeg00e78rq0","1","OCR failed. Command: tesseract /tmp/diml/pngs/d9btrmh5jqeg00e78rq0/d9btrmh5jqeg00e78rq0.0001.png /tmp/diml/ocr_results/d9btrmh5jqeg00e78rq0/d9btrmh5jqeg00e78rq0.0001 --oem 1 -l eng --psm 1 . Error: Error in pixCreateHeader: requested w = 36429, h = 60000, d = 8 Error in pixCreateHeader: requested by","NULL","2026-07-16 23:47:00.710","NULL","NULL"
"38621428-3fba-11eb-8433-00505681224b","s3://enverus-courthouse-prod-chd-plants/nm/eog_lea/3862/38621428-3fba-11eb-8433-00505681224b.pdf","d9bu55j6g7ig00807oeg","1","OCR failed. Command: tesseract /tmp/diml/pngs/d9bu55j6g7ig00807oeg/d9bu55j6g7ig00807oeg.0001.png /tmp/diml/ocr_results/d9bu55j6g7ig00807oeg/d9bu55j6g7ig00807oeg.0001 --oem 1 -l eng --psm 1 . Error: Error in pixCreateHeader: requested w = 36429, h = 60000, d = 8 Error in pixCreateHeader: requested by","NULL","2026-07-16 23:47:00.710","NULL","NULL"
"8c649535-bc7b-11ec-be6c-00505681224b","s3://enverus-courthouse-prod-chd-plants/nm/lea/8c64/8c649535-bc7b-11ec-be6c-00505681224b.pdf","d9buphvr761000dgv910","1","OCR failed. Command: tesseract /tmp/diml/pngs/d9buphvr761000dgv910/d9buphvr761000dgv910.0001.png /tmp/diml/ocr_results/d9buphvr761000dgv910/d9buphvr761000dgv910.0001 --oem 1 -l eng --psm 1 . Error: Error in pixCreateHeader: requested w = 36429, h = 60000, d = 8 Error in pixCreateHeader: requested by","NULL","2026-07-16 23:47:00.710","NULL","NULL"
"0656b38d-d733-11ec-93b9-00505681224b","s3://enverus-courthouse-prod-chd-plants/nm/lea/0656/0656b38d-d733-11ec-93b9-00505681224b.pdf","d9bulillksng008ftfig","1","OCR failed. Command: tesseract /tmp/diml/pngs/d9bulillksng008ftfig/d9bulillksng008ftfig.0003.png /tmp/diml/ocr_results/d9bulillksng008ftfig/d9bulillksng008ftfig.0003 --oem 1 -l eng --psm 1 . Error: Error in pixCreateHeader: requested w = 36429, h = 60000, d = 8 Error in pixCreateHeader: requested by","NULL","2026-07-16 23:47:00.710","NULL","NULL"
"06563e64-d733-11ec-8a34-00505681224b","s3://enverus-courthouse-prod-chd-plants/nm/lea/0656/06563e64-d733-11ec-8a34-00505681224b.pdf","d9btoc4hn77000fachpg","1","OCR failed. Command: tesseract /tmp/diml/pngs/d9btoc4hn77000fachpg/d9btoc4hn77000fachpg.0001.png /tmp/diml/ocr_results/d9btoc4hn77000fachpg/d9btoc4hn77000fachpg.0001 --oem 1 -l eng --psm 1 . Error: Error in pixCreateHeader: requested w = 36429, h = 60000, d = 8 Error in pixCreateHeader: requested by","NULL","2026-07-16 23:47:00.710","NULL","NULL"
"f59f6c3b-405b-11ec-a408-00505681224b","s3://enverus-courthouse-prod-chd-plants/nm/eog_lea/f59f/f59f6c3b-405b-11ec-a408-00505681224b.pdf","d9btb6chn77000f9sl80","1","OCR failed. Command: tesseract /tmp/diml/pngs/d9btb6chn77000f9sl80/d9btb6chn77000f9sl80.0001.png /tmp/diml/ocr_results/d9btb6chn77000f9sl80/d9btb6chn77000f9sl80.0001 --oem 1 -l eng --psm 1 . Error: Error in pixCreateHeader: requested w = 36429, h = 60000, d = 8 Error in pixCreateHeader: requested by","NULL","2026-07-16 23:47:00.710","NULL","NULL"
"c2443732-3ec2-11ec-ab48-00505681224b","s3://enverus-courthouse-prod-chd-plants/nm/lea/c244/c2443732-3ec2-11ec-ab48-00505681224b.pdf","d9bu9lnpfdig00fbs9h0","1","OCR failed. Command: tesseract /tmp/diml/pngs/d9bu9lnpfdig00fbs9h0/d9bu9lnpfdig00fbs9h0.0001.png /tmp/diml/ocr_results/d9bu9lnpfdig00fbs9h0/d9bu9lnpfdig00fbs9h0.0001 --oem 1 -l eng --psm 1 . Error: Error in pixCreateHeader: requested w = 36429, h = 60000, d = 8 Error in pixCreateHeader: requested by","NULL","2026-07-16 23:47:00.710","NULL","NULL"
"bfc6d976-097f-11ed-9aaa-00505681224b","s3://enverus-courthouse-prod-chd-plants/nm/lea/bfc6/bfc6d976-097f-11ed-9aaa-00505681224b.pdf","d9bt813rgi8g00beullg","1","OCR failed. Command: tesseract /tmp/diml/pngs/d9bt813rgi8g00beullg/d9bt813rgi8g00beullg.0006.png /tmp/diml/ocr_results/d9bt813rgi8g00beullg/d9bt813rgi8g00beullg.0006 --oem 1 -l eng --psm 1 . Error: Error in pixCreateHeader: requested w = 36429, h = 60000, d = 8 Error in pixCreateHeader: requested by","NULL","2026-07-16 23:47:00.710","NULL","NULL"
"a136b4c4-bc7b-11ec-a1b7-00505681224b","s3://enverus-courthouse-prod-chd-plants/nm/lea/a136/a136b4c4-bc7b-11ec-a1b7-00505681224b.pdf","d9bu63rk4o900089hcrg","1","OCR failed. Command: tesseract /tmp/diml/pngs/d9bu63rk4o900089hcrg/d9bu63rk4o900089hcrg.0002.png /tmp/diml/ocr_results/d9bu63rk4o900089hcrg/d9bu63rk4o900089hcrg.0002 --oem 1 -l eng --psm 1 . Error: Error in pixCreateHeader: requested w = 36429, h = 60000, d = 8 Error in pixCreateHeader: requested by","NULL","2026-07-16 23:41:22.697","NULL","NULL"
"c83ef8e8-8bcb-11ec-8389-00505681224b","s3://enverus-courthouse-prod-chd-plants/nm/lea/c83e/c83ef8e8-8bcb-11ec-8389-00505681224b.pdf","d9bubb3te9l000f8te60","1","OCR failed. Command: tesseract /tmp/diml/pngs/d9bubb3te9l000f8te60/d9bubb3te9l000f8te60.0001.png /tmp/diml/ocr_results/d9bubb3te9l000f8te60/d9bubb3te9l000f8te60.0001 --oem 1 -l eng --psm 1 . Error: Error in pixCreateHeader: requested w = 36429, h = 60000, d = 8 Error in pixCreateHeader: requested by","NULL","2026-07-16 23:41:22.697","NULL","NULL"
"1b5f9bb2-d733-11ec-814e-00505681224b","s3://enverus-courthouse-prod-chd-plants/nm/lea/1b5f/1b5f9bb2-d733-11ec-814e-00505681224b.pdf","d9btccpkf4s000f6caig","1","OCR failed. Command: tesseract /tmp/diml/pngs/d9btccpkf4s000f6caig/d9btccpkf4s000f6caig.0005.png /tmp/diml/ocr_results/d9btccpkf4s000f6caig/d9btccpkf4s000f6caig.0005 --oem 1 -l eng --psm 1 . Error: Error in pixCreateHeader: requested w = 36429, h = 60000, d = 8 Error in pixCreateHeader: requested by","NULL","2026-07-16 23:41:22.697","NULL","NULL"
"576b04c5-d733-11ec-b249-00505681224b","s3://enverus-courthouse-prod-chd-plants/nm/lea/576b/576b04c5-d733-11ec-b249-00505681224b.pdf","d9budhh5jqeg00e82hjg","1","OCR failed. Command: tesseract /tmp/diml/pngs/d9budhh5jqeg00e82hjg/d9budhh5jqeg00e82hjg.0001.png /tmp/diml/ocr_results/d9budhh5jqeg00e82hjg/d9budhh5jqeg00e82hjg.0001 --oem 1 -l eng --psm 1 . Error: Error in pixCreateHeader: requested w = 36429, h = 60000, d = 8 Error in pixCreateHeader: requested by","NULL","2026-07-16 23:35:56.977","NULL","NULL"
"bfc74e8f-097f-11ed-ad1e-00505681224b","s3://enverus-courthouse-prod-chd-plants/nm/lea/bfc7/bfc74e8f-097f-11ed-ad1e-00505681224b.pdf","d9btakr1f5dg00bd85f0","1","OCR failed. Command: tesseract /tmp/diml/pngs/d9btakr1f5dg00bd85f0/d9btakr1f5dg00bd85f0.0001.png /tmp/diml/ocr_results/d9btakr1f5dg00bd85f0/d9btakr1f5dg00bd85f0.0001 --oem 1 -l eng --psm 1 . Error: Error in pixCreateHeader: requested w = 36429, h = 60000, d = 8 Error in pixCreateHeader: requested by","NULL","2026-07-16 23:35:56.977","NULL","NULL"
"96805741-097f-11ed-8445-00505681224b","s3://enverus-courthouse-prod-chd-plants/nm/lea/9680/96805741-097f-11ed-8445-00505681224b.pdf","d9bu1uhb0h1g00d0vpcg","1","OCR failed. Command: tesseract /tmp/diml/pngs/d9bu1uhb0h1g00d0vpcg/d9bu1uhb0h1g00d0vpcg.0006.png /tmp/diml/ocr_results/d9bu1uhb0h1g00d0vpcg/d9bu1uhb0h1g00d0vpcg.0006 --oem 1 -l eng --psm 1 . Error: Error in pixCreateHeader: requested w = 36429, h = 60000, d = 8 Error in pixCreateHeader: requested by","NULL","2026-07-16 23:35:56.977","NULL","NULL"
"471981e4-d733-11ec-ae74-00505681224b","s3://enverus-courthouse-prod-chd-plants/nm/lea/4719/471981e4-d733-11ec-ae74-00505681224b.pdf","d9bt0srk4o9000883lrg","1","OCR failed. Command: tesseract /tmp/diml/pngs/d9bt0srk4o9000883lrg/d9bt0srk4o9000883lrg.0013.png /tmp/diml/ocr_results/d9bt0srk4o9000883lrg/d9bt0srk4o9000883lrg.0013 --oem 1 -l eng --psm 1 . Error: Error in pixCreateHeader: requested w = 36429, h = 60000, d = 8 Error in pixCreateHeader: requested by","NULL","2026-07-16 23:35:56.977","NULL","NULL"
"e7e10eee-097f-11ed-b7f7-00505681224b","s3://enverus-courthouse-prod-chd-plants/nm/lea/e7e1/e7e10eee-097f-11ed-b7f7-00505681224b.pdf","d9bum7vpfdig00fcer1g","1","OCR failed. Command: tesseract /tmp/diml/pngs/d9bum7vpfdig00fcer1g/d9bum7vpfdig00fcer1g.0002.png /tmp/diml/ocr_results/d9bum7vpfdig00fcer1g/d9bum7vpfdig00fcer1g.0002 --oem 1 -l eng --psm 1 . Error: Error in pixCreateHeader: requested w = 36429, h = 60000, d = 8 Error in pixCreateHeader: requested by","NULL","2026-07-16 23:35:56.977","NULL","NULL"
"bc0961ad-42b7-11ec-8003-00505681224b","s3://enverus-courthouse-prod-chd-plants/nm/eog_lea/bc09/bc0961ad-42b7-11ec-8003-00505681224b.pdf","d9bt5cfpfcq000fepf30","1","OCR failed. Command: tesseract /tmp/diml/pngs/d9bt5cfpfcq000fepf30/d9bt5cfpfcq000fepf30.0001.png /tmp/diml/ocr_results/d9bt5cfpfcq000fepf30/d9bt5cfpfcq000fepf30.0001 --oem 1 -l eng --psm 1 . Error: Error in pixCreateHeader: requested w = 36429, h = 60000, d = 8 Error in pixCreateHeader: requested by","NULL","2026-07-16 23:35:56.977","NULL","NULL"
"b5e1e319-d733-11ec-929a-00505681224b","s3://enverus-courthouse-prod-chd-plants/nm/eog_lea/b5e1/b5e1e319-d733-11ec-929a-00505681224b.pdf","d9bsptbk4o900087sktg","1","OCR failed. Command: tesseract /tmp/diml/pngs/d9bsptbk4o900087sktg/d9bsptbk4o900087sktg.0001.png /tmp/diml/ocr_results/d9bsptbk4o900087sktg/d9bsptbk4o900087sktg.0001 --oem 1 -l eng --psm 1 . Error: Error in pixCreateHeader: requested w = 36429, h = 60000, d = 8 Error in pixCreateHeader: requested by","NULL","2026-07-16 23:35:56.977","NULL","NULL"
"bfc7276e-097f-11ed-88b8-00505681224b","s3://enverus-courthouse-prod-chd-plants/nm/lea/bfc7/bfc7276e-097f-11ed-88b8-00505681224b.pdf","d9btu7kogvn0009b31mg","1","OCR failed. Command: tesseract /tmp/diml/pngs/d9btu7kogvn0009b31mg/d9btu7kogvn0009b31mg.0002.png /tmp/diml/ocr_results/d9btu7kogvn0009b31mg/d9btu7kogvn0009b31mg.0002 --oem 1 -l eng --psm 1 . Error: Error in pixCreateHeader: requested w = 36429, h = 60000, d = 8 Error in pixCreateHeader: requested by","NULL","2026-07-16 23:35:56.977","NULL","NULL"
"1b354319-3df8-11ec-85f4-00505681224b","s3://enverus-courthouse-prod-chd-plants/nm/lea/1b35/1b354319-3df8-11ec-85f4-00505681224b.pdf","d9btuo9d6jhg0083o3h0","1","OCR failed. Command: tesseract /tmp/diml/pngs/d9btuo9d6jhg0083o3h0/d9btuo9d6jhg0083o3h0.0001.png /tmp/diml/ocr_results/d9btuo9d6jhg0083o3h0/d9btuo9d6jhg0083o3h0.0001 --oem 1 -l eng --psm 1 . Error: Error in pixCreateHeader: requested w = 36429, h = 60000, d = 8 Error in pixCreateHeader: requested by","NULL","2026-07-16 23:35:56.977","NULL","NULL"
"a3f34773-d733-11ec-a65c-00505681224b","s3://enverus-courthouse-prod-chd-plants/nm/eog_lea/a3f3/a3f34773-d733-11ec-a65c-00505681224b.pdf","d9btvn31f5dg00be2qt0","1","OCR failed. Command: tesseract /tmp/diml/pngs/d9btvn31f5dg00be2qt0/d9btvn31f5dg00be2qt0.0001.png /tmp/diml/ocr_results/d9btvn31f5dg00be2qt0/d9btvn31f5dg00be2qt0.0001 --oem 1 -l eng --psm 1 . Error: Error in pixCreateHeader: requested w = 36429, h = 60000, d = 8 Error in pixCreateHeader: requested by","NULL","2026-07-16 23:29:53.677","NULL","NULL"
"64bbab2b-f812-11eb-98cb-00505681224b","s3://enverus-courthouse-prod-chd-plants/nm/lea/64bb/64bbab2b-f812-11eb-98cb-00505681224b.pdf","d9bunn3rgi8g00bgvtjg","1","OCR failed. Command: tesseract /tmp/diml/pngs/d9bunn3rgi8g00bgvtjg/d9bunn3rgi8g00bgvtjg.0001.png /tmp/diml/ocr_results/d9bunn3rgi8g00bgvtjg/d9bunn3rgi8g00bgvtjg.0001 --oem 1 -l eng --psm 1 . Error: Error in pixCreateHeader: requested w = 36429, h = 60000, d = 8 Error in pixCreateHeader: requested by","NULL","2026-07-16 23:29:53.677","NULL","NULL"
"1b5d9fd6-d733-11ec-b6a6-00505681224b","s3://enverus-courthouse-prod-chd-plants/nm/lea/1b5d/1b5d9fd6-d733-11ec-b6a6-00505681224b.pdf","d9btsvkogvn0009b1bkg","1","OCR failed. Command: tesseract /tmp/diml/pngs/d9btsvkogvn0009b1bkg/d9btsvkogvn0009b1bkg.0001.png /tmp/diml/ocr_results/d9btsvkogvn0009b1bkg/d9btsvkogvn0009b1bkg.0001 --oem 1 -l eng --psm 1 . Error: Error in pixCreateHeader: requested w = 36429, h = 60000, d = 8 Error in pixCreateHeader: requested by","NULL","2026-07-16 23:29:53.677","NULL","NULL"
"bf3def54-ec58-11eb-9d6b-00505681224b","s3://enverus-courthouse-prod-chd-plants/nm/lea/bf3d/bf3def54-ec58-11eb-9d6b-00505681224b.pdf","d9buf8fr2ffg00e12i4g","1","OCR failed. Command: tesseract /tmp/diml/pngs/d9buf8fr2ffg00e12i4g/d9buf8fr2ffg00e12i4g.0001.png /tmp/diml/ocr_results/d9buf8fr2ffg00e12i4g/d9buf8fr2ffg00e12i4g.0001 --oem 1 -l eng --psm 1 . Error: Error in pixCreateHeader: requested w = 36429, h = 60000, d = 8 Error in pixCreateHeader: requested by","NULL","2026-07-16 23:29:53.677","NULL","NULL"
"47190caa-d733-11ec-9809-00505681224b","s3://enverus-courthouse-prod-chd-plants/nm/lea/4719/47190caa-d733-11ec-9809-00505681224b.pdf","d9bu0rhd6jhg0083r2u0","1","OCR failed. Command: tesseract /tmp/diml/pngs/d9bu0rhd6jhg0083r2u0/d9bu0rhd6jhg0083r2u0.0001.png /tmp/diml/ocr_results/d9bu0rhd6jhg0083r2u0/d9bu0rhd6jhg0083r2u0.0001 --oem 1 -l eng --psm 1 . Error: Error in pixCreateHeader: requested w = 36429, h = 60000, d = 8 Error in pixCreateHeader: requested by","NULL","2026-07-16 23:29:53.677","NULL","NULL"
"bc08c58f-42b7-11ec-8211-00505681224b","s3://enverus-courthouse-prod-chd-plants/nm/eog_lea/bc08/bc08c58f-42b7-11ec-8211-00505681224b.pdf","d9bt3cbrgi8g00bep630","1","OCR failed. Command: tesseract /tmp/diml/pngs/d9bt3cbrgi8g00bep630/d9bt3cbrgi8g00bep630.0001.png /tmp/diml/ocr_results/d9bt3cbrgi8g00bep630/d9bt3cbrgi8g00bep630.0001 --oem 1 -l eng --psm 1 . Error: Error in pixCreateHeader: requested w = 36429, h = 60000, d = 8 Error in pixCreateHeader: requested by","NULL","2026-07-16 23:29:53.677","NULL","NULL"
"e7e1f91f-097f-11ed-94dc-00505681224b","s3://enverus-courthouse-prod-chd-plants/nm/lea/e7e1/e7e1f91f-097f-11ed-94dc-00505681224b.pdf","d9buom030skg00d93930","1","OCR failed. Command: tesseract /tmp/diml/pngs/d9buom030skg00d93930/d9buom030skg00d93930.0001.png /tmp/diml/ocr_results/d9buom030skg00d93930/d9buom030skg00d93930.0001 --oem 1 -l eng --psm 1 . Error: Error in pixCreateHeader: requested w = 36429, h = 60000, d = 8 Error in pixCreateHeader: requested by","NULL","2026-07-16 23:29:53.677","NULL","NULL"
"576b2bce-d733-11ec-8737-00505681224b","s3://enverus-courthouse-prod-chd-plants/nm/lea/576b/576b2bce-d733-11ec-8737-00505681224b.pdf","d9bups859fgg00e3lj7g","1","OCR failed. Command: tesseract /tmp/diml/pngs/d9bups859fgg00e3lj7g/d9bups859fgg00e3lj7g.0005.png /tmp/diml/ocr_results/d9bups859fgg00e3lj7g/d9bups859fgg00e3lj7g.0005 --oem 1 -l eng --psm 1 . Error: Error in pixCreateHeader: requested w = 36429, h = 60000, d = 8 Error in pixCreateHeader: requested by","NULL","2026-07-16 23:22:42.813","NULL","NULL"
"b5e1bbf8-d733-11ec-b889-00505681224b","s3://enverus-courthouse-prod-chd-plants/nm/eog_lea/b5e1/b5e1bbf8-d733-11ec-b889-00505681224b.pdf","d9btronak3500086tp2g","1","OCR failed. Command: tesseract /tmp/diml/pngs/d9btronak3500086tp2g/d9btronak3500086tp2g.0001.png /tmp/diml/ocr_results/d9btronak3500086tp2g/d9btronak3500086tp2g.0001 --oem 1 -l eng --psm 1 . Error: Error in pixCreateHeader: requested w = 36429, h = 60000, d = 8 Error in pixCreateHeader: requested by","NULL","2026-07-16 23:22:42.813","NULL","NULL"
"5a92a79e-6226-11ec-8567-00505681224b","s3://enverus-courthouse-prod-chd-plants/nm/eog_lea/5a92/5a92a79e-6226-11ec-8567-00505681224b.pdf","d9bur1cogvn0009ce27g","1","OCR failed. Command: tesseract /tmp/diml/pngs/d9bur1cogvn0009ce27g/d9bur1cogvn0009ce27g.0001.png /tmp/diml/ocr_results/d9bur1cogvn0009ce27g/d9bur1cogvn0009ce27g.0001 --oem 1 -l eng --psm 1 . Error: Error in pixCreateHeader: requested w = 36429, h = 60000, d = 8 Error in pixCreateHeader: requested by","NULL","2026-07-16 23:22:42.813","NULL","NULL"
"d32cfc6a-bc7b-11ec-b98d-00505681224b","s3://enverus-courthouse-prod-chd-plants/nm/eog_lea/d32c/d32cfc6a-bc7b-11ec-b98d-00505681224b.pdf","d9btc0a2oub000e1l8qg","1","OCR failed. Command: tesseract /tmp/diml/pngs/d9btc0a2oub000e1l8qg/d9btc0a2oub000e1l8qg.0001.png /tmp/diml/ocr_results/d9btc0a2oub000e1l8qg/d9btc0a2oub000e1l8qg.0001 --oem 1 -l eng --psm 1 . Error: Error in pixCreateHeader: requested w = 36429, h = 60000, d = 8 Error in pixCreateHeader: requested by","NULL","2026-07-16 23:22:42.813","NULL","NULL"
"aec4785a-a5b1-11ec-8b4d-00505681224b","s3://enverus-courthouse-prod-chd-plants/nm/lea/aec4/aec4785a-a5b1-11ec-8b4d-00505681224b.pdf","d9bu9bj6g7ig0080dsc0","1","OCR failed. Command: tesseract /tmp/diml/pngs/d9bu9bj6g7ig0080dsc0/d9bu9bj6g7ig0080dsc0.0001.png /tmp/diml/ocr_results/d9bu9bj6g7ig0080dsc0/d9bu9bj6g7ig0080dsc0.0001 --oem 1 -l eng --psm 1 . Error: Error in pixCreateHeader: requested w = 36429, h = 60000, d = 8 Error in pixCreateHeader: requested by","NULL","2026-07-16 23:22:42.813","NULL","NULL"
"c8400a3d-8bcb-11ec-89d8-00505681224b","s3://enverus-courthouse-prod-chd-plants/nm/lea/c840/c8400a3d-8bcb-11ec-89d8-00505681224b.pdf","d9bun8nak35000885p50","1","OCR failed. Command: tesseract /tmp/diml/pngs/d9bun8nak35000885p50/d9bun8nak35000885p50.0001.png /tmp/diml/ocr_results/d9bun8nak35000885p50/d9bun8nak35000885p50.0001 --oem 1 -l eng --psm 1 . Error: Error in pixCreateHeader: requested w = 36429, h = 60000, d = 8 Error in pixCreateHeader: requested by","NULL","2026-07-16 23:22:42.813","NULL","NULL"
"f59f9358-405b-11ec-bec8-00505681224b","s3://enverus-courthouse-prod-chd-plants/nm/eog_lea/f59f/f59f9358-405b-11ec-bec8-00505681224b.pdf","d9bt3tvr761000deoagg","1","OCR failed. Command: tesseract /tmp/diml/pngs/d9bt3tvr761000deoagg/d9bt3tvr761000deoagg.0008.png /tmp/diml/ocr_results/d9bt3tvr761000deoagg/d9bt3tvr761000deoagg.0008 --oem 1 -l eng --psm 1 . Error: Error in pixCreateHeader: requested w = 36429, h = 60000, d = 8 Error in pixCreateHeader: requested by","NULL","2026-07-16 23:17:12.240","NULL","NULL"
"670d314d-3f8a-11ec-993c-00505681224b","s3://enverus-courthouse-prod-chd-plants/nm/lea/670d/670d314d-3f8a-11ec-993c-00505681224b.pdf","d9btj7nr2ffg00dvrd0g","1","OCR failed. Command: tesseract /tmp/diml/pngs/d9btj7nr2ffg00dvrd0g/d9btj7nr2ffg00dvrd0g.0001.png /tmp/diml/ocr_results/d9btj7nr2ffg00dvrd0g/d9btj7nr2ffg00dvrd0g.0001 --oem 1 -l eng --psm 1 . Error: Error in pixCreateHeader: requested w = 36429, h = 60000, d = 8 Error in pixCreateHeader: requested by","NULL","2026-07-16 23:17:12.240","NULL","NULL"
"a1368da7-bc7b-11ec-80b9-00505681224b","s3://enverus-courthouse-prod-chd-plants/nm/lea/a136/a1368da7-bc7b-11ec-80b9-00505681224b.pdf","d9bt7spkf4s000f66l5g","1","OCR failed. Command: tesseract /tmp/diml/pngs/d9bt7spkf4s000f66l5g/d9bt7spkf4s000f66l5g.0001.png /tmp/diml/ocr_results/d9bt7spkf4s000f66l5g/d9bt7spkf4s000f66l5g.0001 --oem 1 -l eng --psm 1 . Error: Error in pixCreateHeader: requested w = 36429, h = 60000, d = 8 Error in pixCreateHeader: requested by","NULL","2026-07-16 23:17:12.240","NULL","NULL"
"f10c0984-6225-11ec-8d6b-00505681224b","s3://enverus-courthouse-prod-chd-plants/nm/lea/f10c/f10c0984-6225-11ec-8d6b-00505681224b.pdf","d9buk9eicpjg00dd9p90","1","OCR failed. Command: tesseract /tmp/diml/pngs/d9buk9eicpjg00dd9p90/d9buk9eicpjg00dd9p90.0001.png /tmp/diml/ocr_results/d9buk9eicpjg00dd9p90/d9buk9eicpjg00dd9p90.0001 --oem 1 -l eng --psm 1 . Error: Error in pixCreateHeader: requested w = 36429, h = 60000, d = 8 Error in pixCreateHeader: requested by","NULL","2026-07-16 23:17:12.240","NULL","NULL"
"aec4c67e-a5b1-11ec-942a-00505681224b","s3://enverus-courthouse-prod-chd-plants/nm/lea/aec4/aec4c67e-a5b1-11ec-942a-00505681224b.pdf","d9bu0r36g7ig00801ktg","1","OCR failed. Command: tesseract /tmp/diml/pngs/d9bu0r36g7ig00801ktg/d9bu0r36g7ig00801ktg.0001.png /tmp/diml/ocr_results/d9bu0r36g7ig00801ktg/d9bu0r36g7ig00801ktg.0001 --oem 1 -l eng --psm 1 . Error: Error in pixCreateHeader: requested w = 36429, h = 60000, d = 8 Error in pixCreateHeader: requested by","NULL","2026-07-16 23:17:12.240","NULL","NULL"
"42a824a1-0980-11ed-942d-00505681224b","s3://enverus-courthouse-prod-chd-plants/nm/lea/42a8/42a824a1-0980-11ed-942d-00505681224b.pdf","d9bsno7r2ffg00dut9ig","1","OCR failed. Command: tesseract /tmp/diml/pngs/d9bsno7r2ffg00dut9ig/d9bsno7r2ffg00dut9ig.0001.png /tmp/diml/ocr_results/d9bsno7r2ffg00dut9ig/d9bsno7r2ffg00dut9ig.0001 --oem 1 -l eng --psm 1 . Error: Error in pixCreateHeader: requested w = 36429, h = 60000, d = 8 Error in pixCreateHeader: requested by","NULL","2026-07-16 23:17:12.240","NULL","NULL"
"e7e10ef1-097f-11ed-8d40-00505681224b","s3://enverus-courthouse-prod-chd-plants/nm/lea/e7e1/e7e10ef1-097f-11ed-8d40-00505681224b.pdf","d9bt3eb6g7ig00fut1j0","1","OCR failed. Command: tesseract /tmp/diml/pngs/d9bt3eb6g7ig00fut1j0/d9bt3eb6g7ig00fut1j0.0001.png /tmp/diml/ocr_results/d9bt3eb6g7ig00fut1j0/d9bt3eb6g7ig00fut1j0.0001 --oem 1 -l eng --psm 1 . Error: Error in pixCreateHeader: requested w = 36429, h = 60000, d = 8 Error in pixCreateHeader: requested by","NULL","2026-07-16 23:17:12.240","NULL","NULL"
"f4ddf11d-405b-11ec-a69f-00505681224b","s3://enverus-courthouse-prod-chd-plants/nm/eog_lea/f4dd/f4ddf11d-405b-11ec-a69f-00505681224b.pdf","d9bspf9hd6mg00blifcg","1","OCR failed. Command: tesseract /tmp/diml/pngs/d9bspf9hd6mg00blifcg/d9bspf9hd6mg00blifcg.0003.png /tmp/diml/ocr_results/d9bspf9hd6mg00blifcg/d9bspf9hd6mg00blifcg.0003 --oem 1 -l eng --psm 1 . Error: Error in pixCreateHeader: requested w = 36429, h = 60000, d = 8 Error in pixCreateHeader: requested by","NULL","2026-07-16 23:17:12.240","NULL","NULL"
"b5e1bbf5-d733-11ec-9346-00505681224b","s3://enverus-courthouse-prod-chd-plants/nm/eog_lea/b5e1/b5e1bbf5-d733-11ec-9346-00505681224b.pdf","d9buclb1f5dg00belug0","1","OCR failed. Command: tesseract /tmp/diml/pngs/d9buclb1f5dg00belug0/d9buclb1f5dg00belug0.0001.png /tmp/diml/ocr_results/d9buclb1f5dg00belug0/d9buclb1f5dg00belug0.0001 --oem 1 -l eng --psm 1 . Error: Error in pixCreateHeader: requested w = 36429, h = 60000, d = 8 Error in pixCreateHeader: requested by","NULL","2026-07-16 23:17:12.240","NULL","NULL"
"447a8215-097f-11ed-b1a4-00505681224b","s3://enverus-courthouse-prod-chd-plants/nm/lea/447a/447a8215-097f-11ed-b1a4-00505681224b.pdf","d9btkcg59fgg00e1vvb0","1","OCR failed. Command: tesseract /tmp/diml/pngs/d9btkcg59fgg00e1vvb0/d9btkcg59fgg00e1vvb0.0003.png /tmp/diml/ocr_results/d9btkcg59fgg00e1vvb0/d9btkcg59fgg00e1vvb0.0003 --oem 1 -l eng --psm 1 . Error: Error in pixCreateHeader: requested w = 36429, h = 60000, d = 8 Error in pixCreateHeader: requested by","NULL","2026-07-16 23:17:12.240","NULL","NULL"
"67e64512-097f-11ed-bceb-00505681224b","s3://enverus-courthouse-prod-chd-plants/nm/lea/67e6/67e64512-097f-11ed-bceb-00505681224b.pdf","d9buk2p5jqeg00e8c6jg","1","OCR failed. Command: tesseract /tmp/diml/pngs/d9buk2p5jqeg00e8c6jg/d9buk2p5jqeg00e8c6jg.0004.png /tmp/diml/ocr_results/d9buk2p5jqeg00e8c6jg/d9buk2p5jqeg00e8c6jg.0004 --oem 1 -l eng --psm 1 . Error: Error in pixCreateHeader: requested w = 36429, h = 60000, d = 8 Error in pixCreateHeader: requested by","NULL","2026-07-16 23:11:35.153","NULL","NULL"
"bc0a9a52-42b7-11ec-9c44-00505681224b","s3://enverus-courthouse-prod-chd-plants/nm/eog_lea/bc0a/bc0a9a52-42b7-11ec-9c44-00505681224b.pdf","d9bsrmvr761000defuk0","1","OCR failed. Command: tesseract /tmp/diml/pngs/d9bsrmvr761000defuk0/d9bsrmvr761000defuk0.0001.png /tmp/diml/ocr_results/d9bsrmvr761000defuk0/d9bsrmvr761000defuk0.0001 --oem 1 -l eng --psm 1 . Error: Error in pixCreateHeader: requested w = 36429, h = 60000, d = 8 Error in pixCreateHeader: requested by","NULL","2026-07-16 23:11:35.153","NULL","NULL"
"471981e1-d733-11ec-87f3-00505681224b","s3://enverus-courthouse-prod-chd-plants/nm/lea/4719/471981e1-d733-11ec-87f3-00505681224b.pdf","d9bum995jqeg00e8fqfg","1","OCR failed. Command: tesseract /tmp/diml/pngs/d9bum995jqeg00e8fqfg/d9bum995jqeg00e8fqfg.0001.png /tmp/diml/ocr_results/d9bum995jqeg00e8fqfg/d9bum995jqeg00e8fqfg.0001 --oem 1 -l eng --psm 1 . Error: Error in pixCreateHeader: requested w = 36429, h = 60000, d = 8 Error in pixCreateHeader: requested by","NULL","2026-07-16 23:11:35.153","NULL","NULL"
"06563e61-d733-11ec-9f2a-00505681224b","s3://enverus-courthouse-prod-chd-plants/nm/lea/0656/06563e61-d733-11ec-9f2a-00505681224b.pdf","d9bst8q2oub000e160e0","1","OCR failed. Command: tesseract /tmp/diml/pngs/d9bst8q2oub000e160e0/d9bst8q2oub000e160e0.0001.png /tmp/diml/ocr_results/d9bst8q2oub000e160e0/d9bst8q2oub000e160e0.0001 --oem 1 -l eng --psm 1 . Error: Error in pixCreateHeader: requested w = 36429, h = 60000, d = 8 Error in pixCreateHeader: requested by","NULL","2026-07-16 23:11:35.153","NULL","NULL"
"f59fe16e-405b-11ec-b821-00505681224b","s3://enverus-courthouse-prod-chd-plants/nm/eog_lea/f59f/f59fe16e-405b-11ec-b821-00505681224b.pdf","d9btc36icpjg00dbj0sg","1","OCR failed. Command: tesseract /tmp/diml/pngs/d9btc36icpjg00dbj0sg/d9btc36icpjg00dbj0sg.0001.png /tmp/diml/ocr_results/d9btc36icpjg00dbj0sg/d9btc36icpjg00dbj0sg.0001 --oem 1 -l eng --psm 1 . Error: Error in pixCreateHeader: requested w = 36429, h = 60000, d = 8 Error in pixCreateHeader: requested by","NULL","2026-07-16 23:11:35.153","NULL","NULL"
"4cd9c5b7-8bcc-11ec-8fb8-00505681224b","s3://enverus-courthouse-prod-chd-plants/nm/eog_lea/4cd9/4cd9c5b7-8bcc-11ec-8fb8-00505681224b.pdf","d9bt0grk4o9000882qeg","1","OCR failed. Command: tesseract /tmp/diml/pngs/d9bt0grk4o9000882qeg/d9bt0grk4o9000882qeg.0001.png /tmp/diml/ocr_results/d9bt0grk4o9000882qeg/d9bt0grk4o9000882qeg.0001 --oem 1 -l eng --psm 1 . Error: Error in pixCreateHeader: requested w = 36429, h = 60000, d = 8 Error in pixCreateHeader: requested by","NULL","2026-07-16 23:11:35.153","NULL","NULL"
"e187ab84-bc7b-11ec-8cab-00505681224b","s3://enverus-courthouse-prod-chd-plants/nm/eog_lea/e187/e187ab84-bc7b-11ec-8cab-00505681224b.pdf","d9bts73te9l000f87va0","1","OCR failed. Command: tesseract /tmp/diml/pngs/d9bts73te9l000f87va0/d9bts73te9l000f87va0.0001.png /tmp/diml/ocr_results/d9bts73te9l000f87va0/d9bts73te9l000f87va0.0001 --oem 1 -l eng --psm 1 . Error: Error in pixCreateHeader: requested w = 36429, h = 60000, d = 8 Error in pixCreateHeader: requested by","NULL","2026-07-16 23:11:35.153","NULL","NULL"
"e187f9bc-bc7b-11ec-8d97-00505681224b","s3://enverus-courthouse-prod-chd-plants/nm/eog_lea/e187/e187f9bc-bc7b-11ec-8d97-00505681224b.pdf","d9bu49p9ha2000c728fg","1","OCR failed. Command: tesseract /tmp/diml/pngs/d9bu49p9ha2000c728fg/d9bu49p9ha2000c728fg.0002.png /tmp/diml/ocr_results/d9bu49p9ha2000c728fg/d9bu49p9ha2000c728fg.0002 --oem 1 -l eng --psm 1 . Error: Error in pixCreateHeader: requested w = 36429, h = 60000, d = 8 Error in pixCreateHeader: requested by","NULL","2026-07-16 23:05:25.130","NULL","NULL"
"42a8249b-0980-11ed-81e8-00505681224b","s3://enverus-courthouse-prod-chd-plants/nm/lea/42a8/42a8249b-0980-11ed-81e8-00505681224b.pdf","d9btvpjk4o9000898i60","1","OCR failed. Command: tesseract /tmp/diml/pngs/d9btvpjk4o9000898i60/d9btvpjk4o9000898i60.0001.png /tmp/diml/ocr_results/d9btvpjk4o9000898i60/d9btvpjk4o9000898i60.0001 --oem 1 -l eng --psm 1 . Error: Error in pixCreateHeader: requested w = 36429, h = 60000, d = 8 Error in pixCreateHeader: requested by","NULL","2026-07-16 23:05:25.130","NULL","NULL"
"bc0a9a33-42b7-11ec-b2d4-00505681224b","s3://enverus-courthouse-prod-chd-plants/nm/eog_lea/bc0a/bc0a9a33-42b7-11ec-b2d4-00505681224b.pdf","d9bu1ufr761000dft090","1","OCR failed. Command: tesseract /tmp/diml/pngs/d9bu1ufr761000dft090/d9bu1ufr761000dft090.0001.png /tmp/diml/ocr_results/d9bu1ufr761000dft090/d9bu1ufr761000dft090.0001 --oem 1 -l eng --psm 1 . Error: Error in pixCreateHeader: requested w = 36429, h = 60000, d = 8 Error in pixCreateHeader: requested by","NULL","2026-07-16 23:05:25.130","NULL","NULL"
"42a7d677-0980-11ed-9c29-00505681224b","s3://enverus-courthouse-prod-chd-plants/nm/lea/42a7/42a7d677-0980-11ed-9c29-00505681224b.pdf","d9bupunak35000889up0","1","OCR failed. Command: tesseract /tmp/diml/pngs/d9bupunak35000889up0/d9bupunak35000889up0.0003.png /tmp/diml/ocr_results/d9bupunak35000889up0/d9bupunak35000889up0.0003 --oem 1 -l eng --psm 1 . Error: Error in pixCreateHeader: requested w = 36429, h = 60000, d = 8 Error in pixCreateHeader: requested by","NULL","2026-07-16 23:05:25.130","NULL","NULL"
"a3f2d22a-d733-11ec-aeb2-00505681224b","s3://enverus-courthouse-prod-chd-plants/nm/eog_lea/a3f2/a3f2d22a-d733-11ec-aeb2-00505681224b.pdf","d9bug57ak3500087rc1g","1","OCR failed. Command: tesseract /tmp/diml/pngs/d9bug57ak3500087rc1g/d9bug57ak3500087rc1g.0002.png /tmp/diml/ocr_results/d9bug57ak3500087rc1g/d9bug57ak3500087rc1g.0002 --oem 1 -l eng --psm 1 . Error: Error in pixCreateHeader: requested w = 36429, h = 60000, d = 8 Error in pixCreateHeader: requested by","NULL","2026-07-16 23:05:25.130","NULL","NULL"
"670ae761-3f8a-11ec-99dc-00505681224b","s3://enverus-courthouse-prod-chd-plants/nm/lea/670a/670ae761-3f8a-11ec-99dc-00505681224b.pdf","d9bt7rbs7m5g00881gbg","1","OCR failed. Command: tesseract /tmp/diml/pngs/d9bt7rbs7m5g00881gbg/d9bt7rbs7m5g00881gbg.0001.png /tmp/diml/ocr_results/d9bt7rbs7m5g00881gbg/d9bt7rbs7m5g00881gbg.0001 --oem 1 -l eng --psm 1 . Error: Error in pixCreateHeader: requested w = 36429, h = 60000, d = 8 Error in pixCreateHeader: requested by","NULL","2026-07-16 22:59:02.823","NULL","NULL"
"670b5c9c-3f8a-11ec-9056-00505681224b","s3://enverus-courthouse-prod-chd-plants/nm/lea/670b/670b5c9c-3f8a-11ec-9056-00505681224b.pdf","d9bteso30skg00d797v0","1","OCR failed. Command: tesseract /tmp/diml/pngs/d9bteso30skg00d797v0/d9bteso30skg00d797v0.0001.png /tmp/diml/ocr_results/d9bteso30skg00d797v0/d9bteso30skg00d797v0.0001 --oem 1 -l eng --psm 1 . Error: Error in pixCreateHeader: requested w = 36429, h = 60000, d = 8 Error in pixCreateHeader: requested by","NULL","2026-07-16 22:59:02.823","NULL","NULL"
"30d455fa-ec4c-11eb-bcf6-00505681224b","s3://enverus-courthouse-prod-chd-plants/nm/eog_lea/30d4/30d455fa-ec4c-11eb-bcf6-00505681224b.pdf","d9bufnjrgi8g00bgjdu0","1","OCR failed. Command: tesseract /tmp/diml/pngs/d9bufnjrgi8g00bgjdu0/d9bufnjrgi8g00bgjdu0.0001.png /tmp/diml/ocr_results/d9bufnjrgi8g00bgjdu0/d9bufnjrgi8g00bgjdu0.0001 --oem 1 -l eng --psm 1 . Error: Error in pixCreateHeader: requested w = 36429, h = 60000, d = 8 Error in pixCreateHeader: requested by","NULL","2026-07-16 22:59:02.823","NULL","NULL"
"670cbc20-3f8a-11ec-a7ee-00505681224b","s3://enverus-courthouse-prod-chd-plants/nm/lea/670c/670cbc20-3f8a-11ec-a7ee-00505681224b.pdf","d9bu7c31f5dg00bedqrg","1","OCR failed. Command: tesseract /tmp/diml/pngs/d9bu7c31f5dg00bedqrg/d9bu7c31f5dg00bedqrg.0001.png /tmp/diml/ocr_results/d9bu7c31f5dg00bedqrg/d9bu7c31f5dg00bedqrg.0001 --oem 1 -l eng --psm 1 . Error: Error in pixCreateHeader: requested w = 36429, h = 60000, d = 8 Error in pixCreateHeader: requested by","NULL","2026-07-16 22:53:14.390","NULL","NULL"
"b5e1e329-d733-11ec-a6e9-00505681224b","s3://enverus-courthouse-prod-chd-plants/nm/eog_lea/b5e1/b5e1e329-d733-11ec-a6e9-00505681224b.pdf","d9budisflnl000dksjp0","1","OCR failed. Command: tesseract /tmp/diml/pngs/d9budisflnl000dksjp0/d9budisflnl000dksjp0.0001.png /tmp/diml/ocr_results/d9budisflnl000dksjp0/d9budisflnl000dksjp0.0001 --oem 1 -l eng --psm 1 . Error: Error in pixCreateHeader: requested w = 36429, h = 60000, d = 8 Error in pixCreateHeader: requested by","NULL","2026-07-16 22:53:14.390","NULL","NULL"
"272436d9-0980-11ed-95ae-00505681224b","s3://enverus-courthouse-prod-chd-plants/nm/lea/2724/272436d9-0980-11ed-95ae-00505681224b.pdf","d9bt9o9hd6mg00bm41pg","1","OCR failed. Command: tesseract /tmp/diml/pngs/d9bt9o9hd6mg00bm41pg/d9bt9o9hd6mg00bm41pg.0001.png /tmp/diml/ocr_results/d9bt9o9hd6mg00bm41pg/d9bt9o9hd6mg00bm41pg.0001 --oem 1 -l eng --psm 1 . Error: Error in pixCreateHeader: requested w = 36429, h = 60000, d = 8 Error in pixCreateHeader: requested by","NULL","2026-07-16 22:47:33.873","NULL","NULL"
"ca5b1284-097e-11ed-82cd-00505681224b","s3://enverus-courthouse-prod-chd-plants/nm/eog_lea/ca5b/ca5b1284-097e-11ed-82cd-00505681224b.pdf","d9btrsdlksng008ensm0","1","OCR failed. Command: tesseract /tmp/diml/pngs/d9btrsdlksng008ensm0/d9btrsdlksng008ensm0.0001.png /tmp/diml/ocr_results/d9btrsdlksng008ensm0/d9btrsdlksng008ensm0.0001 --oem 1 -l eng --psm 1 . Error: Error in pixCreateHeader: requested w = 36429, h = 60000, d = 8 Error in pixCreateHeader: requested by","NULL","2026-07-16 22:47:33.873","NULL","NULL"
"b5e16de9-d733-11ec-a228-00505681224b","s3://enverus-courthouse-prod-chd-plants/nm/eog_lea/b5e1/b5e16de9-d733-11ec-a228-00505681224b.pdf","d9bulf99ha2000c7rcng","1","OCR failed. Command: tesseract /tmp/diml/pngs/d9bulf99ha2000c7rcng/d9bulf99ha2000c7rcng.0001.png /tmp/diml/ocr_results/d9bulf99ha2000c7rcng/d9bulf99ha2000c7rcng.0001 --oem 1 -l eng --psm 1 . Error: Error in pixCreateHeader: requested w = 36429, h = 60000, d = 8 Error in pixCreateHeader: requested by","NULL","2026-07-16 22:47:33.873","NULL","NULL"
"e7e0e78e-097f-11ed-a25d-00505681224b","s3://enverus-courthouse-prod-chd-plants/nm/lea/e7e0/e7e0e78e-097f-11ed-a25d-00505681224b.pdf","d9bt6m5lksng008dufog","1","OCR failed. Command: tesseract /tmp/diml/pngs/d9bt6m5lksng008dufog/d9bt6m5lksng008dufog.0001.png /tmp/diml/ocr_results/d9bt6m5lksng008dufog/d9bt6m5lksng008dufog.0001 --oem 1 -l eng --psm 1 . Error: Error in pixCreateHeader: requested w = 36429, h = 60000, d = 8 Error in pixCreateHeader: requested by","NULL","2026-07-16 22:47:33.873","NULL","NULL"
"e7e10f13-097f-11ed-9b9e-00505681224b","s3://enverus-courthouse-prod-chd-plants/nm/lea/e7e1/e7e10f13-097f-11ed-9b9e-00505681224b.pdf","d9bu53k1kr4g008ej5fg","1","OCR failed. Command: tesseract /tmp/diml/pngs/d9bu53k1kr4g008ej5fg/d9bu53k1kr4g008ej5fg.0001.png /tmp/diml/ocr_results/d9bu53k1kr4g008ej5fg/d9bu53k1kr4g008ej5fg.0001 --oem 1 -l eng --psm 1 . Error: Error in pixCreateHeader: requested w = 36429, h = 60000, d = 8 Error in pixCreateHeader: requested by","NULL","2026-07-16 22:47:33.873","NULL","NULL"
"576b04c0-d733-11ec-9d00-00505681224b","s3://enverus-courthouse-prod-chd-plants/nm/lea/576b/576b04c0-d733-11ec-9d00-00505681224b.pdf","d9buhsbte9l000f96rg0","1","OCR failed. Command: tesseract /tmp/diml/pngs/d9buhsbte9l000f96rg0/d9buhsbte9l000f96rg0.0001.png /tmp/diml/ocr_results/d9buhsbte9l000f96rg0/d9buhsbte9l000f96rg0.0001 --oem 1 -l eng --psm 1 . Error: Error in pixCreateHeader: requested w = 36429, h = 60000, d = 8 Error in pixCreateHeader: requested by","NULL","2026-07-16 22:47:33.873","NULL","NULL"
"c24596e2-3ec2-11ec-907e-00505681224b","s3://enverus-courthouse-prod-chd-plants/nm/lea/c245/c24596e2-3ec2-11ec-907e-00505681224b.pdf","d9btennpfcq000ff3pe0","1","OCR failed. Command: tesseract /tmp/diml/pngs/d9btennpfcq000ff3pe0/d9btennpfcq000ff3pe0.0001.png /tmp/diml/ocr_results/d9btennpfcq000ff3pe0/d9btennpfcq000ff3pe0.0001 --oem 1 -l eng --psm 1 . Error: Error in pixCreateHeader: requested w = 36429, h = 60000, d = 8 Error in pixCreateHeader: requested by","NULL","2026-07-16 22:42:30.743","NULL","NULL"
"1b5dedf6-d733-11ec-aab7-00505681224b","s3://enverus-courthouse-prod-chd-plants/nm/lea/1b5d/1b5dedf6-d733-11ec-aab7-00505681224b.pdf","d9btkd1d6jhg0083ami0","1","OCR failed. Command: tesseract /tmp/diml/pngs/d9btkd1d6jhg0083ami0/d9btkd1d6jhg0083ami0.0001.png /tmp/diml/ocr_results/d9btkd1d6jhg0083ami0/d9btkd1d6jhg0083ami0.0001 --oem 1 -l eng --psm 1 . Error: Error in pixCreateHeader: requested w = 36429, h = 60000, d = 8 Error in pixCreateHeader: requested by","NULL","2026-07-16 22:36:17.843","NULL","NULL"
"27239a84-0980-11ed-8254-00505681224b","s3://enverus-courthouse-prod-chd-plants/nm/lea/2723/27239a84-0980-11ed-8254-00505681224b.pdf","d9bukers7m5g0089u1n0","1","OCR failed. Command: tesseract /tmp/diml/pngs/d9bukers7m5g0089u1n0/d9bukers7m5g0089u1n0.0001.png /tmp/diml/ocr_results/d9bukers7m5g0089u1n0/d9bukers7m5g0089u1n0.0001 --oem 1 -l eng --psm 1 . Error: Error in pixCreateHeader: requested w = 36429, h = 60000, d = 8 Error in pixCreateHeader: requested by","NULL","2026-07-16 22:36:17.843","NULL","NULL"
"d32c8743-bc7b-11ec-89d8-00505681224b","s3://enverus-courthouse-prod-chd-plants/nm/eog_lea/d32c/d32c8743-bc7b-11ec-89d8-00505681224b.pdf","d9btc89hd6mg00bm6l9g","1","OCR failed. Command: tesseract /tmp/diml/pngs/d9btc89hd6mg00bm6l9g/d9btc89hd6mg00bm6l9g.0001.png /tmp/diml/ocr_results/d9btc89hd6mg00bm6l9g/d9btc89hd6mg00bm6l9g.0001 --oem 1 -l eng --psm 1 . Error: Error in pixCreateHeader: requested w = 36429, h = 60000, d = 8 Error in pixCreateHeader: requested by","NULL","2026-07-16 22:36:17.843","NULL","NULL"
"785e48a1-c5bd-11eb-ad90-00505681224b","s3://enverus-courthouse-prod-chd-plants/nm/eog_lea/785e/785e48a1-c5bd-11eb-ad90-00505681224b.pdf","d9buah3s7m5g0089f8jg","1","OCR failed. Command: tesseract /tmp/diml/pngs/d9buah3s7m5g0089f8jg/d9buah3s7m5g0089f8jg.0001.png /tmp/diml/ocr_results/d9buah3s7m5g0089f8jg/d9buah3s7m5g0089f8jg.0001 --oem 1 -l eng --psm 1 . Error: Error in pixCreateHeader: requested w = 36429, h = 60000, d = 8 Error in pixCreateHeader: requested by","NULL","2026-07-16 22:29:57.460","NULL","NULL"
"785e489e-c5bd-11eb-a6ea-00505681224b","s3://enverus-courthouse-prod-chd-plants/nm/eog_lea/785e/785e489e-c5bd-11eb-a6ea-00505681224b.pdf","d9btdep5jqeg00e6ng6g","1","OCR failed. Command: tesseract /tmp/diml/pngs/d9btdep5jqeg00e6ng6g/d9btdep5jqeg00e6ng6g.0001.png /tmp/diml/ocr_results/d9btdep5jqeg00e6ng6g/d9btdep5jqeg00e6ng6g.0001 --oem 1 -l eng --psm 1 . Error: Error in pixCreateHeader: requested w = 36429, h = 60000, d = 8 Error in pixCreateHeader: requested by","NULL","2026-07-16 22:29:57.460","NULL","NULL"
"06561734-d733-11ec-85ea-00505681224b","s3://enverus-courthouse-prod-chd-plants/nm/lea/0656/06561734-d733-11ec-85ea-00505681224b.pdf","d9btrm9d6jhg0083jidg","1","OCR failed. Command: tesseract /tmp/diml/pngs/d9btrm9d6jhg0083jidg/d9btrm9d6jhg0083jidg.0007.png /tmp/diml/ocr_results/d9btrm9d6jhg0083jidg/d9btrm9d6jhg0083jidg.0007 --oem 1 -l eng --psm 1 . Error: Error in pixCreateHeader: requested w = 36429, h = 60000, d = 8 Error in pixCreateHeader: requested by","NULL","2026-07-16 22:29:57.460","NULL","NULL"
"e7e24745-097f-11ed-a78b-00505681224b","s3://enverus-courthouse-prod-chd-plants/nm/lea/e7e2/e7e24745-097f-11ed-a78b-00505681224b.pdf","d9bu8l6icpjg00dcotbg","1","OCR failed. Command: tesseract /tmp/diml/pngs/d9bu8l6icpjg00dcotbg/d9bu8l6icpjg00dcotbg.0002.png /tmp/diml/ocr_results/d9bu8l6icpjg00dcotbg/d9bu8l6icpjg00dcotbg.0002 --oem 1 -l eng --psm 1 . Error: Error in pixCreateHeader: requested w = 36429, h = 60000, d = 8 Error in pixCreateHeader: requested by","NULL","2026-07-16 22:29:57.460","NULL","NULL"
"0a8ec9a8-cd4a-ec4f-8a20-0f99e48044a5","s3://enverus-courthouse-prod-chd-plants/nm/eddy/0a8e/0a8ec9a8-cd4a-ec4f-8a20-0f99e48044a5.pdf","bag894ivki7g1fvfhqag","1","list index out of range","NULL","2026-07-16 22:29:57.460","NULL","NULL"
"1b5e8a66-d733-11ec-9ea9-00505681224b","s3://enverus-courthouse-prod-chd-plants/nm/lea/1b5e/1b5e8a66-d733-11ec-9ea9-00505681224b.pdf","d9buobi2oub000e3ifjg","1","OCR failed. Command: tesseract /tmp/diml/pngs/d9buobi2oub000e3ifjg/d9buobi2oub000e3ifjg.0001.png /tmp/diml/ocr_results/d9buobi2oub000e3ifjg/d9buobi2oub000e3ifjg.0001 --oem 1 -l eng --psm 1 . Error: Error in pixCreateHeader: requested w = 36429, h = 60000, d = 8 Error in pixCreateHeader: requested by","NULL","2026-07-16 22:29:57.460","NULL","NULL"
"1b5ed875-d733-11ec-87ab-00505681224b","s3://enverus-courthouse-prod-chd-plants/nm/lea/1b5e/1b5ed875-d733-11ec-87ab-00505681224b.pdf","d9bsphbdd4a000d43dug","1","OCR failed. Command: tesseract /tmp/diml/pngs/d9bsphbdd4a000d43dug/d9bsphbdd4a000d43dug.0001.png /tmp/diml/ocr_results/d9bsphbdd4a000d43dug/d9bsphbdd4a000d43dug.0001 --oem 1 -l eng --psm 1 . Error: Error in pixCreateHeader: requested w = 36429, h = 60000, d = 8 Error in pixCreateHeader: requested by","NULL","2026-07-16 22:29:57.460","NULL","NULL"
"576b2bd1-d733-11ec-a9dd-00505681224b","s3://enverus-courthouse-prod-chd-plants/nm/lea/576b/576b2bd1-d733-11ec-a9dd-00505681224b.pdf","d9bthl9hd6mg00bmcrrg","1","OCR failed. Command: tesseract /tmp/diml/pngs/d9bthl9hd6mg00bmcrrg/d9bthl9hd6mg00bmcrrg.0001.png /tmp/diml/ocr_results/d9bthl9hd6mg00bmcrrg/d9bthl9hd6mg00bmcrrg.0001 --oem 1 -l eng --psm 1 . Error: Error in pixCreateHeader: requested w = 36429, h = 60000, d = 8 Error in pixCreateHeader: requested by","NULL","2026-07-16 22:29:57.460","NULL","NULL"
"17db7b68-f80d-11eb-af35-00505681224b","s3://enverus-courthouse-prod-chd-plants/nm/eog_lea/17db/17db7b68-f80d-11eb-af35-00505681224b.pdf","d9btmmllksng008eh4cg","1","Could not read pdf file /tmp/diml/d9btmmllksng008eh4cg.pdf, last try failure: Png extraction timed out","NULL","2026-07-16 22:29:57.460","NULL","NULL"
"f59f1e36-405b-11ec-92d4-00505681224b","s3://enverus-courthouse-prod-chd-plants/nm/eog_lea/f59f/f59f1e36-405b-11ec-92d4-00505681224b.pdf","d9btki0isvug00ft9960","1","OCR failed. Command: tesseract /tmp/diml/pngs/d9btki0isvug00ft9960/d9btki0isvug00ft9960.0001.png /tmp/diml/ocr_results/d9btki0isvug00ft9960/d9btki0isvug00ft9960.0001 --oem 1 -l eng --psm 1 . Error: Error in pixCreateHeader: requested w = 36429, h = 60000, d = 8 Error in pixCreateHeader: requested by","NULL","2026-07-16 22:29:57.460","NULL","NULL"
"f4df026f-405b-11ec-8c13-00505681224b","s3://enverus-courthouse-prod-chd-plants/nm/eog_lea/f4df/f4df026f-405b-11ec-8c13-00505681224b.pdf","d9bt0pjrgi8g00ben480","1","OCR failed. Command: tesseract /tmp/diml/pngs/d9bt0pjrgi8g00ben480/d9bt0pjrgi8g00ben480.0006.png /tmp/diml/ocr_results/d9bt0pjrgi8g00ben480/d9bt0pjrgi8g00ben480.0006 --oem 1 -l eng --psm 1 . Error: Error in pixCreateHeader: requested w = 36429, h = 60000, d = 8 Error in pixCreateHeader: requested by","NULL","2026-07-16 22:23:30.740","NULL","NULL"
"3862fe97-3fba-11eb-9200-00505681224b","s3://enverus-courthouse-prod-chd-plants/nm/eog_lea/3862/3862fe97-3fba-11eb-9200-00505681224b.pdf","d9bu9bphd6mg00bncolg","1","OCR failed. Command: tesseract /tmp/diml/pngs/d9bu9bphd6mg00bncolg/d9bu9bphd6mg00bncolg.0001.png /tmp/diml/ocr_results/d9bu9bphd6mg00bncolg/d9bu9bphd6mg00bncolg.0001 --oem 1 -l eng --psm 1 . Error: Error in pixCreateHeader: requested w = 36429, h = 60000, d = 8 Error in pixCreateHeader: requested by","NULL","2026-07-16 22:18:07.540","NULL","NULL"
"e7e0c088-097f-11ed-aa90-00505681224b","s3://enverus-courthouse-prod-chd-plants/nm/lea/e7e0/e7e0c088-097f-11ed-aa90-00505681224b.pdf","d9bu3p1kf4s000f7a4g0","1","OCR failed. Command: tesseract /tmp/diml/pngs/d9bu3p1kf4s000f7a4g0/d9bu3p1kf4s000f7a4g0.0001.png /tmp/diml/ocr_results/d9bu3p1kf4s000f7a4g0/d9bu3p1kf4s000f7a4g0.0001 --oem 1 -l eng --psm 1 . Error: Error in pixCreateHeader: requested w = 36429, h = 60000, d = 8 Error in pixCreateHeader: requested by","NULL","2026-07-16 22:18:07.540","NULL","NULL"
"c83e83a2-8bcb-11ec-9273-00505681224b","s3://enverus-courthouse-prod-chd-plants/nm/lea/c83e/c83e83a2-8bcb-11ec-9273-00505681224b.pdf","d9btvd7r761000dfov5g","1","OCR failed. Command: tesseract /tmp/diml/pngs/d9btvd7r761000dfov5g/d9btvd7r761000dfov5g.0001.png /tmp/diml/ocr_results/d9btvd7r761000dfov5g/d9btvd7r761000dfov5g.0001 --oem 1 -l eng --psm 1 . Error: Error in pixCreateHeader: requested w = 36429, h = 60000, d = 8 Error in pixCreateHeader: requested by","NULL","2026-07-16 22:18:07.540","NULL","NULL"
"47190cab-d733-11ec-ab01-00505681224b","s3://enverus-courthouse-prod-chd-plants/nm/lea/4719/47190cab-d733-11ec-ab01-00505681224b.pdf","d9bupjvpfdig00fcjm4g","1","OCR failed. Command: tesseract /tmp/diml/pngs/d9bupjvpfdig00fcjm4g/d9bupjvpfdig00fcjm4g.0001.png /tmp/diml/ocr_results/d9bupjvpfdig00fcjm4g/d9bupjvpfdig00fcjm4g.0001 --oem 1 -l eng --psm 1 . Error: Error in pixCreateHeader: requested w = 36429, h = 60000, d = 8 Error in pixCreateHeader: requested by","NULL","2026-07-16 22:18:07.540","NULL","NULL"
"8c642013-bc7b-11ec-9251-00505681224b","s3://enverus-courthouse-prod-chd-plants/nm/lea/8c64/8c642013-bc7b-11ec-9251-00505681224b.pdf","d9buft5lksng008fkn0g","1","OCR failed. Command: tesseract /tmp/diml/pngs/d9buft5lksng008fkn0g/d9buft5lksng008fkn0g.0001.png /tmp/diml/ocr_results/d9buft5lksng008fkn0g/d9buft5lksng008fkn0g.0001 --oem 1 -l eng --psm 1 . Error: Error in pixCreateHeader: requested w = 36429, h = 60000, d = 8 Error in pixCreateHeader: requested by","NULL","2026-07-16 22:18:07.540","NULL","NULL"
"385e6a84-3fba-11eb-a7d6-00505681224b","s3://enverus-courthouse-prod-chd-plants/nm/eog_lea/385e/385e6a84-3fba-11eb-a7d6-00505681224b.pdf","d9buftjdd4a000d67o1g","1","OCR failed. Command: tesseract /tmp/diml/pngs/d9buftjdd4a000d67o1g/d9buftjdd4a000d67o1g.0006.png /tmp/diml/ocr_results/d9buftjdd4a000d67o1g/d9buftjdd4a000d67o1g.0006 --oem 1 -l eng --psm 1 . Error: Error in pixCreateHeader: requested w = 36429, h = 60000, d = 8 Error in pixCreateHeader: requested by","NULL","2026-07-16 22:18:07.540","NULL","NULL"
"bc089e58-42b7-11ec-a043-00505681224b","s3://enverus-courthouse-prod-chd-plants/nm/eog_lea/bc08/bc089e58-42b7-11ec-a043-00505681224b.pdf","d9budmbrgi8g00bggkkg","1","OCR failed. Command: tesseract /tmp/diml/pngs/d9budmbrgi8g00bggkkg/d9budmbrgi8g00bggkkg.0001.png /tmp/diml/ocr_results/d9budmbrgi8g00bggkkg/d9budmbrgi8g00bggkkg.0001 --oem 1 -l eng --psm 1 . Error: Error in pixCreateHeader: requested w = 36429, h = 60000, d = 8 Error in pixCreateHeader: requested by","NULL","2026-07-16 22:11:58.073","NULL","NULL"
"bc0988e5-42b7-11ec-b565-00505681224b","s3://enverus-courthouse-prod-chd-plants/nm/eog_lea/bc09/bc0988e5-42b7-11ec-b565-00505681224b.pdf","d9bspt059fgg00e12ucg","1","OCR failed. Command: tesseract /tmp/diml/pngs/d9bspt059fgg00e12ucg/d9bspt059fgg00e12ucg.0001.png /tmp/diml/ocr_results/d9bspt059fgg00e12ucg/d9bspt059fgg00e12ucg.0001 --oem 1 -l eng --psm 1 . Error: Error in pixCreateHeader: requested w = 36429, h = 60000, d = 8 Error in pixCreateHeader: requested by","NULL","2026-07-16 22:11:58.073","NULL","NULL"
"4cd9c5b9-8bcc-11ec-b7ee-00505681224b","s3://enverus-courthouse-prod-chd-plants/nm/eog_lea/4cd9/4cd9c5b9-8bcc-11ec-b7ee-00505681224b.pdf","d9bubggisvug00fu91j0","1","OCR failed. Command: tesseract /tmp/diml/pngs/d9bubggisvug00fu91j0/d9bubggisvug00fu91j0.0005.png /tmp/diml/ocr_results/d9bubggisvug00fu91j0/d9bubggisvug00fu91j0.0005 --oem 1 -l eng --psm 1 . Error: Error in pixCreateHeader: requested w = 36429, h = 60000, d = 8 Error in pixCreateHeader: requested by","NULL","2026-07-16 22:11:58.073","NULL","NULL"
"67b8d643-3f8a-11ec-81ed-00505681224b","s3://enverus-courthouse-prod-chd-plants/nm/eog_lea/67b8/67b8d643-3f8a-11ec-81ed-00505681224b.pdf","d9bu5ellksng008f5mdg","1","OCR failed. Command: tesseract /tmp/diml/pngs/d9bu5ellksng008f5mdg/d9bu5ellksng008f5mdg.0002.png /tmp/diml/ocr_results/d9bu5ellksng008f5mdg/d9bu5ellksng008f5mdg.0002 --oem 1 -l eng --psm 1 . Error: Error in pixCreateHeader: requested w = 36429, h = 60000, d = 8 Error in pixCreateHeader: requested by","NULL","2026-07-16 22:11:58.073","NULL","NULL"
"f4de3f32-405b-11ec-98bd-00505681224b","s3://enverus-courthouse-prod-chd-plants/nm/eog_lea/f4de/f4de3f32-405b-11ec-98bd-00505681224b.pdf","d9btal31f5dg00bd862g","1","OCR failed. Command: tesseract /tmp/diml/pngs/d9btal31f5dg00bd862g/d9btal31f5dg00bd862g.0001.png /tmp/diml/ocr_results/d9btal31f5dg00bd862g/d9btal31f5dg00bd862g.0001 --oem 1 -l eng --psm 1 . Error: Error in pixCreateHeader: requested w = 36429, h = 60000, d = 8 Error in pixCreateHeader: requested by","NULL","2026-07-16 22:11:58.073","NULL","NULL"
"d32c390f-bc7b-11ec-a4e4-00505681224b","s3://enverus-courthouse-prod-chd-plants/nm/eog_lea/d32c/d32c390f-bc7b-11ec-a4e4-00505681224b.pdf","d9bt3cb1f5dg00bd02cg","1","OCR failed. Command: tesseract /tmp/diml/pngs/d9bt3cb1f5dg00bd02cg/d9bt3cb1f5dg00bd02cg.0001.png /tmp/diml/ocr_results/d9bt3cb1f5dg00bd02cg/d9bt3cb1f5dg00bd02cg.0001 --oem 1 -l eng --psm 1 . Error: Error in pixCreateHeader: requested w = 36429, h = 60000, d = 8 Error in pixCreateHeader: requested by","NULL","2026-07-16 22:11:58.073","NULL","NULL"
"1b5f9bb1-d733-11ec-b24e-00505681224b","s3://enverus-courthouse-prod-chd-plants/nm/lea/1b5f/1b5f9bb1-d733-11ec-b24e-00505681224b.pdf","d9btpnbdd4a000d58d20","1","OCR failed. Command: tesseract /tmp/diml/pngs/d9btpnbdd4a000d58d20/d9btpnbdd4a000d58d20.0002.png /tmp/diml/ocr_results/d9btpnbdd4a000d58d20/d9btpnbdd4a000d58d20.0002 --oem 1 -l eng --psm 1 . Error: Error in pixCreateHeader: requested w = 36429, h = 60000, d = 8 Error in pixCreateHeader: requested by","NULL","2026-07-16 22:05:28.527","NULL","NULL"
"bc09afcc-42b7-11ec-895f-00505681224b","s3://enverus-courthouse-prod-chd-plants/nm/eog_lea/bc09/bc09afcc-42b7-11ec-895f-00505681224b.pdf","d9btug4flnl000dk6otg","1","OCR failed. Command: tesseract /tmp/diml/pngs/d9btug4flnl000dk6otg/d9btug4flnl000dk6otg.0001.png /tmp/diml/ocr_results/d9btug4flnl000dk6otg/d9btug4flnl000dk6otg.0001 --oem 1 -l eng --psm 1 . Error: Error in pixCreateHeader: requested w = 36429, h = 60000, d = 8 Error in pixCreateHeader: requested by","NULL","2026-07-16 22:05:28.527","NULL","NULL"
"8c649542-bc7b-11ec-9619-00505681224b","s3://enverus-courthouse-prod-chd-plants/nm/lea/8c64/8c649542-bc7b-11ec-9619-00505681224b.pdf","d9bt5brte9l000f7cgfg","1","OCR failed. Command: tesseract /tmp/diml/pngs/d9bt5brte9l000f7cgfg/d9bt5brte9l000f7cgfg.0008.png /tmp/diml/ocr_results/d9bt5brte9l000f7cgfg/d9bt5brte9l000f7cgfg.0008 --oem 1 -l eng --psm 1 . Error: Error in pixCreateHeader: requested w = 36429, h = 60000, d = 8 Error in pixCreateHeader: requested by","NULL","2026-07-16 22:05:28.527","NULL","NULL"
"30d5b5b3-ec4c-11eb-950c-00505681224b","s3://enverus-courthouse-prod-chd-plants/nm/eog_lea/30d5/30d5b5b3-ec4c-11eb-950c-00505681224b.pdf","d9bu0erdd4a000d5gtgg","1","OCR failed. Command: tesseract /tmp/diml/pngs/d9bu0erdd4a000d5gtgg/d9bu0erdd4a000d5gtgg.0002.png /tmp/diml/ocr_results/d9bu0erdd4a000d5gtgg/d9bu0erdd4a000d5gtgg.0002 --oem 1 -l eng --psm 1 . Error: Error in pixCreateHeader: requested w = 36429, h = 60000, d = 8 Error in pixCreateHeader: requested by","NULL","2026-07-16 21:59:45.810","NULL","NULL"
"42a84ba3-0980-11ed-910f-00505681224b","s3://enverus-courthouse-prod-chd-plants/nm/lea/42a8/42a84ba3-0980-11ed-910f-00505681224b.pdf","d9bu1nr1f5dg00be5kv0","1","OCR failed. Command: tesseract /tmp/diml/pngs/d9bu1nr1f5dg00be5kv0/d9bu1nr1f5dg00be5kv0.0007.png /tmp/diml/ocr_results/d9bu1nr1f5dg00be5kv0/d9bu1nr1f5dg00be5kv0.0007 --oem 1 -l eng --psm 1 . Error: Error in pixCreateHeader: requested w = 36429, h = 60000, d = 8 Error in pixCreateHeader: requested by","NULL","2026-07-16 21:59:45.810","NULL","NULL"
"d32cae63-bc7b-11ec-b738-00505681224b","s3://enverus-courthouse-prod-chd-plants/nm/eog_lea/d32c/d32cae63-bc7b-11ec-b738-00505681224b.pdf","d9btvgjk4o9000897s2g","1","OCR failed. Command: tesseract /tmp/diml/pngs/d9btvgjk4o9000897s2g/d9btvgjk4o9000897s2g.0004.png /tmp/diml/ocr_results/d9btvgjk4o9000897s2g/d9btvgjk4o9000897s2g.0004 --oem 1 -l eng --psm 1 . Error: Error in pixCreateHeader: requested w = 36429, h = 60000, d = 8 Error in pixCreateHeader: requested by","NULL","2026-07-16 21:59:45.810","NULL","NULL"
"06561754-d733-11ec-a153-00505681224b","s3://enverus-courthouse-prod-chd-plants/nm/lea/0656/06561754-d733-11ec-a153-00505681224b.pdf","d9bt3lkhn77000f9jp70","1","OCR failed. Command: tesseract /tmp/diml/pngs/d9bt3lkhn77000f9jp70/d9bt3lkhn77000f9jp70.0001.png /tmp/diml/ocr_results/d9bt3lkhn77000f9jp70/d9bt3lkhn77000f9jp70.0001 --oem 1 -l eng --psm 1 . Error: Error in pixCreateHeader: requested w = 36429, h = 60000, d = 8 Error in pixCreateHeader: requested by","NULL","2026-07-16 21:59:45.810","NULL","NULL"
"bc08c57b-42b7-11ec-80e6-00505681224b","s3://enverus-courthouse-prod-chd-plants/nm/eog_lea/bc08/bc08c57b-42b7-11ec-80e6-00505681224b.pdf","d9bugafr2ffg00e145hg","1","OCR failed. Command: tesseract /tmp/diml/pngs/d9bugafr2ffg00e145hg/d9bugafr2ffg00e145hg.0001.png /tmp/diml/ocr_results/d9bugafr2ffg00e145hg/d9bugafr2ffg00e145hg.0001 --oem 1 -l eng --psm 1 . Error: Error in pixCreateHeader: requested w = 36429, h = 60000, d = 8 Error in pixCreateHeader: requested by","NULL","2026-07-16 21:59:45.810","NULL","NULL"
"785e489c-c5bd-11eb-a088-00505681224b","s3://enverus-courthouse-prod-chd-plants/nm/eog_lea/785e/785e489c-c5bd-11eb-a088-00505681224b.pdf","d9btn6sflnl000djtoag","1","OCR failed. Command: tesseract /tmp/diml/pngs/d9btn6sflnl000djtoag/d9btn6sflnl000djtoag.0002.png /tmp/diml/ocr_results/d9btn6sflnl000djtoag/d9btn6sflnl000djtoag.0002 --oem 1 -l eng --psm 1 . Error: Error in pixCreateHeader: requested w = 36429, h = 60000, d = 8 Error in pixCreateHeader: requested by","NULL","2026-07-16 21:59:45.810","NULL","NULL"
"f4ddf117-405b-11ec-a7dd-00505681224b","s3://enverus-courthouse-prod-chd-plants/nm/eog_lea/f4dd/f4ddf117-405b-11ec-a7dd-00505681224b.pdf","d9buet9hd6mg00bnks4g","1","OCR failed. Command: tesseract /tmp/diml/pngs/d9buet9hd6mg00bnks4g/d9buet9hd6mg00bnks4g.0002.png /tmp/diml/ocr_results/d9buet9hd6mg00bnks4g/d9buet9hd6mg00bnks4g.0002 --oem 1 -l eng --psm 1 . Error: Error in pixCreateHeader: requested w = 36429, h = 60000, d = 8 Error in pixCreateHeader: requested by","NULL","2026-07-16 21:59:45.810","NULL","NULL"
"670b5c9b-3f8a-11ec-8b43-00505681224b","s3://enverus-courthouse-prod-chd-plants/nm/lea/670b/670b5c9b-3f8a-11ec-8b43-00505681224b.pdf","d9buh06icpjg00dd4r70","1","OCR failed. Command: tesseract /tmp/diml/pngs/d9buh06icpjg00dd4r70/d9buh06icpjg00dd4r70.0001.png /tmp/diml/ocr_results/d9buh06icpjg00dd4r70/d9buh06icpjg00dd4r70.0001 --oem 1 -l eng --psm 1 . Error: Error in pixCreateHeader: requested w = 36429, h = 60000, d = 8 Error in pixCreateHeader: requested by","NULL","2026-07-16 21:59:45.810","NULL","NULL"
"30d4a410-ec4c-11eb-8a86-00505681224b","s3://enverus-courthouse-prod-chd-plants/nm/eog_lea/30d4/30d4a410-ec4c-11eb-8a86-00505681224b.pdf","d9bu2tnr2ffg00e0g4hg","1","OCR failed. Command: tesseract /tmp/diml/pngs/d9bu2tnr2ffg00e0g4hg/d9bu2tnr2ffg00e0g4hg.0001.png /tmp/diml/ocr_results/d9bu2tnr2ffg00e0g4hg/d9bu2tnr2ffg00e0g4hg.0001 --oem 1 -l eng --psm 1 . Error: Error in pixCreateHeader: requested w = 36429, h = 60000, d = 8 Error in pixCreateHeader: requested by","NULL","2026-07-16 21:59:45.810","NULL","NULL"
"c83e83c7-8bcb-11ec-84ff-00505681224b","s3://enverus-courthouse-prod-chd-plants/nm/lea/c83e/c83e83c7-8bcb-11ec-84ff-00505681224b.pdf","d9bt98brgi8g00bevr50","1","OCR failed. Command: tesseract /tmp/diml/pngs/d9bt98brgi8g00bevr50/d9bt98brgi8g00bevr50.0001.png /tmp/diml/ocr_results/d9bt98brgi8g00bevr50/d9bt98brgi8g00bevr50.0001 --oem 1 -l eng --psm 1 . Error: Error in pixCreateHeader: requested w = 36429, h = 60000, d = 8 Error in pixCreateHeader: requested by","NULL","2026-07-16 21:59:45.810","NULL","NULL"
"d32d2397-bc7b-11ec-9a4b-00505681224b","s3://enverus-courthouse-prod-chd-plants/nm/eog_lea/d32d/d32d2397-bc7b-11ec-9a4b-00505681224b.pdf","d9budk31f5dg00bemrj0","1","OCR failed. Command: tesseract /tmp/diml/pngs/d9budk31f5dg00bemrj0/d9budk31f5dg00bemrj0.0001.png /tmp/diml/ocr_results/d9budk31f5dg00bemrj0/d9budk31f5dg00bemrj0.0001 --oem 1 -l eng --psm 1 . Error: Error in pixCreateHeader: requested w = 36429, h = 60000, d = 8 Error in pixCreateHeader: requested by","NULL","2026-07-16 21:53:38.013","NULL","NULL"
"5a92328e-6226-11ec-a561-00505681224b","s3://enverus-courthouse-prod-chd-plants/nm/eog_lea/5a92/5a92328e-6226-11ec-a561-00505681224b.pdf","d9budh1b0h1g00d1g8l0","1","OCR failed. Command: tesseract /tmp/diml/pngs/d9budh1b0h1g00d1g8l0/d9budh1b0h1g00d1g8l0.0001.png /tmp/diml/ocr_results/d9budh1b0h1g00d1g8l0/d9budh1b0h1g00d1g8l0.0001 --oem 1 -l eng --psm 1 . Error: Error in pixCreateHeader: requested w = 36429, h = 60000, d = 8 Error in pixCreateHeader: requested by","NULL","2026-07-16 21:53:38.013","NULL","NULL"
"5a92809b-6226-11ec-aa65-00505681224b","s3://enverus-courthouse-prod-chd-plants/nm/eog_lea/5a92/5a92809b-6226-11ec-aa65-00505681224b.pdf","d9bt6tvak35000865ak0","1","OCR failed. Command: tesseract /tmp/diml/pngs/d9bt6tvak35000865ak0/d9bt6tvak35000865ak0.0001.png /tmp/diml/ocr_results/d9bt6tvak35000865ak0/d9bt6tvak35000865ak0.0001 --oem 1 -l eng --psm 1 . Error: Error in pixCreateHeader: requested w = 36429, h = 60000, d = 8 Error in pixCreateHeader: requested by","NULL","2026-07-16 21:53:38.013","NULL","NULL"
"c2443754-3ec2-11ec-930d-00505681224b","s3://enverus-courthouse-prod-chd-plants/nm/lea/c244/c2443754-3ec2-11ec-930d-00505681224b.pdf","d9bu1umicpjg00dcf3lg","1","OCR failed. Command: tesseract /tmp/diml/pngs/d9bu1umicpjg00dcf3lg/d9bu1umicpjg00dcf3lg.0001.png /tmp/diml/ocr_results/d9bu1umicpjg00dcf3lg/d9bu1umicpjg00dcf3lg.0001 --oem 1 -l eng --psm 1 . Error: Error in pixCreateHeader: requested w = 36429, h = 60000, d = 8 Error in pixCreateHeader: requested by","NULL","2026-07-16 21:48:17.203","NULL","NULL"
"f10a34ae-6225-11ec-b7a7-00505681224b","s3://enverus-courthouse-prod-chd-plants/nm/lea/f10a/f10a34ae-6225-11ec-b7a7-00505681224b.pdf","d9bt9k22oub000e1iub0","1","OCR failed. Command: tesseract /tmp/diml/pngs/d9bt9k22oub000e1iub0/d9bt9k22oub000e1iub0.0001.png /tmp/diml/ocr_results/d9bt9k22oub000e1iub0/d9bt9k22oub000e1iub0.0001 --oem 1 -l eng --psm 1 . Error: Error in pixCreateHeader: requested w = 36429, h = 60000, d = 8 Error in pixCreateHeader: requested by","NULL","2026-07-16 21:48:17.203","NULL","NULL"
"be43ffd6-a5b1-11ec-bdd5-00505681224b","s3://enverus-courthouse-prod-chd-plants/nm/lea/be43/be43ffd6-a5b1-11ec-bdd5-00505681224b.pdf","d9bu9crrgi8g00bga950","1","OCR failed. Command: tesseract /tmp/diml/pngs/d9bu9crrgi8g00bga950/d9bu9crrgi8g00bga950.0001.png /tmp/diml/ocr_results/d9bu9crrgi8g00bga950/d9bu9crrgi8g00bga950.0001 --oem 1 -l eng --psm 1 . Error: Error in pixCreateHeader: requested w = 36429, h = 60000, d = 8 Error in pixCreateHeader: requested by","NULL","2026-07-16 21:48:17.203","NULL","NULL"
"670d3155-3f8a-11ec-b9cb-00505681224b","s3://enverus-courthouse-prod-chd-plants/nm/lea/670d/670d3155-3f8a-11ec-b9cb-00505681224b.pdf","d9bu76bte9l000f8n63g","1","OCR failed. Command: tesseract /tmp/diml/pngs/d9bu76bte9l000f8n63g/d9bu76bte9l000f8n63g.0001.png /tmp/diml/ocr_results/d9bu76bte9l000f8n63g/d9bu76bte9l000f8n63g.0001 --oem 1 -l eng --psm 1 . Error: Error in pixCreateHeader: requested w = 36429, h = 60000, d = 8 Error in pixCreateHeader: requested by","NULL","2026-07-16 21:48:17.203","NULL","NULL"
"f4dd54ce-405b-11ec-9948-00505681224b","s3://enverus-courthouse-prod-chd-plants/nm/eog_lea/f4dd/f4dd54ce-405b-11ec-9948-00505681224b.pdf","d9bu2rjdelo000duphkg","1","OCR failed. Command: tesseract /tmp/diml/pngs/d9bu2rjdelo000duphkg/d9bu2rjdelo000duphkg.0001.png /tmp/diml/ocr_results/d9bu2rjdelo000duphkg/d9bu2rjdelo000duphkg.0001 --oem 1 -l eng --psm 1 . Error: Error in pixCreateHeader: requested w = 36429, h = 60000, d = 8 Error in pixCreateHeader: requested by","NULL","2026-07-16 21:48:17.203","NULL","NULL"
"447a5b1a-097f-11ed-b111-00505681224b","s3://enverus-courthouse-prod-chd-plants/nm/lea/447a/447a5b1a-097f-11ed-b111-00505681224b.pdf","d9bt6s7pfcq000fer290","1","OCR failed. Command: tesseract /tmp/diml/pngs/d9bt6s7pfcq000fer290/d9bt6s7pfcq000fer290.0001.png /tmp/diml/ocr_results/d9bt6s7pfcq000fer290/d9bt6s7pfcq000fer290.0001 --oem 1 -l eng --psm 1 . Error: Error in pixCreateHeader: requested w = 36429, h = 60000, d = 8 Error in pixCreateHeader: requested by","NULL","2026-07-16 21:48:17.203","NULL","NULL"
"f59f1e3f-405b-11ec-bd89-00505681224b","s3://enverus-courthouse-prod-chd-plants/nm/eog_lea/f59f/f59f1e3f-405b-11ec-bd89-00505681224b.pdf","d9bu2v0isvug00ftscgg","1","OCR failed. Command: tesseract /tmp/diml/pngs/d9bu2v0isvug00ftscgg/d9bu2v0isvug00ftscgg.0006.png /tmp/diml/ocr_results/d9bu2v0isvug00ftscgg/d9bu2v0isvug00ftscgg.0006 --oem 1 -l eng --psm 1 . Error: Error in pixCreateHeader: requested w = 36429, h = 60000, d = 8 Error in pixCreateHeader: requested by","NULL","2026-07-16 21:48:17.203","NULL","NULL"
"bc08774c-42b7-11ec-a123-00505681224b","s3://enverus-courthouse-prod-chd-plants/nm/eog_lea/bc08/bc08774c-42b7-11ec-a123-00505681224b.pdf","d9bu0jjrgi8g00bftc9g","1","OCR failed. Command: tesseract /tmp/diml/pngs/d9bu0jjrgi8g00bftc9g/d9bu0jjrgi8g00bftc9g.0001.png /tmp/diml/ocr_results/d9bu0jjrgi8g00bftc9g/d9bu0jjrgi8g00bftc9g.0001 --oem 1 -l eng --psm 1 . Error: Error in pixCreateHeader: requested w = 36429, h = 60000, d = 8 Error in pixCreateHeader: requested by","NULL","2026-07-16 21:48:17.203","NULL","NULL"
"aec47862-a5b1-11ec-9345-00505681224b","s3://enverus-courthouse-prod-chd-plants/nm/lea/aec4/aec47862-a5b1-11ec-9345-00505681224b.pdf","d9buagpb0h1g00d1c55g","1","OCR failed. Command: tesseract /tmp/diml/pngs/d9buagpb0h1g00d1c55g/d9buagpb0h1g00d1c55g.0001.png /tmp/diml/ocr_results/d9buagpb0h1g00d1c55g/d9buagpb0h1g00d1c55g.0001 --oem 1 -l eng --psm 1 . Error: Error in pixCreateHeader: requested w = 36429, h = 60000, d = 8 Error in pixCreateHeader: requested by","NULL","2026-07-16 21:42:34.810","NULL","NULL"
"f4dda2e8-405b-11ec-be39-00505681224b","s3://enverus-courthouse-prod-chd-plants/nm/eog_lea/f4dd/f4dda2e8-405b-11ec-be39-00505681224b.pdf","d9btaknr761000dev330","1","OCR failed. Command: tesseract /tmp/diml/pngs/d9btaknr761000dev330/d9btaknr761000dev330.0001.png /tmp/diml/ocr_results/d9btaknr761000dev330/d9btaknr761000dev330.0001 --oem 1 -l eng --psm 1 . Error: Error in pixCreateHeader: requested w = 36429, h = 60000, d = 8 Error in pixCreateHeader: requested by","NULL","2026-07-16 21:42:34.810","NULL","NULL"
"ca5bd5c2-097e-11ed-a5b9-00505681224b","s3://enverus-courthouse-prod-chd-plants/nm/eog_lea/ca5b/ca5bd5c2-097e-11ed-a5b9-00505681224b.pdf","d9bu51fr2ffg00e0j250","1","OCR failed. Command: tesseract /tmp/diml/pngs/d9bu51fr2ffg00e0j250/d9bu51fr2ffg00e0j250.0001.png /tmp/diml/ocr_results/d9bu51fr2ffg00e0j250/d9bu51fr2ffg00e0j250.0001 --oem 1 -l eng --psm 1 . Error: Error in pixCreateHeader: requested w = 36429, h = 60000, d = 8 Error in pixCreateHeader: requested by","NULL","2026-07-16 21:42:34.810","NULL","NULL"
"17db2d40-f80d-11eb-a310-00505681224b","s3://enverus-courthouse-prod-chd-plants/nm/eog_lea/17db/17db2d40-f80d-11eb-a310-00505681224b.pdf","d9bupuvr761000dh0880","1","OCR failed. Command: tesseract /tmp/diml/pngs/d9bupuvr761000dh0880/d9bupuvr761000dh0880.0001.png /tmp/diml/ocr_results/d9bupuvr761000dh0880/d9bupuvr761000dh0880.0001 --oem 1 -l eng --psm 1 . Error: Error in pixCreateHeader: requested w = 36429, h = 60000, d = 8 Error in pixCreateHeader: requested by","NULL","2026-07-16 21:42:34.810","NULL","NULL"
"471981db-d733-11ec-8f74-00505681224b","s3://enverus-courthouse-prod-chd-plants/nm/lea/4719/471981db-d733-11ec-8f74-00505681224b.pdf","d9bur2fpfdig00fcm9k0","1","OCR failed. Command: tesseract /tmp/diml/pngs/d9bur2fpfdig00fcm9k0/d9bur2fpfdig00fcm9k0.0003.png /tmp/diml/ocr_results/d9bur2fpfdig00fcm9k0/d9bur2fpfdig00fcm9k0.0003 --oem 1 -l eng --psm 1 . Error: Error in pixCreateHeader: requested w = 36429, h = 60000, d = 8 Error in pixCreateHeader: requested by","NULL","2026-07-16 21:42:34.810","NULL","NULL"
"bc087765-42b7-11ec-be15-00505681224b","s3://enverus-courthouse-prod-chd-plants/nm/eog_lea/bc08/bc087765-42b7-11ec-be15-00505681224b.pdf","d9btj541kr4g008dr7gg","1","OCR failed. Command: tesseract /tmp/diml/pngs/d9btj541kr4g008dr7gg/d9btj541kr4g008dr7gg.0002.png /tmp/diml/ocr_results/d9btj541kr4g008dr7gg/d9btj541kr4g008dr7gg.0002 --oem 1 -l eng --psm 1 . Error: Error in pixCreateHeader: requested w = 36429, h = 60000, d = 8 Error in pixCreateHeader: requested by","NULL","2026-07-16 21:36:03.720","NULL","NULL"
"bfc74e8e-097f-11ed-bbd8-00505681224b","s3://enverus-courthouse-prod-chd-plants/nm/lea/bfc7/bfc74e8e-097f-11ed-bbd8-00505681224b.pdf","d9buifkhn77000fbi2tg","1","OCR failed. Command: tesseract /tmp/diml/pngs/d9buifkhn77000fbi2tg/d9buifkhn77000fbi2tg.0002.png /tmp/diml/ocr_results/d9buifkhn77000fbi2tg/d9buifkhn77000fbi2tg.0002 --oem 1 -l eng --psm 1 . Error: Error in pixCreateHeader: requested w = 36429, h = 60000, d = 8 Error in pixCreateHeader: requested by","NULL","2026-07-16 21:36:03.720","NULL","NULL"
"2723736e-0980-11ed-b0f0-00505681224b","s3://enverus-courthouse-prod-chd-plants/nm/lea/2723/2723736e-0980-11ed-b0f0-00505681224b.pdf","d9bunlhhd6mg00bo25p0","1","OCR failed. Command: tesseract /tmp/diml/pngs/d9bunlhhd6mg00bo25p0/d9bunlhhd6mg00bo25p0.0001.png /tmp/diml/ocr_results/d9bunlhhd6mg00bo25p0/d9bunlhhd6mg00bo25p0.0001 --oem 1 -l eng --psm 1 . Error: Error in pixCreateHeader: requested w = 36429, h = 60000, d = 8 Error in pixCreateHeader: requested by","NULL","2026-07-16 21:36:03.720","NULL","NULL"
"bc08ec77-42b7-11ec-a1f5-00505681224b","s3://enverus-courthouse-prod-chd-plants/nm/eog_lea/bc08/bc08ec77-42b7-11ec-a1f5-00505681224b.pdf","d9buhrhd6jhg0084jg5g","1","OCR failed. Command: tesseract /tmp/diml/pngs/d9buhrhd6jhg0084jg5g/d9buhrhd6jhg0084jg5g.0001.png /tmp/diml/ocr_results/d9buhrhd6jhg0084jg5g/d9buhrhd6jhg0084jg5g.0001 --oem 1 -l eng --psm 1 . Error: Error in pixCreateHeader: requested w = 36429, h = 60000, d = 8 Error in pixCreateHeader: requested by","NULL","2026-07-16 21:36:03.720","NULL","NULL"
"d32d4a8c-bc7b-11ec-a210-00505681224b","s3://enverus-courthouse-prod-chd-plants/nm/eog_lea/d32d/d32d4a8c-bc7b-11ec-a210-00505681224b.pdf","d9buepb6g7ig0080lppg","1","OCR failed. Command: tesseract /tmp/diml/pngs/d9buepb6g7ig0080lppg/d9buepb6g7ig0080lppg.0002.png /tmp/diml/ocr_results/d9buepb6g7ig0080lppg/d9buepb6g7ig0080lppg.0002 --oem 1 -l eng --psm 1 . Error: Error in pixCreateHeader: requested w = 36429, h = 60000, d = 8 Error in pixCreateHeader: requested by","NULL","2026-07-16 21:36:03.720","NULL","NULL"
"e7e0e79e-097f-11ed-ab65-00505681224b","s3://enverus-courthouse-prod-chd-plants/nm/lea/e7e0/e7e0e79e-097f-11ed-ab65-00505681224b.pdf","d9bspjh9ha2000c5f100","1","OCR failed. Command: tesseract /tmp/diml/pngs/d9bspjh9ha2000c5f100/d9bspjh9ha2000c5f100.0001.png /tmp/diml/ocr_results/d9bspjh9ha2000c5f100/d9bspjh9ha2000c5f100.0001 --oem 1 -l eng --psm 1 . Error: Error in pixCreateHeader: requested w = 36429, h = 60000, d = 8 Error in pixCreateHeader: requested by","NULL","2026-07-16 21:36:03.720","NULL","NULL"
"96807e59-097f-11ed-85f8-00505681224b","s3://enverus-courthouse-prod-chd-plants/nm/lea/9680/96807e59-097f-11ed-85f8-00505681224b.pdf","d9bu0jnpfdig00fbeoig","1","OCR failed. Command: tesseract /tmp/diml/pngs/d9bu0jnpfdig00fbeoig/d9bu0jnpfdig00fbeoig.0001.png /tmp/diml/ocr_results/d9bu0jnpfdig00fbeoig/d9bu0jnpfdig00fbeoig.0001 --oem 1 -l eng --psm 1 . Error: Error in pixCreateHeader: requested w = 36429, h = 60000, d = 8 Error in pixCreateHeader: requested by","NULL","2026-07-16 21:30:54.840","NULL","NULL"
"E3736929-CBE7-4463-B946-BFCE9F39A0B3","s3://enverus-courthouse-prod-chd-plants/tx/training_loving/E373/E3736929-CBE7-4463-B946-BFCE9F39A0B3.pdf","d9btpjp9ha2000c6jd1g","1","No pdf could be downloaded, error=PDF file tx/training_loving/E373/E3736929-CBE7-4463-B946-BFCE9F39A0B3.pdf is too large to be processed, size=1.3225884605199099 GB","NULL","2026-07-16 21:30:54.840","NULL","NULL"
"aec49f79-a5b1-11ec-a0d5-00505681224b","s3://enverus-courthouse-prod-chd-plants/nm/lea/aec4/aec49f79-a5b1-11ec-a0d5-00505681224b.pdf","d9btqj4flnl000dk1k70","1","OCR failed. Command: tesseract /tmp/diml/pngs/d9btqj4flnl000dk1k70/d9btqj4flnl000dk1k70.0001.png /tmp/diml/ocr_results/d9btqj4flnl000dk1k70/d9btqj4flnl000dk1k70.0001 --oem 1 -l eng --psm 1 . Error: Error in pixCreateHeader: requested w = 36429, h = 60000, d = 8 Error in pixCreateHeader: requested by","NULL","2026-07-16 21:30:54.840","NULL","NULL"
"e187d282-bc7b-11ec-ae56-00505681224b","s3://enverus-courthouse-prod-chd-plants/nm/eog_lea/e187/e187d282-bc7b-11ec-ae56-00505681224b.pdf","d9budg689gsg00fh6u4g","1","OCR failed. Command: tesseract /tmp/diml/pngs/d9budg689gsg00fh6u4g/d9budg689gsg00fh6u4g.0001.png /tmp/diml/ocr_results/d9budg689gsg00fh6u4g/d9budg689gsg00fh6u4g.0001 --oem 1 -l eng --psm 1 . Error: Error in pixCreateHeader: requested w = 36429, h = 60000, d = 8 Error in pixCreateHeader: requested by","NULL","2026-07-16 21:30:54.840","NULL","NULL"
"670b5cb2-3f8a-11ec-a4d7-00505681224b","s3://enverus-courthouse-prod-chd-plants/nm/lea/670b/670b5cb2-3f8a-11ec-a4d7-00505681224b.pdf","d9btmkfpfcq000ffd5ig","1","OCR failed. Command: tesseract /tmp/diml/pngs/d9btmkfpfcq000ffd5ig/d9btmkfpfcq000ffd5ig.0001.png /tmp/diml/ocr_results/d9btmkfpfcq000ffd5ig/d9btmkfpfcq000ffd5ig.0001 --oem 1 -l eng --psm 1 . Error: Error in pixCreateHeader: requested w = 36429, h = 60000, d = 8 Error in pixCreateHeader: requested by","NULL","2026-07-16 21:30:54.840","NULL","NULL"
"0656b38c-d733-11ec-9493-00505681224b","s3://enverus-courthouse-prod-chd-plants/nm/lea/0656/0656b38c-d733-11ec-9493-00505681224b.pdf","d9bume7r2ffg00e1da20","1","OCR failed. Command: tesseract /tmp/diml/pngs/d9bume7r2ffg00e1da20/d9bume7r2ffg00e1da20.0009.png /tmp/diml/ocr_results/d9bume7r2ffg00e1da20/d9bume7r2ffg00e1da20.0009 --oem 1 -l eng --psm 1 . Error: Error in pixCreateHeader: requested w = 36429, h = 60000, d = 8 Error in pixCreateHeader: requested by","NULL","2026-07-16 21:30:54.840","NULL","NULL"
"11fff478-a331-4f03-bda9-2d96926cb9dd","s3://enverus-courthouse-prod-chd-plants/tx/hardeman/11ff/11fff478-a331-4f03-bda9-2d96926cb9dd.pdf","c2hdqctnv8a0008ajldg","1","No pdf could be downloaded, error=PDF file c2hdqctnv8a0008ajldg/c2hdqd6lljag00844o60/DI21-66568.pdf is too large to be processed, size=1.0929328734055161 GB","NULL","2026-07-16 21:30:54.840","NULL","NULL"
"ca5bfd05-097e-11ed-9842-00505681224b","s3://enverus-courthouse-prod-chd-plants/nm/eog_lea/ca5b/ca5bfd05-097e-11ed-9842-00505681224b.pdf","d9bu2tk1kr4g008eg35g","1","OCR failed. Command: tesseract /tmp/diml/pngs/d9bu2tk1kr4g008eg35g/d9bu2tk1kr4g008eg35g.0001.png /tmp/diml/ocr_results/d9bu2tk1kr4g008eg35g/d9bu2tk1kr4g008eg35g.0001 --oem 1 -l eng --psm 1 . Error: Error in pixCreateHeader: requested w = 36429, h = 60000, d = 8 Error in pixCreateHeader: requested by","NULL","2026-07-16 21:30:54.840","NULL","NULL"
"576b04c3-d733-11ec-bcaa-00505681224b","s3://enverus-courthouse-prod-chd-plants/nm/lea/576b/576b04c3-d733-11ec-bcaa-00505681224b.pdf","d9bu1mnpfdig00fbgcf0","1","OCR failed. Command: tesseract /tmp/diml/pngs/d9bu1mnpfdig00fbgcf0/d9bu1mnpfdig00fbgcf0.0001.png /tmp/diml/ocr_results/d9bu1mnpfdig00fbgcf0/d9bu1mnpfdig00fbgcf0.0001 --oem 1 -l eng --psm 1 . Error: Error in pixCreateHeader: requested w = 36429, h = 60000, d = 8 Error in pixCreateHeader: requested by","NULL","2026-07-16 21:30:54.840","NULL","NULL"
"8c650a67-bc7b-11ec-bfc9-00505681224b","s3://enverus-courthouse-prod-chd-plants/nm/lea/8c65/8c650a67-bc7b-11ec-bfc9-00505681224b.pdf","d9bsuhh5jqeg00e66rkg","1","OCR failed. Command: tesseract /tmp/diml/pngs/d9bsuhh5jqeg00e66rkg/d9bsuhh5jqeg00e66rkg.0001.png /tmp/diml/ocr_results/d9bsuhh5jqeg00e66rkg/d9bsuhh5jqeg00e66rkg.0001 --oem 1 -l eng --psm 1 . Error: Error in pixCreateHeader: requested w = 36429, h = 60000, d = 8 Error in pixCreateHeader: requested by","NULL","2026-07-16 21:23:31.877","NULL","NULL"
"1b36a291-3df8-11ec-a3c2-00505681224b","s3://enverus-courthouse-prod-chd-plants/nm/lea/1b36/1b36a291-3df8-11ec-a3c2-00505681224b.pdf","d9bue0r6g7ig0080l49g","1","OCR failed. Command: tesseract /tmp/diml/pngs/d9bue0r6g7ig0080l49g/d9bue0r6g7ig0080l49g.0001.png /tmp/diml/ocr_results/d9bue0r6g7ig0080l49g/d9bue0r6g7ig0080l49g.0001 --oem 1 -l eng --psm 1 . Error: Error in pixCreateHeader: requested w = 36429, h = 60000, d = 8 Error in pixCreateHeader: requested by","NULL","2026-07-16 21:23:31.877","NULL","NULL"
"a3f2f952-d733-11ec-9739-00505681224b","s3://enverus-courthouse-prod-chd-plants/nm/eog_lea/a3f2/a3f2f952-d733-11ec-9739-00505681224b.pdf","d9bteppb0h1g00d072a0","1","OCR failed. Command: tesseract /tmp/diml/pngs/d9bteppb0h1g00d072a0/d9bteppb0h1g00d072a0.0007.png /tmp/diml/ocr_results/d9bteppb0h1g00d072a0/d9bteppb0h1g00d072a0.0007 --oem 1 -l eng --psm 1 . Error: Error in pixCreateHeader: requested w = 36429, h = 60000, d = 8 Error in pixCreateHeader: requested by","NULL","2026-07-16 21:23:31.877","NULL","NULL"
"ca5c999b-097e-11ed-8292-00505681224b","s3://enverus-courthouse-prod-chd-plants/nm/eog_lea/ca5c/ca5c999b-097e-11ed-8292-00505681224b.pdf","d9btqe3rgi8g00bfkpr0","1","OCR failed. Command: tesseract /tmp/diml/pngs/d9btqe3rgi8g00bfkpr0/d9btqe3rgi8g00bfkpr0.0001.png /tmp/diml/ocr_results/d9btqe3rgi8g00bfkpr0/d9btqe3rgi8g00bfkpr0.0001 --oem 1 -l eng --psm 1 . Error: Error in pixCreateHeader: requested w = 36429, h = 60000, d = 8 Error in pixCreateHeader: requested by","NULL","2026-07-16 21:23:31.877","NULL","NULL"
"a1368db8-bc7b-11ec-b20f-00505681224b","s3://enverus-courthouse-prod-chd-plants/nm/lea/a136/a1368db8-bc7b-11ec-b20f-00505681224b.pdf","d9buet41kr4g008f1j9g","1","OCR failed. Command: tesseract /tmp/diml/pngs/d9buet41kr4g008f1j9g/d9buet41kr4g008f1j9g.0001.png /tmp/diml/ocr_results/d9buet41kr4g008f1j9g/d9buet41kr4g008f1j9g.0001 --oem 1 -l eng --psm 1 . Error: Error in pixCreateHeader: requested w = 36429, h = 60000, d = 8 Error in pixCreateHeader: requested by","NULL","2026-07-16 21:23:31.877","NULL","NULL"
"06561737-d733-11ec-84b8-00505681224b","s3://enverus-courthouse-prod-chd-plants/nm/lea/0656/06561737-d733-11ec-84b8-00505681224b.pdf","d9buq1rk4o90008afa40","1","OCR failed. Command: tesseract /tmp/diml/pngs/d9buq1rk4o90008afa40/d9buq1rk4o90008afa40.0001.png /tmp/diml/ocr_results/d9buq1rk4o90008afa40/d9buq1rk4o90008afa40.0001 --oem 1 -l eng --psm 1 . Error: Error in pixCreateHeader: requested w = 36429, h = 60000, d = 8 Error in pixCreateHeader: requested by","NULL","2026-07-16 21:23:31.877","NULL","NULL"
"df4dc054-51b2-11ec-b150-00505681224b","s3://enverus-courthouse-prod-chd-plants/nm/eog_lea/df4d/df4dc054-51b2-11ec-b150-00505681224b.pdf","d9btf0npfcq000ff4f90","1","OCR failed. Command: tesseract /tmp/diml/pngs/d9btf0npfcq000ff4f90/d9btf0npfcq000ff4f90.0004.png /tmp/diml/ocr_results/d9btf0npfcq000ff4f90/d9btf0npfcq000ff4f90.0004 --oem 1 -l eng --psm 1 . Error: Error in pixCreateHeader: requested w = 36429, h = 60000, d = 8 Error in pixCreateHeader: requested by","NULL","2026-07-16 21:23:31.877","NULL","NULL"
"2f9f2667-686f-11ec-a0cd-00505681224b","s3://enverus-courthouse-prod-chd-plants/nm/lea/2f9f/2f9f2667-686f-11ec-a0cd-00505681224b.pdf","d9bur4oisvug00fv0gq0","1","OCR failed. Command: tesseract /tmp/diml/pngs/d9bur4oisvug00fv0gq0/d9bur4oisvug00fv0gq0.0001.png /tmp/diml/ocr_results/d9bur4oisvug00fv0gq0/d9bur4oisvug00fv0gq0.0001 --oem 1 -l eng --psm 1 . Error: Error in pixCreateHeader: requested w = 36429, h = 60000, d = 8 Error in pixCreateHeader: requested by","NULL","2026-07-16 21:23:31.877","NULL","NULL"
"785e219f-c5bd-11eb-bbf0-00505681224b","s3://enverus-courthouse-prod-chd-plants/nm/eog_lea/785e/785e219f-c5bd-11eb-bbf0-00505681224b.pdf","d9bt7stlksng008dvh6g","1","OCR failed. Command: tesseract /tmp/diml/pngs/d9bt7stlksng008dvh6g/d9bt7stlksng008dvh6g.0001.png /tmp/diml/ocr_results/d9bt7stlksng008dvh6g/d9bt7stlksng008dvh6g.0001 --oem 1 -l eng --psm 1 . Error: Error in pixCreateHeader: requested w = 36429, h = 60000, d = 8 Error in pixCreateHeader: requested by","NULL","2026-07-16 21:23:31.877","NULL","NULL"
"bfc74ea6-097f-11ed-8548-00505681224b","s3://enverus-courthouse-prod-chd-plants/nm/lea/bfc7/bfc74ea6-097f-11ed-8548-00505681224b.pdf","d9btlh4ogvn0009ao1b0","1","OCR failed. Command: tesseract /tmp/diml/pngs/d9btlh4ogvn0009ao1b0/d9btlh4ogvn0009ao1b0.0005.png /tmp/diml/ocr_results/d9btlh4ogvn0009ao1b0/d9btlh4ogvn0009ao1b0.0005 --oem 1 -l eng --psm 1 . Error: Error in pixCreateHeader: requested w = 36429, h = 60000, d = 8 Error in pixCreateHeader: requested by","NULL","2026-07-16 21:23:31.877","NULL","NULL"
"f4dda2fc-405b-11ec-8a15-00505681224b","s3://enverus-courthouse-prod-chd-plants/nm/eog_lea/f4dd/f4dda2fc-405b-11ec-8a15-00505681224b.pdf","d9bu853k4o900089ka0g","1","OCR failed. Command: tesseract /tmp/diml/pngs/d9bu853k4o900089ka0g/d9bu853k4o900089ka0g.0002.png /tmp/diml/ocr_results/d9bu853k4o900089ka0g/d9bu853k4o900089ka0g.0002 --oem 1 -l eng --psm 1 . Error: Error in pixCreateHeader: requested w = 36429, h = 60000, d = 8 Error in pixCreateHeader: requested by","NULL","2026-07-16 21:16:03.813","NULL","NULL"
"1b36a297-3df8-11ec-ae76-00505681224b","s3://enverus-courthouse-prod-chd-plants/nm/lea/1b36/1b36a297-3df8-11ec-ae76-00505681224b.pdf","d9btkbchn77000fa779g","1","OCR failed. Command: tesseract /tmp/diml/pngs/d9btkbchn77000fa779g/d9btkbchn77000fa779g.0001.png /tmp/diml/ocr_results/d9btkbchn77000fa779g/d9btkbchn77000fa779g.0001 --oem 1 -l eng --psm 1 . Error: Error in pixCreateHeader: requested w = 36429, h = 60000, d = 8 Error in pixCreateHeader: requested by","NULL","2026-07-16 21:16:03.813","NULL","NULL"
"aec47855-a5b1-11ec-8dbb-00505681224b","s3://enverus-courthouse-prod-chd-plants/nm/lea/aec4/aec47855-a5b1-11ec-8dbb-00505681224b.pdf","d9bsnrr1f5dg00bcl8t0","1","OCR failed. Command: tesseract /tmp/diml/pngs/d9bsnrr1f5dg00bcl8t0/d9bsnrr1f5dg00bcl8t0.0001.png /tmp/diml/ocr_results/d9bsnrr1f5dg00bcl8t0/d9bsnrr1f5dg00bcl8t0.0001 --oem 1 -l eng --psm 1 . Error: Error in pixCreateHeader: requested w = 36429, h = 60000, d = 8 Error in pixCreateHeader: requested by","NULL","2026-07-16 21:16:03.813","NULL","NULL"
"c2456fb5-3ec2-11ec-ab64-00505681224b","s3://enverus-courthouse-prod-chd-plants/nm/lea/c245/c2456fb5-3ec2-11ec-ab64-00505681224b.pdf","d9bths19ha2000c69nh0","1","OCR failed. Command: tesseract /tmp/diml/pngs/d9bths19ha2000c69nh0/d9bths19ha2000c69nh0.0002.png /tmp/diml/ocr_results/d9bths19ha2000c69nh0/d9bths19ha2000c69nh0.0002 --oem 1 -l eng --psm 1 . Error: Error in pixCreateHeader: requested w = 36429, h = 60000, d = 8 Error in pixCreateHeader: requested by","NULL","2026-07-16 21:10:31.710","NULL","NULL"
"4cd8b44c-8bcc-11ec-b6b2-00505681224b","s3://enverus-courthouse-prod-chd-plants/nm/eog_lea/4cd8/4cd8b44c-8bcc-11ec-b6b2-00505681224b.pdf","d9bualr6g7ig0080g4ug","1","OCR failed. Command: tesseract /tmp/diml/pngs/d9bualr6g7ig0080g4ug/d9bualr6g7ig0080g4ug.0004.png /tmp/diml/ocr_results/d9bualr6g7ig0080g4ug/d9bualr6g7ig0080g4ug.0004 --oem 1 -l eng --psm 1 . Error: Error in pixCreateHeader: requested w = 36429, h = 60000, d = 8 Error in pixCreateHeader: requested by","NULL","2026-07-16 21:10:31.710","NULL","NULL"
"bc0a2507-42b7-11ec-a3c5-00505681224b","s3://enverus-courthouse-prod-chd-plants/nm/eog_lea/bc0a/bc0a2507-42b7-11ec-a3c5-00505681224b.pdf","d9bulapb0h1g00d1s1o0","1","OCR failed. Command: tesseract /tmp/diml/pngs/d9bulapb0h1g00d1s1o0/d9bulapb0h1g00d1s1o0.0001.png /tmp/diml/ocr_results/d9bulapb0h1g00d1s1o0/d9bulapb0h1g00d1s1o0.0001 --oem 1 -l eng --psm 1 . Error: Error in pixCreateHeader: requested w = 36429, h = 60000, d = 8 Error in pixCreateHeader: requested by","NULL","2026-07-16 21:10:31.710","NULL","NULL"
"1b5f4da5-d733-11ec-be60-00505681224b","s3://enverus-courthouse-prod-chd-plants/nm/lea/1b5f/1b5f4da5-d733-11ec-be60-00505681224b.pdf","d9bsphrrgi8g00beff30","1","OCR failed. Command: tesseract /tmp/diml/pngs/d9bsphrrgi8g00beff30/d9bsphrrgi8g00beff30.0001.png /tmp/diml/ocr_results/d9bsphrrgi8g00beff30/d9bsphrrgi8g00beff30.0001 --oem 1 -l eng --psm 1 . Error: Error in pixCreateHeader: requested w = 36429, h = 60000, d = 8 Error in pixCreateHeader: requested by","NULL","2026-07-16 21:10:31.710","NULL","NULL"
"4cd9507e-8bcc-11ec-b8aa-00505681224b","s3://enverus-courthouse-prod-chd-plants/nm/eog_lea/4cd9/4cd9507e-8bcc-11ec-b8aa-00505681224b.pdf","d9bt9ellksng008e1f10","1","OCR failed. Command: tesseract /tmp/diml/pngs/d9bt9ellksng008e1f10/d9bt9ellksng008e1f10.0007.png /tmp/diml/ocr_results/d9bt9ellksng008e1f10/d9bt9ellksng008e1f10.0007 --oem 1 -l eng --psm 1 . Error: Error in pixCreateHeader: requested w = 36429, h = 60000, d = 8 Error in pixCreateHeader: requested by","NULL","2026-07-16 21:10:31.710","NULL","NULL"
"e187f9af-bc7b-11ec-82a3-00505681224b","s3://enverus-courthouse-prod-chd-plants/nm/eog_lea/e187/e187f9af-bc7b-11ec-82a3-00505681224b.pdf","d9bullnr2ffg00e1c6ng","1","OCR failed. Command: tesseract /tmp/diml/pngs/d9bullnr2ffg00e1c6ng/d9bullnr2ffg00e1c6ng.0002.png /tmp/diml/ocr_results/d9bullnr2ffg00e1c6ng/d9bullnr2ffg00e1c6ng.0002 --oem 1 -l eng --psm 1 . Error: Error in pixCreateHeader: requested w = 36429, h = 60000, d = 8 Error in pixCreateHeader: requested by","NULL","2026-07-16 21:10:31.710","NULL","NULL"
"ca5baec1-097e-11ed-8315-00505681224b","s3://enverus-courthouse-prod-chd-plants/nm/eog_lea/ca5b/ca5baec1-097e-11ed-8315-00505681224b.pdf","d9bug4o30skg00d8mggg","1","OCR failed. Command: tesseract /tmp/diml/pngs/d9bug4o30skg00d8mggg/d9bug4o30skg00d8mggg.0001.png /tmp/diml/ocr_results/d9bug4o30skg00d8mggg/d9bug4o30skg00d8mggg.0001 --oem 1 -l eng --psm 1 . Error: Error in pixCreateHeader: requested w = 36429, h = 60000, d = 8 Error in pixCreateHeader: requested by","NULL","2026-07-16 21:10:31.710","NULL","NULL"
"d32d4a96-bc7b-11ec-85b5-00505681224b","s3://enverus-courthouse-prod-chd-plants/nm/eog_lea/d32d/d32d4a96-bc7b-11ec-85b5-00505681224b.pdf","d9btn09b0h1g00d0h3kg","1","OCR failed. Command: tesseract /tmp/diml/pngs/d9btn09b0h1g00d0h3kg/d9btn09b0h1g00d0h3kg.0003.png /tmp/diml/ocr_results/d9btn09b0h1g00d0h3kg/d9btn09b0h1g00d0h3kg.0003 --oem 1 -l eng --psm 1 . Error: Error in pixCreateHeader: requested w = 36429, h = 60000, d = 8 Error in pixCreateHeader: requested by","NULL","2026-07-16 21:05:02.583","NULL","NULL"
"be43d8c2-a5b1-11ec-92d4-00505681224b","s3://enverus-courthouse-prod-chd-plants/nm/lea/be43/be43d8c2-a5b1-11ec-92d4-00505681224b.pdf","d9bullhhd6mg00bnv9ng","1","OCR failed. Command: tesseract /tmp/diml/pngs/d9bullhhd6mg00bnv9ng/d9bullhhd6mg00bnv9ng.0001.png /tmp/diml/ocr_results/d9bullhhd6mg00bnv9ng/d9bullhhd6mg00bnv9ng.0001 --oem 1 -l eng --psm 1 . Error: Error in pixCreateHeader: requested w = 36429, h = 60000, d = 8 Error in pixCreateHeader: requested by","NULL","2026-07-16 21:05:02.583","NULL","NULL"
"f5a02f81-405b-11ec-b191-00505681224b","s3://enverus-courthouse-prod-chd-plants/nm/eog_lea/f5a0/f5a02f81-405b-11ec-b191-00505681224b.pdf","d9bspqnak3500085nmh0","1","OCR failed. Command: tesseract /tmp/diml/pngs/d9bspqnak3500085nmh0/d9bspqnak3500085nmh0.0001.png /tmp/diml/ocr_results/d9bspqnak3500085nmh0/d9bspqnak3500085nmh0.0001 --oem 1 -l eng --psm 1 . Error: Error in pixCreateHeader: requested w = 36429, h = 60000, d = 8 Error in pixCreateHeader: requested by","NULL","2026-07-16 21:05:02.583","NULL","NULL"
"bfc74ea5-097f-11ed-b8f6-00505681224b","s3://enverus-courthouse-prod-chd-plants/nm/lea/bfc7/bfc74ea5-097f-11ed-b8f6-00505681224b.pdf","d9btug41kr4g008e9kng","1","OCR failed. Command: tesseract /tmp/diml/pngs/d9btug41kr4g008e9kng/d9btug41kr4g008e9kng.0005.png /tmp/diml/ocr_results/d9btug41kr4g008e9kng/d9btug41kr4g008e9kng.0005 --oem 1 -l eng --psm 1 . Error: Error in pixCreateHeader: requested w = 36429, h = 60000, d = 8 Error in pixCreateHeader: requested by","NULL","2026-07-16 21:05:02.583","NULL","NULL"
"06568c85-d733-11ec-9993-00505681224b","s3://enverus-courthouse-prod-chd-plants/nm/lea/0656/06568c85-d733-11ec-9993-00505681224b.pdf","d9bt7o9kf4s000f66a20","1","OCR failed. Command: tesseract /tmp/diml/pngs/d9bt7o9kf4s000f66a20/d9bt7o9kf4s000f66a20.0003.png /tmp/diml/ocr_results/d9bt7o9kf4s000f66a20/d9bt7o9kf4s000f66a20.0003 --oem 1 -l eng --psm 1 . Error: Error in pixCreateHeader: requested w = 36429, h = 60000, d = 8 Error in pixCreateHeader: requested by","NULL","2026-07-16 21:05:02.583","NULL","NULL"
"f59f1e3d-405b-11ec-8548-00505681224b","s3://enverus-courthouse-prod-chd-plants/nm/eog_lea/f59f/f59f1e3d-405b-11ec-8548-00505681224b.pdf","d9btas99ha2000c618ig","1","OCR failed. Command: tesseract /tmp/diml/pngs/d9btas99ha2000c618ig/d9btas99ha2000c618ig.0005.png /tmp/diml/ocr_results/d9btas99ha2000c618ig/d9btas99ha2000c618ig.0005 --oem 1 -l eng --psm 1 . Error: Error in pixCreateHeader: requested w = 36429, h = 60000, d = 8 Error in pixCreateHeader: requested by","NULL","2026-07-16 21:05:02.583","NULL","NULL"
"e7e0e78b-097f-11ed-b7ee-00505681224b","s3://enverus-courthouse-prod-chd-plants/nm/lea/e7e0/e7e0e78b-097f-11ed-b7ee-00505681224b.pdf","d9bucnbte9l000f8vtag","1","OCR failed. Command: tesseract /tmp/diml/pngs/d9bucnbte9l000f8vtag/d9bucnbte9l000f8vtag.0001.png /tmp/diml/ocr_results/d9bucnbte9l000f8vtag/d9bucnbte9l000f8vtag.0001 --oem 1 -l eng --psm 1 . Error: Error in pixCreateHeader: requested w = 36429, h = 60000, d = 8 Error in pixCreateHeader: requested by","NULL","2026-07-16 21:05:02.583","NULL","NULL"
"1b5f4d97-d733-11ec-9b19-00505681224b","s3://enverus-courthouse-prod-chd-plants/nm/lea/1b5f/1b5f4d97-d733-11ec-9b19-00505681224b.pdf","d9btdncflnl000dji3o0","1","OCR failed. Command: tesseract /tmp/diml/pngs/d9btdncflnl000dji3o0/d9btdncflnl000dji3o0.0001.png /tmp/diml/ocr_results/d9btdncflnl000dji3o0/d9btdncflnl000dji3o0.0001 --oem 1 -l eng --psm 1 . Error: Error in pixCreateHeader: requested w = 36429, h = 60000, d = 8 Error in pixCreateHeader: requested by","NULL","2026-07-16 21:05:02.583","NULL","NULL"
"f59f1e2a-405b-11ec-969c-00505681224b","s3://enverus-courthouse-prod-chd-plants/nm/eog_lea/f59f/f59f1e2a-405b-11ec-969c-00505681224b.pdf","d9btder6g7ig00fv8krg","1","OCR failed. Command: tesseract /tmp/diml/pngs/d9btder6g7ig00fv8krg/d9btder6g7ig00fv8krg.0001.png /tmp/diml/ocr_results/d9btder6g7ig00fv8krg/d9btder6g7ig00fv8krg.0001 --oem 1 -l eng --psm 1 . Error: Error in pixCreateHeader: requested w = 36429, h = 60000, d = 8 Error in pixCreateHeader: requested by","NULL","2026-07-16 21:05:02.583","NULL","NULL"
"1b5ed865-d733-11ec-90d1-00505681224b","s3://enverus-courthouse-prod-chd-plants/nm/lea/1b5e/1b5ed865-d733-11ec-90d1-00505681224b.pdf","d9bt0gj6g7ig00fuq740","1","OCR failed. Command: tesseract /tmp/diml/pngs/d9bt0gj6g7ig00fuq740/d9bt0gj6g7ig00fuq740.0001.png /tmp/diml/ocr_results/d9bt0gj6g7ig00fuq740/d9bt0gj6g7ig00fuq740.0001 --oem 1 -l eng --psm 1 . Error: Error in pixCreateHeader: requested w = 36429, h = 60000, d = 8 Error in pixCreateHeader: requested by","NULL","2026-07-16 20:58:33.470","NULL","NULL"
"bc089e6d-42b7-11ec-8ca1-00505681224b","s3://enverus-courthouse-prod-chd-plants/nm/eog_lea/bc08/bc089e6d-42b7-11ec-8ca1-00505681224b.pdf","d9bt83fr2ffg00dve5rg","1","OCR failed. Command: tesseract /tmp/diml/pngs/d9bt83fr2ffg00dve5rg/d9bt83fr2ffg00dve5rg.0002.png /tmp/diml/ocr_results/d9bt83fr2ffg00dve5rg/d9bt83fr2ffg00dve5rg.0002 --oem 1 -l eng --psm 1 . Error: Error in pixCreateHeader: requested w = 36429, h = 60000, d = 8 Error in pixCreateHeader: requested by","NULL","2026-07-16 20:58:33.470","NULL","NULL"
"5a9084df-6226-11ec-b6e3-00505681224b","s3://enverus-courthouse-prod-chd-plants/nm/eog_lea/5a90/5a9084df-6226-11ec-b6e3-00505681224b.pdf","d9buci1d6jhg0084c7l0","1","OCR failed. Command: tesseract /tmp/diml/pngs/d9buci1d6jhg0084c7l0/d9buci1d6jhg0084c7l0.0038.png /tmp/diml/ocr_results/d9buci1d6jhg0084c7l0/d9buci1d6jhg0084c7l0.0038 --oem 1 -l eng --psm 1 . Error: Error in pixCreateHeader: requested w = 36429, h = 60000, d = 8 Error in pixCreateHeader: requested by","NULL","2026-07-16 20:58:33.470","NULL","NULL"
"c2439b04-3ec2-11ec-a6fc-00505681224b","s3://enverus-courthouse-prod-chd-plants/nm/lea/c243/c2439b04-3ec2-11ec-a6fc-00505681224b.pdf","d9bt3mr1f5dg00bd0reg","1","OCR failed. Command: tesseract /tmp/diml/pngs/d9bt3mr1f5dg00bd0reg/d9bt3mr1f5dg00bd0reg.0001.png /tmp/diml/ocr_results/d9bt3mr1f5dg00bd0reg/d9bt3mr1f5dg00bd0reg.0001 --oem 1 -l eng --psm 1 . Error: Error in pixCreateHeader: requested w = 36429, h = 60000, d = 8 Error in pixCreateHeader: requested by","NULL","2026-07-16 20:58:33.470","NULL","NULL"
"1b5eb152-d733-11ec-9a9c-00505681224b","s3://enverus-courthouse-prod-chd-plants/nm/lea/1b5e/1b5eb152-d733-11ec-9a9c-00505681224b.pdf","d9bt2b7r2ffg00dv84q0","1","OCR failed. Command: tesseract /tmp/diml/pngs/d9bt2b7r2ffg00dv84q0/d9bt2b7r2ffg00dv84q0.0001.png /tmp/diml/ocr_results/d9bt2b7r2ffg00dv84q0/d9bt2b7r2ffg00dv84q0.0001 --oem 1 -l eng --psm 1 . Error: Error in pixCreateHeader: requested w = 36429, h = 60000, d = 8 Error in pixCreateHeader: requested by","NULL","2026-07-16 20:58:33.470","NULL","NULL"
"1b5fe9d4-d733-11ec-8c36-00505681224b","s3://enverus-courthouse-prod-chd-plants/nm/lea/1b5f/1b5fe9d4-d733-11ec-8c36-00505681224b.pdf","d9bu4v3k4o900089fkug","1","OCR failed. Command: tesseract /tmp/diml/pngs/d9bu4v3k4o900089fkug/d9bu4v3k4o900089fkug.0031.png /tmp/diml/ocr_results/d9bu4v3k4o900089fkug/d9bu4v3k4o900089fkug.0031 --oem 1 -l eng --psm 1 . Error: Error in pixCreateHeader: requested w = 36429, h = 60000, d = 8 Error in pixCreateHeader: requested by","NULL","2026-07-16 20:58:33.470","NULL","NULL"
"5a923292-6226-11ec-b6b6-00505681224b","s3://enverus-courthouse-prod-chd-plants/nm/eog_lea/5a92/5a923292-6226-11ec-b6b6-00505681224b.pdf","d9bt1r7ak3500085v450","1","OCR failed. Command: tesseract /tmp/diml/pngs/d9bt1r7ak3500085v450/d9bt1r7ak3500085v450.0001.png /tmp/diml/ocr_results/d9bt1r7ak3500085v450/d9bt1r7ak3500085v450.0001 --oem 1 -l eng --psm 1 . Error: Error in pixCreateHeader: requested w = 36429, h = 60000, d = 8 Error in pixCreateHeader: requested by","NULL","2026-07-16 20:58:33.470","NULL","NULL"
"ca5b399c-097e-11ed-8d29-00505681224b","s3://enverus-courthouse-prod-chd-plants/nm/eog_lea/ca5b/ca5b399c-097e-11ed-8d29-00505681224b.pdf","d9bubre89gsg00fh57ng","1","OCR failed. Command: tesseract /tmp/diml/pngs/d9bubre89gsg00fh57ng/d9bubre89gsg00fh57ng.0001.png /tmp/diml/ocr_results/d9bubre89gsg00fh57ng/d9bubre89gsg00fh57ng.0001 --oem 1 -l eng --psm 1 . Error: Error in pixCreateHeader: requested w = 36429, h = 60000, d = 8 Error in pixCreateHeader: requested by","NULL","2026-07-16 20:58:33.470","NULL","NULL"
"67ba35be-3f8a-11ec-8a48-00505681224b","s3://enverus-courthouse-prod-chd-plants/nm/eog_lea/67ba/67ba35be-3f8a-11ec-8a48-00505681224b.pdf","d9bsre1hd6mg00blkh70","1","OCR failed. Command: tesseract /tmp/diml/pngs/d9bsre1hd6mg00blkh70/d9bsre1hd6mg00blkh70.0001.png /tmp/diml/ocr_results/d9bsre1hd6mg00blkh70/d9bsre1hd6mg00blkh70.0001 --oem 1 -l eng --psm 1 . Error: Error in pixCreateHeader: requested w = 36429, h = 60000, d = 8 Error in pixCreateHeader: requested by","NULL","2026-07-16 20:58:33.470","NULL","NULL"
"42a872b7-0980-11ed-9724-00505681224b","s3://enverus-courthouse-prod-chd-plants/nm/lea/42a8/42a872b7-0980-11ed-9724-00505681224b.pdf","d9btkc22oub000e1vg6g","1","OCR failed. Command: tesseract /tmp/diml/pngs/d9btkc22oub000e1vg6g/d9btkc22oub000e1vg6g.0002.png /tmp/diml/ocr_results/d9btkc22oub000e1vg6g/d9btkc22oub000e1vg6g.0002 --oem 1 -l eng --psm 1 . Error: Error in pixCreateHeader: requested w = 36429, h = 60000, d = 8 Error in pixCreateHeader: requested by","NULL","2026-07-16 20:52:56.337","NULL","NULL"
"ca5c999c-097e-11ed-b60e-00505681224b","s3://enverus-courthouse-prod-chd-plants/nm/eog_lea/ca5c/ca5c999c-097e-11ed-b60e-00505681224b.pdf","d9bukd4hn77000fbknvg","1","OCR failed. Command: tesseract /tmp/diml/pngs/d9bukd4hn77000fbknvg/d9bukd4hn77000fbknvg.0001.png /tmp/diml/ocr_results/d9bukd4hn77000fbknvg/d9bukd4hn77000fbknvg.0001 --oem 1 -l eng --psm 1 . Error: Error in pixCreateHeader: requested w = 36429, h = 60000, d = 8 Error in pixCreateHeader: requested by","NULL","2026-07-16 20:52:56.337","NULL","NULL"
"471981e0-d733-11ec-9c0a-00505681224b","s3://enverus-courthouse-prod-chd-plants/nm/lea/4719/471981e0-d733-11ec-9c0a-00505681224b.pdf","d9bucej6g7ig0080inag","1","OCR failed. Command: tesseract /tmp/diml/pngs/d9bucej6g7ig0080inag/d9bucej6g7ig0080inag.0009.png /tmp/diml/ocr_results/d9bucej6g7ig0080inag/d9bucej6g7ig0080inag.0009 --oem 1 -l eng --psm 1 . Error: Error in pixCreateHeader: requested w = 36429, h = 60000, d = 8 Error in pixCreateHeader: requested by","NULL","2026-07-16 20:52:56.337","NULL","NULL"
"c83e5cad-8bcb-11ec-bd77-00505681224b","s3://enverus-courthouse-prod-chd-plants/nm/lea/c83e/c83e5cad-8bcb-11ec-bd77-00505681224b.pdf","d9btrnjdelo000dufd7g","1","OCR failed. Command: tesseract /tmp/diml/pngs/d9btrnjdelo000dufd7g/d9btrnjdelo000dufd7g.0001.png /tmp/diml/ocr_results/d9btrnjdelo000dufd7g/d9btrnjdelo000dufd7g.0001 --oem 1 -l eng --psm 1 . Error: Error in pixCreateHeader: requested w = 36429, h = 60000, d = 8 Error in pixCreateHeader: requested by","NULL","2026-07-16 20:52:56.337","NULL","NULL"
"8c650a6a-bc7b-11ec-b13f-00505681224b","s3://enverus-courthouse-prod-chd-plants/nm/lea/8c65/8c650a6a-bc7b-11ec-b13f-00505681224b.pdf","d9bsr84ogvn00099q9mg","1","OCR failed. Command: tesseract /tmp/diml/pngs/d9bsr84ogvn00099q9mg/d9bsr84ogvn00099q9mg.0005.png /tmp/diml/ocr_results/d9bsr84ogvn00099q9mg/d9bsr84ogvn00099q9mg.0005 --oem 1 -l eng --psm 1 . Error: Error in pixCreateHeader: requested w = 36429, h = 60000, d = 8 Error in pixCreateHeader: requested by","NULL","2026-07-16 20:52:56.337","NULL","NULL"
"17db2d49-f80d-11eb-8e7a-00505681224b","s3://enverus-courthouse-prod-chd-plants/nm/eog_lea/17db/17db2d49-f80d-11eb-8e7a-00505681224b.pdf","d9bttag30skg00d7r3hg","1","OCR failed. Command: tesseract /tmp/diml/pngs/d9bttag30skg00d7r3hg/d9bttag30skg00d7r3hg.0004.png /tmp/diml/ocr_results/d9bttag30skg00d7r3hg/d9bttag30skg00d7r3hg.0004 --oem 1 -l eng --psm 1 . Error: Error in pixCreateHeader: requested w = 36429, h = 60000, d = 8 Error in pixCreateHeader: requested by","NULL","2026-07-16 20:52:56.337","NULL","NULL"
"04bb7839-d3ea-11eb-b8f5-00505681224b","s3://enverus-courthouse-prod-chd-plants/nm/eog_lea/04bb/04bb7839-d3ea-11eb-b8f5-00505681224b.pdf","d9bufnh5jqeg00e85m0g","1","OCR failed. Command: tesseract /tmp/diml/pngs/d9bufnh5jqeg00e85m0g/d9bufnh5jqeg00e85m0g.0004.png /tmp/diml/ocr_results/d9bufnh5jqeg00e85m0g/d9bufnh5jqeg00e85m0g.0004 --oem 1 -l eng --psm 1 . Error: Error in pixCreateHeader: requested w = 36429, h = 60000, d = 8 Error in pixCreateHeader: requested by","NULL","2026-07-16 20:47:40.880","NULL","NULL"
"1b5f74bb-d733-11ec-ae0a-00505681224b","s3://enverus-courthouse-prod-chd-plants/nm/lea/1b5f/1b5f74bb-d733-11ec-ae0a-00505681224b.pdf","d9bumffak35000884t70","1","OCR failed. Command: tesseract /tmp/diml/pngs/d9bumffak35000884t70/d9bumffak35000884t70.0001.png /tmp/diml/ocr_results/d9bumffak35000884t70/d9bumffak35000884t70.0001 --oem 1 -l eng --psm 1 . Error: Error in pixCreateHeader: requested w = 36429, h = 60000, d = 8 Error in pixCreateHeader: requested by","NULL","2026-07-16 20:47:40.880","NULL","NULL"
"aec45162-a5b1-11ec-b3c4-00505681224b","s3://enverus-courthouse-prod-chd-plants/nm/lea/aec4/aec45162-a5b1-11ec-b3c4-00505681224b.pdf","d9bu6chkf4s000f7e8hg","1","OCR failed. Command: tesseract /tmp/diml/pngs/d9bu6chkf4s000f7e8hg/d9bu6chkf4s000f7e8hg.0001.png /tmp/diml/ocr_results/d9bu6chkf4s000f7e8hg/d9bu6chkf4s000f7e8hg.0001 --oem 1 -l eng --psm 1 . Error: Error in pixCreateHeader: requested w = 36429, h = 60000, d = 8 Error in pixCreateHeader: requested by","NULL","2026-07-16 20:47:40.880","NULL","NULL"
"967fe21c-097f-11ed-a229-00505681224b","s3://enverus-courthouse-prod-chd-plants/nm/lea/967f/967fe21c-097f-11ed-a229-00505681224b.pdf","d9bucp7ak3500087mp80","1","OCR failed. Command: tesseract /tmp/diml/pngs/d9bucp7ak3500087mp80/d9bucp7ak3500087mp80.0003.png /tmp/diml/ocr_results/d9bucp7ak3500087mp80/d9bucp7ak3500087mp80.0003 --oem 1 -l eng --psm 1 . Error: Error in pixCreateHeader: requested w = 36429, h = 60000, d = 8 Error in pixCreateHeader: requested by","NULL","2026-07-16 20:47:40.880","NULL","NULL"
"bd275e2a-bc7b-11ec-b318-00505681224b","s3://enverus-courthouse-prod-chd-plants/nm/lea/bd27/bd275e2a-bc7b-11ec-b318-00505681224b.pdf","d9btd9bs7m5g00887oe0","1","OCR failed. Command: tesseract /tmp/diml/pngs/d9btd9bs7m5g00887oe0/d9btd9bs7m5g00887oe0.0001.png /tmp/diml/ocr_results/d9btd9bs7m5g00887oe0/d9btd9bs7m5g00887oe0.0001 --oem 1 -l eng --psm 1 . Error: Error in pixCreateHeader: requested w = 36429, h = 60000, d = 8 Error in pixCreateHeader: requested by","NULL","2026-07-16 20:47:40.880","NULL","NULL"
"e7e13632-097f-11ed-8813-00505681224b","s3://enverus-courthouse-prod-chd-plants/nm/lea/e7e1/e7e13632-097f-11ed-8813-00505681224b.pdf","d9bun6nak35000885l2g","1","OCR failed. Command: tesseract /tmp/diml/pngs/d9bun6nak35000885l2g/d9bun6nak35000885l2g.0001.png /tmp/diml/ocr_results/d9bun6nak35000885l2g/d9bun6nak35000885l2g.0001 --oem 1 -l eng --psm 1 . Error: Error in pixCreateHeader: requested w = 36429, h = 60000, d = 8 Error in pixCreateHeader: requested by","NULL","2026-07-16 20:47:40.880","NULL","NULL"
"e7e0e795-097f-11ed-a682-00505681224b","s3://enverus-courthouse-prod-chd-plants/nm/lea/e7e0/e7e0e795-097f-11ed-a682-00505681224b.pdf","d9btsueicpjg00dc7gp0","1","OCR failed. Command: tesseract /tmp/diml/pngs/d9btsueicpjg00dc7gp0/d9btsueicpjg00dc7gp0.0001.png /tmp/diml/ocr_results/d9btsueicpjg00dc7gp0/d9btsueicpjg00dc7gp0.0001 --oem 1 -l eng --psm 1 . Error: Error in pixCreateHeader: requested w = 36429, h = 60000, d = 8 Error in pixCreateHeader: requested by","NULL","2026-07-16 20:47:40.880","NULL","NULL"
"1b36a28a-3df8-11ec-ba26-00505681224b","s3://enverus-courthouse-prod-chd-plants/nm/lea/1b36/1b36a28a-3df8-11ec-ba26-00505681224b.pdf","d9bthejte9l000f7pql0","1","OCR failed. Command: tesseract /tmp/diml/pngs/d9bthejte9l000f7pql0/d9bthejte9l000f7pql0.0001.png /tmp/diml/ocr_results/d9bthejte9l000f7pql0/d9bthejte9l000f7pql0.0001 --oem 1 -l eng --psm 1 . Error: Error in pixCreateHeader: requested w = 36429, h = 60000, d = 8 Error in pixCreateHeader: requested by","NULL","2026-07-16 20:47:40.880","NULL","NULL"
"576b2be5-d733-11ec-8f47-00505681224b","s3://enverus-courthouse-prod-chd-plants/nm/lea/576b/576b2be5-d733-11ec-8f47-00505681224b.pdf","d9bua73rgi8g00bgbbj0","1","OCR failed. Command: tesseract /tmp/diml/pngs/d9bua73rgi8g00bgbbj0/d9bua73rgi8g00bgbbj0.0001.png /tmp/diml/ocr_results/d9bua73rgi8g00bgbbj0/d9bua73rgi8g00bgbbj0.0001 --oem 1 -l eng --psm 1 . Error: Error in pixCreateHeader: requested w = 36429, h = 60000, d = 8 Error in pixCreateHeader: requested by","NULL","2026-07-16 20:47:40.880","NULL","NULL"
"be43ffd5-a5b1-11ec-8d1a-00505681224b","s3://enverus-courthouse-prod-chd-plants/nm/lea/be43/be43ffd5-a5b1-11ec-8d1a-00505681224b.pdf","d9buhvbs7m5g0089q1jg","1","OCR failed. Command: tesseract /tmp/diml/pngs/d9buhvbs7m5g0089q1jg/d9buhvbs7m5g0089q1jg.0001.png /tmp/diml/ocr_results/d9buhvbs7m5g0089q1jg/d9buhvbs7m5g0089q1jg.0001 --oem 1 -l eng --psm 1 . Error: Error in pixCreateHeader: requested w = 36429, h = 60000, d = 8 Error in pixCreateHeader: requested by","NULL","2026-07-16 20:47:40.880","NULL","NULL"
"e7e183e9-097f-11ed-8032-00505681224b","s3://enverus-courthouse-prod-chd-plants/nm/lea/e7e1/e7e183e9-097f-11ed-8032-00505681224b.pdf","d9bu35vak35000878hlg","1","OCR failed. Command: tesseract /tmp/diml/pngs/d9bu35vak35000878hlg/d9bu35vak35000878hlg.0001.png /tmp/diml/ocr_results/d9bu35vak35000878hlg/d9bu35vak35000878hlg.0001 --oem 1 -l eng --psm 1 . Error: Error in pixCreateHeader: requested w = 36429, h = 60000, d = 8 Error in pixCreateHeader: requested by","NULL","2026-07-16 20:42:02.623","NULL","NULL"
"9680572a-097f-11ed-9ce5-00505681224b","s3://enverus-courthouse-prod-chd-plants/nm/lea/9680/9680572a-097f-11ed-9ce5-00505681224b.pdf","d9bu8mo30skg00d8bnu0","1","OCR failed. Command: tesseract /tmp/diml/pngs/d9bu8mo30skg00d8bnu0/d9bu8mo30skg00d8bnu0.0001.png /tmp/diml/ocr_results/d9bu8mo30skg00d8bnu0/d9bu8mo30skg00d8bnu0.0001 --oem 1 -l eng --psm 1 . Error: Error in pixCreateHeader: requested w = 36429, h = 60000, d = 8 Error in pixCreateHeader: requested by","NULL","2026-07-16 20:42:02.623","NULL","NULL"
"f5a14100-405b-11ec-a57b-00505681224b","s3://enverus-courthouse-prod-chd-plants/nm/eog_lea/f5a1/f5a14100-405b-11ec-a57b-00505681224b.pdf","d9bu7ak1kr4g008emfj0","1","OCR failed. Command: tesseract /tmp/diml/pngs/d9bu7ak1kr4g008emfj0/d9bu7ak1kr4g008emfj0.0002.png /tmp/diml/ocr_results/d9bu7ak1kr4g008emfj0/d9bu7ak1kr4g008emfj0.0002 --oem 1 -l eng --psm 1 . Error: Error in pixCreateHeader: requested w = 36429, h = 60000, d = 8 Error in pixCreateHeader: requested by","NULL","2026-07-16 20:42:02.623","NULL","NULL"
"b5e1e317-d733-11ec-b0ab-00505681224b","s3://enverus-courthouse-prod-chd-plants/nm/eog_lea/b5e1/b5e1e317-d733-11ec-b0ab-00505681224b.pdf","d9btrnbs7m5g0088pmjg","1","OCR failed. Command: tesseract /tmp/diml/pngs/d9btrnbs7m5g0088pmjg/d9btrnbs7m5g0088pmjg.0005.png /tmp/diml/ocr_results/d9btrnbs7m5g0088pmjg/d9btrnbs7m5g0088pmjg.0005 --oem 1 -l eng --psm 1 . Error: Error in pixCreateHeader: requested w = 36429, h = 60000, d = 8 Error in pixCreateHeader: requested by","NULL","2026-07-16 20:42:02.623","NULL","NULL"
"f59ef728-405b-11ec-b6c5-00505681224b","s3://enverus-courthouse-prod-chd-plants/nm/eog_lea/f59e/f59ef728-405b-11ec-b6c5-00505681224b.pdf","d9bu1mphd6mg00bn1m20","1","OCR failed. Command: tesseract /tmp/diml/pngs/d9bu1mphd6mg00bn1m20/d9bu1mphd6mg00bn1m20.0002.png /tmp/diml/ocr_results/d9bu1mphd6mg00bn1m20/d9bu1mphd6mg00bn1m20.0002 --oem 1 -l eng --psm 1 . Error: Error in pixCreateHeader: requested w = 36429, h = 60000, d = 8 Error in pixCreateHeader: requested by","NULL","2026-07-16 20:42:02.623","NULL","NULL"
"67b8d646-3f8a-11ec-8dd3-00505681224b","s3://enverus-courthouse-prod-chd-plants/nm/eog_lea/67b8/67b8d646-3f8a-11ec-8dd3-00505681224b.pdf","d9bu1f9d6jhg0083rh00","1","OCR failed. Command: tesseract /tmp/diml/pngs/d9bu1f9d6jhg0083rh00/d9bu1f9d6jhg0083rh00.0002.png /tmp/diml/ocr_results/d9bu1f9d6jhg0083rh00/d9bu1f9d6jhg0083rh00.0002 --oem 1 -l eng --psm 1 . Error: Error in pixCreateHeader: requested w = 36429, h = 60000, d = 8 Error in pixCreateHeader: requested by","NULL","2026-07-16 20:42:02.623","NULL","NULL"
"c2439b14-3ec2-11ec-97d2-00505681224b","s3://enverus-courthouse-prod-chd-plants/nm/lea/c243/c2439b14-3ec2-11ec-97d2-00505681224b.pdf","d9bts5js7m5g0088qomg","1","OCR failed. Command: tesseract /tmp/diml/pngs/d9bts5js7m5g0088qomg/d9bts5js7m5g0088qomg.0001.png /tmp/diml/ocr_results/d9bts5js7m5g0088qomg/d9bts5js7m5g0088qomg.0001 --oem 1 -l eng --psm 1 . Error: Error in pixCreateHeader: requested w = 36429, h = 60000, d = 8 Error in pixCreateHeader: requested by","NULL","2026-07-16 20:42:02.623","NULL","NULL"
"271fb8c1-a32a-11eb-9401-00505681224b","s3://enverus-courthouse-prod-chd-plants/nm/eog_lea/271f/271fb8c1-a32a-11eb-9401-00505681224b.pdf","d9btnt1hd6mg00bmk8u0","1","OCR failed. Command: tesseract /tmp/diml/pngs/d9btnt1hd6mg00bmk8u0/d9btnt1hd6mg00bmk8u0.0003.png /tmp/diml/ocr_results/d9btnt1hd6mg00bmk8u0/d9btnt1hd6mg00bmk8u0.0003 --oem 1 -l eng --psm 1 . Error: Error in pixCreateHeader: requested w = 36429, h = 60000, d = 8 Error in pixCreateHeader: requested by","NULL","2026-07-16 20:42:02.623","NULL","NULL"
"17db2d44-f80d-11eb-aef0-00505681224b","s3://enverus-courthouse-prod-chd-plants/nm/eog_lea/17db/17db2d44-f80d-11eb-aef0-00505681224b.pdf","d9btalchn77000f9rb90","1","OCR failed. Command: tesseract /tmp/diml/pngs/d9btalchn77000f9rb90/d9btalchn77000f9rb90.0007.png /tmp/diml/ocr_results/d9btalchn77000f9rb90/d9btalchn77000f9rb90.0007 --oem 1 -l eng --psm 1 . Error: Error in pixCreateHeader: requested w = 36429, h = 60000, d = 8 Error in pixCreateHeader: requested by","NULL","2026-07-16 20:36:59.703","NULL","NULL"
"a3f3476b-d733-11ec-8093-00505681224b","s3://enverus-courthouse-prod-chd-plants/nm/eog_lea/a3f3/a3f3476b-d733-11ec-8093-00505681224b.pdf","d9bspiu89gsg00ff6s20","1","OCR failed. Command: tesseract /tmp/diml/pngs/d9bspiu89gsg00ff6s20/d9bspiu89gsg00ff6s20.0003.png /tmp/diml/ocr_results/d9bspiu89gsg00ff6s20/d9bspiu89gsg00ff6s20.0003 --oem 1 -l eng --psm 1 . Error: Error in pixCreateHeader: requested w = 36429, h = 60000, d = 8 Error in pixCreateHeader: requested by","NULL","2026-07-16 20:36:59.703","NULL","NULL"
"1b5f74c0-d733-11ec-8e49-00505681224b","s3://enverus-courthouse-prod-chd-plants/nm/lea/1b5f/1b5f74c0-d733-11ec-8e49-00505681224b.pdf","d9bsps7r2ffg00duvih0","1","OCR failed. Command: tesseract /tmp/diml/pngs/d9bsps7r2ffg00duvih0/d9bsps7r2ffg00duvih0.0001.png /tmp/diml/ocr_results/d9bsps7r2ffg00duvih0/d9bsps7r2ffg00duvih0.0001 --oem 1 -l eng --psm 1 . Error: Error in pixCreateHeader: requested w = 36429, h = 60000, d = 8 Error in pixCreateHeader: requested by","NULL","2026-07-16 20:36:59.703","NULL","NULL"
"576b2bdf-d733-11ec-a0b2-00505681224b","s3://enverus-courthouse-prod-chd-plants/nm/lea/576b/576b2bdf-d733-11ec-a0b2-00505681224b.pdf","d9bssn3k4o900087ujm0","1","OCR failed. Command: tesseract /tmp/diml/pngs/d9bssn3k4o900087ujm0/d9bssn3k4o900087ujm0.0001.png /tmp/diml/ocr_results/d9bssn3k4o900087ujm0/d9bssn3k4o900087ujm0.0001 --oem 1 -l eng --psm 1 . Error: Error in pixCreateHeader: requested w = 36429, h = 60000, d = 8 Error in pixCreateHeader: requested by","NULL","2026-07-16 20:36:59.703","NULL","NULL"
"f10a0dc6-6225-11ec-8f0f-00505681224b","s3://enverus-courthouse-prod-chd-plants/nm/lea/f10a/f10a0dc6-6225-11ec-8f0f-00505681224b.pdf","d9bspgvpfcq000fecor0","1","OCR failed. Command: tesseract /tmp/diml/pngs/d9bspgvpfcq000fecor0/d9bspgvpfcq000fecor0.0001.png /tmp/diml/ocr_results/d9bspgvpfcq000fecor0/d9bspgvpfcq000fecor0.0001 --oem 1 -l eng --psm 1 . Error: Error in pixCreateHeader: requested w = 36429, h = 60000, d = 8 Error in pixCreateHeader: requested by","NULL","2026-07-16 20:36:59.703","NULL","NULL"
"670b0e6d-3f8a-11ec-b577-00505681224b","s3://enverus-courthouse-prod-chd-plants/nm/lea/670b/670b0e6d-3f8a-11ec-b577-00505681224b.pdf","d9btvcrdd4a000d5fc3g","1","OCR failed. Command: tesseract /tmp/diml/pngs/d9btvcrdd4a000d5fc3g/d9btvcrdd4a000d5fc3g.0001.png /tmp/diml/ocr_results/d9btvcrdd4a000d5fc3g/d9btvcrdd4a000d5fc3g.0001 --oem 1 -l eng --psm 1 . Error: Error in pixCreateHeader: requested w = 36429, h = 60000, d = 8 Error in pixCreateHeader: requested by","NULL","2026-07-16 20:36:59.703","NULL","NULL"
"d32c8759-bc7b-11ec-bef7-00505681224b","s3://enverus-courthouse-prod-chd-plants/nm/eog_lea/d32c/d32c8759-bc7b-11ec-bef7-00505681224b.pdf","d9bur0rte9l000f9kv80","1","OCR failed. Command: tesseract /tmp/diml/pngs/d9bur0rte9l000f9kv80/d9bur0rte9l000f9kv80.0001.png /tmp/diml/ocr_results/d9bur0rte9l000f9kv80/d9bur0rte9l000f9kv80.0001 --oem 1 -l eng --psm 1 . Error: Error in pixCreateHeader: requested w = 36429, h = 60000, d = 8 Error in pixCreateHeader: requested by","NULL","2026-07-16 20:31:20.593","NULL","NULL"
"be43d8c8-a5b1-11ec-b46c-00505681224b","s3://enverus-courthouse-prod-chd-plants/nm/lea/be43/be43d8c8-a5b1-11ec-b46c-00505681224b.pdf","d9bu0lfpfdig00fbesqg","1","OCR failed. Command: tesseract /tmp/diml/pngs/d9bu0lfpfdig00fbesqg/d9bu0lfpfdig00fbesqg.0001.png /tmp/diml/ocr_results/d9bu0lfpfdig00fbesqg/d9bu0lfpfdig00fbesqg.0001 --oem 1 -l eng --psm 1 . Error: Error in pixCreateHeader: requested w = 36429, h = 60000, d = 8 Error in pixCreateHeader: requested by","NULL","2026-07-16 20:31:20.593","NULL","NULL"
"1b5f74cb-d733-11ec-8789-00505681224b","s3://enverus-courthouse-prod-chd-plants/nm/lea/1b5f/1b5f74cb-d733-11ec-8789-00505681224b.pdf","d9btdcnpfdig00fam2ug","1","OCR failed. Command: tesseract /tmp/diml/pngs/d9btdcnpfdig00fam2ug/d9btdcnpfdig00fam2ug.0001.png /tmp/diml/ocr_results/d9btdcnpfdig00fam2ug/d9btdcnpfdig00fam2ug.0001 --oem 1 -l eng --psm 1 . Error: Error in pixCreateHeader: requested w = 36429, h = 60000, d = 8 Error in pixCreateHeader: requested by","NULL","2026-07-16 20:31:20.593","NULL","NULL"
"e187f9a5-bc7b-11ec-91ec-00505681224b","s3://enverus-courthouse-prod-chd-plants/nm/eog_lea/e187/e187f9a5-bc7b-11ec-91ec-00505681224b.pdf","d9btd9shn77000f9ufq0","1","OCR failed. Command: tesseract /tmp/diml/pngs/d9btd9shn77000f9ufq0/d9btd9shn77000f9ufq0.0002.png /tmp/diml/ocr_results/d9btd9shn77000f9ufq0/d9btd9shn77000f9ufq0.0002 --oem 1 -l eng --psm 1 . Error: Error in pixCreateHeader: requested w = 36429, h = 60000, d = 8 Error in pixCreateHeader: requested by","NULL","2026-07-16 20:31:20.593","NULL","NULL"
"a3f2d23f-d733-11ec-9b0d-00505681224b","s3://enverus-courthouse-prod-chd-plants/nm/eog_lea/a3f2/a3f2d23f-d733-11ec-9b0d-00505681224b.pdf","d9bsv1s1kr4g008d4li0","1","OCR failed. Command: tesseract /tmp/diml/pngs/d9bsv1s1kr4g008d4li0/d9bsv1s1kr4g008d4li0.0001.png /tmp/diml/ocr_results/d9bsv1s1kr4g008d4li0/d9bsv1s1kr4g008d4li0.0001 --oem 1 -l eng --psm 1 . Error: Error in pixCreateHeader: requested w = 36429, h = 60000, d = 8 Error in pixCreateHeader: requested by","NULL","2026-07-16 20:31:20.593","NULL","NULL"
"1b5e6336-d733-11ec-a3a4-00505681224b","s3://enverus-courthouse-prod-chd-plants/nm/lea/1b5e/1b5e6336-d733-11ec-a3a4-00505681224b.pdf","d9btpa15jqeg00e75u10","1","OCR failed. Command: tesseract /tmp/diml/pngs/d9btpa15jqeg00e75u10/d9btpa15jqeg00e75u10.0001.png /tmp/diml/ocr_results/d9btpa15jqeg00e75u10/d9btpa15jqeg00e75u10.0001 --oem 1 -l eng --psm 1 . Error: Error in pixCreateHeader: requested w = 36429, h = 60000, d = 8 Error in pixCreateHeader: requested by","NULL","2026-07-16 20:31:20.593","NULL","NULL"
"b5e1bbf1-d733-11ec-a36b-00505681224b","s3://enverus-courthouse-prod-chd-plants/nm/eog_lea/b5e1/b5e1bbf1-d733-11ec-a36b-00505681224b.pdf","d9buomjte9l000f9hff0","1","OCR failed. Command: tesseract /tmp/diml/pngs/d9buomjte9l000f9hff0/d9buomjte9l000f9hff0.0001.png /tmp/diml/ocr_results/d9buomjte9l000f9hff0/d9buomjte9l000f9hff0.0001 --oem 1 -l eng --psm 1 . Error: Error in pixCreateHeader: requested w = 36429, h = 60000, d = 8 Error in pixCreateHeader: requested by","NULL","2026-07-16 20:31:20.593","NULL","NULL"
"f59f1e3b-405b-11ec-98f9-00505681224b","s3://enverus-courthouse-prod-chd-plants/nm/eog_lea/f59f/f59f1e3b-405b-11ec-98f9-00505681224b.pdf","d9bt9mu89gsg00ffo460","1","OCR failed. Command: tesseract /tmp/diml/pngs/d9bt9mu89gsg00ffo460/d9bt9mu89gsg00ffo460.0003.png /tmp/diml/ocr_results/d9bt9mu89gsg00ffo460/d9bt9mu89gsg00ffo460.0003 --oem 1 -l eng --psm 1 . Error: Error in pixCreateHeader: requested w = 36429, h = 60000, d = 8 Error in pixCreateHeader: requested by","NULL","2026-07-16 20:31:20.593","NULL","NULL"
"67b728a3-3f8a-11ec-b732-00505681224b","s3://enverus-courthouse-prod-chd-plants/nm/eog_lea/67b7/67b728a3-3f8a-11ec-b732-00505681224b.pdf","d9btu77pfcq000ffmts0","1","OCR failed. Command: tesseract /tmp/diml/pngs/d9btu77pfcq000ffmts0/d9btu77pfcq000ffmts0.0001.png /tmp/diml/ocr_results/d9btu77pfcq000ffmts0/d9btu77pfcq000ffmts0.0001 --oem 1 -l eng --psm 1 . Error: Error in pixCreateHeader: requested w = 36429, h = 60000, d = 8 Error in pixCreateHeader: requested by","NULL","2026-07-16 20:31:20.593","NULL","NULL"
"f10c0987-6225-11ec-baa7-00505681224b","s3://enverus-courthouse-prod-chd-plants/nm/lea/f10c/f10c0987-6225-11ec-baa7-00505681224b.pdf","d9btr06icpjg00dc5nn0","1","OCR failed. Command: tesseract /tmp/diml/pngs/d9btr06icpjg00dc5nn0/d9btr06icpjg00dc5nn0.0001.png /tmp/diml/ocr_results/d9btr06icpjg00dc5nn0/d9btr06icpjg00dc5nn0.0001 --oem 1 -l eng --psm 1 . Error: Error in pixCreateHeader: requested w = 36429, h = 60000, d = 8 Error in pixCreateHeader: requested by","NULL","2026-07-16 20:31:20.593","NULL","NULL"
"f5a02f98-405b-11ec-a335-00505681224b","s3://enverus-courthouse-prod-chd-plants/nm/eog_lea/f5a0/f5a02f98-405b-11ec-a335-00505681224b.pdf","d9bsnvbrgi8g00beeh10","1","OCR failed. Command: tesseract /tmp/diml/pngs/d9bsnvbrgi8g00beeh10/d9bsnvbrgi8g00beeh10.0001.png /tmp/diml/ocr_results/d9bsnvbrgi8g00beeh10/d9bsnvbrgi8g00beeh10.0001 --oem 1 -l eng --psm 1 . Error: Error in pixCreateHeader: requested w = 36429, h = 60000, d = 8 Error in pixCreateHeader: requested by","NULL","2026-07-16 20:31:20.593","NULL","NULL"
"bd275e2f-bc7b-11ec-b258-00505681224b","s3://enverus-courthouse-prod-chd-plants/nm/lea/bd27/bd275e2f-bc7b-11ec-b258-00505681224b.pdf","d9btc2fr761000df0un0","1","OCR failed. Command: tesseract /tmp/diml/pngs/d9btc2fr761000df0un0/d9btc2fr761000df0un0.0016.png /tmp/diml/ocr_results/d9btc2fr761000df0un0/d9btc2fr761000df0un0.0016 --oem 1 -l eng --psm 1 . Error: Error in pixCreateHeader: requested w = 36429, h = 60000, d = 8 Error in pixCreateHeader: requested by","NULL","2026-07-16 20:31:20.593","NULL","NULL"
"8c642014-bc7b-11ec-b7ab-00505681224b","s3://enverus-courthouse-prod-chd-plants/nm/lea/8c64/8c642014-bc7b-11ec-b7ab-00505681224b.pdf","d9btk515jqeg00e6vbr0","1","OCR failed. Command: tesseract /tmp/diml/pngs/d9btk515jqeg00e6vbr0/d9btk515jqeg00e6vbr0.0003.png /tmp/diml/ocr_results/d9btk515jqeg00e6vbr0/d9btk515jqeg00e6vbr0.0003 --oem 1 -l eng --psm 1 . Error: Error in pixCreateHeader: requested w = 36429, h = 60000, d = 8 Error in pixCreateHeader: requested by","NULL","2026-07-16 20:31:20.593","NULL","NULL"
"b5e1bbfc-d733-11ec-ba1e-00505681224b","s3://enverus-courthouse-prod-chd-plants/nm/eog_lea/b5e1/b5e1bbfc-d733-11ec-ba1e-00505681224b.pdf","d9btc5nr2ffg00dviq8g","1","OCR failed. Command: tesseract /tmp/diml/pngs/d9btc5nr2ffg00dviq8g/d9btc5nr2ffg00dviq8g.0001.png /tmp/diml/ocr_results/d9btc5nr2ffg00dviq8g/d9btc5nr2ffg00dviq8g.0001 --oem 1 -l eng --psm 1 . Error: Error in pixCreateHeader: requested w = 36429, h = 60000, d = 8 Error in pixCreateHeader: requested by","NULL","2026-07-16 20:31:20.593","NULL","NULL"
"b5e1e307-d733-11ec-a2f4-00505681224b","s3://enverus-courthouse-prod-chd-plants/nm/eog_lea/b5e1/b5e1e307-d733-11ec-a2f4-00505681224b.pdf","d9bsujnr761000dei6eg","1","OCR failed. Command: tesseract /tmp/diml/pngs/d9bsujnr761000dei6eg/d9bsujnr761000dei6eg.0008.png /tmp/diml/ocr_results/d9bsujnr761000dei6eg/d9bsujnr761000dei6eg.0008 --oem 1 -l eng --psm 1 . Error: Error in pixCreateHeader: requested w = 36429, h = 60000, d = 8 Error in pixCreateHeader: requested by","NULL","2026-07-16 20:31:20.593","NULL","NULL"
"b5e1e311-d733-11ec-a207-00505681224b","s3://enverus-courthouse-prod-chd-plants/nm/eog_lea/b5e1/b5e1e311-d733-11ec-a207-00505681224b.pdf","d9bspdvak3500085mod0","1","OCR failed. Command: tesseract /tmp/diml/pngs/d9bspdvak3500085mod0/d9bspdvak3500085mod0.0001.png /tmp/diml/ocr_results/d9bspdvak3500085mod0/d9bspdvak3500085mod0.0001 --oem 1 -l eng --psm 1 . Error: Error in pixCreateHeader: requested w = 36429, h = 60000, d = 8 Error in pixCreateHeader: requested by","NULL","2026-07-16 20:31:20.593","NULL","NULL"
"b5e1bbf0-d733-11ec-807a-00505681224b","s3://enverus-courthouse-prod-chd-plants/nm/eog_lea/b5e1/b5e1bbf0-d733-11ec-807a-00505681224b.pdf","d9bthophd6mg00bmd4lg","1","OCR failed. Command: tesseract /tmp/diml/pngs/d9bthophd6mg00bmd4lg/d9bthophd6mg00bmd4lg.0001.png /tmp/diml/ocr_results/d9bthophd6mg00bmd4lg/d9bthophd6mg00bmd4lg.0001 --oem 1 -l eng --psm 1 . Error: Error in pixCreateHeader: requested w = 36429, h = 60000, d = 8 Error in pixCreateHeader: requested by","NULL","2026-07-16 20:31:20.593","NULL","NULL"
"c840a68f-8bcb-11ec-92ff-00505681224b","s3://enverus-courthouse-prod-chd-plants/nm/lea/c840/c840a68f-8bcb-11ec-92ff-00505681224b.pdf","d9btel5lksng008e7dv0","1","OCR failed. Command: tesseract /tmp/diml/pngs/d9btel5lksng008e7dv0/d9btel5lksng008e7dv0.0001.png /tmp/diml/ocr_results/d9btel5lksng008e7dv0/d9btel5lksng008e7dv0.0001 --oem 1 -l eng --psm 1 . Error: Error in pixCreateHeader: requested w = 36429, h = 60000, d = 8 Error in pixCreateHeader: requested by","NULL","2026-07-16 20:25:56.190","NULL","NULL"
"30d5dcc1-ec4c-11eb-bbc1-00505681224b","s3://enverus-courthouse-prod-chd-plants/nm/eog_lea/30d5/30d5dcc1-ec4c-11eb-bbc1-00505681224b.pdf","d9btviuicpjg00dcbfbg","1","OCR failed. Command: tesseract /tmp/diml/pngs/d9btviuicpjg00dcbfbg/d9btviuicpjg00dcbfbg.0001.png /tmp/diml/ocr_results/d9btviuicpjg00dcbfbg/d9btviuicpjg00dcbfbg.0001 --oem 1 -l eng --psm 1 . Error: Error in pixCreateHeader: requested w = 36429, h = 60000, d = 8 Error in pixCreateHeader: requested by","NULL","2026-07-16 20:25:56.190","NULL","NULL"
"d32cfc69-bc7b-11ec-b747-00505681224b","s3://enverus-courthouse-prod-chd-plants/nm/eog_lea/d32c/d32cfc69-bc7b-11ec-b747-00505681224b.pdf","d9btt0q2oub000e2a8cg","1","OCR failed. Command: tesseract /tmp/diml/pngs/d9btt0q2oub000e2a8cg/d9btt0q2oub000e2a8cg.0008.png /tmp/diml/ocr_results/d9btt0q2oub000e2a8cg/d9btt0q2oub000e2a8cg.0008 --oem 1 -l eng --psm 1 . Error: Error in pixCreateHeader: requested w = 36429, h = 60000, d = 8 Error in pixCreateHeader: requested by","NULL","2026-07-16 20:25:56.190","NULL","NULL"
"bfc63d1b-097f-11ed-a7d6-00505681224b","s3://enverus-courthouse-prod-chd-plants/nm/lea/bfc6/bfc63d1b-097f-11ed-a7d6-00505681224b.pdf","d9btthpb0h1g00d0pklg","1","OCR failed. Command: tesseract /tmp/diml/pngs/d9btthpb0h1g00d0pklg/d9btthpb0h1g00d0pklg.0003.png /tmp/diml/ocr_results/d9btthpb0h1g00d0pklg/d9btthpb0h1g00d0pklg.0003 --oem 1 -l eng --psm 1 . Error: Error in pixCreateHeader: requested w = 36429, h = 60000, d = 8 Error in pixCreateHeader: requested by","NULL","2026-07-16 20:25:56.190","NULL","NULL"
"670bd1e5-3f8a-11ec-bbe0-00505681224b","s3://enverus-courthouse-prod-chd-plants/nm/lea/670b/670bd1e5-3f8a-11ec-bbe0-00505681224b.pdf","d9buldq2oub000e3e91g","1","OCR failed. Command: tesseract /tmp/diml/pngs/d9buldq2oub000e3e91g/d9buldq2oub000e3e91g.0001.png /tmp/diml/ocr_results/d9buldq2oub000e3e91g/d9buldq2oub000e3e91g.0001 --oem 1 -l eng --psm 1 . Error: Error in pixCreateHeader: requested w = 36429, h = 60000, d = 8 Error in pixCreateHeader: requested by","NULL","2026-07-16 20:25:56.190","NULL","NULL"
"670c46e8-3f8a-11ec-b00c-00505681224b","s3://enverus-courthouse-prod-chd-plants/nm/lea/670c/670c46e8-3f8a-11ec-b00c-00505681224b.pdf","d9bug89hd6mg00bnn5rg","1","OCR failed. Command: tesseract /tmp/diml/pngs/d9bug89hd6mg00bnn5rg/d9bug89hd6mg00bnn5rg.0001.png /tmp/diml/ocr_results/d9bug89hd6mg00bnn5rg/d9bug89hd6mg00bnn5rg.0001 --oem 1 -l eng --psm 1 . Error: Error in pixCreateHeader: requested w = 36429, h = 60000, d = 8 Error in pixCreateHeader: requested by","NULL","2026-07-16 20:25:56.190","NULL","NULL"
"a1368dad-bc7b-11ec-9f1a-00505681224b","s3://enverus-courthouse-prod-chd-plants/nm/lea/a136/a1368dad-bc7b-11ec-9f1a-00505681224b.pdf","d9bu5tjdelo000dutneg","1","OCR failed. Command: tesseract /tmp/diml/pngs/d9bu5tjdelo000dutneg/d9bu5tjdelo000dutneg.0001.png /tmp/diml/ocr_results/d9bu5tjdelo000dutneg/d9bu5tjdelo000dutneg.0001 --oem 1 -l eng --psm 1 . Error: Error in pixCreateHeader: requested w = 36429, h = 60000, d = 8 Error in pixCreateHeader: requested by","NULL","2026-07-16 20:25:56.190","NULL","NULL"
"a136dbca-bc7b-11ec-abc6-00505681224b","s3://enverus-courthouse-prod-chd-plants/nm/lea/a136/a136dbca-bc7b-11ec-abc6-00505681224b.pdf","d9bu2j059fgg00e2ijm0","1","OCR failed. Command: tesseract /tmp/diml/pngs/d9bu2j059fgg00e2ijm0/d9bu2j059fgg00e2ijm0.0001.png /tmp/diml/ocr_results/d9bu2j059fgg00e2ijm0/d9bu2j059fgg00e2ijm0.0001 --oem 1 -l eng --psm 1 . Error: Error in pixCreateHeader: requested w = 36429, h = 60000, d = 8 Error in pixCreateHeader: requested by","NULL","2026-07-16 20:25:56.190","NULL","NULL"
"bc087766-42b7-11ec-9c00-00505681224b","s3://enverus-courthouse-prod-chd-plants/nm/eog_lea/bc08/bc087766-42b7-11ec-9c00-00505681224b.pdf","d9bten7pfdig00fanpr0","1","OCR failed. Command: tesseract /tmp/diml/pngs/d9bten7pfdig00fanpr0/d9bten7pfdig00fanpr0.0002.png /tmp/diml/ocr_results/d9bten7pfdig00fanpr0/d9bten7pfdig00fanpr0.0002 --oem 1 -l eng --psm 1 . Error: Error in pixCreateHeader: requested w = 36429, h = 60000, d = 8 Error in pixCreateHeader: requested by","NULL","2026-07-16 20:18:41.040","NULL","NULL"
"bc093aa6-42b7-11ec-975b-00505681224b","s3://enverus-courthouse-prod-chd-plants/nm/eog_lea/bc09/bc093aa6-42b7-11ec-975b-00505681224b.pdf","d9bt9dkhn77000f9q5m0","1","OCR failed. Command: tesseract /tmp/diml/pngs/d9bt9dkhn77000f9q5m0/d9bt9dkhn77000f9q5m0.0001.png /tmp/diml/ocr_results/d9bt9dkhn77000f9q5m0/d9bt9dkhn77000f9q5m0.0001 --oem 1 -l eng --psm 1 . Error: Error in pixCreateHeader: requested w = 36429, h = 60000, d = 8 Error in pixCreateHeader: requested by","NULL","2026-07-16 20:18:41.040","NULL","NULL"
"1b5f74be-d733-11ec-856b-00505681224b","s3://enverus-courthouse-prod-chd-plants/nm/lea/1b5f/1b5f74be-d733-11ec-856b-00505681224b.pdf","d9bug8cogvn0009btusg","1","OCR failed. Command: tesseract /tmp/diml/pngs/d9bug8cogvn0009btusg/d9bug8cogvn0009btusg.0001.png /tmp/diml/ocr_results/d9bug8cogvn0009btusg/d9bug8cogvn0009btusg.0001 --oem 1 -l eng --psm 1 . Error: Error in pixCreateHeader: requested w = 36429, h = 60000, d = 8 Error in pixCreateHeader: requested by","NULL","2026-07-16 20:18:41.040","NULL","NULL"
"bc08ec9d-42b7-11ec-908c-00505681224b","s3://enverus-courthouse-prod-chd-plants/nm/eog_lea/bc08/bc08ec9d-42b7-11ec-908c-00505681224b.pdf","d9bu9djrgi8g00bgaang","1","OCR failed. Command: tesseract /tmp/diml/pngs/d9bu9djrgi8g00bgaang/d9bu9djrgi8g00bgaang.0001.png /tmp/diml/ocr_results/d9bu9djrgi8g00bgaang/d9bu9djrgi8g00bgaang.0001 --oem 1 -l eng --psm 1 . Error: Error in pixCreateHeader: requested w = 36429, h = 60000, d = 8 Error in pixCreateHeader: requested by","NULL","2026-07-16 20:18:41.040","NULL","NULL"
"670ae77f-3f8a-11ec-9219-00505681224b","s3://enverus-courthouse-prod-chd-plants/nm/lea/670a/670ae77f-3f8a-11ec-9219-00505681224b.pdf","d9bt993delo000dtorng","1","OCR failed. Command: tesseract /tmp/diml/pngs/d9bt993delo000dtorng/d9bt993delo000dtorng.0001.png /tmp/diml/ocr_results/d9bt993delo000dtorng/d9bt993delo000dtorng.0001 --oem 1 -l eng --psm 1 . Error: Error in pixCreateHeader: requested w = 36429, h = 60000, d = 8 Error in pixCreateHeader: requested by","NULL","2026-07-16 20:18:41.040","NULL","NULL"
"8c653174-bc7b-11ec-942d-00505681224b","s3://enverus-courthouse-prod-chd-plants/nm/lea/8c65/8c653174-bc7b-11ec-942d-00505681224b.pdf","d9bu94r6g7ig0080dch0","1","OCR failed. Command: tesseract /tmp/diml/pngs/d9bu94r6g7ig0080dch0/d9bu94r6g7ig0080dch0.0001.png /tmp/diml/ocr_results/d9bu94r6g7ig0080dch0/d9bu94r6g7ig0080dch0.0001 --oem 1 -l eng --psm 1 . Error: Error in pixCreateHeader: requested w = 36429, h = 60000, d = 8 Error in pixCreateHeader: requested by","NULL","2026-07-16 20:18:41.040","NULL","NULL"
"67e5f6fc-097f-11ed-948b-00505681224b","s3://enverus-courthouse-prod-chd-plants/nm/lea/67e5/67e5f6fc-097f-11ed-948b-00505681224b.pdf","d9bu8mh5jqeg00e7ru00","1","OCR failed. Command: tesseract /tmp/diml/pngs/d9bu8mh5jqeg00e7ru00/d9bu8mh5jqeg00e7ru00.0001.png /tmp/diml/ocr_results/d9bu8mh5jqeg00e7ru00/d9bu8mh5jqeg00e7ru00.0001 --oem 1 -l eng --psm 1 . Error: Error in pixCreateHeader: requested w = 36429, h = 60000, d = 8 Error in pixCreateHeader: requested by","NULL","2026-07-16 20:18:41.040","NULL","NULL"
"f59ef70f-405b-11ec-88bb-00505681224b","s3://enverus-courthouse-prod-chd-plants/nm/eog_lea/f59e/f59ef70f-405b-11ec-88bb-00505681224b.pdf","d9bu8mhb0h1g00d19ltg","1","OCR failed. Command: tesseract /tmp/diml/pngs/d9bu8mhb0h1g00d19ltg/d9bu8mhb0h1g00d19ltg.0001.png /tmp/diml/ocr_results/d9bu8mhb0h1g00d19ltg/d9bu8mhb0h1g00d19ltg.0001 --oem 1 -l eng --psm 1 . Error: Error in pixCreateHeader: requested w = 36429, h = 60000, d = 8 Error in pixCreateHeader: requested by","NULL","2026-07-16 20:18:41.040","NULL","NULL"
"67e5f705-097f-11ed-8183-00505681224b","s3://enverus-courthouse-prod-chd-plants/nm/lea/67e5/67e5f705-097f-11ed-8183-00505681224b.pdf","d9bu7bfr2ffg00e0mjvg","1","OCR failed. Command: tesseract /tmp/diml/pngs/d9bu7bfr2ffg00e0mjvg/d9bu7bfr2ffg00e0mjvg.0001.png /tmp/diml/ocr_results/d9bu7bfr2ffg00e0mjvg/d9bu7bfr2ffg00e0mjvg.0001 --oem 1 -l eng --psm 1 . Error: Error in pixCreateHeader: requested w = 36429, h = 60000, d = 8 Error in pixCreateHeader: requested by","NULL","2026-07-16 20:18:41.040","NULL","NULL"
"670b5cb0-3f8a-11ec-bbc5-00505681224b","s3://enverus-courthouse-prod-chd-plants/nm/lea/670b/670b5cb0-3f8a-11ec-bbc5-00505681224b.pdf","d9bucekflnl000dkr8e0","1","OCR failed. Command: tesseract /tmp/diml/pngs/d9bucekflnl000dkr8e0/d9bucekflnl000dkr8e0.0001.png /tmp/diml/ocr_results/d9bucekflnl000dkr8e0/d9bucekflnl000dkr8e0.0001 --oem 1 -l eng --psm 1 . Error: Error in pixCreateHeader: requested w = 36429, h = 60000, d = 8 Error in pixCreateHeader: requested by","NULL","2026-07-16 20:18:41.040","NULL","NULL"
"d32d2389-bc7b-11ec-9207-00505681224b","s3://enverus-courthouse-prod-chd-plants/nm/eog_lea/d32d/d32d2389-bc7b-11ec-9207-00505681224b.pdf","d9bue2c1kr4g008f0oig","1","OCR failed. Command: tesseract /tmp/diml/pngs/d9bue2c1kr4g008f0oig/d9bue2c1kr4g008f0oig.0001.png /tmp/diml/ocr_results/d9bue2c1kr4g008f0oig/d9bue2c1kr4g008f0oig.0001 --oem 1 -l eng --psm 1 . Error: Error in pixCreateHeader: requested w = 36429, h = 60000, d = 8 Error in pixCreateHeader: requested by","NULL","2026-07-16 20:18:41.040","NULL","NULL"
"ca5c4b7b-097e-11ed-8297-00505681224b","s3://enverus-courthouse-prod-chd-plants/nm/eog_lea/ca5c/ca5c4b7b-097e-11ed-8297-00505681224b.pdf","d9bt209b0h1g00cvogcg","1","OCR failed. Command: tesseract /tmp/diml/pngs/d9bt209b0h1g00cvogcg/d9bt209b0h1g00cvogcg.0001.png /tmp/diml/ocr_results/d9bt209b0h1g00cvogcg/d9bt209b0h1g00cvogcg.0001 --oem 1 -l eng --psm 1 . Error: Error in pixCreateHeader: requested w = 36429, h = 60000, d = 8 Error in pixCreateHeader: requested by","NULL","2026-07-16 20:18:41.040","NULL","NULL"
"be43d8c4-a5b1-11ec-9d48-00505681224b","s3://enverus-courthouse-prod-chd-plants/nm/lea/be43/be43d8c4-a5b1-11ec-9d48-00505681224b.pdf","d9bst131f5dg00bcq0pg","1","OCR failed. Command: tesseract /tmp/diml/pngs/d9bst131f5dg00bcq0pg/d9bst131f5dg00bcq0pg.0001.png /tmp/diml/ocr_results/d9bst131f5dg00bcq0pg/d9bst131f5dg00bcq0pg.0001 --oem 1 -l eng --psm 1 . Error: Error in pixCreateHeader: requested w = 36429, h = 60000, d = 8 Error in pixCreateHeader: requested by","NULL","2026-07-16 20:18:41.040","NULL","NULL"
"8c650a5f-bc7b-11ec-bb66-00505681224b","s3://enverus-courthouse-prod-chd-plants/nm/lea/8c65/8c650a5f-bc7b-11ec-bb66-00505681224b.pdf","d9buq06icpjg00ddig2g","1","OCR failed. Command: tesseract /tmp/diml/pngs/d9buq06icpjg00ddig2g/d9buq06icpjg00ddig2g.0005.png /tmp/diml/ocr_results/d9buq06icpjg00ddig2g/d9buq06icpjg00ddig2g.0005 --oem 1 -l eng --psm 1 . Error: Error in pixCreateHeader: requested w = 36429, h = 60000, d = 8 Error in pixCreateHeader: requested by","NULL","2026-07-16 20:18:41.040","NULL","NULL"
"67e5d00b-097f-11ed-b801-00505681224b","s3://enverus-courthouse-prod-chd-plants/nm/lea/67e5/67e5d00b-097f-11ed-b801-00505681224b.pdf","d9bu1o859fgg00e2hndg","1","OCR failed. Command: tesseract /tmp/diml/pngs/d9bu1o859fgg00e2hndg/d9bu1o859fgg00e2hndg.0001.png /tmp/diml/ocr_results/d9bu1o859fgg00e2hndg/d9bu1o859fgg00e2hndg.0001 --oem 1 -l eng --psm 1 . Error: Error in pixCreateHeader: requested w = 36429, h = 60000, d = 8 Error in pixCreateHeader: requested by","NULL","2026-07-16 20:18:41.040","NULL","NULL"
"b5e1e316-d733-11ec-bdbf-00505681224b","s3://enverus-courthouse-prod-chd-plants/nm/eog_lea/b5e1/b5e1e316-d733-11ec-bdbf-00505681224b.pdf","d9bu63uicpjg00dckpig","1","OCR failed. Command: tesseract /tmp/diml/pngs/d9bu63uicpjg00dckpig/d9bu63uicpjg00dckpig.0004.png /tmp/diml/ocr_results/d9bu63uicpjg00dckpig/d9bu63uicpjg00dckpig.0004 --oem 1 -l eng --psm 1 . Error: Error in pixCreateHeader: requested w = 36429, h = 60000, d = 8 Error in pixCreateHeader: requested by","NULL","2026-07-16 20:18:41.040","NULL","NULL"
"670bd1d2-3f8a-11ec-ab39-00505681224b","s3://enverus-courthouse-prod-chd-plants/nm/lea/670b/670bd1d2-3f8a-11ec-ab39-00505681224b.pdf","d9bt3co59fgg00e1br30","1","OCR failed. Command: tesseract /tmp/diml/pngs/d9bt3co59fgg00e1br30/d9bt3co59fgg00e1br30.0001.png /tmp/diml/ocr_results/d9bt3co59fgg00e1br30/d9bt3co59fgg00e1br30.0001 --oem 1 -l eng --psm 1 . Error: Error in pixCreateHeader: requested w = 36429, h = 60000, d = 8 Error in pixCreateHeader: requested by","NULL","2026-07-16 20:18:41.040","NULL","NULL"
"f59f934a-405b-11ec-a881-00505681224b","s3://enverus-courthouse-prod-chd-plants/nm/eog_lea/f59f/f59f934a-405b-11ec-a881-00505681224b.pdf","d9bu5599ha2000c734ng","1","OCR failed. Command: tesseract /tmp/diml/pngs/d9bu5599ha2000c734ng/d9bu5599ha2000c734ng.0001.png /tmp/diml/ocr_results/d9bu5599ha2000c734ng/d9bu5599ha2000c734ng.0001 --oem 1 -l eng --psm 1 . Error: Error in pixCreateHeader: requested w = 36429, h = 60000, d = 8 Error in pixCreateHeader: requested by","NULL","2026-07-16 20:12:54.383","NULL","NULL"
"be44c32b-a5b1-11ec-8430-00505681224b","s3://enverus-courthouse-prod-chd-plants/nm/lea/be44/be44c32b-a5b1-11ec-8430-00505681224b.pdf","d9bu569d6jhg0084162g","1","OCR failed. Command: tesseract /tmp/diml/pngs/d9bu569d6jhg0084162g/d9bu569d6jhg0084162g.0001.png /tmp/diml/ocr_results/d9bu569d6jhg0084162g/d9bu569d6jhg0084162g.0001 --oem 1 -l eng --psm 1 . Error: Error in pixCreateHeader: requested w = 36429, h = 60000, d = 8 Error in pixCreateHeader: requested by","NULL","2026-07-16 20:12:54.383","NULL","NULL"
"f59ecff9-405b-11ec-9439-00505681224b","s3://enverus-courthouse-prod-chd-plants/nm/eog_lea/f59e/f59ecff9-405b-11ec-9439-00505681224b.pdf","d9btjbuicpjg00dbs2dg","1","OCR failed. Command: tesseract /tmp/diml/pngs/d9btjbuicpjg00dbs2dg/d9btjbuicpjg00dbs2dg.0001.png /tmp/diml/ocr_results/d9btjbuicpjg00dbs2dg/d9btjbuicpjg00dbs2dg.0001 --oem 1 -l eng --psm 1 . Error: Error in pixCreateHeader: requested w = 36429, h = 60000, d = 8 Error in pixCreateHeader: requested by","NULL","2026-07-16 20:12:54.383","NULL","NULL"
"47190cac-d733-11ec-a397-00505681224b","s3://enverus-courthouse-prod-chd-plants/nm/lea/4719/47190cac-d733-11ec-a397-00505681224b.pdf","d9buanb6g7ig0080g94g","1","OCR failed. Command: tesseract /tmp/diml/pngs/d9buanb6g7ig0080g94g/d9buanb6g7ig0080g94g.0001.png /tmp/diml/ocr_results/d9buanb6g7ig0080g94g/d9buanb6g7ig0080g94g.0001 --oem 1 -l eng --psm 1 . Error: Error in pixCreateHeader: requested w = 36429, h = 60000, d = 8 Error in pixCreateHeader: requested by","NULL","2026-07-16 20:12:54.383","NULL","NULL"
"0655c907-d733-11ec-a27d-00505681224b","s3://enverus-courthouse-prod-chd-plants/nm/lea/0655/0655c907-d733-11ec-a27d-00505681224b.pdf","d9buadnak3500087iqg0","1","OCR failed. Command: tesseract /tmp/diml/pngs/d9buadnak3500087iqg0/d9buadnak3500087iqg0.0001.png /tmp/diml/ocr_results/d9buadnak3500087iqg0/d9buadnak3500087iqg0.0001 --oem 1 -l eng --psm 1 . Error: Error in pixCreateHeader: requested w = 36429, h = 60000, d = 8 Error in pixCreateHeader: requested by","NULL","2026-07-16 20:12:54.383","NULL","NULL"
"d32c391d-bc7b-11ec-8a5a-00505681224b","s3://enverus-courthouse-prod-chd-plants/nm/eog_lea/d32c/d32c391d-bc7b-11ec-8a5a-00505681224b.pdf","d9btemb6g7ig00fva3gg","1","OCR failed. Command: tesseract /tmp/diml/pngs/d9btemb6g7ig00fva3gg/d9btemb6g7ig00fva3gg.0002.png /tmp/diml/ocr_results/d9btemb6g7ig00fva3gg/d9btemb6g7ig00fva3gg.0002 --oem 1 -l eng --psm 1 . Error: Error in pixCreateHeader: requested w = 36429, h = 60000, d = 8 Error in pixCreateHeader: requested by","NULL","2026-07-16 20:12:54.383","NULL","NULL"
"f59f9353-405b-11ec-907f-00505681224b","s3://enverus-courthouse-prod-chd-plants/nm/eog_lea/f59f/f59f9353-405b-11ec-907f-00505681224b.pdf","d9bu2ij1f5dg00be6hbg","1","OCR failed. Command: tesseract /tmp/diml/pngs/d9bu2ij1f5dg00be6hbg/d9bu2ij1f5dg00be6hbg.0001.png /tmp/diml/ocr_results/d9bu2ij1f5dg00be6hbg/d9bu2ij1f5dg00be6hbg.0001 --oem 1 -l eng --psm 1 . Error: Error in pixCreateHeader: requested w = 36429, h = 60000, d = 8 Error in pixCreateHeader: requested by","NULL","2026-07-16 20:12:54.383","NULL","NULL"
"4cda13d7-8bcc-11ec-80d9-00505681224b","s3://enverus-courthouse-prod-chd-plants/nm/eog_lea/4cda/4cda13d7-8bcc-11ec-80d9-00505681224b.pdf","d9bt6acogvn0009a5o3g","1","OCR failed. Command: tesseract /tmp/diml/pngs/d9bt6acogvn0009a5o3g/d9bt6acogvn0009a5o3g.0001.png /tmp/diml/ocr_results/d9bt6acogvn0009a5o3g/d9bt6acogvn0009a5o3g.0001 --oem 1 -l eng --psm 1 . Error: Error in pixCreateHeader: requested w = 36429, h = 60000, d = 8 Error in pixCreateHeader: requested by","NULL","2026-07-16 20:12:54.383","NULL","NULL"
"447af73b-097f-11ed-8e4a-00505681224b","s3://enverus-courthouse-prod-chd-plants/nm/lea/447a/447af73b-097f-11ed-8e4a-00505681224b.pdf","d9bu8dbk4o900089kua0","1","OCR failed. Command: tesseract /tmp/diml/pngs/d9bu8dbk4o900089kua0/d9bu8dbk4o900089kua0.0001.png /tmp/diml/ocr_results/d9bu8dbk4o900089kua0/d9bu8dbk4o900089kua0.0001 --oem 1 -l eng --psm 1 . Error: Error in pixCreateHeader: requested w = 36429, h = 60000, d = 8 Error in pixCreateHeader: requested by","NULL","2026-07-16 20:12:54.383","NULL","NULL"
"b05c9fc8-8bcb-11ec-899d-00505681224b","s3://enverus-courthouse-prod-chd-plants/nm/lea/b05c/b05c9fc8-8bcb-11ec-899d-00505681224b.pdf","d9bu89h9ha2000c77m20","1","OCR failed. Command: tesseract /tmp/diml/pngs/d9bu89h9ha2000c77m20/d9bu89h9ha2000c77m20.0001.png /tmp/diml/ocr_results/d9bu89h9ha2000c77m20/d9bu89h9ha2000c77m20.0001 --oem 1 -l eng --psm 1 . Error: Error in pixCreateHeader: requested w = 36429, h = 60000, d = 8 Error in pixCreateHeader: requested by","NULL","2026-07-16 20:12:54.383","NULL","NULL"
"b5e16dcc-d733-11ec-9415-00505681224b","s3://enverus-courthouse-prod-chd-plants/nm/eog_lea/b5e1/b5e16dcc-d733-11ec-9415-00505681224b.pdf","d9buoc4ogvn0009c9nt0","1","OCR failed. Command: tesseract /tmp/diml/pngs/d9buoc4ogvn0009c9nt0/d9buoc4ogvn0009c9nt0.0001.png /tmp/diml/ocr_results/d9buoc4ogvn0009c9nt0/d9buoc4ogvn0009c9nt0.0001 --oem 1 -l eng --psm 1 . Error: Error in pixCreateHeader: requested w = 36429, h = 60000, d = 8 Error in pixCreateHeader: requested by","NULL","2026-07-16 20:12:54.383","NULL","NULL"
"e7e1f92e-097f-11ed-b82c-00505681224b","s3://enverus-courthouse-prod-chd-plants/nm/lea/e7e1/e7e1f92e-097f-11ed-b82c-00505681224b.pdf","d9bt1u31f5dg00bcunqg","1","OCR failed. Command: tesseract /tmp/diml/pngs/d9bt1u31f5dg00bcunqg/d9bt1u31f5dg00bcunqg.0001.png /tmp/diml/ocr_results/d9bt1u31f5dg00bcunqg/d9bt1u31f5dg00bcunqg.0001 --oem 1 -l eng --psm 1 . Error: Error in pixCreateHeader: requested w = 36429, h = 60000, d = 8 Error in pixCreateHeader: requested by","NULL","2026-07-16 20:06:37.000","NULL","NULL"
"5a92808c-6226-11ec-a5af-00505681224b","s3://enverus-courthouse-prod-chd-plants/nm/eog_lea/5a92/5a92808c-6226-11ec-a5af-00505681224b.pdf","d9buj5micpjg00dd813g","1","OCR failed. Command: tesseract /tmp/diml/pngs/d9buj5micpjg00dd813g/d9buj5micpjg00dd813g.0001.png /tmp/diml/ocr_results/d9buj5micpjg00dd813g/d9buj5micpjg00dd813g.0001 --oem 1 -l eng --psm 1 . Error: Error in pixCreateHeader: requested w = 36429, h = 60000, d = 8 Error in pixCreateHeader: requested by","NULL","2026-07-16 20:06:37.000","NULL","NULL"
"f10a0dc0-6225-11ec-9cdc-00505681224b","s3://enverus-courthouse-prod-chd-plants/nm/lea/f10a/f10a0dc0-6225-11ec-9cdc-00505681224b.pdf","d9bu9mfr2ffg00e0q9pg","1","OCR failed. Command: tesseract /tmp/diml/pngs/d9bu9mfr2ffg00e0q9pg/d9bu9mfr2ffg00e0q9pg.0001.png /tmp/diml/ocr_results/d9bu9mfr2ffg00e0q9pg/d9bu9mfr2ffg00e0q9pg.0001 --oem 1 -l eng --psm 1 . Error: Error in pixCreateHeader: requested w = 36429, h = 60000, d = 8 Error in pixCreateHeader: requested by","NULL","2026-07-16 20:06:37.000","NULL","NULL"
"f10be255-6225-11ec-81f5-00505681224b","s3://enverus-courthouse-prod-chd-plants/nm/lea/f10b/f10be255-6225-11ec-81f5-00505681224b.pdf","d9bt9pvpfdig00faigs0","1","OCR failed. Command: tesseract /tmp/diml/pngs/d9bt9pvpfdig00faigs0/d9bt9pvpfdig00faigs0.0001.png /tmp/diml/ocr_results/d9bt9pvpfdig00faigs0/d9bt9pvpfdig00faigs0.0001 --oem 1 -l eng --psm 1 . Error: Error in pixCreateHeader: requested w = 36429, h = 60000, d = 8 Error in pixCreateHeader: requested by","NULL","2026-07-16 20:06:37.000","NULL","NULL"
"c243c222-3ec2-11ec-8643-00505681224b","s3://enverus-courthouse-prod-chd-plants/nm/lea/c243/c243c222-3ec2-11ec-8643-00505681224b.pdf","d9btejh5jqeg00e6oohg","1","OCR failed. Command: tesseract /tmp/diml/pngs/d9btejh5jqeg00e6oohg/d9btejh5jqeg00e6oohg.0001.png /tmp/diml/ocr_results/d9btejh5jqeg00e6oohg/d9btejh5jqeg00e6oohg.0001 --oem 1 -l eng --psm 1 . Error: Error in pixCreateHeader: requested w = 36429, h = 60000, d = 8 Error in pixCreateHeader: requested by","NULL","2026-07-16 20:06:37.000","NULL","NULL"
"5a928095-6226-11ec-8d82-00505681224b","s3://enverus-courthouse-prod-chd-plants/nm/eog_lea/5a92/5a928095-6226-11ec-8d82-00505681224b.pdf","d9bumlj6g7ig008128h0","1","OCR failed. Command: tesseract /tmp/diml/pngs/d9bumlj6g7ig008128h0/d9bumlj6g7ig008128h0.0001.png /tmp/diml/ocr_results/d9bumlj6g7ig008128h0/d9bumlj6g7ig008128h0.0001 --oem 1 -l eng --psm 1 . Error: Error in pixCreateHeader: requested w = 36429, h = 60000, d = 8 Error in pixCreateHeader: requested by","NULL","2026-07-16 20:06:37.000","NULL","NULL"
"c2434cd3-3ec2-11ec-952d-00505681224b","s3://enverus-courthouse-prod-chd-plants/nm/lea/c243/c2434cd3-3ec2-11ec-952d-00505681224b.pdf","d9btg5r6g7ig00fvbkeg","1","OCR failed. Command: tesseract /tmp/diml/pngs/d9btg5r6g7ig00fvbkeg/d9btg5r6g7ig00fvbkeg.0001.png /tmp/diml/ocr_results/d9btg5r6g7ig00fvbkeg/d9btg5r6g7ig00fvbkeg.0001 --oem 1 -l eng --psm 1 . Error: Error in pixCreateHeader: requested w = 36429, h = 60000, d = 8 Error in pixCreateHeader: requested by","NULL","2026-07-16 20:06:37.000","NULL","NULL"
"df4e0e7d-51b2-11ec-a879-00505681224b","s3://enverus-courthouse-prod-chd-plants/nm/eog_lea/df4e/df4e0e7d-51b2-11ec-a879-00505681224b.pdf","d9btg43delo000du0nn0","1","OCR failed. Command: tesseract /tmp/diml/pngs/d9btg43delo000du0nn0/d9btg43delo000du0nn0.0005.png /tmp/diml/ocr_results/d9btg43delo000du0nn0/d9btg43delo000du0nn0.0005 --oem 1 -l eng --psm 1 . Error: Error in pixCreateHeader: requested w = 36429, h = 60000, d = 8 Error in pixCreateHeader: requested by","NULL","2026-07-16 20:06:37.000","NULL","NULL"
"9680302f-097f-11ed-a9e2-00505681224b","s3://enverus-courthouse-prod-chd-plants/nm/lea/9680/9680302f-097f-11ed-a9e2-00505681224b.pdf","d9bun5vpfdig00fcg420","1","OCR failed. Command: tesseract /tmp/diml/pngs/d9bun5vpfdig00fcg420/d9bun5vpfdig00fcg420.0001.png /tmp/diml/ocr_results/d9bun5vpfdig00fcg420/d9bun5vpfdig00fcg420.0001 --oem 1 -l eng --psm 1 . Error: Error in pixCreateHeader: requested w = 36429, h = 60000, d = 8 Error in pixCreateHeader: requested by","NULL","2026-07-16 20:06:37.000","NULL","NULL"
"a1368dab-bc7b-11ec-a8f8-00505681224b","s3://enverus-courthouse-prod-chd-plants/nm/lea/a136/a1368dab-bc7b-11ec-a8f8-00505681224b.pdf","d9btc5sogvn0009acr4g","1","OCR failed. Command: tesseract /tmp/diml/pngs/d9btc5sogvn0009acr4g/d9btc5sogvn0009acr4g.0001.png /tmp/diml/ocr_results/d9btc5sogvn0009acr4g/d9btc5sogvn0009acr4g.0001 --oem 1 -l eng --psm 1 . Error: Error in pixCreateHeader: requested w = 36429, h = 60000, d = 8 Error in pixCreateHeader: requested by","NULL","2026-07-16 20:01:20.990","NULL","NULL"
"9680a561-097f-11ed-953d-00505681224b","s3://enverus-courthouse-prod-chd-plants/nm/lea/9680/9680a561-097f-11ed-953d-00505681224b.pdf","d9bt23nr2ffg00dv7ir0","1","OCR failed. Command: tesseract /tmp/diml/pngs/d9bt23nr2ffg00dv7ir0/d9bt23nr2ffg00dv7ir0.0011.png /tmp/diml/ocr_results/d9bt23nr2ffg00dv7ir0/d9bt23nr2ffg00dv7ir0.0011 --oem 1 -l eng --psm 1 . Error: Error in pixCreateHeader: requested w = 36429, h = 60000, d = 8 Error in pixCreateHeader: requested by","NULL","2026-07-16 20:01:20.990","NULL","NULL"
"447b456c-097f-11ed-817e-00505681224b","s3://enverus-courthouse-prod-chd-plants/nm/lea/447b/447b456c-097f-11ed-817e-00505681224b.pdf","d9bt28fr761000demeb0","1","OCR failed. Command: tesseract /tmp/diml/pngs/d9bt28fr761000demeb0/d9bt28fr761000demeb0.0002.png /tmp/diml/ocr_results/d9bt28fr761000demeb0/d9bt28fr761000demeb0.0002 --oem 1 -l eng --psm 1 . Error: Error in pixCreateHeader: requested w = 36429, h = 60000, d = 8 Error in pixCreateHeader: requested by","NULL","2026-07-16 20:01:20.990","NULL","NULL"
"e7e18403-097f-11ed-902a-00505681224b","s3://enverus-courthouse-prod-chd-plants/nm/lea/e7e1/e7e18403-097f-11ed-902a-00505681224b.pdf","d9bupoq2oub000e3klj0","1","OCR failed. Command: tesseract /tmp/diml/pngs/d9bupoq2oub000e3klj0/d9bupoq2oub000e3klj0.0001.png /tmp/diml/ocr_results/d9bupoq2oub000e3klj0/d9bupoq2oub000e3klj0.0001 --oem 1 -l eng --psm 1 . Error: Error in pixCreateHeader: requested w = 36429, h = 60000, d = 8 Error in pixCreateHeader: requested by","NULL","2026-07-16 20:01:20.990","NULL","NULL"
"4718e587-d733-11ec-bbbd-00505681224b","s3://enverus-courthouse-prod-chd-plants/nm/lea/4718/4718e587-d733-11ec-bbbd-00505681224b.pdf","d9btul3k4o9000896rd0","1","OCR failed. Command: tesseract /tmp/diml/pngs/d9btul3k4o9000896rd0/d9btul3k4o9000896rd0.0004.png /tmp/diml/ocr_results/d9btul3k4o9000896rd0/d9btul3k4o9000896rd0.0004 --oem 1 -l eng --psm 1 . Error: Error in pixCreateHeader: requested w = 36429, h = 60000, d = 8 Error in pixCreateHeader: requested by","NULL","2026-07-16 20:01:20.990","NULL","NULL"
"67b839fe-3f8a-11ec-9f23-00505681224b","s3://enverus-courthouse-prod-chd-plants/nm/eog_lea/67b8/67b839fe-3f8a-11ec-9f23-00505681224b.pdf","d9buof3dd4a000d6kku0","1","OCR failed. Command: tesseract /tmp/diml/pngs/d9buof3dd4a000d6kku0/d9buof3dd4a000d6kku0.0001.png /tmp/diml/ocr_results/d9buof3dd4a000d6kku0/d9buof3dd4a000d6kku0.0001 --oem 1 -l eng --psm 1 . Error: Error in pixCreateHeader: requested w = 36429, h = 60000, d = 8 Error in pixCreateHeader: requested by","NULL","2026-07-16 20:01:20.990","NULL","NULL"
"bfc63d14-097f-11ed-8f5a-00505681224b","s3://enverus-courthouse-prod-chd-plants/nm/lea/bfc6/bfc63d14-097f-11ed-8f5a-00505681224b.pdf","d9buh6nr761000dgj6hg","1","OCR failed. Command: tesseract /tmp/diml/pngs/d9buh6nr761000dgj6hg/d9buh6nr761000dgj6hg.0001.png /tmp/diml/ocr_results/d9buh6nr761000dgj6hg/d9buh6nr761000dgj6hg.0001 --oem 1 -l eng --psm 1 . Error: Error in pixCreateHeader: requested w = 36429, h = 60000, d = 8 Error in pixCreateHeader: requested by","NULL","2026-07-16 20:01:20.990","NULL","NULL"
"c245bde3-3ec2-11ec-b8c5-00505681224b","s3://enverus-courthouse-prod-chd-plants/nm/lea/c245/c245bde3-3ec2-11ec-b8c5-00505681224b.pdf","d9bt54i2oub000e1dpf0","1","OCR failed. Command: tesseract /tmp/diml/pngs/d9bt54i2oub000e1dpf0/d9bt54i2oub000e1dpf0.0001.png /tmp/diml/ocr_results/d9bt54i2oub000e1dpf0/d9bt54i2oub000e1dpf0.0001 --oem 1 -l eng --psm 1 . Error: Error in pixCreateHeader: requested w = 36429, h = 60000, d = 8 Error in pixCreateHeader: requested by","NULL","2026-07-16 20:01:20.990","NULL","NULL"
"f5a02f97-405b-11ec-909d-00505681224b","s3://enverus-courthouse-prod-chd-plants/nm/eog_lea/f5a0/f5a02f97-405b-11ec-909d-00505681224b.pdf","d9bu7dfr2ffg00e0mofg","1","OCR failed. Command: tesseract /tmp/diml/pngs/d9bu7dfr2ffg00e0mofg/d9bu7dfr2ffg00e0mofg.0001.png /tmp/diml/ocr_results/d9bu7dfr2ffg00e0mofg/d9bu7dfr2ffg00e0mofg.0001 --oem 1 -l eng --psm 1 . Error: Error in pixCreateHeader: requested w = 36429, h = 60000, d = 8 Error in pixCreateHeader: requested by","NULL","2026-07-16 20:01:20.990","NULL","NULL"
"1b35913a-3df8-11ec-a6aa-00505681224b","s3://enverus-courthouse-prod-chd-plants/nm/lea/1b35/1b35913a-3df8-11ec-a6aa-00505681224b.pdf","d9btmlfr2ffg00dvv93g","1","OCR failed. Command: tesseract /tmp/diml/pngs/d9btmlfr2ffg00dvv93g/d9btmlfr2ffg00dvv93g.0001.png /tmp/diml/ocr_results/d9btmlfr2ffg00dvv93g/d9btmlfr2ffg00dvv93g.0001 --oem 1 -l eng --psm 1 . Error: Error in pixCreateHeader: requested w = 36429, h = 60000, d = 8 Error in pixCreateHeader: requested by","NULL","2026-07-16 20:01:20.990","NULL","NULL"
"c83f9530-8bcb-11ec-aa6d-00505681224b","s3://enverus-courthouse-prod-chd-plants/nm/lea/c83f/c83f9530-8bcb-11ec-aa6d-00505681224b.pdf","d9btkkhd6jhg0083b8e0","1","OCR failed. Command: tesseract /tmp/diml/pngs/d9btkkhd6jhg0083b8e0/d9btkkhd6jhg0083b8e0.0001.png /tmp/diml/ocr_results/d9btkkhd6jhg0083b8e0/d9btkkhd6jhg0083b8e0.0001 --oem 1 -l eng --psm 1 . Error: Error in pixCreateHeader: requested w = 36429, h = 60000, d = 8 Error in pixCreateHeader: requested by","NULL","2026-07-16 20:01:20.990","NULL","NULL"
"447a5b0f-097f-11ed-b7f1-00505681224b","s3://enverus-courthouse-prod-chd-plants/nm/lea/447a/447a5b0f-097f-11ed-b7f1-00505681224b.pdf","d9bunlvpfcq000fgsvp0","1","OCR failed. Command: tesseract /tmp/diml/pngs/d9bunlvpfcq000fgsvp0/d9bunlvpfcq000fgsvp0.0002.png /tmp/diml/ocr_results/d9bunlvpfcq000fgsvp0/d9bunlvpfcq000fgsvp0.0002 --oem 1 -l eng --psm 1 . Error: Error in pixCreateHeader: requested w = 36429, h = 60000, d = 8 Error in pixCreateHeader: requested by","NULL","2026-07-16 20:01:20.990","NULL","NULL"
"64bbd259-f812-11eb-96bf-00505681224b","s3://enverus-courthouse-prod-chd-plants/nm/lea/64bb/64bbd259-f812-11eb-96bf-00505681224b.pdf","d9btgbbte9l000f7onh0","1","OCR failed. Command: tesseract /tmp/diml/pngs/d9btgbbte9l000f7onh0/d9btgbbte9l000f7onh0.0002.png /tmp/diml/ocr_results/d9btgbbte9l000f7onh0/d9btgbbte9l000f7onh0.0002 --oem 1 -l eng --psm 1 . Error: Error in pixCreateHeader: requested w = 36429, h = 60000, d = 8 Error in pixCreateHeader: requested by","NULL","2026-07-16 20:01:20.990","NULL","NULL"
"d32cae56-bc7b-11ec-859e-00505681224b","s3://enverus-courthouse-prod-chd-plants/nm/eog_lea/d32c/d32cae56-bc7b-11ec-859e-00505681224b.pdf","d9budtllksng008fi21g","1","OCR failed. Command: tesseract /tmp/diml/pngs/d9budtllksng008fi21g/d9budtllksng008fi21g.0003.png /tmp/diml/ocr_results/d9budtllksng008fi21g/d9budtllksng008fi21g.0003 --oem 1 -l eng --psm 1 . Error: Error in pixCreateHeader: requested w = 36429, h = 60000, d = 8 Error in pixCreateHeader: requested by","NULL","2026-07-16 20:01:20.990","NULL","NULL"
"67e64523-097f-11ed-86f0-00505681224b","s3://enverus-courthouse-prod-chd-plants/nm/lea/67e6/67e64523-097f-11ed-86f0-00505681224b.pdf","d9buqirrgi8g00bh3pk0","1","OCR failed. Command: tesseract /tmp/diml/pngs/d9buqirrgi8g00bh3pk0/d9buqirrgi8g00bh3pk0.0001.png /tmp/diml/ocr_results/d9buqirrgi8g00bh3pk0/d9buqirrgi8g00bh3pk0.0001 --oem 1 -l eng --psm 1 . Error: Error in pixCreateHeader: requested w = 36429, h = 60000, d = 8 Error in pixCreateHeader: requested by","NULL","2026-07-16 19:56:18.580","NULL","NULL"
"67b97285-3f8a-11ec-9128-00505681224b","s3://enverus-courthouse-prod-chd-plants/nm/eog_lea/67b9/67b97285-3f8a-11ec-9128-00505681224b.pdf","d9bubojte9l000f8uev0","1","OCR failed. Command: tesseract /tmp/diml/pngs/d9bubojte9l000f8uev0/d9bubojte9l000f8uev0.0010.png /tmp/diml/ocr_results/d9bubojte9l000f8uev0/d9bubojte9l000f8uev0.0010 --oem 1 -l eng --psm 1 . Error: Error in pixCreateHeader: requested w = 36429, h = 60000, d = 8 Error in pixCreateHeader: requested by","NULL","2026-07-16 19:56:18.580","NULL","NULL"
"0656da88-d733-11ec-bd17-00505681224b","s3://enverus-courthouse-prod-chd-plants/nm/lea/0656/0656da88-d733-11ec-bd17-00505681224b.pdf","d9budn22oub000e32mc0","1","OCR failed. Command: tesseract /tmp/diml/pngs/d9budn22oub000e32mc0/d9budn22oub000e32mc0.0001.png /tmp/diml/ocr_results/d9budn22oub000e32mc0/d9budn22oub000e32mc0.0001 --oem 1 -l eng --psm 1 . Error: Error in pixCreateHeader: requested w = 36429, h = 60000, d = 8 Error in pixCreateHeader: requested by","NULL","2026-07-16 19:56:18.580","NULL","NULL"
"5a925978-6226-11ec-b5c5-00505681224b","s3://enverus-courthouse-prod-chd-plants/nm/eog_lea/5a92/5a925978-6226-11ec-b5c5-00505681224b.pdf","d9bu0q19ha2000c6t0l0","1","OCR failed. Command: tesseract /tmp/diml/pngs/d9bu0q19ha2000c6t0l0/d9bu0q19ha2000c6t0l0.0001.png /tmp/diml/ocr_results/d9bu0q19ha2000c6t0l0/d9bu0q19ha2000c6t0l0.0001 --oem 1 -l eng --psm 1 . Error: Error in pixCreateHeader: requested w = 36429, h = 60000, d = 8 Error in pixCreateHeader: requested by","NULL","2026-07-16 19:56:18.580","NULL","NULL"
"f59ef710-405b-11ec-ac10-00505681224b","s3://enverus-courthouse-prod-chd-plants/nm/eog_lea/f59e/f59ef710-405b-11ec-ac10-00505681224b.pdf","d9bu37vak35000878m90","1","OCR failed. Command: tesseract /tmp/diml/pngs/d9bu37vak35000878m90/d9bu37vak35000878m90.0001.png /tmp/diml/ocr_results/d9bu37vak35000878m90/d9bu37vak35000878m90.0001 --oem 1 -l eng --psm 1 . Error: Error in pixCreateHeader: requested w = 36429, h = 60000, d = 8 Error in pixCreateHeader: requested by","NULL","2026-07-16 19:56:18.580","NULL","NULL"
"e187d283-bc7b-11ec-9531-00505681224b","s3://enverus-courthouse-prod-chd-plants/nm/eog_lea/e187/e187d283-bc7b-11ec-9531-00505681224b.pdf","d9bsv2fr761000dej5d0","1","OCR failed. Command: tesseract /tmp/diml/pngs/d9bsv2fr761000dej5d0/d9bsv2fr761000dej5d0.0001.png /tmp/diml/ocr_results/d9bsv2fr761000dej5d0/d9bsv2fr761000dej5d0.0001 --oem 1 -l eng --psm 1 . Error: Error in pixCreateHeader: requested w = 36429, h = 60000, d = 8 Error in pixCreateHeader: requested by","NULL","2026-07-16 19:56:18.580","NULL","NULL"
"f59ef71b-405b-11ec-b2fd-00505681224b","s3://enverus-courthouse-prod-chd-plants/nm/eog_lea/f59e/f59ef71b-405b-11ec-b2fd-00505681224b.pdf","d9bsv095jqeg00e67rh0","1","OCR failed. Command: tesseract /tmp/diml/pngs/d9bsv095jqeg00e67rh0/d9bsv095jqeg00e67rh0.0001.png /tmp/diml/ocr_results/d9bsv095jqeg00e67rh0/d9bsv095jqeg00e67rh0.0001 --oem 1 -l eng --psm 1 . Error: Error in pixCreateHeader: requested w = 36429, h = 60000, d = 8 Error in pixCreateHeader: requested by","NULL","2026-07-16 19:56:18.580","NULL","NULL"
"576b2be1-d733-11ec-a19f-00505681224b","s3://enverus-courthouse-prod-chd-plants/nm/lea/576b/576b2be1-d733-11ec-a19f-00505681224b.pdf","d9bt23i2oub000e1aio0","1","OCR failed. Command: tesseract /tmp/diml/pngs/d9bt23i2oub000e1aio0/d9bt23i2oub000e1aio0.0004.png /tmp/diml/ocr_results/d9bt23i2oub000e1aio0/d9bt23i2oub000e1aio0.0004 --oem 1 -l eng --psm 1 . Error: Error in pixCreateHeader: requested w = 36429, h = 60000, d = 8 Error in pixCreateHeader: requested by","NULL","2026-07-16 19:56:18.580","NULL","NULL"
"8c64200c-bc7b-11ec-bb46-00505681224b","s3://enverus-courthouse-prod-chd-plants/nm/lea/8c64/8c64200c-bc7b-11ec-bb46-00505681224b.pdf","d9bu1jbdelo000dunk7g","1","OCR failed. Command: tesseract /tmp/diml/pngs/d9bu1jbdelo000dunk7g/d9bu1jbdelo000dunk7g.0003.png /tmp/diml/ocr_results/d9bu1jbdelo000dunk7g/d9bu1jbdelo000dunk7g.0003 --oem 1 -l eng --psm 1 . Error: Error in pixCreateHeader: requested w = 36429, h = 60000, d = 8 Error in pixCreateHeader: requested by","NULL","2026-07-16 19:56:18.580","NULL","NULL"
"be4426f6-a5b1-11ec-8e2b-00505681224b","s3://enverus-courthouse-prod-chd-plants/nm/lea/be44/be4426f6-a5b1-11ec-8e2b-00505681224b.pdf","d9buq35lksng008g48s0","1","OCR failed. Command: tesseract /tmp/diml/pngs/d9buq35lksng008g48s0/d9buq35lksng008g48s0.0001.png /tmp/diml/ocr_results/d9buq35lksng008g48s0/d9buq35lksng008g48s0.0001 --oem 1 -l eng --psm 1 . Error: Error in pixCreateHeader: requested w = 36429, h = 60000, d = 8 Error in pixCreateHeader: requested by","NULL","2026-07-16 19:56:18.580","NULL","NULL"
"cb6b7e54-a5b1-11ec-9f6c-00505681224b","s3://enverus-courthouse-prod-chd-plants/nm/lea/cb6b/cb6b7e54-a5b1-11ec-9f6c-00505681224b.pdf","d9bu643k4o900089hdig","1","OCR failed. Command: tesseract /tmp/diml/pngs/d9bu643k4o900089hdig/d9bu643k4o900089hdig.0001.png /tmp/diml/ocr_results/d9bu643k4o900089hdig/d9bu643k4o900089hdig.0001 --oem 1 -l eng --psm 1 . Error: Error in pixCreateHeader: requested w = 36429, h = 60000, d = 8 Error in pixCreateHeader: requested by","NULL","2026-07-16 19:56:18.580","NULL","NULL"
"c83e83c2-8bcb-11ec-b992-00505681224b","s3://enverus-courthouse-prod-chd-plants/nm/lea/c83e/c83e83c2-8bcb-11ec-b992-00505681224b.pdf","d9buncrte9l000f9fd0g","1","OCR failed. Command: tesseract /tmp/diml/pngs/d9buncrte9l000f9fd0g/d9buncrte9l000f9fd0g.0001.png /tmp/diml/ocr_results/d9buncrte9l000f9fd0g/d9buncrte9l000f9fd0g.0001 --oem 1 -l eng --psm 1 . Error: Error in pixCreateHeader: requested w = 36429, h = 60000, d = 8 Error in pixCreateHeader: requested by","NULL","2026-07-16 19:56:18.580","NULL","NULL"
"67b728a0-3f8a-11ec-8a33-00505681224b","s3://enverus-courthouse-prod-chd-plants/nm/eog_lea/67b7/67b728a0-3f8a-11ec-8a33-00505681224b.pdf","d9bue43k4o900089tlo0","1","OCR failed. Command: tesseract /tmp/diml/pngs/d9bue43k4o900089tlo0/d9bue43k4o900089tlo0.0001.png /tmp/diml/ocr_results/d9bue43k4o900089tlo0/d9bue43k4o900089tlo0.0001 --oem 1 -l eng --psm 1 . Error: Error in pixCreateHeader: requested w = 36429, h = 60000, d = 8 Error in pixCreateHeader: requested by","NULL","2026-07-16 19:56:18.580","NULL","NULL"
"1b36546d-3df8-11ec-bc84-00505681224b","s3://enverus-courthouse-prod-chd-plants/nm/lea/1b36/1b36546d-3df8-11ec-bc84-00505681224b.pdf","d9buk61kf4s000f82f80","1","OCR failed. Command: tesseract /tmp/diml/pngs/d9buk61kf4s000f82f80/d9buk61kf4s000f82f80.0001.png /tmp/diml/ocr_results/d9buk61kf4s000f82f80/d9buk61kf4s000f82f80.0001 --oem 1 -l eng --psm 1 . Error: Error in pixCreateHeader: requested w = 36429, h = 60000, d = 8 Error in pixCreateHeader: requested by","NULL","2026-07-16 19:56:18.580","NULL","NULL"
"c83e83c8-8bcb-11ec-b49e-00505681224b","s3://enverus-courthouse-prod-chd-plants/nm/lea/c83e/c83e83c8-8bcb-11ec-b49e-00505681224b.pdf","d9buci5lksng008fg5t0","1","OCR failed. Command: tesseract /tmp/diml/pngs/d9buci5lksng008fg5t0/d9buci5lksng008fg5t0.0001.png /tmp/diml/ocr_results/d9buci5lksng008fg5t0/d9buci5lksng008fg5t0.0001 --oem 1 -l eng --psm 1 . Error: Error in pixCreateHeader: requested w = 36429, h = 60000, d = 8 Error in pixCreateHeader: requested by","NULL","2026-07-16 19:50:48.007","NULL","NULL"
"c83e5cac-8bcb-11ec-8758-00505681224b","s3://enverus-courthouse-prod-chd-plants/nm/lea/c83e/c83e5cac-8bcb-11ec-8758-00505681224b.pdf","d9bur5cogvn0009cebrg","1","OCR failed. Command: tesseract /tmp/diml/pngs/d9bur5cogvn0009cebrg/d9bur5cogvn0009cebrg.0001.png /tmp/diml/ocr_results/d9bur5cogvn0009cebrg/d9bur5cogvn0009cebrg.0001 --oem 1 -l eng --psm 1 . Error: Error in pixCreateHeader: requested w = 36429, h = 60000, d = 8 Error in pixCreateHeader: requested by","NULL","2026-07-16 19:50:48.007","NULL","NULL"
"bfc68b57-097f-11ed-8dec-00505681224b","s3://enverus-courthouse-prod-chd-plants/nm/lea/bfc6/bfc68b57-097f-11ed-8dec-00505681224b.pdf","d9bt21oisvug00fsjnqg","1","OCR failed. Command: tesseract /tmp/diml/pngs/d9bt21oisvug00fsjnqg/d9bt21oisvug00fsjnqg.0009.png /tmp/diml/ocr_results/d9bt21oisvug00fsjnqg/d9bt21oisvug00fsjnqg.0009 --oem 1 -l eng --psm 1 . Error: Error in pixCreateHeader: requested w = 36429, h = 60000, d = 8 Error in pixCreateHeader: requested by","NULL","2026-07-16 19:50:48.007","NULL","NULL"
"ca5bfd00-097e-11ed-9dc0-00505681224b","s3://enverus-courthouse-prod-chd-plants/nm/eog_lea/ca5b/ca5bfd00-097e-11ed-9dc0-00505681224b.pdf","d9buc8jdelo000dv7c2g","1","OCR failed. Command: tesseract /tmp/diml/pngs/d9buc8jdelo000dv7c2g/d9buc8jdelo000dv7c2g.0003.png /tmp/diml/ocr_results/d9buc8jdelo000dv7c2g/d9buc8jdelo000dv7c2g.0003 --oem 1 -l eng --psm 1 . Error: Error in pixCreateHeader: requested w = 36429, h = 60000, d = 8 Error in pixCreateHeader: requested by","NULL","2026-07-16 19:50:48.007","NULL","NULL"
"67b88824-3f8a-11ec-b53c-00505681224b","s3://enverus-courthouse-prod-chd-plants/nm/eog_lea/67b8/67b88824-3f8a-11ec-b53c-00505681224b.pdf","d9bt564ogvn0009a5020","1","OCR failed. Command: tesseract /tmp/diml/pngs/d9bt564ogvn0009a5020/d9bt564ogvn0009a5020.0002.png /tmp/diml/ocr_results/d9bt564ogvn0009a5020/d9bt564ogvn0009a5020.0002 --oem 1 -l eng --psm 1 . Error: Error in pixCreateHeader: requested w = 36429, h = 60000, d = 8 Error in pixCreateHeader: requested by","NULL","2026-07-16 19:50:48.007","NULL","NULL"
"e7e0725b-097f-11ed-833d-00505681224b","s3://enverus-courthouse-prod-chd-plants/nm/lea/e7e0/e7e0725b-097f-11ed-833d-00505681224b.pdf","d9bst2g30skg00d6ljtg","1","OCR failed. Command: tesseract /tmp/diml/pngs/d9bst2g30skg00d6ljtg/d9bst2g30skg00d6ljtg.0001.png /tmp/diml/ocr_results/d9bst2g30skg00d6ljtg/d9bst2g30skg00d6ljtg.0001 --oem 1 -l eng --psm 1 . Error: Error in pixCreateHeader: requested w = 36429, h = 60000, d = 8 Error in pixCreateHeader: requested by","NULL","2026-07-16 19:50:48.007","NULL","NULL"
"06c3a0da-fb17-ba49-b94b-4f351328b225","s3://enverus-courthouse-prod-chd-plants/nm/eddy/06c3/06c3a0da-fb17-ba49-b94b-4f351328b225.pdf","baglf12vki7g1fvh6690","1","list index out of range","NULL","2026-07-16 19:50:48.007","NULL","NULL"
"f5a0089d-405b-11ec-b7b9-00505681224b","s3://enverus-courthouse-prod-chd-plants/nm/eog_lea/f5a0/f5a0089d-405b-11ec-b7b9-00505681224b.pdf","d9bum67pfcq000fgqgm0","1","OCR failed. Command: tesseract /tmp/diml/pngs/d9bum67pfcq000fgqgm0/d9bum67pfcq000fgqgm0.0001.png /tmp/diml/ocr_results/d9bum67pfcq000fgqgm0/d9bum67pfcq000fgqgm0.0001 --oem 1 -l eng --psm 1 . Error: Error in pixCreateHeader: requested w = 36429, h = 60000, d = 8 Error in pixCreateHeader: requested by","NULL","2026-07-16 19:50:48.007","NULL","NULL"
"df4d4b23-51b2-11ec-8b1d-00505681224b","s3://enverus-courthouse-prod-chd-plants/nm/eog_lea/df4d/df4d4b23-51b2-11ec-8b1d-00505681224b.pdf","d9btiu030skg00d7dn0g","1","OCR failed. Command: tesseract /tmp/diml/pngs/d9btiu030skg00d7dn0g/d9btiu030skg00d7dn0g.0001.png /tmp/diml/ocr_results/d9btiu030skg00d7dn0g/d9btiu030skg00d7dn0g.0001 --oem 1 -l eng --psm 1 . Error: Error in pixCreateHeader: requested w = 36429, h = 60000, d = 8 Error in pixCreateHeader: requested by","NULL","2026-07-16 19:50:48.007","NULL","NULL"
"8c650a72-bc7b-11ec-b691-00505681224b","s3://enverus-courthouse-prod-chd-plants/nm/lea/8c65/8c650a72-bc7b-11ec-b691-00505681224b.pdf","d9btddh9ha2000c643og","1","OCR failed. Command: tesseract /tmp/diml/pngs/d9btddh9ha2000c643og/d9btddh9ha2000c643og.0001.png /tmp/diml/ocr_results/d9btddh9ha2000c643og/d9btddh9ha2000c643og.0001 --oem 1 -l eng --psm 1 . Error: Error in pixCreateHeader: requested w = 36429, h = 60000, d = 8 Error in pixCreateHeader: requested by","NULL","2026-07-16 19:50:48.007","NULL","NULL"
"576b2be2-d733-11ec-aa42-00505681224b","s3://enverus-courthouse-prod-chd-plants/nm/lea/576b/576b2be2-d733-11ec-aa42-00505681224b.pdf","d9bt7ppb0h1g00cvujo0","1","OCR failed. Command: tesseract /tmp/diml/pngs/d9bt7ppb0h1g00cvujo0/d9bt7ppb0h1g00cvujo0.0005.png /tmp/diml/ocr_results/d9bt7ppb0h1g00cvujo0/d9bt7ppb0h1g00cvujo0.0005 --oem 1 -l eng --psm 1 . Error: Error in pixCreateHeader: requested w = 36429, h = 60000, d = 8 Error in pixCreateHeader: requested by","NULL","2026-07-16 19:50:48.007","NULL","NULL"
"a1368db1-bc7b-11ec-b761-00505681224b","s3://enverus-courthouse-prod-chd-plants/nm/lea/a136/a1368db1-bc7b-11ec-b761-00505681224b.pdf","d9btrp9hd6mg00bmpcqg","1","OCR failed. Command: tesseract /tmp/diml/pngs/d9btrp9hd6mg00bmpcqg/d9btrp9hd6mg00bmpcqg.0001.png /tmp/diml/ocr_results/d9btrp9hd6mg00bmpcqg/d9btrp9hd6mg00bmpcqg.0001 --oem 1 -l eng --psm 1 . Error: Error in pixCreateHeader: requested w = 36429, h = 60000, d = 8 Error in pixCreateHeader: requested by","NULL","2026-07-16 19:50:48.007","NULL","NULL"
"e187ab79-bc7b-11ec-81f3-00505681224b","s3://enverus-courthouse-prod-chd-plants/nm/eog_lea/e187/e187ab79-bc7b-11ec-81f3-00505681224b.pdf","d9btugfpfdig00fbbp1g","1","OCR failed. Command: tesseract /tmp/diml/pngs/d9btugfpfdig00fbbp1g/d9btugfpfdig00fbbp1g.0001.png /tmp/diml/ocr_results/d9btugfpfdig00fbbp1g/d9btugfpfdig00fbbp1g.0001 --oem 1 -l eng --psm 1 . Error: Error in pixCreateHeader: requested w = 36429, h = 60000, d = 8 Error in pixCreateHeader: requested by","NULL","2026-07-16 19:50:48.007","NULL","NULL"
"64bbab33-f812-11eb-a35b-00505681224b","s3://enverus-courthouse-prod-chd-plants/nm/lea/64bb/64bbab33-f812-11eb-a35b-00505681224b.pdf","d9bui8o30skg00d8pl3g","1","OCR failed. Command: tesseract /tmp/diml/pngs/d9bui8o30skg00d8pl3g/d9bui8o30skg00d8pl3g.0001.png /tmp/diml/ocr_results/d9bui8o30skg00d8pl3g/d9bui8o30skg00d8pl3g.0001 --oem 1 -l eng --psm 1 . Error: Error in pixCreateHeader: requested w = 36429, h = 60000, d = 8 Error in pixCreateHeader: requested by","NULL","2026-07-16 19:50:48.007","NULL","NULL"
"17db2d4a-f80d-11eb-84db-00505681224b","s3://enverus-courthouse-prod-chd-plants/nm/eog_lea/17db/17db2d4a-f80d-11eb-84db-00505681224b.pdf","d9bu1sbdelo000duoaag","1","OCR failed. Command: tesseract /tmp/diml/pngs/d9bu1sbdelo000duoaag/d9bu1sbdelo000duoaag.0003.png /tmp/diml/ocr_results/d9bu1sbdelo000duoaag/d9bu1sbdelo000duoaag.0003 --oem 1 -l eng --psm 1 . Error: Error in pixCreateHeader: requested w = 36429, h = 60000, d = 8 Error in pixCreateHeader: requested by","NULL","2026-07-16 19:44:40.397","NULL","NULL"
"8c64954b-bc7b-11ec-9c2b-00505681224b","s3://enverus-courthouse-prod-chd-plants/nm/lea/8c64/8c64954b-bc7b-11ec-9c2b-00505681224b.pdf","d9bu67r1f5dg00bec4d0","1","OCR failed. Command: tesseract /tmp/diml/pngs/d9bu67r1f5dg00bec4d0/d9bu67r1f5dg00bec4d0.0002.png /tmp/diml/ocr_results/d9bu67r1f5dg00bec4d0/d9bu67r1f5dg00bec4d0.0002 --oem 1 -l eng --psm 1 . Error: Error in pixCreateHeader: requested w = 36429, h = 60000, d = 8 Error in pixCreateHeader: requested by","NULL","2026-07-16 19:44:40.397","NULL","NULL"
"06568c77-d733-11ec-9ca6-00505681224b","s3://enverus-courthouse-prod-chd-plants/nm/lea/0656/06568c77-d733-11ec-9ca6-00505681224b.pdf","d9buaib6g7ig0080fsi0","1","OCR failed. Command: tesseract /tmp/diml/pngs/d9buaib6g7ig0080fsi0/d9buaib6g7ig0080fsi0.0001.png /tmp/diml/ocr_results/d9buaib6g7ig0080fsi0/d9buaib6g7ig0080fsi0.0001 --oem 1 -l eng --psm 1 . Error: Error in pixCreateHeader: requested w = 36429, h = 60000, d = 8 Error in pixCreateHeader: requested by","NULL","2026-07-16 19:44:40.397","NULL","NULL"
"3bfeb8dd-686f-11ec-905e-00505681224b","s3://enverus-courthouse-prod-chd-plants/nm/eog_lea/3bfe/3bfeb8dd-686f-11ec-905e-00505681224b.pdf","d9bucjr6g7ig0080j3n0","1","OCR failed. Command: tesseract /tmp/diml/pngs/d9bucjr6g7ig0080j3n0/d9bucjr6g7ig0080j3n0.0002.png /tmp/diml/ocr_results/d9bucjr6g7ig0080j3n0/d9bucjr6g7ig0080j3n0.0002 --oem 1 -l eng --psm 1 . Error: Error in pixCreateHeader: requested w = 36429, h = 60000, d = 8 Error in pixCreateHeader: requested by","NULL","2026-07-16 19:44:40.397","NULL","NULL"
"576b04bb-d733-11ec-a49e-00505681224b","s3://enverus-courthouse-prod-chd-plants/nm/lea/576b/576b04bb-d733-11ec-a49e-00505681224b.pdf","d9bt3fpkf4s000f61oig","1","OCR failed. Command: tesseract /tmp/diml/pngs/d9bt3fpkf4s000f61oig/d9bt3fpkf4s000f61oig.0001.png /tmp/diml/ocr_results/d9bt3fpkf4s000f61oig/d9bt3fpkf4s000f61oig.0001 --oem 1 -l eng --psm 1 . Error: Error in pixCreateHeader: requested w = 36429, h = 60000, d = 8 Error in pixCreateHeader: requested by","NULL","2026-07-16 19:44:40.397","NULL","NULL"
"ca5c720c-097e-11ed-ac95-00505681224b","s3://enverus-courthouse-prod-chd-plants/nm/eog_lea/ca5c/ca5c720c-097e-11ed-ac95-00505681224b.pdf","d9bucqoisvug00fubcg0","1","OCR failed. Command: tesseract /tmp/diml/pngs/d9bucqoisvug00fubcg0/d9bucqoisvug00fubcg0.0001.png /tmp/diml/ocr_results/d9bucqoisvug00fubcg0/d9bucqoisvug00fubcg0.0001 --oem 1 -l eng --psm 1 . Error: Error in pixCreateHeader: requested w = 36429, h = 60000, d = 8 Error in pixCreateHeader: requested by","NULL","2026-07-16 19:44:40.397","NULL","NULL"
"576bc81f-d733-11ec-9f17-00505681224b","s3://enverus-courthouse-prod-chd-plants/nm/lea/576b/576bc81f-d733-11ec-9f17-00505681224b.pdf","d9bsuunpfcq000feidf0","1","OCR failed. Command: tesseract /tmp/diml/pngs/d9bsuunpfcq000feidf0/d9bsuunpfcq000feidf0.0001.png /tmp/diml/ocr_results/d9bsuunpfcq000feidf0/d9bsuunpfcq000feidf0.0001 --oem 1 -l eng --psm 1 . Error: Error in pixCreateHeader: requested w = 36429, h = 60000, d = 8 Error in pixCreateHeader: requested by","NULL","2026-07-16 19:44:40.397","NULL","NULL"
"447a8217-097f-11ed-9132-00505681224b","s3://enverus-courthouse-prod-chd-plants/nm/lea/447a/447a8217-097f-11ed-9132-00505681224b.pdf","d9bt3nbk4o9000886a6g","1","OCR failed. Command: tesseract /tmp/diml/pngs/d9bt3nbk4o9000886a6g/d9bt3nbk4o9000886a6g.0001.png /tmp/diml/ocr_results/d9bt3nbk4o9000886a6g/d9bt3nbk4o9000886a6g.0001 --oem 1 -l eng --psm 1 . Error: Error in pixCreateHeader: requested w = 36429, h = 60000, d = 8 Error in pixCreateHeader: requested by","NULL","2026-07-16 19:44:40.397","NULL","NULL"
"04bc147c-d3ea-11eb-9243-00505681224b","s3://enverus-courthouse-prod-chd-plants/nm/eog_lea/04bc/04bc147c-d3ea-11eb-9243-00505681224b.pdf","d9budsuicpjg00dd0fmg","1","OCR failed. Command: tesseract /tmp/diml/pngs/d9budsuicpjg00dd0fmg/d9budsuicpjg00dd0fmg.0004.png /tmp/diml/ocr_results/d9budsuicpjg00dd0fmg/d9budsuicpjg00dd0fmg.0004 --oem 1 -l eng --psm 1 . Error: Error in pixCreateHeader: requested w = 36429, h = 60000, d = 8 Error in pixCreateHeader: requested by","NULL","2026-07-16 19:44:40.397","NULL","NULL"
"be4426db-a5b1-11ec-af8c-00505681224b","s3://enverus-courthouse-prod-chd-plants/nm/lea/be44/be4426db-a5b1-11ec-af8c-00505681224b.pdf","d9bumlhkf4s000f86psg","1","OCR failed. Command: tesseract /tmp/diml/pngs/d9bumlhkf4s000f86psg/d9bumlhkf4s000f86psg.0001.png /tmp/diml/ocr_results/d9bumlhkf4s000f86psg/d9bumlhkf4s000f86psg.0001 --oem 1 -l eng --psm 1 . Error: Error in pixCreateHeader: requested w = 36429, h = 60000, d = 8 Error in pixCreateHeader: requested by","NULL","2026-07-16 19:44:40.397","NULL","NULL"
"447b4562-097f-11ed-b050-00505681224b","s3://enverus-courthouse-prod-chd-plants/nm/lea/447b/447b4562-097f-11ed-b050-00505681224b.pdf","d9bu45h5jqeg00e7l6a0","1","OCR failed. Command: tesseract /tmp/diml/pngs/d9bu45h5jqeg00e7l6a0/d9bu45h5jqeg00e7l6a0.0003.png /tmp/diml/ocr_results/d9bu45h5jqeg00e7l6a0/d9bu45h5jqeg00e7l6a0.0003 --oem 1 -l eng --psm 1 . Error: Error in pixCreateHeader: requested w = 36429, h = 60000, d = 8 Error in pixCreateHeader: requested by","NULL","2026-07-16 19:44:40.397","NULL","NULL"
"8e8e4ecd-d3ea-11eb-ba07-00505681224b","s3://enverus-courthouse-prod-chd-plants/nm/lea/8e8e/8e8e4ecd-d3ea-11eb-ba07-00505681224b.pdf","d9bunabdelo000dvnq4g","1","OCR failed. Command: tesseract /tmp/diml/pngs/d9bunabdelo000dvnq4g/d9bunabdelo000dvnq4g.0001.png /tmp/diml/ocr_results/d9bunabdelo000dvnq4g/d9bunabdelo000dvnq4g.0001 --oem 1 -l eng --psm 1 . Error: Error in pixCreateHeader: requested w = 36429, h = 60000, d = 8 Error in pixCreateHeader: requested by","NULL","2026-07-16 19:44:40.397","NULL","NULL"
"a3f2d228-d733-11ec-a563-00505681224b","s3://enverus-courthouse-prod-chd-plants/nm/eog_lea/a3f2/a3f2d228-d733-11ec-a563-00505681224b.pdf","d9btf0vpfcq000ff4g7g","1","OCR failed. Command: tesseract /tmp/diml/pngs/d9btf0vpfcq000ff4g7g/d9btf0vpfcq000ff4g7g.0001.png /tmp/diml/ocr_results/d9btf0vpfcq000ff4g7g/d9btf0vpfcq000ff4g7g.0001 --oem 1 -l eng --psm 1 . Error: Error in pixCreateHeader: requested w = 36429, h = 60000, d = 8 Error in pixCreateHeader: requested by","NULL","2026-07-16 19:44:40.397","NULL","NULL"
"17db2d4f-f80d-11eb-9f84-00505681224b","s3://enverus-courthouse-prod-chd-plants/nm/eog_lea/17db/17db2d4f-f80d-11eb-9f84-00505681224b.pdf","d9bsupgisvug00fsgbng","1","OCR failed. Command: tesseract /tmp/diml/pngs/d9bsupgisvug00fsgbng/d9bsupgisvug00fsgbng.0001.png /tmp/diml/ocr_results/d9bsupgisvug00fsgbng/d9bsupgisvug00fsgbng.0001 --oem 1 -l eng --psm 1 . Error: Error in pixCreateHeader: requested w = 36429, h = 60000, d = 8 Error in pixCreateHeader: requested by","NULL","2026-07-16 19:44:40.397","NULL","NULL"
"bc09afcd-42b7-11ec-9c98-00505681224b","s3://enverus-courthouse-prod-chd-plants/nm/eog_lea/bc09/bc09afcd-42b7-11ec-9c98-00505681224b.pdf","d9bts6s1kr4g008e6u50","1","OCR failed. Command: tesseract /tmp/diml/pngs/d9bts6s1kr4g008e6u50/d9bts6s1kr4g008e6u50.0001.png /tmp/diml/ocr_results/d9bts6s1kr4g008e6u50/d9bts6s1kr4g008e6u50.0001 --oem 1 -l eng --psm 1 . Error: Error in pixCreateHeader: requested w = 36429, h = 60000, d = 8 Error in pixCreateHeader: requested by","NULL","2026-07-16 19:44:40.397","NULL","NULL"
"c2445e62-3ec2-11ec-a2d7-00505681224b","s3://enverus-courthouse-prod-chd-plants/nm/lea/c244/c2445e62-3ec2-11ec-a2d7-00505681224b.pdf","d9bt86hhd6mg00bm2460","1","OCR failed. Command: tesseract /tmp/diml/pngs/d9bt86hhd6mg00bm2460/d9bt86hhd6mg00bm2460.0001.png /tmp/diml/ocr_results/d9bt86hhd6mg00bm2460/d9bt86hhd6mg00bm2460.0001 --oem 1 -l eng --psm 1 . Error: Error in pixCreateHeader: requested w = 36429, h = 60000, d = 8 Error in pixCreateHeader: requested by","NULL","2026-07-16 19:44:40.397","NULL","NULL"
"bc08503e-42b7-11ec-8d44-00505681224b","s3://enverus-courthouse-prod-chd-plants/nm/eog_lea/bc08/bc08503e-42b7-11ec-8d44-00505681224b.pdf","d9buomfpfdig00fcikmg","1","OCR failed. Command: tesseract /tmp/diml/pngs/d9buomfpfdig00fcikmg/d9buomfpfdig00fcikmg.0001.png /tmp/diml/ocr_results/d9buomfpfdig00fcikmg/d9buomfpfdig00fcikmg.0001 --oem 1 -l eng --psm 1 . Error: Error in pixCreateHeader: requested w = 36429, h = 60000, d = 8 Error in pixCreateHeader: requested by","NULL","2026-07-16 19:44:40.397","NULL","NULL"
"a136dbb4-bc7b-11ec-a4b5-00505681224b","s3://enverus-courthouse-prod-chd-plants/nm/lea/a136/a136dbb4-bc7b-11ec-a4b5-00505681224b.pdf","d9btlfhb0h1g00d0eugg","1","OCR failed. Command: tesseract /tmp/diml/pngs/d9btlfhb0h1g00d0eugg/d9btlfhb0h1g00d0eugg.0002.png /tmp/diml/ocr_results/d9btlfhb0h1g00d0eugg/d9btlfhb0h1g00d0eugg.0002 --oem 1 -l eng --psm 1 . Error: Error in pixCreateHeader: requested w = 36429, h = 60000, d = 8 Error in pixCreateHeader: requested by","NULL","2026-07-16 19:44:40.397","NULL","NULL"
"4cd9c5c0-8bcc-11ec-bf84-00505681224b","s3://enverus-courthouse-prod-chd-plants/nm/eog_lea/4cd9/4cd9c5c0-8bcc-11ec-bf84-00505681224b.pdf","d9btht1b0h1g00d0au40","1","OCR failed. Command: tesseract /tmp/diml/pngs/d9btht1b0h1g00d0au40/d9btht1b0h1g00d0au40.0001.png /tmp/diml/ocr_results/d9btht1b0h1g00d0au40/d9btht1b0h1g00d0au40.0001 --oem 1 -l eng --psm 1 . Error: Error in pixCreateHeader: requested w = 36429, h = 60000, d = 8 Error in pixCreateHeader: requested by","NULL","2026-07-16 19:44:40.397","NULL","NULL"
"aec4785f-a5b1-11ec-9d5c-00505681224b","s3://enverus-courthouse-prod-chd-plants/nm/lea/aec4/aec4785f-a5b1-11ec-9d5c-00505681224b.pdf","d9btrpsflnl000dk3360","1","OCR failed. Command: tesseract /tmp/diml/pngs/d9btrpsflnl000dk3360/d9btrpsflnl000dk3360.0001.png /tmp/diml/ocr_results/d9btrpsflnl000dk3360/d9btrpsflnl000dk3360.0001 --oem 1 -l eng --psm 1 . Error: Error in pixCreateHeader: requested w = 36429, h = 60000, d = 8 Error in pixCreateHeader: requested by","NULL","2026-07-16 19:44:40.397","NULL","NULL"
"bc0988d5-42b7-11ec-b8d4-00505681224b","s3://enverus-courthouse-prod-chd-plants/nm/eog_lea/bc09/bc0988d5-42b7-11ec-b8d4-00505681224b.pdf","d9buntj6g7ig0081435g","1","OCR failed. Command: tesseract /tmp/diml/pngs/d9buntj6g7ig0081435g/d9buntj6g7ig0081435g.0001.png /tmp/diml/ocr_results/d9buntj6g7ig0081435g/d9buntj6g7ig0081435g.0001 --oem 1 -l eng --psm 1 . Error: Error in pixCreateHeader: requested w = 36429, h = 60000, d = 8 Error in pixCreateHeader: requested by","NULL","2026-07-16 19:44:40.397","NULL","NULL"
"c83ed1c7-8bcb-11ec-b42d-00505681224b","s3://enverus-courthouse-prod-chd-plants/nm/lea/c83e/c83ed1c7-8bcb-11ec-b42d-00505681224b.pdf","d9bsns19ha2000c5dmog","1","OCR failed. Command: tesseract /tmp/diml/pngs/d9bsns19ha2000c5dmog/d9bsns19ha2000c5dmog.0001.png /tmp/diml/ocr_results/d9bsns19ha2000c5dmog/d9bsns19ha2000c5dmog.0001 --oem 1 -l eng --psm 1 . Error: Error in pixCreateHeader: requested w = 36429, h = 60000, d = 8 Error in pixCreateHeader: requested by","NULL","2026-07-16 19:44:40.397","NULL","NULL"
"c83e83a3-8bcb-11ec-bf5e-00505681224b","s3://enverus-courthouse-prod-chd-plants/nm/lea/c83e/c83e83a3-8bcb-11ec-bf5e-00505681224b.pdf","d9bt4qg59fgg00e1dcf0","1","OCR failed. Command: tesseract /tmp/diml/pngs/d9bt4qg59fgg00e1dcf0/d9bt4qg59fgg00e1dcf0.0001.png /tmp/diml/ocr_results/d9bt4qg59fgg00e1dcf0/d9bt4qg59fgg00e1dcf0.0001 --oem 1 -l eng --psm 1 . Error: Error in pixCreateHeader: requested w = 36429, h = 60000, d = 8 Error in pixCreateHeader: requested by","NULL","2026-07-16 19:44:40.397","NULL","NULL"
"f59f1e1d-405b-11ec-8002-00505681224b","s3://enverus-courthouse-prod-chd-plants/nm/eog_lea/f59f/f59f1e1d-405b-11ec-8002-00505681224b.pdf","d9btlojdelo000du8720","1","OCR failed. Command: tesseract /tmp/diml/pngs/d9btlojdelo000du8720/d9btlojdelo000du8720.0002.png /tmp/diml/ocr_results/d9btlojdelo000du8720/d9btlojdelo000du8720.0002 --oem 1 -l eng --psm 1 . Error: Error in pixCreateHeader: requested w = 36429, h = 60000, d = 8 Error in pixCreateHeader: requested by","NULL","2026-07-16 19:38:03.557","NULL","NULL"
"f4ddc9f1-405b-11ec-a5a1-00505681224b","s3://enverus-courthouse-prod-chd-plants/nm/eog_lea/f4dd/f4ddc9f1-405b-11ec-a5a1-00505681224b.pdf","d9bunt1kf4s000f88ij0","1","OCR failed. Command: tesseract /tmp/diml/pngs/d9bunt1kf4s000f88ij0/d9bunt1kf4s000f88ij0.0001.png /tmp/diml/ocr_results/d9bunt1kf4s000f88ij0/d9bunt1kf4s000f88ij0.0001 --oem 1 -l eng --psm 1 . Error: Error in pixCreateHeader: requested w = 36429, h = 60000, d = 8 Error in pixCreateHeader: requested by","NULL","2026-07-16 19:38:03.557","NULL","NULL"
"f59fe172-405b-11ec-8d8e-00505681224b","s3://enverus-courthouse-prod-chd-plants/nm/eog_lea/f59f/f59fe172-405b-11ec-8d8e-00505681224b.pdf","d9buqhrs7m5g008a6qcg","1","OCR failed. Command: tesseract /tmp/diml/pngs/d9buqhrs7m5g008a6qcg/d9buqhrs7m5g008a6qcg.0001.png /tmp/diml/ocr_results/d9buqhrs7m5g008a6qcg/d9buqhrs7m5g008a6qcg.0001 --oem 1 -l eng --psm 1 . Error: Error in pixCreateHeader: requested w = 36429, h = 60000, d = 8 Error in pixCreateHeader: requested by","NULL","2026-07-16 19:38:03.557","NULL","NULL"
"b5e1e322-d733-11ec-9964-00505681224b","s3://enverus-courthouse-prod-chd-plants/nm/eog_lea/b5e1/b5e1e322-d733-11ec-9964-00505681224b.pdf","d9buh0vr2ffg00e14rig","1","OCR failed. Command: tesseract /tmp/diml/pngs/d9buh0vr2ffg00e14rig/d9buh0vr2ffg00e14rig.0001.png /tmp/diml/ocr_results/d9buh0vr2ffg00e14rig/d9buh0vr2ffg00e14rig.0001 --oem 1 -l eng --psm 1 . Error: Error in pixCreateHeader: requested w = 36429, h = 60000, d = 8 Error in pixCreateHeader: requested by","NULL","2026-07-16 19:38:03.557","NULL","NULL"
"c244ac70-3ec2-11ec-935b-00505681224b","s3://enverus-courthouse-prod-chd-plants/nm/lea/c244/c244ac70-3ec2-11ec-935b-00505681224b.pdf","d9bunm4flnl000dlbvc0","1","OCR failed. Command: tesseract /tmp/diml/pngs/d9bunm4flnl000dlbvc0/d9bunm4flnl000dlbvc0.0001.png /tmp/diml/ocr_results/d9bunm4flnl000dlbvc0/d9bunm4flnl000dlbvc0.0001 --oem 1 -l eng --psm 1 . Error: Error in pixCreateHeader: requested w = 36429, h = 60000, d = 8 Error in pixCreateHeader: requested by","NULL","2026-07-16 19:38:03.557","NULL","NULL"
"c840585a-8bcb-11ec-a22a-00505681224b","s3://enverus-courthouse-prod-chd-plants/nm/lea/c840/c840585a-8bcb-11ec-a22a-00505681224b.pdf","d9bteob6g7ig00fva8k0","1","OCR failed. Command: tesseract /tmp/diml/pngs/d9bteob6g7ig00fva8k0/d9bteob6g7ig00fva8k0.0001.png /tmp/diml/ocr_results/d9bteob6g7ig00fva8k0/d9bteob6g7ig00fva8k0.0001 --oem 1 -l eng --psm 1 . Error: Error in pixCreateHeader: requested w = 36429, h = 60000, d = 8 Error in pixCreateHeader: requested by","NULL","2026-07-16 19:38:03.557","NULL","NULL"
"f59f9349-405b-11ec-8052-00505681224b","s3://enverus-courthouse-prod-chd-plants/nm/eog_lea/f59f/f59f9349-405b-11ec-8052-00505681224b.pdf","d9budma2oub000e32kpg","1","OCR failed. Command: tesseract /tmp/diml/pngs/d9budma2oub000e32kpg/d9budma2oub000e32kpg.0020.png /tmp/diml/ocr_results/d9budma2oub000e32kpg/d9budma2oub000e32kpg.0020 --oem 1 -l eng --psm 1 . Error: Error in pixCreateHeader: requested w = 36429, h = 60000, d = 8 Error in pixCreateHeader: requested by","NULL","2026-07-16 19:38:03.557","NULL","NULL"
"1b385028-3df8-11ec-b7f7-00505681224b","s3://enverus-courthouse-prod-chd-plants/nm/lea/1b38/1b385028-3df8-11ec-b7f7-00505681224b.pdf","d9btb3sogvn0009abr50","1","OCR failed. Command: tesseract /tmp/diml/pngs/d9btb3sogvn0009abr50/d9btb3sogvn0009abr50.0001.png /tmp/diml/ocr_results/d9btb3sogvn0009abr50/d9btb3sogvn0009abr50.0001 --oem 1 -l eng --psm 1 . Error: Error in pixCreateHeader: requested w = 36429, h = 60000, d = 8 Error in pixCreateHeader: requested by","NULL","2026-07-16 19:38:03.557","NULL","NULL"
"5a928099-6226-11ec-b6e8-00505681224b","s3://enverus-courthouse-prod-chd-plants/nm/eog_lea/5a92/5a928099-6226-11ec-b6e8-00505681224b.pdf","d9bsnj7r761000debhrg","1","OCR failed. Command: tesseract /tmp/diml/pngs/d9bsnj7r761000debhrg/d9bsnj7r761000debhrg.0001.png /tmp/diml/ocr_results/d9bsnj7r761000debhrg/d9bsnj7r761000debhrg.0001 --oem 1 -l eng --psm 1 . Error: Error in pixCreateHeader: requested w = 36429, h = 60000, d = 8 Error in pixCreateHeader: requested by","NULL","2026-07-16 19:38:03.557","NULL","NULL"
"447a5b19-097f-11ed-b12b-00505681224b","s3://enverus-courthouse-prod-chd-plants/nm/lea/447a/447a5b19-097f-11ed-b12b-00505681224b.pdf","d9bthtfpfcq000ff7s90","1","OCR failed. Command: tesseract /tmp/diml/pngs/d9bthtfpfcq000ff7s90/d9bthtfpfcq000ff7s90.0001.png /tmp/diml/ocr_results/d9bthtfpfcq000ff7s90/d9bthtfpfcq000ff7s90.0001 --oem 1 -l eng --psm 1 . Error: Error in pixCreateHeader: requested w = 36429, h = 60000, d = 8 Error in pixCreateHeader: requested by","NULL","2026-07-16 19:38:03.557","NULL","NULL"
"bfc6644f-097f-11ed-8e11-00505681224b","s3://enverus-courthouse-prod-chd-plants/nm/lea/bfc6/bfc6644f-097f-11ed-8e11-00505681224b.pdf","d9buphbte9l000f9i9v0","1","OCR failed. Command: tesseract /tmp/diml/pngs/d9buphbte9l000f9i9v0/d9buphbte9l000f9i9v0.0009.png /tmp/diml/ocr_results/d9buphbte9l000f9i9v0/d9buphbte9l000f9i9v0.0009 --oem 1 -l eng --psm 1 . Error: Error in pixCreateHeader: requested w = 36429, h = 60000, d = 8 Error in pixCreateHeader: requested by","NULL","2026-07-16 19:38:03.557","NULL","NULL"
"17db7b6d-f80d-11eb-9e3f-00505681224b","s3://enverus-courthouse-prod-chd-plants/nm/eog_lea/17db/17db7b6d-f80d-11eb-9e3f-00505681224b.pdf","d9bu97hd6jhg00846rng","1","OCR failed. Command: tesseract /tmp/diml/pngs/d9bu97hd6jhg00846rng/d9bu97hd6jhg00846rng.0015.png /tmp/diml/ocr_results/d9bu97hd6jhg00846rng/d9bu97hd6jhg00846rng.0015 --oem 1 -l eng --psm 1 . Error: Error in pixCreateHeader: requested w = 36429, h = 60000, d = 8 Error in pixCreateHeader: requested by","NULL","2026-07-16 19:38:03.557","NULL","NULL"
"c2441024-3ec2-11ec-8278-00505681224b","s3://enverus-courthouse-prod-chd-plants/nm/lea/c244/c2441024-3ec2-11ec-8278-00505681224b.pdf","d9btf315jqeg00e6ptv0","1","OCR failed. Command: tesseract /tmp/diml/pngs/d9btf315jqeg00e6ptv0/d9btf315jqeg00e6ptv0.0018.png /tmp/diml/ocr_results/d9btf315jqeg00e6ptv0/d9btf315jqeg00e6ptv0.0018 --oem 1 -l eng --psm 1 . Error: Error in pixCreateHeader: requested w = 36429, h = 60000, d = 8 Error in pixCreateHeader: requested by","NULL","2026-07-16 19:38:03.557","NULL","NULL"
"64bbf94e-f812-11eb-8db6-00505681224b","s3://enverus-courthouse-prod-chd-plants/nm/lea/64bb/64bbf94e-f812-11eb-8db6-00505681224b.pdf","d9bunhs1kr4g008fencg","1","OCR failed. Command: tesseract /tmp/diml/pngs/d9bunhs1kr4g008fencg/d9bunhs1kr4g008fencg.0001.png /tmp/diml/ocr_results/d9bunhs1kr4g008fencg/d9bunhs1kr4g008fencg.0001 --oem 1 -l eng --psm 1 . Error: Error in pixCreateHeader: requested w = 36429, h = 60000, d = 8 Error in pixCreateHeader: requested by","NULL","2026-07-16 19:38:03.557","NULL","NULL"
"96803046-097f-11ed-9ccb-00505681224b","s3://enverus-courthouse-prod-chd-plants/nm/lea/9680/96803046-097f-11ed-9ccb-00505681224b.pdf","d9buf6s1kr4g008f2am0","1","OCR failed. Command: tesseract /tmp/diml/pngs/d9buf6s1kr4g008f2am0/d9buf6s1kr4g008f2am0.0001.png /tmp/diml/ocr_results/d9buf6s1kr4g008f2am0/d9buf6s1kr4g008f2am0.0001 --oem 1 -l eng --psm 1 . Error: Error in pixCreateHeader: requested w = 36429, h = 60000, d = 8 Error in pixCreateHeader: requested by","NULL","2026-07-16 19:38:03.557","NULL","NULL"
"cb6ba541-a5b1-11ec-b221-00505681224b","s3://enverus-courthouse-prod-chd-plants/nm/lea/cb6b/cb6ba541-a5b1-11ec-b221-00505681224b.pdf","d9bt4vkflnl000dj7ot0","1","OCR failed. Command: tesseract /tmp/diml/pngs/d9bt4vkflnl000dj7ot0/d9bt4vkflnl000dj7ot0.0001.png /tmp/diml/ocr_results/d9bt4vkflnl000dj7ot0/d9bt4vkflnl000dj7ot0.0001 --oem 1 -l eng --psm 1 . Error: Error in pixCreateHeader: requested w = 36429, h = 60000, d = 8 Error in pixCreateHeader: requested by","NULL","2026-07-16 19:38:03.557","NULL","NULL"
"64bb8421-f812-11eb-b18f-00505681224b","s3://enverus-courthouse-prod-chd-plants/nm/lea/64bb/64bb8421-f812-11eb-b18f-00505681224b.pdf","d9bt3dr6g7ig00fut08g","1","OCR failed. Command: tesseract /tmp/diml/pngs/d9bt3dr6g7ig00fut08g/d9bt3dr6g7ig00fut08g.0001.png /tmp/diml/ocr_results/d9bt3dr6g7ig00fut08g/d9bt3dr6g7ig00fut08g.0001 --oem 1 -l eng --psm 1 . Error: Error in pixCreateHeader: requested w = 36429, h = 60000, d = 8 Error in pixCreateHeader: requested by","NULL","2026-07-16 19:38:03.557","NULL","NULL"
"576bef15-d733-11ec-95f2-00505681224b","s3://enverus-courthouse-prod-chd-plants/nm/lea/576b/576bef15-d733-11ec-95f2-00505681224b.pdf","d9buk8phd6mg00bnsrsg","1","OCR failed. Command: tesseract /tmp/diml/pngs/d9buk8phd6mg00bnsrsg/d9buk8phd6mg00bnsrsg.0001.png /tmp/diml/ocr_results/d9buk8phd6mg00bnsrsg/d9buk8phd6mg00bnsrsg.0001 --oem 1 -l eng --psm 1 . Error: Error in pixCreateHeader: requested w = 36429, h = 60000, d = 8 Error in pixCreateHeader: requested by","NULL","2026-07-16 19:38:03.557","NULL","NULL"
"bc089e59-42b7-11ec-be02-00505681224b","s3://enverus-courthouse-prod-chd-plants/nm/eog_lea/bc08/bc089e59-42b7-11ec-be02-00505681224b.pdf","d9btisvpfcq000ff8ik0","1","OCR failed. Command: tesseract /tmp/diml/pngs/d9btisvpfcq000ff8ik0/d9btisvpfcq000ff8ik0.0001.png /tmp/diml/ocr_results/d9btisvpfcq000ff8ik0/d9btisvpfcq000ff8ik0.0001 --oem 1 -l eng --psm 1 . Error: Error in pixCreateHeader: requested w = 36429, h = 60000, d = 8 Error in pixCreateHeader: requested by","NULL","2026-07-16 19:38:03.557","NULL","NULL"
"06561735-d733-11ec-95eb-00505681224b","s3://enverus-courthouse-prod-chd-plants/nm/lea/0656/06561735-d733-11ec-95eb-00505681224b.pdf","d9bt591d6jhg0082pa90","1","OCR failed. Command: tesseract /tmp/diml/pngs/d9bt591d6jhg0082pa90/d9bt591d6jhg0082pa90.0001.png /tmp/diml/ocr_results/d9bt591d6jhg0082pa90/d9bt591d6jhg0082pa90.0001 --oem 1 -l eng --psm 1 . Error: Error in pixCreateHeader: requested w = 36429, h = 60000, d = 8 Error in pixCreateHeader: requested by","NULL","2026-07-16 19:38:03.557","NULL","NULL"
"1b5dee08-d733-11ec-a8f8-00505681224b","s3://enverus-courthouse-prod-chd-plants/nm/lea/1b5d/1b5dee08-d733-11ec-a8f8-00505681224b.pdf","d9bt9hdlksng008e1m2g","1","OCR failed. Command: tesseract /tmp/diml/pngs/d9bt9hdlksng008e1m2g/d9bt9hdlksng008e1m2g.0001.png /tmp/diml/ocr_results/d9bt9hdlksng008e1m2g/d9bt9hdlksng008e1m2g.0001 --oem 1 -l eng --psm 1 . Error: Error in pixCreateHeader: requested w = 36429, h = 60000, d = 8 Error in pixCreateHeader: requested by","NULL","2026-07-16 19:30:39.370","NULL","NULL"
"d32d239d-bc7b-11ec-96f1-00505681224b","s3://enverus-courthouse-prod-chd-plants/nm/eog_lea/d32d/d32d239d-bc7b-11ec-96f1-00505681224b.pdf","d9bt20jdelo000dth170","1","OCR failed. Command: tesseract /tmp/diml/pngs/d9bt20jdelo000dth170/d9bt20jdelo000dth170.0002.png /tmp/diml/ocr_results/d9bt20jdelo000dth170/d9bt20jdelo000dth170.0002 --oem 1 -l eng --psm 1 . Error: Error in pixCreateHeader: requested w = 36429, h = 60000, d = 8 Error in pixCreateHeader: requested by","NULL","2026-07-16 19:30:39.370","NULL","NULL"
"be449c2d-a5b1-11ec-9cfe-00505681224b","s3://enverus-courthouse-prod-chd-plants/nm/lea/be44/be449c2d-a5b1-11ec-9cfe-00505681224b.pdf","d9bt6l6icpjg00dbcv5g","1","OCR failed. Command: tesseract /tmp/diml/pngs/d9bt6l6icpjg00dbcv5g/d9bt6l6icpjg00dbcv5g.0001.png /tmp/diml/ocr_results/d9bt6l6icpjg00dbcv5g/d9bt6l6icpjg00dbcv5g.0001 --oem 1 -l eng --psm 1 . Error: Error in pixCreateHeader: requested w = 36429, h = 60000, d = 8 Error in pixCreateHeader: requested by","NULL","2026-07-16 19:30:39.370","NULL","NULL"
"bc093ab0-42b7-11ec-bb67-00505681224b","s3://enverus-courthouse-prod-chd-plants/nm/eog_lea/bc09/bc093ab0-42b7-11ec-bb67-00505681224b.pdf","d9buqv3delo000dvtedg","1","OCR failed. Command: tesseract /tmp/diml/pngs/d9buqv3delo000dvtedg/d9buqv3delo000dvtedg.0001.png /tmp/diml/ocr_results/d9buqv3delo000dvtedg/d9buqv3delo000dvtedg.0001 --oem 1 -l eng --psm 1 . Error: Error in pixCreateHeader: requested w = 36429, h = 60000, d = 8 Error in pixCreateHeader: requested by","NULL","2026-07-16 19:30:39.370","NULL","NULL"
"f10be27a-6225-11ec-8437-00505681224b","s3://enverus-courthouse-prod-chd-plants/nm/lea/f10b/f10be27a-6225-11ec-8437-00505681224b.pdf","d9bug2fr761000dghf3g","1","OCR failed. Command: tesseract /tmp/diml/pngs/d9bug2fr761000dghf3g/d9bug2fr761000dghf3g.0001.png /tmp/diml/ocr_results/d9bug2fr761000dghf3g/d9bug2fr761000dghf3g.0001 --oem 1 -l eng --psm 1 . Error: Error in pixCreateHeader: requested w = 36429, h = 60000, d = 8 Error in pixCreateHeader: requested by","NULL","2026-07-16 19:30:39.370","NULL","NULL"
"c83f1fdc-8bcb-11ec-b73b-00505681224b","s3://enverus-courthouse-prod-chd-plants/nm/lea/c83f/c83f1fdc-8bcb-11ec-b73b-00505681224b.pdf","d9btg6o59fgg00e1qjp0","1","OCR failed. Command: tesseract /tmp/diml/pngs/d9btg6o59fgg00e1qjp0/d9btg6o59fgg00e1qjp0.0001.png /tmp/diml/ocr_results/d9btg6o59fgg00e1qjp0/d9btg6o59fgg00e1qjp0.0001 --oem 1 -l eng --psm 1 . Error: Error in pixCreateHeader: requested w = 36429, h = 60000, d = 8 Error in pixCreateHeader: requested by","NULL","2026-07-16 19:30:39.370","NULL","NULL"
"8c650a7b-bc7b-11ec-9e85-00505681224b","s3://enverus-courthouse-prod-chd-plants/nm/lea/8c65/8c650a7b-bc7b-11ec-9e85-00505681224b.pdf","d9bukcb1f5dg00bf11cg","1","OCR failed. Command: tesseract /tmp/diml/pngs/d9bukcb1f5dg00bf11cg/d9bukcb1f5dg00bf11cg.0001.png /tmp/diml/ocr_results/d9bukcb1f5dg00bf11cg/d9bukcb1f5dg00bf11cg.0001 --oem 1 -l eng --psm 1 . Error: Error in pixCreateHeader: requested w = 36429, h = 60000, d = 8 Error in pixCreateHeader: requested by","NULL","2026-07-16 19:30:39.370","NULL","NULL"
"03fbbf42-fac6-1e4c-a4aa-76f61d2aecd1","s3://enverus-courthouse-prod-chd-plants/nm/eddy/03fb/03fbbf42-fac6-1e4c-a4aa-76f61d2aecd1.pdf","bag7d6qvki7g1fvfa450","1","list index out of range","NULL","2026-07-16 19:30:39.370","NULL","NULL"
"785e96c5-c5bd-11eb-b64a-00505681224b","s3://enverus-courthouse-prod-chd-plants/nm/eog_lea/785e/785e96c5-c5bd-11eb-b64a-00505681224b.pdf","d9bunohhd6mg00bo2cp0","1","OCR failed. Command: tesseract /tmp/diml/pngs/d9bunohhd6mg00bo2cp0/d9bunohhd6mg00bo2cp0.0002.png /tmp/diml/ocr_results/d9bunohhd6mg00bo2cp0/d9bunohhd6mg00bo2cp0.0002 --oem 1 -l eng --psm 1 . Error: Error in pixCreateHeader: requested w = 36429, h = 60000, d = 8 Error in pixCreateHeader: requested by","NULL","2026-07-16 19:30:39.370","NULL","NULL"
"f59fe170-405b-11ec-b320-00505681224b","s3://enverus-courthouse-prod-chd-plants/nm/eog_lea/f59f/f59fe170-405b-11ec-b320-00505681224b.pdf","d9btk631f5dg00bdjjeg","1","OCR failed. Command: tesseract /tmp/diml/pngs/d9btk631f5dg00bdjjeg/d9btk631f5dg00bdjjeg.0001.png /tmp/diml/ocr_results/d9btk631f5dg00bdjjeg/d9btk631f5dg00bdjjeg.0001 --oem 1 -l eng --psm 1 . Error: Error in pixCreateHeader: requested w = 36429, h = 60000, d = 8 Error in pixCreateHeader: requested by","NULL","2026-07-16 19:30:39.370","NULL","NULL"
"4718e589-d733-11ec-82d4-00505681224b","s3://enverus-courthouse-prod-chd-plants/nm/lea/4718/4718e589-d733-11ec-82d4-00505681224b.pdf","d9btb29hd6mg00bm5cd0","1","OCR failed. Command: tesseract /tmp/diml/pngs/d9btb29hd6mg00bm5cd0/d9btb29hd6mg00bm5cd0.0001.png /tmp/diml/ocr_results/d9btb29hd6mg00bm5cd0/d9btb29hd6mg00bm5cd0.0001 --oem 1 -l eng --psm 1 . Error: Error in pixCreateHeader: requested w = 36429, h = 60000, d = 8 Error in pixCreateHeader: requested by","NULL","2026-07-16 19:30:39.370","NULL","NULL"
"cb6ba53b-a5b1-11ec-894c-00505681224b","s3://enverus-courthouse-prod-chd-plants/nm/lea/cb6b/cb6ba53b-a5b1-11ec-894c-00505681224b.pdf","d9bt6ag30skg00d6ur10","1","OCR failed. Command: tesseract /tmp/diml/pngs/d9bt6ag30skg00d6ur10/d9bt6ag30skg00d6ur10.0001.png /tmp/diml/ocr_results/d9bt6ag30skg00d6ur10/d9bt6ag30skg00d6ur10.0001 --oem 1 -l eng --psm 1 . Error: Error in pixCreateHeader: requested w = 36429, h = 60000, d = 8 Error in pixCreateHeader: requested by","NULL","2026-07-16 19:30:39.370","NULL","NULL"
"8c646e2b-bc7b-11ec-a8a1-00505681224b","s3://enverus-courthouse-prod-chd-plants/nm/lea/8c64/8c646e2b-bc7b-11ec-a8a1-00505681224b.pdf","d9bthirrgi8g00bf9olg","1","OCR failed. Command: tesseract /tmp/diml/pngs/d9bthirrgi8g00bf9olg/d9bthirrgi8g00bf9olg.0001.png /tmp/diml/ocr_results/d9bthirrgi8g00bf9olg/d9bthirrgi8g00bf9olg.0001 --oem 1 -l eng --psm 1 . Error: Error in pixCreateHeader: requested w = 36429, h = 60000, d = 8 Error in pixCreateHeader: requested by","NULL","2026-07-16 19:30:39.370","NULL","NULL"
"c83ed1c8-8bcb-11ec-8fe8-00505681224b","s3://enverus-courthouse-prod-chd-plants/nm/lea/c83e/c83ed1c8-8bcb-11ec-8fe8-00505681224b.pdf","d9bt58vr761000deplhg","1","OCR failed. Command: tesseract /tmp/diml/pngs/d9bt58vr761000deplhg/d9bt58vr761000deplhg.0001.png /tmp/diml/ocr_results/d9bt58vr761000deplhg/d9bt58vr761000deplhg.0001 --oem 1 -l eng --psm 1 . Error: Error in pixCreateHeader: requested w = 36429, h = 60000, d = 8 Error in pixCreateHeader: requested by","NULL","2026-07-16 19:30:39.370","NULL","NULL"
"06566568-d733-11ec-98bb-00505681224b","s3://enverus-courthouse-prod-chd-plants/nm/lea/0656/06566568-d733-11ec-98bb-00505681224b.pdf","d9bt7quicpjg00dbdv6g","1","OCR failed. Command: tesseract /tmp/diml/pngs/d9bt7quicpjg00dbdv6g/d9bt7quicpjg00dbdv6g.0001.png /tmp/diml/ocr_results/d9bt7quicpjg00dbdv6g/d9bt7quicpjg00dbdv6g.0001 --oem 1 -l eng --psm 1 . Error: Error in pixCreateHeader: requested w = 36429, h = 60000, d = 8 Error in pixCreateHeader: requested by","NULL","2026-07-16 19:30:39.370","NULL","NULL"
"a3f36e96-d733-11ec-b295-00505681224b","s3://enverus-courthouse-prod-chd-plants/nm/eog_lea/a3f3/a3f36e96-d733-11ec-b295-00505681224b.pdf","d9bts86icpjg00dc7ac0","1","OCR failed. Command: tesseract /tmp/diml/pngs/d9bts86icpjg00dc7ac0/d9bts86icpjg00dc7ac0.0004.png /tmp/diml/ocr_results/d9bts86icpjg00dc7ac0/d9bts86icpjg00dc7ac0.0004 --oem 1 -l eng --psm 1 . Error: Error in pixCreateHeader: requested w = 36429, h = 60000, d = 8 Error in pixCreateHeader: requested by","NULL","2026-07-16 19:30:39.370","NULL","NULL"
"e7e15d12-097f-11ed-afc2-00505681224b","s3://enverus-courthouse-prod-chd-plants/nm/lea/e7e1/e7e15d12-097f-11ed-afc2-00505681224b.pdf","d9bu21059fgg00e2icjg","1","OCR failed. Command: tesseract /tmp/diml/pngs/d9bu21059fgg00e2icjg/d9bu21059fgg00e2icjg.0004.png /tmp/diml/ocr_results/d9bu21059fgg00e2icjg/d9bu21059fgg00e2icjg.0004 --oem 1 -l eng --psm 1 . Error: Error in pixCreateHeader: requested w = 36429, h = 60000, d = 8 Error in pixCreateHeader: requested by","NULL","2026-07-16 19:30:39.370","NULL","NULL"
"c24373f4-3ec2-11ec-bdda-00505681224b","s3://enverus-courthouse-prod-chd-plants/nm/lea/c243/c24373f4-3ec2-11ec-bdda-00505681224b.pdf","d9bts29hd6mg00bmq1v0","1","OCR failed. Command: tesseract /tmp/diml/pngs/d9bts29hd6mg00bmq1v0/d9bts29hd6mg00bmq1v0.0001.png /tmp/diml/ocr_results/d9bts29hd6mg00bmq1v0/d9bts29hd6mg00bmq1v0.0001 --oem 1 -l eng --psm 1 . Error: Error in pixCreateHeader: requested w = 36429, h = 60000, d = 8 Error in pixCreateHeader: requested by","NULL","2026-07-16 19:30:39.370","NULL","NULL"
"5a90abed-6226-11ec-9cbc-00505681224b","s3://enverus-courthouse-prod-chd-plants/nm/eog_lea/5a90/5a90abed-6226-11ec-9cbc-00505681224b.pdf","d9bu1f1kf4s000f76mcg","1","OCR failed. Command: tesseract /tmp/diml/pngs/d9bu1f1kf4s000f76mcg/d9bu1f1kf4s000f76mcg.0001.png /tmp/diml/ocr_results/d9bu1f1kf4s000f76mcg/d9bu1f1kf4s000f76mcg.0001 --oem 1 -l eng --psm 1 . Error: Error in pixCreateHeader: requested w = 36429, h = 60000, d = 8 Error in pixCreateHeader: requested by","NULL","2026-07-16 19:30:39.370","NULL","NULL"
"c2445e48-3ec2-11ec-a901-00505681224b","s3://enverus-courthouse-prod-chd-plants/nm/lea/c244/c2445e48-3ec2-11ec-a901-00505681224b.pdf","d9bu43o30skg00d84rh0","1","OCR failed. Command: tesseract /tmp/diml/pngs/d9bu43o30skg00d84rh0/d9bu43o30skg00d84rh0.0001.png /tmp/diml/ocr_results/d9bu43o30skg00d84rh0/d9bu43o30skg00d84rh0.0001 --oem 1 -l eng --psm 1 . Error: Error in pixCreateHeader: requested w = 36429, h = 60000, d = 8 Error in pixCreateHeader: requested by","NULL","2026-07-16 19:30:39.370","NULL","NULL"
"be4426e2-a5b1-11ec-a0a1-00505681224b","s3://enverus-courthouse-prod-chd-plants/nm/lea/be44/be4426e2-a5b1-11ec-a0a1-00505681224b.pdf","d9bu9djs7m5g0089dgq0","1","OCR failed. Command: tesseract /tmp/diml/pngs/d9bu9djs7m5g0089dgq0/d9bu9djs7m5g0089dgq0.0001.png /tmp/diml/ocr_results/d9bu9djs7m5g0089dgq0/d9bu9djs7m5g0089dgq0.0001 --oem 1 -l eng --psm 1 . Error: Error in pixCreateHeader: requested w = 36429, h = 60000, d = 8 Error in pixCreateHeader: requested by","NULL","2026-07-16 19:30:39.370","NULL","NULL"
"b5e20a2b-d733-11ec-b4df-00505681224b","s3://enverus-courthouse-prod-chd-plants/nm/eog_lea/b5e2/b5e20a2b-d733-11ec-b4df-00505681224b.pdf","d9bu2qfr2ffg00e0fsig","1","OCR failed. Command: tesseract /tmp/diml/pngs/d9bu2qfr2ffg00e0fsig/d9bu2qfr2ffg00e0fsig.0001.png /tmp/diml/ocr_results/d9bu2qfr2ffg00e0fsig/d9bu2qfr2ffg00e0fsig.0001 --oem 1 -l eng --psm 1 . Error: Error in pixCreateHeader: requested w = 36429, h = 60000, d = 8 Error in pixCreateHeader: requested by","NULL","2026-07-16 19:30:39.370","NULL","NULL"
"8c644726-bc7b-11ec-abad-00505681224b","s3://enverus-courthouse-prod-chd-plants/nm/lea/8c64/8c644726-bc7b-11ec-abad-00505681224b.pdf","d9btqifak3500086sc3g","1","OCR failed. Command: tesseract /tmp/diml/pngs/d9btqifak3500086sc3g/d9btqifak3500086sc3g.0001.png /tmp/diml/ocr_results/d9btqifak3500086sc3g/d9btqifak3500086sc3g.0001 --oem 1 -l eng --psm 1 . Error: Error in pixCreateHeader: requested w = 36429, h = 60000, d = 8 Error in pixCreateHeader: requested by","NULL","2026-07-16 19:30:39.370","NULL","NULL"
"c840a69b-8bcb-11ec-a244-00505681224b","s3://enverus-courthouse-prod-chd-plants/nm/lea/c840/c840a69b-8bcb-11ec-a244-00505681224b.pdf","d9bu35vpfcq000ffuld0","1","OCR failed. Command: tesseract /tmp/diml/pngs/d9bu35vpfcq000ffuld0/d9bu35vpfcq000ffuld0.0001.png /tmp/diml/ocr_results/d9bu35vpfcq000ffuld0/d9bu35vpfcq000ffuld0.0001 --oem 1 -l eng --psm 1 . Error: Error in pixCreateHeader: requested w = 36429, h = 60000, d = 8 Error in pixCreateHeader: requested by","NULL","2026-07-16 19:23:19.620","NULL","NULL"
"8c642004-bc7b-11ec-b60c-00505681224b","s3://enverus-courthouse-prod-chd-plants/nm/lea/8c64/8c642004-bc7b-11ec-b60c-00505681224b.pdf","d9btubi2oub000e2c430","1","OCR failed. Command: tesseract /tmp/diml/pngs/d9btubi2oub000e2c430/d9btubi2oub000e2c430.0001.png /tmp/diml/ocr_results/d9btubi2oub000e2c430/d9btubi2oub000e2c430.0001 --oem 1 -l eng --psm 1 . Error: Error in pixCreateHeader: requested w = 36429, h = 60000, d = 8 Error in pixCreateHeader: requested by","NULL","2026-07-16 19:23:19.620","NULL","NULL"
"bfc74ea3-097f-11ed-a89f-00505681224b","s3://enverus-courthouse-prod-chd-plants/nm/lea/bfc7/bfc74ea3-097f-11ed-a89f-00505681224b.pdf","d9bumapd6jhg0084qhm0","1","OCR failed. Command: tesseract /tmp/diml/pngs/d9bumapd6jhg0084qhm0/d9bumapd6jhg0084qhm0.0002.png /tmp/diml/ocr_results/d9bumapd6jhg0084qhm0/d9bumapd6jhg0084qhm0.0002 --oem 1 -l eng --psm 1 . Error: Error in pixCreateHeader: requested w = 36429, h = 60000, d = 8 Error in pixCreateHeader: requested by","NULL","2026-07-16 19:23:19.620","NULL","NULL"
"8e8ca127-d3ea-11eb-964b-00505681224b","s3://enverus-courthouse-prod-chd-plants/nm/lea/8e8c/8e8ca127-d3ea-11eb-964b-00505681224b.pdf","d9bttivr2ffg00e08qkg","1","OCR failed. Command: tesseract /tmp/diml/pngs/d9bttivr2ffg00e08qkg/d9bttivr2ffg00e08qkg.0001.png /tmp/diml/ocr_results/d9bttivr2ffg00e08qkg/d9bttivr2ffg00e08qkg.0001 --oem 1 -l eng --psm 1 . Error: Error in pixCreateHeader: requested w = 36429, h = 60000, d = 8 Error in pixCreateHeader: requested by","NULL","2026-07-16 19:23:19.620","NULL","NULL"
"e7e099c8-097f-11ed-b8b7-00505681224b","s3://enverus-courthouse-prod-chd-plants/nm/lea/e7e0/e7e099c8-097f-11ed-b8b7-00505681224b.pdf","d9bu44jrgi8g00bg2o30","1","OCR failed. Command: tesseract /tmp/diml/pngs/d9bu44jrgi8g00bg2o30/d9bu44jrgi8g00bg2o30.0001.png /tmp/diml/ocr_results/d9bu44jrgi8g00bg2o30/d9bu44jrgi8g00bg2o30.0001 --oem 1 -l eng --psm 1 . Error: Error in pixCreateHeader: requested w = 36429, h = 60000, d = 8 Error in pixCreateHeader: requested by","NULL","2026-07-16 19:23:19.620","NULL","NULL"
"576b2be3-d733-11ec-9f01-00505681224b","s3://enverus-courthouse-prod-chd-plants/nm/lea/576b/576b2be3-d733-11ec-9f01-00505681224b.pdf","d9btc422oub000e1lib0","1","OCR failed. Command: tesseract /tmp/diml/pngs/d9btc422oub000e1lib0/d9btc422oub000e1lib0.0001.png /tmp/diml/ocr_results/d9btc422oub000e1lib0/d9btc422oub000e1lib0.0001 --oem 1 -l eng --psm 1 . Error: Error in pixCreateHeader: requested w = 36429, h = 60000, d = 8 Error in pixCreateHeader: requested by","NULL","2026-07-16 19:23:19.620","NULL","NULL"
"b5e1bc08-d733-11ec-a560-00505681224b","s3://enverus-courthouse-prod-chd-plants/nm/eog_lea/b5e1/b5e1bc08-d733-11ec-a560-00505681224b.pdf","d9btj0nr2ffg00dvqs30","1","OCR failed. Command: tesseract /tmp/diml/pngs/d9btj0nr2ffg00dvqs30/d9btj0nr2ffg00dvqs30.0001.png /tmp/diml/ocr_results/d9btj0nr2ffg00dvqs30/d9btj0nr2ffg00dvqs30.0001 --oem 1 -l eng --psm 1 . Error: Error in pixCreateHeader: requested w = 36429, h = 60000, d = 8 Error in pixCreateHeader: requested by","NULL","2026-07-16 19:23:19.620","NULL","NULL"
"1b5f4dbb-d733-11ec-b1f8-00505681224b","s3://enverus-courthouse-prod-chd-plants/nm/lea/1b5f/1b5f4dbb-d733-11ec-b1f8-00505681224b.pdf","d9bub7nak3500087jtrg","1","OCR failed. Command: tesseract /tmp/diml/pngs/d9bub7nak3500087jtrg/d9bub7nak3500087jtrg.0001.png /tmp/diml/ocr_results/d9bub7nak3500087jtrg/d9bub7nak3500087jtrg.0001 --oem 1 -l eng --psm 1 . Error: Error in pixCreateHeader: requested w = 36429, h = 60000, d = 8 Error in pixCreateHeader: requested by","NULL","2026-07-16 19:23:19.620","NULL","NULL"
"30d407cd-ec4c-11eb-a21d-00505681224b","s3://enverus-courthouse-prod-chd-plants/nm/eog_lea/30d4/30d407cd-ec4c-11eb-a21d-00505681224b.pdf","d9bub8sflnl000dkp9sg","1","OCR failed. Command: tesseract /tmp/diml/pngs/d9bub8sflnl000dkp9sg/d9bub8sflnl000dkp9sg.0001.png /tmp/diml/ocr_results/d9bub8sflnl000dkp9sg/d9bub8sflnl000dkp9sg.0001 --oem 1 -l eng --psm 1 . Error: Error in pixCreateHeader: requested w = 36429, h = 60000, d = 8 Error in pixCreateHeader: requested by","NULL","2026-07-16 19:23:19.620","NULL","NULL"
"bc089e72-42b7-11ec-8cb7-00505681224b","s3://enverus-courthouse-prod-chd-plants/nm/eog_lea/bc08/bc089e72-42b7-11ec-8cb7-00505681224b.pdf","d9buh1vak3500087shgg","1","OCR failed. Command: tesseract /tmp/diml/pngs/d9buh1vak3500087shgg/d9buh1vak3500087shgg.0006.png /tmp/diml/ocr_results/d9buh1vak3500087shgg/d9buh1vak3500087shgg.0006 --oem 1 -l eng --psm 1 . Error: Error in pixCreateHeader: requested w = 36429, h = 60000, d = 8 Error in pixCreateHeader: requested by","NULL","2026-07-16 19:23:19.620","NULL","NULL"
"0656b36c-d733-11ec-b8bb-00505681224b","s3://enverus-courthouse-prod-chd-plants/nm/lea/0656/0656b36c-d733-11ec-b8bb-00505681224b.pdf","d9bupvhkf4s000f8bg3g","1","OCR failed. Command: tesseract /tmp/diml/pngs/d9bupvhkf4s000f8bg3g/d9bupvhkf4s000f8bg3g.0003.png /tmp/diml/ocr_results/d9bupvhkf4s000f8bg3g/d9bupvhkf4s000f8bg3g.0003 --oem 1 -l eng --psm 1 . Error: Error in pixCreateHeader: requested w = 36429, h = 60000, d = 8 Error in pixCreateHeader: requested by","NULL","2026-07-16 19:23:19.620","NULL","NULL"
"f4ddc9f2-405b-11ec-872e-00505681224b","s3://enverus-courthouse-prod-chd-plants/nm/eog_lea/f4dd/f4ddc9f2-405b-11ec-872e-00505681224b.pdf","d9bu7g31f5dg00bee4fg","1","OCR failed. Command: tesseract /tmp/diml/pngs/d9bu7g31f5dg00bee4fg/d9bu7g31f5dg00bee4fg.0001.png /tmp/diml/ocr_results/d9bu7g31f5dg00bee4fg/d9bu7g31f5dg00bee4fg.0001 --oem 1 -l eng --psm 1 . Error: Error in pixCreateHeader: requested w = 36429, h = 60000, d = 8 Error in pixCreateHeader: requested by","NULL","2026-07-16 19:23:19.620","NULL","NULL"
"8c642015-bc7b-11ec-87f7-00505681224b","s3://enverus-courthouse-prod-chd-plants/nm/lea/8c64/8c642015-bc7b-11ec-87f7-00505681224b.pdf","d9bso2chn77000f98m9g","1","OCR failed. Command: tesseract /tmp/diml/pngs/d9bso2chn77000f98m9g/d9bso2chn77000f98m9g.0014.png /tmp/diml/ocr_results/d9bso2chn77000f98m9g/d9bso2chn77000f98m9g.0014 --oem 1 -l eng --psm 1 . Error: Error in pixCreateHeader: requested w = 36429, h = 60000, d = 8 Error in pixCreateHeader: requested by","NULL","2026-07-16 19:23:19.620","NULL","NULL"
"17db7b6e-f80d-11eb-9b15-00505681224b","s3://enverus-courthouse-prod-chd-plants/nm/eog_lea/17db/17db7b6e-f80d-11eb-9b15-00505681224b.pdf","d9bu83830skg00d8a8b0","1","OCR failed. Command: tesseract /tmp/diml/pngs/d9bu83830skg00d8a8b0/d9bu83830skg00d8a8b0.0001.png /tmp/diml/ocr_results/d9bu83830skg00d8a8b0/d9bu83830skg00d8a8b0.0001 --oem 1 -l eng --psm 1 . Error: Error in pixCreateHeader: requested w = 36429, h = 60000, d = 8 Error in pixCreateHeader: requested by","NULL","2026-07-16 19:23:19.620","NULL","NULL"
"1b5dee05-d733-11ec-a8f1-00505681224b","s3://enverus-courthouse-prod-chd-plants/nm/lea/1b5d/1b5dee05-d733-11ec-a8f1-00505681224b.pdf","d9bu8deicpjg00dcoak0","1","OCR failed. Command: tesseract /tmp/diml/pngs/d9bu8deicpjg00dcoak0/d9bu8deicpjg00dcoak0.0001.png /tmp/diml/ocr_results/d9bu8deicpjg00dcoak0/d9bu8deicpjg00dcoak0.0001 --oem 1 -l eng --psm 1 . Error: Error in pixCreateHeader: requested w = 36429, h = 60000, d = 8 Error in pixCreateHeader: requested by","NULL","2026-07-16 19:23:19.620","NULL","NULL"
"cb6ba554-a5b1-11ec-a56a-00505681224b","s3://enverus-courthouse-prod-chd-plants/nm/lea/cb6b/cb6ba554-a5b1-11ec-a56a-00505681224b.pdf","d9buckjrgi8g00bgffm0","1","OCR failed. Command: tesseract /tmp/diml/pngs/d9buckjrgi8g00bgffm0/d9buckjrgi8g00bgffm0.0001.png /tmp/diml/ocr_results/d9buckjrgi8g00bgffm0/d9buckjrgi8g00bgffm0.0001 --oem 1 -l eng --psm 1 . Error: Error in pixCreateHeader: requested w = 36429, h = 60000, d = 8 Error in pixCreateHeader: requested by","NULL","2026-07-16 19:23:19.620","NULL","NULL"
"42a84b9e-0980-11ed-8e67-00505681224b","s3://enverus-courthouse-prod-chd-plants/nm/lea/42a8/42a84b9e-0980-11ed-8e67-00505681224b.pdf","d9btevjte9l000f7nf90","1","OCR failed. Command: tesseract /tmp/diml/pngs/d9btevjte9l000f7nf90/d9btevjte9l000f7nf90.0001.png /tmp/diml/ocr_results/d9btevjte9l000f7nf90/d9btevjte9l000f7nf90.0001 --oem 1 -l eng --psm 1 . Error: Error in pixCreateHeader: requested w = 36429, h = 60000, d = 8 Error in pixCreateHeader: requested by","NULL","2026-07-16 19:23:19.620","NULL","NULL"
"dbe31f5c-d43c-4d3c-8cd3-b260fcaadd5d","s3://enverus-courthouse-prod-chd-plants/tx/grimes/dbe3/dbe31f5c-d43c-4d3c-8cd3-b260fcaadd5d.pdf","bdtq0m9mk447qc3fglf0","1","Could not read pdf file /tmp/diml/dbe31f5c-d43c-4d3c-8cd3-b260fcaadd5d.pdf, last try failure: list index out of range","NULL","2026-07-16 19:23:19.620","NULL","NULL"
"5a90d2d6-6226-11ec-95b9-00505681224b","s3://enverus-courthouse-prod-chd-plants/nm/eog_lea/5a90/5a90d2d6-6226-11ec-95b9-00505681224b.pdf","d9buabg30skg00d8dpk0","1","OCR failed. Command: tesseract /tmp/diml/pngs/d9buabg30skg00d8dpk0/d9buabg30skg00d8dpk0.0004.png /tmp/diml/ocr_results/d9buabg30skg00d8dpk0/d9buabg30skg00d8dpk0.0004 --oem 1 -l eng --psm 1 . Error: Error in pixCreateHeader: requested w = 36429, h = 60000, d = 8 Error in pixCreateHeader: requested by","NULL","2026-07-16 19:17:13.597","NULL","NULL"
"42a824b1-0980-11ed-8bf8-00505681224b","s3://enverus-courthouse-prod-chd-plants/nm/lea/42a8/42a824b1-0980-11ed-8bf8-00505681224b.pdf","d9bt3j859fgg00e1cal0","1","OCR failed. Command: tesseract /tmp/diml/pngs/d9bt3j859fgg00e1cal0/d9bt3j859fgg00e1cal0.0003.png /tmp/diml/ocr_results/d9bt3j859fgg00e1cal0/d9bt3j859fgg00e1cal0.0003 --oem 1 -l eng --psm 1 . Error: Error in pixCreateHeader: requested w = 36429, h = 60000, d = 8 Error in pixCreateHeader: requested by","NULL","2026-07-16 19:17:13.597","NULL","NULL"
"e187364f-bc7b-11ec-be08-00505681224b","s3://enverus-courthouse-prod-chd-plants/nm/eog_lea/e187/e187364f-bc7b-11ec-be08-00505681224b.pdf","d9btt9rs7m5g0088s12g","1","OCR failed. Command: tesseract /tmp/diml/pngs/d9btt9rs7m5g0088s12g/d9btt9rs7m5g0088s12g.0001.png /tmp/diml/ocr_results/d9btt9rs7m5g0088s12g/d9btt9rs7m5g0088s12g.0001 --oem 1 -l eng --psm 1 . Error: Error in pixCreateHeader: requested w = 36429, h = 60000, d = 8 Error in pixCreateHeader: requested by","NULL","2026-07-16 19:17:13.597","NULL","NULL"
"785ce92a-c5bd-11eb-9e22-00505681224b","s3://enverus-courthouse-prod-chd-plants/nm/eog_lea/785c/785ce92a-c5bd-11eb-9e22-00505681224b.pdf","d9bsnhnr2ffg00duspbg","1","OCR failed. Command: tesseract /tmp/diml/pngs/d9bsnhnr2ffg00duspbg/d9bsnhnr2ffg00duspbg.0003.png /tmp/diml/ocr_results/d9bsnhnr2ffg00duspbg/d9bsnhnr2ffg00duspbg.0003 --oem 1 -l eng --psm 1 . Error: Error in pixCreateHeader: requested w = 36429, h = 60000, d = 8 Error in pixCreateHeader: requested by","NULL","2026-07-16 19:17:13.597","NULL","NULL"
"aec47858-a5b1-11ec-bd8d-00505681224b","s3://enverus-courthouse-prod-chd-plants/nm/lea/aec4/aec47858-a5b1-11ec-bd8d-00505681224b.pdf","d9bukju89gsg00fhhv1g","1","OCR failed. Command: tesseract /tmp/diml/pngs/d9bukju89gsg00fhhv1g/d9bukju89gsg00fhhv1g.0001.png /tmp/diml/ocr_results/d9bukju89gsg00fhhv1g/d9bukju89gsg00fhhv1g.0001 --oem 1 -l eng --psm 1 . Error: Error in pixCreateHeader: requested w = 36429, h = 60000, d = 8 Error in pixCreateHeader: requested by","NULL","2026-07-16 19:17:13.597","NULL","NULL"
"576b2bdd-d733-11ec-8c96-00505681224b","s3://enverus-courthouse-prod-chd-plants/nm/lea/576b/576b2bdd-d733-11ec-8c96-00505681224b.pdf","d9btkd7ak3500086kn9g","1","OCR failed. Command: tesseract /tmp/diml/pngs/d9btkd7ak3500086kn9g/d9btkd7ak3500086kn9g.0001.png /tmp/diml/ocr_results/d9btkd7ak3500086kn9g/d9btkd7ak3500086kn9g.0001 --oem 1 -l eng --psm 1 . Error: Error in pixCreateHeader: requested w = 36429, h = 60000, d = 8 Error in pixCreateHeader: requested by","NULL","2026-07-16 19:17:13.597","NULL","NULL"
"f5a11a03-405b-11ec-a94e-00505681224b","s3://enverus-courthouse-prod-chd-plants/nm/eog_lea/f5a1/f5a11a03-405b-11ec-a94e-00505681224b.pdf","d9bua71b0h1g00d1bdpg","1","OCR failed. Command: tesseract /tmp/diml/pngs/d9bua71b0h1g00d1bdpg/d9bua71b0h1g00d1bdpg.0001.png /tmp/diml/ocr_results/d9bua71b0h1g00d1bdpg/d9bua71b0h1g00d1bdpg.0001 --oem 1 -l eng --psm 1 . Error: Error in pixCreateHeader: requested w = 36429, h = 60000, d = 8 Error in pixCreateHeader: requested by","NULL","2026-07-16 19:17:13.597","NULL","NULL"
"1b5e1527-d733-11ec-b180-00505681224b","s3://enverus-courthouse-prod-chd-plants/nm/lea/1b5e/1b5e1527-d733-11ec-b180-00505681224b.pdf","d9bu9pi2oub000e2t9kg","1","OCR failed. Command: tesseract /tmp/diml/pngs/d9bu9pi2oub000e2t9kg/d9bu9pi2oub000e2t9kg.0001.png /tmp/diml/ocr_results/d9bu9pi2oub000e2t9kg/d9bu9pi2oub000e2t9kg.0001 --oem 1 -l eng --psm 1 . Error: Error in pixCreateHeader: requested w = 36429, h = 60000, d = 8 Error in pixCreateHeader: requested by","NULL","2026-07-16 19:17:13.597","NULL","NULL"
"aec49f86-a5b1-11ec-8bc4-00505681224b","s3://enverus-courthouse-prod-chd-plants/nm/lea/aec4/aec49f86-a5b1-11ec-8bc4-00505681224b.pdf","d9bugvcflnl000dl1l10","1","OCR failed. Command: tesseract /tmp/diml/pngs/d9bugvcflnl000dl1l10/d9bugvcflnl000dl1l10.0001.png /tmp/diml/ocr_results/d9bugvcflnl000dl1l10/d9bugvcflnl000dl1l10.0001 --oem 1 -l eng --psm 1 . Error: Error in pixCreateHeader: requested w = 36429, h = 60000, d = 8 Error in pixCreateHeader: requested by","NULL","2026-07-16 19:17:13.597","NULL","NULL"
"576b2bba-d733-11ec-974e-00505681224b","s3://enverus-courthouse-prod-chd-plants/nm/lea/576b/576b2bba-d733-11ec-974e-00505681224b.pdf","d9bulagisvug00funem0","1","OCR failed. Command: tesseract /tmp/diml/pngs/d9bulagisvug00funem0/d9bulagisvug00funem0.0001.png /tmp/diml/ocr_results/d9bulagisvug00funem0/d9bulagisvug00funem0.0001 --oem 1 -l eng --psm 1 . Error: Error in pixCreateHeader: requested w = 36429, h = 60000, d = 8 Error in pixCreateHeader: requested by","NULL","2026-07-16 19:17:13.597","NULL","NULL"
"a9d5194d-7d7a-11eb-b9d5-00505681224b","s3://enverus-courthouse-prod-chd-plants/nm/lea/a9d5/a9d5194d-7d7a-11eb-b9d5-00505681224b.pdf","d9bu3n4flnl000dke1s0","1","OCR failed. Command: tesseract /tmp/diml/pngs/d9bu3n4flnl000dke1s0/d9bu3n4flnl000dke1s0.0001.png /tmp/diml/ocr_results/d9bu3n4flnl000dke1s0/d9bu3n4flnl000dke1s0.0001 --oem 1 -l eng --psm 1 . Error: Error in pixCreateHeader: requested w = 36429, h = 60000, d = 8 Error in pixCreateHeader: requested by","NULL","2026-07-16 19:17:13.597","NULL","NULL"
"67e6ba6c-097f-11ed-970e-00505681224b","s3://enverus-courthouse-prod-chd-plants/nm/lea/67e6/67e6ba6c-097f-11ed-970e-00505681224b.pdf","d9btpdjdelo000duckgg","1","OCR failed. Command: tesseract /tmp/diml/pngs/d9btpdjdelo000duckgg/d9btpdjdelo000duckgg.0002.png /tmp/diml/ocr_results/d9btpdjdelo000duckgg/d9btpdjdelo000duckgg.0002 --oem 1 -l eng --psm 1 . Error: Error in pixCreateHeader: requested w = 36429, h = 60000, d = 8 Error in pixCreateHeader: requested by","NULL","2026-07-16 19:17:13.597","NULL","NULL"
"f59fe171-405b-11ec-bbfd-00505681224b","s3://enverus-courthouse-prod-chd-plants/nm/eog_lea/f59f/f59fe171-405b-11ec-bbfd-00505681224b.pdf","d9bu3sjk4o900089e6vg","1","OCR failed. Command: tesseract /tmp/diml/pngs/d9bu3sjk4o900089e6vg/d9bu3sjk4o900089e6vg.0001.png /tmp/diml/ocr_results/d9bu3sjk4o900089e6vg/d9bu3sjk4o900089e6vg.0001 --oem 1 -l eng --psm 1 . Error: Error in pixCreateHeader: requested w = 36429, h = 60000, d = 8 Error in pixCreateHeader: requested by","NULL","2026-07-16 19:17:13.597","NULL","NULL"
"b5e1bbf9-d733-11ec-aeed-00505681224b","s3://enverus-courthouse-prod-chd-plants/nm/eog_lea/b5e1/b5e1bbf9-d733-11ec-aeed-00505681224b.pdf","d9buq3o59fgg00e3m580","1","OCR failed. Command: tesseract /tmp/diml/pngs/d9buq3o59fgg00e3m580/d9buq3o59fgg00e3m580.0001.png /tmp/diml/ocr_results/d9buq3o59fgg00e3m580/d9buq3o59fgg00e3m580.0001 --oem 1 -l eng --psm 1 . Error: Error in pixCreateHeader: requested w = 36429, h = 60000, d = 8 Error in pixCreateHeader: requested by","NULL","2026-07-16 19:17:13.597","NULL","NULL"
"f4dda2f4-405b-11ec-b12f-00505681224b","s3://enverus-courthouse-prod-chd-plants/nm/eog_lea/f4dd/f4dda2f4-405b-11ec-b12f-00505681224b.pdf","d9bu33030skg00d83dt0","1","OCR failed. Command: tesseract /tmp/diml/pngs/d9bu33030skg00d83dt0/d9bu33030skg00d83dt0.0001.png /tmp/diml/ocr_results/d9bu33030skg00d83dt0/d9bu33030skg00d83dt0.0001 --oem 1 -l eng --psm 1 . Error: Error in pixCreateHeader: requested w = 36429, h = 60000, d = 8 Error in pixCreateHeader: requested by","NULL","2026-07-16 19:17:13.597","NULL","NULL"
"e7e183ea-097f-11ed-ab38-00505681224b","s3://enverus-courthouse-prod-chd-plants/nm/lea/e7e1/e7e183ea-097f-11ed-ab38-00505681224b.pdf","d9btpm5lksng008eldrg","1","OCR failed. Command: tesseract /tmp/diml/pngs/d9btpm5lksng008eldrg/d9btpm5lksng008eldrg.0001.png /tmp/diml/ocr_results/d9btpm5lksng008eldrg/d9btpm5lksng008eldrg.0001 --oem 1 -l eng --psm 1 . Error: Error in pixCreateHeader: requested w = 36429, h = 60000, d = 8 Error in pixCreateHeader: requested by","NULL","2026-07-16 19:17:13.597","NULL","NULL"
"447a8211-097f-11ed-80aa-00505681224b","s3://enverus-courthouse-prod-chd-plants/nm/lea/447a/447a8211-097f-11ed-80aa-00505681224b.pdf","d9buokp9ha2000c804v0","1","OCR failed. Command: tesseract /tmp/diml/pngs/d9buokp9ha2000c804v0/d9buokp9ha2000c804v0.0002.png /tmp/diml/ocr_results/d9buokp9ha2000c804v0/d9buokp9ha2000c804v0.0002 --oem 1 -l eng --psm 1 . Error: Error in pixCreateHeader: requested w = 36429, h = 60000, d = 8 Error in pixCreateHeader: requested by","NULL","2026-07-16 19:17:13.597","NULL","NULL"
"aec4785b-a5b1-11ec-8ae6-00505681224b","s3://enverus-courthouse-prod-chd-plants/nm/lea/aec4/aec4785b-a5b1-11ec-8ae6-00505681224b.pdf","d9bt2dnak35000860h40","1","OCR failed. Command: tesseract /tmp/diml/pngs/d9bt2dnak35000860h40/d9bt2dnak35000860h40.0001.png /tmp/diml/ocr_results/d9bt2dnak35000860h40/d9bt2dnak35000860h40.0001 --oem 1 -l eng --psm 1 . Error: Error in pixCreateHeader: requested w = 36429, h = 60000, d = 8 Error in pixCreateHeader: requested by","NULL","2026-07-16 19:17:13.597","NULL","NULL"
"576b04d1-d733-11ec-bbae-00505681224b","s3://enverus-courthouse-prod-chd-plants/nm/lea/576b/576b04d1-d733-11ec-bbae-00505681224b.pdf","d9bur2fpfcq000fh22t0","1","OCR failed. Command: tesseract /tmp/diml/pngs/d9bur2fpfcq000fh22t0/d9bur2fpfcq000fh22t0.0001.png /tmp/diml/ocr_results/d9bur2fpfcq000fh22t0/d9bur2fpfcq000fh22t0.0001 --oem 1 -l eng --psm 1 . Error: Error in pixCreateHeader: requested w = 36429, h = 60000, d = 8 Error in pixCreateHeader: requested by","NULL","2026-07-16 19:17:13.597","NULL","NULL"
"aec47859-a5b1-11ec-bef8-00505681224b","s3://enverus-courthouse-prod-chd-plants/nm/lea/aec4/aec47859-a5b1-11ec-bef8-00505681224b.pdf","d9buco0isvug00fub540","1","OCR failed. Command: tesseract /tmp/diml/pngs/d9buco0isvug00fub540/d9buco0isvug00fub540.0001.png /tmp/diml/ocr_results/d9buco0isvug00fub540/d9buco0isvug00fub540.0001 --oem 1 -l eng --psm 1 . Error: Error in pixCreateHeader: requested w = 36429, h = 60000, d = 8 Error in pixCreateHeader: requested by","NULL","2026-07-16 19:17:13.597","NULL","NULL"
"bc0961a9-42b7-11ec-8ec1-00505681224b","s3://enverus-courthouse-prod-chd-plants/nm/eog_lea/bc09/bc0961a9-42b7-11ec-8ec1-00505681224b.pdf","d9bt3dbs7m5g0087sh0g","1","OCR failed. Command: tesseract /tmp/diml/pngs/d9bt3dbs7m5g0087sh0g/d9bt3dbs7m5g0087sh0g.0003.png /tmp/diml/ocr_results/d9bt3dbs7m5g0087sh0g/d9bt3dbs7m5g0087sh0g.0003 --oem 1 -l eng --psm 1 . Error: Error in pixCreateHeader: requested w = 36429, h = 60000, d = 8 Error in pixCreateHeader: requested by","NULL","2026-07-16 19:17:13.597","NULL","NULL"
"c83eaac8-8bcb-11ec-b4cc-00505681224b","s3://enverus-courthouse-prod-chd-plants/nm/lea/c83e/c83eaac8-8bcb-11ec-b4cc-00505681224b.pdf","d9btqufpfdig00fb7cd0","1","OCR failed. Command: tesseract /tmp/diml/pngs/d9btqufpfdig00fb7cd0/d9btqufpfdig00fb7cd0.0001.png /tmp/diml/ocr_results/d9btqufpfdig00fb7cd0/d9btqufpfdig00fb7cd0.0001 --oem 1 -l eng --psm 1 . Error: Error in pixCreateHeader: requested w = 36429, h = 60000, d = 8 Error in pixCreateHeader: requested by","NULL","2026-07-16 19:09:39.033","NULL","NULL"
"aec47851-a5b1-11ec-8c2f-00505681224b","s3://enverus-courthouse-prod-chd-plants/nm/lea/aec4/aec47851-a5b1-11ec-8c2f-00505681224b.pdf","d9btf3jdd4a000d4rcg0","1","OCR failed. Command: tesseract /tmp/diml/pngs/d9btf3jdd4a000d4rcg0/d9btf3jdd4a000d4rcg0.0001.png /tmp/diml/ocr_results/d9btf3jdd4a000d4rcg0/d9btf3jdd4a000d4rcg0.0001 --oem 1 -l eng --psm 1 . Error: Error in pixCreateHeader: requested w = 36429, h = 60000, d = 8 Error in pixCreateHeader: requested by","NULL","2026-07-16 19:09:39.033","NULL","NULL"
"67e66c3b-097f-11ed-abc7-00505681224b","s3://enverus-courthouse-prod-chd-plants/nm/lea/67e6/67e66c3b-097f-11ed-abc7-00505681224b.pdf","d9bunt1hd6mg00bo2me0","1","OCR failed. Command: tesseract /tmp/diml/pngs/d9bunt1hd6mg00bo2me0/d9bunt1hd6mg00bo2me0.0007.png /tmp/diml/ocr_results/d9bunt1hd6mg00bo2me0/d9bunt1hd6mg00bo2me0.0007 --oem 1 -l eng --psm 1 . Error: Error in pixCreateHeader: requested w = 36429, h = 60000, d = 8 Error in pixCreateHeader: requested by","NULL","2026-07-16 19:09:39.033","NULL","NULL"
"1b5eb14e-d733-11ec-bd1a-00505681224b","s3://enverus-courthouse-prod-chd-plants/nm/lea/1b5e/1b5eb14e-d733-11ec-bd1a-00505681224b.pdf","d9bubpjdelo000dv73u0","1","OCR failed. Command: tesseract /tmp/diml/pngs/d9bubpjdelo000dv73u0/d9bubpjdelo000dv73u0.0001.png /tmp/diml/ocr_results/d9bubpjdelo000dv73u0/d9bubpjdelo000dv73u0.0001 --oem 1 -l eng --psm 1 . Error: Error in pixCreateHeader: requested w = 36429, h = 60000, d = 8 Error in pixCreateHeader: requested by","NULL","2026-07-16 19:09:39.033","NULL","NULL"
"f4df50aa-405b-11ec-94cf-00505681224b","s3://enverus-courthouse-prod-chd-plants/nm/eog_lea/f4df/f4df50aa-405b-11ec-94cf-00505681224b.pdf","d9buq141kr4g008fig40","1","OCR failed. Command: tesseract /tmp/diml/pngs/d9buq141kr4g008fig40/d9buq141kr4g008fig40.0007.png /tmp/diml/ocr_results/d9buq141kr4g008fig40/d9buq141kr4g008fig40.0007 --oem 1 -l eng --psm 1 . Error: Error in pixCreateHeader: requested w = 36429, h = 60000, d = 8 Error in pixCreateHeader: requested by","NULL","2026-07-16 19:09:39.033","NULL","NULL"
"5a928088-6226-11ec-bb3e-00505681224b","s3://enverus-courthouse-prod-chd-plants/nm/eog_lea/5a92/5a928088-6226-11ec-bb3e-00505681224b.pdf","d9btp8fpfdig00fb4li0","1","OCR failed. Command: tesseract /tmp/diml/pngs/d9btp8fpfdig00fb4li0/d9btp8fpfdig00fb4li0.0001.png /tmp/diml/ocr_results/d9btp8fpfdig00fb4li0/d9btp8fpfdig00fb4li0.0001 --oem 1 -l eng --psm 1 . Error: Error in pixCreateHeader: requested w = 36429, h = 60000, d = 8 Error in pixCreateHeader: requested by","NULL","2026-07-16 19:09:39.033","NULL","NULL"
"0655f03c-d733-11ec-8592-00505681224b","s3://enverus-courthouse-prod-chd-plants/nm/lea/0655/0655f03c-d733-11ec-8592-00505681224b.pdf","d9bupiuicpjg00ddhg90","1","OCR failed. Command: tesseract /tmp/diml/pngs/d9bupiuicpjg00ddhg90/d9bupiuicpjg00ddhg90.0001.png /tmp/diml/ocr_results/d9bupiuicpjg00ddhg90/d9bupiuicpjg00ddhg90.0001 --oem 1 -l eng --psm 1 . Error: Error in pixCreateHeader: requested w = 36429, h = 60000, d = 8 Error in pixCreateHeader: requested by","NULL","2026-07-16 19:04:00.823","NULL","NULL"
"f59f1e29-405b-11ec-abbe-00505681224b","s3://enverus-courthouse-prod-chd-plants/nm/eog_lea/f59f/f59f1e29-405b-11ec-abbe-00505681224b.pdf","d9btr195jqeg00e78m30","1","OCR failed. Command: tesseract /tmp/diml/pngs/d9btr195jqeg00e78m30/d9btr195jqeg00e78m30.0001.png /tmp/diml/ocr_results/d9btr195jqeg00e78m30/d9btr195jqeg00e78m30.0001 --oem 1 -l eng --psm 1 . Error: Error in pixCreateHeader: requested w = 36429, h = 60000, d = 8 Error in pixCreateHeader: requested by","NULL","2026-07-16 19:04:00.823","NULL","NULL"
"4cd9507f-8bcc-11ec-b0cc-00505681224b","s3://enverus-courthouse-prod-chd-plants/nm/eog_lea/4cd9/4cd9507f-8bcc-11ec-b0cc-00505681224b.pdf","d9buqukhn77000fbul4g","1","OCR failed. Command: tesseract /tmp/diml/pngs/d9buqukhn77000fbul4g/d9buqukhn77000fbul4g.0010.png /tmp/diml/ocr_results/d9buqukhn77000fbul4g/d9buqukhn77000fbul4g.0010 --oem 1 -l eng --psm 1 . Error: Error in pixCreateHeader: requested w = 36429, h = 60000, d = 8 Error in pixCreateHeader: requested by","NULL","2026-07-16 19:04:00.823","NULL","NULL"
"5a92809d-6226-11ec-b2a5-00505681224b","s3://enverus-courthouse-prod-chd-plants/nm/eog_lea/5a92/5a92809d-6226-11ec-b2a5-00505681224b.pdf","d9bu8915jqeg00e7qsv0","1","OCR failed. Command: tesseract /tmp/diml/pngs/d9bu8915jqeg00e7qsv0/d9bu8915jqeg00e7qsv0.0001.png /tmp/diml/ocr_results/d9bu8915jqeg00e7qsv0/d9bu8915jqeg00e7qsv0.0001 --oem 1 -l eng --psm 1 . Error: Error in pixCreateHeader: requested w = 36429, h = 60000, d = 8 Error in pixCreateHeader: requested by","NULL","2026-07-16 19:04:00.823","NULL","NULL"
"1b359138-3df8-11ec-ae30-00505681224b","s3://enverus-courthouse-prod-chd-plants/nm/lea/1b35/1b359138-3df8-11ec-ae30-00505681224b.pdf","d9btheeicpjg00dbp3e0","1","OCR failed. Command: tesseract /tmp/diml/pngs/d9btheeicpjg00dbp3e0/d9btheeicpjg00dbp3e0.0001.png /tmp/diml/ocr_results/d9btheeicpjg00dbp3e0/d9btheeicpjg00dbp3e0.0001 --oem 1 -l eng --psm 1 . Error: Error in pixCreateHeader: requested w = 36429, h = 60000, d = 8 Error in pixCreateHeader: requested by","NULL","2026-07-16 19:04:00.823","NULL","NULL"
"447a820c-097f-11ed-878a-00505681224b","s3://enverus-courthouse-prod-chd-plants/nm/lea/447a/447a820c-097f-11ed-878a-00505681224b.pdf","d9buptrdelo000dvrro0","1","OCR failed. Command: tesseract /tmp/diml/pngs/d9buptrdelo000dvrro0/d9buptrdelo000dvrro0.0003.png /tmp/diml/ocr_results/d9buptrdelo000dvrro0/d9buptrdelo000dvrro0.0003 --oem 1 -l eng --psm 1 . Error: Error in pixCreateHeader: requested w = 36429, h = 60000, d = 8 Error in pixCreateHeader: requested by","NULL","2026-07-16 19:04:00.823","NULL","NULL"
"bfc68b54-097f-11ed-ab88-00505681224b","s3://enverus-courthouse-prod-chd-plants/nm/lea/bfc6/bfc68b54-097f-11ed-ab88-00505681224b.pdf","d9buch4hn77000fb96eg","1","OCR failed. Command: tesseract /tmp/diml/pngs/d9buch4hn77000fb96eg/d9buch4hn77000fb96eg.0002.png /tmp/diml/ocr_results/d9buch4hn77000fb96eg/d9buch4hn77000fb96eg.0002 --oem 1 -l eng --psm 1 . Error: Error in pixCreateHeader: requested w = 36429, h = 60000, d = 8 Error in pixCreateHeader: requested by","NULL","2026-07-16 19:04:00.823","NULL","NULL"
"67b812f7-3f8a-11ec-b82d-00505681224b","s3://enverus-courthouse-prod-chd-plants/nm/eog_lea/67b8/67b812f7-3f8a-11ec-b82d-00505681224b.pdf","d9budjjdd4a000d64900","1","OCR failed. Command: tesseract /tmp/diml/pngs/d9budjjdd4a000d64900/d9budjjdd4a000d64900.0001.png /tmp/diml/ocr_results/d9budjjdd4a000d64900/d9budjjdd4a000d64900.0001 --oem 1 -l eng --psm 1 . Error: Error in pixCreateHeader: requested w = 36429, h = 60000, d = 8 Error in pixCreateHeader: requested by","NULL","2026-07-16 19:04:00.823","NULL","NULL"
"f5a11a02-405b-11ec-9848-00505681224b","s3://enverus-courthouse-prod-chd-plants/nm/eog_lea/f5a1/f5a11a02-405b-11ec-9848-00505681224b.pdf","d9btl9s1kr4g008dtg5g","1","OCR failed. Command: tesseract /tmp/diml/pngs/d9btl9s1kr4g008dtg5g/d9btl9s1kr4g008dtg5g.0001.png /tmp/diml/ocr_results/d9btl9s1kr4g008dtg5g/d9btl9s1kr4g008dtg5g.0001 --oem 1 -l eng --psm 1 . Error: Error in pixCreateHeader: requested w = 36429, h = 60000, d = 8 Error in pixCreateHeader: requested by","NULL","2026-07-16 19:04:00.823","NULL","NULL"
"0655c908-d733-11ec-aa7d-00505681224b","s3://enverus-courthouse-prod-chd-plants/nm/lea/0655/0655c908-d733-11ec-aa7d-00505681224b.pdf","d9btmrjdelo000du9c20","1","OCR failed. Command: tesseract /tmp/diml/pngs/d9btmrjdelo000du9c20/d9btmrjdelo000du9c20.0002.png /tmp/diml/ocr_results/d9btmrjdelo000du9c20/d9btmrjdelo000du9c20.0002 --oem 1 -l eng --psm 1 . Error: Error in pixCreateHeader: requested w = 36429, h = 60000, d = 8 Error in pixCreateHeader: requested by","NULL","2026-07-16 19:04:00.823","NULL","NULL"
"a1368dac-bc7b-11ec-92c6-00505681224b","s3://enverus-courthouse-prod-chd-plants/nm/lea/a136/a1368dac-bc7b-11ec-92c6-00505681224b.pdf","d9bti0k1kr4g008dq4ug","1","OCR failed. Command: tesseract /tmp/diml/pngs/d9bti0k1kr4g008dq4ug/d9bti0k1kr4g008dq4ug.0001.png /tmp/diml/ocr_results/d9bti0k1kr4g008dq4ug/d9bti0k1kr4g008dq4ug.0001 --oem 1 -l eng --psm 1 . Error: Error in pixCreateHeader: requested w = 36429, h = 60000, d = 8 Error in pixCreateHeader: requested by","NULL","2026-07-16 19:04:00.823","NULL","NULL"
"d32cae6b-bc7b-11ec-9f21-00505681224b","s3://enverus-courthouse-prod-chd-plants/nm/eog_lea/d32c/d32cae6b-bc7b-11ec-9f21-00505681224b.pdf","d9btajr6g7ig00fv50c0","1","OCR failed. Command: tesseract /tmp/diml/pngs/d9btajr6g7ig00fv50c0/d9btajr6g7ig00fv50c0.0001.png /tmp/diml/ocr_results/d9btajr6g7ig00fv50c0/d9btajr6g7ig00fv50c0.0001 --oem 1 -l eng --psm 1 . Error: Error in pixCreateHeader: requested w = 36429, h = 60000, d = 8 Error in pixCreateHeader: requested by","NULL","2026-07-16 19:04:00.823","NULL","NULL"
"30d58e87-ec4c-11eb-9430-00505681224b","s3://enverus-courthouse-prod-chd-plants/nm/eog_lea/30d5/30d58e87-ec4c-11eb-9430-00505681224b.pdf","d9btti4flnl000dk5rpg","1","OCR failed. Command: tesseract /tmp/diml/pngs/d9btti4flnl000dk5rpg/d9btti4flnl000dk5rpg.0004.png /tmp/diml/ocr_results/d9btti4flnl000dk5rpg/d9btti4flnl000dk5rpg.0004 --oem 1 -l eng --psm 1 . Error: Error in pixCreateHeader: requested w = 36429, h = 60000, d = 8 Error in pixCreateHeader: requested by","NULL","2026-07-16 19:04:00.823","NULL","NULL"
"67ba35d2-3f8a-11ec-883d-00505681224b","s3://enverus-courthouse-prod-chd-plants/nm/eog_lea/67ba/67ba35d2-3f8a-11ec-883d-00505681224b.pdf","d9buaiq2oub000e2u8fg","1","OCR failed. Command: tesseract /tmp/diml/pngs/d9buaiq2oub000e2u8fg/d9buaiq2oub000e2u8fg.0007.png /tmp/diml/ocr_results/d9buaiq2oub000e2u8fg/d9buaiq2oub000e2u8fg.0007 --oem 1 -l eng --psm 1 . Error: Error in pixCreateHeader: requested w = 36429, h = 60000, d = 8 Error in pixCreateHeader: requested by","NULL","2026-07-16 19:04:00.823","NULL","NULL"
"aec47860-a5b1-11ec-b3e8-00505681224b","s3://enverus-courthouse-prod-chd-plants/nm/lea/aec4/aec47860-a5b1-11ec-b3e8-00505681224b.pdf","d9btkfj1f5dg00bdka90","1","OCR failed. Command: tesseract /tmp/diml/pngs/d9btkfj1f5dg00bdka90/d9btkfj1f5dg00bdka90.0001.png /tmp/diml/ocr_results/d9btkfj1f5dg00bdka90/d9btkfj1f5dg00bdka90.0001 --oem 1 -l eng --psm 1 . Error: Error in pixCreateHeader: requested w = 36429, h = 60000, d = 8 Error in pixCreateHeader: requested by","NULL","2026-07-16 19:04:00.823","NULL","NULL"
"a136dbc1-bc7b-11ec-b2a7-00505681224b","s3://enverus-courthouse-prod-chd-plants/nm/lea/a136/a136dbc1-bc7b-11ec-b2a7-00505681224b.pdf","d9bundrte9l000f9ff10","1","OCR failed. Command: tesseract /tmp/diml/pngs/d9bundrte9l000f9ff10/d9bundrte9l000f9ff10.0002.png /tmp/diml/ocr_results/d9bundrte9l000f9ff10/d9bundrte9l000f9ff10.0002 --oem 1 -l eng --psm 1 . Error: Error in pixCreateHeader: requested w = 36429, h = 60000, d = 8 Error in pixCreateHeader: requested by","NULL","2026-07-16 18:57:42.660","NULL","NULL"
"a3f34771-d733-11ec-871f-00505681224b","s3://enverus-courthouse-prod-chd-plants/nm/eog_lea/a3f3/a3f34771-d733-11ec-871f-00505681224b.pdf","d9btd7rs7m5g00887l60","1","OCR failed. Command: tesseract /tmp/diml/pngs/d9btd7rs7m5g00887l60/d9btd7rs7m5g00887l60.0001.png /tmp/diml/ocr_results/d9btd7rs7m5g00887l60/d9btd7rs7m5g00887l60.0001 --oem 1 -l eng --psm 1 . Error: Error in pixCreateHeader: requested w = 36429, h = 60000, d = 8 Error in pixCreateHeader: requested by","NULL","2026-07-16 18:57:42.660","NULL","NULL"
"967fe210-097f-11ed-9a28-00505681224b","s3://enverus-courthouse-prod-chd-plants/nm/lea/967f/967fe210-097f-11ed-9a28-00505681224b.pdf","d9bts3hkf4s000f6vl30","1","OCR failed. Command: tesseract /tmp/diml/pngs/d9bts3hkf4s000f6vl30/d9bts3hkf4s000f6vl30.0001.png /tmp/diml/ocr_results/d9bts3hkf4s000f6vl30/d9bts3hkf4s000f6vl30.0001 --oem 1 -l eng --psm 1 . Error: Error in pixCreateHeader: requested w = 36429, h = 60000, d = 8 Error in pixCreateHeader: requested by","NULL","2026-07-16 18:57:42.660","NULL","NULL"
"f10c0979-6225-11ec-ad5a-00505681224b","s3://enverus-courthouse-prod-chd-plants/nm/lea/f10c/f10c0979-6225-11ec-ad5a-00505681224b.pdf","d9bts4rrgi8g00bfng80","1","OCR failed. Command: tesseract /tmp/diml/pngs/d9bts4rrgi8g00bfng80/d9bts4rrgi8g00bfng80.0001.png /tmp/diml/ocr_results/d9bts4rrgi8g00bfng80/d9bts4rrgi8g00bfng80.0001 --oem 1 -l eng --psm 1 . Error: Error in pixCreateHeader: requested w = 36429, h = 60000, d = 8 Error in pixCreateHeader: requested by","NULL","2026-07-16 18:57:42.660","NULL","NULL"
"a135f15e-bc7b-11ec-9577-00505681224b","s3://enverus-courthouse-prod-chd-plants/nm/lea/a135/a135f15e-bc7b-11ec-9577-00505681224b.pdf","d9bunp15jqeg00e8i7r0","1","OCR failed. Command: tesseract /tmp/diml/pngs/d9bunp15jqeg00e8i7r0/d9bunp15jqeg00e8i7r0.0001.png /tmp/diml/ocr_results/d9bunp15jqeg00e8i7r0/d9bunp15jqeg00e8i7r0.0001 --oem 1 -l eng --psm 1 . Error: Error in pixCreateHeader: requested w = 36429, h = 60000, d = 8 Error in pixCreateHeader: requested by","NULL","2026-07-16 18:57:42.660","NULL","NULL"
"8e8db29f-d3ea-11eb-962a-00505681224b","s3://enverus-courthouse-prod-chd-plants/nm/lea/8e8d/8e8db29f-d3ea-11eb-962a-00505681224b.pdf","d9bt94jdd4a000d4ji00","1","OCR failed. Command: tesseract /tmp/diml/pngs/d9bt94jdd4a000d4ji00/d9bt94jdd4a000d4ji00.0001.png /tmp/diml/ocr_results/d9bt94jdd4a000d4ji00/d9bt94jdd4a000d4ji00.0001 --oem 1 -l eng --psm 1 . Error: Error in pixCreateHeader: requested w = 36429, h = 60000, d = 8 Error in pixCreateHeader: requested by","NULL","2026-07-16 18:57:42.660","NULL","NULL"
"b5e16de8-d733-11ec-873e-00505681224b","s3://enverus-courthouse-prod-chd-plants/nm/eog_lea/b5e1/b5e16de8-d733-11ec-873e-00505681224b.pdf","d9bu6h3dd4a000d5q7tg","1","OCR failed. Command: tesseract /tmp/diml/pngs/d9bu6h3dd4a000d5q7tg/d9bu6h3dd4a000d5q7tg.0009.png /tmp/diml/ocr_results/d9bu6h3dd4a000d5q7tg/d9bu6h3dd4a000d5q7tg.0009 --oem 1 -l eng --psm 1 . Error: Error in pixCreateHeader: requested w = 36429, h = 60000, d = 8 Error in pixCreateHeader: requested by","NULL","2026-07-16 18:57:42.660","NULL","NULL"
"1b5e3c21-d733-11ec-9dbd-00505681224b","s3://enverus-courthouse-prod-chd-plants/nm/lea/1b5e/1b5e3c21-d733-11ec-9dbd-00505681224b.pdf","d9budn9kf4s000f7ouf0","1","OCR failed. Command: tesseract /tmp/diml/pngs/d9budn9kf4s000f7ouf0/d9budn9kf4s000f7ouf0.0001.png /tmp/diml/ocr_results/d9budn9kf4s000f7ouf0/d9budn9kf4s000f7ouf0.0001 --oem 1 -l eng --psm 1 . Error: Error in pixCreateHeader: requested w = 36429, h = 60000, d = 8 Error in pixCreateHeader: requested by","NULL","2026-07-16 18:57:42.660","NULL","NULL"
"bc09139d-42b7-11ec-ba58-00505681224b","s3://enverus-courthouse-prod-chd-plants/nm/eog_lea/bc09/bc09139d-42b7-11ec-ba58-00505681224b.pdf","d9btloq2oub000e21e4g","1","OCR failed. Command: tesseract /tmp/diml/pngs/d9btloq2oub000e21e4g/d9btloq2oub000e21e4g.0001.png /tmp/diml/ocr_results/d9btloq2oub000e21e4g/d9btloq2oub000e21e4g.0001 --oem 1 -l eng --psm 1 . Error: Error in pixCreateHeader: requested w = 36429, h = 60000, d = 8 Error in pixCreateHeader: requested by","NULL","2026-07-16 18:57:42.660","NULL","NULL"
"f5a02f91-405b-11ec-9a19-00505681224b","s3://enverus-courthouse-prod-chd-plants/nm/eog_lea/f5a0/f5a02f91-405b-11ec-9a19-00505681224b.pdf","d9bt1uj6g7ig00furirg","1","OCR failed. Command: tesseract /tmp/diml/pngs/d9bt1uj6g7ig00furirg/d9bt1uj6g7ig00furirg.0001.png /tmp/diml/ocr_results/d9bt1uj6g7ig00furirg/d9bt1uj6g7ig00furirg.0001 --oem 1 -l eng --psm 1 . Error: Error in pixCreateHeader: requested w = 36429, h = 60000, d = 8 Error in pixCreateHeader: requested by","NULL","2026-07-16 18:57:42.660","NULL","NULL"
"b5e1bc03-d733-11ec-aa92-00505681224b","s3://enverus-courthouse-prod-chd-plants/nm/eog_lea/b5e1/b5e1bc03-d733-11ec-aa92-00505681224b.pdf","d9bt08hhd6mg00blp2rg","1","OCR failed. Command: tesseract /tmp/diml/pngs/d9bt08hhd6mg00blp2rg/d9bt08hhd6mg00blp2rg.0001.png /tmp/diml/ocr_results/d9bt08hhd6mg00blp2rg/d9bt08hhd6mg00blp2rg.0001 --oem 1 -l eng --psm 1 . Error: Error in pixCreateHeader: requested w = 36429, h = 60000, d = 8 Error in pixCreateHeader: requested by","NULL","2026-07-16 18:57:42.660","NULL","NULL"
"c83ed1d0-8bcb-11ec-99a5-00505681224b","s3://enverus-courthouse-prod-chd-plants/nm/lea/c83e/c83ed1d0-8bcb-11ec-99a5-00505681224b.pdf","d9bubi9hd6mg00bng99g","1","OCR failed. Command: tesseract /tmp/diml/pngs/d9bubi9hd6mg00bng99g/d9bubi9hd6mg00bng99g.0001.png /tmp/diml/ocr_results/d9bubi9hd6mg00bng99g/d9bubi9hd6mg00bng99g.0001 --oem 1 -l eng --psm 1 . Error: Error in pixCreateHeader: requested w = 36429, h = 60000, d = 8 Error in pixCreateHeader: requested by","NULL","2026-07-16 18:57:42.660","NULL","NULL"
"bfc66442-097f-11ed-93a9-00505681224b","s3://enverus-courthouse-prod-chd-plants/nm/lea/bfc6/bfc66442-097f-11ed-93a9-00505681224b.pdf","d9buj1sflnl000dl4jc0","1","OCR failed. Command: tesseract /tmp/diml/pngs/d9buj1sflnl000dl4jc0/d9buj1sflnl000dl4jc0.0002.png /tmp/diml/ocr_results/d9buj1sflnl000dl4jc0/d9buj1sflnl000dl4jc0.0002 --oem 1 -l eng --psm 1 . Error: Error in pixCreateHeader: requested w = 36429, h = 60000, d = 8 Error in pixCreateHeader: requested by","NULL","2026-07-16 18:50:51.207","NULL","NULL"
"c6914144-49be-424c-bbbf-8056bbbb6499","s3://enverus-courthouse-prod-chd-plants/tx/loving/c691/c6914144-49be-424c-bbbf-8056bbbb6499.pdf","bq15jl0chiv03s1dejb0","1","OCR failed. Command: tesseract /tmp/diml/pngs/bq15jl0chiv03s1dejb0/bq15jl0chiv03s1dejb0.0001.png /tmp/diml/ocr_results/bq15jl0chiv03s1dejb0/bq15jl0chiv03s1dejb0.0001 --oem 1 -l eng --psm 1 . Error: Image too large: (41387, 4522) Error during processing. ","NULL","2026-07-16 18:50:51.207","NULL","NULL"
"5a9280b2-6226-11ec-bb73-00505681224b","s3://enverus-courthouse-prod-chd-plants/nm/eog_lea/5a92/5a9280b2-6226-11ec-bb73-00505681224b.pdf","d9buop3delo000dvq8dg","1","OCR failed. Command: tesseract /tmp/diml/pngs/d9buop3delo000dvq8dg/d9buop3delo000dvq8dg.0001.png /tmp/diml/ocr_results/d9buop3delo000dvq8dg/d9buop3delo000dvq8dg.0001 --oem 1 -l eng --psm 1 . Error: Error in pixCreateHeader: requested w = 36429, h = 60000, d = 8 Error in pixCreateHeader: requested by","NULL","2026-07-16 18:50:51.207","NULL","NULL"
"f4df5087-405b-11ec-9c6d-00505681224b","s3://enverus-courthouse-prod-chd-plants/nm/eog_lea/f4df/f4df5087-405b-11ec-9c6d-00505681224b.pdf","d9bu0fo30skg00d7v9u0","1","OCR failed. Command: tesseract /tmp/diml/pngs/d9bu0fo30skg00d7v9u0/d9bu0fo30skg00d7v9u0.0001.png /tmp/diml/ocr_results/d9bu0fo30skg00d7v9u0/d9bu0fo30skg00d7v9u0.0001 --oem 1 -l eng --psm 1 . Error: Error in pixCreateHeader: requested w = 36429, h = 60000, d = 8 Error in pixCreateHeader: requested by","NULL","2026-07-16 18:50:51.207","NULL","NULL"
"bc08774e-42b7-11ec-bf00-00505681224b","s3://enverus-courthouse-prod-chd-plants/nm/eog_lea/bc08/bc08774e-42b7-11ec-bf00-00505681224b.pdf","d9bto15lksng008eiqig","1","OCR failed. Command: tesseract /tmp/diml/pngs/d9bto15lksng008eiqig/d9bto15lksng008eiqig.0001.png /tmp/diml/ocr_results/d9bto15lksng008eiqig/d9bto15lksng008eiqig.0001 --oem 1 -l eng --psm 1 . Error: Error in pixCreateHeader: requested w = 36429, h = 60000, d = 8 Error in pixCreateHeader: requested by","NULL","2026-07-16 18:50:51.207","NULL","NULL"
"42a84bac-0980-11ed-bd9a-00505681224b","s3://enverus-courthouse-prod-chd-plants/nm/lea/42a8/42a84bac-0980-11ed-bd9a-00505681224b.pdf","d9bthf19ha2000c68o6g","1","OCR failed. Command: tesseract /tmp/diml/pngs/d9bthf19ha2000c68o6g/d9bthf19ha2000c68o6g.0003.png /tmp/diml/ocr_results/d9bthf19ha2000c68o6g/d9bthf19ha2000c68o6g.0003 --oem 1 -l eng --psm 1 . Error: Error in pixCreateHeader: requested w = 36429, h = 60000, d = 8 Error in pixCreateHeader: requested by","NULL","2026-07-16 18:50:51.207","NULL","NULL"
"f4dda2ee-405b-11ec-9abb-00505681224b","s3://enverus-courthouse-prod-chd-plants/nm/eog_lea/f4dd/f4dda2ee-405b-11ec-9abb-00505681224b.pdf","d9bu2osogvn0009b9org","1","OCR failed. Command: tesseract /tmp/diml/pngs/d9bu2osogvn0009b9org/d9bu2osogvn0009b9org.0001.png /tmp/diml/ocr_results/d9bu2osogvn0009b9org/d9bu2osogvn0009b9org.0001 --oem 1 -l eng --psm 1 . Error: Error in pixCreateHeader: requested w = 36429, h = 60000, d = 8 Error in pixCreateHeader: requested by","NULL","2026-07-16 18:50:51.207","NULL","NULL"
"576b04ce-d733-11ec-b61d-00505681224b","s3://enverus-courthouse-prod-chd-plants/nm/lea/576b/576b04ce-d733-11ec-b61d-00505681224b.pdf","d9btlkjrgi8g00bfevn0","1","OCR failed. Command: tesseract /tmp/diml/pngs/d9btlkjrgi8g00bfevn0/d9btlkjrgi8g00bfevn0.0006.png /tmp/diml/ocr_results/d9btlkjrgi8g00bfevn0/d9btlkjrgi8g00bfevn0.0006 --oem 1 -l eng --psm 1 . Error: Error in pixCreateHeader: requested w = 36429, h = 60000, d = 8 Error in pixCreateHeader: requested by","NULL","2026-07-16 18:50:51.207","NULL","NULL"
"c2443753-3ec2-11ec-9ad1-00505681224b","s3://enverus-courthouse-prod-chd-plants/nm/lea/c244/c2443753-3ec2-11ec-9ad1-00505681224b.pdf","d9bssr1b0h1g00cvj4e0","1","OCR failed. Command: tesseract /tmp/diml/pngs/d9bssr1b0h1g00cvj4e0/d9bssr1b0h1g00cvj4e0.0001.png /tmp/diml/ocr_results/d9bssr1b0h1g00cvj4e0/d9bssr1b0h1g00cvj4e0.0001 --oem 1 -l eng --psm 1 . Error: Error in pixCreateHeader: requested w = 36429, h = 60000, d = 8 Error in pixCreateHeader: requested by","NULL","2026-07-16 18:50:51.207","NULL","NULL"
"42a872ac-0980-11ed-8e7e-00505681224b","s3://enverus-courthouse-prod-chd-plants/nm/lea/42a8/42a872ac-0980-11ed-8e7e-00505681224b.pdf","d9btpdbrgi8g00bfjmj0","1","OCR failed. Command: tesseract /tmp/diml/pngs/d9btpdbrgi8g00bfjmj0/d9btpdbrgi8g00bfjmj0.0001.png /tmp/diml/ocr_results/d9btpdbrgi8g00bfjmj0/d9btpdbrgi8g00bfjmj0.0001 --oem 1 -l eng --psm 1 . Error: Error in pixCreateHeader: requested w = 36429, h = 60000, d = 8 Error in pixCreateHeader: requested by","NULL","2026-07-16 18:50:51.207","NULL","NULL"
"8c646e27-bc7b-11ec-bc55-00505681224b","s3://enverus-courthouse-prod-chd-plants/nm/lea/8c64/8c646e27-bc7b-11ec-bc55-00505681224b.pdf","d9bt6mnak35000864p70","1","OCR failed. Command: tesseract /tmp/diml/pngs/d9bt6mnak35000864p70/d9bt6mnak35000864p70.0001.png /tmp/diml/ocr_results/d9bt6mnak35000864p70/d9bt6mnak35000864p70.0001 --oem 1 -l eng --psm 1 . Error: Error in pixCreateHeader: requested w = 36429, h = 60000, d = 8 Error in pixCreateHeader: requested by","NULL","2026-07-16 18:50:51.207","NULL","NULL"
"576b2bc5-d733-11ec-b3df-00505681224b","s3://enverus-courthouse-prod-chd-plants/nm/lea/576b/576b2bc5-d733-11ec-b3df-00505681224b.pdf","d9buqig59fgg00e3mbcg","1","OCR failed. Command: tesseract /tmp/diml/pngs/d9buqig59fgg00e3mbcg/d9buqig59fgg00e3mbcg.0002.png /tmp/diml/ocr_results/d9buqig59fgg00e3mbcg/d9buqig59fgg00e3mbcg.0002 --oem 1 -l eng --psm 1 . Error: Error in pixCreateHeader: requested w = 36429, h = 60000, d = 8 Error in pixCreateHeader: requested by","NULL","2026-07-16 18:43:59.500","NULL","NULL"
"a3f2d232-d733-11ec-ab07-00505681224b","s3://enverus-courthouse-prod-chd-plants/nm/eog_lea/a3f2/a3f2d232-d733-11ec-ab07-00505681224b.pdf","d9bubp9hd6mg00bngq30","1","OCR failed. Command: tesseract /tmp/diml/pngs/d9bubp9hd6mg00bngq30/d9bubp9hd6mg00bngq30.0001.png /tmp/diml/ocr_results/d9bubp9hd6mg00bngq30/d9bubp9hd6mg00bngq30.0001 --oem 1 -l eng --psm 1 . Error: Error in pixCreateHeader: requested w = 36429, h = 60000, d = 8 Error in pixCreateHeader: requested by","NULL","2026-07-16 18:43:59.500","NULL","NULL"
"ca5bfd04-097e-11ed-a69b-00505681224b","s3://enverus-courthouse-prod-chd-plants/nm/eog_lea/ca5b/ca5bfd04-097e-11ed-a69b-00505681224b.pdf","d9bt6afak35000863rk0","1","OCR failed. Command: tesseract /tmp/diml/pngs/d9bt6afak35000863rk0/d9bt6afak35000863rk0.0001.png /tmp/diml/ocr_results/d9bt6afak35000863rk0/d9bt6afak35000863rk0.0001 --oem 1 -l eng --psm 1 . Error: Error in pixCreateHeader: requested w = 36429, h = 60000, d = 8 Error in pixCreateHeader: requested by","NULL","2026-07-16 18:43:59.500","NULL","NULL"
"c244ac6a-3ec2-11ec-9ccd-00505681224b","s3://enverus-courthouse-prod-chd-plants/nm/lea/c244/c244ac6a-3ec2-11ec-9ccd-00505681224b.pdf","d9btpdjdelo000duckn0","1","OCR failed. Command: tesseract /tmp/diml/pngs/d9btpdjdelo000duckn0/d9btpdjdelo000duckn0.0001.png /tmp/diml/ocr_results/d9btpdjdelo000duckn0/d9btpdjdelo000duckn0.0001 --oem 1 -l eng --psm 1 . Error: Error in pixCreateHeader: requested w = 36429, h = 60000, d = 8 Error in pixCreateHeader: requested by","NULL","2026-07-16 18:43:59.500","NULL","NULL"
"be43ffdd-a5b1-11ec-949c-00505681224b","s3://enverus-courthouse-prod-chd-plants/nm/lea/be43/be43ffdd-a5b1-11ec-949c-00505681224b.pdf","d9bts5bte9l000f87r60","1","OCR failed. Command: tesseract /tmp/diml/pngs/d9bts5bte9l000f87r60/d9bts5bte9l000f87r60.0001.png /tmp/diml/ocr_results/d9bts5bte9l000f87r60/d9bts5bte9l000f87r60.0001 --oem 1 -l eng --psm 1 . Error: Error in pixCreateHeader: requested w = 36429, h = 60000, d = 8 Error in pixCreateHeader: requested by","NULL","2026-07-16 18:43:59.500","NULL","NULL"
"27239a73-0980-11ed-8f09-00505681224b","s3://enverus-courthouse-prod-chd-plants/nm/lea/2723/27239a73-0980-11ed-8f09-00505681224b.pdf","d9bumn1hd6mg00bo124g","1","OCR failed. Command: tesseract /tmp/diml/pngs/d9bumn1hd6mg00bo124g/d9bumn1hd6mg00bo124g.0001.png /tmp/diml/ocr_results/d9bumn1hd6mg00bo124g/d9bumn1hd6mg00bo124g.0001 --oem 1 -l eng --psm 1 . Error: Error in pixCreateHeader: requested w = 36429, h = 60000, d = 8 Error in pixCreateHeader: requested by","NULL","2026-07-16 18:43:59.500","NULL","NULL"
"447a5b17-097f-11ed-9ede-00505681224b","s3://enverus-courthouse-prod-chd-plants/nm/lea/447a/447a5b17-097f-11ed-9ede-00505681224b.pdf","d9btmu3dd4a000d54j00","1","OCR failed. Command: tesseract /tmp/diml/pngs/d9btmu3dd4a000d54j00/d9btmu3dd4a000d54j00.0001.png /tmp/diml/ocr_results/d9btmu3dd4a000d54j00/d9btmu3dd4a000d54j00.0001 --oem 1 -l eng --psm 1 . Error: Error in pixCreateHeader: requested w = 36429, h = 60000, d = 8 Error in pixCreateHeader: requested by","NULL","2026-07-16 18:43:59.500","NULL","NULL"
"e7e13617-097f-11ed-8db8-00505681224b","s3://enverus-courthouse-prod-chd-plants/nm/lea/e7e1/e7e13617-097f-11ed-8db8-00505681224b.pdf","d9buado30skg00d8dvj0","1","OCR failed. Command: tesseract /tmp/diml/pngs/d9buado30skg00d8dvj0/d9buado30skg00d8dvj0.0001.png /tmp/diml/ocr_results/d9buado30skg00d8dvj0/d9buado30skg00d8dvj0.0001 --oem 1 -l eng --psm 1 . Error: Error in pixCreateHeader: requested w = 36429, h = 60000, d = 8 Error in pixCreateHeader: requested by","NULL","2026-07-16 18:36:58.887","NULL","NULL"
"8c650a5e-bc7b-11ec-b33d-00505681224b","s3://enverus-courthouse-prod-chd-plants/nm/lea/8c65/8c650a5e-bc7b-11ec-b33d-00505681224b.pdf","d9bspvo30skg00d6j0dg","1","OCR failed. Command: tesseract /tmp/diml/pngs/d9bspvo30skg00d6j0dg/d9bspvo30skg00d6j0dg.0001.png /tmp/diml/ocr_results/d9bspvo30skg00d6j0dg/d9bspvo30skg00d6j0dg.0001 --oem 1 -l eng --psm 1 . Error: Error in pixCreateHeader: requested w = 36429, h = 60000, d = 8 Error in pixCreateHeader: requested by","NULL","2026-07-16 18:36:58.887","NULL","NULL"
"1b5e8a65-d733-11ec-b00c-00505681224b","s3://enverus-courthouse-prod-chd-plants/nm/lea/1b5e/1b5e8a65-d733-11ec-b00c-00505681224b.pdf","d9btc1vak3500086aj2g","1","OCR failed. Command: tesseract /tmp/diml/pngs/d9btc1vak3500086aj2g/d9btc1vak3500086aj2g.0001.png /tmp/diml/ocr_results/d9btc1vak3500086aj2g/d9btc1vak3500086aj2g.0001 --oem 1 -l eng --psm 1 . Error: Error in pixCreateHeader: requested w = 36429, h = 60000, d = 8 Error in pixCreateHeader: requested by","NULL","2026-07-16 18:36:58.887","NULL","NULL"
"bfc66428-097f-11ed-9f83-00505681224b","s3://enverus-courthouse-prod-chd-plants/nm/lea/bfc6/bfc66428-097f-11ed-9f83-00505681224b.pdf","d9bu45hkf4s000f7b28g","1","OCR failed. Command: tesseract /tmp/diml/pngs/d9bu45hkf4s000f7b28g/d9bu45hkf4s000f7b28g.0003.png /tmp/diml/ocr_results/d9bu45hkf4s000f7b28g/d9bu45hkf4s000f7b28g.0003 --oem 1 -l eng --psm 1 . Error: Error in pixCreateHeader: requested w = 36429, h = 60000, d = 8 Error in pixCreateHeader: requested by","NULL","2026-07-16 18:36:58.887","NULL","NULL"
"f59f9352-405b-11ec-815b-00505681224b","s3://enverus-courthouse-prod-chd-plants/nm/eog_lea/f59f/f59f9352-405b-11ec-815b-00505681224b.pdf","d9bt50e89gsg00ffid90","1","OCR failed. Command: tesseract /tmp/diml/pngs/d9bt50e89gsg00ffid90/d9bt50e89gsg00ffid90.0013.png /tmp/diml/ocr_results/d9bt50e89gsg00ffid90/d9bt50e89gsg00ffid90.0013 --oem 1 -l eng --psm 1 . Error: Error in pixCreateHeader: requested w = 36429, h = 60000, d = 8 Error in pixCreateHeader: requested by","NULL","2026-07-16 18:36:58.887","NULL","NULL"
"670b0e6b-3f8a-11ec-918c-00505681224b","s3://enverus-courthouse-prod-chd-plants/nm/lea/670b/670b0e6b-3f8a-11ec-918c-00505681224b.pdf","d9bu8ifak3500087g9ag","1","OCR failed. Command: tesseract /tmp/diml/pngs/d9bu8ifak3500087g9ag/d9bu8ifak3500087g9ag.0001.png /tmp/diml/ocr_results/d9bu8ifak3500087g9ag/d9bu8ifak3500087g9ag.0001 --oem 1 -l eng --psm 1 . Error: Error in pixCreateHeader: requested w = 36429, h = 60000, d = 8 Error in pixCreateHeader: requested by","NULL","2026-07-16 18:36:58.887","NULL","NULL"
"a3f3205c-d733-11ec-a63c-00505681224b","s3://enverus-courthouse-prod-chd-plants/nm/eog_lea/a3f3/a3f3205c-d733-11ec-a63c-00505681224b.pdf","d9bu8ipb0h1g00d19d80","1","OCR failed. Command: tesseract /tmp/diml/pngs/d9bu8ipb0h1g00d19d80/d9bu8ipb0h1g00d19d80.0002.png /tmp/diml/ocr_results/d9bu8ipb0h1g00d19d80/d9bu8ipb0h1g00d19d80.0002 --oem 1 -l eng --psm 1 . Error: Error in pixCreateHeader: requested w = 36429, h = 60000, d = 8 Error in pixCreateHeader: requested by","NULL","2026-07-16 18:36:58.887","NULL","NULL"
"aec49f7d-a5b1-11ec-88cf-00505681224b","s3://enverus-courthouse-prod-chd-plants/nm/lea/aec4/aec49f7d-a5b1-11ec-88cf-00505681224b.pdf","d9bu0tsflnl000dkah6g","1","OCR failed. Command: tesseract /tmp/diml/pngs/d9bu0tsflnl000dkah6g/d9bu0tsflnl000dkah6g.0001.png /tmp/diml/ocr_results/d9bu0tsflnl000dkah6g/d9bu0tsflnl000dkah6g.0001 --oem 1 -l eng --psm 1 . Error: Error in pixCreateHeader: requested w = 36429, h = 60000, d = 8 Error in pixCreateHeader: requested by","NULL","2026-07-16 18:36:58.887","NULL","NULL"
"576b2bde-d733-11ec-8c1a-00505681224b","s3://enverus-courthouse-prod-chd-plants/nm/lea/576b/576b2bde-d733-11ec-8c1a-00505681224b.pdf","d9btkh3s7m5g0088gu5g","1","OCR failed. Command: tesseract /tmp/diml/pngs/d9btkh3s7m5g0088gu5g/d9btkh3s7m5g0088gu5g.0001.png /tmp/diml/ocr_results/d9btkh3s7m5g0088gu5g/d9btkh3s7m5g0088gu5g.0001 --oem 1 -l eng --psm 1 . Error: Error in pixCreateHeader: requested w = 36429, h = 60000, d = 8 Error in pixCreateHeader: requested by","NULL","2026-07-16 18:36:58.887","NULL","NULL"
"17db2d3d-f80d-11eb-a845-00505681224b","s3://enverus-courthouse-prod-chd-plants/nm/eog_lea/17db/17db2d3d-f80d-11eb-a845-00505681224b.pdf","d9buqp030skg00d967bg","1","OCR failed. Command: tesseract /tmp/diml/pngs/d9buqp030skg00d967bg/d9buqp030skg00d967bg.0001.png /tmp/diml/ocr_results/d9buqp030skg00d967bg/d9buqp030skg00d967bg.0001 --oem 1 -l eng --psm 1 . Error: Error in pixCreateHeader: requested w = 36429, h = 60000, d = 8 Error in pixCreateHeader: requested by","NULL","2026-07-16 18:36:58.887","NULL","NULL"
"d32d4a82-bc7b-11ec-b5a7-00505681224b","s3://enverus-courthouse-prod-chd-plants/nm/eog_lea/d32d/d32d4a82-bc7b-11ec-b5a7-00505681224b.pdf","d9bst5fr2ffg00dv2mb0","1","OCR failed. Command: tesseract /tmp/diml/pngs/d9bst5fr2ffg00dv2mb0/d9bst5fr2ffg00dv2mb0.0005.png /tmp/diml/ocr_results/d9bst5fr2ffg00dv2mb0/d9bst5fr2ffg00dv2mb0.0005 --oem 1 -l eng --psm 1 . Error: Error in pixCreateHeader: requested w = 36429, h = 60000, d = 8 Error in pixCreateHeader: requested by","NULL","2026-07-16 18:29:39.197","NULL","NULL"
"a136669d-bc7b-11ec-802f-00505681224b","s3://enverus-courthouse-prod-chd-plants/nm/lea/a136/a136669d-bc7b-11ec-802f-00505681224b.pdf","d9btqdfak3500086rvng","1","OCR failed. Command: tesseract /tmp/diml/pngs/d9btqdfak3500086rvng/d9btqdfak3500086rvng.0001.png /tmp/diml/ocr_results/d9btqdfak3500086rvng/d9btqdfak3500086rvng.0001 --oem 1 -l eng --psm 1 . Error: Error in pixCreateHeader: requested w = 36429, h = 60000, d = 8 Error in pixCreateHeader: requested by","NULL","2026-07-16 18:29:39.197","NULL","NULL"
"1b5e8a62-d733-11ec-a93f-00505681224b","s3://enverus-courthouse-prod-chd-plants/nm/lea/1b5e/1b5e8a62-d733-11ec-a93f-00505681224b.pdf","d9bulm9d6jhg0084pp0g","1","OCR failed. Command: tesseract /tmp/diml/pngs/d9bulm9d6jhg0084pp0g/d9bulm9d6jhg0084pp0g.0001.png /tmp/diml/ocr_results/d9bulm9d6jhg0084pp0g/d9bulm9d6jhg0084pp0g.0001 --oem 1 -l eng --psm 1 . Error: Error in pixCreateHeader: requested w = 36429, h = 60000, d = 8 Error in pixCreateHeader: requested by","NULL","2026-07-16 18:29:39.197","NULL","NULL"
"ca5cc049-097e-11ed-8099-00505681224b","s3://enverus-courthouse-prod-chd-plants/nm/eog_lea/ca5c/ca5cc049-097e-11ed-8099-00505681224b.pdf","d9buf71hd6mg00bnlk10","1","OCR failed. Command: tesseract /tmp/diml/pngs/d9buf71hd6mg00bnlk10/d9buf71hd6mg00bnlk10.0001.png /tmp/diml/ocr_results/d9buf71hd6mg00bnlk10/d9buf71hd6mg00bnlk10.0001 --oem 1 -l eng --psm 1 . Error: Error in pixCreateHeader: requested w = 36429, h = 60000, d = 8 Error in pixCreateHeader: requested by","NULL","2026-07-16 18:29:39.197","NULL","NULL"
"785e6fd0-c5bd-11eb-bfc3-00505681224b","s3://enverus-courthouse-prod-chd-plants/nm/eog_lea/785e/785e6fd0-c5bd-11eb-bfc3-00505681224b.pdf","d9bsnrbs7m5g0087hgog","1","OCR failed. Command: tesseract /tmp/diml/pngs/d9bsnrbs7m5g0087hgog/d9bsnrbs7m5g0087hgog.0001.png /tmp/diml/ocr_results/d9bsnrbs7m5g0087hgog/d9bsnrbs7m5g0087hgog.0001 --oem 1 -l eng --psm 1 . Error: Error in pixCreateHeader: requested w = 36429, h = 60000, d = 8 Error in pixCreateHeader: requested by","NULL","2026-07-16 18:29:39.197","NULL","NULL"
"1b5f74ad-d733-11ec-ac53-00505681224b","s3://enverus-courthouse-prod-chd-plants/nm/lea/1b5f/1b5f74ad-d733-11ec-ac53-00505681224b.pdf","d9btelhkf4s000f6ekh0","1","OCR failed. Command: tesseract /tmp/diml/pngs/d9btelhkf4s000f6ekh0/d9btelhkf4s000f6ekh0.0012.png /tmp/diml/ocr_results/d9btelhkf4s000f6ekh0/d9btelhkf4s000f6ekh0.0012 --oem 1 -l eng --psm 1 . Error: Error in pixCreateHeader: requested w = 36429, h = 60000, d = 8 Error in pixCreateHeader: requested by","NULL","2026-07-16 18:29:39.197","NULL","NULL"
"670b358b-3f8a-11ec-84c8-00505681224b","s3://enverus-courthouse-prod-chd-plants/nm/lea/670b/670b358b-3f8a-11ec-84c8-00505681224b.pdf","d9bteivr761000df3qn0","1","OCR failed. Command: tesseract /tmp/diml/pngs/d9bteivr761000df3qn0/d9bteivr761000df3qn0.0001.png /tmp/diml/ocr_results/d9bteivr761000df3qn0/d9bteivr761000df3qn0.0001 --oem 1 -l eng --psm 1 . Error: Error in pixCreateHeader: requested w = 36429, h = 60000, d = 8 Error in pixCreateHeader: requested by","NULL","2026-07-16 18:29:39.197","NULL","NULL"
"b5e1bc07-d733-11ec-a2c3-00505681224b","s3://enverus-courthouse-prod-chd-plants/nm/eog_lea/b5e1/b5e1bc07-d733-11ec-a2c3-00505681224b.pdf","d9budr15jqeg00e838vg","1","OCR failed. Command: tesseract /tmp/diml/pngs/d9budr15jqeg00e838vg/d9budr15jqeg00e838vg.0001.png /tmp/diml/ocr_results/d9budr15jqeg00e838vg/d9budr15jqeg00e838vg.0001 --oem 1 -l eng --psm 1 . Error: Error in pixCreateHeader: requested w = 36429, h = 60000, d = 8 Error in pixCreateHeader: requested by","NULL","2026-07-16 18:29:39.197","NULL","NULL"
"0656b383-d733-11ec-b079-00505681224b","s3://enverus-courthouse-prod-chd-plants/nm/lea/0656/0656b383-d733-11ec-b079-00505681224b.pdf","d9buk2dlksng008fqp10","1","OCR failed. Command: tesseract /tmp/diml/pngs/d9buk2dlksng008fqp10/d9buk2dlksng008fqp10.0008.png /tmp/diml/ocr_results/d9buk2dlksng008fqp10/d9buk2dlksng008fqp10.0008 --oem 1 -l eng --psm 1 . Error: Error in pixCreateHeader: requested w = 36429, h = 60000, d = 8 Error in pixCreateHeader: requested by","NULL","2026-07-16 18:29:39.197","NULL","NULL"
"5a92328f-6226-11ec-be7d-00505681224b","s3://enverus-courthouse-prod-chd-plants/nm/eog_lea/5a92/5a92328f-6226-11ec-be7d-00505681224b.pdf","d9buncvr2ffg00e1ehpg","1","OCR failed. Command: tesseract /tmp/diml/pngs/d9buncvr2ffg00e1ehpg/d9buncvr2ffg00e1ehpg.0001.png /tmp/diml/ocr_results/d9buncvr2ffg00e1ehpg/d9buncvr2ffg00e1ehpg.0001 --oem 1 -l eng --psm 1 . Error: Error in pixCreateHeader: requested w = 36429, h = 60000, d = 8 Error in pixCreateHeader: requested by","NULL","2026-07-16 18:22:31.550","NULL","NULL"
"bc091387-42b7-11ec-a326-00505681224b","s3://enverus-courthouse-prod-chd-plants/nm/eog_lea/bc09/bc091387-42b7-11ec-a326-00505681224b.pdf","d9btp831f5dg00bdpuug","1","OCR failed. Command: tesseract /tmp/diml/pngs/d9btp831f5dg00bdpuug/d9btp831f5dg00bdpuug.0001.png /tmp/diml/ocr_results/d9btp831f5dg00bdpuug/d9btp831f5dg00bdpuug.0001 --oem 1 -l eng --psm 1 . Error: Error in pixCreateHeader: requested w = 36429, h = 60000, d = 8 Error in pixCreateHeader: requested by","NULL","2026-07-16 18:22:31.550","NULL","NULL"
"bd27d375-bc7b-11ec-a8c8-00505681224b","s3://enverus-courthouse-prod-chd-plants/nm/lea/bd27/bd27d375-bc7b-11ec-a8c8-00505681224b.pdf","d9btu7rdd4a000d5dl20","1","OCR failed. Command: tesseract /tmp/diml/pngs/d9btu7rdd4a000d5dl20/d9btu7rdd4a000d5dl20.0001.png /tmp/diml/ocr_results/d9btu7rdd4a000d5dl20/d9btu7rdd4a000d5dl20.0001 --oem 1 -l eng --psm 1 . Error: Error in pixCreateHeader: requested w = 36429, h = 60000, d = 8 Error in pixCreateHeader: requested by","NULL","2026-07-16 18:22:31.550","NULL","NULL"
"f59ef72d-405b-11ec-bb0f-00505681224b","s3://enverus-courthouse-prod-chd-plants/nm/eog_lea/f59e/f59ef72d-405b-11ec-bb0f-00505681224b.pdf","d9bucl7ak3500087mfmg","1","OCR failed. Command: tesseract /tmp/diml/pngs/d9bucl7ak3500087mfmg/d9bucl7ak3500087mfmg.0002.png /tmp/diml/ocr_results/d9bucl7ak3500087mfmg/d9bucl7ak3500087mfmg.0002 --oem 1 -l eng --psm 1 . Error: Error in pixCreateHeader: requested w = 36429, h = 60000, d = 8 Error in pixCreateHeader: requested by","NULL","2026-07-16 18:22:31.550","NULL","NULL"
"30d42ee5-ec4c-11eb-8eb0-00505681224b","s3://enverus-courthouse-prod-chd-plants/nm/eog_lea/30d4/30d42ee5-ec4c-11eb-8eb0-00505681224b.pdf","d9bubpb1f5dg00bekn8g","1","OCR failed. Command: tesseract /tmp/diml/pngs/d9bubpb1f5dg00bekn8g/d9bubpb1f5dg00bekn8g.0001.png /tmp/diml/ocr_results/d9bubpb1f5dg00bekn8g/d9bubpb1f5dg00bekn8g.0001 --oem 1 -l eng --psm 1 . Error: Error in pixCreateHeader: requested w = 36429, h = 60000, d = 8 Error in pixCreateHeader: requested by","NULL","2026-07-16 18:22:31.550","NULL","NULL"
"e7e10eef-097f-11ed-9000-00505681224b","s3://enverus-courthouse-prod-chd-plants/nm/lea/e7e1/e7e10eef-097f-11ed-9000-00505681224b.pdf","d9bu37kflnl000dkdtp0","1","OCR failed. Command: tesseract /tmp/diml/pngs/d9bu37kflnl000dkdtp0/d9bu37kflnl000dkdtp0.0002.png /tmp/diml/ocr_results/d9bu37kflnl000dkdtp0/d9bu37kflnl000dkdtp0.0002 --oem 1 -l eng --psm 1 . Error: Error in pixCreateHeader: requested w = 36429, h = 60000, d = 8 Error in pixCreateHeader: requested by","NULL","2026-07-16 18:22:31.550","NULL","NULL"
"8c650a65-bc7b-11ec-a50f-00505681224b","s3://enverus-courthouse-prod-chd-plants/nm/lea/8c65/8c650a65-bc7b-11ec-a50f-00505681224b.pdf","d9bui7859fgg00e3a2fg","1","OCR failed. Command: tesseract /tmp/diml/pngs/d9bui7859fgg00e3a2fg/d9bui7859fgg00e3a2fg.0001.png /tmp/diml/ocr_results/d9bui7859fgg00e3a2fg/d9bui7859fgg00e3a2fg.0001 --oem 1 -l eng --psm 1 . Error: Error in pixCreateHeader: requested w = 36429, h = 60000, d = 8 Error in pixCreateHeader: requested by","NULL","2026-07-16 18:14:52.400","NULL","NULL"
"aec49f78-a5b1-11ec-bf5a-00505681224b","s3://enverus-courthouse-prod-chd-plants/nm/lea/aec4/aec49f78-a5b1-11ec-bf5a-00505681224b.pdf","d9bug4phd6mg00bnmtfg","1","OCR failed. Command: tesseract /tmp/diml/pngs/d9bug4phd6mg00bnmtfg/d9bug4phd6mg00bnmtfg.0001.png /tmp/diml/ocr_results/d9bug4phd6mg00bnmtfg/d9bug4phd6mg00bnmtfg.0001 --oem 1 -l eng --psm 1 . Error: Error in pixCreateHeader: requested w = 36429, h = 60000, d = 8 Error in pixCreateHeader: requested by","NULL","2026-07-16 18:14:52.400","NULL","NULL"
"c2439b12-3ec2-11ec-a779-00505681224b","s3://enverus-courthouse-prod-chd-plants/nm/lea/c243/c2439b12-3ec2-11ec-a779-00505681224b.pdf","d9bupsbdd4a000d6ms80","1","OCR failed. Command: tesseract /tmp/diml/pngs/d9bupsbdd4a000d6ms80/d9bupsbdd4a000d6ms80.0001.png /tmp/diml/ocr_results/d9bupsbdd4a000d6ms80/d9bupsbdd4a000d6ms80.0001 --oem 1 -l eng --psm 1 . Error: Error in pixCreateHeader: requested w = 36429, h = 60000, d = 8 Error in pixCreateHeader: requested by","NULL","2026-07-16 18:14:52.400","NULL","NULL"
"576addb0-d733-11ec-9082-00505681224b","s3://enverus-courthouse-prod-chd-plants/nm/lea/576a/576addb0-d733-11ec-9082-00505681224b.pdf","d9bupl0isvug00futr1g","1","OCR failed. Command: tesseract /tmp/diml/pngs/d9bupl0isvug00futr1g/d9bupl0isvug00futr1g.0009.png /tmp/diml/ocr_results/d9bupl0isvug00futr1g/d9bupl0isvug00futr1g.0009 --oem 1 -l eng --psm 1 . Error: Error in pixCreateHeader: requested w = 36429, h = 60000, d = 8 Error in pixCreateHeader: requested by","NULL","2026-07-16 18:14:52.400","NULL","NULL"
"670baacc-3f8a-11ec-9936-00505681224b","s3://enverus-courthouse-prod-chd-plants/nm/lea/670b/670baacc-3f8a-11ec-9936-00505681224b.pdf","d9bt3lk1kr4g008d98qg","1","OCR failed. Command: tesseract /tmp/diml/pngs/d9bt3lk1kr4g008d98qg/d9bt3lk1kr4g008d98qg.0001.png /tmp/diml/ocr_results/d9bt3lk1kr4g008d98qg/d9bt3lk1kr4g008d98qg.0001 --oem 1 -l eng --psm 1 . Error: Error in pixCreateHeader: requested w = 36429, h = 60000, d = 8 Error in pixCreateHeader: requested by","NULL","2026-07-16 18:14:52.400","NULL","NULL"
"1b5ed86d-d733-11ec-a40a-00505681224b","s3://enverus-courthouse-prod-chd-plants/nm/lea/1b5e/1b5ed86d-d733-11ec-a40a-00505681224b.pdf","d9btki1kf4s000f6m2i0","1","OCR failed. Command: tesseract /tmp/diml/pngs/d9btki1kf4s000f6m2i0/d9btki1kf4s000f6m2i0.0009.png /tmp/diml/ocr_results/d9btki1kf4s000f6m2i0/d9btki1kf4s000f6m2i0.0009 --oem 1 -l eng --psm 1 . Error: Error in pixCreateHeader: requested w = 36429, h = 60000, d = 8 Error in pixCreateHeader: requested by","NULL","2026-07-16 18:14:52.400","NULL","NULL"
"f4dc436a-405b-11ec-ab59-00505681224b","s3://enverus-courthouse-prod-chd-plants/nm/eog_lea/f4dc/f4dc436a-405b-11ec-ab59-00505681224b.pdf","d9bt8c9kf4s000f67qkg","1","OCR failed. Command: tesseract /tmp/diml/pngs/d9bt8c9kf4s000f67qkg/d9bt8c9kf4s000f67qkg.0001.png /tmp/diml/ocr_results/d9bt8c9kf4s000f67qkg/d9bt8c9kf4s000f67qkg.0001 --oem 1 -l eng --psm 1 . Error: Error in pixCreateHeader: requested w = 36429, h = 60000, d = 8 Error in pixCreateHeader: requested by","NULL","2026-07-16 18:14:52.400","NULL","NULL"
"a136dbc2-bc7b-11ec-be3a-00505681224b","s3://enverus-courthouse-prod-chd-plants/nm/lea/a136/a136dbc2-bc7b-11ec-be3a-00505681224b.pdf","d9btlo9hd6mg00bmi3hg","1","OCR failed. Command: tesseract /tmp/diml/pngs/d9btlo9hd6mg00bmi3hg/d9btlo9hd6mg00bmi3hg.0003.png /tmp/diml/ocr_results/d9btlo9hd6mg00bmi3hg/d9btlo9hd6mg00bmi3hg.0003 --oem 1 -l eng --psm 1 . Error: Error in pixCreateHeader: requested w = 36429, h = 60000, d = 8 Error in pixCreateHeader: requested by","NULL","2026-07-16 18:14:52.400","NULL","NULL"
"5a914807-6226-11ec-857a-00505681224b","s3://enverus-courthouse-prod-chd-plants/nm/eog_lea/5a91/5a914807-6226-11ec-857a-00505681224b.pdf","d9bts03te9l000f87ei0","1","OCR failed. Command: tesseract /tmp/diml/pngs/d9bts03te9l000f87ei0/d9bts03te9l000f87ei0.0001.png /tmp/diml/ocr_results/d9bts03te9l000f87ei0/d9bts03te9l000f87ei0.0001 --oem 1 -l eng --psm 1 . Error: Error in pixCreateHeader: requested w = 36429, h = 60000, d = 8 Error in pixCreateHeader: requested by","NULL","2026-07-16 18:14:52.400","NULL","NULL"
"e7e22034-097f-11ed-b57f-00505681224b","s3://enverus-courthouse-prod-chd-plants/nm/lea/e7e2/e7e22034-097f-11ed-b57f-00505681224b.pdf","d9bu0d0isvug00ftoao0","1","OCR failed. Command: tesseract /tmp/diml/pngs/d9bu0d0isvug00ftoao0/d9bu0d0isvug00ftoao0.0001.png /tmp/diml/ocr_results/d9bu0d0isvug00ftoao0/d9bu0d0isvug00ftoao0.0001 --oem 1 -l eng --psm 1 . Error: Error in pixCreateHeader: requested w = 36429, h = 60000, d = 8 Error in pixCreateHeader: requested by","NULL","2026-07-16 18:06:40.170","NULL","NULL"
"f5a11a0a-405b-11ec-921e-00505681224b","s3://enverus-courthouse-prod-chd-plants/nm/eog_lea/f5a1/f5a11a0a-405b-11ec-921e-00505681224b.pdf","d9bteohkf4s000f6erkg","1","OCR failed. Command: tesseract /tmp/diml/pngs/d9bteohkf4s000f6erkg/d9bteohkf4s000f6erkg.0001.png /tmp/diml/ocr_results/d9bteohkf4s000f6erkg/d9bteohkf4s000f6erkg.0001 --oem 1 -l eng --psm 1 . Error: Error in pixCreateHeader: requested w = 36429, h = 60000, d = 8 Error in pixCreateHeader: requested by","NULL","2026-07-16 18:06:40.170","NULL","NULL"
"f4ddc9fa-405b-11ec-8730-00505681224b","s3://enverus-courthouse-prod-chd-plants/nm/eog_lea/f4dd/f4ddc9fa-405b-11ec-8730-00505681224b.pdf","d9bt264ogvn0009a1po0","1","OCR failed. Command: tesseract /tmp/diml/pngs/d9bt264ogvn0009a1po0/d9bt264ogvn0009a1po0.0001.png /tmp/diml/ocr_results/d9bt264ogvn0009a1po0/d9bt264ogvn0009a1po0.0001 --oem 1 -l eng --psm 1 . Error: Error in pixCreateHeader: requested w = 36429, h = 60000, d = 8 Error in pixCreateHeader: requested by","NULL","2026-07-16 18:06:40.170","NULL","NULL"
"30d5407c-ec4c-11eb-8d81-00505681224b","s3://enverus-courthouse-prod-chd-plants/nm/eog_lea/30d5/30d5407c-ec4c-11eb-8d81-00505681224b.pdf","d9buq41kf4s000f8br70","1","OCR failed. Command: tesseract /tmp/diml/pngs/d9buq41kf4s000f8br70/d9buq41kf4s000f8br70.0001.png /tmp/diml/ocr_results/d9buq41kf4s000f8br70/d9buq41kf4s000f8br70.0001 --oem 1 -l eng --psm 1 . Error: Error in pixCreateHeader: requested w = 36429, h = 60000, d = 8 Error in pixCreateHeader: requested by","NULL","2026-07-16 18:06:40.170","NULL","NULL"
"5a914806-6226-11ec-91a7-00505681224b","s3://enverus-courthouse-prod-chd-plants/nm/eog_lea/5a91/5a914806-6226-11ec-91a7-00505681224b.pdf","d9bucpdlksng008fgnj0","1","OCR failed. Command: tesseract /tmp/diml/pngs/d9bucpdlksng008fgnj0/d9bucpdlksng008fgnj0.0001.png /tmp/diml/ocr_results/d9bucpdlksng008fgnj0/d9bucpdlksng008fgnj0.0001 --oem 1 -l eng --psm 1 . Error: Error in pixCreateHeader: requested w = 36429, h = 60000, d = 8 Error in pixCreateHeader: requested by","NULL","2026-07-16 18:06:40.170","NULL","NULL"
"447b1e73-097f-11ed-8513-00505681224b","s3://enverus-courthouse-prod-chd-plants/nm/lea/447b/447b1e73-097f-11ed-8513-00505681224b.pdf","d9bumcvr761000dgr070","1","OCR failed. Command: tesseract /tmp/diml/pngs/d9bumcvr761000dgr070/d9bumcvr761000dgr070.0009.png /tmp/diml/ocr_results/d9bumcvr761000dgr070/d9bumcvr761000dgr070.0009 --oem 1 -l eng --psm 1 . Error: Error in pixCreateHeader: requested w = 36429, h = 60000, d = 8 Error in pixCreateHeader: requested by","NULL","2026-07-16 18:06:40.170","NULL","NULL"
"1b37b3f6-3df8-11ec-9799-00505681224b","s3://enverus-courthouse-prod-chd-plants/nm/lea/1b37/1b37b3f6-3df8-11ec-9799-00505681224b.pdf","d9buh4phd6mg00bnoah0","1","OCR failed. Command: tesseract /tmp/diml/pngs/d9buh4phd6mg00bnoah0/d9buh4phd6mg00bnoah0.0001.png /tmp/diml/ocr_results/d9buh4phd6mg00bnoah0/d9buh4phd6mg00bnoah0.0001 --oem 1 -l eng --psm 1 . Error: Error in pixCreateHeader: requested w = 36429, h = 60000, d = 8 Error in pixCreateHeader: requested by","NULL","2026-07-16 18:06:40.170","NULL","NULL"
"aec4786a-a5b1-11ec-97f4-00505681224b","s3://enverus-courthouse-prod-chd-plants/nm/lea/aec4/aec4786a-a5b1-11ec-97f4-00505681224b.pdf","d9bt9bbrgi8g00bf02f0","1","OCR failed. Command: tesseract /tmp/diml/pngs/d9bt9bbrgi8g00bf02f0/d9bt9bbrgi8g00bf02f0.0001.png /tmp/diml/ocr_results/d9bt9bbrgi8g00bf02f0/d9bt9bbrgi8g00bf02f0.0001 --oem 1 -l eng --psm 1 . Error: Error in pixCreateHeader: requested w = 36429, h = 60000, d = 8 Error in pixCreateHeader: requested by","NULL","2026-07-16 18:06:40.170","NULL","NULL"
"96805742-097f-11ed-bafe-00505681224b","s3://enverus-courthouse-prod-chd-plants/nm/lea/9680/96805742-097f-11ed-bafe-00505681224b.pdf","d9bsrn1d6jhg0082fjvg","1","OCR failed. Command: tesseract /tmp/diml/pngs/d9bsrn1d6jhg0082fjvg/d9bsrn1d6jhg0082fjvg.0001.png /tmp/diml/ocr_results/d9bsrn1d6jhg0082fjvg/d9bsrn1d6jhg0082fjvg.0001 --oem 1 -l eng --psm 1 . Error: Error in pixCreateHeader: requested w = 36429, h = 60000, d = 8 Error in pixCreateHeader: requested by","NULL","2026-07-16 18:06:40.170","NULL","NULL"
"670bd1ce-3f8a-11ec-8c68-00505681224b","s3://enverus-courthouse-prod-chd-plants/nm/lea/670b/670bd1ce-3f8a-11ec-8c68-00505681224b.pdf","d9bu7kj1f5dg00beefgg","1","OCR failed. Command: tesseract /tmp/diml/pngs/d9bu7kj1f5dg00beefgg/d9bu7kj1f5dg00beefgg.0001.png /tmp/diml/ocr_results/d9bu7kj1f5dg00beefgg/d9bu7kj1f5dg00beefgg.0001 --oem 1 -l eng --psm 1 . Error: Error in pixCreateHeader: requested w = 36429, h = 60000, d = 8 Error in pixCreateHeader: requested by","NULL","2026-07-16 18:00:03.330","NULL","NULL"
"4719cfee-d733-11ec-898e-00505681224b","s3://enverus-courthouse-prod-chd-plants/nm/lea/4719/4719cfee-d733-11ec-898e-00505681224b.pdf","d9bt57chn77000f9ll1g","1","OCR failed. Command: tesseract /tmp/diml/pngs/d9bt57chn77000f9ll1g/d9bt57chn77000f9ll1g.0004.png /tmp/diml/ocr_results/d9bt57chn77000f9ll1g/d9bt57chn77000f9ll1g.0004 --oem 1 -l eng --psm 1 . Error: Error in pixCreateHeader: requested w = 36429, h = 60000, d = 8 Error in pixCreateHeader: requested by","NULL","2026-07-16 18:00:03.330","NULL","NULL"
"465a2d76-ec46-11eb-80f3-00505681224b","s3://enverus-courthouse-prod-chd-plants/nm/eog_lea/465a/465a2d76-ec46-11eb-80f3-00505681224b.pdf","d9btg4fr2ffg00dvn500","1","OCR failed. Command: tesseract /tmp/diml/pngs/d9btg4fr2ffg00dvn500/d9btg4fr2ffg00dvn500.0003.png /tmp/diml/ocr_results/d9btg4fr2ffg00dvn500/d9btg4fr2ffg00dvn500.0003 --oem 1 -l eng --psm 1 . Error: Error in pixCreateHeader: requested w = 36429, h = 60000, d = 8 Error in pixCreateHeader: requested by","NULL","2026-07-16 18:00:03.330","NULL","NULL"
"d32cae55-bc7b-11ec-97a4-00505681224b","s3://enverus-courthouse-prod-chd-plants/nm/eog_lea/d32c/d32cae55-bc7b-11ec-97a4-00505681224b.pdf","d9btqo030skg00d7nqa0","1","OCR failed. Command: tesseract /tmp/diml/pngs/d9btqo030skg00d7nqa0/d9btqo030skg00d7nqa0.0001.png /tmp/diml/ocr_results/d9btqo030skg00d7nqa0/d9btqo030skg00d7nqa0.0001 --oem 1 -l eng --psm 1 . Error: Error in pixCreateHeader: requested w = 36429, h = 60000, d = 8 Error in pixCreateHeader: requested by","NULL","2026-07-16 18:00:03.330","NULL","NULL"
"67b9245d-3f8a-11ec-8dcd-00505681224b","s3://enverus-courthouse-prod-chd-plants/nm/eog_lea/67b9/67b9245d-3f8a-11ec-8dcd-00505681224b.pdf","d9bt83hhd6mg00bm1srg","1","OCR failed. Command: tesseract /tmp/diml/pngs/d9bt83hhd6mg00bm1srg/d9bt83hhd6mg00bm1srg.0001.png /tmp/diml/ocr_results/d9bt83hhd6mg00bm1srg/d9bt83hhd6mg00bm1srg.0001 --oem 1 -l eng --psm 1 . Error: Error in pixCreateHeader: requested w = 36429, h = 60000, d = 8 Error in pixCreateHeader: requested by","NULL","2026-07-16 18:00:03.330","NULL","NULL"
"30d5406e-ec4c-11eb-898d-00505681224b","s3://enverus-courthouse-prod-chd-plants/nm/eog_lea/30d5/30d5406e-ec4c-11eb-898d-00505681224b.pdf","d9bt3skogvn0009a3o0g","1","OCR failed. Command: tesseract /tmp/diml/pngs/d9bt3skogvn0009a3o0g/d9bt3skogvn0009a3o0g.0003.png /tmp/diml/ocr_results/d9bt3skogvn0009a3o0g/d9bt3skogvn0009a3o0g.0003 --oem 1 -l eng --psm 1 . Error: Error in pixCreateHeader: requested w = 36429, h = 60000, d = 8 Error in pixCreateHeader: requested by","NULL","2026-07-16 18:00:03.330","NULL","NULL"
"8c650a66-bc7b-11ec-902d-00505681224b","s3://enverus-courthouse-prod-chd-plants/nm/lea/8c65/8c650a66-bc7b-11ec-902d-00505681224b.pdf","d9bt5c030skg00d6uh00","1","OCR failed. Command: tesseract /tmp/diml/pngs/d9bt5c030skg00d6uh00/d9bt5c030skg00d6uh00.0005.png /tmp/diml/ocr_results/d9bt5c030skg00d6uh00/d9bt5c030skg00d6uh00.0005 --oem 1 -l eng --psm 1 . Error: Error in pixCreateHeader: requested w = 36429, h = 60000, d = 8 Error in pixCreateHeader: requested by","NULL","2026-07-16 18:00:03.330","NULL","NULL"
"bd27ac5c-bc7b-11ec-b736-00505681224b","s3://enverus-courthouse-prod-chd-plants/nm/lea/bd27/bd27ac5c-bc7b-11ec-b736-00505681224b.pdf","d9bug83k4o90008a0lo0","1","OCR failed. Command: tesseract /tmp/diml/pngs/d9bug83k4o90008a0lo0/d9bug83k4o90008a0lo0.0003.png /tmp/diml/ocr_results/d9bug83k4o90008a0lo0/d9bug83k4o90008a0lo0.0003 --oem 1 -l eng --psm 1 . Error: Error in pixCreateHeader: requested w = 36429, h = 60000, d = 8 Error in pixCreateHeader: requested by","NULL","2026-07-16 18:00:03.330","NULL","NULL"
"d32cae5c-bc7b-11ec-9676-00505681224b","s3://enverus-courthouse-prod-chd-plants/nm/eog_lea/d32c/d32cae5c-bc7b-11ec-9676-00505681224b.pdf","d9bu0m95jqeg00e7g0gg","1","OCR failed. Command: tesseract /tmp/diml/pngs/d9bu0m95jqeg00e7g0gg/d9bu0m95jqeg00e7g0gg.0001.png /tmp/diml/ocr_results/d9bu0m95jqeg00e7g0gg/d9bu0m95jqeg00e7g0gg.0001 --oem 1 -l eng --psm 1 . Error: Error in pixCreateHeader: requested w = 36429, h = 60000, d = 8 Error in pixCreateHeader: requested by","NULL","2026-07-16 18:00:03.330","NULL","NULL"
"cb6ba53c-a5b1-11ec-8470-00505681224b","s3://enverus-courthouse-prod-chd-plants/nm/lea/cb6b/cb6ba53c-a5b1-11ec-8470-00505681224b.pdf","d9bt6lnr761000der1n0","1","OCR failed. Command: tesseract /tmp/diml/pngs/d9bt6lnr761000der1n0/d9bt6lnr761000der1n0.0001.png /tmp/diml/ocr_results/d9bt6lnr761000der1n0/d9bt6lnr761000der1n0.0001 --oem 1 -l eng --psm 1 . Error: Error in pixCreateHeader: requested w = 36429, h = 60000, d = 8 Error in pixCreateHeader: requested by","NULL","2026-07-16 18:00:03.330","NULL","NULL"
"471933bf-d733-11ec-99f0-00505681224b","s3://enverus-courthouse-prod-chd-plants/nm/lea/4719/471933bf-d733-11ec-99f0-00505681224b.pdf","d9bu8aeicpjg00dco2u0","1","OCR failed. Command: tesseract /tmp/diml/pngs/d9bu8aeicpjg00dco2u0/d9bu8aeicpjg00dco2u0.0001.png /tmp/diml/ocr_results/d9bu8aeicpjg00dco2u0/d9bu8aeicpjg00dco2u0.0001 --oem 1 -l eng --psm 1 . Error: Error in pixCreateHeader: requested w = 36429, h = 60000, d = 8 Error in pixCreateHeader: requested by","NULL","2026-07-16 17:53:07.120","NULL","NULL"
"576b04bc-d733-11ec-be91-00505681224b","s3://enverus-courthouse-prod-chd-plants/nm/lea/576b/576b04bc-d733-11ec-be91-00505681224b.pdf","d9bu8m3s7m5g0089co7g","1","OCR failed. Command: tesseract /tmp/diml/pngs/d9bu8m3s7m5g0089co7g/d9bu8m3s7m5g0089co7g.0001.png /tmp/diml/ocr_results/d9bu8m3s7m5g0089co7g/d9bu8m3s7m5g0089co7g.0001 --oem 1 -l eng --psm 1 . Error: Error in pixCreateHeader: requested w = 36429, h = 60000, d = 8 Error in pixCreateHeader: requested by","NULL","2026-07-16 17:53:07.120","NULL","NULL"
"447af75f-097f-11ed-86fa-00505681224b","s3://enverus-courthouse-prod-chd-plants/nm/lea/447a/447af75f-097f-11ed-86fa-00505681224b.pdf","d9btqtb1f5dg00bdsicg","1","OCR failed. Command: tesseract /tmp/diml/pngs/d9btqtb1f5dg00bdsicg/d9btqtb1f5dg00bdsicg.0001.png /tmp/diml/ocr_results/d9btqtb1f5dg00bdsicg/d9btqtb1f5dg00bdsicg.0001 --oem 1 -l eng --psm 1 . Error: Error in pixCreateHeader: requested w = 36429, h = 60000, d = 8 Error in pixCreateHeader: requested by","NULL","2026-07-16 17:53:07.120","NULL","NULL"
"f10be279-6225-11ec-9545-00505681224b","s3://enverus-courthouse-prod-chd-plants/nm/lea/f10b/f10be279-6225-11ec-9545-00505681224b.pdf","d9bt0k3s7m5g0087q0r0","1","OCR failed. Command: tesseract /tmp/diml/pngs/d9bt0k3s7m5g0087q0r0/d9bt0k3s7m5g0087q0r0.0001.png /tmp/diml/ocr_results/d9bt0k3s7m5g0087q0r0/d9bt0k3s7m5g0087q0r0.0001 --oem 1 -l eng --psm 1 . Error: Error in pixCreateHeader: requested w = 36429, h = 60000, d = 8 Error in pixCreateHeader: requested by","NULL","2026-07-16 17:53:07.120","NULL","NULL"
"c8400a3e-8bcb-11ec-85da-00505681224b","s3://enverus-courthouse-prod-chd-plants/nm/lea/c840/c8400a3e-8bcb-11ec-85da-00505681224b.pdf","d9bt95fpfdig00fagutg","1","OCR failed. Command: tesseract /tmp/diml/pngs/d9bt95fpfdig00fagutg/d9bt95fpfdig00fagutg.0001.png /tmp/diml/ocr_results/d9bt95fpfdig00fagutg/d9bt95fpfdig00fagutg.0001 --oem 1 -l eng --psm 1 . Error: Error in pixCreateHeader: requested w = 36429, h = 60000, d = 8 Error in pixCreateHeader: requested by","NULL","2026-07-16 17:53:07.120","NULL","NULL"
"bc0b0f64-42b7-11ec-b976-00505681224b","s3://enverus-courthouse-prod-chd-plants/nm/eog_lea/bc0b/bc0b0f64-42b7-11ec-b976-00505681224b.pdf","d9btn5rdelo000dua4c0","1","OCR failed. Command: tesseract /tmp/diml/pngs/d9btn5rdelo000dua4c0/d9btn5rdelo000dua4c0.0001.png /tmp/diml/ocr_results/d9btn5rdelo000dua4c0/d9btn5rdelo000dua4c0.0001 --oem 1 -l eng --psm 1 . Error: Error in pixCreateHeader: requested w = 36429, h = 60000, d = 8 Error in pixCreateHeader: requested by","NULL","2026-07-16 17:53:07.120","NULL","NULL"
"aec47856-a5b1-11ec-b643-00505681224b","s3://enverus-courthouse-prod-chd-plants/nm/lea/aec4/aec47856-a5b1-11ec-b643-00505681224b.pdf","d9bt28hd6jhg0082m3e0","1","OCR failed. Command: tesseract /tmp/diml/pngs/d9bt28hd6jhg0082m3e0/d9bt28hd6jhg0082m3e0.0001.png /tmp/diml/ocr_results/d9bt28hd6jhg0082m3e0/d9bt28hd6jhg0082m3e0.0001 --oem 1 -l eng --psm 1 . Error: Error in pixCreateHeader: requested w = 36429, h = 60000, d = 8 Error in pixCreateHeader: requested by","NULL","2026-07-16 17:53:07.120","NULL","NULL"
"e7e1f91e-097f-11ed-9915-00505681224b","s3://enverus-courthouse-prod-chd-plants/nm/lea/e7e1/e7e1f91e-097f-11ed-9915-00505681224b.pdf","d9btqkc1kr4g008e4j40","1","OCR failed. Command: tesseract /tmp/diml/pngs/d9btqkc1kr4g008e4j40/d9btqkc1kr4g008e4j40.0005.png /tmp/diml/ocr_results/d9btqkc1kr4g008e4j40/d9btqkc1kr4g008e4j40.0005 --oem 1 -l eng --psm 1 . Error: Error in pixCreateHeader: requested w = 36429, h = 60000, d = 8 Error in pixCreateHeader: requested by","NULL","2026-07-16 17:53:07.120","NULL","NULL"
"b21a80ac-8d29-11eb-87a5-00505681224b","s3://enverus-courthouse-prod-chd-plants/nm/eog_lea/b21a/b21a80ac-8d29-11eb-87a5-00505681224b.pdf","d9budm19ha2000c7fkv0","1","OCR failed. Command: tesseract /tmp/diml/pngs/d9budm19ha2000c7fkv0/d9budm19ha2000c7fkv0.0006.png /tmp/diml/ocr_results/d9budm19ha2000c7fkv0/d9budm19ha2000c7fkv0.0006 --oem 1 -l eng --psm 1 . Error: Error in pixCreateHeader: requested w = 36429, h = 60000, d = 8 Error in pixCreateHeader: requested by","NULL","2026-07-16 17:53:07.120","NULL","NULL"
"9313a046-7d7a-11eb-9c55-00505681224b","s3://enverus-courthouse-prod-chd-plants/nm/eog_lea/9313/9313a046-7d7a-11eb-9c55-00505681224b.pdf","d9buh4u89gsg00fhcjqg","1","OCR failed. Command: tesseract /tmp/diml/pngs/d9buh4u89gsg00fhcjqg/d9buh4u89gsg00fhcjqg.0001.png /tmp/diml/ocr_results/d9buh4u89gsg00fhcjqg/d9buh4u89gsg00fhcjqg.0001 --oem 1 -l eng --psm 1 . Error: Error in pixCreateHeader: requested w = 36429, h = 60000, d = 8 Error in pixCreateHeader: requested by","NULL","2026-07-16 17:53:07.120","NULL","NULL"
"4cd9ecbb-8bcc-11ec-b9df-00505681224b","s3://enverus-courthouse-prod-chd-plants/nm/eog_lea/4cd9/4cd9ecbb-8bcc-11ec-b9df-00505681224b.pdf","d9bu7fjk4o900089jlk0","1","OCR failed. Command: tesseract /tmp/diml/pngs/d9bu7fjk4o900089jlk0/d9bu7fjk4o900089jlk0.0007.png /tmp/diml/ocr_results/d9bu7fjk4o900089jlk0/d9bu7fjk4o900089jlk0.0007 --oem 1 -l eng --psm 1 . Error: Error in pixCreateHeader: requested w = 36429, h = 60000, d = 8 Error in pixCreateHeader: requested by","NULL","2026-07-16 17:47:49.800","NULL","NULL"
"d32d2399-bc7b-11ec-a4d4-00505681224b","s3://enverus-courthouse-prod-chd-plants/nm/eog_lea/d32d/d32d2399-bc7b-11ec-a4d4-00505681224b.pdf","d9bu0m7pfcq000ffqpv0","1","OCR failed. Command: tesseract /tmp/diml/pngs/d9bu0m7pfcq000ffqpv0/d9bu0m7pfcq000ffqpv0.0001.png /tmp/diml/ocr_results/d9bu0m7pfcq000ffqpv0/d9bu0m7pfcq000ffqpv0.0001 --oem 1 -l eng --psm 1 . Error: Error in pixCreateHeader: requested w = 36429, h = 60000, d = 8 Error in pixCreateHeader: requested by","NULL","2026-07-16 17:47:49.800","NULL","NULL"
"b5e1e315-d733-11ec-9e5d-00505681224b","s3://enverus-courthouse-prod-chd-plants/nm/eog_lea/b5e1/b5e1e315-d733-11ec-9e5d-00505681224b.pdf","d9btgg31f5dg00bdfesg","1","OCR failed. Command: tesseract /tmp/diml/pngs/d9btgg31f5dg00bdfesg/d9btgg31f5dg00bdfesg.0005.png /tmp/diml/ocr_results/d9btgg31f5dg00bdfesg/d9btgg31f5dg00bdfesg.0005 --oem 1 -l eng --psm 1 . Error: Error in pixCreateHeader: requested w = 36429, h = 60000, d = 8 Error in pixCreateHeader: requested by","NULL","2026-07-16 17:47:49.800","NULL","NULL"
"1b5dc700-d733-11ec-a6e5-00505681224b","s3://enverus-courthouse-prod-chd-plants/nm/lea/1b5d/1b5dc700-d733-11ec-a6e5-00505681224b.pdf","d9bt08jdelo000dtevtg","1","OCR failed. Command: tesseract /tmp/diml/pngs/d9bt08jdelo000dtevtg/d9bt08jdelo000dtevtg.0001.png /tmp/diml/ocr_results/d9bt08jdelo000dtevtg/d9bt08jdelo000dtevtg.0001 --oem 1 -l eng --psm 1 . Error: Error in pixCreateHeader: requested w = 36429, h = 60000, d = 8 Error in pixCreateHeader: requested by","NULL","2026-07-16 17:47:49.800","NULL","NULL"
"471981df-d733-11ec-9d3e-00505681224b","s3://enverus-courthouse-prod-chd-plants/nm/lea/4719/471981df-d733-11ec-9d3e-00505681224b.pdf","d9buj4phd6mg00bnr38g","1","OCR failed. Command: tesseract /tmp/diml/pngs/d9buj4phd6mg00bnr38g/d9buj4phd6mg00bnr38g.0001.png /tmp/diml/ocr_results/d9buj4phd6mg00bnr38g/d9buj4phd6mg00bnr38g.0001 --oem 1 -l eng --psm 1 . Error: Error in pixCreateHeader: requested w = 36429, h = 60000, d = 8 Error in pixCreateHeader: requested by","NULL","2026-07-16 17:47:49.800","NULL","NULL"
"bc0a2504-42b7-11ec-8272-00505681224b","s3://enverus-courthouse-prod-chd-plants/nm/eog_lea/bc0a/bc0a2504-42b7-11ec-8272-00505681224b.pdf","d9bucdm89gsg00fh5n10","1","OCR failed. Command: tesseract /tmp/diml/pngs/d9bucdm89gsg00fh5n10/d9bucdm89gsg00fh5n10.0001.png /tmp/diml/ocr_results/d9bucdm89gsg00fh5n10/d9bucdm89gsg00fh5n10.0001 --oem 1 -l eng --psm 1 . Error: Error in pixCreateHeader: requested w = 36429, h = 60000, d = 8 Error in pixCreateHeader: requested by","NULL","2026-07-16 17:47:49.800","NULL","NULL"
"c244374b-3ec2-11ec-92db-00505681224b","s3://enverus-courthouse-prod-chd-plants/nm/lea/c244/c244374b-3ec2-11ec-92db-00505681224b.pdf","d9bt7sk1kr4g008ddmqg","1","OCR failed. Command: tesseract /tmp/diml/pngs/d9bt7sk1kr4g008ddmqg/d9bt7sk1kr4g008ddmqg.0001.png /tmp/diml/ocr_results/d9bt7sk1kr4g008ddmqg/d9bt7sk1kr4g008ddmqg.0001 --oem 1 -l eng --psm 1 . Error: Error in pixCreateHeader: requested w = 36429, h = 60000, d = 8 Error in pixCreateHeader: requested by","NULL","2026-07-16 17:47:49.800","NULL","NULL"
"f4dc918b-405b-11ec-b1b0-00505681224b","s3://enverus-courthouse-prod-chd-plants/nm/eog_lea/f4dc/f4dc918b-405b-11ec-b1b0-00505681224b.pdf","d9btlknak3500086m8u0","1","OCR failed. Command: tesseract /tmp/diml/pngs/d9btlknak3500086m8u0/d9btlknak3500086m8u0.0001.png /tmp/diml/ocr_results/d9btlknak3500086m8u0/d9btlknak3500086m8u0.0001 --oem 1 -l eng --psm 1 . Error: Error in pixCreateHeader: requested w = 36429, h = 60000, d = 8 Error in pixCreateHeader: requested by","NULL","2026-07-16 17:47:49.800","NULL","NULL"
"f10be270-6225-11ec-a199-00505681224b","s3://enverus-courthouse-prod-chd-plants/nm/lea/f10b/f10be270-6225-11ec-a199-00505681224b.pdf","d9btdqc1kr4g008dl4qg","1","OCR failed. Command: tesseract /tmp/diml/pngs/d9btdqc1kr4g008dl4qg/d9btdqc1kr4g008dl4qg.0001.png /tmp/diml/ocr_results/d9btdqc1kr4g008dl4qg/d9btdqc1kr4g008dl4qg.0001 --oem 1 -l eng --psm 1 . Error: Error in pixCreateHeader: requested w = 36429, h = 60000, d = 8 Error in pixCreateHeader: requested by","NULL","2026-07-16 17:47:49.800","NULL","NULL"
"8e8d8b71-d3ea-11eb-b4e2-00505681224b","s3://enverus-courthouse-prod-chd-plants/nm/lea/8e8d/8e8d8b71-d3ea-11eb-b4e2-00505681224b.pdf","d9btqm6icpjg00dc50t0","1","OCR failed. Command: tesseract /tmp/diml/pngs/d9btqm6icpjg00dc50t0/d9btqm6icpjg00dc50t0.0001.png /tmp/diml/ocr_results/d9btqm6icpjg00dc50t0/d9btqm6icpjg00dc50t0.0001 --oem 1 -l eng --psm 1 . Error: Error in pixCreateHeader: requested w = 36429, h = 60000, d = 8 Error in pixCreateHeader: requested by","NULL","2026-07-16 17:47:49.800","NULL","NULL"
"f10c0969-6225-11ec-88b9-00505681224b","s3://enverus-courthouse-prod-chd-plants/nm/lea/f10c/f10c0969-6225-11ec-88b9-00505681224b.pdf","d9bt3mo30skg00d6sdbg","1","OCR failed. Command: tesseract /tmp/diml/pngs/d9bt3mo30skg00d6sdbg/d9bt3mo30skg00d6sdbg.0001.png /tmp/diml/ocr_results/d9bt3mo30skg00d6sdbg/d9bt3mo30skg00d6sdbg.0001 --oem 1 -l eng --psm 1 . Error: Error in pixCreateHeader: requested w = 36429, h = 60000, d = 8 Error in pixCreateHeader: requested by","NULL","2026-07-16 17:47:49.800","NULL","NULL"
"cb6ba555-a5b1-11ec-a752-00505681224b","s3://enverus-courthouse-prod-chd-plants/nm/lea/cb6b/cb6ba555-a5b1-11ec-a752-00505681224b.pdf","d9bu37llksng008f2hag","1","OCR failed. Command: tesseract /tmp/diml/pngs/d9bu37llksng008f2hag/d9bu37llksng008f2hag.0001.png /tmp/diml/ocr_results/d9bu37llksng008f2hag/d9bu37llksng008f2hag.0001 --oem 1 -l eng --psm 1 . Error: Error in pixCreateHeader: requested w = 36429, h = 60000, d = 8 Error in pixCreateHeader: requested by","NULL","2026-07-16 17:47:49.800","NULL","NULL"
"4cd9c5b8-8bcc-11ec-ac81-00505681224b","s3://enverus-courthouse-prod-chd-plants/nm/eog_lea/4cd9/4cd9c5b8-8bcc-11ec-ac81-00505681224b.pdf","d9bumbphd6mg00bo079g","1","OCR failed. Command: tesseract /tmp/diml/pngs/d9bumbphd6mg00bo079g/d9bumbphd6mg00bo079g.0008.png /tmp/diml/ocr_results/d9bumbphd6mg00bo079g/d9bumbphd6mg00bo079g.0008 --oem 1 -l eng --psm 1 . Error: Error in pixCreateHeader: requested w = 36429, h = 60000, d = 8 Error in pixCreateHeader: requested by","NULL","2026-07-16 17:47:49.800","NULL","NULL"
"c244375a-3ec2-11ec-96e9-00505681224b","s3://enverus-courthouse-prod-chd-plants/nm/lea/c244/c244375a-3ec2-11ec-96e9-00505681224b.pdf","d9bt3g19ha2000c5oq80","1","OCR failed. Command: tesseract /tmp/diml/pngs/d9bt3g19ha2000c5oq80/d9bt3g19ha2000c5oq80.0001.png /tmp/diml/ocr_results/d9bt3g19ha2000c5oq80/d9bt3g19ha2000c5oq80.0001 --oem 1 -l eng --psm 1 . Error: Error in pixCreateHeader: requested w = 36429, h = 60000, d = 8 Error in pixCreateHeader: requested by","NULL","2026-07-16 17:47:49.800","NULL","NULL"
"d32d2388-bc7b-11ec-a129-00505681224b","s3://enverus-courthouse-prod-chd-plants/nm/eog_lea/d32d/d32d2388-bc7b-11ec-a129-00505681224b.pdf","d9bunj9kf4s000f87t5g","1","OCR failed. Command: tesseract /tmp/diml/pngs/d9bunj9kf4s000f87t5g/d9bunj9kf4s000f87t5g.0001.png /tmp/diml/ocr_results/d9bunj9kf4s000f87t5g/d9bunj9kf4s000f87t5g.0001 --oem 1 -l eng --psm 1 . Error: Error in pixCreateHeader: requested w = 36429, h = 60000, d = 8 Error in pixCreateHeader: requested by","NULL","2026-07-16 17:47:49.800","NULL","NULL"
"3a2df2a1-a198-11eb-90ae-00505681224b","s3://enverus-courthouse-prod-chd-plants/nm/eog_lea/3a2d/3a2df2a1-a198-11eb-90ae-00505681224b.pdf","d9bt4spb0h1g00cvrdf0","1","OCR failed. Command: tesseract /tmp/diml/pngs/d9bt4spb0h1g00cvrdf0/d9bt4spb0h1g00cvrdf0.0002.png /tmp/diml/ocr_results/d9bt4spb0h1g00cvrdf0/d9bt4spb0h1g00cvrdf0.0002 --oem 1 -l eng --psm 1 . Error: Error in pixCreateHeader: requested w = 36429, h = 60000, d = 8 Error in pixCreateHeader: requested by","NULL","2026-07-16 17:47:49.800","NULL","NULL"
"b5e1e303-d733-11ec-b1a8-00505681224b","s3://enverus-courthouse-prod-chd-plants/nm/eog_lea/b5e1/b5e1e303-d733-11ec-b1a8-00505681224b.pdf","d9bu68i2oub000e2nogg","1","OCR failed. Command: tesseract /tmp/diml/pngs/d9bu68i2oub000e2nogg/d9bu68i2oub000e2nogg.0005.png /tmp/diml/ocr_results/d9bu68i2oub000e2nogg/d9bu68i2oub000e2nogg.0005 --oem 1 -l eng --psm 1 . Error: Error in pixCreateHeader: requested w = 36429, h = 60000, d = 8 Error in pixCreateHeader: requested by","NULL","2026-07-16 17:47:49.800","NULL","NULL"
"c244373d-3ec2-11ec-9219-00505681224b","s3://enverus-courthouse-prod-chd-plants/nm/lea/c244/c244373d-3ec2-11ec-9219-00505681224b.pdf","d9btd7sogvn0009ado6g","1","OCR failed. Command: tesseract /tmp/diml/pngs/d9btd7sogvn0009ado6g/d9btd7sogvn0009ado6g.0001.png /tmp/diml/ocr_results/d9btd7sogvn0009ado6g/d9btd7sogvn0009ado6g.0001 --oem 1 -l eng --psm 1 . Error: Error in pixCreateHeader: requested w = 36429, h = 60000, d = 8 Error in pixCreateHeader: requested by","NULL","2026-07-16 17:47:49.800","NULL","NULL"
"1b5e6335-d733-11ec-83a8-00505681224b","s3://enverus-courthouse-prod-chd-plants/nm/lea/1b5e/1b5e6335-d733-11ec-83a8-00505681224b.pdf","d9btep3rgi8g00bf6jmg","1","OCR failed. Command: tesseract /tmp/diml/pngs/d9btep3rgi8g00bf6jmg/d9btep3rgi8g00bf6jmg.0001.png /tmp/diml/ocr_results/d9btep3rgi8g00bf6jmg/d9btep3rgi8g00bf6jmg.0001 --oem 1 -l eng --psm 1 . Error: Error in pixCreateHeader: requested w = 36429, h = 60000, d = 8 Error in pixCreateHeader: requested by","NULL","2026-07-16 17:47:49.800","NULL","NULL"
"5a9dfe88-d511-40cd-b42e-a9b6d8aefc3b","s3://enverus-courthouse-prod-chd-plants/tx/montgomery/5a9d/5a9dfe88-d511-40cd-b42e-a9b6d8aefc3b.pdf","b8p9al9cjjkg1esfcp3g","1","No pdf could be downloaded, error=s3://di-diml-platinum-prod/b8p9al9cjjkg1esfcp3g/b8p9alhcjjkg1esfcp4g/2017110233.pdf: Could not connect to the endpoint URL: ""https://sts.us-east-1.amazonaws.com/""","NULL","2026-07-16 17:41:19.967","2026-07-16 20:35:24.610","NULL"
"670b358a-3f8a-11ec-84b4-00505681224b","s3://enverus-courthouse-prod-chd-plants/nm/lea/670b/670b358a-3f8a-11ec-84b4-00505681224b.pdf","d9bu0mk1kr4g008ecs7g","1","OCR failed. Command: tesseract /tmp/diml/pngs/d9bu0mk1kr4g008ecs7g/d9bu0mk1kr4g008ecs7g.0001.png /tmp/diml/ocr_results/d9bu0mk1kr4g008ecs7g/d9bu0mk1kr4g008ecs7g.0001 --oem 1 -l eng --psm 1 . Error: Error in pixCreateHeader: requested w = 36429, h = 60000, d = 8 Error in pixCreateHeader: requested by","NULL","2026-07-16 17:41:19.967","NULL","NULL"
"cdca1f5b-001c-4e04-a22d-8fa60acd22b2","s3://enverus-courthouse-prod-chd-plants/tx/terrell/cdca/cdca1f5b-001c-4e04-a22d-8fa60acd22b2.pdf","c09ns1ml2u6000aq4nc0","1","No pdf could be downloaded, error=PDF file c09ns1ml2u6000aq4nc0/c09ns1m4nu2g00fv5o5g/9-35339.pdf is too large to be processed, size=1.2052799882367253 GB","NULL","2026-07-16 17:41:19.967","NULL","NULL"
"1b5f4daf-d733-11ec-9cff-00505681224b","s3://enverus-courthouse-prod-chd-plants/nm/lea/1b5f/1b5f4daf-d733-11ec-9cff-00505681224b.pdf","d9btqks1kr4g008e4k80","1","OCR failed. Command: tesseract /tmp/diml/pngs/d9btqks1kr4g008e4k80/d9btqks1kr4g008e4k80.0003.png /tmp/diml/ocr_results/d9btqks1kr4g008e4k80/d9btqks1kr4g008e4k80.0003 --oem 1 -l eng --psm 1 . Error: Error in pixCreateHeader: requested w = 36429, h = 60000, d = 8 Error in pixCreateHeader: requested by","NULL","2026-07-16 17:41:19.967","NULL","NULL"
"bc08775e-42b7-11ec-b111-00505681224b","s3://enverus-courthouse-prod-chd-plants/nm/eog_lea/bc08/bc08775e-42b7-11ec-b111-00505681224b.pdf","d9buqjvr2ffg00e1j5h0","1","OCR failed. Command: tesseract /tmp/diml/pngs/d9buqjvr2ffg00e1j5h0/d9buqjvr2ffg00e1j5h0.0002.png /tmp/diml/ocr_results/d9buqjvr2ffg00e1j5h0/d9buqjvr2ffg00e1j5h0.0002 --oem 1 -l eng --psm 1 . Error: Error in pixCreateHeader: requested w = 36429, h = 60000, d = 8 Error in pixCreateHeader: requested by","NULL","2026-07-16 17:41:19.967","NULL","NULL"
"ca5cc04a-097e-11ed-b058-00505681224b","s3://enverus-courthouse-prod-chd-plants/nm/eog_lea/ca5c/ca5cc04a-097e-11ed-b058-00505681224b.pdf","d9btpibs7m5g0088n9bg","1","OCR failed. Command: tesseract /tmp/diml/pngs/d9btpibs7m5g0088n9bg/d9btpibs7m5g0088n9bg.0001.png /tmp/diml/ocr_results/d9btpibs7m5g0088n9bg/d9btpibs7m5g0088n9bg.0001 --oem 1 -l eng --psm 1 . Error: Error in pixCreateHeader: requested w = 36429, h = 60000, d = 8 Error in pixCreateHeader: requested by","NULL","2026-07-16 17:41:19.967","NULL","NULL"
"42a7d679-0980-11ed-8d20-00505681224b","s3://enverus-courthouse-prod-chd-plants/nm/lea/42a7/42a7d679-0980-11ed-8d20-00505681224b.pdf","d9bthm8isvug00ft5h3g","1","OCR failed. Command: tesseract /tmp/diml/pngs/d9bthm8isvug00ft5h3g/d9bthm8isvug00ft5h3g.0001.png /tmp/diml/ocr_results/d9bthm8isvug00ft5h3g/d9bthm8isvug00ft5h3g.0001 --oem 1 -l eng --psm 1 . Error: Error in pixCreateHeader: requested w = 36429, h = 60000, d = 8 Error in pixCreateHeader: requested by","NULL","2026-07-16 17:41:19.967","NULL","NULL"
"8c650a61-bc7b-11ec-9d38-00505681224b","s3://enverus-courthouse-prod-chd-plants/nm/lea/8c65/8c650a61-bc7b-11ec-9d38-00505681224b.pdf","d9bu6gnr2ffg00e0ljvg","1","OCR failed. Command: tesseract /tmp/diml/pngs/d9bu6gnr2ffg00e0ljvg/d9bu6gnr2ffg00e0ljvg.0002.png /tmp/diml/ocr_results/d9bu6gnr2ffg00e0ljvg/d9bu6gnr2ffg00e0ljvg.0002 --oem 1 -l eng --psm 1 . Error: Error in pixCreateHeader: requested w = 36429, h = 60000, d = 8 Error in pixCreateHeader: requested by","NULL","2026-07-16 17:41:19.967","NULL","NULL"
"e7e0e7a3-097f-11ed-9807-00505681224b","s3://enverus-courthouse-prod-chd-plants/nm/lea/e7e0/e7e0e7a3-097f-11ed-9807-00505681224b.pdf","d9bu2uhd6jhg0083tv20","1","OCR failed. Command: tesseract /tmp/diml/pngs/d9bu2uhd6jhg0083tv20/d9bu2uhd6jhg0083tv20.0001.png /tmp/diml/ocr_results/d9bu2uhd6jhg0083tv20/d9bu2uhd6jhg0083tv20.0001 --oem 1 -l eng --psm 1 . Error: Error in pixCreateHeader: requested w = 36429, h = 60000, d = 8 Error in pixCreateHeader: requested by","NULL","2026-07-16 17:41:19.967","NULL","NULL"
"5a92a79d-6226-11ec-bcea-00505681224b","s3://enverus-courthouse-prod-chd-plants/nm/eog_lea/5a92/5a92a79d-6226-11ec-bcea-00505681224b.pdf","d9buhvrs7m5g0089q2vg","1","OCR failed. Command: tesseract /tmp/diml/pngs/d9buhvrs7m5g0089q2vg/d9buhvrs7m5g0089q2vg.0001.png /tmp/diml/ocr_results/d9buhvrs7m5g0089q2vg/d9buhvrs7m5g0089q2vg.0001 --oem 1 -l eng --psm 1 . Error: Error in pixCreateHeader: requested w = 36429, h = 60000, d = 8 Error in pixCreateHeader: requested by","NULL","2026-07-16 17:34:03.567","NULL","NULL"
"f59fba7b-405b-11ec-badb-00505681224b","s3://enverus-courthouse-prod-chd-plants/nm/eog_lea/f59f/f59fba7b-405b-11ec-badb-00505681224b.pdf","d9buphu89gsg00fhopl0","1","OCR failed. Command: tesseract /tmp/diml/pngs/d9buphu89gsg00fhopl0/d9buphu89gsg00fhopl0.0001.png /tmp/diml/ocr_results/d9buphu89gsg00fhopl0/d9buphu89gsg00fhopl0.0001 --oem 1 -l eng --psm 1 . Error: Error in pixCreateHeader: requested w = 36429, h = 60000, d = 8 Error in pixCreateHeader: requested by","NULL","2026-07-16 17:34:03.567","NULL","NULL"
"b21a59b0-8d29-11eb-8e46-00505681224b","s3://enverus-courthouse-prod-chd-plants/nm/eog_lea/b21a/b21a59b0-8d29-11eb-8e46-00505681224b.pdf","d9bts9gisvug00ftjau0","1","OCR failed. Command: tesseract /tmp/diml/pngs/d9bts9gisvug00ftjau0/d9bts9gisvug00ftjau0.0004.png /tmp/diml/ocr_results/d9bts9gisvug00ftjau0/d9bts9gisvug00ftjau0.0004 --oem 1 -l eng --psm 1 . Error: Error in pixCreateHeader: requested w = 36429, h = 60000, d = 8 Error in pixCreateHeader: requested by","NULL","2026-07-16 17:34:03.567","NULL","NULL"
"27240fa8-0980-11ed-8044-00505681224b","s3://enverus-courthouse-prod-chd-plants/nm/lea/2724/27240fa8-0980-11ed-8044-00505681224b.pdf","d9bu2onr761000dftrf0","1","OCR failed. Command: tesseract /tmp/diml/pngs/d9bu2onr761000dftrf0/d9bu2onr761000dftrf0.0005.png /tmp/diml/ocr_results/d9bu2onr761000dftrf0/d9bu2onr761000dftrf0.0005 --oem 1 -l eng --psm 1 . Error: Error in pixCreateHeader: requested w = 36429, h = 60000, d = 8 Error in pixCreateHeader: requested by","NULL","2026-07-16 17:34:03.567","NULL","NULL"
"a136668e-bc7b-11ec-824b-00505681224b","s3://enverus-courthouse-prod-chd-plants/nm/lea/a136/a136668e-bc7b-11ec-824b-00505681224b.pdf","d9buq4nr2ffg00e1iuk0","1","OCR failed. Command: tesseract /tmp/diml/pngs/d9buq4nr2ffg00e1iuk0/d9buq4nr2ffg00e1iuk0.0001.png /tmp/diml/ocr_results/d9buq4nr2ffg00e1iuk0/d9buq4nr2ffg00e1iuk0.0001 --oem 1 -l eng --psm 1 . Error: Error in pixCreateHeader: requested w = 36429, h = 60000, d = 8 Error in pixCreateHeader: requested by","NULL","2026-07-16 17:34:03.567","NULL","NULL"
"c2441029-3ec2-11ec-be56-00505681224b","s3://enverus-courthouse-prod-chd-plants/nm/lea/c244/c2441029-3ec2-11ec-be56-00505681224b.pdf","d9bu8k3dd4a000d5t9eg","1","OCR failed. Command: tesseract /tmp/diml/pngs/d9bu8k3dd4a000d5t9eg/d9bu8k3dd4a000d5t9eg.0001.png /tmp/diml/ocr_results/d9bu8k3dd4a000d5t9eg/d9bu8k3dd4a000d5t9eg.0001 --oem 1 -l eng --psm 1 . Error: Error in pixCreateHeader: requested w = 36429, h = 60000, d = 8 Error in pixCreateHeader: requested by","NULL","2026-07-16 17:34:03.567","NULL","NULL"
"670bd1e4-3f8a-11ec-91fd-00505681224b","s3://enverus-courthouse-prod-chd-plants/nm/lea/670b/670bd1e4-3f8a-11ec-91fd-00505681224b.pdf","d9bsv1sogvn00099uk40","1","OCR failed. Command: tesseract /tmp/diml/pngs/d9bsv1sogvn00099uk40/d9bsv1sogvn00099uk40.0001.png /tmp/diml/ocr_results/d9bsv1sogvn00099uk40/d9bsv1sogvn00099uk40.0001 --oem 1 -l eng --psm 1 . Error: Error in pixCreateHeader: requested w = 36429, h = 60000, d = 8 Error in pixCreateHeader: requested by","NULL","2026-07-16 17:34:03.567","NULL","NULL"
"f59f4546-405b-11ec-ab13-00505681224b","s3://enverus-courthouse-prod-chd-plants/nm/eog_lea/f59f/f59f4546-405b-11ec-ab13-00505681224b.pdf","d9bt9buicpjg00dbfr6g","1","OCR failed. Command: tesseract /tmp/diml/pngs/d9bt9buicpjg00dbfr6g/d9bt9buicpjg00dbfr6g.0001.png /tmp/diml/ocr_results/d9bt9buicpjg00dbfr6g/d9bt9buicpjg00dbfr6g.0001 --oem 1 -l eng --psm 1 . Error: Error in pixCreateHeader: requested w = 36429, h = 60000, d = 8 Error in pixCreateHeader: requested by","NULL","2026-07-16 17:34:03.567","NULL","NULL"
"33851079-4cbc-4c98-942a-b978033c8dd3","s3://enverus-courthouse-prod-chd-plants/ok/love/3385/33851079-4cbc-4c98-942a-b978033c8dd3.pdf","b9b7549cjjkg1esoqojg","1","No pdf could be downloaded, error=s3://di-diml-platinum-prod/b9b7549cjjkg1esoqojg/b9b7549cjjkg1esoqok0/000074.pdf: Could not connect to the endpoint URL: ""https://di-diml-platinum-prod.s3.amazonaws.com/b9b7549cjjkg1esoqojg/b9b7549cjjkg1esoqok0/000074.pdf""","NULL","2026-07-16 17:34:03.567","2026-07-16 18:51:42.620","NULL"
"1b36c99c-3df8-11ec-bc7f-00505681224b","s3://enverus-courthouse-prod-chd-plants/nm/lea/1b36/1b36c99c-3df8-11ec-bc7f-00505681224b.pdf","d9btalh5jqeg00e6k0kg","1","OCR failed. Command: tesseract /tmp/diml/pngs/d9btalh5jqeg00e6k0kg/d9btalh5jqeg00e6k0kg.0001.png /tmp/diml/ocr_results/d9btalh5jqeg00e6k0kg/d9btalh5jqeg00e6k0kg.0001 --oem 1 -l eng --psm 1 . Error: Error in pixCreateHeader: requested w = 36429, h = 60000, d = 8 Error in pixCreateHeader: requested by","NULL","2026-07-16 17:34:03.567","NULL","NULL"
"bc089e6e-42b7-11ec-9800-00505681224b","s3://enverus-courthouse-prod-chd-plants/nm/eog_lea/bc08/bc089e6e-42b7-11ec-9800-00505681224b.pdf","d9btejvak3500086dib0","1","OCR failed. Command: tesseract /tmp/diml/pngs/d9btejvak3500086dib0/d9btejvak3500086dib0.0006.png /tmp/diml/ocr_results/d9btejvak3500086dib0/d9btejvak3500086dib0.0006 --oem 1 -l eng --psm 1 . Error: Error in pixCreateHeader: requested w = 36429, h = 60000, d = 8 Error in pixCreateHeader: requested by","NULL","2026-07-16 17:34:03.567","NULL","NULL"
"5a92a7c0-6226-11ec-a475-00505681224b","s3://enverus-courthouse-prod-chd-plants/nm/eog_lea/5a92/5a92a7c0-6226-11ec-a475-00505681224b.pdf","d9btk2fr2ffg00dvrtjg","1","OCR failed. Command: tesseract /tmp/diml/pngs/d9btk2fr2ffg00dvrtjg/d9btk2fr2ffg00dvrtjg.0001.png /tmp/diml/ocr_results/d9btk2fr2ffg00dvrtjg/d9btk2fr2ffg00dvrtjg.0001 --oem 1 -l eng --psm 1 . Error: Error in pixCreateHeader: requested w = 36429, h = 60000, d = 8 Error in pixCreateHeader: requested by","NULL","2026-07-16 17:26:01.700","NULL","NULL"
"f59f9348-405b-11ec-83b1-00505681224b","s3://enverus-courthouse-prod-chd-plants/nm/eog_lea/f59f/f59f9348-405b-11ec-83b1-00505681224b.pdf","d9bu797ak3500087e5d0","1","OCR failed. Command: tesseract /tmp/diml/pngs/d9bu797ak3500087e5d0/d9bu797ak3500087e5d0.0018.png /tmp/diml/ocr_results/d9bu797ak3500087e5d0/d9bu797ak3500087e5d0.0018 --oem 1 -l eng --psm 1 . Error: Error in pixCreateHeader: requested w = 36429, h = 60000, d = 8 Error in pixCreateHeader: requested by","NULL","2026-07-16 17:26:01.700","NULL","NULL"
"0656174e-d733-11ec-a237-00505681224b","s3://enverus-courthouse-prod-chd-plants/nm/lea/0656/0656174e-d733-11ec-a237-00505681224b.pdf","d9btqors7m5g0088oqgg","1","OCR failed. Command: tesseract /tmp/diml/pngs/d9btqors7m5g0088oqgg/d9btqors7m5g0088oqgg.0001.png /tmp/diml/ocr_results/d9btqors7m5g0088oqgg/d9btqors7m5g0088oqgg.0001 --oem 1 -l eng --psm 1 . Error: Error in pixCreateHeader: requested w = 36429, h = 60000, d = 8 Error in pixCreateHeader: requested by","NULL","2026-07-16 17:26:01.700","NULL","NULL"
"670d314e-3f8a-11ec-a7a8-00505681224b","s3://enverus-courthouse-prod-chd-plants/nm/lea/670d/670d314e-3f8a-11ec-a7a8-00505681224b.pdf","d9bsusu89gsg00ffc860","1","OCR failed. Command: tesseract /tmp/diml/pngs/d9bsusu89gsg00ffc860/d9bsusu89gsg00ffc860.0001.png /tmp/diml/ocr_results/d9bsusu89gsg00ffc860/d9bsusu89gsg00ffc860.0001 --oem 1 -l eng --psm 1 . Error: Error in pixCreateHeader: requested w = 36429, h = 60000, d = 8 Error in pixCreateHeader: requested by","NULL","2026-07-16 17:26:01.700","NULL","NULL"
"c2434cce-3ec2-11ec-bcfb-00505681224b","s3://enverus-courthouse-prod-chd-plants/nm/lea/c243/c2434cce-3ec2-11ec-bcfb-00505681224b.pdf","d9bto9rrgi8g00bfie8g","1","OCR failed. Command: tesseract /tmp/diml/pngs/d9bto9rrgi8g00bfie8g/d9bto9rrgi8g00bfie8g.0001.png /tmp/diml/ocr_results/d9bto9rrgi8g00bfie8g/d9bto9rrgi8g00bfie8g.0001 --oem 1 -l eng --psm 1 . Error: Error in pixCreateHeader: requested w = 36429, h = 60000, d = 8 Error in pixCreateHeader: requested by","NULL","2026-07-16 17:26:01.700","NULL","NULL"
"9313a06b-7d7a-11eb-b477-00505681224b","s3://enverus-courthouse-prod-chd-plants/nm/eog_lea/9313/9313a06b-7d7a-11eb-b477-00505681224b.pdf","d9btg9rdd4a000d4s75g","1","OCR failed. Command: tesseract /tmp/diml/pngs/d9btg9rdd4a000d4s75g/d9btg9rdd4a000d4s75g.0001.png /tmp/diml/ocr_results/d9btg9rdd4a000d4s75g/d9btg9rdd4a000d4s75g.0001 --oem 1 -l eng --psm 1 . Error: Error in pixCreateHeader: requested w = 36429, h = 60000, d = 8 Error in pixCreateHeader: requested by","NULL","2026-07-16 17:26:01.700","NULL","NULL"
"ca5b87c7-097e-11ed-9ddd-00505681224b","s3://enverus-courthouse-prod-chd-plants/nm/eog_lea/ca5b/ca5b87c7-097e-11ed-9ddd-00505681224b.pdf","d9btpos1kr4g008e3sb0","1","OCR failed. Command: tesseract /tmp/diml/pngs/d9btpos1kr4g008e3sb0/d9btpos1kr4g008e3sb0.0001.png /tmp/diml/ocr_results/d9btpos1kr4g008e3sb0/d9btpos1kr4g008e3sb0.0001 --oem 1 -l eng --psm 1 . Error: Error in pixCreateHeader: requested w = 36429, h = 60000, d = 8 Error in pixCreateHeader: requested by","NULL","2026-07-16 17:26:01.700","NULL","NULL"
"f4de3f30-405b-11ec-8e62-00505681224b","s3://enverus-courthouse-prod-chd-plants/nm/eog_lea/f4de/f4de3f30-405b-11ec-8e62-00505681224b.pdf","d9bur39hd6mg00bo7ang","1","OCR failed. Command: tesseract /tmp/diml/pngs/d9bur39hd6mg00bo7ang/d9bur39hd6mg00bo7ang.0001.png /tmp/diml/ocr_results/d9bur39hd6mg00bo7ang/d9bur39hd6mg00bo7ang.0001 --oem 1 -l eng --psm 1 . Error: Error in pixCreateHeader: requested w = 36429, h = 60000, d = 8 Error in pixCreateHeader: requested by","NULL","2026-07-16 17:26:01.700","NULL","NULL"
"aec4c685-a5b1-11ec-9139-00505681224b","s3://enverus-courthouse-prod-chd-plants/nm/lea/aec4/aec4c685-a5b1-11ec-9139-00505681224b.pdf","d9bt26u89gsg00fffo3g","1","OCR failed. Command: tesseract /tmp/diml/pngs/d9bt26u89gsg00fffo3g/d9bt26u89gsg00fffo3g.0001.png /tmp/diml/ocr_results/d9bt26u89gsg00fffo3g/d9bt26u89gsg00fffo3g.0001 --oem 1 -l eng --psm 1 . Error: Error in pixCreateHeader: requested w = 36429, h = 60000, d = 8 Error in pixCreateHeader: requested by","NULL","2026-07-16 17:26:01.700","NULL","NULL"
"1b5dee01-d733-11ec-baa1-00505681224b","s3://enverus-courthouse-prod-chd-plants/nm/lea/1b5d/1b5dee01-d733-11ec-baa1-00505681224b.pdf","d9bupjsogvn0009cbh3g","1","OCR failed. Command: tesseract /tmp/diml/pngs/d9bupjsogvn0009cbh3g/d9bupjsogvn0009cbh3g.0001.png /tmp/diml/ocr_results/d9bupjsogvn0009cbh3g/d9bupjsogvn0009cbh3g.0001 --oem 1 -l eng --psm 1 . Error: Error in pixCreateHeader: requested w = 36429, h = 60000, d = 8 Error in pixCreateHeader: requested by","NULL","2026-07-16 17:26:01.700","NULL","NULL"
"447a8218-097f-11ed-8493-00505681224b","s3://enverus-courthouse-prod-chd-plants/nm/lea/447a/447a8218-097f-11ed-8493-00505681224b.pdf","d9btvmm89gsg00fgj4mg","1","OCR failed. Command: tesseract /tmp/diml/pngs/d9btvmm89gsg00fgj4mg/d9btvmm89gsg00fgj4mg.0001.png /tmp/diml/ocr_results/d9btvmm89gsg00fgj4mg/d9btvmm89gsg00fgj4mg.0001 --oem 1 -l eng --psm 1 . Error: Error in pixCreateHeader: requested w = 36429, h = 60000, d = 8 Error in pixCreateHeader: requested by","NULL","2026-07-16 17:26:01.700","NULL","NULL"
"ca5b128b-097e-11ed-ab82-00505681224b","s3://enverus-courthouse-prod-chd-plants/nm/eog_lea/ca5b/ca5b128b-097e-11ed-ab82-00505681224b.pdf","d9btenoisvug00ft20g0","1","OCR failed. Command: tesseract /tmp/diml/pngs/d9btenoisvug00ft20g0/d9btenoisvug00ft20g0.0005.png /tmp/diml/ocr_results/d9btenoisvug00ft20g0/d9btenoisvug00ft20g0.0005 --oem 1 -l eng --psm 1 . Error: Error in pixCreateHeader: requested w = 36429, h = 60000, d = 8 Error in pixCreateHeader: requested by","NULL","2026-07-16 17:26:01.700","NULL","NULL"
"ca5cc045-097e-11ed-8b92-00505681224b","s3://enverus-courthouse-prod-chd-plants/nm/eog_lea/ca5c/ca5cc045-097e-11ed-8b92-00505681224b.pdf","d9btrt3s7m5g0088q4a0","1","OCR failed. Command: tesseract /tmp/diml/pngs/d9btrt3s7m5g0088q4a0/d9btrt3s7m5g0088q4a0.0007.png /tmp/diml/ocr_results/d9btrt3s7m5g0088q4a0/d9btrt3s7m5g0088q4a0.0007 --oem 1 -l eng --psm 1 . Error: Error in pixCreateHeader: requested w = 36429, h = 60000, d = 8 Error in pixCreateHeader: requested by","NULL","2026-07-16 17:26:01.700","NULL","NULL"
"967fe206-097f-11ed-ad96-00505681224b","s3://enverus-courthouse-prod-chd-plants/nm/lea/967f/967fe206-097f-11ed-ad96-00505681224b.pdf","d9buonkogvn0009caiqg","1","OCR failed. Command: tesseract /tmp/diml/pngs/d9buonkogvn0009caiqg/d9buonkogvn0009caiqg.0001.png /tmp/diml/ocr_results/d9buonkogvn0009caiqg/d9buonkogvn0009caiqg.0001 --oem 1 -l eng --psm 1 . Error: Error in pixCreateHeader: requested w = 36429, h = 60000, d = 8 Error in pixCreateHeader: requested by","NULL","2026-07-16 17:26:01.700","NULL","NULL"
"a136b4c9-bc7b-11ec-982e-00505681224b","s3://enverus-courthouse-prod-chd-plants/nm/lea/a136/a136b4c9-bc7b-11ec-982e-00505681224b.pdf","d9bt0jsflnl000dj3c90","1","OCR failed. Command: tesseract /tmp/diml/pngs/d9bt0jsflnl000dj3c90/d9bt0jsflnl000dj3c90.0002.png /tmp/diml/ocr_results/d9bt0jsflnl000dj3c90/d9bt0jsflnl000dj3c90.0002 --oem 1 -l eng --psm 1 . Error: Error in pixCreateHeader: requested w = 36429, h = 60000, d = 8 Error in pixCreateHeader: requested by","NULL","2026-07-16 17:17:41.810","NULL","NULL"
"4719a8dd-d733-11ec-8396-00505681224b","s3://enverus-courthouse-prod-chd-plants/nm/lea/4719/4719a8dd-d733-11ec-8396-00505681224b.pdf","d9bu48m89gsg00fgpti0","1","OCR failed. Command: tesseract /tmp/diml/pngs/d9bu48m89gsg00fgpti0/d9bu48m89gsg00fgpti0.0038.png /tmp/diml/ocr_results/d9bu48m89gsg00fgpti0/d9bu48m89gsg00fgpti0.0038 --oem 1 -l eng --psm 1 . Error: Error in pixCreateHeader: requested w = 36429, h = 60000, d = 8 Error in pixCreateHeader: requested by","NULL","2026-07-16 17:17:41.810","NULL","NULL"
"f10aa9e8-6225-11ec-b9be-00505681224b","s3://enverus-courthouse-prod-chd-plants/nm/lea/f10a/f10aa9e8-6225-11ec-b9be-00505681224b.pdf","d9bugujte9l000f95jd0","1","OCR failed. Command: tesseract /tmp/diml/pngs/d9bugujte9l000f95jd0/d9bugujte9l000f95jd0.0001.png /tmp/diml/ocr_results/d9bugujte9l000f95jd0/d9bugujte9l000f95jd0.0001 --oem 1 -l eng --psm 1 . Error: Error in pixCreateHeader: requested w = 36429, h = 60000, d = 8 Error in pixCreateHeader: requested by","NULL","2026-07-16 17:17:41.810","NULL","NULL"
"670cbc1d-3f8a-11ec-994b-00505681224b","s3://enverus-courthouse-prod-chd-plants/nm/lea/670c/670cbc1d-3f8a-11ec-994b-00505681224b.pdf","d9btglj6g7ig00fvcri0","1","OCR failed. Command: tesseract /tmp/diml/pngs/d9btglj6g7ig00fvcri0/d9btglj6g7ig00fvcri0.0001.png /tmp/diml/ocr_results/d9btglj6g7ig00fvcri0/d9btglj6g7ig00fvcri0.0001 --oem 1 -l eng --psm 1 . Error: Error in pixCreateHeader: requested w = 36429, h = 60000, d = 8 Error in pixCreateHeader: requested by","NULL","2026-07-16 17:17:41.810","NULL","NULL"
"c244ac71-3ec2-11ec-9764-00505681224b","s3://enverus-courthouse-prod-chd-plants/nm/lea/c244/c244ac71-3ec2-11ec-9764-00505681224b.pdf","d9bu21s1kr4g008ef49g","1","OCR failed. Command: tesseract /tmp/diml/pngs/d9bu21s1kr4g008ef49g/d9bu21s1kr4g008ef49g.0001.png /tmp/diml/ocr_results/d9bu21s1kr4g008ef49g/d9bu21s1kr4g008ef49g.0001 --oem 1 -l eng --psm 1 . Error: Error in pixCreateHeader: requested w = 36429, h = 60000, d = 8 Error in pixCreateHeader: requested by","NULL","2026-07-16 17:17:41.810","NULL","NULL"
"bfc68b58-097f-11ed-9b1b-00505681224b","s3://enverus-courthouse-prod-chd-plants/nm/lea/bfc6/bfc68b58-097f-11ed-9b1b-00505681224b.pdf","d9bt24i2oub000e1al30","1","OCR failed. Command: tesseract /tmp/diml/pngs/d9bt24i2oub000e1al30/d9bt24i2oub000e1al30.0002.png /tmp/diml/ocr_results/d9bt24i2oub000e1al30/d9bt24i2oub000e1al30.0002 --oem 1 -l eng --psm 1 . Error: Error in pixCreateHeader: requested w = 36429, h = 60000, d = 8 Error in pixCreateHeader: requested by","NULL","2026-07-16 17:17:41.810","NULL","NULL"
"67b8af25-3f8a-11ec-ba75-00505681224b","s3://enverus-courthouse-prod-chd-plants/nm/eog_lea/67b8/67b8af25-3f8a-11ec-ba75-00505681224b.pdf","d9buf3830skg00d8ku60","1","OCR failed. Command: tesseract /tmp/diml/pngs/d9buf3830skg00d8ku60/d9buf3830skg00d8ku60.0001.png /tmp/diml/ocr_results/d9buf3830skg00d8ku60/d9buf3830skg00d8ku60.0001 --oem 1 -l eng --psm 1 . Error: Error in pixCreateHeader: requested w = 36429, h = 60000, d = 8 Error in pixCreateHeader: requested by","NULL","2026-07-16 17:17:41.810","NULL","NULL"
"670bd1d0-3f8a-11ec-8184-00505681224b","s3://enverus-courthouse-prod-chd-plants/nm/lea/670b/670bd1d0-3f8a-11ec-8184-00505681224b.pdf","d9bspqcflnl000disqbg","1","OCR failed. Command: tesseract /tmp/diml/pngs/d9bspqcflnl000disqbg/d9bspqcflnl000disqbg.0001.png /tmp/diml/ocr_results/d9bspqcflnl000disqbg/d9bspqcflnl000disqbg.0001 --oem 1 -l eng --psm 1 . Error: Error in pixCreateHeader: requested w = 36429, h = 60000, d = 8 Error in pixCreateHeader: requested by","NULL","2026-07-16 17:17:41.810","NULL","NULL"
"c83fe33a-8bcb-11ec-be2f-00505681224b","s3://enverus-courthouse-prod-chd-plants/nm/lea/c83f/c83fe33a-8bcb-11ec-be2f-00505681224b.pdf","d9bthr3rgi8g00bfact0","1","OCR failed. Command: tesseract /tmp/diml/pngs/d9bthr3rgi8g00bfact0/d9bthr3rgi8g00bfact0.0001.png /tmp/diml/ocr_results/d9bthr3rgi8g00bfact0/d9bthr3rgi8g00bfact0.0001 --oem 1 -l eng --psm 1 . Error: Error in pixCreateHeader: requested w = 36429, h = 60000, d = 8 Error in pixCreateHeader: requested by","NULL","2026-07-16 17:17:41.810","NULL","NULL"
"1b5f74c1-d733-11ec-8b0e-00505681224b","s3://enverus-courthouse-prod-chd-plants/nm/lea/1b5f/1b5f74c1-d733-11ec-8b0e-00505681224b.pdf","d9btrujs7m5g0088q7lg","1","OCR failed. Command: tesseract /tmp/diml/pngs/d9btrujs7m5g0088q7lg/d9btrujs7m5g0088q7lg.0001.png /tmp/diml/ocr_results/d9btrujs7m5g0088q7lg/d9btrujs7m5g0088q7lg.0001 --oem 1 -l eng --psm 1 . Error: Error in pixCreateHeader: requested w = 36429, h = 60000, d = 8 Error in pixCreateHeader: requested by","NULL","2026-07-16 17:12:06.997","NULL","NULL"
"670bd1cf-3f8a-11ec-bf42-00505681224b","s3://enverus-courthouse-prod-chd-plants/nm/lea/670b/670bd1cf-3f8a-11ec-bf42-00505681224b.pdf","d9btdk859fgg00e1nvo0","1","OCR failed. Command: tesseract /tmp/diml/pngs/d9btdk859fgg00e1nvo0/d9btdk859fgg00e1nvo0.0001.png /tmp/diml/ocr_results/d9btdk859fgg00e1nvo0/d9btdk859fgg00e1nvo0.0001 --oem 1 -l eng --psm 1 . Error: Error in pixCreateHeader: requested w = 36429, h = 60000, d = 8 Error in pixCreateHeader: requested by","NULL","2026-07-16 17:12:06.997","NULL","NULL"
"1b5dee07-d733-11ec-9977-00505681224b","s3://enverus-courthouse-prod-chd-plants/nm/lea/1b5d/1b5dee07-d733-11ec-9977-00505681224b.pdf","d9btlra2oub000e21kgg","1","OCR failed. Command: tesseract /tmp/diml/pngs/d9btlra2oub000e21kgg/d9btlra2oub000e21kgg.0001.png /tmp/diml/ocr_results/d9btlra2oub000e21kgg/d9btlra2oub000e21kgg.0001 --oem 1 -l eng --psm 1 . Error: Error in pixCreateHeader: requested w = 36429, h = 60000, d = 8 Error in pixCreateHeader: requested by","NULL","2026-07-16 17:12:06.997","NULL","NULL"
"a3f2d229-d733-11ec-89b1-00505681224b","s3://enverus-courthouse-prod-chd-plants/nm/eog_lea/a3f2/a3f2d229-d733-11ec-89b1-00505681224b.pdf","d9bu9n7r2ffg00e0qbog","1","OCR failed. Command: tesseract /tmp/diml/pngs/d9bu9n7r2ffg00e0qbog/d9bu9n7r2ffg00e0qbog.0002.png /tmp/diml/ocr_results/d9bu9n7r2ffg00e0qbog/d9bu9n7r2ffg00e0qbog.0002 --oem 1 -l eng --psm 1 . Error: Error in pixCreateHeader: requested w = 36429, h = 60000, d = 8 Error in pixCreateHeader: requested by","NULL","2026-07-16 17:12:06.997","NULL","NULL"
"aec49f74-a5b1-11ec-b3ce-00505681224b","s3://enverus-courthouse-prod-chd-plants/nm/lea/aec4/aec49f74-a5b1-11ec-b3ce-00505681224b.pdf","d9bujhk1kr4g008f8ps0","1","OCR failed. Command: tesseract /tmp/diml/pngs/d9bujhk1kr4g008f8ps0/d9bujhk1kr4g008f8ps0.0001.png /tmp/diml/ocr_results/d9bujhk1kr4g008f8ps0/d9bujhk1kr4g008f8ps0.0001 --oem 1 -l eng --psm 1 . Error: Error in pixCreateHeader: requested w = 36429, h = 60000, d = 8 Error in pixCreateHeader: requested by","NULL","2026-07-16 17:12:06.997","NULL","NULL"
"5a90abdf-6226-11ec-a82a-00505681224b","s3://enverus-courthouse-prod-chd-plants/nm/eog_lea/5a90/5a90abdf-6226-11ec-a82a-00505681224b.pdf","d9bt23cflnl000dj4s40","1","OCR failed. Command: tesseract /tmp/diml/pngs/d9bt23cflnl000dj4s40/d9bt23cflnl000dj4s40.0001.png /tmp/diml/ocr_results/d9bt23cflnl000dj4s40/d9bt23cflnl000dj4s40.0001 --oem 1 -l eng --psm 1 . Error: Error in pixCreateHeader: requested w = 36429, h = 60000, d = 8 Error in pixCreateHeader: requested by","NULL","2026-07-16 17:04:04.520","NULL","NULL"
"bc089e69-42b7-11ec-8924-00505681224b","s3://enverus-courthouse-prod-chd-plants/nm/eog_lea/bc08/bc089e69-42b7-11ec-8924-00505681224b.pdf","d9bujeh5jqeg00e8bjeg","1","OCR failed. Command: tesseract /tmp/diml/pngs/d9bujeh5jqeg00e8bjeg/d9bujeh5jqeg00e8bjeg.0002.png /tmp/diml/ocr_results/d9bujeh5jqeg00e8bjeg/d9bujeh5jqeg00e8bjeg.0002 --oem 1 -l eng --psm 1 . Error: Error in pixCreateHeader: requested w = 36429, h = 60000, d = 8 Error in pixCreateHeader: requested by","NULL","2026-07-16 17:04:04.520","NULL","NULL"
"67b8af1d-3f8a-11ec-8cab-00505681224b","s3://enverus-courthouse-prod-chd-plants/nm/eog_lea/67b8/67b8af1d-3f8a-11ec-8cab-00505681224b.pdf","d9btu4shn77000fajgp0","1","OCR failed. Command: tesseract /tmp/diml/pngs/d9btu4shn77000fajgp0/d9btu4shn77000fajgp0.0001.png /tmp/diml/ocr_results/d9btu4shn77000fajgp0/d9btu4shn77000fajgp0.0001 --oem 1 -l eng --psm 1 . Error: Error in pixCreateHeader: requested w = 36429, h = 60000, d = 8 Error in pixCreateHeader: requested by","NULL","2026-07-16 17:04:04.520","NULL","NULL"
"5a90abe4-6226-11ec-b5ae-00505681224b","s3://enverus-courthouse-prod-chd-plants/nm/eog_lea/5a90/5a90abe4-6226-11ec-b5ae-00505681224b.pdf","d9bto3uicpjg00dc1if0","1","OCR failed. Command: tesseract /tmp/diml/pngs/d9bto3uicpjg00dc1if0/d9bto3uicpjg00dc1if0.0001.png /tmp/diml/ocr_results/d9bto3uicpjg00dc1if0/d9bto3uicpjg00dc1if0.0001 --oem 1 -l eng --psm 1 . Error: Error in pixCreateHeader: requested w = 36429, h = 60000, d = 8 Error in pixCreateHeader: requested by","NULL","2026-07-16 17:04:04.520","NULL","NULL"
"c83ed1cf-8bcb-11ec-bd45-00505681224b","s3://enverus-courthouse-prod-chd-plants/nm/lea/c83e/c83ed1cf-8bcb-11ec-bd45-00505681224b.pdf","d9bu9ffr761000dg7oj0","1","OCR failed. Command: tesseract /tmp/diml/pngs/d9bu9ffr761000dg7oj0/d9bu9ffr761000dg7oj0.0001.png /tmp/diml/ocr_results/d9bu9ffr761000dg7oj0/d9bu9ffr761000dg7oj0.0001 --oem 1 -l eng --psm 1 . Error: Error in pixCreateHeader: requested w = 36429, h = 60000, d = 8 Error in pixCreateHeader: requested by","NULL","2026-07-16 17:04:04.520","NULL","NULL"
"1b5dc703-d733-11ec-81bf-00505681224b","s3://enverus-courthouse-prod-chd-plants/nm/lea/1b5d/1b5dc703-d733-11ec-81bf-00505681224b.pdf","d9bt5bvr2ffg00dvbd70","1","OCR failed. Command: tesseract /tmp/diml/pngs/d9bt5bvr2ffg00dvbd70/d9bt5bvr2ffg00dvbd70.0001.png /tmp/diml/ocr_results/d9bt5bvr2ffg00dvbd70/d9bt5bvr2ffg00dvbd70.0001 --oem 1 -l eng --psm 1 . Error: Error in pixCreateHeader: requested w = 36429, h = 60000, d = 8 Error in pixCreateHeader: requested by","NULL","2026-07-16 17:04:04.520","NULL","NULL"
"f4dd7bc3-405b-11ec-a774-00505681224b","s3://enverus-courthouse-prod-chd-plants/nm/eog_lea/f4dd/f4dd7bc3-405b-11ec-a774-00505681224b.pdf","d9btau9b0h1g00d02gv0","1","OCR failed. Command: tesseract /tmp/diml/pngs/d9btau9b0h1g00d02gv0/d9btau9b0h1g00d02gv0.0001.png /tmp/diml/ocr_results/d9btau9b0h1g00d02gv0/d9btau9b0h1g00d02gv0.0001 --oem 1 -l eng --psm 1 . Error: Error in pixCreateHeader: requested w = 36429, h = 60000, d = 8 Error in pixCreateHeader: requested by","NULL","2026-07-16 17:04:04.520","NULL","NULL"
"0655f045-d733-11ec-8c0b-00505681224b","s3://enverus-courthouse-prod-chd-plants/nm/lea/0655/0655f045-d733-11ec-8c0b-00505681224b.pdf","d9bst995jqeg00e66d20","1","OCR failed. Command: tesseract /tmp/diml/pngs/d9bst995jqeg00e66d20/d9bst995jqeg00e66d20.0004.png /tmp/diml/ocr_results/d9bst995jqeg00e66d20/d9bst995jqeg00e66d20.0004 --oem 1 -l eng --psm 1 . Error: Error in pixCreateHeader: requested w = 36429, h = 60000, d = 8 Error in pixCreateHeader: requested by","NULL","2026-07-16 17:04:04.520","NULL","NULL"
"d32d4a84-bc7b-11ec-80a0-00505681224b","s3://enverus-courthouse-prod-chd-plants/nm/eog_lea/d32d/d32d4a84-bc7b-11ec-80a0-00505681224b.pdf","d9bt9osogvn0009aadq0","1","OCR failed. Command: tesseract /tmp/diml/pngs/d9bt9osogvn0009aadq0/d9bt9osogvn0009aadq0.0002.png /tmp/diml/ocr_results/d9bt9osogvn0009aadq0/d9bt9osogvn0009aadq0.0002 --oem 1 -l eng --psm 1 . Error: Error in pixCreateHeader: requested w = 36429, h = 60000, d = 8 Error in pixCreateHeader: requested by","NULL","2026-07-16 17:04:04.520","NULL","NULL"
"d4c84374-91d5-437e-8c24-58c08bbd49b1","s3://enverus-courthouse-prod-chd-plants/ok/muskogee/d4c8/d4c84374-91d5-437e-8c24-58c08bbd49b1.pdf","b8fh6ss3clr01n1srtn0","1","No pdf could be downloaded, error=s3://di-diml-platinum-prod/b8fh6ss3clr01n1srtn0/b8fh6st91s5g1nc0e5jg/013952.pdf: Could not connect to the endpoint URL: ""https://sts.us-east-1.amazonaws.com/""","NULL","2026-07-16 17:04:04.520","2026-07-16 18:15:41.170","NULL"
"bfc74ea7-097f-11ed-99cc-00505681224b","s3://enverus-courthouse-prod-chd-plants/nm/lea/bfc7/bfc74ea7-097f-11ed-99cc-00505681224b.pdf","d9bthp0isvug00ft5o00","1","OCR failed. Command: tesseract /tmp/diml/pngs/d9bthp0isvug00ft5o00/d9bthp0isvug00ft5o00.0005.png /tmp/diml/ocr_results/d9bthp0isvug00ft5o00/d9bthp0isvug00ft5o00.0005 --oem 1 -l eng --psm 1 . Error: Error in pixCreateHeader: requested w = 36429, h = 60000, d = 8 Error in pixCreateHeader: requested by","NULL","2026-07-16 16:59:00.137","NULL","NULL"
"1b5fc2e6-d733-11ec-85af-00505681224b","s3://enverus-courthouse-prod-chd-plants/nm/lea/1b5f/1b5fc2e6-d733-11ec-85af-00505681224b.pdf","d9bueug30skg00d8kib0","1","OCR failed. Command: tesseract /tmp/diml/pngs/d9bueug30skg00d8kib0/d9bueug30skg00d8kib0.0001.png /tmp/diml/ocr_results/d9bueug30skg00d8kib0/d9bueug30skg00d8kib0.0001 --oem 1 -l eng --psm 1 . Error: Error in pixCreateHeader: requested w = 36429, h = 60000, d = 8 Error in pixCreateHeader: requested by","NULL","2026-07-16 16:59:00.137","NULL","NULL"
"96800922-097f-11ed-8216-00505681224b","s3://enverus-courthouse-prod-chd-plants/nm/lea/9680/96800922-097f-11ed-8216-00505681224b.pdf","d9bt6em89gsg00ffjt30","1","OCR failed. Command: tesseract /tmp/diml/pngs/d9bt6em89gsg00ffjt30/d9bt6em89gsg00ffjt30.0001.png /tmp/diml/ocr_results/d9bt6em89gsg00ffjt30/d9bt6em89gsg00ffjt30.0001 --oem 1 -l eng --psm 1 . Error: Error in pixCreateHeader: requested w = 36429, h = 60000, d = 8 Error in pixCreateHeader: requested by","NULL","2026-07-16 16:59:00.137","NULL","NULL"
"c83fe32f-8bcb-11ec-8f0b-00505681224b","s3://enverus-courthouse-prod-chd-plants/nm/lea/c83f/c83fe32f-8bcb-11ec-8f0b-00505681224b.pdf","d9bun8j6g7ig00812ln0","1","OCR failed. Command: tesseract /tmp/diml/pngs/d9bun8j6g7ig00812ln0/d9bun8j6g7ig00812ln0.0003.png /tmp/diml/ocr_results/d9bun8j6g7ig00812ln0/d9bun8j6g7ig00812ln0.0003 --oem 1 -l eng --psm 1 . Error: Error in pixCreateHeader: requested w = 36429, h = 60000, d = 8 Error in pixCreateHeader: requested by","NULL","2026-07-16 16:59:00.137","NULL","NULL"
"f4de8d5a-405b-11ec-b154-00505681224b","s3://enverus-courthouse-prod-chd-plants/nm/eog_lea/f4de/f4de8d5a-405b-11ec-b154-00505681224b.pdf","d9bubmk1kr4g008et9mg","1","OCR failed. Command: tesseract /tmp/diml/pngs/d9bubmk1kr4g008et9mg/d9bubmk1kr4g008et9mg.0010.png /tmp/diml/ocr_results/d9bubmk1kr4g008et9mg/d9bubmk1kr4g008et9mg.0010 --oem 1 -l eng --psm 1 . Error: Error in pixCreateHeader: requested w = 36429, h = 60000, d = 8 Error in pixCreateHeader: requested by","NULL","2026-07-16 16:59:00.137","NULL","NULL"
"47190c9a-d733-11ec-8839-00505681224b","s3://enverus-courthouse-prod-chd-plants/nm/lea/4719/47190c9a-d733-11ec-8839-00505681224b.pdf","d9bthueicpjg00dbq9tg","1","OCR failed. Command: tesseract /tmp/diml/pngs/d9bthueicpjg00dbq9tg/d9bthueicpjg00dbq9tg.0001.png /tmp/diml/ocr_results/d9bthueicpjg00dbq9tg/d9bthueicpjg00dbq9tg.0001 --oem 1 -l eng --psm 1 . Error: Error in pixCreateHeader: requested w = 36429, h = 60000, d = 8 Error in pixCreateHeader: requested by","NULL","2026-07-16 16:59:00.137","NULL","NULL"
"bc089e6c-42b7-11ec-afa2-00505681224b","s3://enverus-courthouse-prod-chd-plants/nm/eog_lea/bc08/bc089e6c-42b7-11ec-afa2-00505681224b.pdf","d9bsss3delo000dtbmig","1","OCR failed. Command: tesseract /tmp/diml/pngs/d9bsss3delo000dtbmig/d9bsss3delo000dtbmig.0005.png /tmp/diml/ocr_results/d9bsss3delo000dtbmig/d9bsss3delo000dtbmig.0005 --oem 1 -l eng --psm 1 . Error: Error in pixCreateHeader: requested w = 36429, h = 60000, d = 8 Error in pixCreateHeader: requested by","NULL","2026-07-16 16:59:00.137","NULL","NULL"
"7120af78-8c1a-49aa-8c9d-a0bceddbb1b7","s3://enverus-courthouse-prod-chd-plants/tx/hansford/7120/7120af78-8c1a-49aa-8c9d-a0bceddbb1b7.pdf","c3b4f7gqui1g00d8q0pg","1","list index out of range","NULL","2026-07-16 16:59:00.137","NULL","NULL"
"c83e5c9f-8bcb-11ec-bff3-00505681224b","s3://enverus-courthouse-prod-chd-plants/nm/lea/c83e/c83e5c9f-8bcb-11ec-bff3-00505681224b.pdf","d9bu849d6jhg008456tg","1","OCR failed. Command: tesseract /tmp/diml/pngs/d9bu849d6jhg008456tg/d9bu849d6jhg008456tg.0001.png /tmp/diml/ocr_results/d9bu849d6jhg008456tg/d9bu849d6jhg008456tg.0001 --oem 1 -l eng --psm 1 . Error: Error in pixCreateHeader: requested w = 36429, h = 60000, d = 8 Error in pixCreateHeader: requested by","NULL","2026-07-16 16:59:00.137","NULL","NULL"
"ca5c99b6-097e-11ed-9a57-00505681224b","s3://enverus-courthouse-prod-chd-plants/nm/eog_lea/ca5c/ca5c99b6-097e-11ed-9a57-00505681224b.pdf","d9bumm3te9l000f9eo70","1","OCR failed. Command: tesseract /tmp/diml/pngs/d9bumm3te9l000f9eo70/d9bumm3te9l000f9eo70.0001.png /tmp/diml/ocr_results/d9bumm3te9l000f9eo70/d9bumm3te9l000f9eo70.0001 --oem 1 -l eng --psm 1 . Error: Error in pixCreateHeader: requested w = 36429, h = 60000, d = 8 Error in pixCreateHeader: requested by","NULL","2026-07-16 16:59:00.137","NULL","NULL"
"1f66e6fe-0f1e-d54b-8d02-4bfefdd6711c","s3://enverus-courthouse-prod-chd-plants/tx/robertson/1f66/1f66e6fe-0f1e-d54b-8d02-4bfefdd6711c.pdf","d9bu4vc1kr4g008eird0","1","No pdf could be downloaded, error=PDF file tx/robertson/1f66/1f66e6fe-0f1e-d54b-8d02-4bfefdd6711c.pdf is too large to be processed, size=2.0572568913921714 GB","NULL","2026-07-16 16:59:00.137","NULL","NULL"
"fdb8cdf6-b04a-4312-b354-0b8e5d10f023","s3://enverus-courthouse-prod-chd-plants/ok/muskogee/fdb8/fdb8cdf6-b04a-4312-b354-0b8e5d10f023.pdf","b8rcsgpcjjkg1esi15ig","1","No pdf could be downloaded, error=s3://di-diml-platinum-prod/b8rcsgpcjjkg1esi15ig/b8rcsgrl40h01eml0s1g/014696.pdf: Could not connect to the endpoint URL: ""https://sts.us-east-1.amazonaws.com/""","NULL","2026-07-16 16:59:00.137","2026-07-16 18:15:41.170","NULL"
"8c64953d-bc7b-11ec-a983-00505681224b","s3://enverus-courthouse-prod-chd-plants/nm/lea/8c64/8c64953d-bc7b-11ec-a983-00505681224b.pdf","d9btpbrdelo000ducgc0","1","OCR failed. Command: tesseract /tmp/diml/pngs/d9btpbrdelo000ducgc0/d9btpbrdelo000ducgc0.0003.png /tmp/diml/ocr_results/d9btpbrdelo000ducgc0/d9btpbrdelo000ducgc0.0003 --oem 1 -l eng --psm 1 . Error: Error in pixCreateHeader: requested w = 36429, h = 60000, d = 8 Error in pixCreateHeader: requested by","NULL","2026-07-16 16:59:00.137","NULL","NULL"
"67b86123-3f8a-11ec-beb2-00505681224b","s3://enverus-courthouse-prod-chd-plants/nm/eog_lea/67b8/67b86123-3f8a-11ec-beb2-00505681224b.pdf","d9bsnoj1f5dg00bcl0fg","1","OCR failed. Command: tesseract /tmp/diml/pngs/d9bsnoj1f5dg00bcl0fg/d9bsnoj1f5dg00bcl0fg.0001.png /tmp/diml/ocr_results/d9bsnoj1f5dg00bcl0fg/d9bsnoj1f5dg00bcl0fg.0001 --oem 1 -l eng --psm 1 . Error: Error in pixCreateHeader: requested w = 36429, h = 60000, d = 8 Error in pixCreateHeader: requested by","NULL","2026-07-16 16:51:25.337","NULL","NULL"
"c243e917-3ec2-11ec-aadb-00505681224b","s3://enverus-courthouse-prod-chd-plants/nm/lea/c243/c243e917-3ec2-11ec-aadb-00505681224b.pdf","d9btmnrdd4a000d5442g","1","OCR failed. Command: tesseract /tmp/diml/pngs/d9btmnrdd4a000d5442g/d9btmnrdd4a000d5442g.0001.png /tmp/diml/ocr_results/d9btmnrdd4a000d5442g/d9btmnrdd4a000d5442g.0001 --oem 1 -l eng --psm 1 . Error: Error in pixCreateHeader: requested w = 36429, h = 60000, d = 8 Error in pixCreateHeader: requested by","NULL","2026-07-16 16:51:25.337","NULL","NULL"
"447a820d-097f-11ed-9be9-00505681224b","s3://enverus-courthouse-prod-chd-plants/nm/lea/447a/447a820d-097f-11ed-9be9-00505681224b.pdf","d9buppmicpjg00ddi0b0","1","OCR failed. Command: tesseract /tmp/diml/pngs/d9buppmicpjg00ddi0b0/d9buppmicpjg00ddi0b0.0001.png /tmp/diml/ocr_results/d9buppmicpjg00ddi0b0/d9buppmicpjg00ddi0b0.0001 --oem 1 -l eng --psm 1 . Error: Error in pixCreateHeader: requested w = 36429, h = 60000, d = 8 Error in pixCreateHeader: requested by","NULL","2026-07-16 16:51:25.337","NULL","NULL"
"c840f4b0-8bcb-11ec-b3b7-00505681224b","s3://enverus-courthouse-prod-chd-plants/nm/lea/c840/c840f4b0-8bcb-11ec-b3b7-00505681224b.pdf","d9buk5khn77000fbk5i0","1","OCR failed. Command: tesseract /tmp/diml/pngs/d9buk5khn77000fbk5i0/d9buk5khn77000fbk5i0.0001.png /tmp/diml/ocr_results/d9buk5khn77000fbk5i0/d9buk5khn77000fbk5i0.0001 --oem 1 -l eng --psm 1 . Error: Error in pixCreateHeader: requested w = 36429, h = 60000, d = 8 Error in pixCreateHeader: requested by","NULL","2026-07-16 16:51:25.337","NULL","NULL"
"a3f2d240-d733-11ec-a0ab-00505681224b","s3://enverus-courthouse-prod-chd-plants/nm/eog_lea/a3f2/a3f2d240-d733-11ec-a0ab-00505681224b.pdf","d9bubkvpfdig00fbv9og","1","OCR failed. Command: tesseract /tmp/diml/pngs/d9bubkvpfdig00fbv9og/d9bubkvpfdig00fbv9og.0001.png /tmp/diml/ocr_results/d9bubkvpfdig00fbv9og/d9bubkvpfdig00fbv9og.0001 --oem 1 -l eng --psm 1 . Error: Error in pixCreateHeader: requested w = 36429, h = 60000, d = 8 Error in pixCreateHeader: requested by","NULL","2026-07-16 16:51:25.337","NULL","NULL"
"83783D97-A6DE-4D7A-BCE5-EAA8D4565F0F","s3://enverus-courthouse-prod-chd-plants/tx/training_pecos/8378/83783D97-A6DE-4D7A-BCE5-EAA8D4565F0F.pdf","d9btc63s7m5g00886ojg","1","No pdf could be downloaded, error=PDF file tx/training_pecos/8378/83783D97-A6DE-4D7A-BCE5-EAA8D4565F0F.pdf is too large to be processed, size=1.2544917184859514 GB","NULL","2026-07-16 16:51:25.337","NULL","NULL"
"f4dd7bc8-405b-11ec-80aa-00505681224b","s3://enverus-courthouse-prod-chd-plants/nm/eog_lea/f4dd/f4dd7bc8-405b-11ec-80aa-00505681224b.pdf","d9bt9ebrgi8g00bf09v0","1","OCR failed. Command: tesseract /tmp/diml/pngs/d9bt9ebrgi8g00bf09v0/d9bt9ebrgi8g00bf09v0.0001.png /tmp/diml/ocr_results/d9bt9ebrgi8g00bf09v0/d9bt9ebrgi8g00bf09v0.0001 --oem 1 -l eng --psm 1 . Error: Error in pixCreateHeader: requested w = 36429, h = 60000, d = 8 Error in pixCreateHeader: requested by","NULL","2026-07-16 16:51:25.337","NULL","NULL"
"d32d238a-bc7b-11ec-b174-00505681224b","s3://enverus-courthouse-prod-chd-plants/nm/eog_lea/d32d/d32d238a-bc7b-11ec-b174-00505681224b.pdf","d9btqosflnl000dk21kg","1","OCR failed. Command: tesseract /tmp/diml/pngs/d9btqosflnl000dk21kg/d9btqosflnl000dk21kg.0001.png /tmp/diml/ocr_results/d9btqosflnl000dk21kg/d9btqosflnl000dk21kg.0001 --oem 1 -l eng --psm 1 . Error: Error in pixCreateHeader: requested w = 36429, h = 60000, d = 8 Error in pixCreateHeader: requested by","NULL","2026-07-16 16:43:17.380","NULL","NULL"
"4cd95081-8bcc-11ec-96ce-00505681224b","s3://enverus-courthouse-prod-chd-plants/nm/eog_lea/4cd9/4cd95081-8bcc-11ec-96ce-00505681224b.pdf","d9bue37r2ffg00e10ta0","1","OCR failed. Command: tesseract /tmp/diml/pngs/d9bue37r2ffg00e10ta0/d9bue37r2ffg00e10ta0.0010.png /tmp/diml/ocr_results/d9bue37r2ffg00e10ta0/d9bue37r2ffg00e10ta0.0010 --oem 1 -l eng --psm 1 . Error: Error in pixCreateHeader: requested w = 36429, h = 60000, d = 8 Error in pixCreateHeader: requested by","NULL","2026-07-16 16:43:17.380","NULL","NULL"
"96807e65-097f-11ed-934c-00505681224b","s3://enverus-courthouse-prod-chd-plants/nm/lea/9680/96807e65-097f-11ed-934c-00505681224b.pdf","d9bu8k41kr4g008eol2g","1","OCR failed. Command: tesseract /tmp/diml/pngs/d9bu8k41kr4g008eol2g/d9bu8k41kr4g008eol2g.0001.png /tmp/diml/ocr_results/d9bu8k41kr4g008eol2g/d9bu8k41kr4g008eol2g.0001 --oem 1 -l eng --psm 1 . Error: Error in pixCreateHeader: requested w = 36429, h = 60000, d = 8 Error in pixCreateHeader: requested by","NULL","2026-07-16 16:43:17.380","NULL","NULL"
"c8400a44-8bcb-11ec-a631-00505681224b","s3://enverus-courthouse-prod-chd-plants/nm/lea/c840/c8400a44-8bcb-11ec-a631-00505681224b.pdf","d9buembdelo000dvaktg","1","OCR failed. Command: tesseract /tmp/diml/pngs/d9buembdelo000dvaktg/d9buembdelo000dvaktg.0001.png /tmp/diml/ocr_results/d9buembdelo000dvaktg/d9buembdelo000dvaktg.0001 --oem 1 -l eng --psm 1 . Error: Error in pixCreateHeader: requested w = 36429, h = 60000, d = 8 Error in pixCreateHeader: requested by","NULL","2026-07-16 16:43:17.380","NULL","NULL"
"670ae780-3f8a-11ec-9ef5-00505681224b","s3://enverus-courthouse-prod-chd-plants/nm/lea/670a/670ae780-3f8a-11ec-9ef5-00505681224b.pdf","d9bt9fkflnl000djcum0","1","OCR failed. Command: tesseract /tmp/diml/pngs/d9bt9fkflnl000djcum0/d9bt9fkflnl000djcum0.0001.png /tmp/diml/ocr_results/d9bt9fkflnl000djcum0/d9bt9fkflnl000djcum0.0001 --oem 1 -l eng --psm 1 . Error: Error in pixCreateHeader: requested w = 36429, h = 60000, d = 8 Error in pixCreateHeader: requested by","NULL","2026-07-16 16:43:17.380","NULL","NULL"
"a136668f-bc7b-11ec-8c27-00505681224b","s3://enverus-courthouse-prod-chd-plants/nm/lea/a136/a136668f-bc7b-11ec-8c27-00505681224b.pdf","d9btlnvpfdig00fb0ilg","1","OCR failed. Command: tesseract /tmp/diml/pngs/d9btlnvpfdig00fb0ilg/d9btlnvpfdig00fb0ilg.0001.png /tmp/diml/ocr_results/d9btlnvpfdig00fb0ilg/d9btlnvpfdig00fb0ilg.0001 --oem 1 -l eng --psm 1 . Error: Error in pixCreateHeader: requested w = 36429, h = 60000, d = 8 Error in pixCreateHeader: requested by","NULL","2026-07-16 16:43:17.380","NULL","NULL"
"0656174f-d733-11ec-9f93-00505681224b","s3://enverus-courthouse-prod-chd-plants/nm/lea/0656/0656174f-d733-11ec-9f93-00505681224b.pdf","d9bt3geicpjg00db9920","1","OCR failed. Command: tesseract /tmp/diml/pngs/d9bt3geicpjg00db9920/d9bt3geicpjg00db9920.0004.png /tmp/diml/ocr_results/d9bt3geicpjg00db9920/d9bt3geicpjg00db9920.0004 --oem 1 -l eng --psm 1 . Error: Error in pixCreateHeader: requested w = 36429, h = 60000, d = 8 Error in pixCreateHeader: requested by","NULL","2026-07-16 16:35:43.753","NULL","NULL"
"aec4785e-a5b1-11ec-a856-00505681224b","s3://enverus-courthouse-prod-chd-plants/nm/lea/aec4/aec4785e-a5b1-11ec-a856-00505681224b.pdf","d9bt9jfpfdig00fai11g","1","OCR failed. Command: tesseract /tmp/diml/pngs/d9bt9jfpfdig00fai11g/d9bt9jfpfdig00fai11g.0001.png /tmp/diml/ocr_results/d9bt9jfpfdig00fai11g/d9bt9jfpfdig00fai11g.0001 --oem 1 -l eng --psm 1 . Error: Error in pixCreateHeader: requested w = 36429, h = 60000, d = 8 Error in pixCreateHeader: requested by","NULL","2026-07-16 16:35:43.753","NULL","NULL"
"be43ffe5-a5b1-11ec-b1f7-00505681224b","s3://enverus-courthouse-prod-chd-plants/nm/lea/be43/be43ffe5-a5b1-11ec-b1f7-00505681224b.pdf","d9bt1vjk4o90008848tg","1","OCR failed. Command: tesseract /tmp/diml/pngs/d9bt1vjk4o90008848tg/d9bt1vjk4o90008848tg.0001.png /tmp/diml/ocr_results/d9bt1vjk4o90008848tg/d9bt1vjk4o90008848tg.0001 --oem 1 -l eng --psm 1 . Error: Error in pixCreateHeader: requested w = 36429, h = 60000, d = 8 Error in pixCreateHeader: requested by","NULL","2026-07-16 16:35:43.753","NULL","NULL"
"d32cfc66-bc7b-11ec-b767-00505681224b","s3://enverus-courthouse-prod-chd-plants/nm/eog_lea/d32c/d32cfc66-bc7b-11ec-b767-00505681224b.pdf","d9bsrp4hn77000f9c3f0","1","OCR failed. Command: tesseract /tmp/diml/pngs/d9bsrp4hn77000f9c3f0/d9bsrp4hn77000f9c3f0.0001.png /tmp/diml/ocr_results/d9bsrp4hn77000f9c3f0/d9bsrp4hn77000f9c3f0.0001 --oem 1 -l eng --psm 1 . Error: Error in pixCreateHeader: requested w = 36429, h = 60000, d = 8 Error in pixCreateHeader: requested by","NULL","2026-07-16 16:35:43.753","NULL","NULL"
"e7e07276-097f-11ed-8fc6-00505681224b","s3://enverus-courthouse-prod-chd-plants/nm/lea/e7e0/e7e07276-097f-11ed-8fc6-00505681224b.pdf","d9btvkhkf4s000f74b0g","1","OCR failed. Command: tesseract /tmp/diml/pngs/d9btvkhkf4s000f74b0g/d9btvkhkf4s000f74b0g.0001.png /tmp/diml/ocr_results/d9btvkhkf4s000f74b0g/d9btvkhkf4s000f74b0g.0001 --oem 1 -l eng --psm 1 . Error: Error in pixCreateHeader: requested w = 36429, h = 60000, d = 8 Error in pixCreateHeader: requested by","NULL","2026-07-16 16:35:43.753","NULL","NULL"
"0656b374-d733-11ec-9697-00505681224b","s3://enverus-courthouse-prod-chd-plants/nm/lea/0656/0656b374-d733-11ec-9697-00505681224b.pdf","d9bt7qrdd4a000d4i6gg","1","OCR failed. Command: tesseract /tmp/diml/pngs/d9bt7qrdd4a000d4i6gg/d9bt7qrdd4a000d4i6gg.0001.png /tmp/diml/ocr_results/d9bt7qrdd4a000d4i6gg/d9bt7qrdd4a000d4i6gg.0001 --oem 1 -l eng --psm 1 . Error: Error in pixCreateHeader: requested w = 36429, h = 60000, d = 8 Error in pixCreateHeader: requested by","NULL","2026-07-16 16:35:43.753","NULL","NULL"
"aec47870-a5b1-11ec-9f8f-00505681224b","s3://enverus-courthouse-prod-chd-plants/nm/lea/aec4/aec47870-a5b1-11ec-9f8f-00505681224b.pdf","d9bucdnr761000dgc690","1","OCR failed. Command: tesseract /tmp/diml/pngs/d9bucdnr761000dgc690/d9bucdnr761000dgc690.0001.png /tmp/diml/ocr_results/d9bucdnr761000dgc690/d9bucdnr761000dgc690.0001 --oem 1 -l eng --psm 1 . Error: Error in pixCreateHeader: requested w = 36429, h = 60000, d = 8 Error in pixCreateHeader: requested by","NULL","2026-07-16 16:28:49.590","NULL","NULL"
"c2445e49-3ec2-11ec-bb66-00505681224b","s3://enverus-courthouse-prod-chd-plants/nm/lea/c244/c2445e49-3ec2-11ec-bb66-00505681224b.pdf","d9bsssbk4o900087uvt0","1","OCR failed. Command: tesseract /tmp/diml/pngs/d9bsssbk4o900087uvt0/d9bsssbk4o900087uvt0.0001.png /tmp/diml/ocr_results/d9bsssbk4o900087uvt0/d9bsssbk4o900087uvt0.0001 --oem 1 -l eng --psm 1 . Error: Error in pixCreateHeader: requested w = 36429, h = 60000, d = 8 Error in pixCreateHeader: requested by","NULL","2026-07-16 16:28:49.590","NULL","NULL"
"8c64952f-bc7b-11ec-83b6-00505681224b","s3://enverus-courthouse-prod-chd-plants/nm/lea/8c64/8c64952f-bc7b-11ec-83b6-00505681224b.pdf","d9bum3830skg00d8v3t0","1","OCR failed. Command: tesseract /tmp/diml/pngs/d9bum3830skg00d8v3t0/d9bum3830skg00d8v3t0.0016.png /tmp/diml/ocr_results/d9bum3830skg00d8v3t0/d9bum3830skg00d8v3t0.0016 --oem 1 -l eng --psm 1 . Error: Error in pixCreateHeader: requested w = 36429, h = 60000, d = 8 Error in pixCreateHeader: requested by","NULL","2026-07-16 16:28:49.590","NULL","NULL"
"f59fba7d-405b-11ec-8bbc-00505681224b","s3://enverus-courthouse-prod-chd-plants/nm/eog_lea/f59f/f59fba7d-405b-11ec-8bbc-00505681224b.pdf","d9bsr48isvug00fsc8q0","1","OCR failed. Command: tesseract /tmp/diml/pngs/d9bsr48isvug00fsc8q0/d9bsr48isvug00fsc8q0.0001.png /tmp/diml/ocr_results/d9bsr48isvug00fsc8q0/d9bsr48isvug00fsc8q0.0001 --oem 1 -l eng --psm 1 . Error: Error in pixCreateHeader: requested w = 36429, h = 60000, d = 8 Error in pixCreateHeader: requested by","NULL","2026-07-16 16:22:03.160","NULL","NULL"
"1b5e3c26-d733-11ec-9ef1-00505681224b","s3://enverus-courthouse-prod-chd-plants/nm/lea/1b5e/1b5e3c26-d733-11ec-9ef1-00505681224b.pdf","d9bu8fvr2ffg00e0ocq0","1","OCR failed. Command: tesseract /tmp/diml/pngs/d9bu8fvr2ffg00e0ocq0/d9bu8fvr2ffg00e0ocq0.0002.png /tmp/diml/ocr_results/d9bu8fvr2ffg00e0ocq0/d9bu8fvr2ffg00e0ocq0.0002 --oem 1 -l eng --psm 1 . Error: Error in pixCreateHeader: requested w = 36429, h = 60000, d = 8 Error in pixCreateHeader: requested by","NULL","2026-07-16 16:22:03.160","NULL","NULL"
"c83ef8f2-8bcb-11ec-8842-00505681224b","s3://enverus-courthouse-prod-chd-plants/nm/lea/c83e/c83ef8f2-8bcb-11ec-8842-00505681224b.pdf","d9bt59vpfcq000fep8u0","1","OCR failed. Command: tesseract /tmp/diml/pngs/d9bt59vpfcq000fep8u0/d9bt59vpfcq000fep8u0.0001.png /tmp/diml/ocr_results/d9bt59vpfcq000fep8u0/d9bt59vpfcq000fep8u0.0001 --oem 1 -l eng --psm 1 . Error: Error in pixCreateHeader: requested w = 36429, h = 60000, d = 8 Error in pixCreateHeader: requested by","NULL","2026-07-16 16:22:03.160","NULL","NULL"
"17db5474-f80d-11eb-9fb1-00505681224b","s3://enverus-courthouse-prod-chd-plants/nm/eog_lea/17db/17db5474-f80d-11eb-9fb1-00505681224b.pdf","d9bt6ou89gsg00ffkma0","1","OCR failed. Command: tesseract /tmp/diml/pngs/d9bt6ou89gsg00ffkma0/d9bt6ou89gsg00ffkma0.0004.png /tmp/diml/ocr_results/d9bt6ou89gsg00ffkma0/d9bt6ou89gsg00ffkma0.0004 --oem 1 -l eng --psm 1 . Error: Error in pixCreateHeader: requested w = 36429, h = 60000, d = 8 Error in pixCreateHeader: requested by","NULL","2026-07-16 16:22:03.160","NULL","NULL"
"f5a0088e-405b-11ec-8a9b-00505681224b","s3://enverus-courthouse-prod-chd-plants/nm/eog_lea/f5a0/f5a0088e-405b-11ec-8a9b-00505681224b.pdf","d9btitp9ha2000c6ajs0","1","OCR failed. Command: tesseract /tmp/diml/pngs/d9btitp9ha2000c6ajs0/d9btitp9ha2000c6ajs0.0001.png /tmp/diml/ocr_results/d9btitp9ha2000c6ajs0/d9btitp9ha2000c6ajs0.0001 --oem 1 -l eng --psm 1 . Error: Error in pixCreateHeader: requested w = 36429, h = 60000, d = 8 Error in pixCreateHeader: requested by","NULL","2026-07-16 16:13:30.933","NULL","NULL"
"e187ab72-bc7b-11ec-81fd-00505681224b","s3://enverus-courthouse-prod-chd-plants/nm/eog_lea/e187/e187ab72-bc7b-11ec-81fd-00505681224b.pdf","d9btnrfr2ffg00e00kk0","1","OCR failed. Command: tesseract /tmp/diml/pngs/d9btnrfr2ffg00e00kk0/d9btnrfr2ffg00e00kk0.0002.png /tmp/diml/ocr_results/d9btnrfr2ffg00e00kk0/d9btnrfr2ffg00e00kk0.0002 --oem 1 -l eng --psm 1 . Error: Error in pixCreateHeader: requested w = 36429, h = 60000, d = 8 Error in pixCreateHeader: requested by","NULL","2026-07-16 16:07:58.807","NULL","NULL"
"576b04c2-d733-11ec-b37d-00505681224b","s3://enverus-courthouse-prod-chd-plants/nm/lea/576b/576b04c2-d733-11ec-b37d-00505681224b.pdf","d9bt9n3dd4a000d4kv00","1","OCR failed. Command: tesseract /tmp/diml/pngs/d9bt9n3dd4a000d4kv00/d9bt9n3dd4a000d4kv00.0001.png /tmp/diml/ocr_results/d9bt9n3dd4a000d4kv00/d9bt9n3dd4a000d4kv00.0001 --oem 1 -l eng --psm 1 . Error: Error in pixCreateHeader: requested w = 36429, h = 60000, d = 8 Error in pixCreateHeader: requested by","NULL","2026-07-16 16:02:00.063","NULL","NULL"
"1b36c9a4-3df8-11ec-9767-00505681224b","s3://enverus-courthouse-prod-chd-plants/nm/lea/1b36/1b36c9a4-3df8-11ec-9767-00505681224b.pdf","d9bu76g59fgg00e2pgp0","1","OCR failed. Command: tesseract /tmp/diml/pngs/d9bu76g59fgg00e2pgp0/d9bu76g59fgg00e2pgp0.0001.png /tmp/diml/ocr_results/d9bu76g59fgg00e2pgp0/d9bu76g59fgg00e2pgp0.0001 --oem 1 -l eng --psm 1 . Error: Error in pixCreateHeader: requested w = 36429, h = 60000, d = 8 Error in pixCreateHeader: requested by","NULL","2026-07-16 16:02:00.063","NULL","NULL"
"97F4C847-B00D-498C-B6AE-4D39AF8AD67B","s3://enverus-courthouse-prod-chd-plants/tx/training_pecos/97F4/97F4C847-B00D-498C-B6AE-4D39AF8AD67B.pdf","d9bt95h9ha2000c5uun0","1","No pdf could be downloaded, error=PDF file tx/training_pecos/97F4/97F4C847-B00D-498C-B6AE-4D39AF8AD67B.pdf is too large to be processed, size=1.4695663452148438 GB","NULL","2026-07-16 16:02:00.063","NULL","NULL"
"670ae75c-3f8a-11ec-be74-00505681224b","s3://enverus-courthouse-prod-chd-plants/nm/lea/670a/670ae75c-3f8a-11ec-be74-00505681224b.pdf","d9bu5b1kf4s000f7co50","1","OCR failed. Command: tesseract /tmp/diml/pngs/d9bu5b1kf4s000f7co50/d9bu5b1kf4s000f7co50.0001.png /tmp/diml/ocr_results/d9bu5b1kf4s000f7co50/d9bu5b1kf4s000f7co50.0001 --oem 1 -l eng --psm 1 . Error: Error in pixCreateHeader: requested w = 36429, h = 60000, d = 8 Error in pixCreateHeader: requested by","NULL","2026-07-16 16:02:00.063","NULL","NULL"
"3a2e199c-a198-11eb-a1fe-00505681224b","s3://enverus-courthouse-prod-chd-plants/nm/eog_lea/3a2e/3a2e199c-a198-11eb-a1fe-00505681224b.pdf","d9bt3rkhn77000f9k7s0","1","OCR failed. Command: tesseract /tmp/diml/pngs/d9bt3rkhn77000f9k7s0/d9bt3rkhn77000f9k7s0.0027.png /tmp/diml/ocr_results/d9bt3rkhn77000f9k7s0/d9bt3rkhn77000f9k7s0.0027 --oem 1 -l eng --psm 1 . Error: Error in pixCreateHeader: requested w = 36429, h = 60000, d = 8 Error in pixCreateHeader: requested by","NULL","2026-07-16 16:02:00.063","NULL","NULL"
"f10be27d-6225-11ec-afa1-00505681224b","s3://enverus-courthouse-prod-chd-plants/nm/lea/f10b/f10be27d-6225-11ec-afa1-00505681224b.pdf","d9bu7hkhn77000fb1oqg","1","OCR failed. Command: tesseract /tmp/diml/pngs/d9bu7hkhn77000fb1oqg/d9bu7hkhn77000fb1oqg.0001.png /tmp/diml/ocr_results/d9bu7hkhn77000fb1oqg/d9bu7hkhn77000fb1oqg.0001 --oem 1 -l eng --psm 1 . Error: Error in pixCreateHeader: requested w = 36429, h = 60000, d = 8 Error in pixCreateHeader: requested by","NULL","2026-07-16 15:55:26.537","NULL","NULL"
"bd27ac5f-bc7b-11ec-a64e-00505681224b","s3://enverus-courthouse-prod-chd-plants/nm/lea/bd27/bd27ac5f-bc7b-11ec-a64e-00505681224b.pdf","d9btkgnpfdig00fav16g","1","OCR failed. Command: tesseract /tmp/diml/pngs/d9btkgnpfdig00fav16g/d9btkgnpfdig00fav16g.0002.png /tmp/diml/ocr_results/d9btkgnpfdig00fav16g/d9btkgnpfdig00fav16g.0002 --oem 1 -l eng --psm 1 . Error: Error in pixCreateHeader: requested w = 36429, h = 60000, d = 8 Error in pixCreateHeader: requested by","NULL","2026-07-16 15:55:26.537","NULL","NULL"
"a7e707fa-be89-4def-966e-aa803e13ff14","s3://enverus-courthouse-prod-chd-plants/ok/kingfisher/a7e7/a7e707fa-be89-4def-966e-aa803e13ff14.pdf","c87u7r4o26gg0094hu30","1","Could not read pdf file /tmp/diml/000062.pdf, last try failure: Png extraction timed out","NULL","2026-07-16 15:55:26.537","NULL","NULL"
"9313ee77-7d7a-11eb-846d-00505681224b","s3://enverus-courthouse-prod-chd-plants/nm/eog_lea/9313/9313ee77-7d7a-11eb-846d-00505681224b.pdf","d9bu61p5jqeg00e7nhl0","1","OCR failed. Command: tesseract /tmp/diml/pngs/d9bu61p5jqeg00e7nhl0/d9bu61p5jqeg00e7nhl0.0068.png /tmp/diml/ocr_results/d9bu61p5jqeg00e7nhl0/d9bu61p5jqeg00e7nhl0.0068 --oem 1 -l eng --psm 1 . Error: Error in pixCreateHeader: requested w = 36429, h = 60000, d = 8 Error in pixCreateHeader: requested by","NULL","2026-07-16 15:55:26.537","NULL","NULL"
"30d5b590-ec4c-11eb-8e36-00505681224b","s3://enverus-courthouse-prod-chd-plants/nm/eog_lea/30d5/30d5b590-ec4c-11eb-8e36-00505681224b.pdf","d9bsnleicpjg00datk60","1","OCR failed. Command: tesseract /tmp/diml/pngs/d9bsnleicpjg00datk60/d9bsnleicpjg00datk60.0001.png /tmp/diml/ocr_results/d9bsnleicpjg00datk60/d9bsnleicpjg00datk60.0001 --oem 1 -l eng --psm 1 . Error: Error in pixCreateHeader: requested w = 36429, h = 60000, d = 8 Error in pixCreateHeader: requested by","NULL","2026-07-16 15:55:26.537","NULL","NULL"
"17db2d41-f80d-11eb-ae43-00505681224b","s3://enverus-courthouse-prod-chd-plants/nm/eog_lea/17db/17db2d41-f80d-11eb-ae43-00505681224b.pdf","d9bsrd5lksng008dihog","1","OCR failed. Command: tesseract /tmp/diml/pngs/d9bsrd5lksng008dihog/d9bsrd5lksng008dihog.0004.png /tmp/diml/ocr_results/d9bsrd5lksng008dihog/d9bsrd5lksng008dihog.0004 --oem 1 -l eng --psm 1 . Error: Error in pixCreateHeader: requested w = 36429, h = 60000, d = 8 Error in pixCreateHeader: requested by","NULL","2026-07-16 15:55:26.537","NULL","NULL"
"0a6aa170-ca7e-d24f-8776-5a96fb48fc0e","s3://enverus-courthouse-prod-chd-plants/nm/eddy/0a6a/0a6aa170-ca7e-d24f-8776-5a96fb48fc0e.pdf","bag8912vki7g1fvfhn7g","1","list index out of range","NULL","2026-07-16 15:55:26.537","NULL","NULL"
"c2434ccf-3ec2-11ec-995a-00505681224b","s3://enverus-courthouse-prod-chd-plants/nm/lea/c243/c2434ccf-3ec2-11ec-995a-00505681224b.pdf","d9btiqdlksng008ec6m0","1","OCR failed. Command: tesseract /tmp/diml/pngs/d9btiqdlksng008ec6m0/d9btiqdlksng008ec6m0.0001.png /tmp/diml/ocr_results/d9btiqdlksng008ec6m0/d9btiqdlksng008ec6m0.0001 --oem 1 -l eng --psm 1 . Error: Error in pixCreateHeader: requested w = 36429, h = 60000, d = 8 Error in pixCreateHeader: requested by","NULL","2026-07-16 15:55:26.537","NULL","NULL"
"e187f9bd-bc7b-11ec-933a-00505681224b","s3://enverus-courthouse-prod-chd-plants/nm/eog_lea/e187/e187f9bd-bc7b-11ec-933a-00505681224b.pdf","d9btkhjk4o900088puq0","1","OCR failed. Command: tesseract /tmp/diml/pngs/d9btkhjk4o900088puq0/d9btkhjk4o900088puq0.0003.png /tmp/diml/ocr_results/d9btkhjk4o900088puq0/d9btkhjk4o900088puq0.0003 --oem 1 -l eng --psm 1 . Error: Error in pixCreateHeader: requested w = 36429, h = 60000, d = 8 Error in pixCreateHeader: requested by","NULL","2026-07-16 15:47:35.580","NULL","NULL"
"447a820a-097f-11ed-9e6b-00505681224b","s3://enverus-courthouse-prod-chd-plants/nm/lea/447a/447a820a-097f-11ed-9e6b-00505681224b.pdf","d9bts8jrgi8g00bfnp60","1","OCR failed. Command: tesseract /tmp/diml/pngs/d9bts8jrgi8g00bfnp60/d9bts8jrgi8g00bfnp60.0005.png /tmp/diml/ocr_results/d9bts8jrgi8g00bfnp60/d9bts8jrgi8g00bfnp60.0005 --oem 1 -l eng --psm 1 . Error: Error in pixCreateHeader: requested w = 36429, h = 60000, d = 8 Error in pixCreateHeader: requested by","NULL","2026-07-16 15:47:35.580","NULL","NULL"
"b5e1e306-d733-11ec-aef1-00505681224b","s3://enverus-courthouse-prod-chd-plants/nm/eog_lea/b5e1/b5e1e306-d733-11ec-aef1-00505681224b.pdf","d9bu51jrgi8g00bg3oe0","1","OCR failed. Command: tesseract /tmp/diml/pngs/d9bu51jrgi8g00bg3oe0/d9bu51jrgi8g00bg3oe0.0001.png /tmp/diml/ocr_results/d9bu51jrgi8g00bg3oe0/d9bu51jrgi8g00bg3oe0.0001 --oem 1 -l eng --psm 1 . Error: Error in pixCreateHeader: requested w = 36429, h = 60000, d = 8 Error in pixCreateHeader: requested by","NULL","2026-07-16 15:47:35.580","NULL","NULL"
"e7e0e79f-097f-11ed-a0d4-00505681224b","s3://enverus-courthouse-prod-chd-plants/nm/lea/e7e0/e7e0e79f-097f-11ed-a0d4-00505681224b.pdf","d9bstbkflnl000dj0gkg","1","OCR failed. Command: tesseract /tmp/diml/pngs/d9bstbkflnl000dj0gkg/d9bstbkflnl000dj0gkg.0001.png /tmp/diml/ocr_results/d9bstbkflnl000dj0gkg/d9bstbkflnl000dj0gkg.0001 --oem 1 -l eng --psm 1 . Error: Error in pixCreateHeader: requested w = 36429, h = 60000, d = 8 Error in pixCreateHeader: requested by","NULL","2026-07-16 15:47:35.580","NULL","NULL"
"32cba016-787c-475f-93e7-7a5cd2fcd214","s3://enverus-courthouse-prod-chd-plants/tx/eog_atascosa/32cb/32cba016-787c-475f-93e7-7a5cd2fcd214.pdf","ba0ukdivki7g1fu7dh90","1","No pdf could be downloaded, error=s3://di-diml-platinum-prod/ba0ukdivki7g1fu7dh90/ba0ukdivki7g1fu7dha0/184739.pdf: Could not connect to the endpoint URL: ""https://sts.us-east-1.amazonaws.com/""","NULL","2026-07-16 15:47:35.580","2026-07-17 00:05:54.327","NULL"
"1b5f9bb3-d733-11ec-93e8-00505681224b","s3://enverus-courthouse-prod-chd-plants/nm/lea/1b5f/1b5f9bb3-d733-11ec-93e8-00505681224b.pdf","d9bulbfpfdig00fcdec0","1","OCR failed. Command: tesseract /tmp/diml/pngs/d9bulbfpfdig00fcdec0/d9bulbfpfdig00fcdec0.0001.png /tmp/diml/ocr_results/d9bulbfpfdig00fcdec0/d9bulbfpfdig00fcdec0.0001 --oem 1 -l eng --psm 1 . Error: Error in pixCreateHeader: requested w = 36429, h = 60000, d = 8 Error in pixCreateHeader: requested by","NULL","2026-07-16 15:47:35.580","NULL","NULL"
"67e5f6fb-097f-11ed-b48e-00505681224b","s3://enverus-courthouse-prod-chd-plants/nm/lea/67e5/67e5f6fb-097f-11ed-b48e-00505681224b.pdf","d9bu1ieicpjg00dce6h0","1","OCR failed. Command: tesseract /tmp/diml/pngs/d9bu1ieicpjg00dce6h0/d9bu1ieicpjg00dce6h0.0001.png /tmp/diml/ocr_results/d9bu1ieicpjg00dce6h0/d9bu1ieicpjg00dce6h0.0001 --oem 1 -l eng --psm 1 . Error: Error in pixCreateHeader: requested w = 36429, h = 60000, d = 8 Error in pixCreateHeader: requested by","NULL","2026-07-16 15:47:35.580","NULL","NULL"
"ca5b87c6-097e-11ed-b09b-00505681224b","s3://enverus-courthouse-prod-chd-plants/nm/eog_lea/ca5b/ca5b87c6-097e-11ed-b09b-00505681224b.pdf","d9bug7j1f5dg00ber0k0","1","OCR failed. Command: tesseract /tmp/diml/pngs/d9bug7j1f5dg00ber0k0/d9bug7j1f5dg00ber0k0.0002.png /tmp/diml/ocr_results/d9bug7j1f5dg00ber0k0/d9bug7j1f5dg00ber0k0.0002 --oem 1 -l eng --psm 1 . Error: Error in pixCreateHeader: requested w = 36429, h = 60000, d = 8 Error in pixCreateHeader: requested by","NULL","2026-07-16 15:47:35.580","NULL","NULL"
"1b5fc2d0-d733-11ec-a422-00505681224b","s3://enverus-courthouse-prod-chd-plants/nm/lea/1b5f/1b5fc2d0-d733-11ec-a422-00505681224b.pdf","d9buplnpfcq000fgvk6g","1","OCR failed. Command: tesseract /tmp/diml/pngs/d9buplnpfcq000fgvk6g/d9buplnpfcq000fgvk6g.0001.png /tmp/diml/ocr_results/d9buplnpfcq000fgvk6g/d9buplnpfcq000fgvk6g.0001 --oem 1 -l eng --psm 1 . Error: Error in pixCreateHeader: requested w = 36429, h = 60000, d = 8 Error in pixCreateHeader: requested by","NULL","2026-07-16 15:47:35.580","NULL","NULL"
"1b5ed866-d733-11ec-8048-00505681224b","s3://enverus-courthouse-prod-chd-plants/nm/lea/1b5e/1b5ed866-d733-11ec-8048-00505681224b.pdf","d9bupgo59fgg00e3knm0","1","OCR failed. Command: tesseract /tmp/diml/pngs/d9bupgo59fgg00e3knm0/d9bupgo59fgg00e3knm0.0001.png /tmp/diml/ocr_results/d9bupgo59fgg00e3knm0/d9bupgo59fgg00e3knm0.0001 --oem 1 -l eng --psm 1 . Error: Error in pixCreateHeader: requested w = 36429, h = 60000, d = 8 Error in pixCreateHeader: requested by","NULL","2026-07-16 15:41:07.380","NULL","NULL"
"4e4c0542-aabd-4837-b72f-5a26a0109c06","s3://enverus-courthouse-prod-chd-plants/tx/falls/4e4c/4e4c0542-aabd-4837-b72f-5a26a0109c06.pdf","baoglmbreesg1ff78sag","1","No pdf could be downloaded, error=s3://di-diml-platinum-prod/baoglmbreesg1ff78sag/baoglmjreesg1ff78sc0/00000437.pdf: Could not connect to the endpoint URL: ""https://di-diml-platinum-prod.s3.amazonaws.com/baoglmbreesg1ff78sag/baoglmjreesg1ff78sc0/00000437.pdf""","NULL","2026-07-16 15:41:07.380","2026-07-16 21:06:31.120","NULL"
"1b36a2b3-3df8-11ec-aaea-00505681224b","s3://enverus-courthouse-prod-chd-plants/nm/lea/1b36/1b36a2b3-3df8-11ec-aaea-00505681224b.pdf","d9btrthhd6mg00bmpmu0","1","OCR failed. Command: tesseract /tmp/diml/pngs/d9btrthhd6mg00bmpmu0/d9btrthhd6mg00bmpmu0.0001.png /tmp/diml/ocr_results/d9btrthhd6mg00bmpmu0/d9btrthhd6mg00bmpmu0.0001 --oem 1 -l eng --psm 1 . Error: Error in pixCreateHeader: requested w = 36429, h = 60000, d = 8 Error in pixCreateHeader: requested by","NULL","2026-07-16 15:41:07.380","NULL","NULL"
"27240fbd-0980-11ed-b970-00505681224b","s3://enverus-courthouse-prod-chd-plants/nm/lea/2724/27240fbd-0980-11ed-b970-00505681224b.pdf","d9btgfoisvug00ft46i0","1","OCR failed. Command: tesseract /tmp/diml/pngs/d9btgfoisvug00ft46i0/d9btgfoisvug00ft46i0.0002.png /tmp/diml/ocr_results/d9btgfoisvug00ft46i0/d9btgfoisvug00ft46i0.0002 --oem 1 -l eng --psm 1 . Error: Error in pixCreateHeader: requested w = 36429, h = 60000, d = 8 Error in pixCreateHeader: requested by","NULL","2026-07-16 15:41:07.380","NULL","NULL"
"30d407df-ec4c-11eb-b7e2-00505681224b","s3://enverus-courthouse-prod-chd-plants/nm/eog_lea/30d4/30d407df-ec4c-11eb-b7e2-00505681224b.pdf","d9btta0isvug00ftka9g","1","Could not read pdf file /tmp/diml/d9btta0isvug00ftka9g.pdf, last try failure: Png extraction timed out","NULL","2026-07-16 15:41:07.380","NULL","NULL"
"d32cae65-bc7b-11ec-a60c-00505681224b","s3://enverus-courthouse-prod-chd-plants/nm/eog_lea/d32c/d32cae65-bc7b-11ec-a60c-00505681224b.pdf","d9bujjkogvn0009c30qg","1","OCR failed. Command: tesseract /tmp/diml/pngs/d9bujjkogvn0009c30qg/d9bujjkogvn0009c30qg.0003.png /tmp/diml/ocr_results/d9bujjkogvn0009c30qg/d9bujjkogvn0009c30qg.0003 --oem 1 -l eng --psm 1 . Error: Error in pixCreateHeader: requested w = 36429, h = 60000, d = 8 Error in pixCreateHeader: requested by","NULL","2026-07-16 15:41:07.380","NULL","NULL"
"896226e1-a844-40a6-b324-7452b5b668ce","s3://enverus-courthouse-prod-chd-plants/tx/lamb/8962/896226e1-a844-40a6-b324-7452b5b668ce.pdf","b8ttdphcjjkg1esj6ur0","1","No pdf could be downloaded, error=s3://di-diml-platinum-prod/b8ttdphcjjkg1esj6ur0/b8ttdpjl40h01emm8obg/2017-00001810.pdf: Could not connect to the endpoint URL: ""https://sts.us-east-1.amazonaws.com/""","NULL","2026-07-16 15:41:07.380","2026-07-17 02:59:24.283","NULL"
"74d89bfe-00e7-44c8-ad96-43c47d28921b","s3://enverus-courthouse-prod-chd-plants/tx/lavaca/74d8/74d89bfe-00e7-44c8-ad96-43c47d28921b.pdf","b95pah1cjjkg1eskg1a0","1","No pdf could be downloaded, error=s3://di-diml-platinum-prod/b95pah1cjjkg1eskg1a0/b95pah1cjjkg1eskg1cg/226116.pdf: Could not connect to the endpoint URL: ""https://di-diml-platinum-prod.s3.amazonaws.com/b95pah1cjjkg1eskg1a0/b95pah1cjjkg1eskg1cg/226116.pdf""","NULL","2026-07-16 15:33:52.200","2026-07-17 02:59:24.283","NULL"
"aec47861-a5b1-11ec-9671-00505681224b","s3://enverus-courthouse-prod-chd-plants/nm/lea/aec4/aec47861-a5b1-11ec-9671-00505681224b.pdf","d9bspr7r2ffg00duvg90","1","OCR failed. Command: tesseract /tmp/diml/pngs/d9bspr7r2ffg00duvg90/d9bspr7r2ffg00duvg90.0001.png /tmp/diml/ocr_results/d9bspr7r2ffg00duvg90/d9bspr7r2ffg00duvg90.0001 --oem 1 -l eng --psm 1 . Error: Error in pixCreateHeader: requested w = 36429, h = 60000, d = 8 Error in pixCreateHeader: requested by","NULL","2026-07-16 15:33:52.200","NULL","NULL"
"bc093ac5-42b7-11ec-9559-00505681224b","s3://enverus-courthouse-prod-chd-plants/nm/eog_lea/bc09/bc093ac5-42b7-11ec-9559-00505681224b.pdf","d9btispb0h1g00d0bla0","1","OCR failed. Command: tesseract /tmp/diml/pngs/d9btispb0h1g00d0bla0/d9btispb0h1g00d0bla0.0001.png /tmp/diml/ocr_results/d9btispb0h1g00d0bla0/d9btispb0h1g00d0bla0.0001 --oem 1 -l eng --psm 1 . Error: Error in pixCreateHeader: requested w = 36429, h = 60000, d = 8 Error in pixCreateHeader: requested by","NULL","2026-07-16 15:33:52.200","NULL","NULL"
"3bfee011-686f-11ec-b2a3-00505681224b","s3://enverus-courthouse-prod-chd-plants/nm/eog_lea/3bfe/3bfee011-686f-11ec-b2a3-00505681224b.pdf","d9bu9719ha2000c78t7g","1","OCR failed. Command: tesseract /tmp/diml/pngs/d9bu9719ha2000c78t7g/d9bu9719ha2000c78t7g.0001.png /tmp/diml/ocr_results/d9bu9719ha2000c78t7g/d9bu9719ha2000c78t7g.0001 --oem 1 -l eng --psm 1 . Error: Error in pixCreateHeader: requested w = 36429, h = 60000, d = 8 Error in pixCreateHeader: requested by","NULL","2026-07-16 15:33:52.200","NULL","NULL"
"d32cae68-bc7b-11ec-9542-00505681224b","s3://enverus-courthouse-prod-chd-plants/nm/eog_lea/d32c/d32cae68-bc7b-11ec-9542-00505681224b.pdf","d9bsrchd6jhg0082er10","1","OCR failed. Command: tesseract /tmp/diml/pngs/d9bsrchd6jhg0082er10/d9bsrchd6jhg0082er10.0003.png /tmp/diml/ocr_results/d9bsrchd6jhg0082er10/d9bsrchd6jhg0082er10.0003 --oem 1 -l eng --psm 1 . Error: Error in pixCreateHeader: requested w = 36429, h = 60000, d = 8 Error in pixCreateHeader: requested by","NULL","2026-07-16 15:33:52.200","NULL","NULL"
"cac6a062-656f-441f-8c93-365ab7dac990","s3://enverus-courthouse-prod-chd-plants/tx/eastland/cac6/cac6a062-656f-441f-8c93-365ab7dac990.pdf","b8skm43l40h01emlba10","1","No pdf could be downloaded, error=s3://di-diml-platinum-prod/b8skm43l40h01emlba10/b8skm49cjjkg1esial9g/2017-003335.pdf: Could not connect to the endpoint URL: ""https://di-diml-platinum-prod.s3.amazonaws.com/b8skm43l40h01emlba10/b8skm49cjjkg1esial9g/2017-003335.pdf""","NULL","2026-07-16 15:33:52.200","2026-07-16 20:42:45.183","NULL"
"576b2bdc-d733-11ec-94db-00505681224b","s3://enverus-courthouse-prod-chd-plants/nm/lea/576b/576b2bdc-d733-11ec-94db-00505681224b.pdf","d9bu3ssogvn0009bbekg","1","OCR failed. Command: tesseract /tmp/diml/pngs/d9bu3ssogvn0009bbekg/d9bu3ssogvn0009bbekg.0001.png /tmp/diml/ocr_results/d9bu3ssogvn0009bbekg/d9bu3ssogvn0009bbekg.0001 --oem 1 -l eng --psm 1 . Error: Error in pixCreateHeader: requested w = 36429, h = 60000, d = 8 Error in pixCreateHeader: requested by","NULL","2026-07-16 15:33:52.200","NULL","NULL"
"670c1ff5-3f8a-11ec-95b4-00505681224b","s3://enverus-courthouse-prod-chd-plants/nm/lea/670c/670c1ff5-3f8a-11ec-95b4-00505681224b.pdf","d9btb25lksng008e3h90","1","OCR failed. Command: tesseract /tmp/diml/pngs/d9btb25lksng008e3h90/d9btb25lksng008e3h90.0001.png /tmp/diml/ocr_results/d9btb25lksng008e3h90/d9btb25lksng008e3h90.0001 --oem 1 -l eng --psm 1 . Error: Error in pixCreateHeader: requested w = 36429, h = 60000, d = 8 Error in pixCreateHeader: requested by","NULL","2026-07-16 15:33:52.200","NULL","NULL"
"aec49f85-a5b1-11ec-986b-00505681224b","s3://enverus-courthouse-prod-chd-plants/nm/lea/aec4/aec49f85-a5b1-11ec-986b-00505681224b.pdf","d9bu6fi2oub000e2oa3g","1","OCR failed. Command: tesseract /tmp/diml/pngs/d9bu6fi2oub000e2oa3g/d9bu6fi2oub000e2oa3g.0001.png /tmp/diml/ocr_results/d9bu6fi2oub000e2oa3g/d9bu6fi2oub000e2oa3g.0001 --oem 1 -l eng --psm 1 . Error: Error in pixCreateHeader: requested w = 36429, h = 60000, d = 8 Error in pixCreateHeader: requested by","NULL","2026-07-16 15:33:52.200","NULL","NULL"
"c243e923-3ec2-11ec-ae42-00505681224b","s3://enverus-courthouse-prod-chd-plants/nm/lea/c243/c243e923-3ec2-11ec-ae42-00505681224b.pdf","d9btv8830skg00d7tc4g","1","OCR failed. Command: tesseract /tmp/diml/pngs/d9btv8830skg00d7tc4g/d9btv8830skg00d7tc4g.0001.png /tmp/diml/ocr_results/d9btv8830skg00d7tc4g/d9btv8830skg00d7tc4g.0001 --oem 1 -l eng --psm 1 . Error: Error in pixCreateHeader: requested w = 36429, h = 60000, d = 8 Error in pixCreateHeader: requested by","NULL","2026-07-16 15:33:52.200","NULL","NULL"
"27240fbe-0980-11ed-8635-00505681224b","s3://enverus-courthouse-prod-chd-plants/nm/lea/2724/27240fbe-0980-11ed-8635-00505681224b.pdf","d9btkifr761000dfbejg","1","OCR failed. Command: tesseract /tmp/diml/pngs/d9btkifr761000dfbejg/d9btkifr761000dfbejg.0001.png /tmp/diml/ocr_results/d9btkifr761000dfbejg/d9btkifr761000dfbejg.0001 --oem 1 -l eng --psm 1 . Error: Error in pixCreateHeader: requested w = 36429, h = 60000, d = 8 Error in pixCreateHeader: requested by","NULL","2026-07-16 15:33:52.200","NULL","NULL"
"d32d239e-bc7b-11ec-8d5f-00505681224b","s3://enverus-courthouse-prod-chd-plants/nm/eog_lea/d32d/d32d239e-bc7b-11ec-8d5f-00505681224b.pdf","d9bu327r2ffg00e0gf1g","1","OCR failed. Command: tesseract /tmp/diml/pngs/d9bu327r2ffg00e0gf1g/d9bu327r2ffg00e0gf1g.0001.png /tmp/diml/ocr_results/d9bu327r2ffg00e0gf1g/d9bu327r2ffg00e0gf1g.0001 --oem 1 -l eng --psm 1 . Error: Error in pixCreateHeader: requested w = 36429, h = 60000, d = 8 Error in pixCreateHeader: requested by","NULL","2026-07-16 15:25:51.153","NULL","NULL"
"e7e07262-097f-11ed-98bb-00505681224b","s3://enverus-courthouse-prod-chd-plants/nm/lea/e7e0/e7e07262-097f-11ed-98bb-00505681224b.pdf","d9bt2eeicpjg00db8s4g","1","OCR failed. Command: tesseract /tmp/diml/pngs/d9bt2eeicpjg00db8s4g/d9bt2eeicpjg00db8s4g.0005.png /tmp/diml/ocr_results/d9bt2eeicpjg00db8s4g/d9bt2eeicpjg00db8s4g.0005 --oem 1 -l eng --psm 1 . Error: Error in pixCreateHeader: requested w = 36429, h = 60000, d = 8 Error in pixCreateHeader: requested by","NULL","2026-07-16 15:25:51.153","NULL","NULL"
"bf4ae97c-6cd9-4682-b21f-a8acf947eaa0","s3://enverus-courthouse-prod-chd-plants/tx/montgomery/bf4a/bf4ae97c-6cd9-4682-b21f-a8acf947eaa0.pdf","b9ekke3l40h01emup3kg","1","No pdf could be downloaded, error=s3://di-diml-platinum-prod/b9ekke3l40h01emup3kg/b9ekke3l40h01emup3lg/2017113088.pdf: Could not connect to the endpoint URL: ""https://sts.us-east-1.amazonaws.com/""","NULL","2026-07-16 15:25:51.153","2026-07-16 17:05:08.310","NULL"
"924875b9-4784-4de8-a060-37389d274a8c","s3://enverus-courthouse-prod-chd-plants/tx/nueces/9248/924875b9-4784-4de8-a060-37389d274a8c.pdf","b9pi5rivki7g1fu0lqag","1","No pdf could be downloaded, error=s3://di-diml-platinum-prod/b9pi5rivki7g1fu0lqag/b9pi5rqvki7g1fu0lqcg/2018004303.pdf: Could not connect to the endpoint URL: ""https://di-diml-platinum-prod.s3.amazonaws.com/b9pi5rivki7g1fu0lqag/b9pi5rqvki7g1fu0lqcg/2018004303.pdf""","NULL","2026-07-16 15:25:51.153","2026-07-17 02:15:11.973","NULL"
"4719a8df-d733-11ec-aca4-00505681224b","s3://enverus-courthouse-prod-chd-plants/nm/lea/4719/4719a8df-d733-11ec-aca4-00505681224b.pdf","d9bu1r7ak35000876elg","1","OCR failed. Command: tesseract /tmp/diml/pngs/d9bu1r7ak35000876elg/d9bu1r7ak35000876elg.0026.png /tmp/diml/ocr_results/d9bu1r7ak35000876elg/d9bu1r7ak35000876elg.0026 --oem 1 -l eng --psm 1 . Error: Error in pixCreateHeader: requested w = 36429, h = 60000, d = 8 Error in pixCreateHeader: requested by","NULL","2026-07-16 15:20:48.360","NULL","NULL"
"04bc3b7e-d3ea-11eb-9aa9-00505681224b","s3://enverus-courthouse-prod-chd-plants/nm/eog_lea/04bc/04bc3b7e-d3ea-11eb-9aa9-00505681224b.pdf","d9btvbphd6mg00bmu410","1","OCR failed. Command: tesseract /tmp/diml/pngs/d9btvbphd6mg00bmu410/d9btvbphd6mg00bmu410.0005.png /tmp/diml/ocr_results/d9btvbphd6mg00bmu410/d9btvbphd6mg00bmu410.0005 --oem 1 -l eng --psm 1 . Error: Error in pixCreateHeader: requested w = 36429, h = 60000, d = 8 Error in pixCreateHeader: requested by","NULL","2026-07-16 15:20:48.360","NULL","NULL"
"576b2bd0-d733-11ec-b113-00505681224b","s3://enverus-courthouse-prod-chd-plants/nm/lea/576b/576b2bd0-d733-11ec-b113-00505681224b.pdf","d9bum9pd6jhg0084qfbg","1","OCR failed. Command: tesseract /tmp/diml/pngs/d9bum9pd6jhg0084qfbg/d9bum9pd6jhg0084qfbg.0001.png /tmp/diml/ocr_results/d9bum9pd6jhg0084qfbg/d9bum9pd6jhg0084qfbg.0001 --oem 1 -l eng --psm 1 . Error: Error in pixCreateHeader: requested w = 36429, h = 60000, d = 8 Error in pixCreateHeader: requested by","NULL","2026-07-16 15:20:48.360","NULL","NULL"
"e187d29c-bc7b-11ec-a647-00505681224b","s3://enverus-courthouse-prod-chd-plants/nm/eog_lea/e187/e187d29c-bc7b-11ec-a647-00505681224b.pdf","d9bumdh5jqeg00e8g4eg","1","OCR failed. Command: tesseract /tmp/diml/pngs/d9bumdh5jqeg00e8g4eg/d9bumdh5jqeg00e8g4eg.0001.png /tmp/diml/ocr_results/d9bumdh5jqeg00e8g4eg/d9bumdh5jqeg00e8g4eg.0001 --oem 1 -l eng --psm 1 . Error: Error in pixCreateHeader: requested w = 36429, h = 60000, d = 8 Error in pixCreateHeader: requested by","NULL","2026-07-16 15:20:48.360","NULL","NULL"
"447a5b15-097f-11ed-95d1-00505681224b","s3://enverus-courthouse-prod-chd-plants/nm/lea/447a/447a5b15-097f-11ed-95d1-00505681224b.pdf","d9bujhuicpjg00dd8uh0","1","OCR failed. Command: tesseract /tmp/diml/pngs/d9bujhuicpjg00dd8uh0/d9bujhuicpjg00dd8uh0.0001.png /tmp/diml/ocr_results/d9bujhuicpjg00dd8uh0/d9bujhuicpjg00dd8uh0.0001 --oem 1 -l eng --psm 1 . Error: Error in pixCreateHeader: requested w = 36429, h = 60000, d = 8 Error in pixCreateHeader: requested by","NULL","2026-07-16 15:20:48.360","NULL","NULL"
"0655f044-d733-11ec-89f9-00505681224b","s3://enverus-courthouse-prod-chd-plants/nm/lea/0655/0655f044-d733-11ec-89f9-00505681224b.pdf","d9btu6fpfcq000ffmsl0","1","OCR failed. Command: tesseract /tmp/diml/pngs/d9btu6fpfcq000ffmsl0/d9btu6fpfcq000ffmsl0.0006.png /tmp/diml/ocr_results/d9btu6fpfcq000ffmsl0/d9btu6fpfcq000ffmsl0.0006 --oem 1 -l eng --psm 1 . Error: Error in pixCreateHeader: requested w = 36429, h = 60000, d = 8 Error in pixCreateHeader: requested by","NULL","2026-07-16 15:20:48.360","NULL","NULL"
"ca5bfd1e-097e-11ed-8e0c-00505681224b","s3://enverus-courthouse-prod-chd-plants/nm/eog_lea/ca5b/ca5bfd1e-097e-11ed-8e0c-00505681224b.pdf","d9btvg1hd6mg00bmudug","1","OCR failed. Command: tesseract /tmp/diml/pngs/d9btvg1hd6mg00bmudug/d9btvg1hd6mg00bmudug.0001.png /tmp/diml/ocr_results/d9btvg1hd6mg00bmudug/d9btvg1hd6mg00bmudug.0001 --oem 1 -l eng --psm 1 . Error: Error in pixCreateHeader: requested w = 36429, h = 60000, d = 8 Error in pixCreateHeader: requested by","NULL","2026-07-16 15:20:48.360","NULL","NULL"
"bfc6d972-097f-11ed-b60f-00505681224b","s3://enverus-courthouse-prod-chd-plants/nm/lea/bfc6/bfc6d972-097f-11ed-b60f-00505681224b.pdf","d9bt7t689gsg00fflipg","1","OCR failed. Command: tesseract /tmp/diml/pngs/d9bt7t689gsg00fflipg/d9bt7t689gsg00fflipg.0012.png /tmp/diml/ocr_results/d9bt7t689gsg00fflipg/d9bt7t689gsg00fflipg.0012 --oem 1 -l eng --psm 1 . Error: Error in pixCreateHeader: requested w = 36429, h = 60000, d = 8 Error in pixCreateHeader: requested by","NULL","2026-07-16 15:20:48.360","NULL","NULL"
"e7e0e7a4-097f-11ed-8d11-00505681224b","s3://enverus-courthouse-prod-chd-plants/nm/lea/e7e0/e7e0e7a4-097f-11ed-8d11-00505681224b.pdf","d9buhbvpfdig00fc7ngg","1","OCR failed. Command: tesseract /tmp/diml/pngs/d9buhbvpfdig00fc7ngg/d9buhbvpfdig00fc7ngg.0002.png /tmp/diml/ocr_results/d9buhbvpfdig00fc7ngg/d9buhbvpfdig00fc7ngg.0002 --oem 1 -l eng --psm 1 . Error: Error in pixCreateHeader: requested w = 36429, h = 60000, d = 8 Error in pixCreateHeader: requested by","NULL","2026-07-16 15:20:48.360","NULL","NULL"
"e7e10ef0-097f-11ed-94e1-00505681224b","s3://enverus-courthouse-prod-chd-plants/nm/lea/e7e1/e7e10ef0-097f-11ed-94e1-00505681224b.pdf","d9btk0q2oub000e1ulag","1","OCR failed. Command: tesseract /tmp/diml/pngs/d9btk0q2oub000e1ulag/d9btk0q2oub000e1ulag.0002.png /tmp/diml/ocr_results/d9btk0q2oub000e1ulag/d9btk0q2oub000e1ulag.0002 --oem 1 -l eng --psm 1 . Error: Error in pixCreateHeader: requested w = 36429, h = 60000, d = 8 Error in pixCreateHeader: requested by","NULL","2026-07-16 15:20:48.360","NULL","NULL"
"b5e1bbfe-d733-11ec-bc1a-00505681224b","s3://enverus-courthouse-prod-chd-plants/nm/eog_lea/b5e1/b5e1bbfe-d733-11ec-bc1a-00505681224b.pdf","d9bu8g1hd6mg00bnblhg","1","OCR failed. Command: tesseract /tmp/diml/pngs/d9bu8g1hd6mg00bnblhg/d9bu8g1hd6mg00bnblhg.0001.png /tmp/diml/ocr_results/d9bu8g1hd6mg00bnblhg/d9bu8g1hd6mg00bnblhg.0001 --oem 1 -l eng --psm 1 . Error: Error in pixCreateHeader: requested w = 36429, h = 60000, d = 8 Error in pixCreateHeader: requested by","NULL","2026-07-16 15:20:48.360","NULL","NULL"
"bc087759-42b7-11ec-bd0a-00505681224b","s3://enverus-courthouse-prod-chd-plants/nm/eog_lea/bc08/bc087759-42b7-11ec-bd0a-00505681224b.pdf","d9btb63delo000dtrksg","1","OCR failed. Command: tesseract /tmp/diml/pngs/d9btb63delo000dtrksg/d9btb63delo000dtrksg.0002.png /tmp/diml/ocr_results/d9btb63delo000dtrksg/d9btb63delo000dtrksg.0002 --oem 1 -l eng --psm 1 . Error: Error in pixCreateHeader: requested w = 36429, h = 60000, d = 8 Error in pixCreateHeader: requested by","NULL","2026-07-16 15:20:48.360","NULL","NULL"
"447b1e75-097f-11ed-ad00-00505681224b","s3://enverus-courthouse-prod-chd-plants/nm/lea/447b/447b1e75-097f-11ed-ad00-00505681224b.pdf","d9bu8cj6g7ig0080chag","1","OCR failed. Command: tesseract /tmp/diml/pngs/d9bu8cj6g7ig0080chag/d9bu8cj6g7ig0080chag.0015.png /tmp/diml/ocr_results/d9bu8cj6g7ig0080chag/d9bu8cj6g7ig0080chag.0015 --oem 1 -l eng --psm 1 . Error: Error in pixCreateHeader: requested w = 36429, h = 60000, d = 8 Error in pixCreateHeader: requested by","NULL","2026-07-16 15:20:48.360","NULL","NULL"
"bc093ab5-42b7-11ec-b1a0-00505681224b","s3://enverus-courthouse-prod-chd-plants/nm/eog_lea/bc09/bc093ab5-42b7-11ec-b1a0-00505681224b.pdf","d9btodcflnl000djv50g","1","OCR failed. Command: tesseract /tmp/diml/pngs/d9btodcflnl000djv50g/d9btodcflnl000djv50g.0001.png /tmp/diml/ocr_results/d9btodcflnl000djv50g/d9btodcflnl000djv50g.0001 --oem 1 -l eng --psm 1 . Error: Error in pixCreateHeader: requested w = 36429, h = 60000, d = 8 Error in pixCreateHeader: requested by","NULL","2026-07-16 15:20:48.360","NULL","NULL"
"c243e919-3ec2-11ec-9135-00505681224b","s3://enverus-courthouse-prod-chd-plants/nm/lea/c243/c243e919-3ec2-11ec-9135-00505681224b.pdf","d9budg3dd4a000d640tg","1","OCR failed. Command: tesseract /tmp/diml/pngs/d9budg3dd4a000d640tg/d9budg3dd4a000d640tg.0001.png /tmp/diml/ocr_results/d9budg3dd4a000d640tg/d9budg3dd4a000d640tg.0001 --oem 1 -l eng --psm 1 . Error: Error in pixCreateHeader: requested w = 36429, h = 60000, d = 8 Error in pixCreateHeader: requested by","NULL","2026-07-16 15:20:48.360","NULL","NULL"
"2cba9825-db5b-405f-ab1e-e5edbd0c15a4","s3://enverus-courthouse-prod-chd-plants/ok/haskell/2cba/2cba9825-db5b-405f-ab1e-e5edbd0c15a4.pdf","b8jfo1h3so3g1etguneg","1","No pdf could be downloaded, error=s3://di-diml-platinum-prod/b8jfo1h3so3g1etguneg/b8jfo1jkde4g1f9vjscg/342695.pdf: Could not connect to the endpoint URL: ""https://di-diml-platinum-prod.s3.amazonaws.com/b8jfo1h3so3g1etguneg/b8jfo1jkde4g1f9vjscg/342695.pdf""","NULL","2026-07-16 15:20:48.360","2026-07-17 01:29:50.160","NULL"
"a1368d8b-bc7b-11ec-bf52-00505681224b","s3://enverus-courthouse-prod-chd-plants/nm/lea/a136/a1368d8b-bc7b-11ec-bf52-00505681224b.pdf","d9bufvfr2ffg00e13aig","1","OCR failed. Command: tesseract /tmp/diml/pngs/d9bufvfr2ffg00e13aig/d9bufvfr2ffg00e13aig.0001.png /tmp/diml/ocr_results/d9bufvfr2ffg00e13aig/d9bufvfr2ffg00e13aig.0001 --oem 1 -l eng --psm 1 . Error: Error in pixCreateHeader: requested w = 36429, h = 60000, d = 8 Error in pixCreateHeader: requested by","NULL","2026-07-16 15:14:21.517","NULL","NULL"
"1b5e1528-d733-11ec-b801-00505681224b","s3://enverus-courthouse-prod-chd-plants/nm/lea/1b5e/1b5e1528-d733-11ec-b801-00505681224b.pdf","d9btmtnak3500086nrpg","1","OCR failed. Command: tesseract /tmp/diml/pngs/d9btmtnak3500086nrpg/d9btmtnak3500086nrpg.0001.png /tmp/diml/ocr_results/d9btmtnak3500086nrpg/d9btmtnak3500086nrpg.0001 --oem 1 -l eng --psm 1 . Error: Error in pixCreateHeader: requested w = 36429, h = 60000, d = 8 Error in pixCreateHeader: requested by","NULL","2026-07-16 15:14:21.517","NULL","NULL"
"0655f03f-d733-11ec-8bcd-00505681224b","s3://enverus-courthouse-prod-chd-plants/nm/lea/0655/0655f03f-d733-11ec-8bcd-00505681224b.pdf","d9bt3rbrgi8g00beqacg","1","OCR failed. Command: tesseract /tmp/diml/pngs/d9bt3rbrgi8g00beqacg/d9bt3rbrgi8g00beqacg.0001.png /tmp/diml/ocr_results/d9bt3rbrgi8g00beqacg/d9bt3rbrgi8g00beqacg.0001 --oem 1 -l eng --psm 1 . Error: Error in pixCreateHeader: requested w = 36429, h = 60000, d = 8 Error in pixCreateHeader: requested by","NULL","2026-07-16 15:14:21.517","NULL","NULL"
"670bd1b7-3f8a-11ec-9843-00505681224b","s3://enverus-courthouse-prod-chd-plants/nm/lea/670b/670bd1b7-3f8a-11ec-9843-00505681224b.pdf","d9btll7r761000dfckq0","1","OCR failed. Command: tesseract /tmp/diml/pngs/d9btll7r761000dfckq0/d9btll7r761000dfckq0.0001.png /tmp/diml/ocr_results/d9btll7r761000dfckq0/d9btll7r761000dfckq0.0001 --oem 1 -l eng --psm 1 . Error: Error in pixCreateHeader: requested w = 36429, h = 60000, d = 8 Error in pixCreateHeader: requested by","NULL","2026-07-16 15:14:21.517","NULL","NULL"
"4EEA8164-CCCA-47A3-84C5-632A087EBDCB","s3://enverus-courthouse-prod-chd-plants/tx/training_andrews/4EEA/4EEA8164-CCCA-47A3-84C5-632A087EBDCB.pdf","d9bu22oisvug00ftrcl0","1","No pdf could be downloaded, error=PDF file tx/training_andrews/4EEA/4EEA8164-CCCA-47A3-84C5-632A087EBDCB.pdf is too large to be processed, size=1.0875643715262413 GB","NULL","2026-07-16 15:14:21.517","NULL","NULL"
"f4dd2dad-405b-11ec-a6f5-00505681224b","s3://enverus-courthouse-prod-chd-plants/nm/eog_lea/f4dd/f4dd2dad-405b-11ec-a6f5-00505681224b.pdf","d9btvr1hd6mg00bmv8m0","1","OCR failed. Command: tesseract /tmp/diml/pngs/d9btvr1hd6mg00bmv8m0/d9btvr1hd6mg00bmv8m0.0006.png /tmp/diml/ocr_results/d9btvr1hd6mg00bmv8m0/d9btvr1hd6mg00bmv8m0.0006 --oem 1 -l eng --psm 1 . Error: Error in pixCreateHeader: requested w = 36429, h = 60000, d = 8 Error in pixCreateHeader: requested by","NULL","2026-07-16 15:14:21.517","NULL","NULL"
"52BD40F6-D41F-40B8-BE9D-327EA9ACE2E2","s3://enverus-courthouse-prod-chd-plants/tx/training_pecos/52BD/52BD40F6-D41F-40B8-BE9D-327EA9ACE2E2.pdf","d9buelmicpjg00dd15f0","1","No pdf could be downloaded, error=PDF file tx/training_pecos/52BD/52BD40F6-D41F-40B8-BE9D-327EA9ACE2E2.pdf is too large to be processed, size=1.028686223551631 GB","NULL","2026-07-16 15:14:21.517","NULL","NULL"
"8a788533-5d0d-4cb6-b9e4-0b2329b98109","s3://enverus-courthouse-prod-chd-plants/tx/montgomery/8a78/8a788533-5d0d-4cb6-b9e4-0b2329b98109.pdf","b8kp6prkde4g1fa11jig","1","No pdf could be downloaded, error=s3://di-diml-platinum-prod/b8kp6prkde4g1fa11jig/b8kp6q3kde4g1fa11jk0/2017107141.pdf: Could not connect to the endpoint URL: ""https://sts.us-east-1.amazonaws.com/""","NULL","2026-07-16 15:14:21.517","2026-07-16 18:44:30.813","NULL"
"bfc68b56-097f-11ed-af7e-00505681224b","s3://enverus-courthouse-prod-chd-plants/nm/lea/bfc6/bfc68b56-097f-11ed-af7e-00505681224b.pdf","d9budhtlksng008fh5hg","1","OCR failed. Command: tesseract /tmp/diml/pngs/d9budhtlksng008fh5hg/d9budhtlksng008fh5hg.0002.png /tmp/diml/ocr_results/d9budhtlksng008fh5hg/d9budhtlksng008fh5hg.0002 --oem 1 -l eng --psm 1 . Error: Error in pixCreateHeader: requested w = 36429, h = 60000, d = 8 Error in pixCreateHeader: requested by","NULL","2026-07-16 15:14:21.517","NULL","NULL"
"64bbf95b-f812-11eb-95b4-00505681224b","s3://enverus-courthouse-prod-chd-plants/nm/lea/64bb/64bbf95b-f812-11eb-95b4-00505681224b.pdf","d9bui3hb0h1g00d1n64g","1","OCR failed. Command: tesseract /tmp/diml/pngs/d9bui3hb0h1g00d1n64g/d9bui3hb0h1g00d1n64g.0001.png /tmp/diml/ocr_results/d9bui3hb0h1g00d1n64g/d9bui3hb0h1g00d1n64g.0001 --oem 1 -l eng --psm 1 . Error: Error in pixCreateHeader: requested w = 36429, h = 60000, d = 8 Error in pixCreateHeader: requested by","NULL","2026-07-16 15:14:21.517","NULL","NULL"
"1b5f9bbd-d733-11ec-91bf-00505681224b","s3://enverus-courthouse-prod-chd-plants/nm/lea/1b5f/1b5f9bbd-d733-11ec-91bf-00505681224b.pdf","d9bumj1d6jhg0084r5l0","1","OCR failed. Command: tesseract /tmp/diml/pngs/d9bumj1d6jhg0084r5l0/d9bumj1d6jhg0084r5l0.0004.png /tmp/diml/ocr_results/d9bumj1d6jhg0084r5l0/d9bumj1d6jhg0084r5l0.0004 --oem 1 -l eng --psm 1 . Error: Error in pixCreateHeader: requested w = 36429, h = 60000, d = 8 Error in pixCreateHeader: requested by","NULL","2026-07-16 15:14:21.517","NULL","NULL"
"67e64526-097f-11ed-86ed-00505681224b","s3://enverus-courthouse-prod-chd-plants/nm/lea/67e6/67e64526-097f-11ed-86ed-00505681224b.pdf","d9bsv7hd6jhg0082j3t0","1","OCR failed. Command: tesseract /tmp/diml/pngs/d9bsv7hd6jhg0082j3t0/d9bsv7hd6jhg0082j3t0.0001.png /tmp/diml/ocr_results/d9bsv7hd6jhg0082j3t0/d9bsv7hd6jhg0082j3t0.0001 --oem 1 -l eng --psm 1 . Error: Error in pixCreateHeader: requested w = 36429, h = 60000, d = 8 Error in pixCreateHeader: requested by","NULL","2026-07-16 15:14:21.517","NULL","NULL"
"1b5f4dba-d733-11ec-9aca-00505681224b","s3://enverus-courthouse-prod-chd-plants/nm/lea/1b5f/1b5f4dba-d733-11ec-9aca-00505681224b.pdf","d9bthn95jqeg00e6slqg","1","OCR failed. Command: tesseract /tmp/diml/pngs/d9bthn95jqeg00e6slqg/d9bthn95jqeg00e6slqg.0001.png /tmp/diml/ocr_results/d9bthn95jqeg00e6slqg/d9bthn95jqeg00e6slqg.0001 --oem 1 -l eng --psm 1 . Error: Error in pixCreateHeader: requested w = 36429, h = 60000, d = 8 Error in pixCreateHeader: requested by","NULL","2026-07-16 15:09:09.443","NULL","NULL"
"a1368db7-bc7b-11ec-aed5-00505681224b","s3://enverus-courthouse-prod-chd-plants/nm/lea/a136/a1368db7-bc7b-11ec-aed5-00505681224b.pdf","d9bu9ptlksng008fc5dg","1","OCR failed. Command: tesseract /tmp/diml/pngs/d9bu9ptlksng008fc5dg/d9bu9ptlksng008fc5dg.0001.png /tmp/diml/ocr_results/d9bu9ptlksng008fc5dg/d9bu9ptlksng008fc5dg.0001 --oem 1 -l eng --psm 1 . Error: Error in pixCreateHeader: requested w = 36429, h = 60000, d = 8 Error in pixCreateHeader: requested by","NULL","2026-07-16 15:09:09.443","NULL","NULL"
"42a84bb0-0980-11ed-b59c-00505681224b","s3://enverus-courthouse-prod-chd-plants/nm/lea/42a8/42a84bb0-0980-11ed-b59c-00505681224b.pdf","d9bu2l9d6jhg0083t8p0","1","OCR failed. Command: tesseract /tmp/diml/pngs/d9bu2l9d6jhg0083t8p0/d9bu2l9d6jhg0083t8p0.0001.png /tmp/diml/ocr_results/d9bu2l9d6jhg0083t8p0/d9bu2l9d6jhg0083t8p0.0001 --oem 1 -l eng --psm 1 . Error: Error in pixCreateHeader: requested w = 36429, h = 60000, d = 8 Error in pixCreateHeader: requested by","NULL","2026-07-16 15:09:09.443","NULL","NULL"
"bc0a4c29-42b7-11ec-a5fe-00505681224b","s3://enverus-courthouse-prod-chd-plants/nm/eog_lea/bc0a/bc0a4c29-42b7-11ec-a5fe-00505681224b.pdf","d9bu0s15jqeg00e7geeg","1","OCR failed. Command: tesseract /tmp/diml/pngs/d9bu0s15jqeg00e7geeg/d9bu0s15jqeg00e7geeg.0002.png /tmp/diml/ocr_results/d9bu0s15jqeg00e7geeg/d9bu0s15jqeg00e7geeg.0002 --oem 1 -l eng --psm 1 . Error: Error in pixCreateHeader: requested w = 36429, h = 60000, d = 8 Error in pixCreateHeader: requested by","NULL","2026-07-16 15:09:09.443","NULL","NULL"
"d7f682ca-d453-11e9-8772-00505681224b","s3://enverus-courthouse-prod-chd-plants/oh/carroll/d7f6/d7f682ca-d453-11e9-8772-00505681224b.pdf","d9btj35lksng008ecrug","1","OCR failed. Command: tesseract /tmp/diml/pngs/d9btj35lksng008ecrug/d9btj35lksng008ecrug.0001.png /tmp/diml/ocr_results/d9btj35lksng008ecrug/d9btj35lksng008ecrug.0001 --oem 1 -l eng --psm 1 . Error: Image too large: (21250, 35000) Error during processing. ","NULL","2026-07-16 15:09:09.443","NULL","NULL"
"0656b390-d733-11ec-bb1a-00505681224b","s3://enverus-courthouse-prod-chd-plants/nm/lea/0656/0656b390-d733-11ec-bb1a-00505681224b.pdf","d9bubfpkf4s000f7lpug","1","OCR failed. Command: tesseract /tmp/diml/pngs/d9bubfpkf4s000f7lpug/d9bubfpkf4s000f7lpug.0001.png /tmp/diml/ocr_results/d9bubfpkf4s000f7lpug/d9bubfpkf4s000f7lpug.0001 --oem 1 -l eng --psm 1 . Error: Error in pixCreateHeader: requested w = 36429, h = 60000, d = 8 Error in pixCreateHeader: requested by","NULL","2026-07-16 15:09:09.443","NULL","NULL"
"aec4784b-a5b1-11ec-9077-00505681224b","s3://enverus-courthouse-prod-chd-plants/nm/lea/aec4/aec4784b-a5b1-11ec-9077-00505681224b.pdf","d9btdc1b0h1g00d0545g","1","OCR failed. Command: tesseract /tmp/diml/pngs/d9btdc1b0h1g00d0545g/d9btdc1b0h1g00d0545g.0001.png /tmp/diml/ocr_results/d9btdc1b0h1g00d0545g/d9btdc1b0h1g00d0545g.0001 --oem 1 -l eng --psm 1 . Error: Error in pixCreateHeader: requested w = 36429, h = 60000, d = 8 Error in pixCreateHeader: requested by","NULL","2026-07-16 15:09:09.443","NULL","NULL"
"6023518b-f4bf-48e7-99bd-d3fde786bda2","s3://enverus-courthouse-prod-chd-plants/tx/montgomery/6023/6023518b-f4bf-48e7-99bd-d3fde786bda2.pdf","bbc8ukla0ln01fk5v0tg","1","No pdf could be downloaded, error=s3://di-diml-platinum-prod/bbc8ukla0ln01fk5v0tg/bbc8ukiooehg1f47tk3g/2018033031.pdf: Could not connect to the endpoint URL: ""https://di-diml-platinum-prod.s3.amazonaws.com/bbc8ukla0ln01fk5v0tg/bbc8ukiooehg1f47tk3g/2018033031.pdf""","NULL","2026-07-16 15:09:09.443","2026-07-17 02:10:05.400","NULL"
"30d47d07-ec4c-11eb-825b-00505681224b","s3://enverus-courthouse-prod-chd-plants/nm/eog_lea/30d4/30d47d07-ec4c-11eb-825b-00505681224b.pdf","d9btruvr2ffg00e06bm0","1","OCR failed. Command: tesseract /tmp/diml/pngs/d9btruvr2ffg00e06bm0/d9btruvr2ffg00e06bm0.0006.png /tmp/diml/ocr_results/d9btruvr2ffg00e06bm0/d9btruvr2ffg00e06bm0.0006 --oem 1 -l eng --psm 1 . Error: Error in pixCreateHeader: requested w = 36429, h = 60000, d = 8 Error in pixCreateHeader: requested by","NULL","2026-07-16 15:09:09.443","NULL","NULL"
"1b5f4db9-d733-11ec-ac49-00505681224b","s3://enverus-courthouse-prod-chd-plants/nm/lea/1b5f/1b5f4db9-d733-11ec-ac49-00505681224b.pdf","d9bts8pb0h1g00d0o140","1","OCR failed. Command: tesseract /tmp/diml/pngs/d9bts8pb0h1g00d0o140/d9bts8pb0h1g00d0o140.0001.png /tmp/diml/ocr_results/d9bts8pb0h1g00d0o140/d9bts8pb0h1g00d0o140.0001 --oem 1 -l eng --psm 1 . Error: Error in pixCreateHeader: requested w = 36429, h = 60000, d = 8 Error in pixCreateHeader: requested by","NULL","2026-07-16 15:09:09.443","NULL","NULL"
"1b5dee09-d733-11ec-b2f5-00505681224b","s3://enverus-courthouse-prod-chd-plants/nm/lea/1b5d/1b5dee09-d733-11ec-b2f5-00505681224b.pdf","d9bsnu030skg00d6gtl0","1","OCR failed. Command: tesseract /tmp/diml/pngs/d9bsnu030skg00d6gtl0/d9bsnu030skg00d6gtl0.0001.png /tmp/diml/ocr_results/d9bsnu030skg00d6gtl0/d9bsnu030skg00d6gtl0.0001 --oem 1 -l eng --psm 1 . Error: Error in pixCreateHeader: requested w = 36429, h = 60000, d = 8 Error in pixCreateHeader: requested by","NULL","2026-07-16 15:09:09.443","NULL","NULL"
"c245bdca-3ec2-11ec-b8a2-00505681224b","s3://enverus-courthouse-prod-chd-plants/nm/lea/c245/c245bdca-3ec2-11ec-b8a2-00505681224b.pdf","d9bsv922oub000e180hg","1","OCR failed. Command: tesseract /tmp/diml/pngs/d9bsv922oub000e180hg/d9bsv922oub000e180hg.0001.png /tmp/diml/ocr_results/d9bsv922oub000e180hg/d9bsv922oub000e180hg.0001 --oem 1 -l eng --psm 1 . Error: Error in pixCreateHeader: requested w = 36429, h = 60000, d = 8 Error in pixCreateHeader: requested by","NULL","2026-07-16 15:09:09.443","NULL","NULL"
"d32cae59-bc7b-11ec-9f0c-00505681224b","s3://enverus-courthouse-prod-chd-plants/nm/eog_lea/d32c/d32cae59-bc7b-11ec-9f0c-00505681224b.pdf","d9bur69d6jhg00851vp0","1","OCR failed. Command: tesseract /tmp/diml/pngs/d9bur69d6jhg00851vp0/d9bur69d6jhg00851vp0.0001.png /tmp/diml/ocr_results/d9bur69d6jhg00851vp0/d9bur69d6jhg00851vp0.0001 --oem 1 -l eng --psm 1 . Error: Error in pixCreateHeader: requested w = 36429, h = 60000, d = 8 Error in pixCreateHeader: requested by","NULL","2026-07-16 15:09:09.443","NULL","NULL"
"5a90abe1-6226-11ec-83ce-00505681224b","s3://enverus-courthouse-prod-chd-plants/nm/eog_lea/5a90/5a90abe1-6226-11ec-83ce-00505681224b.pdf","d9btt0npfdig00fb9gsg","1","OCR failed. Command: tesseract /tmp/diml/pngs/d9btt0npfdig00fb9gsg/d9btt0npfdig00fb9gsg.0001.png /tmp/diml/ocr_results/d9btt0npfdig00fb9gsg/d9btt0npfdig00fb9gsg.0001 --oem 1 -l eng --psm 1 . Error: Error in pixCreateHeader: requested w = 36429, h = 60000, d = 8 Error in pixCreateHeader: requested by","NULL","2026-07-16 15:09:09.443","NULL","NULL"
"8c64954c-bc7b-11ec-83e6-00505681224b","s3://enverus-courthouse-prod-chd-plants/nm/lea/8c64/8c64954c-bc7b-11ec-83e6-00505681224b.pdf","d9bthhh9ha2000c68ug0","1","OCR failed. Command: tesseract /tmp/diml/pngs/d9bthhh9ha2000c68ug0/d9bthhh9ha2000c68ug0.0002.png /tmp/diml/ocr_results/d9bthhh9ha2000c68ug0/d9bthhh9ha2000c68ug0.0002 --oem 1 -l eng --psm 1 . Error: Error in pixCreateHeader: requested w = 36429, h = 60000, d = 8 Error in pixCreateHeader: requested by","NULL","2026-07-16 15:09:09.443","NULL","NULL"
"06563e41-d733-11ec-ae97-00505681224b","s3://enverus-courthouse-prod-chd-plants/nm/lea/0656/06563e41-d733-11ec-ae97-00505681224b.pdf","d9bucpo59fgg00e32eh0","1","OCR failed. Command: tesseract /tmp/diml/pngs/d9bucpo59fgg00e32eh0/d9bucpo59fgg00e32eh0.0007.png /tmp/diml/ocr_results/d9bucpo59fgg00e32eh0/d9bucpo59fgg00e32eh0.0007 --oem 1 -l eng --psm 1 . Error: Error in pixCreateHeader: requested w = 36429, h = 60000, d = 8 Error in pixCreateHeader: requested by","NULL","2026-07-16 15:09:09.443","NULL","NULL"
"f59fba70-405b-11ec-96c7-00505681224b","s3://enverus-courthouse-prod-chd-plants/nm/eog_lea/f59f/f59fba70-405b-11ec-96c7-00505681224b.pdf","d9bu96j6g7ig0080dgc0","1","OCR failed. Command: tesseract /tmp/diml/pngs/d9bu96j6g7ig0080dgc0/d9bu96j6g7ig0080dgc0.0001.png /tmp/diml/ocr_results/d9bu96j6g7ig0080dgc0/d9bu96j6g7ig0080dgc0.0001 --oem 1 -l eng --psm 1 . Error: Error in pixCreateHeader: requested w = 36429, h = 60000, d = 8 Error in pixCreateHeader: requested by","NULL","2026-07-16 15:09:09.443","NULL","NULL"
"cb6ba540-a5b1-11ec-9091-00505681224b","s3://enverus-courthouse-prod-chd-plants/nm/lea/cb6b/cb6ba540-a5b1-11ec-9091-00505681224b.pdf","d9buovfr2ffg00e1h99g","1","OCR failed. Command: tesseract /tmp/diml/pngs/d9buovfr2ffg00e1h99g/d9buovfr2ffg00e1h99g.0001.png /tmp/diml/ocr_results/d9buovfr2ffg00e1h99g/d9buovfr2ffg00e1h99g.0001 --oem 1 -l eng --psm 1 . Error: Error in pixCreateHeader: requested w = 36429, h = 60000, d = 8 Error in pixCreateHeader: requested by","NULL","2026-07-16 15:09:09.443","NULL","NULL"
"412f97a6-9f8e-45ec-8c2d-6a4c4e0f2cd9","s3://enverus-courthouse-prod-chd-plants/tx/montgomery/412f/412f97a6-9f8e-45ec-8c2d-6a4c4e0f2cd9.pdf","b8jh1u93so3g1eth33l0","1","No pdf could be downloaded, error=s3://di-diml-platinum-prod/b8jh1u93so3g1eth33l0/b8jh1uh3so3g1eth33m0/2017104720.pdf: Could not connect to the endpoint URL: ""https://di-diml-platinum-prod.s3.amazonaws.com/b8jh1u93so3g1eth33l0/b8jh1uh3so3g1eth33m0/2017104720.pdf""","NULL","2026-07-16 15:09:09.443","2026-07-16 23:03:55.987","NULL"
"576b52d8-d733-11ec-975a-00505681224b","s3://enverus-courthouse-prod-chd-plants/nm/lea/576b/576b52d8-d733-11ec-975a-00505681224b.pdf","d9bt3vnpfdig00fabv4g","1","OCR failed. Command: tesseract /tmp/diml/pngs/d9bt3vnpfdig00fabv4g/d9bt3vnpfdig00fabv4g.0001.png /tmp/diml/ocr_results/d9bt3vnpfdig00fabv4g/d9bt3vnpfdig00fabv4g.0001 --oem 1 -l eng --psm 1 . Error: Error in pixCreateHeader: requested w = 36429, h = 60000, d = 8 Error in pixCreateHeader: requested by","NULL","2026-07-16 15:09:09.443","NULL","NULL"
"bc0a9a3a-42b7-11ec-808e-00505681224b","s3://enverus-courthouse-prod-chd-plants/nm/eog_lea/bc0a/bc0a9a3a-42b7-11ec-808e-00505681224b.pdf","d9bui541kr4g008f6gj0","1","OCR failed. Command: tesseract /tmp/diml/pngs/d9bui541kr4g008f6gj0/d9bui541kr4g008f6gj0.0001.png /tmp/diml/ocr_results/d9bui541kr4g008f6gj0/d9bui541kr4g008f6gj0.0001 --oem 1 -l eng --psm 1 . Error: Error in pixCreateHeader: requested w = 36429, h = 60000, d = 8 Error in pixCreateHeader: requested by","NULL","2026-07-16 15:00:17.840","NULL","NULL"
"67b9245c-3f8a-11ec-9a71-00505681224b","s3://enverus-courthouse-prod-chd-plants/nm/eog_lea/67b9/67b9245c-3f8a-11ec-9a71-00505681224b.pdf","d9bue13te9l000f91leg","1","OCR failed. Command: tesseract /tmp/diml/pngs/d9bue13te9l000f91leg/d9bue13te9l000f91leg.0001.png /tmp/diml/ocr_results/d9bue13te9l000f91leg/d9bue13te9l000f91leg.0001 --oem 1 -l eng --psm 1 . Error: Error in pixCreateHeader: requested w = 36429, h = 60000, d = 8 Error in pixCreateHeader: requested by","NULL","2026-07-16 15:00:17.840","NULL","NULL"
"ca5baecc-097e-11ed-b337-00505681224b","s3://enverus-courthouse-prod-chd-plants/nm/eog_lea/ca5b/ca5baecc-097e-11ed-b337-00505681224b.pdf","d9buh2vpfcq000fgisvg","1","OCR failed. Command: tesseract /tmp/diml/pngs/d9buh2vpfcq000fgisvg/d9buh2vpfcq000fgisvg.0001.png /tmp/diml/ocr_results/d9buh2vpfcq000fgisvg/d9buh2vpfcq000fgisvg.0001 --oem 1 -l eng --psm 1 . Error: Error in pixCreateHeader: requested w = 36429, h = 60000, d = 8 Error in pixCreateHeader: requested by","NULL","2026-07-16 15:00:17.840","NULL","NULL"
"7fbf9c32-77fa-11eb-a88c-00505681224b","s3://enverus-courthouse-prod-chd-plants/nm/eog_lea/7fbf/7fbf9c32-77fa-11eb-a88c-00505681224b.pdf","d9bugtkhn77000fbf9fg","1","OCR failed. Command: tesseract /tmp/diml/pngs/d9bugtkhn77000fbf9fg/d9bugtkhn77000fbf9fg.0002.png /tmp/diml/ocr_results/d9bugtkhn77000fbf9fg/d9bugtkhn77000fbf9fg.0002 --oem 1 -l eng --psm 1 . Error: Error in pixCreateHeader: requested w = 36429, h = 60000, d = 8 Error in pixCreateHeader: requested by","NULL","2026-07-16 15:00:17.840","NULL","NULL"
"e187d28d-bc7b-11ec-aff1-00505681224b","s3://enverus-courthouse-prod-chd-plants/nm/eog_lea/e187/e187d28d-bc7b-11ec-aff1-00505681224b.pdf","d9bukbo59fgg00e3d84g","1","OCR failed. Command: tesseract /tmp/diml/pngs/d9bukbo59fgg00e3d84g/d9bukbo59fgg00e3d84g.0001.png /tmp/diml/ocr_results/d9bukbo59fgg00e3d84g/d9bukbo59fgg00e3d84g.0001 --oem 1 -l eng --psm 1 . Error: Error in pixCreateHeader: requested w = 36429, h = 60000, d = 8 Error in pixCreateHeader: requested by","NULL","2026-07-16 15:00:17.840","NULL","NULL"
"5a92809a-6226-11ec-9345-00505681224b","s3://enverus-courthouse-prod-chd-plants/nm/eog_lea/5a92/5a92809a-6226-11ec-9345-00505681224b.pdf","d9buhs7r761000dgjqm0","1","OCR failed. Command: tesseract /tmp/diml/pngs/d9buhs7r761000dgjqm0/d9buhs7r761000dgjqm0.0001.png /tmp/diml/ocr_results/d9buhs7r761000dgjqm0/d9buhs7r761000dgjqm0.0001 --oem 1 -l eng --psm 1 . Error: Error in pixCreateHeader: requested w = 36429, h = 60000, d = 8 Error in pixCreateHeader: requested by","NULL","2026-07-16 15:00:17.840","NULL","NULL"
"47195ad6-d733-11ec-9d3b-00505681224b","s3://enverus-courthouse-prod-chd-plants/nm/lea/4719/47195ad6-d733-11ec-9d3b-00505681224b.pdf","d9bu62jdelo000duu310","1","OCR failed. Command: tesseract /tmp/diml/pngs/d9bu62jdelo000duu310/d9bu62jdelo000duu310.0025.png /tmp/diml/ocr_results/d9bu62jdelo000duu310/d9bu62jdelo000duu310.0025 --oem 1 -l eng --psm 1 . Error: Error in pixCreateHeader: requested w = 36429, h = 60000, d = 8 Error in pixCreateHeader: requested by","NULL","2026-07-16 15:00:17.840","NULL","NULL"
"30d4a40d-ec4c-11eb-a4ed-00505681224b","s3://enverus-courthouse-prod-chd-plants/nm/eog_lea/30d4/30d4a40d-ec4c-11eb-a4ed-00505681224b.pdf","d9bu6741kr4g008ekr00","1","OCR failed. Command: tesseract /tmp/diml/pngs/d9bu6741kr4g008ekr00/d9bu6741kr4g008ekr00.0001.png /tmp/diml/ocr_results/d9bu6741kr4g008ekr00/d9bu6741kr4g008ekr00.0001 --oem 1 -l eng --psm 1 . Error: Error in pixCreateHeader: requested w = 36429, h = 60000, d = 8 Error in pixCreateHeader: requested by","NULL","2026-07-16 15:00:17.840","NULL","NULL"
"785e21bc-c5bd-11eb-9d3a-00505681224b","s3://enverus-courthouse-prod-chd-plants/nm/eog_lea/785e/785e21bc-c5bd-11eb-9d3a-00505681224b.pdf","d9btuog30skg00d7t7s0","1","OCR failed. Command: tesseract /tmp/diml/pngs/d9btuog30skg00d7t7s0/d9btuog30skg00d7t7s0.0003.png /tmp/diml/ocr_results/d9btuog30skg00d7t7s0/d9btuog30skg00d7t7s0.0003 --oem 1 -l eng --psm 1 . Error: Error in pixCreateHeader: requested w = 36429, h = 60000, d = 8 Error in pixCreateHeader: requested by","NULL","2026-07-16 15:00:17.840","NULL","NULL"
"576b2bd2-d733-11ec-be2d-00505681224b","s3://enverus-courthouse-prod-chd-plants/nm/lea/576b/576b2bd2-d733-11ec-be2d-00505681224b.pdf","d9bupi830skg00d9472g","1","OCR failed. Command: tesseract /tmp/diml/pngs/d9bupi830skg00d9472g/d9bupi830skg00d9472g.0008.png /tmp/diml/ocr_results/d9bupi830skg00d9472g/d9bupi830skg00d9472g.0008 --oem 1 -l eng --psm 1 . Error: Error in pixCreateHeader: requested w = 36429, h = 60000, d = 8 Error in pixCreateHeader: requested by","NULL","2026-07-16 15:00:17.840","NULL","NULL"
"bfc6d969-097f-11ed-bbaa-00505681224b","s3://enverus-courthouse-prod-chd-plants/nm/lea/bfc6/bfc6d969-097f-11ed-bbaa-00505681224b.pdf","d9bt6jphd6mg00bm055g","1","OCR failed. Command: tesseract /tmp/diml/pngs/d9bt6jphd6mg00bm055g/d9bt6jphd6mg00bm055g.0001.png /tmp/diml/ocr_results/d9bt6jphd6mg00bm055g/d9bt6jphd6mg00bm055g.0001 --oem 1 -l eng --psm 1 . Error: Error in pixCreateHeader: requested w = 36429, h = 60000, d = 8 Error in pixCreateHeader: requested by","NULL","2026-07-16 15:00:17.840","NULL","NULL"
"bc08ec7a-42b7-11ec-b9fe-00505681224b","s3://enverus-courthouse-prod-chd-plants/nm/eog_lea/bc08/bc08ec7a-42b7-11ec-b9fe-00505681224b.pdf","d9bt7ufak35000865tqg","1","OCR failed. Command: tesseract /tmp/diml/pngs/d9bt7ufak35000865tqg/d9bt7ufak35000865tqg.0001.png /tmp/diml/ocr_results/d9bt7ufak35000865tqg/d9bt7ufak35000865tqg.0001 --oem 1 -l eng --psm 1 . Error: Error in pixCreateHeader: requested w = 36429, h = 60000, d = 8 Error in pixCreateHeader: requested by","NULL","2026-07-16 15:00:17.840","NULL","NULL"
"67e5f6ff-097f-11ed-8d88-00505681224b","s3://enverus-courthouse-prod-chd-plants/nm/lea/67e5/67e5f6ff-097f-11ed-8d88-00505681224b.pdf","d9bssrs1kr4g008d21pg","1","OCR failed. Command: tesseract /tmp/diml/pngs/d9bssrs1kr4g008d21pg/d9bssrs1kr4g008d21pg.0001.png /tmp/diml/ocr_results/d9bssrs1kr4g008d21pg/d9bssrs1kr4g008d21pg.0001 --oem 1 -l eng --psm 1 . Error: Error in pixCreateHeader: requested w = 36429, h = 60000, d = 8 Error in pixCreateHeader: requested by","NULL","2026-07-16 15:00:17.840","NULL","NULL"
"96807e60-097f-11ed-87da-00505681224b","s3://enverus-courthouse-prod-chd-plants/nm/lea/9680/96807e60-097f-11ed-87da-00505681224b.pdf","d9bupnbk4o90008aeggg","1","OCR failed. Command: tesseract /tmp/diml/pngs/d9bupnbk4o90008aeggg/d9bupnbk4o90008aeggg.0009.png /tmp/diml/ocr_results/d9bupnbk4o90008aeggg/d9bupnbk4o90008aeggg.0009 --oem 1 -l eng --psm 1 . Error: Error in pixCreateHeader: requested w = 36429, h = 60000, d = 8 Error in pixCreateHeader: requested by","NULL","2026-07-16 15:00:17.840","NULL","NULL"
"f10a0dc1-6225-11ec-be1e-00505681224b","s3://enverus-courthouse-prod-chd-plants/nm/lea/f10a/f10a0dc1-6225-11ec-be1e-00505681224b.pdf","d9bupoj6g7ig00816e1g","1","OCR failed. Command: tesseract /tmp/diml/pngs/d9bupoj6g7ig00816e1g/d9bupoj6g7ig00816e1g.0001.png /tmp/diml/ocr_results/d9bupoj6g7ig00816e1g/d9bupoj6g7ig00816e1g.0001 --oem 1 -l eng --psm 1 . Error: Error in pixCreateHeader: requested w = 36429, h = 60000, d = 8 Error in pixCreateHeader: requested by","NULL","2026-07-16 15:00:17.840","NULL","NULL"
"67b7ebd3-3f8a-11ec-b959-00505681224b","s3://enverus-courthouse-prod-chd-plants/nm/eog_lea/67b7/67b7ebd3-3f8a-11ec-b959-00505681224b.pdf","d9bt8abte9l000f7fq4g","1","OCR failed. Command: tesseract /tmp/diml/pngs/d9bt8abte9l000f7fq4g/d9bt8abte9l000f7fq4g.0006.png /tmp/diml/ocr_results/d9bt8abte9l000f7fq4g/d9bt8abte9l000f7fq4g.0006 --oem 1 -l eng --psm 1 . Error: Error in pixCreateHeader: requested w = 36429, h = 60000, d = 8 Error in pixCreateHeader: requested by","NULL","2026-07-16 15:00:17.840","NULL","NULL"
"6ca1801d-d3ea-11eb-ae0e-00505681224b","s3://enverus-courthouse-prod-chd-plants/nm/eog_lea/6ca1/6ca1801d-d3ea-11eb-ae0e-00505681224b.pdf","d9bulejdelo000dvl3ug","1","OCR failed. Command: tesseract /tmp/diml/pngs/d9bulejdelo000dvl3ug/d9bulejdelo000dvl3ug.0018.png /tmp/diml/ocr_results/d9bulejdelo000dvl3ug/d9bulejdelo000dvl3ug.0018 --oem 1 -l eng --psm 1 . Error: Error in pixCreateHeader: requested w = 36429, h = 60000, d = 8 Error in pixCreateHeader: requested by","NULL","2026-07-16 15:00:17.840","NULL","NULL"
"bc091386-42b7-11ec-85da-00505681224b","s3://enverus-courthouse-prod-chd-plants/nm/eog_lea/bc09/bc091386-42b7-11ec-85da-00505681224b.pdf","d9buptjrgi8g00bh342g","1","OCR failed. Command: tesseract /tmp/diml/pngs/d9buptjrgi8g00bh342g/d9buptjrgi8g00bh342g.0013.png /tmp/diml/ocr_results/d9buptjrgi8g00bh342g/d9buptjrgi8g00bh342g.0013 --oem 1 -l eng --psm 1 . Error: Error in pixCreateHeader: requested w = 36429, h = 60000, d = 8 Error in pixCreateHeader: requested by","NULL","2026-07-16 15:00:17.840","NULL","NULL"
"1b5fc2d3-d733-11ec-b520-00505681224b","s3://enverus-courthouse-prod-chd-plants/nm/lea/1b5f/1b5fc2d3-d733-11ec-b520-00505681224b.pdf","d9btk4rdelo000du5nrg","1","OCR failed. Command: tesseract /tmp/diml/pngs/d9btk4rdelo000du5nrg/d9btk4rdelo000du5nrg.0004.png /tmp/diml/ocr_results/d9btk4rdelo000du5nrg/d9btk4rdelo000du5nrg.0004 --oem 1 -l eng --psm 1 . Error: Error in pixCreateHeader: requested w = 36429, h = 60000, d = 8 Error in pixCreateHeader: requested by","NULL","2026-07-16 15:00:17.840","NULL","NULL"
"339dabac-b22e-47d2-b3cb-529fa8019616","s3://enverus-courthouse-prod-chd-plants/tx/denton/339d/339dabac-b22e-47d2-b3cb-529fa8019616.pdf","bb750smil1e01eputtp0","1","No pdf could be downloaded, error=s3://di-diml-platinum-prod/bb750smil1e01eputtp0/bb750sjreesg2eqrf1lg/32468.pdf: Could not connect to the endpoint URL: ""https://di-diml-platinum-prod.s3.amazonaws.com/bb750smil1e01eputtp0/bb750sjreesg2eqrf1lg/32468.pdf""","NULL","2026-07-16 15:00:17.840","2026-07-16 20:48:20.050","NULL"
"a136667f-bc7b-11ec-a7b1-00505681224b","s3://enverus-courthouse-prod-chd-plants/nm/lea/a136/a136667f-bc7b-11ec-a7b1-00505681224b.pdf","d9bt27vpfcq000feluj0","1","OCR failed. Command: tesseract /tmp/diml/pngs/d9bt27vpfcq000feluj0/d9bt27vpfcq000feluj0.0001.png /tmp/diml/ocr_results/d9bt27vpfcq000feluj0/d9bt27vpfcq000feluj0.0001 --oem 1 -l eng --psm 1 . Error: Error in pixCreateHeader: requested w = 36429, h = 60000, d = 8 Error in pixCreateHeader: requested by","NULL","2026-07-16 15:00:17.840","NULL","NULL"
"576b04bf-d733-11ec-b7d0-00505681224b","s3://enverus-courthouse-prod-chd-plants/nm/lea/576b/576b04bf-d733-11ec-b7d0-00505681224b.pdf","d9bt0cfpfdig00fa7h80","1","OCR failed. Command: tesseract /tmp/diml/pngs/d9bt0cfpfdig00fa7h80/d9bt0cfpfdig00fa7h80.0001.png /tmp/diml/ocr_results/d9bt0cfpfdig00fa7h80/d9bt0cfpfdig00fa7h80.0001 --oem 1 -l eng --psm 1 . Error: Error in pixCreateHeader: requested w = 36429, h = 60000, d = 8 Error in pixCreateHeader: requested by","NULL","2026-07-16 15:00:17.840","NULL","NULL"
"1b359149-3df8-11ec-acd8-00505681224b","s3://enverus-courthouse-prod-chd-plants/nm/lea/1b35/1b359149-3df8-11ec-acd8-00505681224b.pdf","d9btp6bk4o900088va80","1","OCR failed. Command: tesseract /tmp/diml/pngs/d9btp6bk4o900088va80/d9btp6bk4o900088va80.0001.png /tmp/diml/ocr_results/d9btp6bk4o900088va80/d9btp6bk4o900088va80.0001 --oem 1 -l eng --psm 1 . Error: Error in pixCreateHeader: requested w = 36429, h = 60000, d = 8 Error in pixCreateHeader: requested by","NULL","2026-07-16 15:00:17.840","NULL","NULL"
"67e5f6fa-097f-11ed-8711-00505681224b","s3://enverus-courthouse-prod-chd-plants/nm/lea/67e5/67e5f6fa-097f-11ed-8711-00505681224b.pdf","d9btp7rte9l000f83k30","1","OCR failed. Command: tesseract /tmp/diml/pngs/d9btp7rte9l000f83k30/d9btp7rte9l000f83k30.0014.png /tmp/diml/ocr_results/d9btp7rte9l000f83k30/d9btp7rte9l000f83k30.0014 --oem 1 -l eng --psm 1 . Error: Error in pixCreateHeader: requested w = 36429, h = 60000, d = 8 Error in pixCreateHeader: requested by","NULL","2026-07-16 15:00:17.840","NULL","NULL"
"bfc6b26c-097f-11ed-970b-00505681224b","s3://enverus-courthouse-prod-chd-plants/nm/lea/bfc6/bfc6b26c-097f-11ed-970b-00505681224b.pdf","d9btmocflnl000djskkg","1","OCR failed. Command: tesseract /tmp/diml/pngs/d9btmocflnl000djskkg/d9btmocflnl000djskkg.0001.png /tmp/diml/ocr_results/d9btmocflnl000djskkg/d9btmocflnl000djskkg.0001 --oem 1 -l eng --psm 1 . Error: Error in pixCreateHeader: requested w = 36429, h = 60000, d = 8 Error in pixCreateHeader: requested by","NULL","2026-07-16 15:00:17.840","NULL","NULL"
"67ba0ecf-3f8a-11ec-aae5-00505681224b","s3://enverus-courthouse-prod-chd-plants/nm/eog_lea/67ba/67ba0ecf-3f8a-11ec-aae5-00505681224b.pdf","d9bt4tnr2ffg00dvaa3g","1","OCR failed. Command: tesseract /tmp/diml/pngs/d9bt4tnr2ffg00dvaa3g/d9bt4tnr2ffg00dvaa3g.0001.png /tmp/diml/ocr_results/d9bt4tnr2ffg00dvaa3g/d9bt4tnr2ffg00dvaa3g.0001 --oem 1 -l eng --psm 1 . Error: Error in pixCreateHeader: requested w = 36429, h = 60000, d = 8 Error in pixCreateHeader: requested by","NULL","2026-07-16 15:00:17.840","NULL","NULL"
"1b5dedf7-d733-11ec-bd78-00505681224b","s3://enverus-courthouse-prod-chd-plants/nm/lea/1b5d/1b5dedf7-d733-11ec-bd78-00505681224b.pdf","d9btpgkflnl000dk0cjg","1","OCR failed. Command: tesseract /tmp/diml/pngs/d9btpgkflnl000dk0cjg/d9btpgkflnl000dk0cjg.0001.png /tmp/diml/ocr_results/d9btpgkflnl000dk0cjg/d9btpgkflnl000dk0cjg.0001 --oem 1 -l eng --psm 1 . Error: Error in pixCreateHeader: requested w = 36429, h = 60000, d = 8 Error in pixCreateHeader: requested by","NULL","2026-07-16 15:00:17.840","NULL","NULL"
"ce6b5441-f1cc-42f2-b9c3-9119787a1e36","s3://enverus-courthouse-prod-chd-plants/tx/denton/ce6b/ce6b5441-f1cc-42f2-b9c3-9119787a1e36.pdf","b9svfl2vki7g1fu4tqhg","1","No pdf could be downloaded, error=s3://di-diml-platinum-prod/b9svfl2vki7g1fu4tqhg/b9svflavki7g1fu4tqig/10919.pdf: Could not connect to the endpoint URL: ""https://di-diml-platinum-prod.s3.amazonaws.com/b9svfl2vki7g1fu4tqhg/b9svflavki7g1fu4tqig/10919.pdf""","NULL","2026-07-16 15:00:17.840","2026-07-17 01:24:03.937","NULL"
"d32d2393-bc7b-11ec-8701-00505681224b","s3://enverus-courthouse-prod-chd-plants/nm/eog_lea/d32d/d32d2393-bc7b-11ec-8701-00505681224b.pdf","d9bts63s7m5g0088qq80","1","OCR failed. Command: tesseract /tmp/diml/pngs/d9bts63s7m5g0088qq80/d9bts63s7m5g0088qq80.0001.png /tmp/diml/ocr_results/d9bts63s7m5g0088qq80/d9bts63s7m5g0088qq80.0001 --oem 1 -l eng --psm 1 . Error: Error in pixCreateHeader: requested w = 36429, h = 60000, d = 8 Error in pixCreateHeader: requested by","NULL","2026-07-16 15:00:17.840","NULL","NULL"
"447b4570-097f-11ed-8e8f-00505681224b","s3://enverus-courthouse-prod-chd-plants/nm/lea/447b/447b4570-097f-11ed-8e8f-00505681224b.pdf","d9bthn7pfcq000ff7cog","1","OCR failed. Command: tesseract /tmp/diml/pngs/d9bthn7pfcq000ff7cog/d9bthn7pfcq000ff7cog.0001.png /tmp/diml/ocr_results/d9bthn7pfcq000ff7cog/d9bthn7pfcq000ff7cog.0001 --oem 1 -l eng --psm 1 . Error: Error in pixCreateHeader: requested w = 36429, h = 60000, d = 8 Error in pixCreateHeader: requested by","NULL","2026-07-16 15:00:17.840","NULL","NULL"
"43c458e9-4a28-4d25-a559-0e416dd1d9c5","s3://enverus-courthouse-prod-chd-plants/tx/pecos/43c4/43c458e9-4a28-4d25-a559-0e416dd1d9c5.pdf","b99334jl40h01emp6480","1","No pdf could be downloaded, error=s3://di-diml-platinum-prod/b99334jl40h01emp6480/b99334jl40h01emp648g/43c458e9-4a28-4d25-a559-0e416dd1d9c5.pdf: Could not connect to the endpoint URL: ""https://sts.us-east-1.amazonaws.com/""","NULL","2026-07-16 15:00:17.840","2026-07-16 19:32:18.127","NULL"
"433911ee-1d48-4cee-bde4-aaad09d5922e","s3://enverus-courthouse-prod-chd-plants/ok/garvin/4339/433911ee-1d48-4cee-bde4-aaad09d5922e.pdf","b8lf1shcjjkg1esa61p0","1","No pdf could be downloaded, error=s3://di-diml-platinum-prod/b8lf1shcjjkg1esa61p0/b8lf1sjl40h01emd0bu0/010256.pdf: Could not connect to the endpoint URL: ""https://di-diml-platinum-prod.s3.amazonaws.com/b8lf1shcjjkg1esa61p0/b8lf1sjl40h01emd0bu0/010256.pdf""","NULL","2026-07-16 15:00:17.840","2026-07-16 17:41:59.230","NULL"
"f5a18f39-405b-11ec-9e68-00505681224b","s3://enverus-courthouse-prod-chd-plants/nm/eog_lea/f5a1/f5a18f39-405b-11ec-9e68-00505681224b.pdf","d9bun9hkf4s000f878q0","1","OCR failed. Command: tesseract /tmp/diml/pngs/d9bun9hkf4s000f878q0/d9bun9hkf4s000f878q0.0001.png /tmp/diml/ocr_results/d9bun9hkf4s000f878q0/d9bun9hkf4s000f878q0.0001 --oem 1 -l eng --psm 1 . Error: Error in pixCreateHeader: requested w = 36429, h = 60000, d = 8 Error in pixCreateHeader: requested by","NULL","2026-07-16 15:00:17.840","NULL","NULL"
"c2445e52-3ec2-11ec-93bc-00505681224b","s3://enverus-courthouse-prod-chd-plants/nm/lea/c244/c2445e52-3ec2-11ec-93bc-00505681224b.pdf","d9btcdrs7m5g00887bq0","1","OCR failed. Command: tesseract /tmp/diml/pngs/d9btcdrs7m5g00887bq0/d9btcdrs7m5g00887bq0.0001.png /tmp/diml/ocr_results/d9btcdrs7m5g00887bq0/d9btcdrs7m5g00887bq0.0001 --oem 1 -l eng --psm 1 . Error: Error in pixCreateHeader: requested w = 36429, h = 60000, d = 8 Error in pixCreateHeader: requested by","NULL","2026-07-16 15:00:17.840","NULL","NULL"
"2b15e6cc-1237-4874-beb8-f3a2bf893b9f","s3://enverus-courthouse-prod-chd-plants/tx/montgomery/2b15/2b15e6cc-1237-4874-beb8-f3a2bf893b9f.pdf","b8jgvkp3so3g1eth2rb0","1","No pdf could be downloaded, error=s3://di-diml-platinum-prod/b8jgvkp3so3g1eth2rb0/b8jgvl13so3g1eth2rc0/2017103434.pdf: Could not connect to the endpoint URL: ""https://sts.us-east-1.amazonaws.com/""","NULL","2026-07-16 15:00:17.840","2026-07-17 00:39:00.997","NULL"
"0655f03d-d733-11ec-b461-00505681224b","s3://enverus-courthouse-prod-chd-plants/nm/lea/0655/0655f03d-d733-11ec-b461-00505681224b.pdf","d9btit0isvug00ft6png","1","OCR failed. Command: tesseract /tmp/diml/pngs/d9btit0isvug00ft6png/d9btit0isvug00ft6png.0002.png /tmp/diml/ocr_results/d9btit0isvug00ft6png/d9btit0isvug00ft6png.0002 --oem 1 -l eng --psm 1 . Error: Error in pixCreateHeader: requested w = 36429, h = 60000, d = 8 Error in pixCreateHeader: requested by","NULL","2026-07-16 15:00:17.840","NULL","NULL"
"c8400a46-8bcb-11ec-86b7-00505681224b","s3://enverus-courthouse-prod-chd-plants/nm/lea/c840/c8400a46-8bcb-11ec-86b7-00505681224b.pdf","d9btvpe89gsg00fgjbig","1","OCR failed. Command: tesseract /tmp/diml/pngs/d9btvpe89gsg00fgjbig/d9btvpe89gsg00fgjbig.0001.png /tmp/diml/ocr_results/d9btvpe89gsg00fgjbig/d9btvpe89gsg00fgjbig.0001 --oem 1 -l eng --psm 1 . Error: Error in pixCreateHeader: requested w = 36429, h = 60000, d = 8 Error in pixCreateHeader: requested by","NULL","2026-07-16 15:00:17.840","NULL","NULL"
"17db2d48-f80d-11eb-8589-00505681224b","s3://enverus-courthouse-prod-chd-plants/nm/eog_lea/17db/17db2d48-f80d-11eb-8589-00505681224b.pdf","d9btg9r1f5dg00bdeve0","1","OCR failed. Command: tesseract /tmp/diml/pngs/d9btg9r1f5dg00bdeve0/d9btg9r1f5dg00bdeve0.0004.png /tmp/diml/ocr_results/d9btg9r1f5dg00bdeve0/d9btg9r1f5dg00bdeve0.0004 --oem 1 -l eng --psm 1 . Error: Error in pixCreateHeader: requested w = 36429, h = 60000, d = 8 Error in pixCreateHeader: requested by","NULL","2026-07-16 15:00:17.840","NULL","NULL"
"2723c19a-0980-11ed-a99f-00505681224b","s3://enverus-courthouse-prod-chd-plants/nm/lea/2723/2723c19a-0980-11ed-a99f-00505681224b.pdf","d9buqjjte9l000f9jv2g","1","OCR failed. Command: tesseract /tmp/diml/pngs/d9buqjjte9l000f9jv2g/d9buqjjte9l000f9jv2g.0001.png /tmp/diml/ocr_results/d9buqjjte9l000f9jv2g/d9buqjjte9l000f9jv2g.0001 --oem 1 -l eng --psm 1 . Error: Error in pixCreateHeader: requested w = 36429, h = 60000, d = 8 Error in pixCreateHeader: requested by","NULL","2026-07-16 15:00:17.840","NULL","NULL"
"1adcbdd2-fb66-4b9a-854e-0cabb597f3e8","s3://enverus-courthouse-prod-chd-plants/ok/blaine/1adc/1adcbdd2-fb66-4b9a-854e-0cabb597f3e8.pdf","b8bndql91s5g1nbsnf10","1","No pdf could be downloaded, error=s3://di-diml-platinum-prod/b8bndql91s5g1nbsnf10/b8e7nst91s5g1nbugp90/010915.pdf: Could not connect to the endpoint URL: ""https://sts.us-east-1.amazonaws.com/""","NULL","2026-07-16 15:00:17.840","2026-07-17 01:24:03.937","NULL"
"8c646e31-bc7b-11ec-9939-00505681224b","s3://enverus-courthouse-prod-chd-plants/nm/lea/8c64/8c646e31-bc7b-11ec-9939-00505681224b.pdf","d9buqje89gsg00fhqcf0","1","OCR failed. Command: tesseract /tmp/diml/pngs/d9buqje89gsg00fhqcf0/d9buqje89gsg00fhqcf0.0004.png /tmp/diml/ocr_results/d9buqje89gsg00fhqcf0/d9buqje89gsg00fhqcf0.0004 --oem 1 -l eng --psm 1 . Error: Error in pixCreateHeader: requested w = 36429, h = 60000, d = 8 Error in pixCreateHeader: requested by","NULL","2026-07-16 15:00:17.840","NULL","NULL"
"bfc74e87-097f-11ed-a4b6-00505681224b","s3://enverus-courthouse-prod-chd-plants/nm/lea/bfc7/bfc74e87-097f-11ed-a4b6-00505681224b.pdf","d9btbujdd4a000d4mu6g","1","OCR failed. Command: tesseract /tmp/diml/pngs/d9btbujdd4a000d4mu6g/d9btbujdd4a000d4mu6g.0001.png /tmp/diml/ocr_results/d9btbujdd4a000d4mu6g/d9btbujdd4a000d4mu6g.0001 --oem 1 -l eng --psm 1 . Error: Error in pixCreateHeader: requested w = 36429, h = 60000, d = 8 Error in pixCreateHeader: requested by","NULL","2026-07-16 15:00:17.840","NULL","NULL"
"8c653172-bc7b-11ec-b0ce-00505681224b","s3://enverus-courthouse-prod-chd-plants/nm/lea/8c65/8c653172-bc7b-11ec-b0ce-00505681224b.pdf","d9buojp5jqeg00e8j940","1","OCR failed. Command: tesseract /tmp/diml/pngs/d9buojp5jqeg00e8j940/d9buojp5jqeg00e8j940.0001.png /tmp/diml/ocr_results/d9buojp5jqeg00e8j940/d9buojp5jqeg00e8j940.0001 --oem 1 -l eng --psm 1 . Error: Error in pixCreateHeader: requested w = 36429, h = 60000, d = 8 Error in pixCreateHeader: requested by","NULL","2026-07-16 14:51:55.050","NULL","NULL"
"a136b4ad-bc7b-11ec-8a36-00505681224b","s3://enverus-courthouse-prod-chd-plants/nm/lea/a136/a136b4ad-bc7b-11ec-8a36-00505681224b.pdf","d9bui8kogvn0009c0r80","1","OCR failed. Command: tesseract /tmp/diml/pngs/d9bui8kogvn0009c0r80/d9bui8kogvn0009c0r80.0001.png /tmp/diml/ocr_results/d9bui8kogvn0009c0r80/d9bui8kogvn0009c0r80.0001 --oem 1 -l eng --psm 1 . Error: Error in pixCreateHeader: requested w = 36429, h = 60000, d = 8 Error in pixCreateHeader: requested by","NULL","2026-07-16 14:51:55.050","NULL","NULL"
"5a92a7b3-6226-11ec-b4df-00505681224b","s3://enverus-courthouse-prod-chd-plants/nm/eog_lea/5a92/5a92a7b3-6226-11ec-b4df-00505681224b.pdf","d9bt07h5jqeg00e68it0","1","OCR failed. Command: tesseract /tmp/diml/pngs/d9bt07h5jqeg00e68it0/d9bt07h5jqeg00e68it0.0001.png /tmp/diml/ocr_results/d9bt07h5jqeg00e68it0/d9bt07h5jqeg00e68it0.0001 --oem 1 -l eng --psm 1 . Error: Error in pixCreateHeader: requested w = 36429, h = 60000, d = 8 Error in pixCreateHeader: requested by","NULL","2026-07-16 14:51:55.050","NULL","NULL"
"bc08ec9b-42b7-11ec-8351-00505681224b","s3://enverus-courthouse-prod-chd-plants/nm/eog_lea/bc08/bc08ec9b-42b7-11ec-8351-00505681224b.pdf","d9bu60jrgi8g00bg537g","1","OCR failed. Command: tesseract /tmp/diml/pngs/d9bu60jrgi8g00bg537g/d9bu60jrgi8g00bg537g.0018.png /tmp/diml/ocr_results/d9bu60jrgi8g00bg537g/d9bu60jrgi8g00bg537g.0018 --oem 1 -l eng --psm 1 . Error: Error in pixCreateHeader: requested w = 36429, h = 60000, d = 8 Error in pixCreateHeader: requested by","NULL","2026-07-16 14:51:55.050","NULL","NULL"
"c83f9528-8bcb-11ec-821d-00505681224b","s3://enverus-courthouse-prod-chd-plants/nm/lea/c83f/c83f9528-8bcb-11ec-821d-00505681224b.pdf","d9bsr7030skg00d6j9og","1","OCR failed. Command: tesseract /tmp/diml/pngs/d9bsr7030skg00d6j9og/d9bsr7030skg00d6j9og.0001.png /tmp/diml/ocr_results/d9bsr7030skg00d6j9og/d9bsr7030skg00d6j9og.0001 --oem 1 -l eng --psm 1 . Error: Error in pixCreateHeader: requested w = 36429, h = 60000, d = 8 Error in pixCreateHeader: requested by","NULL","2026-07-16 14:51:55.050","NULL","NULL"
"c2445e4a-3ec2-11ec-b038-00505681224b","s3://enverus-courthouse-prod-chd-plants/nm/lea/c244/c2445e4a-3ec2-11ec-b038-00505681224b.pdf","d9bu647r2ffg00e0klq0","1","OCR failed. Command: tesseract /tmp/diml/pngs/d9bu647r2ffg00e0klq0/d9bu647r2ffg00e0klq0.0001.png /tmp/diml/ocr_results/d9bu647r2ffg00e0klq0/d9bu647r2ffg00e0klq0.0001 --oem 1 -l eng --psm 1 . Error: Error in pixCreateHeader: requested w = 36429, h = 60000, d = 8 Error in pixCreateHeader: requested by","NULL","2026-07-16 14:51:55.050","NULL","NULL"
"d32c603b-bc7b-11ec-b58d-00505681224b","s3://enverus-courthouse-prod-chd-plants/nm/eog_lea/d32c/d32c603b-bc7b-11ec-b58d-00505681224b.pdf","d9bsr6u89gsg00ff840g","1","OCR failed. Command: tesseract /tmp/diml/pngs/d9bsr6u89gsg00ff840g/d9bsr6u89gsg00ff840g.0001.png /tmp/diml/ocr_results/d9bsr6u89gsg00ff840g/d9bsr6u89gsg00ff840g.0001 --oem 1 -l eng --psm 1 . Error: Error in pixCreateHeader: requested w = 36429, h = 60000, d = 8 Error in pixCreateHeader: requested by","NULL","2026-07-16 14:51:55.050","NULL","NULL"
"e7e0c07a-097f-11ed-b718-00505681224b","s3://enverus-courthouse-prod-chd-plants/nm/lea/e7e0/e7e0c07a-097f-11ed-b718-00505681224b.pdf","d9buhbtlksng008fn800","1","OCR failed. Command: tesseract /tmp/diml/pngs/d9buhbtlksng008fn800/d9buhbtlksng008fn800.0001.png /tmp/diml/ocr_results/d9buhbtlksng008fn800/d9buhbtlksng008fn800.0001 --oem 1 -l eng --psm 1 . Error: Error in pixCreateHeader: requested w = 36429, h = 60000, d = 8 Error in pixCreateHeader: requested by","NULL","2026-07-16 14:51:55.050","NULL","NULL"
"67e5f706-097f-11ed-9618-00505681224b","s3://enverus-courthouse-prod-chd-plants/nm/lea/67e5/67e5f706-097f-11ed-9618-00505681224b.pdf","d9bu6bjdd4a000d5pqe0","1","OCR failed. Command: tesseract /tmp/diml/pngs/d9bu6bjdd4a000d5pqe0/d9bu6bjdd4a000d5pqe0.0002.png /tmp/diml/ocr_results/d9bu6bjdd4a000d5pqe0/d9bu6bjdd4a000d5pqe0.0002 --oem 1 -l eng --psm 1 . Error: Error in pixCreateHeader: requested w = 36429, h = 60000, d = 8 Error in pixCreateHeader: requested by","NULL","2026-07-16 14:51:55.050","NULL","NULL"
"576b04b8-d733-11ec-a9da-00505681224b","s3://enverus-courthouse-prod-chd-plants/nm/lea/576b/576b04b8-d733-11ec-a9da-00505681224b.pdf","d9buh9j1f5dg00besirg","1","OCR failed. Command: tesseract /tmp/diml/pngs/d9buh9j1f5dg00besirg/d9buh9j1f5dg00besirg.0001.png /tmp/diml/ocr_results/d9buh9j1f5dg00besirg/d9buh9j1f5dg00besirg.0001 --oem 1 -l eng --psm 1 . Error: Error in pixCreateHeader: requested w = 36429, h = 60000, d = 8 Error in pixCreateHeader: requested by","NULL","2026-07-16 14:51:55.050","NULL","NULL"
"ca5c7221-097e-11ed-b678-00505681224b","s3://enverus-courthouse-prod-chd-plants/nm/eog_lea/ca5c/ca5c7221-097e-11ed-b678-00505681224b.pdf","d9btqv5lksng008en3n0","1","OCR failed. Command: tesseract /tmp/diml/pngs/d9btqv5lksng008en3n0/d9btqv5lksng008en3n0.0004.png /tmp/diml/ocr_results/d9btqv5lksng008en3n0/d9btqv5lksng008en3n0.0004 --oem 1 -l eng --psm 1 . Error: Error in pixCreateHeader: requested w = 36429, h = 60000, d = 8 Error in pixCreateHeader: requested by","NULL","2026-07-16 14:51:55.050","NULL","NULL"
"576b52d1-d733-11ec-a77b-00505681224b","s3://enverus-courthouse-prod-chd-plants/nm/lea/576b/576b52d1-d733-11ec-a77b-00505681224b.pdf","d9bu58fr2ffg00e0jj9g","1","OCR failed. Command: tesseract /tmp/diml/pngs/d9bu58fr2ffg00e0jj9g/d9bu58fr2ffg00e0jj9g.0001.png /tmp/diml/ocr_results/d9bu58fr2ffg00e0jj9g/d9bu58fr2ffg00e0jj9g.0001 --oem 1 -l eng --psm 1 . Error: Error in pixCreateHeader: requested w = 36429, h = 60000, d = 8 Error in pixCreateHeader: requested by","NULL","2026-07-16 14:51:55.050","NULL","NULL"
"a3f2ab1b-d733-11ec-9be2-00505681224b","s3://enverus-courthouse-prod-chd-plants/nm/eog_lea/a3f2/a3f2ab1b-d733-11ec-9be2-00505681224b.pdf","d9buo9kogvn0009c9ihg","1","OCR failed. Command: tesseract /tmp/diml/pngs/d9buo9kogvn0009c9ihg/d9buo9kogvn0009c9ihg.0004.png /tmp/diml/ocr_results/d9buo9kogvn0009c9ihg/d9buo9kogvn0009c9ihg.0004 --oem 1 -l eng --psm 1 . Error: Error in pixCreateHeader: requested w = 36429, h = 60000, d = 8 Error in pixCreateHeader: requested by","NULL","2026-07-16 14:51:55.050","NULL","NULL"
"bc08503a-42b7-11ec-906f-00505681224b","s3://enverus-courthouse-prod-chd-plants/nm/eog_lea/bc08/bc08503a-42b7-11ec-906f-00505681224b.pdf","d9btakhkf4s000f69kn0","1","OCR failed. Command: tesseract /tmp/diml/pngs/d9btakhkf4s000f69kn0/d9btakhkf4s000f69kn0.0001.png /tmp/diml/ocr_results/d9btakhkf4s000f69kn0/d9btakhkf4s000f69kn0.0001 --oem 1 -l eng --psm 1 . Error: Error in pixCreateHeader: requested w = 36429, h = 60000, d = 8 Error in pixCreateHeader: requested by","NULL","2026-07-16 14:51:55.050","NULL","NULL"
"bc089e56-42b7-11ec-91b1-00505681224b","s3://enverus-courthouse-prod-chd-plants/nm/eog_lea/bc08/bc089e56-42b7-11ec-91b1-00505681224b.pdf","d9bues1hd6mg00bnkpeg","1","OCR failed. Command: tesseract /tmp/diml/pngs/d9bues1hd6mg00bnkpeg/d9bues1hd6mg00bnkpeg.0001.png /tmp/diml/ocr_results/d9bues1hd6mg00bnkpeg/d9bues1hd6mg00bnkpeg.0001 --oem 1 -l eng --psm 1 . Error: Error in pixCreateHeader: requested w = 36429, h = 60000, d = 8 Error in pixCreateHeader: requested by","NULL","2026-07-16 14:51:55.050","NULL","NULL"
"0830fc5f-3198-1c4c-9594-5d27eda5326a","s3://enverus-courthouse-prod-chd-plants/nm/eddy/0830/0830fc5f-3198-1c4c-9594-5d27eda5326a.pdf","baglftavki7g1fvh6gug","1","list index out of range","NULL","2026-07-16 14:51:55.050","NULL","NULL"
"09659ec9-ae13-7544-8a6c-fb1df67b900c","s3://enverus-courthouse-prod-chd-plants/nm/eddy/0965/09659ec9-ae13-7544-8a6c-fb1df67b900c.pdf","baglelivki7g1fvh61cg","1","list index out of range","NULL","2026-07-16 14:51:55.050","NULL","NULL"
"cb6ba539-a5b1-11ec-888e-00505681224b","s3://enverus-courthouse-prod-chd-plants/nm/lea/cb6b/cb6ba539-a5b1-11ec-888e-00505681224b.pdf","d9buqnjdd4a000d6nvv0","1","OCR failed. Command: tesseract /tmp/diml/pngs/d9buqnjdd4a000d6nvv0/d9buqnjdd4a000d6nvv0.0001.png /tmp/diml/ocr_results/d9buqnjdd4a000d6nvv0/d9buqnjdd4a000d6nvv0.0001 --oem 1 -l eng --psm 1 . Error: Error in pixCreateHeader: requested w = 36429, h = 60000, d = 8 Error in pixCreateHeader: requested by","NULL","2026-07-16 14:51:55.050","NULL","NULL"
"8c646e1c-bc7b-11ec-af11-00505681224b","s3://enverus-courthouse-prod-chd-plants/nm/lea/8c64/8c646e1c-bc7b-11ec-af11-00505681224b.pdf","d9buqs689gsg00fhr19g","1","OCR failed. Command: tesseract /tmp/diml/pngs/d9buqs689gsg00fhr19g/d9buqs689gsg00fhr19g.0001.png /tmp/diml/ocr_results/d9buqs689gsg00fhr19g/d9buqs689gsg00fhr19g.0001 --oem 1 -l eng --psm 1 . Error: Error in pixCreateHeader: requested w = 36429, h = 60000, d = 8 Error in pixCreateHeader: requested by","NULL","2026-07-16 14:51:55.050","NULL","NULL"
"bc09d6d8-42b7-11ec-bd73-00505681224b","s3://enverus-courthouse-prod-chd-plants/nm/eog_lea/bc09/bc09d6d8-42b7-11ec-bd73-00505681224b.pdf","d9budsfr2ffg00e10d1g","1","OCR failed. Command: tesseract /tmp/diml/pngs/d9budsfr2ffg00e10d1g/d9budsfr2ffg00e10d1g.0005.png /tmp/diml/ocr_results/d9budsfr2ffg00e10d1g/d9budsfr2ffg00e10d1g.0005 --oem 1 -l eng --psm 1 . Error: Error in pixCreateHeader: requested w = 36429, h = 60000, d = 8 Error in pixCreateHeader: requested by","NULL","2026-07-16 14:51:55.050","NULL","NULL"
"b5e1e308-d733-11ec-b519-00505681224b","s3://enverus-courthouse-prod-chd-plants/nm/eog_lea/b5e1/b5e1e308-d733-11ec-b519-00505681224b.pdf","d9bthhkhn77000fa3jmg","1","OCR failed. Command: tesseract /tmp/diml/pngs/d9bthhkhn77000fa3jmg/d9bthhkhn77000fa3jmg.0001.png /tmp/diml/ocr_results/d9bthhkhn77000fa3jmg/d9bthhkhn77000fa3jmg.0001 --oem 1 -l eng --psm 1 . Error: Error in pixCreateHeader: requested w = 36429, h = 60000, d = 8 Error in pixCreateHeader: requested by","NULL","2026-07-16 14:51:55.050","NULL","NULL"
"aec47871-a5b1-11ec-b6c7-00505681224b","s3://enverus-courthouse-prod-chd-plants/nm/lea/aec4/aec47871-a5b1-11ec-b6c7-00505681224b.pdf","d9bucqm89gsg00fh6mu0","1","OCR failed. Command: tesseract /tmp/diml/pngs/d9bucqm89gsg00fh6mu0/d9bucqm89gsg00fh6mu0.0001.png /tmp/diml/ocr_results/d9bucqm89gsg00fh6mu0/d9bucqm89gsg00fh6mu0.0001 --oem 1 -l eng --psm 1 . Error: Error in pixCreateHeader: requested w = 36429, h = 60000, d = 8 Error in pixCreateHeader: requested by","NULL","2026-07-16 14:51:55.050","NULL","NULL"
"465b17c7-ec46-11eb-9360-00505681224b","s3://enverus-courthouse-prod-chd-plants/nm/eog_lea/465b/465b17c7-ec46-11eb-9360-00505681224b.pdf","d9btf4cflnl000djjvu0","1","OCR failed. Command: tesseract /tmp/diml/pngs/d9btf4cflnl000djjvu0/d9btf4cflnl000djjvu0.0005.png /tmp/diml/ocr_results/d9btf4cflnl000djjvu0/d9btf4cflnl000djjvu0.0005 --oem 1 -l eng --psm 1 . Error: Error in pixCreateHeader: requested w = 36429, h = 60000, d = 8 Error in pixCreateHeader: requested by","NULL","2026-07-16 14:51:55.050","NULL","NULL"
"f4df5096-405b-11ec-96ba-00505681224b","s3://enverus-courthouse-prod-chd-plants/nm/eog_lea/f4df/f4df5096-405b-11ec-96ba-00505681224b.pdf","d9btgkdlksng008ea5pg","1","OCR failed. Command: tesseract /tmp/diml/pngs/d9btgkdlksng008ea5pg/d9btgkdlksng008ea5pg.0001.png /tmp/diml/ocr_results/d9btgkdlksng008ea5pg/d9btgkdlksng008ea5pg.0001 --oem 1 -l eng --psm 1 . Error: Error in pixCreateHeader: requested w = 36429, h = 60000, d = 8 Error in pixCreateHeader: requested by","NULL","2026-07-16 14:51:55.050","NULL","NULL"
"66631d85-fdba-47ce-a1ee-707619d06de6","s3://enverus-courthouse-prod-chd-plants/tx/nueces/6663/66631d85-fdba-47ce-a1ee-707619d06de6.pdf","b8eqi2c3clr01n1rq6n0","1","No pdf could be downloaded, error=s3://di-diml-platinum-prod/b8eqi2c3clr01n1rq6n0/b8eqi2k3clr01n1rq6o0/2017047859.pdf: Could not connect to the endpoint URL: ""https://sts.us-east-1.amazonaws.com/""","NULL","2026-07-16 14:51:55.050","2026-07-17 00:55:48.063","NULL"
"c83ed1c9-8bcb-11ec-bc34-00505681224b","s3://enverus-courthouse-prod-chd-plants/nm/lea/c83e/c83ed1c9-8bcb-11ec-bc34-00505681224b.pdf","d9bto6vr2ffg00e01g40","1","OCR failed. Command: tesseract /tmp/diml/pngs/d9bto6vr2ffg00e01g40/d9bto6vr2ffg00e01g40.0001.png /tmp/diml/ocr_results/d9bto6vr2ffg00e01g40/d9bto6vr2ffg00e01g40.0001 --oem 1 -l eng --psm 1 . Error: Error in pixCreateHeader: requested w = 36429, h = 60000, d = 8 Error in pixCreateHeader: requested by","NULL","2026-07-16 14:51:55.050","NULL","NULL"
"d32cd54c-bc7b-11ec-912f-00505681224b","s3://enverus-courthouse-prod-chd-plants/nm/eog_lea/d32c/d32cd54c-bc7b-11ec-912f-00505681224b.pdf","d9bt1vsflnl000dj4jig","1","OCR failed. Command: tesseract /tmp/diml/pngs/d9bt1vsflnl000dj4jig/d9bt1vsflnl000dj4jig.0001.png /tmp/diml/ocr_results/d9bt1vsflnl000dj4jig/d9bt1vsflnl000dj4jig.0001 --oem 1 -l eng --psm 1 . Error: Error in pixCreateHeader: requested w = 36429, h = 60000, d = 8 Error in pixCreateHeader: requested by","NULL","2026-07-16 14:51:55.050","NULL","NULL"
"c2439b0d-3ec2-11ec-869b-00505681224b","s3://enverus-courthouse-prod-chd-plants/nm/lea/c243/c2439b0d-3ec2-11ec-869b-00505681224b.pdf","d9bu8abs7m5g0089br00","1","OCR failed. Command: tesseract /tmp/diml/pngs/d9bu8abs7m5g0089br00/d9bu8abs7m5g0089br00.0001.png /tmp/diml/ocr_results/d9bu8abs7m5g0089br00/d9bu8abs7m5g0089br00.0001 --oem 1 -l eng --psm 1 . Error: Error in pixCreateHeader: requested w = 36429, h = 60000, d = 8 Error in pixCreateHeader: requested by","NULL","2026-07-16 14:51:55.050","NULL","NULL"
"f4de3f31-405b-11ec-b81d-00505681224b","s3://enverus-courthouse-prod-chd-plants/nm/eog_lea/f4de/f4de3f31-405b-11ec-b81d-00505681224b.pdf","d9bu8b9hd6mg00bnb9tg","1","OCR failed. Command: tesseract /tmp/diml/pngs/d9bu8b9hd6mg00bnb9tg/d9bu8b9hd6mg00bnb9tg.0001.png /tmp/diml/ocr_results/d9bu8b9hd6mg00bnb9tg/d9bu8b9hd6mg00bnb9tg.0001 --oem 1 -l eng --psm 1 . Error: Error in pixCreateHeader: requested w = 36429, h = 60000, d = 8 Error in pixCreateHeader: requested by","NULL","2026-07-16 14:51:55.050","NULL","NULL"
"d32c3922-bc7b-11ec-bb60-00505681224b","s3://enverus-courthouse-prod-chd-plants/nm/eog_lea/d32c/d32c3922-bc7b-11ec-bb60-00505681224b.pdf","d9btn1jte9l000f817v0","1","OCR failed. Command: tesseract /tmp/diml/pngs/d9btn1jte9l000f817v0/d9btn1jte9l000f817v0.0002.png /tmp/diml/ocr_results/d9btn1jte9l000f817v0/d9btn1jte9l000f817v0.0002 --oem 1 -l eng --psm 1 . Error: Error in pixCreateHeader: requested w = 36429, h = 60000, d = 8 Error in pixCreateHeader: requested by","NULL","2026-07-16 14:51:55.050","NULL","NULL"
"E5EA577F-A765-4DFE-AC4B-88206397B519","s3://enverus-courthouse-prod-chd-plants/tx/training_pecos/E5EA/E5EA577F-A765-4DFE-AC4B-88206397B519.pdf","d9bt3k95jqeg00e6cdr0","1","No pdf could be downloaded, error=PDF file tx/training_pecos/E5EA/E5EA577F-A765-4DFE-AC4B-88206397B519.pdf is too large to be processed, size=1.7516751307994127 GB","NULL","2026-07-16 14:51:55.050","NULL","NULL"
"ca5b87bf-097e-11ed-a39f-00505681224b","s3://enverus-courthouse-prod-chd-plants/nm/eog_lea/ca5b/ca5b87bf-097e-11ed-a39f-00505681224b.pdf","d9bu9715jqeg00e7s5c0","1","OCR failed. Command: tesseract /tmp/diml/pngs/d9bu9715jqeg00e7s5c0/d9bu9715jqeg00e7s5c0.0001.png /tmp/diml/ocr_results/d9bu9715jqeg00e7s5c0/d9bu9715jqeg00e7s5c0.0001 --oem 1 -l eng --psm 1 . Error: Error in pixCreateHeader: requested w = 36429, h = 60000, d = 8 Error in pixCreateHeader: requested by","NULL","2026-07-16 14:51:55.050","NULL","NULL"
"17db2d45-f80d-11eb-add7-00505681224b","s3://enverus-courthouse-prod-chd-plants/nm/eog_lea/17db/17db2d45-f80d-11eb-add7-00505681224b.pdf","d9btlt4flnl000djs2v0","1","OCR failed. Command: tesseract /tmp/diml/pngs/d9btlt4flnl000djs2v0/d9btlt4flnl000djs2v0.0003.png /tmp/diml/ocr_results/d9btlt4flnl000djs2v0/d9btlt4flnl000djs2v0.0003 --oem 1 -l eng --psm 1 . Error: Error in pixCreateHeader: requested w = 36429, h = 60000, d = 8 Error in pixCreateHeader: requested by","NULL","2026-07-16 14:51:55.050","NULL","NULL"
"1b5fc2d1-d733-11ec-9f6c-00505681224b","s3://enverus-courthouse-prod-chd-plants/nm/lea/1b5f/1b5fc2d1-d733-11ec-9f6c-00505681224b.pdf","d9bt5eg30skg00d6unh0","1","OCR failed. Command: tesseract /tmp/diml/pngs/d9bt5eg30skg00d6unh0/d9bt5eg30skg00d6unh0.0001.png /tmp/diml/ocr_results/d9bt5eg30skg00d6unh0/d9bt5eg30skg00d6unh0.0001 --oem 1 -l eng --psm 1 . Error: Error in pixCreateHeader: requested w = 36429, h = 60000, d = 8 Error in pixCreateHeader: requested by","NULL","2026-07-16 14:51:55.050","NULL","NULL"
"be4426f1-a5b1-11ec-bdad-00505681224b","s3://enverus-courthouse-prod-chd-plants/nm/lea/be44/be4426f1-a5b1-11ec-bdad-00505681224b.pdf","d9bufosogvn0009bsp20","1","OCR failed. Command: tesseract /tmp/diml/pngs/d9bufosogvn0009bsp20/d9bufosogvn0009bsp20.0001.png /tmp/diml/ocr_results/d9bufosogvn0009bsp20/d9bufosogvn0009bsp20.0001 --oem 1 -l eng --psm 1 . Error: Error in pixCreateHeader: requested w = 36429, h = 60000, d = 8 Error in pixCreateHeader: requested by","NULL","2026-07-16 14:51:55.050","NULL","NULL"
"f4de3f20-405b-11ec-8efe-00505681224b","s3://enverus-courthouse-prod-chd-plants/nm/eog_lea/f4de/f4de3f20-405b-11ec-8efe-00505681224b.pdf","d9bt6mfr2ffg00dvck1g","1","OCR failed. Command: tesseract /tmp/diml/pngs/d9bt6mfr2ffg00dvck1g/d9bt6mfr2ffg00dvck1g.0001.png /tmp/diml/ocr_results/d9bt6mfr2ffg00dvck1g/d9bt6mfr2ffg00dvck1g.0001 --oem 1 -l eng --psm 1 . Error: Error in pixCreateHeader: requested w = 36429, h = 60000, d = 8 Error in pixCreateHeader: requested by","NULL","2026-07-16 14:51:55.050","NULL","NULL"
"a1368db2-bc7b-11ec-a80d-00505681224b","s3://enverus-courthouse-prod-chd-plants/nm/lea/a136/a1368db2-bc7b-11ec-a80d-00505681224b.pdf","d9bu0i059fgg00e2frgg","1","OCR failed. Command: tesseract /tmp/diml/pngs/d9bu0i059fgg00e2frgg/d9bu0i059fgg00e2frgg.0001.png /tmp/diml/ocr_results/d9bu0i059fgg00e2frgg/d9bu0i059fgg00e2frgg.0001 --oem 1 -l eng --psm 1 . Error: Error in pixCreateHeader: requested w = 36429, h = 60000, d = 8 Error in pixCreateHeader: requested by","NULL","2026-07-16 14:51:55.050","NULL","NULL"
"c83eaad3-8bcb-11ec-bbc7-00505681224b","s3://enverus-courthouse-prod-chd-plants/nm/lea/c83e/c83eaad3-8bcb-11ec-bbc7-00505681224b.pdf","d9btt6phd6mg00bmrahg","1","OCR failed. Command: tesseract /tmp/diml/pngs/d9btt6phd6mg00bmrahg/d9btt6phd6mg00bmrahg.0001.png /tmp/diml/ocr_results/d9btt6phd6mg00bmrahg/d9btt6phd6mg00bmrahg.0001 --oem 1 -l eng --psm 1 . Error: Error in pixCreateHeader: requested w = 36429, h = 60000, d = 8 Error in pixCreateHeader: requested by","NULL","2026-07-16 14:51:55.050","NULL","NULL"
"e187847a-bc7b-11ec-a134-00505681224b","s3://enverus-courthouse-prod-chd-plants/nm/eog_lea/e187/e187847a-bc7b-11ec-a134-00505681224b.pdf","d9btugg30skg00d7sjug","1","OCR failed. Command: tesseract /tmp/diml/pngs/d9btugg30skg00d7sjug/d9btugg30skg00d7sjug.0001.png /tmp/diml/ocr_results/d9btugg30skg00d7sjug/d9btugg30skg00d7sjug.0001 --oem 1 -l eng --psm 1 . Error: Error in pixCreateHeader: requested w = 36429, h = 60000, d = 8 Error in pixCreateHeader: requested by","NULL","2026-07-16 14:51:55.050","NULL","NULL"
"bc0988d2-42b7-11ec-908d-00505681224b","s3://enverus-courthouse-prod-chd-plants/nm/eog_lea/bc09/bc0988d2-42b7-11ec-908d-00505681224b.pdf","d9buk0nr2ffg00e1944g","1","OCR failed. Command: tesseract /tmp/diml/pngs/d9buk0nr2ffg00e1944g/d9buk0nr2ffg00e1944g.0001.png /tmp/diml/ocr_results/d9buk0nr2ffg00e1944g/d9buk0nr2ffg00e1944g.0001 --oem 1 -l eng --psm 1 . Error: Error in pixCreateHeader: requested w = 36429, h = 60000, d = 8 Error in pixCreateHeader: requested by","NULL","2026-07-16 14:51:55.050","NULL","NULL"
"272436bb-0980-11ed-ad33-00505681224b","s3://enverus-courthouse-prod-chd-plants/nm/lea/2724/272436bb-0980-11ed-ad33-00505681224b.pdf","d9bulcr6g7ig0080vulg","1","OCR failed. Command: tesseract /tmp/diml/pngs/d9bulcr6g7ig0080vulg/d9bulcr6g7ig0080vulg.0001.png /tmp/diml/ocr_results/d9bulcr6g7ig0080vulg/d9bulcr6g7ig0080vulg.0001 --oem 1 -l eng --psm 1 . Error: Error in pixCreateHeader: requested w = 36429, h = 60000, d = 8 Error in pixCreateHeader: requested by","NULL","2026-07-16 14:51:55.050","NULL","NULL"
"1b5eff8b-d733-11ec-8134-00505681224b","s3://enverus-courthouse-prod-chd-plants/nm/lea/1b5e/1b5eff8b-d733-11ec-8134-00505681224b.pdf","d9bulgjrgi8g00bgsgn0","1","OCR failed. Command: tesseract /tmp/diml/pngs/d9bulgjrgi8g00bgsgn0/d9bulgjrgi8g00bgsgn0.0013.png /tmp/diml/ocr_results/d9bulgjrgi8g00bgsgn0/d9bulgjrgi8g00bgsgn0.0013 --oem 1 -l eng --psm 1 . Error: Error in pixCreateHeader: requested w = 36429, h = 60000, d = 8 Error in pixCreateHeader: requested by","NULL","2026-07-16 14:51:55.050","NULL","NULL"
"ca5b87c4-097e-11ed-af2a-00505681224b","s3://enverus-courthouse-prod-chd-plants/nm/eog_lea/ca5b/ca5b87c4-097e-11ed-af2a-00505681224b.pdf","d9btu915jqeg00e7c86g","1","OCR failed. Command: tesseract /tmp/diml/pngs/d9btu915jqeg00e7c86g/d9btu915jqeg00e7c86g.0002.png /tmp/diml/ocr_results/d9btu915jqeg00e7c86g/d9btu915jqeg00e7c86g.0002 --oem 1 -l eng --psm 1 . Error: Error in pixCreateHeader: requested w = 36429, h = 60000, d = 8 Error in pixCreateHeader: requested by","NULL","2026-07-16 14:51:55.050","NULL","NULL"
"E997D5AA-E60E-42E1-8736-CADD8539C5C0","s3://enverus-courthouse-prod-chd-plants/tx/training_pecos/E997/E997D5AA-E60E-42E1-8736-CADD8539C5C0.pdf","d9btuq1hd6mg00bmtr4g","1","No pdf could be downloaded, error=PDF file tx/training_pecos/E997/E997D5AA-E60E-42E1-8736-CADD8539C5C0.pdf is too large to be processed, size=1.8516884772107005 GB","NULL","2026-07-16 14:51:55.050","NULL","NULL"
"e7e1d211-097f-11ed-9499-00505681224b","s3://enverus-courthouse-prod-chd-plants/nm/lea/e7e1/e7e1d211-097f-11ed-9499-00505681224b.pdf","d9buic059fgg00e3ae2g","1","OCR failed. Command: tesseract /tmp/diml/pngs/d9buic059fgg00e3ae2g/d9buic059fgg00e3ae2g.0022.png /tmp/diml/ocr_results/d9buic059fgg00e3ae2g/d9buic059fgg00e3ae2g.0022 --oem 1 -l eng --psm 1 . Error: Error in pixCreateHeader: requested w = 36429, h = 60000, d = 8 Error in pixCreateHeader: requested by","NULL","2026-07-16 14:51:55.050","NULL","NULL"
"576addb1-d733-11ec-8881-00505681224b","s3://enverus-courthouse-prod-chd-plants/nm/lea/576a/576addb1-d733-11ec-8881-00505681224b.pdf","d9btumbte9l000f8b4lg","1","OCR failed. Command: tesseract /tmp/diml/pngs/d9btumbte9l000f8b4lg/d9btumbte9l000f8b4lg.0001.png /tmp/diml/ocr_results/d9btumbte9l000f8b4lg/d9btumbte9l000f8b4lg.0001 --oem 1 -l eng --psm 1 . Error: Error in pixCreateHeader: requested w = 36429, h = 60000, d = 8 Error in pixCreateHeader: requested by","NULL","2026-07-16 14:51:55.050","NULL","NULL"
"67e5f70f-097f-11ed-a90b-00505681224b","s3://enverus-courthouse-prod-chd-plants/nm/lea/67e5/67e5f70f-097f-11ed-a90b-00505681224b.pdf","d9bu493delo000durudg","1","OCR failed. Command: tesseract /tmp/diml/pngs/d9bu493delo000durudg/d9bu493delo000durudg.0001.png /tmp/diml/ocr_results/d9bu493delo000durudg/d9bu493delo000durudg.0001 --oem 1 -l eng --psm 1 . Error: Error in pixCreateHeader: requested w = 36429, h = 60000, d = 8 Error in pixCreateHeader: requested by","NULL","2026-07-16 14:51:55.050","NULL","NULL"
"a59b3b62-6573-4b34-956f-80c912b1b5ba","s3://enverus-courthouse-prod-chd-plants/tx/jasper/a59b/a59b3b62-6573-4b34-956f-80c912b1b5ba.pdf","ba5hcaqvki7g1fuhe0q0","1","No pdf could be downloaded, error=s3://di-diml-platinum-prod/ba5hcaqvki7g1fuhe0q0/ba5hcaqvki7g1fuhe0sg/280502.pdf: Could not connect to the endpoint URL: ""https://sts.us-east-1.amazonaws.com/""","NULL","2026-07-16 14:43:19.120","2026-07-16 16:52:09.960","NULL"
"b5e1bbfb-d733-11ec-a019-00505681224b","s3://enverus-courthouse-prod-chd-plants/nm/eog_lea/b5e1/b5e1bbfb-d733-11ec-a019-00505681224b.pdf","d9bui7hb0h1g00d1nfng","1","OCR failed. Command: tesseract /tmp/diml/pngs/d9bui7hb0h1g00d1nfng/d9bui7hb0h1g00d1nfng.0001.png /tmp/diml/ocr_results/d9bui7hb0h1g00d1nfng/d9bui7hb0h1g00d1nfng.0001 --oem 1 -l eng --psm 1 . Error: Error in pixCreateHeader: requested w = 36429, h = 60000, d = 8 Error in pixCreateHeader: requested by","NULL","2026-07-16 14:43:19.120","NULL","NULL"
"1b5dee0b-d733-11ec-b8ad-00505681224b","s3://enverus-courthouse-prod-chd-plants/nm/lea/1b5d/1b5dee0b-d733-11ec-b8ad-00505681224b.pdf","d9btpe689gsg00fgaq2g","1","OCR failed. Command: tesseract /tmp/diml/pngs/d9btpe689gsg00fgaq2g/d9btpe689gsg00fgaq2g.0001.png /tmp/diml/ocr_results/d9btpe689gsg00fgaq2g/d9btpe689gsg00fgaq2g.0001 --oem 1 -l eng --psm 1 . Error: Error in pixCreateHeader: requested w = 36429, h = 60000, d = 8 Error in pixCreateHeader: requested by","NULL","2026-07-16 14:43:19.120","NULL","NULL"
"0655f041-d733-11ec-b065-00505681224b","s3://enverus-courthouse-prod-chd-plants/nm/lea/0655/0655f041-d733-11ec-b065-00505681224b.pdf","d9btrqrdelo000dufkn0","1","OCR failed. Command: tesseract /tmp/diml/pngs/d9btrqrdelo000dufkn0/d9btrqrdelo000dufkn0.0003.png /tmp/diml/ocr_results/d9btrqrdelo000dufkn0/d9btrqrdelo000dufkn0.0003 --oem 1 -l eng --psm 1 . Error: Error in pixCreateHeader: requested w = 36429, h = 60000, d = 8 Error in pixCreateHeader: requested by","NULL","2026-07-16 14:43:19.120","NULL","NULL"
"74fbadaf-c8f3-445f-86c9-58c6195dff74","s3://enverus-courthouse-prod-chd-plants/tx/eog_gonzales/74fb/74fbadaf-c8f3-445f-86c9-58c6195dff74.pdf","b9t2k4qvki7g1fu5ell0","1","No pdf could be downloaded, error=s3://di-diml-platinum-prod/b9t2k4qvki7g1fu5ell0/b9t2k52vki7g1fu5eln0/17291492.pdf: Could not connect to the endpoint URL: ""https://di-diml-platinum-prod.s3.amazonaws.com/b9t2k4qvki7g1fu5ell0/b9t2k52vki7g1fu5eln0/17291492.pdf""","NULL","2026-07-16 14:43:19.120","2026-07-16 19:46:00.963","NULL"
"bc0a9a53-42b7-11ec-a630-00505681224b","s3://enverus-courthouse-prod-chd-plants/nm/eog_lea/bc0a/bc0a9a53-42b7-11ec-a630-00505681224b.pdf","d9bst53dd4a000d47amg","1","OCR failed. Command: tesseract /tmp/diml/pngs/d9bst53dd4a000d47amg/d9bst53dd4a000d47amg.0002.png /tmp/diml/ocr_results/d9bst53dd4a000d47amg/d9bst53dd4a000d47amg.0002 --oem 1 -l eng --psm 1 . Error: Error in pixCreateHeader: requested w = 36429, h = 60000, d = 8 Error in pixCreateHeader: requested by","NULL","2026-07-16 14:43:19.120","NULL","NULL"
"43a14649-2e5f-4789-a09e-f4839f70e122","s3://enverus-courthouse-prod-chd-plants/tx/eog_gonzales/43a1/43a14649-2e5f-4789-a09e-f4839f70e122.pdf","b9t2feivki7g1fu5e8b0","1","No pdf could be downloaded, error=s3://di-diml-platinum-prod/b9t2feivki7g1fu5e8b0/b9t2feivki7g1fu5e8c0/17292511.pdf: Could not connect to the endpoint URL: ""https://sts.us-east-1.amazonaws.com/""","NULL","2026-07-16 14:43:19.120","2026-07-17 03:09:38.900","NULL"
"b5e1e31a-d733-11ec-95fd-00505681224b","s3://enverus-courthouse-prod-chd-plants/nm/eog_lea/b5e1/b5e1e31a-d733-11ec-95fd-00505681224b.pdf","d9buk93k4o90008a6d8g","1","OCR failed. Command: tesseract /tmp/diml/pngs/d9buk93k4o90008a6d8g/d9buk93k4o90008a6d8g.0001.png /tmp/diml/ocr_results/d9buk93k4o90008a6d8g/d9buk93k4o90008a6d8g.0001 --oem 1 -l eng --psm 1 . Error: Error in pixCreateHeader: requested w = 36429, h = 60000, d = 8 Error in pixCreateHeader: requested by","NULL","2026-07-16 14:43:19.120","NULL","NULL"
"67b88832-3f8a-11ec-8d11-00505681224b","s3://enverus-courthouse-prod-chd-plants/nm/eog_lea/67b8/67b88832-3f8a-11ec-8d11-00505681224b.pdf","d9buj4dlksng008fpe90","1","OCR failed. Command: tesseract /tmp/diml/pngs/d9buj4dlksng008fpe90/d9buj4dlksng008fpe90.0001.png /tmp/diml/ocr_results/d9buj4dlksng008fpe90/d9buj4dlksng008fpe90.0001 --oem 1 -l eng --psm 1 . Error: Error in pixCreateHeader: requested w = 36429, h = 60000, d = 8 Error in pixCreateHeader: requested by","NULL","2026-07-16 14:43:19.120","NULL","NULL"
"5fe61b14-4081-4865-892d-22e03959e1dc","s3://enverus-courthouse-prod-chd-plants/tx/gregg/5fe6/5fe61b14-4081-4865-892d-22e03959e1dc.pdf","bagq55ivki7g1fvhvq0g","1","No pdf could be downloaded, error=s3://di-diml-platinum-prod/bagq55ivki7g1fvhvq0g/bagq55qvki7g1fvhvq1g/201801474.pdf: Could not connect to the endpoint URL: ""https://sts.us-east-1.amazonaws.com/""","NULL","2026-07-16 14:43:19.120","2026-07-17 03:09:38.900","NULL"
"f59f9359-405b-11ec-8962-00505681224b","s3://enverus-courthouse-prod-chd-plants/nm/eog_lea/f59f/f59f9359-405b-11ec-8962-00505681224b.pdf","d9btgdvak3500086fseg","1","OCR failed. Command: tesseract /tmp/diml/pngs/d9btgdvak3500086fseg/d9btgdvak3500086fseg.0010.png /tmp/diml/ocr_results/d9btgdvak3500086fseg/d9btgdvak3500086fseg.0010 --oem 1 -l eng --psm 1 . Error: Error in pixCreateHeader: requested w = 36429, h = 60000, d = 8 Error in pixCreateHeader: requested by","NULL","2026-07-16 14:43:19.120","NULL","NULL"
"96807e52-097f-11ed-b873-00505681224b","s3://enverus-courthouse-prod-chd-plants/nm/lea/9680/96807e52-097f-11ed-b873-00505681224b.pdf","d9bto5nak3500086pbug","1","OCR failed. Command: tesseract /tmp/diml/pngs/d9bto5nak3500086pbug/d9bto5nak3500086pbug.0001.png /tmp/diml/ocr_results/d9bto5nak3500086pbug/d9bto5nak3500086pbug.0001 --oem 1 -l eng --psm 1 . Error: Error in pixCreateHeader: requested w = 36429, h = 60000, d = 8 Error in pixCreateHeader: requested by","NULL","2026-07-16 14:43:19.120","NULL","NULL"
"a3f39597-d733-11ec-8a69-00505681224b","s3://enverus-courthouse-prod-chd-plants/nm/eog_lea/a3f3/a3f39597-d733-11ec-8a69-00505681224b.pdf","d9bt6hr6g7ig00fv0lv0","1","OCR failed. Command: tesseract /tmp/diml/pngs/d9bt6hr6g7ig00fv0lv0/d9bt6hr6g7ig00fv0lv0.0001.png /tmp/diml/ocr_results/d9bt6hr6g7ig00fv0lv0/d9bt6hr6g7ig00fv0lv0.0001 --oem 1 -l eng --psm 1 . Error: Error in pixCreateHeader: requested w = 36429, h = 60000, d = 8 Error in pixCreateHeader: requested by","NULL","2026-07-16 14:43:19.120","NULL","NULL"
"aec49f7e-a5b1-11ec-acd5-00505681224b","s3://enverus-courthouse-prod-chd-plants/nm/lea/aec4/aec49f7e-a5b1-11ec-acd5-00505681224b.pdf","d9bu0m1kf4s000f75rg0","1","OCR failed. Command: tesseract /tmp/diml/pngs/d9bu0m1kf4s000f75rg0/d9bu0m1kf4s000f75rg0.0001.png /tmp/diml/ocr_results/d9bu0m1kf4s000f75rg0/d9bu0m1kf4s000f75rg0.0001 --oem 1 -l eng --psm 1 . Error: Error in pixCreateHeader: requested w = 36429, h = 60000, d = 8 Error in pixCreateHeader: requested by","NULL","2026-07-16 14:43:19.120","NULL","NULL"
"bc0961c9-42b7-11ec-bd23-00505681224b","s3://enverus-courthouse-prod-chd-plants/nm/eog_lea/bc09/bc0961c9-42b7-11ec-bd23-00505681224b.pdf","d9bt26059fgg00e1b2kg","1","OCR failed. Command: tesseract /tmp/diml/pngs/d9bt26059fgg00e1b2kg/d9bt26059fgg00e1b2kg.0079.png /tmp/diml/ocr_results/d9bt26059fgg00e1b2kg/d9bt26059fgg00e1b2kg.0079 --oem 1 -l eng --psm 1 . Error: Error in pixCreateHeader: requested w = 36429, h = 60000, d = 8 Error in pixCreateHeader: requested by","NULL","2026-07-16 14:43:19.120","NULL","NULL"
"c83fbc16-8bcb-11ec-b1d4-00505681224b","s3://enverus-courthouse-prod-chd-plants/nm/lea/c83f/c83fbc16-8bcb-11ec-b1d4-00505681224b.pdf","d9bupshd6jhg0084vp2g","1","OCR failed. Command: tesseract /tmp/diml/pngs/d9bupshd6jhg0084vp2g/d9bupshd6jhg0084vp2g.0001.png /tmp/diml/ocr_results/d9bupshd6jhg0084vp2g/d9bupshd6jhg0084vp2g.0001 --oem 1 -l eng --psm 1 . Error: Error in pixCreateHeader: requested w = 36429, h = 60000, d = 8 Error in pixCreateHeader: requested by","NULL","2026-07-16 14:43:19.120","NULL","NULL"
"1b5eb16a-d733-11ec-a1e7-00505681224b","s3://enverus-courthouse-prod-chd-plants/nm/lea/1b5e/1b5eb16a-d733-11ec-a1e7-00505681224b.pdf","d9btoebdd4a000d56nng","1","OCR failed. Command: tesseract /tmp/diml/pngs/d9btoebdd4a000d56nng/d9btoebdd4a000d56nng.0023.png /tmp/diml/ocr_results/d9btoebdd4a000d56nng/d9btoebdd4a000d56nng.0023 --oem 1 -l eng --psm 1 . Error: Error in pixCreateHeader: requested w = 36429, h = 60000, d = 8 Error in pixCreateHeader: requested by","NULL","2026-07-16 14:43:19.120","NULL","NULL"
"17db2d4d-f80d-11eb-9ec7-00505681224b","s3://enverus-courthouse-prod-chd-plants/nm/eog_lea/17db/17db2d4d-f80d-11eb-9ec7-00505681224b.pdf","d9bt29g30skg00d6r5fg","1","OCR failed. Command: tesseract /tmp/diml/pngs/d9bt29g30skg00d6r5fg/d9bt29g30skg00d6r5fg.0003.png /tmp/diml/ocr_results/d9bt29g30skg00d6r5fg/d9bt29g30skg00d6r5fg.0003 --oem 1 -l eng --psm 1 . Error: Error in pixCreateHeader: requested w = 36429, h = 60000, d = 8 Error in pixCreateHeader: requested by","NULL","2026-07-16 14:43:19.120","NULL","NULL"
"d32c8750-bc7b-11ec-b79d-00505681224b","s3://enverus-courthouse-prod-chd-plants/nm/eog_lea/d32c/d32c8750-bc7b-11ec-b79d-00505681224b.pdf","d9btueo59fgg00e2crn0","1","OCR failed. Command: tesseract /tmp/diml/pngs/d9btueo59fgg00e2crn0/d9btueo59fgg00e2crn0.0001.png /tmp/diml/ocr_results/d9btueo59fgg00e2crn0/d9btueo59fgg00e2crn0.0001 --oem 1 -l eng --psm 1 . Error: Error in pixCreateHeader: requested w = 36429, h = 60000, d = 8 Error in pixCreateHeader: requested by","NULL","2026-07-16 14:43:19.120","NULL","NULL"
"447a821e-097f-11ed-9c05-00505681224b","s3://enverus-courthouse-prod-chd-plants/nm/lea/447a/447a821e-097f-11ed-9c05-00505681224b.pdf","d9bteoj6g7ig00fva8t0","1","OCR failed. Command: tesseract /tmp/diml/pngs/d9bteoj6g7ig00fva8t0/d9bteoj6g7ig00fva8t0.0004.png /tmp/diml/ocr_results/d9bteoj6g7ig00fva8t0/d9bteoj6g7ig00fva8t0.0004 --oem 1 -l eng --psm 1 . Error: Error in pixCreateHeader: requested w = 36429, h = 60000, d = 8 Error in pixCreateHeader: requested by","NULL","2026-07-16 14:43:19.120","NULL","NULL"
"1b36c99b-3df8-11ec-9c90-00505681224b","s3://enverus-courthouse-prod-chd-plants/nm/lea/1b36/1b36c99b-3df8-11ec-9c90-00505681224b.pdf","d9bucmvpfdig00fc106g","1","OCR failed. Command: tesseract /tmp/diml/pngs/d9bucmvpfdig00fc106g/d9bucmvpfdig00fc106g.0001.png /tmp/diml/ocr_results/d9bucmvpfdig00fc106g/d9bucmvpfdig00fc106g.0001 --oem 1 -l eng --psm 1 . Error: Error in pixCreateHeader: requested w = 36429, h = 60000, d = 8 Error in pixCreateHeader: requested by","NULL","2026-07-16 14:43:19.120","NULL","NULL"
"42a7fd96-0980-11ed-a851-00505681224b","s3://enverus-courthouse-prod-chd-plants/nm/lea/42a7/42a7fd96-0980-11ed-a851-00505681224b.pdf","d9btet1d6jhg008347s0","1","OCR failed. Command: tesseract /tmp/diml/pngs/d9btet1d6jhg008347s0/d9btet1d6jhg008347s0.0001.png /tmp/diml/ocr_results/d9btet1d6jhg008347s0/d9btet1d6jhg008347s0.0001 --oem 1 -l eng --psm 1 . Error: Error in pixCreateHeader: requested w = 36429, h = 60000, d = 8 Error in pixCreateHeader: requested by","NULL","2026-07-16 14:43:19.120","NULL","NULL"
"ca5b60a2-097e-11ed-a9b6-00505681224b","s3://enverus-courthouse-prod-chd-plants/nm/eog_lea/ca5b/ca5b60a2-097e-11ed-a9b6-00505681224b.pdf","d9btvanpfdig00fbclsg","1","OCR failed. Command: tesseract /tmp/diml/pngs/d9btvanpfdig00fbclsg/d9btvanpfdig00fbclsg.0001.png /tmp/diml/ocr_results/d9btvanpfdig00fbclsg/d9btvanpfdig00fbclsg.0001 --oem 1 -l eng --psm 1 . Error: Error in pixCreateHeader: requested w = 36429, h = 60000, d = 8 Error in pixCreateHeader: requested by","NULL","2026-07-16 14:43:19.120","NULL","NULL"
"e7e2204e-097f-11ed-9a55-00505681224b","s3://enverus-courthouse-prod-chd-plants/nm/lea/e7e2/e7e2204e-097f-11ed-9a55-00505681224b.pdf","d9bu2n15jqeg00e7in90","1","OCR failed. Command: tesseract /tmp/diml/pngs/d9bu2n15jqeg00e7in90/d9bu2n15jqeg00e7in90.0001.png /tmp/diml/ocr_results/d9bu2n15jqeg00e7in90/d9bu2n15jqeg00e7in90.0001 --oem 1 -l eng --psm 1 . Error: Error in pixCreateHeader: requested w = 36429, h = 60000, d = 8 Error in pixCreateHeader: requested by","NULL","2026-07-16 14:43:19.120","NULL","NULL"
"f59fba57-405b-11ec-a474-00505681224b","s3://enverus-courthouse-prod-chd-plants/nm/eog_lea/f59f/f59fba57-405b-11ec-a474-00505681224b.pdf","d9bufog59fgg00e362v0","1","OCR failed. Command: tesseract /tmp/diml/pngs/d9bufog59fgg00e362v0/d9bufog59fgg00e362v0.0001.png /tmp/diml/ocr_results/d9bufog59fgg00e362v0/d9bufog59fgg00e362v0.0001 --oem 1 -l eng --psm 1 . Error: Error in pixCreateHeader: requested w = 36429, h = 60000, d = 8 Error in pixCreateHeader: requested by","NULL","2026-07-16 14:43:19.120","NULL","NULL"
"d32cae54-bc7b-11ec-875c-00505681224b","s3://enverus-courthouse-prod-chd-plants/nm/eog_lea/d32c/d32cae54-bc7b-11ec-875c-00505681224b.pdf","d9buppnr761000dgvrqg","1","OCR failed. Command: tesseract /tmp/diml/pngs/d9buppnr761000dgvrqg/d9buppnr761000dgvrqg.0001.png /tmp/diml/ocr_results/d9buppnr761000dgvrqg/d9buppnr761000dgvrqg.0001 --oem 1 -l eng --psm 1 . Error: Error in pixCreateHeader: requested w = 36429, h = 60000, d = 8 Error in pixCreateHeader: requested by","NULL","2026-07-16 14:43:19.120","NULL","NULL"
"576b52f5-d733-11ec-b9ac-00505681224b","s3://enverus-courthouse-prod-chd-plants/nm/lea/576b/576b52f5-d733-11ec-b9ac-00505681224b.pdf","d9bssr3rgi8g00beii70","1","OCR failed. Command: tesseract /tmp/diml/pngs/d9bssr3rgi8g00beii70/d9bssr3rgi8g00beii70.0001.png /tmp/diml/ocr_results/d9bssr3rgi8g00beii70/d9bssr3rgi8g00beii70.0001 --oem 1 -l eng --psm 1 . Error: Error in pixCreateHeader: requested w = 36429, h = 60000, d = 8 Error in pixCreateHeader: requested by","NULL","2026-07-16 14:43:19.120","NULL","NULL"
"b5e1bbf3-d733-11ec-bd5b-00505681224b","s3://enverus-courthouse-prod-chd-plants/nm/eog_lea/b5e1/b5e1bbf3-d733-11ec-bd5b-00505681224b.pdf","d9bunfrdelo000dvo5r0","1","OCR failed. Command: tesseract /tmp/diml/pngs/d9bunfrdelo000dvo5r0/d9bunfrdelo000dvo5r0.0001.png /tmp/diml/ocr_results/d9bunfrdelo000dvo5r0/d9bunfrdelo000dvo5r0.0001 --oem 1 -l eng --psm 1 . Error: Error in pixCreateHeader: requested w = 36429, h = 60000, d = 8 Error in pixCreateHeader: requested by","NULL","2026-07-16 14:43:19.120","NULL","NULL"
"f5a0f2d6-405b-11ec-a3e9-00505681224b","s3://enverus-courthouse-prod-chd-plants/nm/eog_lea/f5a0/f5a0f2d6-405b-11ec-a3e9-00505681224b.pdf","d9buh5nr761000dgj460","1","OCR failed. Command: tesseract /tmp/diml/pngs/d9buh5nr761000dgj460/d9buh5nr761000dgj460.0002.png /tmp/diml/ocr_results/d9buh5nr761000dgj460/d9buh5nr761000dgj460.0002 --oem 1 -l eng --psm 1 . Error: Error in pixCreateHeader: requested w = 36429, h = 60000, d = 8 Error in pixCreateHeader: requested by","NULL","2026-07-16 14:43:19.120","NULL","NULL"
"f59ecfff-405b-11ec-83ac-00505681224b","s3://enverus-courthouse-prod-chd-plants/nm/eog_lea/f59e/f59ecfff-405b-11ec-83ac-00505681224b.pdf","d9bubf7r761000dgap0g","1","OCR failed. Command: tesseract /tmp/diml/pngs/d9bubf7r761000dgap0g/d9bubf7r761000dgap0g.0001.png /tmp/diml/ocr_results/d9bubf7r761000dgap0g/d9bubf7r761000dgap0g.0001 --oem 1 -l eng --psm 1 . Error: Error in pixCreateHeader: requested w = 36429, h = 60000, d = 8 Error in pixCreateHeader: requested by","NULL","2026-07-16 14:35:39.310","NULL","NULL"
"670b83c3-3f8a-11ec-be79-00505681224b","s3://enverus-courthouse-prod-chd-plants/nm/lea/670b/670b83c3-3f8a-11ec-be79-00505681224b.pdf","d9bubf4hn77000fb7g1g","1","OCR failed. Command: tesseract /tmp/diml/pngs/d9bubf4hn77000fb7g1g/d9bubf4hn77000fb7g1g.0001.png /tmp/diml/ocr_results/d9bubf4hn77000fb7g1g/d9bubf4hn77000fb7g1g.0001 --oem 1 -l eng --psm 1 . Error: Error in pixCreateHeader: requested w = 36429, h = 60000, d = 8 Error in pixCreateHeader: requested by","NULL","2026-07-16 14:35:39.310","NULL","NULL"
"4cd9c5bf-8bcc-11ec-a722-00505681224b","s3://enverus-courthouse-prod-chd-plants/nm/eog_lea/4cd9/4cd9c5bf-8bcc-11ec-a722-00505681224b.pdf","d9buonbs7m5g008a4gi0","1","OCR failed. Command: tesseract /tmp/diml/pngs/d9buonbs7m5g008a4gi0/d9buonbs7m5g008a4gi0.0001.png /tmp/diml/ocr_results/d9buonbs7m5g008a4gi0/d9buonbs7m5g008a4gi0.0001 --oem 1 -l eng --psm 1 . Error: Error in pixCreateHeader: requested w = 36429, h = 60000, d = 8 Error in pixCreateHeader: requested by","NULL","2026-07-16 14:35:39.310","NULL","NULL"
"5a9084cd-6226-11ec-96b5-00505681224b","s3://enverus-courthouse-prod-chd-plants/nm/eog_lea/5a90/5a9084cd-6226-11ec-96b5-00505681224b.pdf","d9bu8jjs7m5g0089chgg","1","OCR failed. Command: tesseract /tmp/diml/pngs/d9bu8jjs7m5g0089chgg/d9bu8jjs7m5g0089chgg.0001.png /tmp/diml/ocr_results/d9bu8jjs7m5g0089chgg/d9bu8jjs7m5g0089chgg.0001 --oem 1 -l eng --psm 1 . Error: Error in pixCreateHeader: requested w = 36429, h = 60000, d = 8 Error in pixCreateHeader: requested by","NULL","2026-07-16 14:35:39.310","NULL","NULL"
"3862b056-3fba-11eb-82d6-00505681224b","s3://enverus-courthouse-prod-chd-plants/nm/eog_lea/3862/3862b056-3fba-11eb-82d6-00505681224b.pdf","d9bt7nchn77000f9ns6g","1","OCR failed. Command: tesseract /tmp/diml/pngs/d9bt7nchn77000f9ns6g/d9bt7nchn77000f9ns6g.0011.png /tmp/diml/ocr_results/d9bt7nchn77000f9ns6g/d9bt7nchn77000f9ns6g.0011 --oem 1 -l eng --psm 1 . Error: Error in pixCreateHeader: requested w = 36429, h = 60000, d = 8 Error in pixCreateHeader: requested by","NULL","2026-07-16 14:35:39.310","NULL","NULL"
"ca5b87c5-097e-11ed-81e5-00505681224b","s3://enverus-courthouse-prod-chd-plants/nm/eog_lea/ca5b/ca5b87c5-097e-11ed-81e5-00505681224b.pdf","d9bu8f22oub000e2r2vg","1","OCR failed. Command: tesseract /tmp/diml/pngs/d9bu8f22oub000e2r2vg/d9bu8f22oub000e2r2vg.0002.png /tmp/diml/ocr_results/d9bu8f22oub000e2r2vg/d9bu8f22oub000e2r2vg.0002 --oem 1 -l eng --psm 1 . Error: Error in pixCreateHeader: requested w = 36429, h = 60000, d = 8 Error in pixCreateHeader: requested by","NULL","2026-07-16 14:35:39.310","NULL","NULL"
"670ae75d-3f8a-11ec-baba-00505681224b","s3://enverus-courthouse-prod-chd-plants/nm/lea/670a/670ae75d-3f8a-11ec-baba-00505681224b.pdf","d9bu8g1b0h1g00d196f0","1","OCR failed. Command: tesseract /tmp/diml/pngs/d9bu8g1b0h1g00d196f0/d9bu8g1b0h1g00d196f0.0001.png /tmp/diml/ocr_results/d9bu8g1b0h1g00d196f0/d9bu8g1b0h1g00d196f0.0001 --oem 1 -l eng --psm 1 . Error: Error in pixCreateHeader: requested w = 36429, h = 60000, d = 8 Error in pixCreateHeader: requested by","NULL","2026-07-16 14:35:39.310","NULL","NULL"
"576b2bd3-d733-11ec-a364-00505681224b","s3://enverus-courthouse-prod-chd-plants/nm/lea/576b/576b2bd3-d733-11ec-a364-00505681224b.pdf","d9bsrffpfcq000feeqqg","1","OCR failed. Command: tesseract /tmp/diml/pngs/d9bsrffpfcq000feeqqg/d9bsrffpfcq000feeqqg.0001.png /tmp/diml/ocr_results/d9bsrffpfcq000feeqqg/d9bsrffpfcq000feeqqg.0001 --oem 1 -l eng --psm 1 . Error: Error in pixCreateHeader: requested w = 36429, h = 60000, d = 8 Error in pixCreateHeader: requested by","NULL","2026-07-16 14:35:39.310","NULL","NULL"
"670bd1d1-3f8a-11ec-a35f-00505681224b","s3://enverus-courthouse-prod-chd-plants/nm/lea/670b/670bd1d1-3f8a-11ec-a35f-00505681224b.pdf","d9btembk4o900088il00","1","OCR failed. Command: tesseract /tmp/diml/pngs/d9btembk4o900088il00/d9btembk4o900088il00.0001.png /tmp/diml/ocr_results/d9btembk4o900088il00/d9btembk4o900088il00.0001 --oem 1 -l eng --psm 1 . Error: Error in pixCreateHeader: requested w = 36429, h = 60000, d = 8 Error in pixCreateHeader: requested by","NULL","2026-07-16 14:35:39.310","NULL","NULL"
"670bf8c6-3f8a-11ec-b564-00505681224b","s3://enverus-courthouse-prod-chd-plants/nm/lea/670b/670bf8c6-3f8a-11ec-b564-00505681224b.pdf","d9btqlp5jqeg00e77ro0","1","OCR failed. Command: tesseract /tmp/diml/pngs/d9btqlp5jqeg00e77ro0/d9btqlp5jqeg00e77ro0.0001.png /tmp/diml/ocr_results/d9btqlp5jqeg00e77ro0/d9btqlp5jqeg00e77ro0.0001 --oem 1 -l eng --psm 1 . Error: Error in pixCreateHeader: requested w = 36429, h = 60000, d = 8 Error in pixCreateHeader: requested by","NULL","2026-07-16 14:35:39.310","NULL","NULL"
"670bd1e2-3f8a-11ec-ac28-00505681224b","s3://enverus-courthouse-prod-chd-plants/nm/lea/670b/670bd1e2-3f8a-11ec-ac28-00505681224b.pdf","d9bsrafr761000deevvg","1","OCR failed. Command: tesseract /tmp/diml/pngs/d9bsrafr761000deevvg/d9bsrafr761000deevvg.0001.png /tmp/diml/ocr_results/d9bsrafr761000deevvg/d9bsrafr761000deevvg.0001 --oem 1 -l eng --psm 1 . Error: Error in pixCreateHeader: requested w = 36429, h = 60000, d = 8 Error in pixCreateHeader: requested by","NULL","2026-07-16 14:35:39.310","NULL","NULL"
"bc0a9a31-42b7-11ec-aebb-00505681224b","s3://enverus-courthouse-prod-chd-plants/nm/eog_lea/bc0a/bc0a9a31-42b7-11ec-aebb-00505681224b.pdf","d9btqmshn77000fafe30","1","OCR failed. Command: tesseract /tmp/diml/pngs/d9btqmshn77000fafe30/d9btqmshn77000fafe30.0001.png /tmp/diml/ocr_results/d9btqmshn77000fafe30/d9btqmshn77000fafe30.0001 --oem 1 -l eng --psm 1 . Error: Error in pixCreateHeader: requested w = 36429, h = 60000, d = 8 Error in pixCreateHeader: requested by","NULL","2026-07-16 14:35:39.310","NULL","NULL"
"f59fba7a-405b-11ec-9487-00505681224b","s3://enverus-courthouse-prod-chd-plants/nm/eog_lea/f59f/f59fba7a-405b-11ec-9487-00505681224b.pdf","d9bt0l99ha2000c5m700","1","OCR failed. Command: tesseract /tmp/diml/pngs/d9bt0l99ha2000c5m700/d9bt0l99ha2000c5m700.0001.png /tmp/diml/ocr_results/d9bt0l99ha2000c5m700/d9bt0l99ha2000c5m700.0001 --oem 1 -l eng --psm 1 . Error: Error in pixCreateHeader: requested w = 36429, h = 60000, d = 8 Error in pixCreateHeader: requested by","NULL","2026-07-16 14:35:39.310","NULL","NULL"
"4719a904-d733-11ec-a3dd-00505681224b","s3://enverus-courthouse-prod-chd-plants/nm/lea/4719/4719a904-d733-11ec-a3dd-00505681224b.pdf","d9bua63te9l000f8ri0g","1","OCR failed. Command: tesseract /tmp/diml/pngs/d9bua63te9l000f8ri0g/d9bua63te9l000f8ri0g.0001.png /tmp/diml/ocr_results/d9bua63te9l000f8ri0g/d9bua63te9l000f8ri0g.0001 --oem 1 -l eng --psm 1 . Error: Error in pixCreateHeader: requested w = 36429, h = 60000, d = 8 Error in pixCreateHeader: requested by","NULL","2026-07-16 14:35:39.310","NULL","NULL"
"4cd92989-8bcc-11ec-acad-00505681224b","s3://enverus-courthouse-prod-chd-plants/nm/eog_lea/4cd9/4cd92989-8bcc-11ec-acad-00505681224b.pdf","d9buq015jqeg00e8ldqg","1","OCR failed. Command: tesseract /tmp/diml/pngs/d9buq015jqeg00e8ldqg/d9buq015jqeg00e8ldqg.0006.png /tmp/diml/ocr_results/d9buq015jqeg00e8ldqg/d9buq015jqeg00e8ldqg.0006 --oem 1 -l eng --psm 1 . Error: Error in pixCreateHeader: requested w = 36429, h = 60000, d = 8 Error in pixCreateHeader: requested by","NULL","2026-07-16 14:35:39.310","NULL","NULL"
"0655f040-d733-11ec-89cc-00505681224b","s3://enverus-courthouse-prod-chd-plants/nm/lea/0655/0655f040-d733-11ec-89cc-00505681224b.pdf","d9buohhkf4s000f897c0","1","OCR failed. Command: tesseract /tmp/diml/pngs/d9buohhkf4s000f897c0/d9buohhkf4s000f897c0.0001.png /tmp/diml/ocr_results/d9buohhkf4s000f897c0/d9buohhkf4s000f897c0.0001 --oem 1 -l eng --psm 1 . Error: Error in pixCreateHeader: requested w = 36429, h = 60000, d = 8 Error in pixCreateHeader: requested by","NULL","2026-07-16 14:35:39.310","NULL","NULL"
"bc08774d-42b7-11ec-b971-00505681224b","s3://enverus-courthouse-prod-chd-plants/nm/eog_lea/bc08/bc08774d-42b7-11ec-b971-00505681224b.pdf","d9bt9omicpjg00dbgpr0","1","OCR failed. Command: tesseract /tmp/diml/pngs/d9bt9omicpjg00dbgpr0/d9bt9omicpjg00dbgpr0.0001.png /tmp/diml/ocr_results/d9bt9omicpjg00dbgpr0/d9bt9omicpjg00dbgpr0.0001 --oem 1 -l eng --psm 1 . Error: Error in pixCreateHeader: requested w = 36429, h = 60000, d = 8 Error in pixCreateHeader: requested by","NULL","2026-07-16 14:35:39.310","NULL","NULL"
"b5e1e304-d733-11ec-8813-00505681224b","s3://enverus-courthouse-prod-chd-plants/nm/eog_lea/b5e1/b5e1e304-d733-11ec-8813-00505681224b.pdf","d9bthtg30skg00d7ctq0","1","OCR failed. Command: tesseract /tmp/diml/pngs/d9bthtg30skg00d7ctq0/d9bthtg30skg00d7ctq0.0001.png /tmp/diml/ocr_results/d9bthtg30skg00d7ctq0/d9bthtg30skg00d7ctq0.0001 --oem 1 -l eng --psm 1 . Error: Error in pixCreateHeader: requested w = 36429, h = 60000, d = 8 Error in pixCreateHeader: requested by","NULL","2026-07-16 14:35:39.310","NULL","NULL"
"2723c185-0980-11ed-9788-00505681224b","s3://enverus-courthouse-prod-chd-plants/nm/lea/2723/2723c185-0980-11ed-9788-00505681224b.pdf","d9buf7cogvn0009bsdfg","1","OCR failed. Command: tesseract /tmp/diml/pngs/d9buf7cogvn0009bsdfg/d9buf7cogvn0009bsdfg.0008.png /tmp/diml/ocr_results/d9buf7cogvn0009bsdfg/d9buf7cogvn0009bsdfg.0008 --oem 1 -l eng --psm 1 . Error: Error in pixCreateHeader: requested w = 36429, h = 60000, d = 8 Error in pixCreateHeader: requested by","NULL","2026-07-16 14:35:39.310","NULL","NULL"
"576b2bc8-d733-11ec-9a5e-00505681224b","s3://enverus-courthouse-prod-chd-plants/nm/lea/576b/576b2bc8-d733-11ec-9a5e-00505681224b.pdf","d9bt88gisvug00fsqqa0","1","OCR failed. Command: tesseract /tmp/diml/pngs/d9bt88gisvug00fsqqa0/d9bt88gisvug00fsqqa0.0001.png /tmp/diml/ocr_results/d9bt88gisvug00fsqqa0/d9bt88gisvug00fsqqa0.0001 --oem 1 -l eng --psm 1 . Error: Error in pixCreateHeader: requested w = 36429, h = 60000, d = 8 Error in pixCreateHeader: requested by","NULL","2026-07-16 14:35:39.310","NULL","NULL"
"bc08c57a-42b7-11ec-ade9-00505681224b","s3://enverus-courthouse-prod-chd-plants/nm/eog_lea/bc08/bc08c57a-42b7-11ec-ade9-00505681224b.pdf","d9bt9l859fgg00e1jesg","1","OCR failed. Command: tesseract /tmp/diml/pngs/d9bt9l859fgg00e1jesg/d9bt9l859fgg00e1jesg.0001.png /tmp/diml/ocr_results/d9bt9l859fgg00e1jesg/d9bt9l859fgg00e1jesg.0001 --oem 1 -l eng --psm 1 . Error: Error in pixCreateHeader: requested w = 36429, h = 60000, d = 8 Error in pixCreateHeader: requested by","NULL","2026-07-16 14:30:30.823","NULL","NULL"
"30d5406f-ec4c-11eb-89c7-00505681224b","s3://enverus-courthouse-prod-chd-plants/nm/eog_lea/30d5/30d5406f-ec4c-11eb-89c7-00505681224b.pdf","d9btvk9kf4s000f74aq0","1","OCR failed. Command: tesseract /tmp/diml/pngs/d9btvk9kf4s000f74aq0/d9btvk9kf4s000f74aq0.0004.png /tmp/diml/ocr_results/d9btvk9kf4s000f74aq0/d9btvk9kf4s000f74aq0.0004 --oem 1 -l eng --psm 1 . Error: Error in pixCreateHeader: requested w = 36429, h = 60000, d = 8 Error in pixCreateHeader: requested by","NULL","2026-07-16 14:30:30.823","NULL","NULL"
"30d45613-ec4c-11eb-a5f2-00505681224b","s3://enverus-courthouse-prod-chd-plants/nm/eog_lea/30d4/30d45613-ec4c-11eb-a5f2-00505681224b.pdf","d9btdjo59fgg00e1nu3g","1","OCR failed. Command: tesseract /tmp/diml/pngs/d9btdjo59fgg00e1nu3g/d9btdjo59fgg00e1nu3g.0007.png /tmp/diml/ocr_results/d9btdjo59fgg00e1nu3g/d9btdjo59fgg00e1nu3g.0007 --oem 1 -l eng --psm 1 . Error: Error in pixCreateHeader: requested w = 36429, h = 60000, d = 8 Error in pixCreateHeader: requested by","NULL","2026-07-16 14:30:30.823","NULL","NULL"
"ca5bfcfe-097e-11ed-a40f-00505681224b","s3://enverus-courthouse-prod-chd-plants/nm/eog_lea/ca5b/ca5bfcfe-097e-11ed-a40f-00505681224b.pdf","d9bthm1kf4s000f6i9k0","1","OCR failed. Command: tesseract /tmp/diml/pngs/d9bthm1kf4s000f6i9k0/d9bthm1kf4s000f6i9k0.0004.png /tmp/diml/ocr_results/d9bthm1kf4s000f6i9k0/d9bthm1kf4s000f6i9k0.0004 --oem 1 -l eng --psm 1 . Error: Error in pixCreateHeader: requested w = 36429, h = 60000, d = 8 Error in pixCreateHeader: requested by","NULL","2026-07-16 14:30:30.823","NULL","NULL"
"aec4c691-a5b1-11ec-8181-00505681224b","s3://enverus-courthouse-prod-chd-plants/nm/lea/aec4/aec4c691-a5b1-11ec-8181-00505681224b.pdf","d9btehfr761000df3no0","1","OCR failed. Command: tesseract /tmp/diml/pngs/d9btehfr761000df3no0/d9btehfr761000df3no0.0001.png /tmp/diml/ocr_results/d9btehfr761000df3no0/d9btehfr761000df3no0.0001 --oem 1 -l eng --psm 1 . Error: Error in pixCreateHeader: requested w = 36429, h = 60000, d = 8 Error in pixCreateHeader: requested by","NULL","2026-07-16 14:30:30.823","NULL","NULL"
"4b6bbca4-b95a-4a4e-a326-2d99b7fda392","s3://enverus-courthouse-prod-chd-plants/tx/montgomery/4b6b/4b6bbca4-b95a-4a4e-a326-2d99b7fda392.pdf","b9el8qrl40h01emura7g","1","No pdf could be downloaded, error=s3://di-diml-platinum-prod/b9el8qrl40h01emura7g/b9el8qrl40h01emura8g/2017115759.pdf: Could not connect to the endpoint URL: ""https://di-diml-platinum-prod.s3.amazonaws.com/b9el8qrl40h01emura7g/b9el8qrl40h01emura8g/2017115759.pdf""","NULL","2026-07-16 14:30:30.823","2026-07-16 18:58:53.170","NULL"
"8c642000-bc7b-11ec-8219-00505681224b","s3://enverus-courthouse-prod-chd-plants/nm/lea/8c64/8c642000-bc7b-11ec-8219-00505681224b.pdf","d9btgl059fgg00e1rmj0","1","OCR failed. Command: tesseract /tmp/diml/pngs/d9btgl059fgg00e1rmj0/d9btgl059fgg00e1rmj0.0009.png /tmp/diml/ocr_results/d9btgl059fgg00e1rmj0/d9btgl059fgg00e1rmj0.0009 --oem 1 -l eng --psm 1 . Error: Error in pixCreateHeader: requested w = 36429, h = 60000, d = 8 Error in pixCreateHeader: requested by","NULL","2026-07-16 14:30:30.823","NULL","NULL"
"576b04c1-d733-11ec-bd60-00505681224b","s3://enverus-courthouse-prod-chd-plants/nm/lea/576b/576b04c1-d733-11ec-bd60-00505681224b.pdf","d9btaojte9l000f7i1eg","1","OCR failed. Command: tesseract /tmp/diml/pngs/d9btaojte9l000f7i1eg/d9btaojte9l000f7i1eg.0001.png /tmp/diml/ocr_results/d9btaojte9l000f7i1eg/d9btaojte9l000f7i1eg.0001 --oem 1 -l eng --psm 1 . Error: Error in pixCreateHeader: requested w = 36429, h = 60000, d = 8 Error in pixCreateHeader: requested by","NULL","2026-07-16 14:30:30.823","NULL","NULL"
"bfc68b4e-097f-11ed-9256-00505681224b","s3://enverus-courthouse-prod-chd-plants/nm/lea/bfc6/bfc68b4e-097f-11ed-9256-00505681224b.pdf","d9btaqs1kr4g008dh63g","1","OCR failed. Command: tesseract /tmp/diml/pngs/d9btaqs1kr4g008dh63g/d9btaqs1kr4g008dh63g.0004.png /tmp/diml/ocr_results/d9btaqs1kr4g008dh63g/d9btaqs1kr4g008dh63g.0004 --oem 1 -l eng --psm 1 . Error: Error in pixCreateHeader: requested w = 36429, h = 60000, d = 8 Error in pixCreateHeader: requested by","NULL","2026-07-16 14:30:30.823","NULL","NULL"
"8a0188e2-ed10-43ef-acf4-994a659187e4","s3://enverus-courthouse-prod-chd-plants/tx/eog_atascosa/8a01/8a0188e2-ed10-43ef-acf4-994a659187e4.pdf","baogoi3reesg1ff79g6g","1","No pdf could be downloaded, error=s3://di-diml-platinum-prod/baogoi3reesg1ff79g6g/baogoi3reesg1ff79g80/185209.pdf: Could not connect to the endpoint URL: ""https://sts.us-east-1.amazonaws.com/""","NULL","2026-07-16 14:30:30.823","2026-07-16 20:42:45.183","NULL"
"447ad04d-097f-11ed-bbec-00505681224b","s3://enverus-courthouse-prod-chd-plants/nm/lea/447a/447ad04d-097f-11ed-bbec-00505681224b.pdf","d9bubd36g7ig0080h1qg","1","OCR failed. Command: tesseract /tmp/diml/pngs/d9bubd36g7ig0080h1qg/d9bubd36g7ig0080h1qg.0001.png /tmp/diml/ocr_results/d9bubd36g7ig0080h1qg/d9bubd36g7ig0080h1qg.0001 --oem 1 -l eng --psm 1 . Error: Error in pixCreateHeader: requested w = 36429, h = 60000, d = 8 Error in pixCreateHeader: requested by","NULL","2026-07-16 14:30:30.823","NULL","NULL"
"bd27fa7d-bc7b-11ec-8023-00505681224b","s3://enverus-courthouse-prod-chd-plants/nm/lea/bd27/bd27fa7d-bc7b-11ec-8023-00505681224b.pdf","d9btb5o59fgg00e1l9i0","1","OCR failed. Command: tesseract /tmp/diml/pngs/d9btb5o59fgg00e1l9i0/d9btb5o59fgg00e1l9i0.0002.png /tmp/diml/ocr_results/d9btb5o59fgg00e1l9i0/d9btb5o59fgg00e1l9i0.0002 --oem 1 -l eng --psm 1 . Error: Error in pixCreateHeader: requested w = 36429, h = 60000, d = 8 Error in pixCreateHeader: requested by","NULL","2026-07-16 14:30:30.823","NULL","NULL"
"a3f3205e-d733-11ec-a1dd-00505681224b","s3://enverus-courthouse-prod-chd-plants/nm/eog_lea/a3f3/a3f3205e-d733-11ec-a1dd-00505681224b.pdf","d9buevc1kr4g008f1ob0","1","OCR failed. Command: tesseract /tmp/diml/pngs/d9buevc1kr4g008f1ob0/d9buevc1kr4g008f1ob0.0003.png /tmp/diml/ocr_results/d9buevc1kr4g008f1ob0/d9buevc1kr4g008f1ob0.0003 --oem 1 -l eng --psm 1 . Error: Error in pixCreateHeader: requested w = 36429, h = 60000, d = 8 Error in pixCreateHeader: requested by","NULL","2026-07-16 14:30:30.823","NULL","NULL"
"64bbab44-f812-11eb-9c20-00505681224b","s3://enverus-courthouse-prod-chd-plants/nm/lea/64bb/64bbab44-f812-11eb-9c20-00505681224b.pdf","d9buev15jqeg00e84q50","1","OCR failed. Command: tesseract /tmp/diml/pngs/d9buev15jqeg00e84q50/d9buev15jqeg00e84q50.0001.png /tmp/diml/ocr_results/d9buev15jqeg00e84q50/d9buev15jqeg00e84q50.0001 --oem 1 -l eng --psm 1 . Error: Error in pixCreateHeader: requested w = 36429, h = 60000, d = 8 Error in pixCreateHeader: requested by","NULL","2026-07-16 14:30:30.823","NULL","NULL"
"576b79e4-d733-11ec-bfbd-00505681224b","s3://enverus-courthouse-prod-chd-plants/nm/lea/576b/576b79e4-d733-11ec-bfbd-00505681224b.pdf","d9btj53rgi8g00bfbt7g","1","OCR failed. Command: tesseract /tmp/diml/pngs/d9btj53rgi8g00bfbt7g/d9btj53rgi8g00bfbt7g.0001.png /tmp/diml/ocr_results/d9btj53rgi8g00bfbt7g/d9btj53rgi8g00bfbt7g.0001 --oem 1 -l eng --psm 1 . Error: Error in pixCreateHeader: requested w = 36429, h = 60000, d = 8 Error in pixCreateHeader: requested by","NULL","2026-07-16 14:30:30.823","NULL","NULL"
"06561741-d733-11ec-9292-00505681224b","s3://enverus-courthouse-prod-chd-plants/nm/lea/0656/06561741-d733-11ec-9292-00505681224b.pdf","d9btvnc1kr4g008ebhr0","1","OCR failed. Command: tesseract /tmp/diml/pngs/d9btvnc1kr4g008ebhr0/d9btvnc1kr4g008ebhr0.0001.png /tmp/diml/ocr_results/d9btvnc1kr4g008ebhr0/d9btvnc1kr4g008ebhr0.0001 --oem 1 -l eng --psm 1 . Error: Error in pixCreateHeader: requested w = 36429, h = 60000, d = 8 Error in pixCreateHeader: requested by","NULL","2026-07-16 14:30:30.823","NULL","NULL"
"17db5448-f80d-11eb-ba77-00505681224b","s3://enverus-courthouse-prod-chd-plants/nm/eog_lea/17db/17db5448-f80d-11eb-ba77-00505681224b.pdf","d9bubk4ogvn0009bn4qg","1","OCR failed. Command: tesseract /tmp/diml/pngs/d9bubk4ogvn0009bn4qg/d9bubk4ogvn0009bn4qg.0001.png /tmp/diml/ocr_results/d9bubk4ogvn0009bn4qg/d9bubk4ogvn0009bn4qg.0001 --oem 1 -l eng --psm 1 . Error: Error in pixCreateHeader: requested w = 36429, h = 60000, d = 8 Error in pixCreateHeader: requested by","NULL","2026-07-16 14:30:30.823","NULL","NULL"
"67e5f710-097f-11ed-adce-00505681224b","s3://enverus-courthouse-prod-chd-plants/nm/lea/67e5/67e5f710-097f-11ed-adce-00505681224b.pdf","d9buerphd6mg00bnkom0","1","OCR failed. Command: tesseract /tmp/diml/pngs/d9buerphd6mg00bnkom0/d9buerphd6mg00bnkom0.0001.png /tmp/diml/ocr_results/d9buerphd6mg00bnkom0/d9buerphd6mg00bnkom0.0001 --oem 1 -l eng --psm 1 . Error: Error in pixCreateHeader: requested w = 36429, h = 60000, d = 8 Error in pixCreateHeader: requested by","NULL","2026-07-16 14:30:30.823","NULL","NULL"
"bc093aaf-42b7-11ec-a306-00505681224b","s3://enverus-courthouse-prod-chd-plants/nm/eog_lea/bc09/bc093aaf-42b7-11ec-a306-00505681224b.pdf","d9buqmuicpjg00ddj8v0","1","OCR failed. Command: tesseract /tmp/diml/pngs/d9buqmuicpjg00ddj8v0/d9buqmuicpjg00ddj8v0.0001.png /tmp/diml/ocr_results/d9buqmuicpjg00ddj8v0/d9buqmuicpjg00ddj8v0.0001 --oem 1 -l eng --psm 1 . Error: Error in pixCreateHeader: requested w = 36429, h = 60000, d = 8 Error in pixCreateHeader: requested by","NULL","2026-07-16 14:30:30.823","NULL","NULL"
"ca5bfd02-097e-11ed-8277-00505681224b","s3://enverus-courthouse-prod-chd-plants/nm/eog_lea/ca5b/ca5bfd02-097e-11ed-8277-00505681224b.pdf","d9buepmicpjg00dd1fd0","1","OCR failed. Command: tesseract /tmp/diml/pngs/d9buepmicpjg00dd1fd0/d9buepmicpjg00dd1fd0.0001.png /tmp/diml/ocr_results/d9buepmicpjg00dd1fd0/d9buepmicpjg00dd1fd0.0001 --oem 1 -l eng --psm 1 . Error: Error in pixCreateHeader: requested w = 36429, h = 60000, d = 8 Error in pixCreateHeader: requested by","NULL","2026-07-16 14:30:30.823","NULL","NULL"
"5f70c814-fd81-4dff-8107-16d78373a879","s3://enverus-courthouse-prod-chd-plants/tx/colorado/5f70/5f70c814-fd81-4dff-8107-16d78373a879.pdf","ba87i62vki7g1fumhle0","1","No pdf could be downloaded, error=s3://di-diml-platinum-prod/ba87i62vki7g1fumhle0/ba87i62vki7g1fumhlf0/17 5573.pdf: Could not connect to the endpoint URL: ""https://di-diml-platinum-prod.s3.amazonaws.com/ba87i62vki7g1fumhle0/ba87i62vki7g1fumhlf0/17%205573.pdf""","NULL","2026-07-16 14:30:30.823","2026-07-16 20:10:25.123","NULL"
"67b9997b-3f8a-11ec-80cb-00505681224b","s3://enverus-courthouse-prod-chd-plants/nm/eog_lea/67b9/67b9997b-3f8a-11ec-80cb-00505681224b.pdf","d9bssuo30skg00d6latg","1","OCR failed. Command: tesseract /tmp/diml/pngs/d9bssuo30skg00d6latg/d9bssuo30skg00d6latg.0001.png /tmp/diml/ocr_results/d9bssuo30skg00d6latg/d9bssuo30skg00d6latg.0001 --oem 1 -l eng --psm 1 . Error: Error in pixCreateHeader: requested w = 36429, h = 60000, d = 8 Error in pixCreateHeader: requested by","NULL","2026-07-16 14:30:30.823","NULL","NULL"
"e7e24758-097f-11ed-9327-00505681224b","s3://enverus-courthouse-prod-chd-plants/nm/lea/e7e2/e7e24758-097f-11ed-9327-00505681224b.pdf","d9btpk3te9l000f84i9g","1","OCR failed. Command: tesseract /tmp/diml/pngs/d9btpk3te9l000f84i9g/d9btpk3te9l000f84i9g.0007.png /tmp/diml/ocr_results/d9btpk3te9l000f84i9g/d9btpk3te9l000f84i9g.0007 --oem 1 -l eng --psm 1 . Error: Error in pixCreateHeader: requested w = 36429, h = 60000, d = 8 Error in pixCreateHeader: requested by","NULL","2026-07-16 14:30:30.823","NULL","NULL"
"f59fe176-405b-11ec-9ea3-00505681224b","s3://enverus-courthouse-prod-chd-plants/nm/eog_lea/f59f/f59fe176-405b-11ec-9ea3-00505681224b.pdf","d9btpjnr2ffg00e03fl0","1","OCR failed. Command: tesseract /tmp/diml/pngs/d9btpjnr2ffg00e03fl0/d9btpjnr2ffg00e03fl0.0003.png /tmp/diml/ocr_results/d9btpjnr2ffg00e03fl0/d9btpjnr2ffg00e03fl0.0003 --oem 1 -l eng --psm 1 . Error: Error in pixCreateHeader: requested w = 36429, h = 60000, d = 8 Error in pixCreateHeader: requested by","NULL","2026-07-16 14:30:30.823","NULL","NULL"
"1b5dc706-d733-11ec-a2ce-00505681224b","s3://enverus-courthouse-prod-chd-plants/nm/lea/1b5d/1b5dc706-d733-11ec-a2ce-00505681224b.pdf","d9buh1030skg00d8nkf0","1","OCR failed. Command: tesseract /tmp/diml/pngs/d9buh1030skg00d8nkf0/d9buh1030skg00d8nkf0.0001.png /tmp/diml/ocr_results/d9buh1030skg00d8nkf0/d9buh1030skg00d8nkf0.0001 --oem 1 -l eng --psm 1 . Error: Error in pixCreateHeader: requested w = 36429, h = 60000, d = 8 Error in pixCreateHeader: requested by","NULL","2026-07-16 14:30:30.823","NULL","NULL"
"aec4c677-a5b1-11ec-8805-00505681224b","s3://enverus-courthouse-prod-chd-plants/nm/lea/aec4/aec4c677-a5b1-11ec-8805-00505681224b.pdf","d9bt0k4flnl000dj3cpg","1","OCR failed. Command: tesseract /tmp/diml/pngs/d9bt0k4flnl000dj3cpg/d9bt0k4flnl000dj3cpg.0001.png /tmp/diml/ocr_results/d9bt0k4flnl000dj3cpg/d9bt0k4flnl000dj3cpg.0001 --oem 1 -l eng --psm 1 . Error: Error in pixCreateHeader: requested w = 36429, h = 60000, d = 8 Error in pixCreateHeader: requested by","NULL","2026-07-16 14:30:30.823","NULL","NULL"
"47190c9e-d733-11ec-8f52-00505681224b","s3://enverus-courthouse-prod-chd-plants/nm/lea/4719/47190c9e-d733-11ec-8f52-00505681224b.pdf","d9bto6r1f5dg00bdos90","1","OCR failed. Command: tesseract /tmp/diml/pngs/d9bto6r1f5dg00bdos90/d9bto6r1f5dg00bdos90.0001.png /tmp/diml/ocr_results/d9bto6r1f5dg00bdos90/d9bto6r1f5dg00bdos90.0001 --oem 1 -l eng --psm 1 . Error: Error in pixCreateHeader: requested w = 36429, h = 60000, d = 8 Error in pixCreateHeader: requested by","NULL","2026-07-16 14:30:30.823","NULL","NULL"
"a3f36e93-d733-11ec-bdc4-00505681224b","s3://enverus-courthouse-prod-chd-plants/nm/eog_lea/a3f3/a3f36e93-d733-11ec-bdc4-00505681224b.pdf","d9bts4rte9l000f87q1g","1","OCR failed. Command: tesseract /tmp/diml/pngs/d9bts4rte9l000f87q1g/d9bts4rte9l000f87q1g.0001.png /tmp/diml/ocr_results/d9bts4rte9l000f87q1g/d9bts4rte9l000f87q1g.0001 --oem 1 -l eng --psm 1 . Error: Error in pixCreateHeader: requested w = 36429, h = 60000, d = 8 Error in pixCreateHeader: requested by","NULL","2026-07-16 14:30:30.823","NULL","NULL"
"b5e1e313-d733-11ec-ad89-00505681224b","s3://enverus-courthouse-prod-chd-plants/nm/eog_lea/b5e1/b5e1e313-d733-11ec-ad89-00505681224b.pdf","d9bu51fr2ffg00e0j23g","1","OCR failed. Command: tesseract /tmp/diml/pngs/d9bu51fr2ffg00e0j23g/d9bu51fr2ffg00e0j23g.0001.png /tmp/diml/ocr_results/d9bu51fr2ffg00e0j23g/d9bu51fr2ffg00e0j23g.0001 --oem 1 -l eng --psm 1 . Error: Error in pixCreateHeader: requested w = 36429, h = 60000, d = 8 Error in pixCreateHeader: requested by","NULL","2026-07-16 14:30:30.823","NULL","NULL"
"d810e9f4-d453-11e9-ad41-00505681224b","s3://enverus-courthouse-prod-chd-plants/oh/carroll/d810/d810e9f4-d453-11e9-ad41-00505681224b.pdf","d9bu54jdd4a000d5nscg","1","OCR failed. Command: tesseract /tmp/diml/pngs/d9bu54jdd4a000d5nscg/d9bu54jdd4a000d5nscg.0001.png /tmp/diml/ocr_results/d9bu54jdd4a000d5nscg/d9bu54jdd4a000d5nscg.0001 --oem 1 -l eng --psm 1 . Error: Image too large: (21250, 35000) Error during processing. ","NULL","2026-07-16 14:30:30.823","NULL","NULL"
"4cd92988-8bcc-11ec-b898-00505681224b","s3://enverus-courthouse-prod-chd-plants/nm/eog_lea/4cd9/4cd92988-8bcc-11ec-b898-00505681224b.pdf","d9bsphjdd4a000d43ei0","1","OCR failed. Command: tesseract /tmp/diml/pngs/d9bsphjdd4a000d43ei0/d9bsphjdd4a000d43ei0.0005.png /tmp/diml/ocr_results/d9bsphjdd4a000d43ei0/d9bsphjdd4a000d43ei0.0005 --oem 1 -l eng --psm 1 . Error: Error in pixCreateHeader: requested w = 36429, h = 60000, d = 8 Error in pixCreateHeader: requested by","NULL","2026-07-16 14:30:30.823","NULL","NULL"
"8c650a6b-bc7b-11ec-af2e-00505681224b","s3://enverus-courthouse-prod-chd-plants/nm/lea/8c65/8c650a6b-bc7b-11ec-af2e-00505681224b.pdf","d9btqv1b0h1g00d0man0","1","OCR failed. Command: tesseract /tmp/diml/pngs/d9btqv1b0h1g00d0man0/d9btqv1b0h1g00d0man0.0017.png /tmp/diml/ocr_results/d9btqv1b0h1g00d0man0/d9btqv1b0h1g00d0man0.0017 --oem 1 -l eng --psm 1 . Error: Error in pixCreateHeader: requested w = 36429, h = 60000, d = 8 Error in pixCreateHeader: requested by","NULL","2026-07-16 14:30:30.823","NULL","NULL"
"cb6ba538-a5b1-11ec-9f28-00505681224b","s3://enverus-courthouse-prod-chd-plants/nm/lea/cb6b/cb6ba538-a5b1-11ec-9f28-00505681224b.pdf","d9btqtfr2ffg00e05800","1","OCR failed. Command: tesseract /tmp/diml/pngs/d9btqtfr2ffg00e05800/d9btqtfr2ffg00e05800.0001.png /tmp/diml/ocr_results/d9btqtfr2ffg00e05800/d9btqtfr2ffg00e05800.0001 --oem 1 -l eng --psm 1 . Error: Error in pixCreateHeader: requested w = 36429, h = 60000, d = 8 Error in pixCreateHeader: requested by","NULL","2026-07-16 14:30:30.823","NULL","NULL"
"e7e0e7a6-097f-11ed-af05-00505681224b","s3://enverus-courthouse-prod-chd-plants/nm/lea/e7e0/e7e0e7a6-097f-11ed-af05-00505681224b.pdf","d9bu5v7r2ffg00e0k9og","1","OCR failed. Command: tesseract /tmp/diml/pngs/d9bu5v7r2ffg00e0k9og/d9bu5v7r2ffg00e0k9og.0002.png /tmp/diml/ocr_results/d9bu5v7r2ffg00e0k9og/d9bu5v7r2ffg00e0k9og.0002 --oem 1 -l eng --psm 1 . Error: Error in pixCreateHeader: requested w = 36429, h = 60000, d = 8 Error in pixCreateHeader: requested by","NULL","2026-07-16 14:30:30.823","NULL","NULL"
"d32cfc6c-bc7b-11ec-ac6d-00505681224b","s3://enverus-courthouse-prod-chd-plants/nm/eog_lea/d32c/d32cfc6c-bc7b-11ec-ac6d-00505681224b.pdf","d9btt54flnl000dk4s4g","1","OCR failed. Command: tesseract /tmp/diml/pngs/d9btt54flnl000dk4s4g/d9btt54flnl000dk4s4g.0007.png /tmp/diml/ocr_results/d9btt54flnl000dk4s4g/d9btt54flnl000dk4s4g.0007 --oem 1 -l eng --psm 1 . Error: Error in pixCreateHeader: requested w = 36429, h = 60000, d = 8 Error in pixCreateHeader: requested by","NULL","2026-07-16 14:30:30.823","NULL","NULL"
"785e489f-c5bd-11eb-ae97-00505681224b","s3://enverus-courthouse-prod-chd-plants/nm/eog_lea/785e/785e489f-c5bd-11eb-ae97-00505681224b.pdf","d9btqg7r761000dfigl0","1","OCR failed. Command: tesseract /tmp/diml/pngs/d9btqg7r761000dfigl0/d9btqg7r761000dfigl0.0001.png /tmp/diml/ocr_results/d9btqg7r761000dfigl0/d9btqg7r761000dfigl0.0001 --oem 1 -l eng --psm 1 . Error: Error in pixCreateHeader: requested w = 36429, h = 60000, d = 8 Error in pixCreateHeader: requested by","NULL","2026-07-16 14:30:30.823","NULL","NULL"
"74f23866-3fb9-11eb-94ae-00505681224b","s3://enverus-courthouse-prod-chd-plants/nm/eog_lea/74f2/74f23866-3fb9-11eb-94ae-00505681224b.pdf","d9bt3tj6g7ig00fuu6ig","1","OCR failed. Command: tesseract /tmp/diml/pngs/d9bt3tj6g7ig00fuu6ig/d9bt3tj6g7ig00fuu6ig.0001.png /tmp/diml/ocr_results/d9bt3tj6g7ig00fuu6ig/d9bt3tj6g7ig00fuu6ig.0001 --oem 1 -l eng --psm 1 . Error: Error in pixCreateHeader: requested w = 36429, h = 60000, d = 8 Error in pixCreateHeader: requested by","NULL","2026-07-16 14:30:30.823","NULL","NULL"
"f4ddc9e9-405b-11ec-b455-00505681224b","s3://enverus-courthouse-prod-chd-plants/nm/eog_lea/f4dd/f4ddc9e9-405b-11ec-b455-00505681224b.pdf","d9btmldlksng008eh1mg","1","OCR failed. Command: tesseract /tmp/diml/pngs/d9btmldlksng008eh1mg/d9btmldlksng008eh1mg.0001.png /tmp/diml/ocr_results/d9btmldlksng008eh1mg/d9btmldlksng008eh1mg.0001 --oem 1 -l eng --psm 1 . Error: Error in pixCreateHeader: requested w = 36429, h = 60000, d = 8 Error in pixCreateHeader: requested by","NULL","2026-07-16 14:30:30.823","NULL","NULL"
"4719d002-d733-11ec-b001-00505681224b","s3://enverus-courthouse-prod-chd-plants/nm/lea/4719/4719d002-d733-11ec-b001-00505681224b.pdf","d9bufp99ha2000c7iijg","1","OCR failed. Command: tesseract /tmp/diml/pngs/d9bufp99ha2000c7iijg/d9bufp99ha2000c7iijg.0001.png /tmp/diml/ocr_results/d9bufp99ha2000c7iijg/d9bufp99ha2000c7iijg.0001 --oem 1 -l eng --psm 1 . Error: Error in pixCreateHeader: requested w = 36429, h = 60000, d = 8 Error in pixCreateHeader: requested by","NULL","2026-07-16 14:30:30.823","NULL","NULL"
"8c650a6c-bc7b-11ec-a1c8-00505681224b","s3://enverus-courthouse-prod-chd-plants/nm/lea/8c65/8c650a6c-bc7b-11ec-a1c8-00505681224b.pdf","d9btlf7r2ffg00dvtsg0","1","OCR failed. Command: tesseract /tmp/diml/pngs/d9btlf7r2ffg00dvtsg0/d9btlf7r2ffg00dvtsg0.0018.png /tmp/diml/ocr_results/d9btlf7r2ffg00dvtsg0/d9btlf7r2ffg00dvtsg0.0018 --oem 1 -l eng --psm 1 . Error: Error in pixCreateHeader: requested w = 36429, h = 60000, d = 8 Error in pixCreateHeader: requested by","NULL","2026-07-16 14:30:30.823","NULL","NULL"
"e187d2a6-bc7b-11ec-9302-00505681224b","s3://enverus-courthouse-prod-chd-plants/nm/eog_lea/e187/e187d2a6-bc7b-11ec-9302-00505681224b.pdf","d9bt85j6g7ig00fv2o9g","1","OCR failed. Command: tesseract /tmp/diml/pngs/d9bt85j6g7ig00fv2o9g/d9bt85j6g7ig00fv2o9g.0001.png /tmp/diml/ocr_results/d9bt85j6g7ig00fv2o9g/d9bt85j6g7ig00fv2o9g.0001 --oem 1 -l eng --psm 1 . Error: Error in pixCreateHeader: requested w = 36429, h = 60000, d = 8 Error in pixCreateHeader: requested by","NULL","2026-07-16 14:30:30.823","NULL","NULL"
"9313a061-7d7a-11eb-8e6a-00505681224b","s3://enverus-courthouse-prod-chd-plants/nm/eog_lea/9313/9313a061-7d7a-11eb-8e6a-00505681224b.pdf","d9bt9bg30skg00d72fb0","1","OCR failed. Command: tesseract /tmp/diml/pngs/d9bt9bg30skg00d72fb0/d9bt9bg30skg00d72fb0.0001.png /tmp/diml/ocr_results/d9bt9bg30skg00d72fb0/d9bt9bg30skg00d72fb0.0001 --oem 1 -l eng --psm 1 . Error: Error in pixCreateHeader: requested w = 36429, h = 60000, d = 8 Error in pixCreateHeader: requested by","NULL","2026-07-16 14:30:30.823","NULL","NULL"
"f59f1e39-405b-11ec-a851-00505681224b","s3://enverus-courthouse-prod-chd-plants/nm/eog_lea/f59f/f59f1e39-405b-11ec-a851-00505681224b.pdf","d9btvg3k4o9000897qj0","1","OCR failed. Command: tesseract /tmp/diml/pngs/d9btvg3k4o9000897qj0/d9btvg3k4o9000897qj0.0001.png /tmp/diml/ocr_results/d9btvg3k4o9000897qj0/d9btvg3k4o9000897qj0.0001 --oem 1 -l eng --psm 1 . Error: Error in pixCreateHeader: requested w = 36429, h = 60000, d = 8 Error in pixCreateHeader: requested by","NULL","2026-07-16 14:30:30.823","NULL","NULL"
"a3f2d241-d733-11ec-9c7f-00505681224b","s3://enverus-courthouse-prod-chd-plants/nm/eog_lea/a3f2/a3f2d241-d733-11ec-9c7f-00505681224b.pdf","d9bu1t4hn77000fapfd0","1","OCR failed. Command: tesseract /tmp/diml/pngs/d9bu1t4hn77000fapfd0/d9bu1t4hn77000fapfd0.0001.png /tmp/diml/ocr_results/d9bu1t4hn77000fapfd0/d9bu1t4hn77000fapfd0.0001 --oem 1 -l eng --psm 1 . Error: Error in pixCreateHeader: requested w = 36429, h = 60000, d = 8 Error in pixCreateHeader: requested by","NULL","2026-07-16 14:30:30.823","NULL","NULL"
"447af760-097f-11ed-bcd8-00505681224b","s3://enverus-courthouse-prod-chd-plants/nm/lea/447a/447af760-097f-11ed-bcd8-00505681224b.pdf","d9bt26hb0h1g00cvovtg","1","OCR failed. Command: tesseract /tmp/diml/pngs/d9bt26hb0h1g00cvovtg/d9bt26hb0h1g00cvovtg.0001.png /tmp/diml/ocr_results/d9bt26hb0h1g00cvovtg/d9bt26hb0h1g00cvovtg.0001 --oem 1 -l eng --psm 1 . Error: Error in pixCreateHeader: requested w = 36429, h = 60000, d = 8 Error in pixCreateHeader: requested by","NULL","2026-07-16 14:30:30.823","NULL","NULL"
"c244ac5a-3ec2-11ec-9b96-00505681224b","s3://enverus-courthouse-prod-chd-plants/nm/lea/c244/c244ac5a-3ec2-11ec-9b96-00505681224b.pdf","d9btn6i2oub000e23d20","1","OCR failed. Command: tesseract /tmp/diml/pngs/d9btn6i2oub000e23d20/d9btn6i2oub000e23d20.0001.png /tmp/diml/ocr_results/d9btn6i2oub000e23d20/d9btn6i2oub000e23d20.0001 --oem 1 -l eng --psm 1 . Error: Error in pixCreateHeader: requested w = 36429, h = 60000, d = 8 Error in pixCreateHeader: requested by","NULL","2026-07-16 14:30:30.823","NULL","NULL"
"1b5f2688-d733-11ec-8462-00505681224b","s3://enverus-courthouse-prod-chd-plants/nm/lea/1b5f/1b5f2688-d733-11ec-8462-00505681224b.pdf","d9bt2a15jqeg00e6bda0","1","OCR failed. Command: tesseract /tmp/diml/pngs/d9bt2a15jqeg00e6bda0/d9bt2a15jqeg00e6bda0.0003.png /tmp/diml/ocr_results/d9bt2a15jqeg00e6bda0/d9bt2a15jqeg00e6bda0.0003 --oem 1 -l eng --psm 1 . Error: Error in pixCreateHeader: requested w = 36429, h = 60000, d = 8 Error in pixCreateHeader: requested by","NULL","2026-07-16 14:30:30.823","NULL","NULL"
"d32d2386-bc7b-11ec-a6bf-00505681224b","s3://enverus-courthouse-prod-chd-plants/nm/eog_lea/d32d/d32d2386-bc7b-11ec-a6bf-00505681224b.pdf","d9btnve89gsg00fg8mig","1","OCR failed. Command: tesseract /tmp/diml/pngs/d9btnve89gsg00fg8mig/d9btnve89gsg00fg8mig.0001.png /tmp/diml/ocr_results/d9btnve89gsg00fg8mig/d9btnve89gsg00fg8mig.0001 --oem 1 -l eng --psm 1 . Error: Error in pixCreateHeader: requested w = 36429, h = 60000, d = 8 Error in pixCreateHeader: requested by","NULL","2026-07-16 14:30:30.823","NULL","NULL"
"30d58e89-ec4c-11eb-b7c8-00505681224b","s3://enverus-courthouse-prod-chd-plants/nm/eog_lea/30d5/30d58e89-ec4c-11eb-b7c8-00505681224b.pdf","d9bul4jk4o90008a7hc0","1","OCR failed. Command: tesseract /tmp/diml/pngs/d9bul4jk4o90008a7hc0/d9bul4jk4o90008a7hc0.0003.png /tmp/diml/ocr_results/d9bul4jk4o90008a7hc0/d9bul4jk4o90008a7hc0.0003 --oem 1 -l eng --psm 1 . Error: Error in pixCreateHeader: requested w = 36429, h = 60000, d = 8 Error in pixCreateHeader: requested by","NULL","2026-07-16 14:23:05.873","NULL","NULL"
"447a8212-097f-11ed-92e5-00505681224b","s3://enverus-courthouse-prod-chd-plants/nm/lea/447a/447a8212-097f-11ed-92e5-00505681224b.pdf","d9buf3830skg00d8ku20","1","OCR failed. Command: tesseract /tmp/diml/pngs/d9buf3830skg00d8ku20/d9buf3830skg00d8ku20.0001.png /tmp/diml/ocr_results/d9buf3830skg00d8ku20/d9buf3830skg00d8ku20.0001 --oem 1 -l eng --psm 1 . Error: Error in pixCreateHeader: requested w = 36429, h = 60000, d = 8 Error in pixCreateHeader: requested by","NULL","2026-07-16 14:23:05.873","NULL","NULL"
"d32d238b-bc7b-11ec-939d-00505681224b","s3://enverus-courthouse-prod-chd-plants/nm/eog_lea/d32d/d32d238b-bc7b-11ec-939d-00505681224b.pdf","d9buf6jdelo000dvbsqg","1","OCR failed. Command: tesseract /tmp/diml/pngs/d9buf6jdelo000dvbsqg/d9buf6jdelo000dvbsqg.0001.png /tmp/diml/ocr_results/d9buf6jdelo000dvbsqg/d9buf6jdelo000dvbsqg.0001 --oem 1 -l eng --psm 1 . Error: Error in pixCreateHeader: requested w = 36429, h = 60000, d = 8 Error in pixCreateHeader: requested by","NULL","2026-07-16 14:23:05.873","NULL","NULL"
"ca5b87ba-097e-11ed-96f6-00505681224b","s3://enverus-courthouse-prod-chd-plants/nm/eog_lea/ca5b/ca5b87ba-097e-11ed-96f6-00505681224b.pdf","d9bukduicpjg00dda4dg","1","OCR failed. Command: tesseract /tmp/diml/pngs/d9bukduicpjg00dda4dg/d9bukduicpjg00dda4dg.0001.png /tmp/diml/ocr_results/d9bukduicpjg00dda4dg/d9bukduicpjg00dda4dg.0001 --oem 1 -l eng --psm 1 . Error: Error in pixCreateHeader: requested w = 36429, h = 60000, d = 8 Error in pixCreateHeader: requested by","NULL","2026-07-16 14:23:05.873","NULL","NULL"
"bc08505d-42b7-11ec-a418-00505681224b","s3://enverus-courthouse-prod-chd-plants/nm/eog_lea/bc08/bc08505d-42b7-11ec-a418-00505681224b.pdf","d9buok859fgg00e3job0","1","OCR failed. Command: tesseract /tmp/diml/pngs/d9buok859fgg00e3job0/d9buok859fgg00e3job0.0001.png /tmp/diml/ocr_results/d9buok859fgg00e3job0/d9buok859fgg00e3job0.0001 --oem 1 -l eng --psm 1 . Error: Error in pixCreateHeader: requested w = 36429, h = 60000, d = 8 Error in pixCreateHeader: requested by","NULL","2026-07-16 14:23:05.873","NULL","NULL"
"67b9245e-3f8a-11ec-a8f6-00505681224b","s3://enverus-courthouse-prod-chd-plants/nm/eog_lea/67b9/67b9245e-3f8a-11ec-a8f6-00505681224b.pdf","d9bujc5lksng008fq0s0","1","OCR failed. Command: tesseract /tmp/diml/pngs/d9bujc5lksng008fq0s0/d9bujc5lksng008fq0s0.0001.png /tmp/diml/ocr_results/d9bujc5lksng008fq0s0/d9bujc5lksng008fq0s0.0001 --oem 1 -l eng --psm 1 . Error: Error in pixCreateHeader: requested w = 36429, h = 60000, d = 8 Error in pixCreateHeader: requested by","NULL","2026-07-16 14:23:05.873","NULL","NULL"
"aec45144-a5b1-11ec-a290-00505681224b","s3://enverus-courthouse-prod-chd-plants/nm/lea/aec4/aec45144-a5b1-11ec-a290-00505681224b.pdf","d9buoth9ha2000c80p60","1","OCR failed. Command: tesseract /tmp/diml/pngs/d9buoth9ha2000c80p60/d9buoth9ha2000c80p60.0001.png /tmp/diml/ocr_results/d9buoth9ha2000c80p60/d9buoth9ha2000c80p60.0001 --oem 1 -l eng --psm 1 . Error: Error in pixCreateHeader: requested w = 36429, h = 60000, d = 8 Error in pixCreateHeader: requested by","NULL","2026-07-16 14:23:05.873","NULL","NULL"
"56f05607-455a-4832-8dc8-b76452ebfc12","s3://enverus-courthouse-prod-chd-plants/tx/denton/56f0/56f05607-455a-4832-8dc8-b76452ebfc12.pdf","b9t10k2vki7g1fu57smg","1","No pdf could be downloaded, error=s3://di-diml-platinum-prod/b9t10k2vki7g1fu57smg/b9t10k2vki7g1fu57sng/6290.pdf: Could not connect to the endpoint URL: ""https://di-diml-platinum-prod.s3.amazonaws.com/b9t10k2vki7g1fu57smg/b9t10k2vki7g1fu57sng/6290.pdf""","NULL","2026-07-16 14:23:05.873","2026-07-16 15:59:50.073","NULL"
"0ec2a122-769d-4f0a-92e5-976b3d3fceac","s3://enverus-courthouse-prod-chd-plants/nm/eddy/0ec2/0ec2a122-769d-4f0a-92e5-976b3d3fceac.pdf","b998cfpcjjkg1esmab8g","1","Could not read pdf file /tmp/diml/0ec2a122-769d-4f0a-92e5-976b3d3fceac.pdf, last try failure: list index out of range","NULL","2026-07-16 14:23:05.873","NULL","NULL"
"aec4c67c-a5b1-11ec-8bbe-00505681224b","s3://enverus-courthouse-prod-chd-plants/nm/lea/aec4/aec4c67c-a5b1-11ec-8bbe-00505681224b.pdf","d9bujb22oub000e3b3gg","1","OCR failed. Command: tesseract /tmp/diml/pngs/d9bujb22oub000e3b3gg/d9bujb22oub000e3b3gg.0001.png /tmp/diml/ocr_results/d9bujb22oub000e3b3gg/d9bujb22oub000e3b3gg.0001 --oem 1 -l eng --psm 1 . Error: Error in pixCreateHeader: requested w = 36429, h = 60000, d = 8 Error in pixCreateHeader: requested by","NULL","2026-07-16 14:23:05.873","NULL","NULL"
"271fdfec-a32a-11eb-997a-00505681224b","s3://enverus-courthouse-prod-chd-plants/nm/eog_lea/271f/271fdfec-a32a-11eb-997a-00505681224b.pdf","d9buepbdd4a000d65ukg","1","OCR failed. Command: tesseract /tmp/diml/pngs/d9buepbdd4a000d65ukg/d9buepbdd4a000d65ukg.0003.png /tmp/diml/ocr_results/d9buepbdd4a000d65ukg/d9buepbdd4a000d65ukg.0003 --oem 1 -l eng --psm 1 . Error: Error in pixCreateHeader: requested w = 36429, h = 60000, d = 8 Error in pixCreateHeader: requested by","NULL","2026-07-16 14:23:05.873","NULL","NULL"
"f4deb450-405b-11ec-9876-00505681224b","s3://enverus-courthouse-prod-chd-plants/nm/eog_lea/f4de/f4deb450-405b-11ec-9876-00505681224b.pdf","d9bu0kdlksng008eudl0","1","OCR failed. Command: tesseract /tmp/diml/pngs/d9bu0kdlksng008eudl0/d9bu0kdlksng008eudl0.0001.png /tmp/diml/ocr_results/d9bu0kdlksng008eudl0/d9bu0kdlksng008eudl0.0001 --oem 1 -l eng --psm 1 . Error: Error in pixCreateHeader: requested w = 36429, h = 60000, d = 8 Error in pixCreateHeader: requested by","NULL","2026-07-16 14:23:05.873","NULL","NULL"
"447a5b1b-097f-11ed-a85c-00505681224b","s3://enverus-courthouse-prod-chd-plants/nm/lea/447a/447a5b1b-097f-11ed-a85c-00505681224b.pdf","d9btth22oub000e2bf90","1","OCR failed. Command: tesseract /tmp/diml/pngs/d9btth22oub000e2bf90/d9btth22oub000e2bf90.0001.png /tmp/diml/ocr_results/d9btth22oub000e2bf90/d9btth22oub000e2bf90.0001 --oem 1 -l eng --psm 1 . Error: Error in pixCreateHeader: requested w = 36429, h = 60000, d = 8 Error in pixCreateHeader: requested by","NULL","2026-07-16 14:23:05.873","NULL","NULL"
"30d58e88-ec4c-11eb-b85a-00505681224b","s3://enverus-courthouse-prod-chd-plants/nm/eog_lea/30d5/30d58e88-ec4c-11eb-b85a-00505681224b.pdf","d9btt2bs7m5g0088rf60","1","OCR failed. Command: tesseract /tmp/diml/pngs/d9btt2bs7m5g0088rf60/d9btt2bs7m5g0088rf60.0002.png /tmp/diml/ocr_results/d9btt2bs7m5g0088rf60/d9btt2bs7m5g0088rf60.0002 --oem 1 -l eng --psm 1 . Error: Error in pixCreateHeader: requested w = 36429, h = 60000, d = 8 Error in pixCreateHeader: requested by","NULL","2026-07-16 14:23:05.873","NULL","NULL"
"1b5e634d-d733-11ec-8bf0-00505681224b","s3://enverus-courthouse-prod-chd-plants/nm/lea/1b5e/1b5e634d-d733-11ec-8bf0-00505681224b.pdf","d9btrufak3500086u6p0","1","OCR failed. Command: tesseract /tmp/diml/pngs/d9btrufak3500086u6p0/d9btrufak3500086u6p0.0001.png /tmp/diml/ocr_results/d9btrufak3500086u6p0/d9btrufak3500086u6p0.0001 --oem 1 -l eng --psm 1 . Error: Error in pixCreateHeader: requested w = 36429, h = 60000, d = 8 Error in pixCreateHeader: requested by","NULL","2026-07-16 14:23:05.873","NULL","NULL"
"f59f1e3a-405b-11ec-b362-00505681224b","s3://enverus-courthouse-prod-chd-plants/nm/eog_lea/f59f/f59f1e3a-405b-11ec-b362-00505681224b.pdf","d9btru3k4o90008933l0","1","OCR failed. Command: tesseract /tmp/diml/pngs/d9btru3k4o90008933l0/d9btru3k4o90008933l0.0002.png /tmp/diml/ocr_results/d9btru3k4o90008933l0/d9btru3k4o90008933l0.0002 --oem 1 -l eng --psm 1 . Error: Error in pixCreateHeader: requested w = 36429, h = 60000, d = 8 Error in pixCreateHeader: requested by","NULL","2026-07-16 14:23:05.873","NULL","NULL"
"8c642002-bc7b-11ec-85ef-00505681224b","s3://enverus-courthouse-prod-chd-plants/nm/lea/8c64/8c642002-bc7b-11ec-85ef-00505681224b.pdf","d9bso20isvug00fsacag","1","OCR failed. Command: tesseract /tmp/diml/pngs/d9bso20isvug00fsacag/d9bso20isvug00fsacag.0003.png /tmp/diml/ocr_results/d9bso20isvug00fsacag/d9bso20isvug00fsacag.0003 --oem 1 -l eng --psm 1 . Error: Error in pixCreateHeader: requested w = 36429, h = 60000, d = 8 Error in pixCreateHeader: requested by","NULL","2026-07-16 14:23:05.873","NULL","NULL"
"c2443755-3ec2-11ec-9fdf-00505681224b","s3://enverus-courthouse-prod-chd-plants/nm/lea/c244/c2443755-3ec2-11ec-9fdf-00505681224b.pdf","d9bsr6vpfdig00fa23vg","1","OCR failed. Command: tesseract /tmp/diml/pngs/d9bsr6vpfdig00fa23vg/d9bsr6vpfdig00fa23vg.0001.png /tmp/diml/ocr_results/d9bsr6vpfdig00fa23vg/d9bsr6vpfdig00fa23vg.0001 --oem 1 -l eng --psm 1 . Error: Error in pixCreateHeader: requested w = 36429, h = 60000, d = 8 Error in pixCreateHeader: requested by","NULL","2026-07-16 14:23:05.873","NULL","NULL"
"670b0e6c-3f8a-11ec-a910-00505681224b","s3://enverus-courthouse-prod-chd-plants/nm/lea/670b/670b0e6c-3f8a-11ec-a910-00505681224b.pdf","d9bubdjrgi8g00bgdd00","1","OCR failed. Command: tesseract /tmp/diml/pngs/d9bubdjrgi8g00bgdd00/d9bubdjrgi8g00bgdd00.0001.png /tmp/diml/ocr_results/d9bubdjrgi8g00bgdd00/d9bubdjrgi8g00bgdd00.0001 --oem 1 -l eng --psm 1 . Error: Error in pixCreateHeader: requested w = 36429, h = 60000, d = 8 Error in pixCreateHeader: requested by","NULL","2026-07-16 14:23:05.873","NULL","NULL"
"5a9280a1-6226-11ec-aa0c-00505681224b","s3://enverus-courthouse-prod-chd-plants/nm/eog_lea/5a92/5a9280a1-6226-11ec-aa0c-00505681224b.pdf","d9bst7030skg00d6lv9g","1","OCR failed. Command: tesseract /tmp/diml/pngs/d9bst7030skg00d6lv9g/d9bst7030skg00d6lv9g.0002.png /tmp/diml/ocr_results/d9bst7030skg00d6lv9g/d9bst7030skg00d6lv9g.0002 --oem 1 -l eng --psm 1 . Error: Error in pixCreateHeader: requested w = 36429, h = 60000, d = 8 Error in pixCreateHeader: requested by","NULL","2026-07-16 14:23:05.873","NULL","NULL"
"785e21bd-c5bd-11eb-b441-00505681224b","s3://enverus-courthouse-prod-chd-plants/nm/eog_lea/785e/785e21bd-c5bd-11eb-b441-00505681224b.pdf","d9bu42bte9l000f8iqvg","1","OCR failed. Command: tesseract /tmp/diml/pngs/d9bu42bte9l000f8iqvg/d9bu42bte9l000f8iqvg.0002.png /tmp/diml/ocr_results/d9bu42bte9l000f8iqvg/d9bu42bte9l000f8iqvg.0002 --oem 1 -l eng --psm 1 . Error: Error in pixCreateHeader: requested w = 36429, h = 60000, d = 8 Error in pixCreateHeader: requested by","NULL","2026-07-16 14:23:05.873","NULL","NULL"
"576ab6a7-d733-11ec-8a01-00505681224b","s3://enverus-courthouse-prod-chd-plants/nm/lea/576a/576ab6a7-d733-11ec-8a01-00505681224b.pdf","d9bu2q3delo000dupe4g","1","OCR failed. Command: tesseract /tmp/diml/pngs/d9bu2q3delo000dupe4g/d9bu2q3delo000dupe4g.0001.png /tmp/diml/ocr_results/d9bu2q3delo000dupe4g/d9bu2q3delo000dupe4g.0001 --oem 1 -l eng --psm 1 . Error: Error in pixCreateHeader: requested w = 36429, h = 60000, d = 8 Error in pixCreateHeader: requested by","NULL","2026-07-16 14:23:05.873","NULL","NULL"
"5a925983-6226-11ec-a264-00505681224b","s3://enverus-courthouse-prod-chd-plants/nm/eog_lea/5a92/5a925983-6226-11ec-a264-00505681224b.pdf","d9bu2m7pfcq000fftfu0","1","OCR failed. Command: tesseract /tmp/diml/pngs/d9bu2m7pfcq000fftfu0/d9bu2m7pfcq000fftfu0.0001.png /tmp/diml/ocr_results/d9bu2m7pfcq000fftfu0/d9bu2m7pfcq000fftfu0.0001 --oem 1 -l eng --psm 1 . Error: Error in pixCreateHeader: requested w = 36429, h = 60000, d = 8 Error in pixCreateHeader: requested by","NULL","2026-07-16 14:23:05.873","NULL","NULL"
"c83ef8de-8bcb-11ec-a416-00505681224b","s3://enverus-courthouse-prod-chd-plants/nm/lea/c83e/c83ef8de-8bcb-11ec-a416-00505681224b.pdf","d9bu1j6icpjg00dce830","1","OCR failed. Command: tesseract /tmp/diml/pngs/d9bu1j6icpjg00dce830/d9bu1j6icpjg00dce830.0001.png /tmp/diml/ocr_results/d9bu1j6icpjg00dce830/d9bu1j6icpjg00dce830.0001 --oem 1 -l eng --psm 1 . Error: Error in pixCreateHeader: requested w = 36429, h = 60000, d = 8 Error in pixCreateHeader: requested by","NULL","2026-07-16 14:23:05.873","NULL","NULL"
"f59ef71d-405b-11ec-9d87-00505681224b","s3://enverus-courthouse-prod-chd-plants/nm/eog_lea/f59e/f59ef71d-405b-11ec-9d87-00505681224b.pdf","d9bu8dnr2ffg00e0o730","1","OCR failed. Command: tesseract /tmp/diml/pngs/d9bu8dnr2ffg00e0o730/d9bu8dnr2ffg00e0o730.0001.png /tmp/diml/ocr_results/d9bu8dnr2ffg00e0o730/d9bu8dnr2ffg00e0o730.0001 --oem 1 -l eng --psm 1 . Error: Error in pixCreateHeader: requested w = 36429, h = 60000, d = 8 Error in pixCreateHeader: requested by","NULL","2026-07-16 14:23:05.873","NULL","NULL"
"04ba188d-d3ea-11eb-8bba-00505681224b","s3://enverus-courthouse-prod-chd-plants/nm/eog_lea/04ba/04ba188d-d3ea-11eb-8bba-00505681224b.pdf","d9bt6rrte9l000f7e4g0","1","OCR failed. Command: tesseract /tmp/diml/pngs/d9bt6rrte9l000f7e4g0/d9bt6rrte9l000f7e4g0.0001.png /tmp/diml/ocr_results/d9bt6rrte9l000f7e4g0/d9bt6rrte9l000f7e4g0.0001 --oem 1 -l eng --psm 1 . Error: Error in pixCreateHeader: requested w = 36429, h = 60000, d = 8 Error in pixCreateHeader: requested by","NULL","2026-07-16 14:23:05.873","NULL","NULL"
"47190cad-d733-11ec-a190-00505681224b","s3://enverus-courthouse-prod-chd-plants/nm/lea/4719/47190cad-d733-11ec-a190-00505681224b.pdf","d9bt6hs1kr4g008dcb70","1","OCR failed. Command: tesseract /tmp/diml/pngs/d9bt6hs1kr4g008dcb70/d9bt6hs1kr4g008dcb70.0001.png /tmp/diml/ocr_results/d9bt6hs1kr4g008dcb70/d9bt6hs1kr4g008dcb70.0001 --oem 1 -l eng --psm 1 . Error: Error in pixCreateHeader: requested w = 36429, h = 60000, d = 8 Error in pixCreateHeader: requested by","NULL","2026-07-16 14:23:05.873","NULL","NULL"
"67b8d649-3f8a-11ec-9476-00505681224b","s3://enverus-courthouse-prod-chd-plants/nm/eog_lea/67b8/67b8d649-3f8a-11ec-9476-00505681224b.pdf","d9bt3u689gsg00ffhnd0","1","OCR failed. Command: tesseract /tmp/diml/pngs/d9bt3u689gsg00ffhnd0/d9bt3u689gsg00ffhnd0.0003.png /tmp/diml/ocr_results/d9bt3u689gsg00ffhnd0/d9bt3u689gsg00ffhnd0.0003 --oem 1 -l eng --psm 1 . Error: Error in pixCreateHeader: requested w = 36429, h = 60000, d = 8 Error in pixCreateHeader: requested by","NULL","2026-07-16 14:23:05.873","NULL","NULL"
"67e5cfff-097f-11ed-8177-00505681224b","s3://enverus-courthouse-prod-chd-plants/nm/lea/67e5/67e5cfff-097f-11ed-8177-00505681224b.pdf","d9btn05lksng008ehrt0","1","OCR failed. Command: tesseract /tmp/diml/pngs/d9btn05lksng008ehrt0/d9btn05lksng008ehrt0.0001.png /tmp/diml/ocr_results/d9btn05lksng008ehrt0/d9btn05lksng008ehrt0.0001 --oem 1 -l eng --psm 1 . Error: Error in pixCreateHeader: requested w = 36429, h = 60000, d = 8 Error in pixCreateHeader: requested by","NULL","2026-07-16 14:23:05.873","NULL","NULL"
"DFFE46C7-CEBF-4B69-90F8-41D18E3EFBA5","s3://enverus-courthouse-prod-chd-plants/tx/training_pecos/DFFE/DFFE46C7-CEBF-4B69-90F8-41D18E3EFBA5.pdf","d9btev22oub000e1p7kg","1","No pdf could be downloaded, error=PDF file tx/training_pecos/DFFE/DFFE46C7-CEBF-4B69-90F8-41D18E3EFBA5.pdf is too large to be processed, size=1.4401578344404697 GB","NULL","2026-07-16 14:23:05.873","NULL","NULL"
"b38b6e2c-6af6-4838-80bf-e40c7e2b8c35","s3://enverus-courthouse-prod-chd-plants/tx/eog_lasalle/b38b/b38b6e2c-6af6-4838-80bf-e40c7e2b8c35.pdf","d9btnsvak3500086omk0","1","No pdf could be downloaded, error=PDF file tx/eog_lasalle/b38b/b38b6e2c-6af6-4838-80bf-e40c7e2b8c35.pdf is too large to be processed, size=1.0288331964984536 GB","NULL","2026-07-16 14:23:05.873","NULL","NULL"
"b5e27f5a-d733-11ec-88e2-00505681224b","s3://enverus-courthouse-prod-chd-plants/nm/eog_lea/b5e2/b5e27f5a-d733-11ec-88e2-00505681224b.pdf","d9btof36g7ig00fvmhg0","1","OCR failed. Command: tesseract /tmp/diml/pngs/d9btof36g7ig00fvmhg0/d9btof36g7ig00fvmhg0.0001.png /tmp/diml/ocr_results/d9btof36g7ig00fvmhg0/d9btof36g7ig00fvmhg0.0001 --oem 1 -l eng --psm 1 . Error: Error in pixCreateHeader: requested w = 36429, h = 60000, d = 8 Error in pixCreateHeader: requested by","NULL","2026-07-16 14:23:05.873","NULL","NULL"
"aec4786b-a5b1-11ec-b9cb-00505681224b","s3://enverus-courthouse-prod-chd-plants/nm/lea/aec4/aec4786b-a5b1-11ec-b9cb-00505681224b.pdf","d9btocr1f5dg00bdpafg","1","OCR failed. Command: tesseract /tmp/diml/pngs/d9btocr1f5dg00bdpafg/d9btocr1f5dg00bdpafg.0001.png /tmp/diml/ocr_results/d9btocr1f5dg00bdpafg/d9btocr1f5dg00bdpafg.0001 --oem 1 -l eng --psm 1 . Error: Error in pixCreateHeader: requested w = 36429, h = 60000, d = 8 Error in pixCreateHeader: requested by","NULL","2026-07-16 14:23:05.873","NULL","NULL"
"a3f3476d-d733-11ec-9db2-00505681224b","s3://enverus-courthouse-prod-chd-plants/nm/eog_lea/a3f3/a3f3476d-d733-11ec-9db2-00505681224b.pdf","d9btc7rdd4a000d4nkf0","1","OCR failed. Command: tesseract /tmp/diml/pngs/d9btc7rdd4a000d4nkf0/d9btc7rdd4a000d4nkf0.0003.png /tmp/diml/ocr_results/d9btc7rdd4a000d4nkf0/d9btc7rdd4a000d4nkf0.0003 --oem 1 -l eng --psm 1 . Error: Error in pixCreateHeader: requested w = 36429, h = 60000, d = 8 Error in pixCreateHeader: requested by","NULL","2026-07-16 14:23:05.873","NULL","NULL"
"aec4c68f-a5b1-11ec-a64e-00505681224b","s3://enverus-courthouse-prod-chd-plants/nm/lea/aec4/aec4c68f-a5b1-11ec-a64e-00505681224b.pdf","d9bto9059fgg00e24uq0","1","OCR failed. Command: tesseract /tmp/diml/pngs/d9bto9059fgg00e24uq0/d9bto9059fgg00e24uq0.0001.png /tmp/diml/ocr_results/d9bto9059fgg00e24uq0/d9bto9059fgg00e24uq0.0001 --oem 1 -l eng --psm 1 . Error: Error in pixCreateHeader: requested w = 36429, h = 60000, d = 8 Error in pixCreateHeader: requested by","NULL","2026-07-16 14:23:05.873","NULL","NULL"
"42a8249a-0980-11ed-afa6-00505681224b","s3://enverus-courthouse-prod-chd-plants/nm/lea/42a8/42a8249a-0980-11ed-afa6-00505681224b.pdf","d9btc5o59fgg00e1m4eg","1","OCR failed. Command: tesseract /tmp/diml/pngs/d9btc5o59fgg00e1m4eg/d9btc5o59fgg00e1m4eg.0001.png /tmp/diml/ocr_results/d9btc5o59fgg00e1m4eg/d9btc5o59fgg00e1m4eg.0001 --oem 1 -l eng --psm 1 . Error: Error in pixCreateHeader: requested w = 36429, h = 60000, d = 8 Error in pixCreateHeader: requested by","NULL","2026-07-16 14:23:05.873","NULL","NULL"
"be43ffd8-a5b1-11ec-aad0-00505681224b","s3://enverus-courthouse-prod-chd-plants/nm/lea/be43/be43ffd8-a5b1-11ec-aad0-00505681224b.pdf","d9btuk7pfdig00fbc1rg","1","OCR failed. Command: tesseract /tmp/diml/pngs/d9btuk7pfdig00fbc1rg/d9btuk7pfdig00fbc1rg.0001.png /tmp/diml/ocr_results/d9btuk7pfdig00fbc1rg/d9btuk7pfdig00fbc1rg.0001 --oem 1 -l eng --psm 1 . Error: Error in pixCreateHeader: requested w = 36429, h = 60000, d = 8 Error in pixCreateHeader: requested by","NULL","2026-07-16 14:15:01.780","NULL","NULL"
"576b04bd-d733-11ec-a71f-00505681224b","s3://enverus-courthouse-prod-chd-plants/nm/lea/576b/576b04bd-d733-11ec-a71f-00505681224b.pdf","d9btivrk4o900088nmu0","1","OCR failed. Command: tesseract /tmp/diml/pngs/d9btivrk4o900088nmu0/d9btivrk4o900088nmu0.0001.png /tmp/diml/ocr_results/d9btivrk4o900088nmu0/d9btivrk4o900088nmu0.0001 --oem 1 -l eng --psm 1 . Error: Error in pixCreateHeader: requested w = 36429, h = 60000, d = 8 Error in pixCreateHeader: requested by","NULL","2026-07-16 14:15:01.780","NULL","NULL"
"f59fba7c-405b-11ec-9103-00505681224b","s3://enverus-courthouse-prod-chd-plants/nm/eog_lea/f59f/f59fba7c-405b-11ec-9103-00505681224b.pdf","d9bt846icpjg00dbelp0","1","OCR failed. Command: tesseract /tmp/diml/pngs/d9bt846icpjg00dbelp0/d9bt846icpjg00dbelp0.0001.png /tmp/diml/ocr_results/d9bt846icpjg00dbelp0/d9bt846icpjg00dbelp0.0001 --oem 1 -l eng --psm 1 . Error: Error in pixCreateHeader: requested w = 36429, h = 60000, d = 8 Error in pixCreateHeader: requested by","NULL","2026-07-16 14:15:01.780","NULL","NULL"
"b5e1bc19-d733-11ec-9c08-00505681224b","s3://enverus-courthouse-prod-chd-plants/nm/eog_lea/b5e1/b5e1bc19-d733-11ec-9c08-00505681224b.pdf","d9btl8o30skg00d7gdu0","1","OCR failed. Command: tesseract /tmp/diml/pngs/d9btl8o30skg00d7gdu0/d9btl8o30skg00d7gdu0.0002.png /tmp/diml/ocr_results/d9btl8o30skg00d7gdu0/d9btl8o30skg00d7gdu0.0002 --oem 1 -l eng --psm 1 . Error: Error in pixCreateHeader: requested w = 36429, h = 60000, d = 8 Error in pixCreateHeader: requested by","NULL","2026-07-16 14:15:01.780","NULL","NULL"
"06568c86-d733-11ec-82a1-00505681224b","s3://enverus-courthouse-prod-chd-plants/nm/lea/0656/06568c86-d733-11ec-82a1-00505681224b.pdf","d9bu8kbk4o900089lfhg","1","OCR failed. Command: tesseract /tmp/diml/pngs/d9bu8kbk4o900089lfhg/d9bu8kbk4o900089lfhg.0003.png /tmp/diml/ocr_results/d9bu8kbk4o900089lfhg/d9bu8kbk4o900089lfhg.0003 --oem 1 -l eng --psm 1 . Error: Error in pixCreateHeader: requested w = 36429, h = 60000, d = 8 Error in pixCreateHeader: requested by","NULL","2026-07-16 14:15:01.780","NULL","NULL"
"8c641ff6-bc7b-11ec-a8ff-00505681224b","s3://enverus-courthouse-prod-chd-plants/nm/lea/8c64/8c641ff6-bc7b-11ec-a8ff-00505681224b.pdf","d9bu0sg30skg00d808og","1","OCR failed. Command: tesseract /tmp/diml/pngs/d9bu0sg30skg00d808og/d9bu0sg30skg00d808og.0002.png /tmp/diml/ocr_results/d9bu0sg30skg00d808og/d9bu0sg30skg00d808og.0002 --oem 1 -l eng --psm 1 . Error: Error in pixCreateHeader: requested w = 36429, h = 60000, d = 8 Error in pixCreateHeader: requested by","NULL","2026-07-16 14:15:01.780","NULL","NULL"
"bc08eca2-42b7-11ec-b13a-00505681224b","s3://enverus-courthouse-prod-chd-plants/nm/eog_lea/bc08/bc08eca2-42b7-11ec-b13a-00505681224b.pdf","d9bu31gisvug00ftsif0","1","OCR failed. Command: tesseract /tmp/diml/pngs/d9bu31gisvug00ftsif0/d9bu31gisvug00ftsif0.0005.png /tmp/diml/ocr_results/d9bu31gisvug00ftsif0/d9bu31gisvug00ftsif0.0005 --oem 1 -l eng --psm 1 . Error: Error in pixCreateHeader: requested w = 36429, h = 60000, d = 8 Error in pixCreateHeader: requested by","NULL","2026-07-16 14:15:01.780","NULL","NULL"
"c2448577-3ec2-11ec-a0b6-00505681224b","s3://enverus-courthouse-prod-chd-plants/nm/lea/c244/c2448577-3ec2-11ec-a0b6-00505681224b.pdf","d9bt0svpfcq000feknrg","1","OCR failed. Command: tesseract /tmp/diml/pngs/d9bt0svpfcq000feknrg/d9bt0svpfcq000feknrg.0001.png /tmp/diml/ocr_results/d9bt0svpfcq000feknrg/d9bt0svpfcq000feknrg.0001 --oem 1 -l eng --psm 1 . Error: Error in pixCreateHeader: requested w = 36429, h = 60000, d = 8 Error in pixCreateHeader: requested by","NULL","2026-07-16 14:15:01.780","NULL","NULL"
"d32cae5d-bc7b-11ec-b88b-00505681224b","s3://enverus-courthouse-prod-chd-plants/nm/eog_lea/d32c/d32cae5d-bc7b-11ec-b88b-00505681224b.pdf","d9btqj9kf4s000f6tf30","1","OCR failed. Command: tesseract /tmp/diml/pngs/d9btqj9kf4s000f6tf30/d9btqj9kf4s000f6tf30.0001.png /tmp/diml/ocr_results/d9btqj9kf4s000f6tf30/d9btqj9kf4s000f6tf30.0001 --oem 1 -l eng --psm 1 . Error: Error in pixCreateHeader: requested w = 36429, h = 60000, d = 8 Error in pixCreateHeader: requested by","NULL","2026-07-16 14:15:01.780","NULL","NULL"
"aec47872-a5b1-11ec-99a0-00505681224b","s3://enverus-courthouse-prod-chd-plants/nm/lea/aec4/aec47872-a5b1-11ec-99a0-00505681224b.pdf","d9btn1eicpjg00dc0fj0","1","OCR failed. Command: tesseract /tmp/diml/pngs/d9btn1eicpjg00dc0fj0/d9btn1eicpjg00dc0fj0.0001.png /tmp/diml/ocr_results/d9btn1eicpjg00dc0fj0/d9btn1eicpjg00dc0fj0.0001 --oem 1 -l eng --psm 1 . Error: Error in pixCreateHeader: requested w = 36429, h = 60000, d = 8 Error in pixCreateHeader: requested by","NULL","2026-07-16 14:15:01.780","NULL","NULL"
"f4dc9189-405b-11ec-b97c-00505681224b","s3://enverus-courthouse-prod-chd-plants/nm/eog_lea/f4dc/f4dc9189-405b-11ec-b97c-00505681224b.pdf","d9bt6ieicpjg00dbcog0","1","OCR failed. Command: tesseract /tmp/diml/pngs/d9bt6ieicpjg00dbcog0/d9bt6ieicpjg00dbcog0.0001.png /tmp/diml/ocr_results/d9bt6ieicpjg00dbcog0/d9bt6ieicpjg00dbcog0.0001 --oem 1 -l eng --psm 1 . Error: Error in pixCreateHeader: requested w = 36429, h = 60000, d = 8 Error in pixCreateHeader: requested by","NULL","2026-07-16 14:15:01.780","NULL","NULL"
"67ba35af-3f8a-11ec-a3af-00505681224b","s3://enverus-courthouse-prod-chd-plants/nm/eog_lea/67ba/67ba35af-3f8a-11ec-a3af-00505681224b.pdf","d9bt6ahb0h1g00cvst30","1","OCR failed. Command: tesseract /tmp/diml/pngs/d9bt6ahb0h1g00cvst30/d9bt6ahb0h1g00cvst30.0001.png /tmp/diml/ocr_results/d9bt6ahb0h1g00cvst30/d9bt6ahb0h1g00cvst30.0001 --oem 1 -l eng --psm 1 . Error: Error in pixCreateHeader: requested w = 36429, h = 60000, d = 8 Error in pixCreateHeader: requested by","NULL","2026-07-16 14:15:01.780","NULL","NULL"
"4b08460b-840c-49d7-abf5-06c9afcf8eca","s3://enverus-courthouse-prod-chd-plants/tx/nueces/4b08/4b08460b-840c-49d7-abf5-06c9afcf8eca.pdf","ba1g3f2vki7g1fu9gib0","1","No pdf could be downloaded, error=s3://di-diml-platinum-prod/ba1g3f2vki7g1fu9gib0/ba1g3f2vki7g1fu9gic0/2018004975.pdf: Could not connect to the endpoint URL: ""https://di-diml-platinum-prod.s3.amazonaws.com/ba1g3f2vki7g1fu9gib0/ba1g3f2vki7g1fu9gic0/2018004975.pdf""","NULL","2026-07-16 14:08:35.370","2026-07-16 16:36:21.093","NULL"
"23de182e-4b0e-43a6-81fa-c36ed428a84e","s3://enverus-courthouse-prod-chd-plants/tx/eog_atascosa/23de/23de182e-4b0e-43a6-81fa-c36ed428a84e.pdf","ba0ukj2vki7g1fu7dj30","1","No pdf could be downloaded, error=s3://di-diml-platinum-prod/ba0ukj2vki7g1fu7dj30/ba0ukj2vki7g1fu7dj4g/184763.pdf: Could not connect to the endpoint URL: ""https://di-diml-platinum-prod.s3.amazonaws.com/ba0ukj2vki7g1fu7dj30/ba0ukj2vki7g1fu7dj4g/184763.pdf""","NULL","2026-07-16 14:08:35.370","2026-07-16 16:36:21.093","NULL"
"f59f1e38-405b-11ec-951e-00505681224b","s3://enverus-courthouse-prod-chd-plants/nm/eog_lea/f59f/f59f1e38-405b-11ec-951e-00505681224b.pdf","d9btdq6icpjg00dblfd0","1","OCR failed. Command: tesseract /tmp/diml/pngs/d9btdq6icpjg00dblfd0/d9btdq6icpjg00dblfd0.0001.png /tmp/diml/ocr_results/d9btdq6icpjg00dblfd0/d9btdq6icpjg00dblfd0.0001 --oem 1 -l eng --psm 1 . Error: Error in pixCreateHeader: requested w = 36429, h = 60000, d = 8 Error in pixCreateHeader: requested by","NULL","2026-07-16 14:08:35.370","NULL","NULL"
"791aeaad-9014-4c92-8477-5766b4944103","s3://enverus-courthouse-prod-chd-plants/ok/roger mills/791a/791aeaad-9014-4c92-8477-5766b4944103.pdf","bagpuiqvki7g1fvhtj00","1","No pdf could be downloaded, error=s3://di-diml-platinum-prod/bagpuiqvki7g1fvhtj00/bagpuiqvki7g1fvhtj10/000465.pdf: Could not connect to the endpoint URL: ""https://sts.us-east-1.amazonaws.com/""","NULL","2026-07-16 14:08:35.370","2026-07-16 20:10:25.123","NULL"
"27237368-0980-11ed-bec3-00505681224b","s3://enverus-courthouse-prod-chd-plants/nm/lea/2723/27237368-0980-11ed-bec3-00505681224b.pdf","d9buqvjdd4a000d6oj5g","1","OCR failed. Command: tesseract /tmp/diml/pngs/d9buqvjdd4a000d6oj5g/d9buqvjdd4a000d6oj5g.0003.png /tmp/diml/ocr_results/d9buqvjdd4a000d6oj5g/d9buqvjdd4a000d6oj5g.0003 --oem 1 -l eng --psm 1 . Error: Error in pixCreateHeader: requested w = 36429, h = 60000, d = 8 Error in pixCreateHeader: requested by","NULL","2026-07-16 14:08:35.370","NULL","NULL"
"e6a5e28f-1f6a-48f5-86ec-67072c34764d","s3://enverus-courthouse-prod-chd-plants/tx/eog_gonzales/e6a5/e6a5e28f-1f6a-48f5-86ec-67072c34764d.pdf","b9t2mmivki7g1fu5fp4g","1","No pdf could be downloaded, error=s3://di-diml-platinum-prod/b9t2mmivki7g1fu5fp4g/b9t2mmivki7g1fu5fp6g/17291845.pdf: Could not connect to the endpoint URL: ""https://sts.us-east-1.amazonaws.com/""","NULL","2026-07-16 14:08:35.370","2026-07-16 20:04:14.860","NULL"
"cb6ba550-a5b1-11ec-abe8-00505681224b","s3://enverus-courthouse-prod-chd-plants/nm/lea/cb6b/cb6ba550-a5b1-11ec-abe8-00505681224b.pdf","d9bu3u059fgg00e2kqsg","1","OCR failed. Command: tesseract /tmp/diml/pngs/d9bu3u059fgg00e2kqsg/d9bu3u059fgg00e2kqsg.0001.png /tmp/diml/ocr_results/d9bu3u059fgg00e2kqsg/d9bu3u059fgg00e2kqsg.0001 --oem 1 -l eng --psm 1 . Error: Error in pixCreateHeader: requested w = 36429, h = 60000, d = 8 Error in pixCreateHeader: requested by","NULL","2026-07-16 14:08:35.370","NULL","NULL"
"1b5f4dbe-d733-11ec-bd6c-00505681224b","s3://enverus-courthouse-prod-chd-plants/nm/lea/1b5f/1b5f4dbe-d733-11ec-bd6c-00505681224b.pdf","d9btrmrte9l000f86ofg","1","OCR failed. Command: tesseract /tmp/diml/pngs/d9btrmrte9l000f86ofg/d9btrmrte9l000f86ofg.0006.png /tmp/diml/ocr_results/d9btrmrte9l000f86ofg/d9btrmrte9l000f86ofg.0006 --oem 1 -l eng --psm 1 . Error: Error in pixCreateHeader: requested w = 36429, h = 60000, d = 8 Error in pixCreateHeader: requested by","NULL","2026-07-16 14:08:35.370","NULL","NULL"
"576b79ed-d733-11ec-bdb6-00505681224b","s3://enverus-courthouse-prod-chd-plants/nm/lea/576b/576b79ed-d733-11ec-bdb6-00505681224b.pdf","d9btqqtlksng008empg0","1","OCR failed. Command: tesseract /tmp/diml/pngs/d9btqqtlksng008empg0/d9btqqtlksng008empg0.0003.png /tmp/diml/ocr_results/d9btqqtlksng008empg0/d9btqqtlksng008empg0.0003 --oem 1 -l eng --psm 1 . Error: Error in pixCreateHeader: requested w = 36429, h = 60000, d = 8 Error in pixCreateHeader: requested by","NULL","2026-07-16 14:08:35.370","NULL","NULL"
"d32cae40-bc7b-11ec-8273-00505681224b","s3://enverus-courthouse-prod-chd-plants/nm/eog_lea/d32c/d32cae40-bc7b-11ec-8273-00505681224b.pdf","d9bt2515jqeg00e6b19g","1","OCR failed. Command: tesseract /tmp/diml/pngs/d9bt2515jqeg00e6b19g/d9bt2515jqeg00e6b19g.0001.png /tmp/diml/ocr_results/d9bt2515jqeg00e6b19g/d9bt2515jqeg00e6b19g.0001 --oem 1 -l eng --psm 1 . Error: Error in pixCreateHeader: requested w = 36429, h = 60000, d = 8 Error in pixCreateHeader: requested by","NULL","2026-07-16 14:08:35.370","NULL","NULL"
"bc085040-42b7-11ec-8550-00505681224b","s3://enverus-courthouse-prod-chd-plants/nm/eog_lea/bc08/bc085040-42b7-11ec-8550-00505681224b.pdf","d9bsspeicpjg00db29f0","1","OCR failed. Command: tesseract /tmp/diml/pngs/d9bsspeicpjg00db29f0/d9bsspeicpjg00db29f0.0001.png /tmp/diml/ocr_results/d9bsspeicpjg00db29f0/d9bsspeicpjg00db29f0.0001 --oem 1 -l eng --psm 1 . Error: Error in pixCreateHeader: requested w = 36429, h = 60000, d = 8 Error in pixCreateHeader: requested by","NULL","2026-07-16 14:08:35.370","NULL","NULL"
"f59f1e3e-405b-11ec-8c0b-00505681224b","s3://enverus-courthouse-prod-chd-plants/nm/eog_lea/f59f/f59f1e3e-405b-11ec-8c0b-00505681224b.pdf","d9bst9fr2ffg00dv3090","1","OCR failed. Command: tesseract /tmp/diml/pngs/d9bst9fr2ffg00dv3090/d9bst9fr2ffg00dv3090.0002.png /tmp/diml/ocr_results/d9bst9fr2ffg00dv3090/d9bst9fr2ffg00dv3090.0002 --oem 1 -l eng --psm 1 . Error: Error in pixCreateHeader: requested w = 36429, h = 60000, d = 8 Error in pixCreateHeader: requested by","NULL","2026-07-16 14:08:35.370","NULL","NULL"
"465a064a-ec46-11eb-9120-00505681224b","s3://enverus-courthouse-prod-chd-plants/nm/eog_lea/465a/465a064a-ec46-11eb-9120-00505681224b.pdf","d9bsuo31f5dg00bcrit0","1","OCR failed. Command: tesseract /tmp/diml/pngs/d9bsuo31f5dg00bcrit0/d9bsuo31f5dg00bcrit0.0002.png /tmp/diml/ocr_results/d9bsuo31f5dg00bcrit0/d9bsuo31f5dg00bcrit0.0002 --oem 1 -l eng --psm 1 . Error: Error in pixCreateHeader: requested w = 36429, h = 60000, d = 8 Error in pixCreateHeader: requested by","NULL","2026-07-16 14:08:35.370","NULL","NULL"
"a3f3958c-d733-11ec-ae85-00505681224b","s3://enverus-courthouse-prod-chd-plants/nm/eog_lea/a3f3/a3f3958c-d733-11ec-ae85-00505681224b.pdf","d9bu2o7r761000dftq50","1","OCR failed. Command: tesseract /tmp/diml/pngs/d9bu2o7r761000dftq50/d9bu2o7r761000dftq50.0001.png /tmp/diml/ocr_results/d9bu2o7r761000dftq50/d9bu2o7r761000dftq50.0001 --oem 1 -l eng --psm 1 . Error: Error in pixCreateHeader: requested w = 36429, h = 60000, d = 8 Error in pixCreateHeader: requested by","NULL","2026-07-16 14:08:35.370","NULL","NULL"
"bfc6d970-097f-11ed-8bf1-00505681224b","s3://enverus-courthouse-prod-chd-plants/nm/lea/bfc6/bfc6d970-097f-11ed-8bf1-00505681224b.pdf","d9btc33rgi8g00bf39n0","1","OCR failed. Command: tesseract /tmp/diml/pngs/d9btc33rgi8g00bf39n0/d9btc33rgi8g00bf39n0.0001.png /tmp/diml/ocr_results/d9btc33rgi8g00bf39n0/d9btc33rgi8g00bf39n0.0001 --oem 1 -l eng --psm 1 . Error: Error in pixCreateHeader: requested w = 36429, h = 60000, d = 8 Error in pixCreateHeader: requested by","NULL","2026-07-16 14:08:35.370","NULL","NULL"
"aec4c684-a5b1-11ec-85d5-00505681224b","s3://enverus-courthouse-prod-chd-plants/nm/lea/aec4/aec4c684-a5b1-11ec-85d5-00505681224b.pdf","d9bu0or1f5dg00be4bcg","1","OCR failed. Command: tesseract /tmp/diml/pngs/d9bu0or1f5dg00be4bcg/d9bu0or1f5dg00be4bcg.0001.png /tmp/diml/ocr_results/d9bu0or1f5dg00be4bcg/d9bu0or1f5dg00be4bcg.0001 --oem 1 -l eng --psm 1 . Error: Error in pixCreateHeader: requested w = 36429, h = 60000, d = 8 Error in pixCreateHeader: requested by","NULL","2026-07-16 14:08:35.370","NULL","NULL"
"3C87D9FC-24FE-4733-8915-AAF963814501","s3://enverus-courthouse-prod-chd-plants/tx/training_pecos/3C87/3C87D9FC-24FE-4733-8915-AAF963814501.pdf","d9btkbjte9l000f7tlog","1","No pdf could be downloaded, error=PDF file tx/training_pecos/3C87/3C87D9FC-24FE-4733-8915-AAF963814501.pdf is too large to be processed, size=1.1168604120612144 GB","NULL","2026-07-16 14:08:35.370","NULL","NULL"
"681823ee-2248-4815-b6b3-9f994e31b3ed","s3://enverus-courthouse-prod-chd-plants/tx/hardeman/6818/681823ee-2248-4815-b6b3-9f994e31b3ed.pdf","c7pcb2so26gg0092qef0","1","No pdf could be downloaded, error=PDF file c7pcb2so26gg0092qef0/c7pcb37orvtg00d733dg/DI22-67354.pdf is too large to be processed, size=1.275087377987802 GB","NULL","2026-07-16 14:08:35.370","NULL","NULL"
"a3f34776-d733-11ec-8421-00505681224b","s3://enverus-courthouse-prod-chd-plants/nm/eog_lea/a3f3/a3f34776-d733-11ec-8421-00505681224b.pdf","d9btkkuicpjg00dbtkh0","1","OCR failed. Command: tesseract /tmp/diml/pngs/d9btkkuicpjg00dbtkh0/d9btkkuicpjg00dbtkh0.0013.png /tmp/diml/ocr_results/d9btkkuicpjg00dbtkh0/d9btkkuicpjg00dbtkh0.0013 --oem 1 -l eng --psm 1 . Error: Error in pixCreateHeader: requested w = 36429, h = 60000, d = 8 Error in pixCreateHeader: requested by","NULL","2026-07-16 14:08:35.370","NULL","NULL"
"bc089e61-42b7-11ec-9e2e-00505681224b","s3://enverus-courthouse-prod-chd-plants/nm/eog_lea/bc08/bc089e61-42b7-11ec-9e2e-00505681224b.pdf","d9bule15jqeg00e8eh3g","1","OCR failed. Command: tesseract /tmp/diml/pngs/d9bule15jqeg00e8eh3g/d9bule15jqeg00e8eh3g.0001.png /tmp/diml/ocr_results/d9bule15jqeg00e8eh3g/d9bule15jqeg00e8eh3g.0001 --oem 1 -l eng --psm 1 . Error: Error in pixCreateHeader: requested w = 36429, h = 60000, d = 8 Error in pixCreateHeader: requested by","NULL","2026-07-16 14:08:35.370","NULL","NULL"
"b310ac82-b5a2-4338-9170-d84258965caa","s3://enverus-courthouse-prod-chd-plants/tx/eog_cooke/b310/b310ac82-b5a2-4338-9170-d84258965caa.pdf","bdljphes7b9jbivoi11g","1","No pdf could be downloaded, error=s3://di-diml-platinum-prod/bdljphes7b9jbivoi11g/bdljphes7b9jbivoi13g/00083749.pdf: Could not connect to the endpoint URL: ""https://sts.us-east-1.amazonaws.com/""","NULL","2026-07-16 14:08:35.370","2026-07-16 20:29:31.970","NULL"
"670d3154-3f8a-11ec-8d68-00505681224b","s3://enverus-courthouse-prod-chd-plants/nm/lea/670d/670d3154-3f8a-11ec-8d68-00505681224b.pdf","d9bt7rb6g7ig00fv1v5g","1","OCR failed. Command: tesseract /tmp/diml/pngs/d9bt7rb6g7ig00fv1v5g/d9bt7rb6g7ig00fv1v5g.0001.png /tmp/diml/ocr_results/d9bt7rb6g7ig00fv1v5g/d9bt7rb6g7ig00fv1v5g.0001 --oem 1 -l eng --psm 1 . Error: Error in pixCreateHeader: requested w = 36429, h = 60000, d = 8 Error in pixCreateHeader: requested by","NULL","2026-07-16 14:08:35.370","NULL","NULL"
"e74ae159-9356-4dd0-97d3-f2fae74c1aa8","s3://enverus-courthouse-prod-chd-plants/tx/grimes/e74a/e74ae159-9356-4dd0-97d3-f2fae74c1aa8.pdf","bdtq2fhmk447qc3fh340","1","Could not read pdf file /tmp/diml/e74ae159-9356-4dd0-97d3-f2fae74c1aa8.pdf, last try failure: list index out of range","NULL","2026-07-16 14:08:35.370","NULL","NULL"
"e187d293-bc7b-11ec-8873-00505681224b","s3://enverus-courthouse-prod-chd-plants/nm/eog_lea/e187/e187d293-bc7b-11ec-8873-00505681224b.pdf","d9bub9vr2ffg00e0sdhg","1","OCR failed. Command: tesseract /tmp/diml/pngs/d9bub9vr2ffg00e0sdhg/d9bub9vr2ffg00e0sdhg.0001.png /tmp/diml/ocr_results/d9bub9vr2ffg00e0sdhg/d9bub9vr2ffg00e0sdhg.0001 --oem 1 -l eng --psm 1 . Error: Error in pixCreateHeader: requested w = 36429, h = 60000, d = 8 Error in pixCreateHeader: requested by","NULL","2026-07-16 14:08:35.370","NULL","NULL"
"5a92a7a1-6226-11ec-80a1-00505681224b","s3://enverus-courthouse-prod-chd-plants/nm/eog_lea/5a92/5a92a7a1-6226-11ec-80a1-00505681224b.pdf","d9bto81hd6mg00bml3hg","1","OCR failed. Command: tesseract /tmp/diml/pngs/d9bto81hd6mg00bml3hg/d9bto81hd6mg00bml3hg.0018.png /tmp/diml/ocr_results/d9bto81hd6mg00bml3hg/d9bto81hd6mg00bml3hg.0018 --oem 1 -l eng --psm 1 . Error: Error in pixCreateHeader: requested w = 36429, h = 60000, d = 8 Error in pixCreateHeader: requested by","NULL","2026-07-16 14:00:00.923","NULL","NULL"
"96807e53-097f-11ed-ad4d-00505681224b","s3://enverus-courthouse-prod-chd-plants/nm/lea/9680/96807e53-097f-11ed-ad4d-00505681224b.pdf","d9bur61kf4s000f8dge0","1","OCR failed. Command: tesseract /tmp/diml/pngs/d9bur61kf4s000f8dge0/d9bur61kf4s000f8dge0.0001.png /tmp/diml/ocr_results/d9bur61kf4s000f8dge0/d9bur61kf4s000f8dge0.0001 --oem 1 -l eng --psm 1 . Error: Error in pixCreateHeader: requested w = 36429, h = 60000, d = 8 Error in pixCreateHeader: requested by","NULL","2026-07-16 14:00:00.923","NULL","NULL"
"447a5b02-097f-11ed-a3ae-00505681224b","s3://enverus-courthouse-prod-chd-plants/nm/lea/447a/447a5b02-097f-11ed-a3ae-00505681224b.pdf","d9btnthd6jhg0083endg","1","OCR failed. Command: tesseract /tmp/diml/pngs/d9btnthd6jhg0083endg/d9btnthd6jhg0083endg.0001.png /tmp/diml/ocr_results/d9btnthd6jhg0083endg/d9btnthd6jhg0083endg.0001 --oem 1 -l eng --psm 1 . Error: Error in pixCreateHeader: requested w = 36429, h = 60000, d = 8 Error in pixCreateHeader: requested by","NULL","2026-07-16 14:00:00.923","NULL","NULL"
"30d392af-ec4c-11eb-800a-00505681224b","s3://enverus-courthouse-prod-chd-plants/nm/eog_lea/30d3/30d392af-ec4c-11eb-800a-00505681224b.pdf","d9bso17r761000decjc0","1","OCR failed. Command: tesseract /tmp/diml/pngs/d9bso17r761000decjc0/d9bso17r761000decjc0.0002.png /tmp/diml/ocr_results/d9bso17r761000decjc0/d9bso17r761000decjc0.0002 --oem 1 -l eng --psm 1 . Error: Error in pixCreateHeader: requested w = 36429, h = 60000, d = 8 Error in pixCreateHeader: requested by","NULL","2026-07-16 14:00:00.923","NULL","NULL"
"3a2e1997-a198-11eb-85be-00505681224b","s3://enverus-courthouse-prod-chd-plants/nm/eog_lea/3a2e/3a2e1997-a198-11eb-85be-00505681224b.pdf","d9bt2bi2oub000e1b5o0","1","OCR failed. Command: tesseract /tmp/diml/pngs/d9bt2bi2oub000e1b5o0/d9bt2bi2oub000e1b5o0.0001.png /tmp/diml/ocr_results/d9bt2bi2oub000e1b5o0/d9bt2bi2oub000e1b5o0.0001 --oem 1 -l eng --psm 1 . Error: Error in pixCreateHeader: requested w = 36429, h = 60000, d = 8 Error in pixCreateHeader: requested by","NULL","2026-07-16 14:00:00.923","NULL","NULL"
"bc089e65-42b7-11ec-bb46-00505681224b","s3://enverus-courthouse-prod-chd-plants/nm/eog_lea/bc08/bc089e65-42b7-11ec-bb46-00505681224b.pdf","d9btlmfr2ffg00dvuds0","1","OCR failed. Command: tesseract /tmp/diml/pngs/d9btlmfr2ffg00dvuds0/d9btlmfr2ffg00dvuds0.0001.png /tmp/diml/ocr_results/d9btlmfr2ffg00dvuds0/d9btlmfr2ffg00dvuds0.0001 --oem 1 -l eng --psm 1 . Error: Error in pixCreateHeader: requested w = 36429, h = 60000, d = 8 Error in pixCreateHeader: requested by","NULL","2026-07-16 14:00:00.923","NULL","NULL"
"c7891e5d-c9db-485d-989e-bda36c7c569e","s3://enverus-courthouse-prod-chd-plants/tx/gray/c789/c7891e5d-c9db-485d-989e-bda36c7c569e.pdf","b915l53l40h01emmuad0","1","No pdf could be downloaded, error=s3://di-diml-platinum-prod/b915l53l40h01emmuad0/b915l5bl40h01emmuaeg/0214391.pdf: Could not connect to the endpoint URL: ""https://di-diml-platinum-prod.s3.amazonaws.com/b915l53l40h01emmuad0/b915l5bl40h01emmuaeg/0214391.pdf""","NULL","2026-07-16 14:00:00.923","2026-07-16 15:30:37.840","NULL"
"00e5a462-a198-11eb-a95a-00505681224b","s3://enverus-courthouse-prod-chd-plants/nm/eog_lea/00e5/00e5a462-a198-11eb-a95a-00505681224b.pdf","d9bthl3dd4a000d4ttbg","1","OCR failed. Command: tesseract /tmp/diml/pngs/d9bthl3dd4a000d4ttbg/d9bthl3dd4a000d4ttbg.0002.png /tmp/diml/ocr_results/d9bthl3dd4a000d4ttbg/d9bthl3dd4a000d4ttbg.0002 --oem 1 -l eng --psm 1 . Error: Error in pixCreateHeader: requested w = 36429, h = 60000, d = 8 Error in pixCreateHeader: requested by","NULL","2026-07-16 14:00:00.923","NULL","NULL"
"42a7fda3-0980-11ed-8729-00505681224b","s3://enverus-courthouse-prod-chd-plants/nm/lea/42a7/42a7fda3-0980-11ed-8729-00505681224b.pdf","d9bsuikflnl000dj0t10","1","OCR failed. Command: tesseract /tmp/diml/pngs/d9bsuikflnl000dj0t10/d9bsuikflnl000dj0t10.0001.png /tmp/diml/ocr_results/d9bsuikflnl000dj0t10/d9bsuikflnl000dj0t10.0001 --oem 1 -l eng --psm 1 . Error: Error in pixCreateHeader: requested w = 36429, h = 60000, d = 8 Error in pixCreateHeader: requested by","NULL","2026-07-16 14:00:00.923","NULL","NULL"
"1b5e634b-d733-11ec-a5b3-00505681224b","s3://enverus-courthouse-prod-chd-plants/nm/lea/1b5e/1b5e634b-d733-11ec-a5b3-00505681224b.pdf","d9bujhgisvug00ful0j0","1","OCR failed. Command: tesseract /tmp/diml/pngs/d9bujhgisvug00ful0j0/d9bujhgisvug00ful0j0.0001.png /tmp/diml/ocr_results/d9bujhgisvug00ful0j0/d9bujhgisvug00ful0j0.0001 --oem 1 -l eng --psm 1 . Error: Error in pixCreateHeader: requested w = 36429, h = 60000, d = 8 Error in pixCreateHeader: requested by","NULL","2026-07-16 14:00:00.923","NULL","NULL"
"17db5459-f80d-11eb-a9c7-00505681224b","s3://enverus-courthouse-prod-chd-plants/nm/eog_lea/17db/17db5459-f80d-11eb-a9c7-00505681224b.pdf","d9bsrcg30skg00d6jn9g","1","OCR failed. Command: tesseract /tmp/diml/pngs/d9bsrcg30skg00d6jn9g/d9bsrcg30skg00d6jn9g.0001.png /tmp/diml/ocr_results/d9bsrcg30skg00d6jn9g/d9bsrcg30skg00d6jn9g.0001 --oem 1 -l eng --psm 1 . Error: Error in pixCreateHeader: requested w = 36429, h = 60000, d = 8 Error in pixCreateHeader: requested by","NULL","2026-07-16 14:00:00.923","NULL","NULL"
"5a9280ae-6226-11ec-9ae0-00505681224b","s3://enverus-courthouse-prod-chd-plants/nm/eog_lea/5a92/5a9280ae-6226-11ec-9ae0-00505681224b.pdf","d9bt0si2oub000e19lk0","1","OCR failed. Command: tesseract /tmp/diml/pngs/d9bt0si2oub000e19lk0/d9bt0si2oub000e19lk0.0001.png /tmp/diml/ocr_results/d9bt0si2oub000e19lk0/d9bt0si2oub000e19lk0.0001 --oem 1 -l eng --psm 1 . Error: Error in pixCreateHeader: requested w = 36429, h = 60000, d = 8 Error in pixCreateHeader: requested by","NULL","2026-07-16 14:00:00.923","NULL","NULL"
"aec42a50-a5b1-11ec-b67c-00505681224b","s3://enverus-courthouse-prod-chd-plants/nm/lea/aec4/aec42a50-a5b1-11ec-b67c-00505681224b.pdf","d9bt6mmicpjg00dbd35g","1","OCR failed. Command: tesseract /tmp/diml/pngs/d9bt6mmicpjg00dbd35g/d9bt6mmicpjg00dbd35g.0001.png /tmp/diml/ocr_results/d9bt6mmicpjg00dbd35g/d9bt6mmicpjg00dbd35g.0001 --oem 1 -l eng --psm 1 . Error: Error in pixCreateHeader: requested w = 36429, h = 60000, d = 8 Error in pixCreateHeader: requested by","NULL","2026-07-16 13:54:50.150","NULL","NULL"
"8c646e32-bc7b-11ec-878c-00505681224b","s3://enverus-courthouse-prod-chd-plants/nm/lea/8c64/8c646e32-bc7b-11ec-878c-00505681224b.pdf","d9bt6hcflnl000dj9h10","1","OCR failed. Command: tesseract /tmp/diml/pngs/d9bt6hcflnl000dj9h10/d9bt6hcflnl000dj9h10.0001.png /tmp/diml/ocr_results/d9bt6hcflnl000dj9h10/d9bt6hcflnl000dj9h10.0001 --oem 1 -l eng --psm 1 . Error: Error in pixCreateHeader: requested w = 36429, h = 60000, d = 8 Error in pixCreateHeader: requested by","NULL","2026-07-16 13:54:50.150","NULL","NULL"
"de932c78-1882-4804-9e01-2537a58b85b0","s3://enverus-courthouse-prod-chd-plants/nm/eog_lea/de93/de932c78-1882-4804-9e01-2537a58b85b0.pdf","d9buk7r1f5dg00bf0mdg","1","Could not read pdf file /tmp/diml/d9buk7r1f5dg00bf0mdg.pdf, last try failure: Unable to rasterize page_extraction page! Command: gs -q -dFirstPage=5 -dLastPage=5 -dBATCH -dNOPAUSE -sDEVICE=pnggray -r300 -sOutputFile=/tmp/diml/pngs/d9buk7r1f5dg00bf0mdg/d9buk7r1f5dg00bf0mdg.0005.png /tmp/diml/d9buk7r1","NULL","2026-07-16 13:54:50.150","NULL","NULL"
"447ad028-097f-11ed-b4d2-00505681224b","s3://enverus-courthouse-prod-chd-plants/nm/lea/447a/447ad028-097f-11ed-b4d2-00505681224b.pdf","d9bu223delo000duoo1g","1","OCR failed. Command: tesseract /tmp/diml/pngs/d9bu223delo000duoo1g/d9bu223delo000duoo1g.0001.png /tmp/diml/ocr_results/d9bu223delo000duoo1g/d9bu223delo000duoo1g.0001 --oem 1 -l eng --psm 1 . Error: Error in pixCreateHeader: requested w = 36429, h = 60000, d = 8 Error in pixCreateHeader: requested by","NULL","2026-07-16 13:54:50.150","NULL","NULL"
"c2441026-3ec2-11ec-b3e3-00505681224b","s3://enverus-courthouse-prod-chd-plants/nm/lea/c244/c2441026-3ec2-11ec-b3e3-00505681224b.pdf","d9bt7shb0h1g00cvuq70","1","OCR failed. Command: tesseract /tmp/diml/pngs/d9bt7shb0h1g00cvuq70/d9bt7shb0h1g00cvuq70.0001.png /tmp/diml/ocr_results/d9bt7shb0h1g00cvuq70/d9bt7shb0h1g00cvuq70.0001 --oem 1 -l eng --psm 1 . Error: Error in pixCreateHeader: requested w = 36429, h = 60000, d = 8 Error in pixCreateHeader: requested by","NULL","2026-07-16 13:54:50.150","NULL","NULL"
"e7e22033-097f-11ed-acd5-00505681224b","s3://enverus-courthouse-prod-chd-plants/nm/lea/e7e2/e7e22033-097f-11ed-acd5-00505681224b.pdf","d9bt5bjk4o9000888bp0","1","OCR failed. Command: tesseract /tmp/diml/pngs/d9bt5bjk4o9000888bp0/d9bt5bjk4o9000888bp0.0001.png /tmp/diml/ocr_results/d9bt5bjk4o9000888bp0/d9bt5bjk4o9000888bp0.0001 --oem 1 -l eng --psm 1 . Error: Error in pixCreateHeader: requested w = 36429, h = 60000, d = 8 Error in pixCreateHeader: requested by","NULL","2026-07-16 13:54:50.150","NULL","NULL"
"f4dd54c3-405b-11ec-a288-00505681224b","s3://enverus-courthouse-prod-chd-plants/nm/eog_lea/f4dd/f4dd54c3-405b-11ec-a288-00505681224b.pdf","d9bu1shhd6mg00bn23sg","1","OCR failed. Command: tesseract /tmp/diml/pngs/d9bu1shhd6mg00bn23sg/d9bu1shhd6mg00bn23sg.0001.png /tmp/diml/ocr_results/d9bu1shhd6mg00bn23sg/d9bu1shhd6mg00bn23sg.0001 --oem 1 -l eng --psm 1 . Error: Error in pixCreateHeader: requested w = 36429, h = 60000, d = 8 Error in pixCreateHeader: requested by","NULL","2026-07-16 13:54:50.150","NULL","NULL"
"f5a140ff-405b-11ec-aa22-00505681224b","s3://enverus-courthouse-prod-chd-plants/nm/eog_lea/f5a1/f5a140ff-405b-11ec-aa22-00505681224b.pdf","d9bu2131f5dg00be6b5g","1","OCR failed. Command: tesseract /tmp/diml/pngs/d9bu2131f5dg00be6b5g/d9bu2131f5dg00be6b5g.0001.png /tmp/diml/ocr_results/d9bu2131f5dg00be6b5g/d9bu2131f5dg00be6b5g.0001 --oem 1 -l eng --psm 1 . Error: Error in pixCreateHeader: requested w = 36429, h = 60000, d = 8 Error in pixCreateHeader: requested by","NULL","2026-07-16 13:54:50.150","NULL","NULL"
"aec4c66e-a5b1-11ec-a4cd-00505681224b","s3://enverus-courthouse-prod-chd-plants/nm/lea/aec4/aec4c66e-a5b1-11ec-a4cd-00505681224b.pdf","d9bupphkf4s000f8b1s0","1","OCR failed. Command: tesseract /tmp/diml/pngs/d9bupphkf4s000f8b1s0/d9bupphkf4s000f8b1s0.0001.png /tmp/diml/ocr_results/d9bupphkf4s000f8b1s0/d9bupphkf4s000f8b1s0.0001 --oem 1 -l eng --psm 1 . Error: Error in pixCreateHeader: requested w = 36429, h = 60000, d = 8 Error in pixCreateHeader: requested by","NULL","2026-07-16 13:54:50.150","NULL","NULL"
"e187d287-bc7b-11ec-bc77-00505681224b","s3://enverus-courthouse-prod-chd-plants/nm/eog_lea/e187/e187d287-bc7b-11ec-bc77-00505681224b.pdf","d9btqpkogvn0009auuk0","1","OCR failed. Command: tesseract /tmp/diml/pngs/d9btqpkogvn0009auuk0/d9btqpkogvn0009auuk0.0001.png /tmp/diml/ocr_results/d9btqpkogvn0009auuk0/d9btqpkogvn0009auuk0.0001 --oem 1 -l eng --psm 1 . Error: Error in pixCreateHeader: requested w = 36429, h = 60000, d = 8 Error in pixCreateHeader: requested by","NULL","2026-07-16 13:54:50.150","NULL","NULL"
"f59f6c47-405b-11ec-a97a-00505681224b","s3://enverus-courthouse-prod-chd-plants/nm/eog_lea/f59f/f59f6c47-405b-11ec-a97a-00505681224b.pdf","d9btqknr761000dfiri0","1","OCR failed. Command: tesseract /tmp/diml/pngs/d9btqknr761000dfiri0/d9btqknr761000dfiri0.0001.png /tmp/diml/ocr_results/d9btqknr761000dfiri0/d9btqknr761000dfiri0.0001 --oem 1 -l eng --psm 1 . Error: Error in pixCreateHeader: requested w = 36429, h = 60000, d = 8 Error in pixCreateHeader: requested by","NULL","2026-07-16 13:54:50.150","NULL","NULL"
"74ebcfaa-3fb9-11eb-8c0f-00505681224b","s3://enverus-courthouse-prod-chd-plants/nm/eog_lea/74eb/74ebcfaa-3fb9-11eb-8c0f-00505681224b.pdf","d9bsstp9ha2000c5i6ig","1","OCR failed. Command: tesseract /tmp/diml/pngs/d9bsstp9ha2000c5i6ig/d9bsstp9ha2000c5i6ig.0001.png /tmp/diml/ocr_results/d9bsstp9ha2000c5i6ig/d9bsstp9ha2000c5i6ig.0001 --oem 1 -l eng --psm 1 . Error: Error in pixCreateHeader: requested w = 36429, h = 60000, d = 8 Error in pixCreateHeader: requested by","NULL","2026-07-16 13:54:50.150","NULL","NULL"
"17db2d4b-f80d-11eb-a12e-00505681224b","s3://enverus-courthouse-prod-chd-plants/nm/eog_lea/17db/17db2d4b-f80d-11eb-a12e-00505681224b.pdf","d9bst9bdd4a000d47l60","1","OCR failed. Command: tesseract /tmp/diml/pngs/d9bst9bdd4a000d47l60/d9bst9bdd4a000d47l60.0002.png /tmp/diml/ocr_results/d9bst9bdd4a000d47l60/d9bst9bdd4a000d47l60.0002 --oem 1 -l eng --psm 1 . Error: Error in pixCreateHeader: requested w = 36429, h = 60000, d = 8 Error in pixCreateHeader: requested by","NULL","2026-07-16 13:54:50.150","NULL","NULL"
"385c6ea5-3fba-11eb-88a2-00505681224b","s3://enverus-courthouse-prod-chd-plants/nm/eog_lea/385c/385c6ea5-3fba-11eb-88a2-00505681224b.pdf","d9bufnq2oub000e35e5g","1","OCR failed. Command: tesseract /tmp/diml/pngs/d9bufnq2oub000e35e5g/d9bufnq2oub000e35e5g.0001.png /tmp/diml/ocr_results/d9bufnq2oub000e35e5g/d9bufnq2oub000e35e5g.0001 --oem 1 -l eng --psm 1 . Error: Error in pixCreateHeader: requested w = 36429, h = 60000, d = 8 Error in pixCreateHeader: requested by","NULL","2026-07-16 13:54:50.150","NULL","NULL"
"9313a049-7d7a-11eb-ae02-00505681224b","s3://enverus-courthouse-prod-chd-plants/nm/eog_lea/9313/9313a049-7d7a-11eb-ae02-00505681224b.pdf","d9btuk3dd4a000d5eiug","1","OCR failed. Command: tesseract /tmp/diml/pngs/d9btuk3dd4a000d5eiug/d9btuk3dd4a000d5eiug.0006.png /tmp/diml/ocr_results/d9btuk3dd4a000d5eiug/d9btuk3dd4a000d5eiug.0006 --oem 1 -l eng --psm 1 . Error: Error in pixCreateHeader: requested w = 36429, h = 60000, d = 8 Error in pixCreateHeader: requested by","NULL","2026-07-16 13:54:50.150","NULL","NULL"
"f5a11a09-405b-11ec-a847-00505681224b","s3://enverus-courthouse-prod-chd-plants/nm/eog_lea/f5a1/f5a11a09-405b-11ec-a847-00505681224b.pdf","d9btvg3s7m5g0088utsg","1","OCR failed. Command: tesseract /tmp/diml/pngs/d9btvg3s7m5g0088utsg/d9btvg3s7m5g0088utsg.0001.png /tmp/diml/ocr_results/d9btvg3s7m5g0088utsg/d9btvg3s7m5g0088utsg.0001 --oem 1 -l eng --psm 1 . Error: Error in pixCreateHeader: requested w = 36429, h = 60000, d = 8 Error in pixCreateHeader: requested by","NULL","2026-07-16 13:54:50.150","NULL","NULL"
"d32d239c-bc7b-11ec-9f4a-00505681224b","s3://enverus-courthouse-prod-chd-plants/nm/eog_lea/d32d/d32d239c-bc7b-11ec-9f4a-00505681224b.pdf","d9buccg59fgg00e31ebg","1","OCR failed. Command: tesseract /tmp/diml/pngs/d9buccg59fgg00e31ebg/d9buccg59fgg00e31ebg.0012.png /tmp/diml/ocr_results/d9buccg59fgg00e31ebg/d9buccg59fgg00e31ebg.0012 --oem 1 -l eng --psm 1 . Error: Error in pixCreateHeader: requested w = 36429, h = 60000, d = 8 Error in pixCreateHeader: requested by","NULL","2026-07-16 13:54:50.150","NULL","NULL"
"465a7b88-ec46-11eb-8f98-00505681224b","s3://enverus-courthouse-prod-chd-plants/nm/eog_lea/465a/465a7b88-ec46-11eb-8f98-00505681224b.pdf","d9bulcuicpjg00ddbhc0","1","OCR failed. Command: tesseract /tmp/diml/pngs/d9bulcuicpjg00ddbhc0/d9bulcuicpjg00ddbhc0.0001.png /tmp/diml/ocr_results/d9bulcuicpjg00ddbhc0/d9bulcuicpjg00ddbhc0.0001 --oem 1 -l eng --psm 1 . Error: Error in pixCreateHeader: requested w = 36429, h = 60000, d = 8 Error in pixCreateHeader: requested by","NULL","2026-07-16 13:54:50.150","NULL","NULL"
"f4ddc9fc-405b-11ec-8e5d-00505681224b","s3://enverus-courthouse-prod-chd-plants/nm/eog_lea/f4dd/f4ddc9fc-405b-11ec-8e5d-00505681224b.pdf","d9bt25hd6jhg0082lseg","1","OCR failed. Command: tesseract /tmp/diml/pngs/d9bt25hd6jhg0082lseg/d9bt25hd6jhg0082lseg.0003.png /tmp/diml/ocr_results/d9bt25hd6jhg0082lseg/d9bt25hd6jhg0082lseg.0003 --oem 1 -l eng --psm 1 . Error: Error in pixCreateHeader: requested w = 36429, h = 60000, d = 8 Error in pixCreateHeader: requested by","NULL","2026-07-16 13:54:50.150","NULL","NULL"
"b5e1e318-d733-11ec-9a83-00505681224b","s3://enverus-courthouse-prod-chd-plants/nm/eog_lea/b5e1/b5e1e318-d733-11ec-9a83-00505681224b.pdf","d9btvqi2oub000e2ek60","1","OCR failed. Command: tesseract /tmp/diml/pngs/d9btvqi2oub000e2ek60/d9btvqi2oub000e2ek60.0001.png /tmp/diml/ocr_results/d9btvqi2oub000e2ek60/d9btvqi2oub000e2ek60.0001 --oem 1 -l eng --psm 1 . Error: Error in pixCreateHeader: requested w = 36429, h = 60000, d = 8 Error in pixCreateHeader: requested by","NULL","2026-07-16 13:54:50.150","NULL","NULL"
"c2443758-3ec2-11ec-800f-00505681224b","s3://enverus-courthouse-prod-chd-plants/nm/lea/c244/c2443758-3ec2-11ec-800f-00505681224b.pdf","d9bt3hfpfcq000femtb0","1","OCR failed. Command: tesseract /tmp/diml/pngs/d9bt3hfpfcq000femtb0/d9bt3hfpfcq000femtb0.0001.png /tmp/diml/ocr_results/d9bt3hfpfcq000femtb0/d9bt3hfpfcq000femtb0.0001 --oem 1 -l eng --psm 1 . Error: Error in pixCreateHeader: requested w = 36429, h = 60000, d = 8 Error in pixCreateHeader: requested by","NULL","2026-07-16 13:54:50.150","NULL","NULL"
"ca5c71ff-097e-11ed-85f2-00505681224b","s3://enverus-courthouse-prod-chd-plants/nm/eog_lea/ca5c/ca5c71ff-097e-11ed-85f2-00505681224b.pdf","d9btmr059fgg00e2300g","1","OCR failed. Command: tesseract /tmp/diml/pngs/d9btmr059fgg00e2300g/d9btmr059fgg00e2300g.0003.png /tmp/diml/ocr_results/d9btmr059fgg00e2300g/d9btmr059fgg00e2300g.0003 --oem 1 -l eng --psm 1 . Error: Error in pixCreateHeader: requested w = 36429, h = 60000, d = 8 Error in pixCreateHeader: requested by","NULL","2026-07-16 13:54:50.150","NULL","NULL"
"bfc72777-097f-11ed-8a44-00505681224b","s3://enverus-courthouse-prod-chd-plants/nm/lea/bfc7/bfc72777-097f-11ed-8a44-00505681224b.pdf","d9bu35fak35000878ghg","1","OCR failed. Command: tesseract /tmp/diml/pngs/d9bu35fak35000878ghg/d9bu35fak35000878ghg.0001.png /tmp/diml/ocr_results/d9bu35fak35000878ghg/d9bu35fak35000878ghg.0001 --oem 1 -l eng --psm 1 . Error: Error in pixCreateHeader: requested w = 36429, h = 60000, d = 8 Error in pixCreateHeader: requested by","NULL","2026-07-16 13:54:50.150","NULL","NULL"
"bc0988c3-42b7-11ec-bb90-00505681224b","s3://enverus-courthouse-prod-chd-plants/nm/eog_lea/bc09/bc0988c3-42b7-11ec-bb90-00505681224b.pdf","d9bteop9ha2000c65ro0","1","OCR failed. Command: tesseract /tmp/diml/pngs/d9bteop9ha2000c65ro0/d9bteop9ha2000c65ro0.0001.png /tmp/diml/ocr_results/d9bteop9ha2000c65ro0/d9bteop9ha2000c65ro0.0001 --oem 1 -l eng --psm 1 . Error: Error in pixCreateHeader: requested w = 36429, h = 60000, d = 8 Error in pixCreateHeader: requested by","NULL","2026-07-16 13:54:50.150","NULL","NULL"
"785ebdde-c5bd-11eb-a879-00505681224b","s3://enverus-courthouse-prod-chd-plants/nm/eog_lea/785e/785ebdde-c5bd-11eb-a879-00505681224b.pdf","d9bteq830skg00d792ag","1","OCR failed. Command: tesseract /tmp/diml/pngs/d9bteq830skg00d792ag/d9bteq830skg00d792ag.0001.png /tmp/diml/ocr_results/d9bteq830skg00d792ag/d9bteq830skg00d792ag.0001 --oem 1 -l eng --psm 1 . Error: Error in pixCreateHeader: requested w = 36429, h = 60000, d = 8 Error in pixCreateHeader: requested by","NULL","2026-07-16 13:54:50.150","NULL","NULL"
"2337b0ae-a429-4171-a7f3-b4546f6c0451","s3://enverus-courthouse-prod-chd-plants/tx/kleberg/2337/2337b0ae-a429-4171-a7f3-b4546f6c0451.pdf","b95q8ppcjjkg1eskhshg","1","No pdf could be downloaded, error=s3://di-diml-platinum-prod/b95q8ppcjjkg1eskhshg/b95q8q1cjjkg1eskhsig/312577.pdf: Could not connect to the endpoint URL: ""https://sts.us-east-1.amazonaws.com/""","NULL","2026-07-16 13:54:50.150","2026-07-16 23:55:10.063","NULL"
"50bfa1eb-40c3-4eef-a01a-56ac1f4ef6c2","s3://enverus-courthouse-prod-chd-plants/tx/eog_gonzales/50bf/50bfa1eb-40c3-4eef-a01a-56ac1f4ef6c2.pdf","b9t2lbivki7g1fu5f6a0","1","No pdf could be downloaded, error=s3://di-diml-platinum-prod/b9t2lbivki7g1fu5f6a0/b9t2lbivki7g1fu5f6c0/17291656.pdf: Could not connect to the endpoint URL: ""https://di-diml-platinum-prod.s3.amazonaws.com/b9t2lbivki7g1fu5f6a0/b9t2lbivki7g1fu5f6c0/17291656.pdf""","NULL","2026-07-16 13:54:50.150","2026-07-16 15:30:37.840","NULL"
"1b5fc2e5-d733-11ec-825d-00505681224b","s3://enverus-courthouse-prod-chd-plants/nm/lea/1b5f/1b5fc2e5-d733-11ec-825d-00505681224b.pdf","d9bu6dbdelo000duuthg","1","OCR failed. Command: tesseract /tmp/diml/pngs/d9bu6dbdelo000duuthg/d9bu6dbdelo000duuthg.0002.png /tmp/diml/ocr_results/d9bu6dbdelo000duuthg/d9bu6dbdelo000duuthg.0002 --oem 1 -l eng --psm 1 . Error: Error in pixCreateHeader: requested w = 36429, h = 60000, d = 8 Error in pixCreateHeader: requested by","NULL","2026-07-16 13:54:50.150","NULL","NULL"
"5a9280b3-6226-11ec-ab13-00505681224b","s3://enverus-courthouse-prod-chd-plants/nm/eog_lea/5a92/5a9280b3-6226-11ec-ab13-00505681224b.pdf","d9bu647r761000dg2n3g","1","OCR failed. Command: tesseract /tmp/diml/pngs/d9bu647r761000dg2n3g/d9bu647r761000dg2n3g.0001.png /tmp/diml/ocr_results/d9bu647r761000dg2n3g/d9bu647r761000dg2n3g.0001 --oem 1 -l eng --psm 1 . Error: Error in pixCreateHeader: requested w = 36429, h = 60000, d = 8 Error in pixCreateHeader: requested by","NULL","2026-07-16 13:54:50.150","NULL","NULL"
"576b2bcf-d733-11ec-8625-00505681224b","s3://enverus-courthouse-prod-chd-plants/nm/lea/576b/576b2bcf-d733-11ec-8625-00505681224b.pdf","d9buga830skg00d8mti0","1","OCR failed. Command: tesseract /tmp/diml/pngs/d9buga830skg00d8mti0/d9buga830skg00d8mti0.0001.png /tmp/diml/ocr_results/d9buga830skg00d8mti0/d9buga830skg00d8mti0.0001 --oem 1 -l eng --psm 1 . Error: Error in pixCreateHeader: requested w = 36429, h = 60000, d = 8 Error in pixCreateHeader: requested by","NULL","2026-07-16 13:54:50.150","NULL","NULL"
"0af6addb-6ea6-4843-aa5b-0cbbc07bef34","s3://enverus-courthouse-prod-chd-plants/tx/upshur/0af6/0af6addb-6ea6-4843-aa5b-0cbbc07bef34.pdf","ba2528qvki7g1fua5c90","1","No pdf could be downloaded, error=s3://di-diml-platinum-prod/ba2528qvki7g1fua5c90/ba2528qvki7g1fua5cag/201706156.pdf: Could not connect to the endpoint URL: ""https://di-diml-platinum-prod.s3.amazonaws.com/ba2528qvki7g1fua5c90/ba2528qvki7g1fua5cag/201706156.pdf""","NULL","2026-07-16 13:54:50.150","2026-07-16 19:57:23.607","NULL"
"d32d238e-bc7b-11ec-81c8-00505681224b","s3://enverus-courthouse-prod-chd-plants/nm/eog_lea/d32d/d32d238e-bc7b-11ec-81c8-00505681224b.pdf","d9bui9js7m5g0089qqag","1","OCR failed. Command: tesseract /tmp/diml/pngs/d9bui9js7m5g0089qqag/d9bui9js7m5g0089qqag.0010.png /tmp/diml/ocr_results/d9bui9js7m5g0089qqag/d9bui9js7m5g0089qqag.0010 --oem 1 -l eng --psm 1 . Error: Error in pixCreateHeader: requested w = 36429, h = 60000, d = 8 Error in pixCreateHeader: requested by","NULL","2026-07-16 13:54:50.150","NULL","NULL"
"272054f8-a32a-11eb-8f96-00505681224b","s3://enverus-courthouse-prod-chd-plants/nm/eog_lea/2720/272054f8-a32a-11eb-8f96-00505681224b.pdf","d9btgj3s7m5g0088c5q0","1","OCR failed. Command: tesseract /tmp/diml/pngs/d9btgj3s7m5g0088c5q0/d9btgj3s7m5g0088c5q0.0002.png /tmp/diml/ocr_results/d9btgj3s7m5g0088c5q0/d9btgj3s7m5g0088c5q0.0002 --oem 1 -l eng --psm 1 . Error: Error in pixCreateHeader: requested w = 36429, h = 60000, d = 8 Error in pixCreateHeader: requested by","NULL","2026-07-16 13:54:50.150","NULL","NULL"
"1b5f26ab-d733-11ec-882d-00505681224b","s3://enverus-courthouse-prod-chd-plants/nm/lea/1b5f/1b5f26ab-d733-11ec-882d-00505681224b.pdf","d9bul7chn77000fblp20","1","OCR failed. Command: tesseract /tmp/diml/pngs/d9bul7chn77000fblp20/d9bul7chn77000fblp20.0002.png /tmp/diml/ocr_results/d9bul7chn77000fblp20/d9bul7chn77000fblp20.0002 --oem 1 -l eng --psm 1 . Error: Error in pixCreateHeader: requested w = 36429, h = 60000, d = 8 Error in pixCreateHeader: requested by","NULL","2026-07-16 13:45:59.757","NULL","NULL"
"67b8881c-3f8a-11ec-88fa-00505681224b","s3://enverus-courthouse-prod-chd-plants/nm/eog_lea/67b8/67b8881c-3f8a-11ec-88fa-00505681224b.pdf","d9bu42cflnl000dket9g","1","OCR failed. Command: tesseract /tmp/diml/pngs/d9bu42cflnl000dket9g/d9bu42cflnl000dket9g.0001.png /tmp/diml/ocr_results/d9bu42cflnl000dket9g/d9bu42cflnl000dket9g.0001 --oem 1 -l eng --psm 1 . Error: Error in pixCreateHeader: requested w = 36429, h = 60000, d = 8 Error in pixCreateHeader: requested by","NULL","2026-07-16 13:45:59.757","NULL","NULL"
"1b5eb15a-d733-11ec-93af-00505681224b","s3://enverus-courthouse-prod-chd-plants/nm/lea/1b5e/1b5eb15a-d733-11ec-93af-00505681224b.pdf","d9btcabdd4a000d4nqg0","1","OCR failed. Command: tesseract /tmp/diml/pngs/d9btcabdd4a000d4nqg0/d9btcabdd4a000d4nqg0.0001.png /tmp/diml/ocr_results/d9btcabdd4a000d4nqg0/d9btcabdd4a000d4nqg0.0001 --oem 1 -l eng --psm 1 . Error: Error in pixCreateHeader: requested w = 36429, h = 60000, d = 8 Error in pixCreateHeader: requested by","NULL","2026-07-16 13:45:59.757","NULL","NULL"
"1b5fc2d6-d733-11ec-a4d5-00505681224b","s3://enverus-courthouse-prod-chd-plants/nm/lea/1b5f/1b5fc2d6-d733-11ec-a4d5-00505681224b.pdf","d9btup31f5dg00be1l4g","1","OCR failed. Command: tesseract /tmp/diml/pngs/d9btup31f5dg00be1l4g/d9btup31f5dg00be1l4g.0001.png /tmp/diml/ocr_results/d9btup31f5dg00be1l4g/d9btup31f5dg00be1l4g.0001 --oem 1 -l eng --psm 1 . Error: Error in pixCreateHeader: requested w = 36429, h = 60000, d = 8 Error in pixCreateHeader: requested by","NULL","2026-07-16 13:45:59.757","NULL","NULL"
"5a928090-6226-11ec-a08b-00505681224b","s3://enverus-courthouse-prod-chd-plants/nm/eog_lea/5a92/5a928090-6226-11ec-a08b-00505681224b.pdf","d9buqpa2oub000e3m6o0","1","OCR failed. Command: tesseract /tmp/diml/pngs/d9buqpa2oub000e3m6o0/d9buqpa2oub000e3m6o0.0001.png /tmp/diml/ocr_results/d9buqpa2oub000e3m6o0/d9buqpa2oub000e3m6o0.0001 --oem 1 -l eng --psm 1 . Error: Error in pixCreateHeader: requested w = 36429, h = 60000, d = 8 Error in pixCreateHeader: requested by","NULL","2026-07-16 13:45:59.757","NULL","NULL"
"b05c78b5-8bcb-11ec-91e7-00505681224b","s3://enverus-courthouse-prod-chd-plants/nm/lea/b05c/b05c78b5-8bcb-11ec-91e7-00505681224b.pdf","d9bucj1hd6mg00bnhsb0","1","OCR failed. Command: tesseract /tmp/diml/pngs/d9bucj1hd6mg00bnhsb0/d9bucj1hd6mg00bnhsb0.0001.png /tmp/diml/ocr_results/d9bucj1hd6mg00bnhsb0/d9bucj1hd6mg00bnhsb0.0001 --oem 1 -l eng --psm 1 . Error: Error in pixCreateHeader: requested w = 36429, h = 60000, d = 8 Error in pixCreateHeader: requested by","NULL","2026-07-16 13:45:59.757","NULL","NULL"
"bd27ac48-bc7b-11ec-a0c0-00505681224b","s3://enverus-courthouse-prod-chd-plants/nm/lea/bd27/bd27ac48-bc7b-11ec-a0c0-00505681224b.pdf","d9bu0uphd6mg00bn0tog","1","OCR failed. Command: tesseract /tmp/diml/pngs/d9bu0uphd6mg00bn0tog/d9bu0uphd6mg00bn0tog.0001.png /tmp/diml/ocr_results/d9bu0uphd6mg00bn0tog/d9bu0uphd6mg00bn0tog.0001 --oem 1 -l eng --psm 1 . Error: Error in pixCreateHeader: requested w = 36429, h = 60000, d = 8 Error in pixCreateHeader: requested by","NULL","2026-07-16 13:45:59.757","NULL","NULL"
"a136dbb2-bc7b-11ec-83f0-00505681224b","s3://enverus-courthouse-prod-chd-plants/nm/lea/a136/a136dbb2-bc7b-11ec-83f0-00505681224b.pdf","d9buajrdelo000dv545g","1","OCR failed. Command: tesseract /tmp/diml/pngs/d9buajrdelo000dv545g/d9buajrdelo000dv545g.0001.png /tmp/diml/ocr_results/d9buajrdelo000dv545g/d9buajrdelo000dv545g.0001 --oem 1 -l eng --psm 1 . Error: Error in pixCreateHeader: requested w = 36429, h = 60000, d = 8 Error in pixCreateHeader: requested by","NULL","2026-07-16 13:36:53.970","NULL","NULL"
"1b5f74bf-d733-11ec-92db-00505681224b","s3://enverus-courthouse-prod-chd-plants/nm/lea/1b5f/1b5f74bf-d733-11ec-92db-00505681224b.pdf","d9btrv1hd6mg00bmpqh0","1","OCR failed. Command: tesseract /tmp/diml/pngs/d9btrv1hd6mg00bmpqh0/d9btrv1hd6mg00bmpqh0.0003.png /tmp/diml/ocr_results/d9btrv1hd6mg00bmpqh0/d9btrv1hd6mg00bmpqh0.0003 --oem 1 -l eng --psm 1 . Error: Error in pixCreateHeader: requested w = 36429, h = 60000, d = 8 Error in pixCreateHeader: requested by","NULL","2026-07-16 13:36:53.970","NULL","NULL"
"1b5dee06-d733-11ec-92ce-00505681224b","s3://enverus-courthouse-prod-chd-plants/nm/lea/1b5d/1b5dee06-d733-11ec-92ce-00505681224b.pdf","d9bt1qvpfdig00fa8tug","1","OCR failed. Command: tesseract /tmp/diml/pngs/d9bt1qvpfdig00fa8tug/d9bt1qvpfdig00fa8tug.0001.png /tmp/diml/ocr_results/d9bt1qvpfdig00fa8tug/d9bt1qvpfdig00fa8tug.0001 --oem 1 -l eng --psm 1 . Error: Error in pixCreateHeader: requested w = 36429, h = 60000, d = 8 Error in pixCreateHeader: requested by","NULL","2026-07-16 13:36:53.970","NULL","NULL"
"b796fb9d-1d24-449f-aa20-a9eebf7e1688","s3://enverus-courthouse-prod-chd-plants/tx/eog_cooke/b796/b796fb9d-1d24-449f-aa20-a9eebf7e1688.pdf","ba1kpjavki7g1fu9s1s0","1","No pdf could be downloaded, error=s3://di-diml-platinum-prod/ba1kpjavki7g1fu9s1s0/ba1kpjivki7g1fu9s1t0/00079839.pdf: Could not connect to the endpoint URL: ""https://di-diml-platinum-prod.s3.amazonaws.com/ba1kpjavki7g1fu9s1s0/ba1kpjivki7g1fu9s1t0/00079839.pdf""","NULL","2026-07-16 13:36:53.970","2026-07-17 01:47:37.223","NULL"
"64bb8424-f812-11eb-b046-00505681224b","s3://enverus-courthouse-prod-chd-plants/nm/lea/64bb/64bb8424-f812-11eb-b046-00505681224b.pdf","d9btu5gisvug00ftl1jg","1","OCR failed. Command: tesseract /tmp/diml/pngs/d9btu5gisvug00ftl1jg/d9btu5gisvug00ftl1jg.0001.png /tmp/diml/ocr_results/d9btu5gisvug00ftl1jg/d9btu5gisvug00ftl1jg.0001 --oem 1 -l eng --psm 1 . Error: Error in pixCreateHeader: requested w = 36429, h = 60000, d = 8 Error in pixCreateHeader: requested by","NULL","2026-07-16 13:36:53.970","NULL","NULL"
"967fbafa-097f-11ed-af5e-00505681224b","s3://enverus-courthouse-prod-chd-plants/nm/lea/967f/967fbafa-097f-11ed-af5e-00505681224b.pdf","d9buht059fgg00e3996g","1","OCR failed. Command: tesseract /tmp/diml/pngs/d9buht059fgg00e3996g/d9buht059fgg00e3996g.0001.png /tmp/diml/ocr_results/d9buht059fgg00e3996g/d9buht059fgg00e3996g.0001 --oem 1 -l eng --psm 1 . Error: Error in pixCreateHeader: requested w = 36429, h = 60000, d = 8 Error in pixCreateHeader: requested by","NULL","2026-07-16 13:36:53.970","NULL","NULL"
"c83f952d-8bcb-11ec-9beb-00505681224b","s3://enverus-courthouse-prod-chd-plants/nm/lea/c83f/c83f952d-8bcb-11ec-9beb-00505681224b.pdf","d9bur1hb0h1g00d24pjg","1","OCR failed. Command: tesseract /tmp/diml/pngs/d9bur1hb0h1g00d24pjg/d9bur1hb0h1g00d24pjg.0001.png /tmp/diml/ocr_results/d9bur1hb0h1g00d24pjg/d9bur1hb0h1g00d24pjg.0001 --oem 1 -l eng --psm 1 . Error: Error in pixCreateHeader: requested w = 36429, h = 60000, d = 8 Error in pixCreateHeader: requested by","NULL","2026-07-16 13:36:53.970","NULL","NULL"
"f59fba62-405b-11ec-977c-00505681224b","s3://enverus-courthouse-prod-chd-plants/nm/eog_lea/f59f/f59fba62-405b-11ec-977c-00505681224b.pdf","d9bsstbk4o900087v23g","1","OCR failed. Command: tesseract /tmp/diml/pngs/d9bsstbk4o900087v23g/d9bsstbk4o900087v23g.0001.png /tmp/diml/ocr_results/d9bsstbk4o900087v23g/d9bsstbk4o900087v23g.0001 --oem 1 -l eng --psm 1 . Error: Error in pixCreateHeader: requested w = 36429, h = 60000, d = 8 Error in pixCreateHeader: requested by","NULL","2026-07-16 13:36:53.970","NULL","NULL"
"d32c6033-bc7b-11ec-a7d4-00505681224b","s3://enverus-courthouse-prod-chd-plants/nm/eog_lea/d32c/d32c6033-bc7b-11ec-a7d4-00505681224b.pdf","d9buqu15jqeg00e8moag","1","OCR failed. Command: tesseract /tmp/diml/pngs/d9buqu15jqeg00e8moag/d9buqu15jqeg00e8moag.0001.png /tmp/diml/ocr_results/d9buqu15jqeg00e8moag/d9buqu15jqeg00e8moag.0001 --oem 1 -l eng --psm 1 . Error: Error in pixCreateHeader: requested w = 36429, h = 60000, d = 8 Error in pixCreateHeader: requested by","NULL","2026-07-16 13:36:53.970","NULL","NULL"
"bc089e68-42b7-11ec-9818-00505681224b","s3://enverus-courthouse-prod-chd-plants/nm/eog_lea/bc08/bc089e68-42b7-11ec-9818-00505681224b.pdf","d9bubmo59fgg00e30lqg","1","OCR failed. Command: tesseract /tmp/diml/pngs/d9bubmo59fgg00e30lqg/d9bubmo59fgg00e30lqg.0001.png /tmp/diml/ocr_results/d9bubmo59fgg00e30lqg/d9bubmo59fgg00e30lqg.0001 --oem 1 -l eng --psm 1 . Error: Error in pixCreateHeader: requested w = 36429, h = 60000, d = 8 Error in pixCreateHeader: requested by","NULL","2026-07-16 13:36:53.970","NULL","NULL"
"e7e2202e-097f-11ed-a7d9-00505681224b","s3://enverus-courthouse-prod-chd-plants/nm/lea/e7e2/e7e2202e-097f-11ed-a7d9-00505681224b.pdf","d9buocg59fgg00e3j68g","1","OCR failed. Command: tesseract /tmp/diml/pngs/d9buocg59fgg00e3j68g/d9buocg59fgg00e3j68g.0004.png /tmp/diml/ocr_results/d9buocg59fgg00e3j68g/d9buocg59fgg00e3j68g.0004 --oem 1 -l eng --psm 1 . Error: Error in pixCreateHeader: requested w = 36429, h = 60000, d = 8 Error in pixCreateHeader: requested by","NULL","2026-07-16 13:36:53.970","NULL","NULL"
"670d314c-3f8a-11ec-9ec2-00505681224b","s3://enverus-courthouse-prod-chd-plants/nm/lea/670d/670d314c-3f8a-11ec-9ec2-00505681224b.pdf","d9buqkjdd4a000d6nolg","1","OCR failed. Command: tesseract /tmp/diml/pngs/d9buqkjdd4a000d6nolg/d9buqkjdd4a000d6nolg.0001.png /tmp/diml/ocr_results/d9buqkjdd4a000d6nolg/d9buqkjdd4a000d6nolg.0001 --oem 1 -l eng --psm 1 . Error: Error in pixCreateHeader: requested w = 36429, h = 60000, d = 8 Error in pixCreateHeader: requested by","NULL","2026-07-16 13:36:53.970","NULL","NULL"
"72849532-bfc0-4c1d-9374-d3bb0cdbbaab","s3://enverus-courthouse-prod-chd-plants/tx/eog_gonzales/7284/72849532-bfc0-4c1d-9374-d3bb0cdbbaab.pdf","bak161slh1gg1g523ku0","1","No pdf could be downloaded, error=s3://di-diml-platinum-prod/bak161slh1gg1g523ku0/bak161slh1gg1g523kv0/18293099.pdf: Could not connect to the endpoint URL: ""https://di-diml-platinum-prod.s3.amazonaws.com/bak161slh1gg1g523ku0/bak161slh1gg1g523kv0/18293099.pdf""","NULL","2026-07-16 13:36:53.970","2026-07-17 01:47:37.223","NULL"
"f59f9369-405b-11ec-8481-00505681224b","s3://enverus-courthouse-prod-chd-plants/nm/eog_lea/f59f/f59f9369-405b-11ec-8481-00505681224b.pdf","d9bu0thhd6mg00bn0qag","1","OCR failed. Command: tesseract /tmp/diml/pngs/d9bu0thhd6mg00bn0qag/d9bu0thhd6mg00bn0qag.0001.png /tmp/diml/ocr_results/d9bu0thhd6mg00bn0qag/d9bu0thhd6mg00bn0qag.0001 --oem 1 -l eng --psm 1 . Error: Error in pixCreateHeader: requested w = 36429, h = 60000, d = 8 Error in pixCreateHeader: requested by","NULL","2026-07-16 13:36:53.970","NULL","NULL"
"f10be278-6225-11ec-af40-00505681224b","s3://enverus-courthouse-prod-chd-plants/nm/lea/f10b/f10be278-6225-11ec-af40-00505681224b.pdf","d9btlmdlksng008eg740","1","OCR failed. Command: tesseract /tmp/diml/pngs/d9btlmdlksng008eg740/d9btlmdlksng008eg740.0001.png /tmp/diml/ocr_results/d9btlmdlksng008eg740/d9btlmdlksng008eg740.0001 --oem 1 -l eng --psm 1 . Error: Error in pixCreateHeader: requested w = 36429, h = 60000, d = 8 Error in pixCreateHeader: requested by","NULL","2026-07-16 13:36:53.970","NULL","NULL"
"5a92598d-6226-11ec-83ac-00505681224b","s3://enverus-courthouse-prod-chd-plants/nm/eog_lea/5a92/5a92598d-6226-11ec-83ac-00505681224b.pdf","d9btb6pkf4s000f6b1ig","1","OCR failed. Command: tesseract /tmp/diml/pngs/d9btb6pkf4s000f6b1ig/d9btb6pkf4s000f6b1ig.0001.png /tmp/diml/ocr_results/d9btb6pkf4s000f6b1ig/d9btb6pkf4s000f6b1ig.0001 --oem 1 -l eng --psm 1 . Error: Error in pixCreateHeader: requested w = 36429, h = 60000, d = 8 Error in pixCreateHeader: requested by","NULL","2026-07-16 13:36:53.970","NULL","NULL"
"abf9053f-de3f-4e3d-bf8e-b113c499e6eb","s3://enverus-courthouse-prod-chd-plants/tx/montgomery/abf9/abf9053f-de3f-4e3d-bf8e-b113c499e6eb.pdf","basgt46il1e01eoe49r0","1","No pdf could be downloaded, error=s3://di-diml-platinum-prod/basgt46il1e01eoe49r0/basgt46il1e01eoe49s0/2018012064.pdf: Could not connect to the endpoint URL: ""https://di-diml-platinum-prod.s3.amazonaws.com/basgt46il1e01eoe49r0/basgt46il1e01eoe49s0/2018012064.pdf""","NULL","2026-07-16 13:36:53.970","2026-07-17 01:47:37.223","NULL"
"be43ffe2-a5b1-11ec-9c61-00505681224b","s3://enverus-courthouse-prod-chd-plants/nm/lea/be43/be43ffe2-a5b1-11ec-9c61-00505681224b.pdf","d9bt81a2oub000e1gu90","1","OCR failed. Command: tesseract /tmp/diml/pngs/d9bt81a2oub000e1gu90/d9bt81a2oub000e1gu90.0001.png /tmp/diml/ocr_results/d9bt81a2oub000e1gu90/d9bt81a2oub000e1gu90.0001 --oem 1 -l eng --psm 1 . Error: Error in pixCreateHeader: requested w = 36429, h = 60000, d = 8 Error in pixCreateHeader: requested by","NULL","2026-07-16 13:36:53.970","NULL","NULL"
"ca5b87c3-097e-11ed-a939-00505681224b","s3://enverus-courthouse-prod-chd-plants/nm/eog_lea/ca5b/ca5b87c3-097e-11ed-a939-00505681224b.pdf","d9bug9q2oub000e36q4g","1","OCR failed. Command: tesseract /tmp/diml/pngs/d9bug9q2oub000e36q4g/d9bug9q2oub000e36q4g.0002.png /tmp/diml/ocr_results/d9bug9q2oub000e36q4g/d9bug9q2oub000e36q4g.0002 --oem 1 -l eng --psm 1 . Error: Error in pixCreateHeader: requested w = 36429, h = 60000, d = 8 Error in pixCreateHeader: requested by","NULL","2026-07-16 13:36:53.970","NULL","NULL"
"92b8d6bf-6955-4208-9fdb-2a3d7bef18ff","s3://enverus-courthouse-prod-chd-plants/tx/upshur/92b8/92b8d6bf-6955-4208-9fdb-2a3d7bef18ff.pdf","baarsaavki7g1fur0ma0","1","No pdf could be downloaded, error=s3://di-diml-platinum-prod/baarsaavki7g1fur0ma0/baarsaavki7g1fur0mbg/201801017.pdf: Could not connect to the endpoint URL: ""https://di-diml-platinum-prod.s3.amazonaws.com/baarsaavki7g1fur0ma0/baarsaavki7g1fur0mbg/201801017.pdf""","NULL","2026-07-16 13:36:53.970","2026-07-16 20:24:05.940","NULL"
"ca5b87a7-097e-11ed-bacb-00505681224b","s3://enverus-courthouse-prod-chd-plants/nm/eog_lea/ca5b/ca5b87a7-097e-11ed-bacb-00505681224b.pdf","d9btce7pfdig00falfi0","1","OCR failed. Command: tesseract /tmp/diml/pngs/d9btce7pfdig00falfi0/d9btce7pfdig00falfi0.0001.png /tmp/diml/ocr_results/d9btce7pfdig00falfi0/d9btce7pfdig00falfi0.0001 --oem 1 -l eng --psm 1 . Error: Error in pixCreateHeader: requested w = 36429, h = 60000, d = 8 Error in pixCreateHeader: requested by","NULL","2026-07-16 13:36:53.970","NULL","NULL"
"b5e1bc1c-d733-11ec-ab46-00505681224b","s3://enverus-courthouse-prod-chd-plants/nm/eog_lea/b5e1/b5e1bc1c-d733-11ec-ab46-00505681224b.pdf","d9bt217pfdig00fa9d60","1","OCR failed. Command: tesseract /tmp/diml/pngs/d9bt217pfdig00fa9d60/d9bt217pfdig00fa9d60.0001.png /tmp/diml/ocr_results/d9bt217pfdig00fa9d60/d9bt217pfdig00fa9d60.0001 --oem 1 -l eng --psm 1 . Error: Error in pixCreateHeader: requested w = 36429, h = 60000, d = 8 Error in pixCreateHeader: requested by","NULL","2026-07-16 13:36:53.970","NULL","NULL"
"447a8219-097f-11ed-9bf9-00505681224b","s3://enverus-courthouse-prod-chd-plants/nm/lea/447a/447a8219-097f-11ed-9bf9-00505681224b.pdf","d9bt2a859fgg00e1bclg","1","OCR failed. Command: tesseract /tmp/diml/pngs/d9bt2a859fgg00e1bclg/d9bt2a859fgg00e1bclg.0006.png /tmp/diml/ocr_results/d9bt2a859fgg00e1bclg/d9bt2a859fgg00e1bclg.0006 --oem 1 -l eng --psm 1 . Error: Error in pixCreateHeader: requested w = 36429, h = 60000, d = 8 Error in pixCreateHeader: requested by","NULL","2026-07-16 13:36:53.970","NULL","NULL"
"d32c3925-bc7b-11ec-b112-00505681224b","s3://enverus-courthouse-prod-chd-plants/nm/eog_lea/d32c/d32c3925-bc7b-11ec-b112-00505681224b.pdf","d9btj4rs7m5g0088f3mg","1","OCR failed. Command: tesseract /tmp/diml/pngs/d9btj4rs7m5g0088f3mg/d9btj4rs7m5g0088f3mg.0002.png /tmp/diml/ocr_results/d9btj4rs7m5g0088f3mg/d9btj4rs7m5g0088f3mg.0002 --oem 1 -l eng --psm 1 . Error: Error in pixCreateHeader: requested w = 36429, h = 60000, d = 8 Error in pixCreateHeader: requested by","NULL","2026-07-16 13:31:13.710","NULL","NULL"
"f59f1e27-405b-11ec-ac82-00505681224b","s3://enverus-courthouse-prod-chd-plants/nm/eog_lea/f59f/f59f1e27-405b-11ec-ac82-00505681224b.pdf","d9bu8cq2oub000e2qtfg","1","OCR failed. Command: tesseract /tmp/diml/pngs/d9bu8cq2oub000e2qtfg/d9bu8cq2oub000e2qtfg.0001.png /tmp/diml/ocr_results/d9bu8cq2oub000e2qtfg/d9bu8cq2oub000e2qtfg.0001 --oem 1 -l eng --psm 1 . Error: Error in pixCreateHeader: requested w = 36429, h = 60000, d = 8 Error in pixCreateHeader: requested by","NULL","2026-07-16 13:31:13.710","NULL","NULL"
"1b36a2b4-3df8-11ec-83f4-00505681224b","s3://enverus-courthouse-prod-chd-plants/nm/lea/1b36/1b36a2b4-3df8-11ec-83f4-00505681224b.pdf","d9bsrfb6g7ig00ful5sg","1","OCR failed. Command: tesseract /tmp/diml/pngs/d9bsrfb6g7ig00ful5sg/d9bsrfb6g7ig00ful5sg.0001.png /tmp/diml/ocr_results/d9bsrfb6g7ig00ful5sg/d9bsrfb6g7ig00ful5sg.0001 --oem 1 -l eng --psm 1 . Error: Error in pixCreateHeader: requested w = 36429, h = 60000, d = 8 Error in pixCreateHeader: requested by","NULL","2026-07-16 13:31:13.710","NULL","NULL"
"a136b4af-bc7b-11ec-a2ae-00505681224b","s3://enverus-courthouse-prod-chd-plants/nm/lea/a136/a136b4af-bc7b-11ec-a2ae-00505681224b.pdf","d9btink1kr4g008dq7h0","1","OCR failed. Command: tesseract /tmp/diml/pngs/d9btink1kr4g008dq7h0/d9btink1kr4g008dq7h0.0008.png /tmp/diml/ocr_results/d9btink1kr4g008dq7h0/d9btink1kr4g008dq7h0.0008 --oem 1 -l eng --psm 1 . Error: Error in pixCreateHeader: requested w = 36429, h = 60000, d = 8 Error in pixCreateHeader: requested by","NULL","2026-07-16 13:31:13.710","NULL","NULL"
"670b839d-3f8a-11ec-8d95-00505681224b","s3://enverus-courthouse-prod-chd-plants/nm/lea/670b/670b839d-3f8a-11ec-8d95-00505681224b.pdf","d9bugpnak3500087rtp0","1","OCR failed. Command: tesseract /tmp/diml/pngs/d9bugpnak3500087rtp0/d9bugpnak3500087rtp0.0001.png /tmp/diml/ocr_results/d9bugpnak3500087rtp0/d9bugpnak3500087rtp0.0001 --oem 1 -l eng --psm 1 . Error: Error in pixCreateHeader: requested w = 36429, h = 60000, d = 8 Error in pixCreateHeader: requested by","NULL","2026-07-16 13:31:13.710","NULL","NULL"
"67b88815-3f8a-11ec-b7d5-00505681224b","s3://enverus-courthouse-prod-chd-plants/nm/eog_lea/67b8/67b88815-3f8a-11ec-b7d5-00505681224b.pdf","d9bu48bdd4a000d5mteg","1","OCR failed. Command: tesseract /tmp/diml/pngs/d9bu48bdd4a000d5mteg/d9bu48bdd4a000d5mteg.0001.png /tmp/diml/ocr_results/d9bu48bdd4a000d5mteg/d9bu48bdd4a000d5mteg.0001 --oem 1 -l eng --psm 1 . Error: Error in pixCreateHeader: requested w = 36429, h = 60000, d = 8 Error in pixCreateHeader: requested by","NULL","2026-07-16 13:31:13.710","NULL","NULL"
"8232b09c-479e-4eb7-8d0c-4b85be802943","s3://enverus-courthouse-prod-chd-plants/tx/denton/8232/8232b09c-479e-4eb7-8d0c-4b85be802943.pdf","bb73o3breesg2eqqvhag","1","No pdf could be downloaded, error=s3://di-diml-platinum-prod/bb73o3breesg2eqqvhag/bb73o3breesg2eqqvhbg/27482.pdf: Could not connect to the endpoint URL: ""https://di-diml-platinum-prod.s3.amazonaws.com/bb73o3breesg2eqqvhag/bb73o3breesg2eqqvhbg/27482.pdf""","NULL","2026-07-16 13:31:13.710","2026-07-16 15:05:13.280","NULL"
"2b61979a-3e81-4b91-a2a9-b18be88eab53","s3://enverus-courthouse-prod-chd-plants/ok/stephens/2b61/2b61979a-3e81-4b91-a2a9-b18be88eab53.pdf","bbb4imqooehg1f46h8ng","1","No pdf could be downloaded, error=s3://di-diml-platinum-prod/bbb4imqooehg1f46h8ng/bbb4imta0ln01fk4ie4g/003879.pdf: Could not connect to the endpoint URL: ""https://di-diml-platinum-prod.s3.amazonaws.com/bbb4imqooehg1f46h8ng/bbb4imta0ln01fk4ie4g/003879.pdf""","NULL","2026-07-16 13:31:13.710","2026-07-16 15:05:13.280","NULL"
"49319940-440e-4d07-8e94-51478a3cc9c4","s3://enverus-courthouse-prod-chd-plants/tx/montgomery/4931/49319940-440e-4d07-8e94-51478a3cc9c4.pdf","bbf12jfl4i9g1gdq61gg","1","No pdf could be downloaded, error=s3://di-diml-platinum-prod/bbf12jfl4i9g1gdq61gg/bbf12jfl4i9g1gdq61i0/2018027566.pdf: Could not connect to the endpoint URL: ""https://di-diml-platinum-prod.s3.amazonaws.com/bbf12jfl4i9g1gdq61gg/bbf12jfl4i9g1gdq61i0/2018027566.pdf""","NULL","2026-07-16 13:31:13.710","2026-07-16 15:05:13.280","NULL"
"8c650a73-bc7b-11ec-87c3-00505681224b","s3://enverus-courthouse-prod-chd-plants/nm/lea/8c65/8c650a73-bc7b-11ec-87c3-00505681224b.pdf","d9bt95j1f5dg00bd6el0","1","OCR failed. Command: tesseract /tmp/diml/pngs/d9bt95j1f5dg00bd6el0/d9bt95j1f5dg00bd6el0.0001.png /tmp/diml/ocr_results/d9bt95j1f5dg00bd6el0/d9bt95j1f5dg00bd6el0.0001 --oem 1 -l eng --psm 1 . Error: Error in pixCreateHeader: requested w = 36429, h = 60000, d = 8 Error in pixCreateHeader: requested by","NULL","2026-07-16 13:31:13.710","NULL","NULL"
"855ebef5-4889-4bce-811a-0f4f9573af9b","s3://enverus-courthouse-prod-chd-plants/tx/eog_gonzales/855e/855ebef5-4889-4bce-811a-0f4f9573af9b.pdf","b9t2lc2vki7g1fu5f6jg","1","No pdf could be downloaded, error=s3://di-diml-platinum-prod/b9t2lc2vki7g1fu5f6jg/b9t2lcavki7g1fu5f6l0/17291659.pdf: Could not connect to the endpoint URL: ""https://di-diml-platinum-prod.s3.amazonaws.com/b9t2lc2vki7g1fu5f6jg/b9t2lcavki7g1fu5f6l0/17291659.pdf""","NULL","2026-07-16 13:31:13.710","2026-07-17 00:05:54.327","NULL"
"e187f9ad-bc7b-11ec-a6a1-00505681224b","s3://enverus-courthouse-prod-chd-plants/nm/eog_lea/e187/e187f9ad-bc7b-11ec-a6a1-00505681224b.pdf","d9bt577pfdig00fad1o0","1","OCR failed. Command: tesseract /tmp/diml/pngs/d9bt577pfdig00fad1o0/d9bt577pfdig00fad1o0.0001.png /tmp/diml/ocr_results/d9bt577pfdig00fad1o0/d9bt577pfdig00fad1o0.0001 --oem 1 -l eng --psm 1 . Error: Error in pixCreateHeader: requested w = 36429, h = 60000, d = 8 Error in pixCreateHeader: requested by","NULL","2026-07-16 13:31:13.710","NULL","NULL"
"4cd92987-8bcc-11ec-bb2b-00505681224b","s3://enverus-courthouse-prod-chd-plants/nm/eog_lea/4cd9/4cd92987-8bcc-11ec-bb2b-00505681224b.pdf","d9bumfgisvug00fupg10","1","OCR failed. Command: tesseract /tmp/diml/pngs/d9bumfgisvug00fupg10/d9bumfgisvug00fupg10.0005.png /tmp/diml/ocr_results/d9bumfgisvug00fupg10/d9bumfgisvug00fupg10.0005 --oem 1 -l eng --psm 1 . Error: Error in pixCreateHeader: requested w = 36429, h = 60000, d = 8 Error in pixCreateHeader: requested by","NULL","2026-07-16 13:31:13.710","NULL","NULL"
"18146024-e57d-4c2f-bbec-6ea551426ac5","s3://enverus-courthouse-prod-chd-plants/tx/nueces/1814/18146024-e57d-4c2f-bbec-6ea551426ac5.pdf","bdg6dkcu4dh024ktenn0","1","No pdf could be downloaded, error=s3://di-diml-platinum-prod/bdg6dkcu4dh024ktenn0/bdg6dkes7b9g1m6q20fg/2018032352.pdf: Could not connect to the endpoint URL: ""https://di-diml-platinum-prod.s3.amazonaws.com/bdg6dkcu4dh024ktenn0/bdg6dkes7b9g1m6q20fg/2018032352.pdf""","NULL","2026-07-16 13:24:41.930","2026-07-16 14:56:59.470","NULL"
"d32d2387-bc7b-11ec-837e-00505681224b","s3://enverus-courthouse-prod-chd-plants/nm/eog_lea/d32d/d32d2387-bc7b-11ec-837e-00505681224b.pdf","d9bunljte9l000f9fv70","1","OCR failed. Command: tesseract /tmp/diml/pngs/d9bunljte9l000f9fv70/d9bunljte9l000f9fv70.0001.png /tmp/diml/ocr_results/d9bunljte9l000f9fv70/d9bunljte9l000f9fv70.0001 --oem 1 -l eng --psm 1 . Error: Error in pixCreateHeader: requested w = 36429, h = 60000, d = 8 Error in pixCreateHeader: requested by","NULL","2026-07-16 13:24:41.930","NULL","NULL"
"5a9280a9-6226-11ec-8cd8-00505681224b","s3://enverus-courthouse-prod-chd-plants/nm/eog_lea/5a92/5a9280a9-6226-11ec-8cd8-00505681224b.pdf","d9bt511kf4s000f63i2g","1","OCR failed. Command: tesseract /tmp/diml/pngs/d9bt511kf4s000f63i2g/d9bt511kf4s000f63i2g.0001.png /tmp/diml/ocr_results/d9bt511kf4s000f63i2g/d9bt511kf4s000f63i2g.0001 --oem 1 -l eng --psm 1 . Error: Error in pixCreateHeader: requested w = 36429, h = 60000, d = 8 Error in pixCreateHeader: requested by","NULL","2026-07-16 13:24:41.930","NULL","NULL"
"c83ef8e1-8bcb-11ec-a0db-00505681224b","s3://enverus-courthouse-prod-chd-plants/nm/lea/c83e/c83ef8e1-8bcb-11ec-a0db-00505681224b.pdf","d9btkijk4o900088q0r0","1","OCR failed. Command: tesseract /tmp/diml/pngs/d9btkijk4o900088q0r0/d9btkijk4o900088q0r0.0001.png /tmp/diml/ocr_results/d9btkijk4o900088q0r0/d9btkijk4o900088q0r0.0001 --oem 1 -l eng --psm 1 . Error: Error in pixCreateHeader: requested w = 36429, h = 60000, d = 8 Error in pixCreateHeader: requested by","NULL","2026-07-16 13:24:41.930","NULL","NULL"
"a81b18fb-66e1-428e-97b5-f1fd89201077","s3://enverus-courthouse-prod-chd-plants/tx/ochiltree/a81b/a81b18fb-66e1-428e-97b5-f1fd89201077.pdf","ba62roivki7g1fuir0mg","1","No pdf could be downloaded, error=s3://di-diml-platinum-prod/ba62roivki7g1fuir0mg/ba62roqvki7g1fuir0ng/2018-253.pdf: Could not connect to the endpoint URL: ""https://di-diml-platinum-prod.s3.amazonaws.com/ba62roivki7g1fuir0mg/ba62roqvki7g1fuir0ng/2018-253.pdf""","NULL","2026-07-16 13:24:41.930","2026-07-17 01:24:03.937","NULL"
"b5e20a28-d733-11ec-873c-00505681224b","s3://enverus-courthouse-prod-chd-plants/nm/eog_lea/b5e2/b5e20a28-d733-11ec-873c-00505681224b.pdf","d9btrmrdelo000dufb4g","1","OCR failed. Command: tesseract /tmp/diml/pngs/d9btrmrdelo000dufb4g/d9btrmrdelo000dufb4g.0001.png /tmp/diml/ocr_results/d9btrmrdelo000dufb4g/d9btrmrdelo000dufb4g.0001 --oem 1 -l eng --psm 1 . Error: Error in pixCreateHeader: requested w = 36429, h = 60000, d = 8 Error in pixCreateHeader: requested by","NULL","2026-07-16 13:24:41.930","NULL","NULL"
"67b74f99-3f8a-11ec-9080-00505681224b","s3://enverus-courthouse-prod-chd-plants/nm/eog_lea/67b7/67b74f99-3f8a-11ec-9080-00505681224b.pdf","d9btro7r2ffg00e05r6g","1","OCR failed. Command: tesseract /tmp/diml/pngs/d9btro7r2ffg00e05r6g/d9btro7r2ffg00e05r6g.0002.png /tmp/diml/ocr_results/d9btro7r2ffg00e05r6g/d9btro7r2ffg00e05r6g.0002 --oem 1 -l eng --psm 1 . Error: Error in pixCreateHeader: requested w = 36429, h = 60000, d = 8 Error in pixCreateHeader: requested by","NULL","2026-07-16 13:24:41.930","NULL","NULL"
"f59f4520-405b-11ec-bd62-00505681224b","s3://enverus-courthouse-prod-chd-plants/nm/eog_lea/f59f/f59f4520-405b-11ec-bd62-00505681224b.pdf","d9btrrfpfcq000ffk1eg","1","OCR failed. Command: tesseract /tmp/diml/pngs/d9btrrfpfcq000ffk1eg/d9btrrfpfcq000ffk1eg.0006.png /tmp/diml/ocr_results/d9btrrfpfcq000ffk1eg/d9btrrfpfcq000ffk1eg.0006 --oem 1 -l eng --psm 1 . Error: Error in pixCreateHeader: requested w = 36429, h = 60000, d = 8 Error in pixCreateHeader: requested by","NULL","2026-07-16 13:24:41.930","NULL","NULL"
"576b04be-d733-11ec-b63d-00505681224b","s3://enverus-courthouse-prod-chd-plants/nm/lea/576b/576b04be-d733-11ec-b63d-00505681224b.pdf","d9bu0j5lksng008eua8g","1","OCR failed. Command: tesseract /tmp/diml/pngs/d9bu0j5lksng008eua8g/d9bu0j5lksng008eua8g.0001.png /tmp/diml/ocr_results/d9bu0j5lksng008eua8g/d9bu0j5lksng008eua8g.0001 --oem 1 -l eng --psm 1 . Error: Error in pixCreateHeader: requested w = 36429, h = 60000, d = 8 Error in pixCreateHeader: requested by","NULL","2026-07-16 13:24:41.930","NULL","NULL"
"c243c221-3ec2-11ec-9bf4-00505681224b","s3://enverus-courthouse-prod-chd-plants/nm/lea/c243/c243c221-3ec2-11ec-9bf4-00505681224b.pdf","d9bu74jdd4a000d5qlcg","1","OCR failed. Command: tesseract /tmp/diml/pngs/d9bu74jdd4a000d5qlcg/d9bu74jdd4a000d5qlcg.0001.png /tmp/diml/ocr_results/d9bu74jdd4a000d5qlcg/d9bu74jdd4a000d5qlcg.0001 --oem 1 -l eng --psm 1 . Error: Error in pixCreateHeader: requested w = 36429, h = 60000, d = 8 Error in pixCreateHeader: requested by","NULL","2026-07-16 13:24:41.930","NULL","NULL"
"1b5ed88a-d733-11ec-bbaf-00505681224b","s3://enverus-courthouse-prod-chd-plants/nm/lea/1b5e/1b5ed88a-d733-11ec-bbaf-00505681224b.pdf","d9buk2rs7m5g0089t4g0","1","OCR failed. Command: tesseract /tmp/diml/pngs/d9buk2rs7m5g0089t4g0/d9buk2rs7m5g0089t4g0.0001.png /tmp/diml/ocr_results/d9buk2rs7m5g0089t4g0/d9buk2rs7m5g0089t4g0.0001 --oem 1 -l eng --psm 1 . Error: Error in pixCreateHeader: requested w = 36429, h = 60000, d = 8 Error in pixCreateHeader: requested by","NULL","2026-07-16 13:19:40.790","NULL","NULL"
"67b9244c-3f8a-11ec-badb-00505681224b","s3://enverus-courthouse-prod-chd-plants/nm/eog_lea/67b9/67b9244c-3f8a-11ec-badb-00505681224b.pdf","d9bt51chn77000f9l660","1","OCR failed. Command: tesseract /tmp/diml/pngs/d9bt51chn77000f9l660/d9bt51chn77000f9l660.0001.png /tmp/diml/ocr_results/d9bt51chn77000f9l660/d9bt51chn77000f9l660.0001 --oem 1 -l eng --psm 1 . Error: Error in pixCreateHeader: requested w = 36429, h = 60000, d = 8 Error in pixCreateHeader: requested by","NULL","2026-07-16 13:19:40.790","NULL","NULL"
"f35cffb4-0b8a-424b-abbe-4914f7078ab3","s3://enverus-courthouse-prod-chd-plants/tx/frio/f35c/f35cffb4-0b8a-424b-abbe-4914f7078ab3.pdf","bhs0uvdh56pg33a1bne0","1","No pdf could be downloaded, error=PDF file bhs0uvdh56pg33a1bne0/bhs0uvdh56pg33a1bnf0/0153373.pdf is too large to be processed, size=2.819480416364968 GB","NULL","2026-07-16 13:19:40.790","NULL","NULL"
"be4426fe-a5b1-11ec-aed2-00505681224b","s3://enverus-courthouse-prod-chd-plants/nm/lea/be44/be4426fe-a5b1-11ec-aed2-00505681224b.pdf","d9bu9ipd6jhg00847ms0","1","OCR failed. Command: tesseract /tmp/diml/pngs/d9bu9ipd6jhg00847ms0/d9bu9ipd6jhg00847ms0.0001.png /tmp/diml/ocr_results/d9bu9ipd6jhg00847ms0/d9bu9ipd6jhg00847ms0.0001 --oem 1 -l eng --psm 1 . Error: Error in pixCreateHeader: requested w = 36429, h = 60000, d = 8 Error in pixCreateHeader: requested by","NULL","2026-07-16 13:19:40.790","NULL","NULL"
"d32d2395-bc7b-11ec-ad4d-00505681224b","s3://enverus-courthouse-prod-chd-plants/nm/eog_lea/d32d/d32d2395-bc7b-11ec-ad4d-00505681224b.pdf","d9btginpfdig00faq84g","1","OCR failed. Command: tesseract /tmp/diml/pngs/d9btginpfdig00faq84g/d9btginpfdig00faq84g.0001.png /tmp/diml/ocr_results/d9btginpfdig00faq84g/d9btginpfdig00faq84g.0001 --oem 1 -l eng --psm 1 . Error: Error in pixCreateHeader: requested w = 36429, h = 60000, d = 8 Error in pixCreateHeader: requested by","NULL","2026-07-16 13:19:40.790","NULL","NULL"
"bc0913ab-42b7-11ec-b73d-00505681224b","s3://enverus-courthouse-prod-chd-plants/nm/eog_lea/bc09/bc0913ab-42b7-11ec-b73d-00505681224b.pdf","d9bt21b6g7ig00furpt0","1","OCR failed. Command: tesseract /tmp/diml/pngs/d9bt21b6g7ig00furpt0/d9bt21b6g7ig00furpt0.0001.png /tmp/diml/ocr_results/d9bt21b6g7ig00furpt0/d9bt21b6g7ig00furpt0.0001 --oem 1 -l eng --psm 1 . Error: Error in pixCreateHeader: requested w = 36429, h = 60000, d = 8 Error in pixCreateHeader: requested by","NULL","2026-07-16 13:19:40.790","NULL","NULL"
"b5e1bbf7-d733-11ec-a2c3-00505681224b","s3://enverus-courthouse-prod-chd-plants/nm/eog_lea/b5e1/b5e1bbf7-d733-11ec-a2c3-00505681224b.pdf","d9bto4fak3500086p93g","1","OCR failed. Command: tesseract /tmp/diml/pngs/d9bto4fak3500086p93g/d9bto4fak3500086p93g.0001.png /tmp/diml/ocr_results/d9bto4fak3500086p93g/d9bto4fak3500086p93g.0001 --oem 1 -l eng --psm 1 . Error: Error in pixCreateHeader: requested w = 36429, h = 60000, d = 8 Error in pixCreateHeader: requested by","NULL","2026-07-16 13:19:40.790","NULL","NULL"
"aec4786d-a5b1-11ec-9de3-00505681224b","s3://enverus-courthouse-prod-chd-plants/nm/lea/aec4/aec4786d-a5b1-11ec-9de3-00505681224b.pdf","d9bu51h9ha2000c72s10","1","OCR failed. Command: tesseract /tmp/diml/pngs/d9bu51h9ha2000c72s10/d9bu51h9ha2000c72s10.0001.png /tmp/diml/ocr_results/d9bu51h9ha2000c72s10/d9bu51h9ha2000c72s10.0001 --oem 1 -l eng --psm 1 . Error: Error in pixCreateHeader: requested w = 36429, h = 60000, d = 8 Error in pixCreateHeader: requested by","NULL","2026-07-16 13:19:40.790","NULL","NULL"
"b5e20a19-d733-11ec-a611-00505681224b","s3://enverus-courthouse-prod-chd-plants/nm/eog_lea/b5e2/b5e20a19-d733-11ec-a611-00505681224b.pdf","d9bu54rs7m5g008976ag","1","OCR failed. Command: tesseract /tmp/diml/pngs/d9bu54rs7m5g008976ag/d9bu54rs7m5g008976ag.0001.png /tmp/diml/ocr_results/d9bu54rs7m5g008976ag/d9bu54rs7m5g008976ag.0001 --oem 1 -l eng --psm 1 . Error: Error in pixCreateHeader: requested w = 36429, h = 60000, d = 8 Error in pixCreateHeader: requested by","NULL","2026-07-16 13:19:40.790","NULL","NULL"
"bfc6d965-097f-11ed-a884-00505681224b","s3://enverus-courthouse-prod-chd-plants/nm/lea/bfc6/bfc6d965-097f-11ed-a884-00505681224b.pdf","d9bujbfpfdig00fcafp0","1","OCR failed. Command: tesseract /tmp/diml/pngs/d9bujbfpfdig00fcafp0/d9bujbfpfdig00fcafp0.0004.png /tmp/diml/ocr_results/d9bujbfpfdig00fcafp0/d9bujbfpfdig00fcafp0.0004 --oem 1 -l eng --psm 1 . Error: Error in pixCreateHeader: requested w = 36429, h = 60000, d = 8 Error in pixCreateHeader: requested by","NULL","2026-07-16 13:19:40.790","NULL","NULL"
"785f0bfa-c5bd-11eb-86be-00505681224b","s3://enverus-courthouse-prod-chd-plants/nm/eog_lea/785f/785f0bfa-c5bd-11eb-86be-00505681224b.pdf","d9buapbrgi8g00bgcni0","1","OCR failed. Command: tesseract /tmp/diml/pngs/d9buapbrgi8g00bgcni0/d9buapbrgi8g00bgcni0.0004.png /tmp/diml/ocr_results/d9buapbrgi8g00bgcni0/d9buapbrgi8g00bgcni0.0004 --oem 1 -l eng --psm 1 . Error: Error in pixCreateHeader: requested w = 36429, h = 60000, d = 8 Error in pixCreateHeader: requested by","NULL","2026-07-16 13:19:40.790","NULL","NULL"
"c83ed1d4-8bcb-11ec-9949-00505681224b","s3://enverus-courthouse-prod-chd-plants/nm/lea/c83e/c83ed1d4-8bcb-11ec-9949-00505681224b.pdf","d9bu73eicpjg00dcm4r0","1","OCR failed. Command: tesseract /tmp/diml/pngs/d9bu73eicpjg00dcm4r0/d9bu73eicpjg00dcm4r0.0001.png /tmp/diml/ocr_results/d9bu73eicpjg00dcm4r0/d9bu73eicpjg00dcm4r0.0001 --oem 1 -l eng --psm 1 . Error: Error in pixCreateHeader: requested w = 36429, h = 60000, d = 8 Error in pixCreateHeader: requested by","NULL","2026-07-16 13:13:16.787","NULL","NULL"
"785e48a0-c5bd-11eb-a48e-00505681224b","s3://enverus-courthouse-prod-chd-plants/nm/eog_lea/785e/785e48a0-c5bd-11eb-a48e-00505681224b.pdf","d9bucashn77000fb8na0","1","OCR failed. Command: tesseract /tmp/diml/pngs/d9bucashn77000fb8na0/d9bucashn77000fb8na0.0001.png /tmp/diml/ocr_results/d9bucashn77000fb8na0/d9bucashn77000fb8na0.0001 --oem 1 -l eng --psm 1 . Error: Error in pixCreateHeader: requested w = 36429, h = 60000, d = 8 Error in pixCreateHeader: requested by","NULL","2026-07-16 13:13:16.787","NULL","NULL"
"465a5466-ec46-11eb-ade3-00505681224b","s3://enverus-courthouse-prod-chd-plants/nm/eog_lea/465a/465a5466-ec46-11eb-ade3-00505681224b.pdf","d9bu52830skg00d8601g","1","OCR failed. Command: tesseract /tmp/diml/pngs/d9bu52830skg00d8601g/d9bu52830skg00d8601g.0004.png /tmp/diml/ocr_results/d9bu52830skg00d8601g/d9bu52830skg00d8601g.0004 --oem 1 -l eng --psm 1 . Error: Error in pixCreateHeader: requested w = 36429, h = 60000, d = 8 Error in pixCreateHeader: requested by","NULL","2026-07-16 13:13:16.787","NULL","NULL"
"1b5fc2d5-d733-11ec-befd-00505681224b","s3://enverus-courthouse-prod-chd-plants/nm/lea/1b5f/1b5fc2d5-d733-11ec-befd-00505681224b.pdf","d9bucjq2oub000e31ec0","1","OCR failed. Command: tesseract /tmp/diml/pngs/d9bucjq2oub000e31ec0/d9bucjq2oub000e31ec0.0005.png /tmp/diml/ocr_results/d9bucjq2oub000e31ec0/d9bucjq2oub000e31ec0.0005 --oem 1 -l eng --psm 1 . Error: Error in pixCreateHeader: requested w = 36429, h = 60000, d = 8 Error in pixCreateHeader: requested by","NULL","2026-07-16 13:13:16.787","NULL","NULL"
"e187d2a8-bc7b-11ec-9cea-00505681224b","s3://enverus-courthouse-prod-chd-plants/nm/eog_lea/e187/e187d2a8-bc7b-11ec-9cea-00505681224b.pdf","d9bt9ljk4o900088d3t0","1","OCR failed. Command: tesseract /tmp/diml/pngs/d9bt9ljk4o900088d3t0/d9bt9ljk4o900088d3t0.0008.png /tmp/diml/ocr_results/d9bt9ljk4o900088d3t0/d9bt9ljk4o900088d3t0.0008 --oem 1 -l eng --psm 1 . Error: Error in pixCreateHeader: requested w = 36429, h = 60000, d = 8 Error in pixCreateHeader: requested by","NULL","2026-07-16 13:13:16.787","NULL","NULL"
"30d4cb3d-ec4c-11eb-a17b-00505681224b","s3://enverus-courthouse-prod-chd-plants/nm/eog_lea/30d4/30d4cb3d-ec4c-11eb-a17b-00505681224b.pdf","d9btkf41kr4g008dst6g","1","OCR failed. Command: tesseract /tmp/diml/pngs/d9btkf41kr4g008dst6g/d9btkf41kr4g008dst6g.0001.png /tmp/diml/ocr_results/d9btkf41kr4g008dst6g/d9btkf41kr4g008dst6g.0001 --oem 1 -l eng --psm 1 . Error: Error in pixCreateHeader: requested w = 36429, h = 60000, d = 8 Error in pixCreateHeader: requested by","NULL","2026-07-16 13:13:16.787","NULL","NULL"
"c83f952f-8bcb-11ec-835b-00505681224b","s3://enverus-courthouse-prod-chd-plants/nm/lea/c83f/c83f952f-8bcb-11ec-835b-00505681224b.pdf","d9btqunpfcq000ffj9n0","1","OCR failed. Command: tesseract /tmp/diml/pngs/d9btqunpfcq000ffj9n0/d9btqunpfcq000ffj9n0.0001.png /tmp/diml/ocr_results/d9btqunpfcq000ffj9n0/d9btqunpfcq000ffj9n0.0001 --oem 1 -l eng --psm 1 . Error: Error in pixCreateHeader: requested w = 36429, h = 60000, d = 8 Error in pixCreateHeader: requested by","NULL","2026-07-16 13:13:16.787","NULL","NULL"
"f59f1e32-405b-11ec-aee6-00505681224b","s3://enverus-courthouse-prod-chd-plants/nm/eog_lea/f59f/f59f1e32-405b-11ec-aee6-00505681224b.pdf","d9bumbh5jqeg00e8fvug","1","OCR failed. Command: tesseract /tmp/diml/pngs/d9bumbh5jqeg00e8fvug/d9bumbh5jqeg00e8fvug.0001.png /tmp/diml/ocr_results/d9bumbh5jqeg00e8fvug/d9bumbh5jqeg00e8fvug.0001 --oem 1 -l eng --psm 1 . Error: Error in pixCreateHeader: requested w = 36429, h = 60000, d = 8 Error in pixCreateHeader: requested by","NULL","2026-07-16 13:07:34.770","NULL","NULL"
"bc09d6d9-42b7-11ec-9945-00505681224b","s3://enverus-courthouse-prod-chd-plants/nm/eog_lea/bc09/bc09d6d9-42b7-11ec-9945-00505681224b.pdf","d9btljh9ha2000c6e4ng","1","OCR failed. Command: tesseract /tmp/diml/pngs/d9btljh9ha2000c6e4ng/d9btljh9ha2000c6e4ng.0005.png /tmp/diml/ocr_results/d9btljh9ha2000c6e4ng/d9btljh9ha2000c6e4ng.0005 --oem 1 -l eng --psm 1 . Error: Error in pixCreateHeader: requested w = 36429, h = 60000, d = 8 Error in pixCreateHeader: requested by","NULL","2026-07-16 13:07:34.770","NULL","NULL"
"c83e5c96-8bcb-11ec-ab7a-00505681224b","s3://enverus-courthouse-prod-chd-plants/nm/lea/c83e/c83e5c96-8bcb-11ec-ab7a-00505681224b.pdf","d9bu0fjk4o90008995cg","1","OCR failed. Command: tesseract /tmp/diml/pngs/d9bu0fjk4o90008995cg/d9bu0fjk4o90008995cg.0001.png /tmp/diml/ocr_results/d9bu0fjk4o90008995cg/d9bu0fjk4o90008995cg.0001 --oem 1 -l eng --psm 1 . Error: Error in pixCreateHeader: requested w = 36429, h = 60000, d = 8 Error in pixCreateHeader: requested by","NULL","2026-07-16 13:07:34.770","NULL","NULL"
"c83e5c93-8bcb-11ec-bf58-00505681224b","s3://enverus-courthouse-prod-chd-plants/nm/lea/c83e/c83e5c93-8bcb-11ec-bf58-00505681224b.pdf","d9btub5lksng008er03g","1","OCR failed. Command: tesseract /tmp/diml/pngs/d9btub5lksng008er03g/d9btub5lksng008er03g.0001.png /tmp/diml/ocr_results/d9btub5lksng008er03g/d9btub5lksng008er03g.0001 --oem 1 -l eng --psm 1 . Error: Error in pixCreateHeader: requested w = 36429, h = 60000, d = 8 Error in pixCreateHeader: requested by","NULL","2026-07-16 13:07:34.770","NULL","NULL"
"e187d28c-bc7b-11ec-97b7-00505681224b","s3://enverus-courthouse-prod-chd-plants/nm/eog_lea/e187/e187d28c-bc7b-11ec-97b7-00505681224b.pdf","d9bspn7pfdig00fa15r0","1","OCR failed. Command: tesseract /tmp/diml/pngs/d9bspn7pfdig00fa15r0/d9bspn7pfdig00fa15r0.0001.png /tmp/diml/ocr_results/d9bspn7pfdig00fa15r0/d9bspn7pfdig00fa15r0.0001 --oem 1 -l eng --psm 1 . Error: Error in pixCreateHeader: requested w = 36429, h = 60000, d = 8 Error in pixCreateHeader: requested by","NULL","2026-07-16 13:00:50.157","NULL","NULL"
"bc093aae-42b7-11ec-8029-00505681224b","s3://enverus-courthouse-prod-chd-plants/nm/eog_lea/bc09/bc093aae-42b7-11ec-8029-00505681224b.pdf","d9bspcjte9l000f6vifg","1","OCR failed. Command: tesseract /tmp/diml/pngs/d9bspcjte9l000f6vifg/d9bspcjte9l000f6vifg.0001.png /tmp/diml/ocr_results/d9bspcjte9l000f6vifg/d9bspcjte9l000f6vifg.0001 --oem 1 -l eng --psm 1 . Error: Error in pixCreateHeader: requested w = 36429, h = 60000, d = 8 Error in pixCreateHeader: requested by","NULL","2026-07-16 13:00:50.157","NULL","NULL"
"42a824b4-0980-11ed-9ce1-00505681224b","s3://enverus-courthouse-prod-chd-plants/nm/lea/42a8/42a824b4-0980-11ed-9ce1-00505681224b.pdf","d9btvbg59fgg00e2dv8g","1","OCR failed. Command: tesseract /tmp/diml/pngs/d9btvbg59fgg00e2dv8g/d9btvbg59fgg00e2dv8g.0001.png /tmp/diml/ocr_results/d9btvbg59fgg00e2dv8g/d9btvbg59fgg00e2dv8g.0001 --oem 1 -l eng --psm 1 . Error: Error in pixCreateHeader: requested w = 36429, h = 60000, d = 8 Error in pixCreateHeader: requested by","NULL","2026-07-16 13:00:50.157","NULL","NULL"
"1b5e3c2c-d733-11ec-a250-00505681224b","s3://enverus-courthouse-prod-chd-plants/nm/lea/1b5e/1b5e3c2c-d733-11ec-a250-00505681224b.pdf","d9bu4141kr4g008ehnq0","1","OCR failed. Command: tesseract /tmp/diml/pngs/d9bu4141kr4g008ehnq0/d9bu4141kr4g008ehnq0.0001.png /tmp/diml/ocr_results/d9bu4141kr4g008ehnq0/d9bu4141kr4g008ehnq0.0001 --oem 1 -l eng --psm 1 . Error: Error in pixCreateHeader: requested w = 36429, h = 60000, d = 8 Error in pixCreateHeader: requested by","NULL","2026-07-16 13:00:50.157","NULL","NULL"
"e7e22035-097f-11ed-b746-00505681224b","s3://enverus-courthouse-prod-chd-plants/nm/lea/e7e2/e7e22035-097f-11ed-b746-00505681224b.pdf","d9bu63rrgi8g00bg5ak0","1","OCR failed. Command: tesseract /tmp/diml/pngs/d9bu63rrgi8g00bg5ak0/d9bu63rrgi8g00bg5ak0.0002.png /tmp/diml/ocr_results/d9bu63rrgi8g00bg5ak0/d9bu63rrgi8g00bg5ak0.0002 --oem 1 -l eng --psm 1 . Error: Error in pixCreateHeader: requested w = 36429, h = 60000, d = 8 Error in pixCreateHeader: requested by","NULL","2026-07-16 13:00:50.157","NULL","NULL"
"f59fe17a-405b-11ec-ad8a-00505681224b","s3://enverus-courthouse-prod-chd-plants/nm/eog_lea/f59f/f59fe17a-405b-11ec-ad8a-00505681224b.pdf","d9bu6bbs7m5g008993ag","1","OCR failed. Command: tesseract /tmp/diml/pngs/d9bu6bbs7m5g008993ag/d9bu6bbs7m5g008993ag.0001.png /tmp/diml/ocr_results/d9bu6bbs7m5g008993ag/d9bu6bbs7m5g008993ag.0001 --oem 1 -l eng --psm 1 . Error: Error in pixCreateHeader: requested w = 36429, h = 60000, d = 8 Error in pixCreateHeader: requested by","NULL","2026-07-16 13:00:50.157","NULL","NULL"
"c8400a37-8bcb-11ec-b13c-00505681224b","s3://enverus-courthouse-prod-chd-plants/nm/lea/c840/c8400a37-8bcb-11ec-b13c-00505681224b.pdf","d9bu7er1f5dg00bee1ag","1","OCR failed. Command: tesseract /tmp/diml/pngs/d9bu7er1f5dg00bee1ag/d9bu7er1f5dg00bee1ag.0001.png /tmp/diml/ocr_results/d9bu7er1f5dg00bee1ag/d9bu7er1f5dg00bee1ag.0001 --oem 1 -l eng --psm 1 . Error: Error in pixCreateHeader: requested w = 36429, h = 60000, d = 8 Error in pixCreateHeader: requested by","NULL","2026-07-16 13:00:50.157","NULL","NULL"
"ca5b87bb-097e-11ed-9687-00505681224b","s3://enverus-courthouse-prod-chd-plants/nm/eog_lea/ca5b/ca5b87bb-097e-11ed-9687-00505681224b.pdf","d9bu8mr6g7ig0080da30","1","OCR failed. Command: tesseract /tmp/diml/pngs/d9bu8mr6g7ig0080da30/d9bu8mr6g7ig0080da30.0001.png /tmp/diml/ocr_results/d9bu8mr6g7ig0080da30/d9bu8mr6g7ig0080da30.0001 --oem 1 -l eng --psm 1 . Error: Error in pixCreateHeader: requested w = 36429, h = 60000, d = 8 Error in pixCreateHeader: requested by","NULL","2026-07-16 13:00:50.157","NULL","NULL"
"67b6da78-3f8a-11ec-b05e-00505681224b","s3://enverus-courthouse-prod-chd-plants/nm/eog_lea/67b6/67b6da78-3f8a-11ec-b05e-00505681224b.pdf","d9btt7llksng008epl4g","1","OCR failed. Command: tesseract /tmp/diml/pngs/d9btt7llksng008epl4g/d9btt7llksng008epl4g.0001.png /tmp/diml/ocr_results/d9btt7llksng008epl4g/d9btt7llksng008epl4g.0001 --oem 1 -l eng --psm 1 . Error: Error in pixCreateHeader: requested w = 36429, h = 60000, d = 8 Error in pixCreateHeader: requested by","NULL","2026-07-16 13:00:50.157","NULL","NULL"
"447af74a-097f-11ed-9ecf-00505681224b","s3://enverus-courthouse-prod-chd-plants/nm/lea/447a/447af74a-097f-11ed-9ecf-00505681224b.pdf","d9bujfcflnl000dl5jp0","1","OCR failed. Command: tesseract /tmp/diml/pngs/d9bujfcflnl000dl5jp0/d9bujfcflnl000dl5jp0.0001.png /tmp/diml/ocr_results/d9bujfcflnl000dl5jp0/d9bujfcflnl000dl5jp0.0001 --oem 1 -l eng --psm 1 . Error: Error in pixCreateHeader: requested w = 36429, h = 60000, d = 8 Error in pixCreateHeader: requested by","NULL","2026-07-16 13:00:50.157","NULL","NULL"
"f5a18f34-405b-11ec-8090-00505681224b","s3://enverus-courthouse-prod-chd-plants/nm/eog_lea/f5a1/f5a18f34-405b-11ec-8090-00505681224b.pdf","d9bugqvpfdig00fc6epg","1","OCR failed. Command: tesseract /tmp/diml/pngs/d9bugqvpfdig00fc6epg/d9bugqvpfdig00fc6epg.0001.png /tmp/diml/ocr_results/d9bugqvpfdig00fc6epg/d9bugqvpfdig00fc6epg.0001 --oem 1 -l eng --psm 1 . Error: Error in pixCreateHeader: requested w = 36429, h = 60000, d = 8 Error in pixCreateHeader: requested by","NULL","2026-07-16 12:53:32.417","NULL","NULL"
"967fe226-097f-11ed-a40e-00505681224b","s3://enverus-courthouse-prod-chd-plants/nm/lea/967f/967fe226-097f-11ed-a40e-00505681224b.pdf","d9btkbjrgi8g00bfd9l0","1","OCR failed. Command: tesseract /tmp/diml/pngs/d9btkbjrgi8g00bfd9l0/d9btkbjrgi8g00bfd9l0.0001.png /tmp/diml/ocr_results/d9btkbjrgi8g00bfd9l0/d9btkbjrgi8g00bfd9l0.0001 --oem 1 -l eng --psm 1 . Error: Error in pixCreateHeader: requested w = 36429, h = 60000, d = 8 Error in pixCreateHeader: requested by","NULL","2026-07-16 12:53:32.417","NULL","NULL"
"04b9f161-d3ea-11eb-a6ca-00505681224b","s3://enverus-courthouse-prod-chd-plants/nm/eog_lea/04b9/04b9f161-d3ea-11eb-a6ca-00505681224b.pdf","d9bur2cflnl000dlh1p0","1","OCR failed. Command: tesseract /tmp/diml/pngs/d9bur2cflnl000dlh1p0/d9bur2cflnl000dlh1p0.0001.png /tmp/diml/ocr_results/d9bur2cflnl000dlh1p0/d9bur2cflnl000dlh1p0.0001 --oem 1 -l eng --psm 1 . Error: Error in pixCreateHeader: requested w = 36429, h = 60000, d = 8 Error in pixCreateHeader: requested by","NULL","2026-07-16 12:53:32.417","NULL","NULL"
"f10a34bb-6225-11ec-b843-00505681224b","s3://enverus-courthouse-prod-chd-plants/nm/lea/f10a/f10a34bb-6225-11ec-b843-00505681224b.pdf","d9bum4b1f5dg00bf3fn0","1","OCR failed. Command: tesseract /tmp/diml/pngs/d9bum4b1f5dg00bf3fn0/d9bum4b1f5dg00bf3fn0.0001.png /tmp/diml/ocr_results/d9bum4b1f5dg00bf3fn0/d9bum4b1f5dg00bf3fn0.0001 --oem 1 -l eng --psm 1 . Error: Error in pixCreateHeader: requested w = 36429, h = 60000, d = 8 Error in pixCreateHeader: requested by","NULL","2026-07-16 12:46:16.953","NULL","NULL"
"aec49f81-a5b1-11ec-9042-00505681224b","s3://enverus-courthouse-prod-chd-plants/nm/lea/aec4/aec49f81-a5b1-11ec-9042-00505681224b.pdf","d9btb4pd6jhg0082vvlg","1","OCR failed. Command: tesseract /tmp/diml/pngs/d9btb4pd6jhg0082vvlg/d9btb4pd6jhg0082vvlg.0001.png /tmp/diml/ocr_results/d9btb4pd6jhg0082vvlg/d9btb4pd6jhg0082vvlg.0001 --oem 1 -l eng --psm 1 . Error: Error in pixCreateHeader: requested w = 36429, h = 60000, d = 8 Error in pixCreateHeader: requested by","NULL","2026-07-16 12:46:16.953","NULL","NULL"
"576b52e6-d733-11ec-a369-00505681224b","s3://enverus-courthouse-prod-chd-plants/nm/lea/576b/576b52e6-d733-11ec-a369-00505681224b.pdf","d9btalcogvn0009aant0","1","OCR failed. Command: tesseract /tmp/diml/pngs/d9btalcogvn0009aant0/d9btalcogvn0009aant0.0001.png /tmp/diml/ocr_results/d9btalcogvn0009aant0/d9btalcogvn0009aant0.0001 --oem 1 -l eng --psm 1 . Error: Error in pixCreateHeader: requested w = 36429, h = 60000, d = 8 Error in pixCreateHeader: requested by","NULL","2026-07-16 12:46:16.953","NULL","NULL"
"1b5dc6e9-d733-11ec-8063-00505681224b","s3://enverus-courthouse-prod-chd-plants/nm/lea/1b5d/1b5dc6e9-d733-11ec-8063-00505681224b.pdf","d9btvn7pfdig00fbdkm0","1","OCR failed. Command: tesseract /tmp/diml/pngs/d9btvn7pfdig00fbdkm0/d9btvn7pfdig00fbdkm0.0004.png /tmp/diml/ocr_results/d9btvn7pfdig00fbdkm0/d9btvn7pfdig00fbdkm0.0004 --oem 1 -l eng --psm 1 . Error: Error in pixCreateHeader: requested w = 36429, h = 60000, d = 8 Error in pixCreateHeader: requested by","NULL","2026-07-16 12:39:06.040","NULL","NULL"
"576b04d0-d733-11ec-9142-00505681224b","s3://enverus-courthouse-prod-chd-plants/nm/lea/576b/576b04d0-d733-11ec-9142-00505681224b.pdf","d9bu9kfpfcq000fg81g0","1","OCR failed. Command: tesseract /tmp/diml/pngs/d9bu9kfpfcq000fg81g0/d9bu9kfpfcq000fg81g0.0001.png /tmp/diml/ocr_results/d9bu9kfpfcq000fg81g0/d9bu9kfpfcq000fg81g0.0001 --oem 1 -l eng --psm 1 . Error: Error in pixCreateHeader: requested w = 36429, h = 60000, d = 8 Error in pixCreateHeader: requested by","NULL","2026-07-16 12:39:06.040","NULL","NULL"
"b5e1e305-d733-11ec-b154-00505681224b","s3://enverus-courthouse-prod-chd-plants/nm/eog_lea/b5e1/b5e1e305-d733-11ec-b154-00505681224b.pdf","d9bu969kf4s000f7i0u0","1","OCR failed. Command: tesseract /tmp/diml/pngs/d9bu969kf4s000f7i0u0/d9bu969kf4s000f7i0u0.0001.png /tmp/diml/ocr_results/d9bu969kf4s000f7i0u0/d9bu969kf4s000f7i0u0.0001 --oem 1 -l eng --psm 1 . Error: Error in pixCreateHeader: requested w = 36429, h = 60000, d = 8 Error in pixCreateHeader: requested by","NULL","2026-07-16 12:39:06.040","NULL","NULL"
"c24373f6-3ec2-11ec-a34e-00505681224b","s3://enverus-courthouse-prod-chd-plants/nm/lea/c243/c24373f6-3ec2-11ec-a34e-00505681224b.pdf","d9bu7i19ha2000c76sv0","1","OCR failed. Command: tesseract /tmp/diml/pngs/d9bu7i19ha2000c76sv0/d9bu7i19ha2000c76sv0.0001.png /tmp/diml/ocr_results/d9bu7i19ha2000c76sv0/d9bu7i19ha2000c76sv0.0001 --oem 1 -l eng --psm 1 . Error: Error in pixCreateHeader: requested w = 36429, h = 60000, d = 8 Error in pixCreateHeader: requested by","NULL","2026-07-16 12:39:06.040","NULL","NULL"
"bfc6642e-097f-11ed-a7ad-00505681224b","s3://enverus-courthouse-prod-chd-plants/nm/lea/bfc6/bfc6642e-097f-11ed-a7ad-00505681224b.pdf","d9buf4b1f5dg00bepaeg","1","OCR failed. Command: tesseract /tmp/diml/pngs/d9buf4b1f5dg00bepaeg/d9buf4b1f5dg00bepaeg.0001.png /tmp/diml/ocr_results/d9buf4b1f5dg00bepaeg/d9buf4b1f5dg00bepaeg.0001 --oem 1 -l eng --psm 1 . Error: Error in pixCreateHeader: requested w = 36429, h = 60000, d = 8 Error in pixCreateHeader: requested by","NULL","2026-07-16 12:39:06.040","NULL","NULL"
"bc09138c-42b7-11ec-8309-00505681224b","s3://enverus-courthouse-prod-chd-plants/nm/eog_lea/bc09/bc09138c-42b7-11ec-8309-00505681224b.pdf","d9btk3u89gsg00fg3reg","1","OCR failed. Command: tesseract /tmp/diml/pngs/d9btk3u89gsg00fg3reg/d9btk3u89gsg00fg3reg.0008.png /tmp/diml/ocr_results/d9btk3u89gsg00fg3reg/d9btk3u89gsg00fg3reg.0008 --oem 1 -l eng --psm 1 . Error: Error in pixCreateHeader: requested w = 36429, h = 60000, d = 8 Error in pixCreateHeader: requested by","NULL","2026-07-16 12:33:42.710","NULL","NULL"
"bd27d376-bc7b-11ec-b43b-00505681224b","s3://enverus-courthouse-prod-chd-plants/nm/lea/bd27/bd27d376-bc7b-11ec-b43b-00505681224b.pdf","d9buh87pfdig00fc7emg","1","OCR failed. Command: tesseract /tmp/diml/pngs/d9buh87pfdig00fc7emg/d9buh87pfdig00fc7emg.0002.png /tmp/diml/ocr_results/d9buh87pfdig00fc7emg/d9buh87pfdig00fc7emg.0002 --oem 1 -l eng --psm 1 . Error: Error in pixCreateHeader: requested w = 36429, h = 60000, d = 8 Error in pixCreateHeader: requested by","NULL","2026-07-16 12:27:07.940","NULL","NULL"
"a906958d-690b-4f0f-87d9-8ddc1e15bc03","s3://enverus-courthouse-prod-chd-plants/mt/richland/a906/a906958d-690b-4f0f-87d9-8ddc1e15bc03.pdf","d429gg9pnfb000acmec0","3","No pdf could be downloaded, error=Parameter validation failed: Invalid bucket name """": Bucket name must match the regex ""^[a-zA-Z0-9.\-_]{1,255}$"" or be an ARN matching the regex ""^arn:(aws).*:(s3|s3-object-lambda):[a-z\-0-9]*:[0-9]{12}:accesspoint[/:][a-zA-Z0-9\-.]{1,63}$|^arn:(aws).*:s3-outposts:[","NULL","2025-10-31 06:12:20.573","NULL","NULL"
"52e0061d-f1d5-4a59-926e-2930efd1b522","s3://enverus-courthouse-prod-chd-plants/co/weld/52e0/52e0061d-f1d5-4a59-926e-2930efd1b522.pdf","d3gf3e90p9q0008herv0","3","No pdf could be downloaded, error=Parameter validation failed: Invalid bucket name """": Bucket name must match the regex ""^[a-zA-Z0-9.\-_]{1,255}$"" or be an ARN matching the regex ""^arn:(aws).*:(s3|s3-object-lambda):[a-z\-0-9]*:[0-9]{12}:accesspoint[/:][a-zA-Z0-9\-.]{1,63}$|^arn:(aws).*:s3-outposts:[","NULL","2025-10-04 05:11:16.720","NULL","NULL"
"9854cb41-645b-43bc-b29e-02bea8d9f326","s3://enverus-courthouse-prod-chd-plants/nm/mora/9854/9854cb41-645b-43bc-b29e-02bea8d9f326.pdf","cv81nqdf9qc000f5mfcg","3","No pdf available","NULL","2025-03-11 07:51:16.600","NULL","NULL"
"1385dadf-d96b-11eb-8637-00505681224b","s3://enverus-courthouse-prod-chd-plants/nm/valencia/1385/1385dadf-d96b-11eb-8637-00505681224b.pdf","cv81npojl1k000devvfg","3","No pdf available","NULL","2025-03-11 07:41:11.770","NULL","NULL"
"5d5e6915-041a-4c5a-8c07-96018466db24","s3://enverus-courthouse-prod-chd-plants/tx/nueces/5d5e/5d5e6915-041a-4c5a-8c07-96018466db24.pdf","cv81hu548bhg00fe4rh0","3","No pdf available","NULL","2025-03-11 07:36:10.800","NULL","NULL"
"f841edfb-e74e-4cbe-9c25-78a6722cbd17","s3://enverus-courthouse-prod-chd-plants/tx/nueces/f841/f841edfb-e74e-4cbe-9c25-78a6722cbd17.pdf","cv81hs90noj0009p01pg","3","No pdf available","NULL","2025-03-11 07:36:10.800","NULL","NULL"
"d2151920-5226-48b4-b892-a17157437eeb","s3://enverus-courthouse-prod-chd-plants/tx/nueces/d215/d2151920-5226-48b4-b892-a17157437eeb.pdf","cv81k98jl1k000devj60","3","No pdf available","NULL","2025-03-11 07:31:02.267","NULL","NULL"
"daea1c46-15a1-4131-bfda-f8cff6dc6dcc","s3://enverus-courthouse-prod-chd-plants/tx/nueces/daea/daea1c46-15a1-4131-bfda-f8cff6dc6dcc.pdf","cv81i0mufh8000b1c2fg","3","No pdf available","NULL","2025-03-11 07:31:02.267","NULL","NULL"
"0d2caab6-e829-44f8-a9a2-1685567af4c5","s3://enverus-courthouse-prod-chd-plants/tx/nueces/0d2c/0d2caab6-e829-44f8-a9a2-1685567af4c5.pdf","cv81k3hkbgn000e0s3n0","3","No pdf available","NULL","2025-03-11 07:31:02.267","NULL","NULL"
"61ca7daf-55b4-4ce5-a0ac-6d4c8bcfb368","s3://enverus-courthouse-prod-chd-plants/tx/nueces/61ca/61ca7daf-55b4-4ce5-a0ac-6d4c8bcfb368.pdf","cv81hqc71kmg00epgr70","3","No pdf available","NULL","2025-03-11 07:31:02.267","NULL","NULL"
"b7ce85ba-5aab-413f-8716-9dc5ba2bad03","s3://enverus-courthouse-prod-chd-plants/tx/nueces/b7ce/b7ce85ba-5aab-413f-8716-9dc5ba2bad03.pdf","cv81i1hcb5dg00a489o0","3","No pdf available","NULL","2025-03-11 07:25:57.787","NULL","NULL"
"efe88a29-686b-4540-a544-482ac267849b","s3://enverus-courthouse-prod-chd-plants/nm/mora/efe8/efe88a29-686b-4540-a544-482ac267849b.pdf","cv81nq5f9qc000f5meq0","3","No pdf available","NULL","2025-03-11 07:25:57.787","NULL","NULL"
"fef14045-0356-4ccf-87e6-5ef64e16e648","s3://enverus-courthouse-prod-chd-plants/tx/nueces/fef1/fef14045-0356-4ccf-87e6-5ef64e16e648.pdf","cv81kc10noj0009p1ur0","3","No pdf available","NULL","2025-03-11 07:25:57.787","NULL","NULL"
"700a51b6-e1ef-4ac0-b186-4e24da4af503","s3://enverus-courthouse-prod-chd-plants/tx/nueces/700a/700a51b6-e1ef-4ac0-b186-4e24da4af503.pdf","cv81hrtf9qc000f5ka10","3","No pdf available","NULL","2025-03-11 07:25:57.787","NULL","NULL"
"0f360de9-6b88-4f9b-9c6c-cdcfd061dc5e","s3://enverus-courthouse-prod-chd-plants/tx/nueces/0f36/0f360de9-6b88-4f9b-9c6c-cdcfd061dc5e.pdf","cv81jumu4ibg00fgumh0","3","No pdf available","NULL","2025-03-11 07:25:57.787","NULL","NULL"
"d3f9e30b-8144-4b04-b0aa-1a0139afa91f","s3://enverus-courthouse-prod-chd-plants/tx/nueces/d3f9/d3f9e30b-8144-4b04-b0aa-1a0139afa91f.pdf","cv81k9uufh8000b1dh5g","3","No pdf available","NULL","2025-03-11 07:20:52.587","NULL","NULL"
"df86c253-dbde-4bf1-b844-579c6e7e399c","s3://enverus-courthouse-prod-chd-plants/tx/nueces/df86/df86c253-dbde-4bf1-b844-579c6e7e399c.pdf","cv81k7mlgqn000ek50m0","3","No pdf available","NULL","2025-03-11 07:20:52.587","NULL","NULL"
"e58e4ca6-a3fd-4b2c-8311-2679152765c7","s3://enverus-courthouse-prod-chd-plants/tx/nueces/e58e/e58e4ca6-a3fd-4b2c-8311-2679152765c7.pdf","cv81i1778nbg00aa53m0","3","No pdf available","NULL","2025-03-11 07:20:52.587","NULL","NULL"
"38f00365-348b-4caa-8baf-91ba9bb8605b","s3://enverus-courthouse-prod-chd-plants/tx/nueces/38f0/38f00365-348b-4caa-8baf-91ba9bb8605b.pdf","cv81k4elgqn000ek4pmg","3","No pdf available","NULL","2025-03-11 07:20:52.587","NULL","NULL"
"525e92d8-08ed-4ade-a402-6953b2ebabad","s3://enverus-courthouse-prod-chd-plants/tx/nueces/525e/525e92d8-08ed-4ade-a402-6953b2ebabad.pdf","cv81k2bjeb6g00dssjng","3","No pdf available","NULL","2025-03-11 07:20:52.587","NULL","NULL"
"552f0366-6221-4f78-b3a6-af9d80ccfeb8","s3://enverus-courthouse-prod-chd-plants/tx/nueces/552f/552f0366-6221-4f78-b3a6-af9d80ccfeb8.pdf","cv81hqk71kmg00epgs10","3","No pdf available","NULL","2025-03-11 07:20:52.587","NULL","NULL"
"5f07f2f9-2e51-11ec-9153-00505681224b","s3://enverus-courthouse-prod-chd-plants/nm/sierra/5f07/5f07f2f9-2e51-11ec-9153-00505681224b.pdf","cv81ns3fb450008a11ig","3","No pdf available","NULL","2025-03-11 07:20:52.587","NULL","NULL"
"439a6b74-1e2b-4029-9a24-715d2a8f8bd8","s3://enverus-courthouse-prod-chd-plants/tx/nueces/439a/439a6b74-1e2b-4029-9a24-715d2a8f8bd8.pdf","cv81k586fpcg00fk8b40","3","No pdf available","NULL","2025-03-11 07:20:52.587","NULL","NULL"
"cf4ba236-981e-4b8a-a272-b20bf068007c","s3://enverus-courthouse-prod-chd-plants/tx/nueces/cf4b/cf4ba236-981e-4b8a-a272-b20bf068007c.pdf","cv81kcku5sig00bejuog","3","No pdf available","NULL","2025-03-11 07:15:40.903","NULL","NULL"
"efad417a-94c0-41cc-a7b3-af173c325114","s3://enverus-courthouse-prod-chd-plants/tx/nueces/efad/efad417a-94c0-41cc-a7b3-af173c325114.pdf","cv81k0agd82000f0h6l0","3","No pdf available","NULL","2025-03-11 07:15:40.903","NULL","NULL"
"764130ea-45bd-412a-850b-6f1200ea9246","s3://enverus-courthouse-prod-chd-plants/tx/nueces/7641/764130ea-45bd-412a-850b-6f1200ea9246.pdf","cv81i70jl1k000deujjg","3","No pdf available","NULL","2025-03-11 07:15:40.903","NULL","NULL"
"44c07bd6-1d07-4b47-b5c8-802c625f9d0e","s3://enverus-courthouse-prod-chd-plants/tx/nueces/44c0/44c07bd6-1d07-4b47-b5c8-802c625f9d0e.pdf","cv81hsk71kmg00epgvog","3","No pdf available","NULL","2025-03-11 07:15:40.903","NULL","NULL"
"cba03efc-6315-4074-bb63-ccc24e4c1bb9","s3://enverus-courthouse-prod-chd-plants/tx/nueces/cba0/cba03efc-6315-4074-bb63-ccc24e4c1bb9.pdf","cv81i686fpcg00fk7iog","3","No pdf available","NULL","2025-03-11 07:15:40.903","NULL","NULL"
"93ac3d15-b20d-4460-9248-02c1aa2809c0","s3://enverus-courthouse-prod-chd-plants/tx/nueces/93ac/93ac3d15-b20d-4460-9248-02c1aa2809c0.pdf","cv81k2vu7la000biapr0","3","No pdf available","NULL","2025-03-11 07:15:40.903","NULL","NULL"
"7f6a0f9d-d5ac-486d-a39d-2d6ab9340a92","s3://enverus-courthouse-prod-chd-plants/tx/nueces/7f6a/7f6a0f9d-d5ac-486d-a39d-2d6ab9340a92.pdf","cv81i2o6fpcg00fk7b60","3","No pdf available","NULL","2025-03-11 07:15:40.903","NULL","NULL"
"96e5634c-3706-4fd3-b09f-3f23cf664dca","s3://enverus-courthouse-prod-chd-plants/tx/nueces/96e5/96e5634c-3706-4fd3-b09f-3f23cf664dca.pdf","cv81i1kjs1r000fgchqg","3","No pdf available","NULL","2025-03-11 07:15:40.903","NULL","NULL"
"19b1fbd2-d421-4621-893a-cb9f7a145fce","s3://enverus-courthouse-prod-chd-plants/tx/nueces/19b1/19b1fbd2-d421-4621-893a-cb9f7a145fce.pdf","cv81k4t48bhg00fe64c0","3","No pdf available","NULL","2025-03-11 07:10:39.243","NULL","NULL"
"cd002dee-4aa9-4b9b-85e2-ba70168faddc","s3://enverus-courthouse-prod-chd-plants/tx/nueces/cd00/cd002dee-4aa9-4b9b-85e2-ba70168faddc.pdf","cv81i68jl1k000deui80","3","No pdf available","NULL","2025-03-11 07:10:39.243","NULL","NULL"
"8ae7c514-9507-4baa-86e9-7084920f4f1d","s3://enverus-courthouse-prod-chd-plants/tx/nueces/8ae7/8ae7c514-9507-4baa-86e9-7084920f4f1d.pdf","cv81hoki2efg00cgrnt0","3","No pdf available","NULL","2025-03-11 07:10:39.243","NULL","NULL"
"318f95ca-2166-43b5-a67b-a1790a15b1bc","s3://enverus-courthouse-prod-chd-plants/tx/nueces/318f/318f95ca-2166-43b5-a67b-a1790a15b1bc.pdf","cv81k2uu4ibg00fguvt0","3","No pdf available","NULL","2025-03-11 07:10:39.243","NULL","NULL"
"c743d5cf-7276-4884-9b28-ea6609809a72","s3://enverus-courthouse-prod-chd-plants/tx/nueces/c743/c743d5cf-7276-4884-9b28-ea6609809a72.pdf","cv81httf9qc000f5kejg","3","No pdf available","NULL","2025-03-11 07:10:39.243","NULL","NULL"
"1b37abb6-a017-4ce1-83d6-86bb79bd779c","s3://enverus-courthouse-prod-chd-plants/tx/nueces/1b37/1b37abb6-a017-4ce1-83d6-86bb79bd779c.pdf","cv81i4qgd82000f0gm40","3","No pdf available","NULL","2025-03-11 07:10:39.243","NULL","NULL"
"c26ba740-d722-4bec-bcea-faff387a1e3c","s3://enverus-courthouse-prod-chd-plants/tx/nueces/c26b/c26ba740-d722-4bec-bcea-faff387a1e3c.pdf","cv81i3g6fpcg00fk7cmg","3","No pdf available","NULL","2025-03-11 07:10:39.243","NULL","NULL"
"27f853d7-1817-45e0-a416-c0bca9eaf9fa","s3://enverus-courthouse-prod-chd-plants/tx/nueces/27f8/27f853d7-1817-45e0-a416-c0bca9eaf9fa.pdf","cv81i24js1r000fgcj40","3","No pdf available","NULL","2025-03-11 07:10:39.243","NULL","NULL"
"2f4d4dee-c59e-4ba7-9721-50a97b728182","s3://enverus-courthouse-prod-chd-plants/tx/nueces/2f4d/2f4d4dee-c59e-4ba7-9721-50a97b728182.pdf","cv81kbelgqn000ek595g","3","No pdf available","NULL","2025-03-11 07:10:39.243","NULL","NULL"
"2cd241b3-7711-4bb0-bcb9-02f712f49cb2","s3://enverus-courthouse-prod-chd-plants/tx/nueces/2cd2/2cd241b3-7711-4bb0-bcb9-02f712f49cb2.pdf","cv81k2kjs1r000fgderg","3","No pdf available","NULL","2025-03-11 07:10:39.243","NULL","NULL"
"230923ee-6a4b-457d-853d-276308093388","s3://enverus-courthouse-prod-chd-plants/tx/nueces/2309/230923ee-6a4b-457d-853d-276308093388.pdf","cv81k5d48bhg00fe65c0","3","No pdf available","NULL","2025-03-11 07:05:35.650","NULL","NULL"
"4790974c-7937-42ae-b744-5ecc68bf018b","s3://enverus-courthouse-prod-chd-plants/tx/nueces/4790/4790974c-7937-42ae-b744-5ecc68bf018b.pdf","cv81k6lf9qc000f5ls70","3","No pdf available","NULL","2025-03-11 07:05:35.650","NULL","NULL"
"07493aa1-7f53-4918-b069-73374a952184","s3://enverus-courthouse-prod-chd-plants/tx/nueces/0749/07493aa1-7f53-4918-b069-73374a952184.pdf","cv81kd1cb5dg00a49tn0","3","No pdf available","NULL","2025-03-11 07:05:35.650","NULL","NULL"
"10a5fdaf-66ed-47f1-a46b-4190b618da49","s3://enverus-courthouse-prod-chd-plants/tx/nueces/10a5/10a5fdaf-66ed-47f1-a46b-4190b618da49.pdf","cv81k0hnfbn000ff3erg","3","No pdf available","NULL","2025-03-11 07:05:35.650","NULL","NULL"
"e91d05bd-db05-45eb-99d5-96d67799f514","s3://enverus-courthouse-prod-chd-plants/tx/nueces/e91d/e91d05bd-db05-45eb-99d5-96d67799f514.pdf","cv81k0bjeb6g00dssfgg","3","No pdf available","NULL","2025-03-11 07:05:35.650","NULL","NULL"
"b6dcbd80-366c-49af-9703-49cf9e878d0c","s3://enverus-courthouse-prod-chd-plants/tx/nueces/b6dc/b6dcbd80-366c-49af-9703-49cf9e878d0c.pdf","cv81jvagd82000f0h4n0","3","No pdf available","NULL","2025-03-11 07:05:35.650","NULL","NULL"
"bd5e8c53-b6f3-42a1-b745-06f8efa47622","s3://enverus-courthouse-prod-chd-plants/tx/nueces/bd5e/bd5e8c53-b6f3-42a1-b745-06f8efa47622.pdf","cv81i6nh1vng00avd28g","3","No pdf available","NULL","2025-03-11 07:05:35.650","NULL","NULL"
"5ad064ee-2c33-4ecc-9ccb-304cb501b1d5","s3://enverus-courthouse-prod-chd-plants/tx/nueces/5ad0/5ad064ee-2c33-4ecc-9ccb-304cb501b1d5.pdf","cv81i57h1vng00avcuug","3","No pdf available","NULL","2025-03-11 07:05:35.650","NULL","NULL"
"fdea1632-5df3-40f0-bfcd-a5e3758c97ba","s3://enverus-courthouse-prod-chd-plants/tx/nueces/fdea/fdea1632-5df3-40f0-bfcd-a5e3758c97ba.pdf","cv81i2cu5sig00beidtg","3","No pdf available","NULL","2025-03-11 07:05:35.650","NULL","NULL"
"51e285f6-aea9-46fc-a967-1a5bba2c26d9","s3://enverus-courthouse-prod-chd-plants/tx/nueces/51e2/51e285f6-aea9-46fc-a967-1a5bba2c26d9.pdf","cv81hvd62kq000c2sa90","3","No pdf available","NULL","2025-03-11 07:05:35.650","NULL","NULL"
"a62be27d-5c3a-4509-a830-cf76f3f2806f","s3://enverus-courthouse-prod-chd-plants/tx/nueces/a62b/a62be27d-5c3a-4509-a830-cf76f3f2806f.pdf","cv81hv470kq000bd1ftg","3","No pdf available","NULL","2025-03-11 07:05:35.650","NULL","NULL"
"3e860330-6949-480b-b269-318f51c52b36","s3://enverus-courthouse-prod-chd-plants/tx/nueces/3e86/3e860330-6949-480b-b269-318f51c52b36.pdf","cv81huhkbgn000e0qua0","3","No pdf available","NULL","2025-03-11 07:05:35.650","NULL","NULL"
"8e13c804-e4ef-4299-b339-12686448ca83","s3://enverus-courthouse-prod-chd-plants/tx/nueces/8e13/8e13c804-e4ef-4299-b339-12686448ca83.pdf","cv81hqc70kq000bd15l0","3","No pdf available","NULL","2025-03-11 07:05:35.650","NULL","NULL"
"56fe7ab9-c579-4ba4-8fd2-b86041db0797","s3://enverus-courthouse-prod-chd-plants/tx/nueces/56fe/56fe7ab9-c579-4ba4-8fd2-b86041db0797.pdf","cv81hrvu7la000bi9gf0","3","No pdf available","NULL","2025-03-11 07:05:35.650","NULL","NULL"
"f0c011dc-11d4-46cb-8440-3da8d8f5f5d5","s3://enverus-courthouse-prod-chd-plants/tx/nueces/f0c0/f0c011dc-11d4-46cb-8440-3da8d8f5f5d5.pdf","cv81i34u5sig00beifk0","3","No pdf available","NULL","2025-03-11 07:00:26.440","NULL","NULL"
"b7570899-350e-467d-955a-6bcb537126d3","s3://enverus-courthouse-prod-chd-plants/tx/nueces/b757/b7570899-350e-467d-955a-6bcb537126d3.pdf","cv81kanu7la000bibb7g","3","No pdf available","NULL","2025-03-11 07:00:26.440","NULL","NULL"
"026f6ba9-6350-4beb-b987-d3a2537112a3","s3://enverus-courthouse-prod-chd-plants/tx/nueces/026f/026f6ba9-6350-4beb-b987-d3a2537112a3.pdf","cv7dauc71kmg00eot16g","3","No pdf available","NULL","2025-03-10 09:38:21.727","NULL","NULL"
"02c6c024-dfbc-491f-b3c6-1d66eaab597a","s3://enverus-courthouse-prod-chd-plants/tx/nueces/02c6/02c6c024-dfbc-491f-b3c6-1d66eaab597a.pdf","cv7db8agd82000evsqdg","3","No pdf available","NULL","2025-03-10 09:01:50.290","NULL","NULL"
"00cc43b7-1b6b-4f8d-93bb-f5d776a32f47","s3://enverus-courthouse-prod-chd-plants/tx/nueces/00cc/00cc43b7-1b6b-4f8d-93bb-f5d776a32f47.pdf","cv7dass70kq000bcd9h0","3","No pdf available","NULL","2025-03-10 08:46:43.800","NULL","NULL"
"b49dc19f-72a3-46ac-8a62-51f686a63c34","s3://enverus-courthouse-prod-chd-plants/tx/borden/b49d/b49dc19f-72a3-46ac-8a62-51f686a63c34.pdf","cuiumnnp3g5000e1d0ug","3","No pdf available","NULL","2025-02-07 07:11:24.147","NULL","NULL"
"8222c622-ac2b-4f65-9d6a-de9be142d4d1","s3://enverus-courthouse-prod-chd-plants/tx/borden/8222/8222c622-ac2b-4f65-9d6a-de9be142d4d1.pdf","cuiui2opr2e000a5as60","3","No pdf available","NULL","2025-02-07 06:26:20.817","NULL","NULL"
"3ca5272a-a9d9-4b9a-a924-c31ddab3f473","s3://enverus-courthouse-prod-chd-plants/tx/young/3ca5/3ca5272a-a9d9-4b9a-a924-c31ddab3f473.pdf","cufl4t6e0pf000c95qk0","3","No pdf available","NULL","2025-02-02 05:53:56.433","NULL","NULL"
"8f94c000-9268-4102-885c-ce4a556c1f42","s3://enverus-courthouse-prod-chd-plants/tx/young/8f94/8f94c000-9268-4102-885c-ce4a556c1f42.pdf","cufl4n0d83vg00a81990","3","No pdf available","NULL","2025-02-02 05:48:51.143","NULL","NULL"
"e35da52f-1cde-409c-af6b-d808b022e844","s3://enverus-courthouse-prod-chd-plants/tx/young/e35d/e35da52f-1cde-409c-af6b-d808b022e844.pdf","cufl2jfp3g5000dua54g","3","No pdf available","NULL","2025-02-02 05:48:51.143","NULL","NULL"
"b59fec15-5d0d-449a-97df-832cc17cd7da","s3://enverus-courthouse-prod-chd-plants/tx/young/b59f/b59fec15-5d0d-449a-97df-832cc17cd7da.pdf","cufl2a3cplt0008dr650","3","No pdf available","NULL","2025-02-02 05:43:46.570","NULL","NULL"
"da3ac4ba-50c1-473b-a817-fc94581668f6","s3://enverus-courthouse-prod-chd-plants/tx/young/da3a/da3ac4ba-50c1-473b-a817-fc94581668f6.pdf","cufl250muso000895t20","3","No pdf available","NULL","2025-02-02 05:43:46.570","NULL","NULL"
"0530bd64-a37d-4096-9b34-5f79143b9502","s3://enverus-courthouse-prod-chd-plants/tx/young/0530/0530bd64-a37d-4096-9b34-5f79143b9502.pdf","cufl57odl5v000fh6ha0","3","No pdf available","NULL","2025-02-02 05:38:41.010","NULL","NULL"
"3816343f-aef8-4273-91ef-3ab892b2af65","s3://enverus-courthouse-prod-chd-plants/tx/young/3816/3816343f-aef8-4273-91ef-3ab892b2af65.pdf","cufl4ngd83vg00a819l0","3","No pdf available","NULL","2025-02-02 05:38:41.010","NULL","NULL"
"3e9bd9b3-0d7e-4d0d-a01a-d367227f1254","s3://enverus-courthouse-prod-chd-plants/tx/young/3e9b/3e9bd9b3-0d7e-4d0d-a01a-d367227f1254.pdf","cufl2hjcplt0008drmk0","3","No pdf available","NULL","2025-02-02 05:38:41.010","NULL","NULL"
"18a510ed-1e08-4314-8c6d-ba2d3c7ee910","s3://enverus-courthouse-prod-chd-plants/tx/young/18a5/18a510ed-1e08-4314-8c6d-ba2d3c7ee910.pdf","cufl2cm7jsdg00f14dvg","3","No pdf available","NULL","2025-02-02 05:38:41.010","NULL","NULL"
"35344f7e-396e-4ae2-a60e-e693b2191648","s3://enverus-courthouse-prod-chd-plants/tx/young/3534/35344f7e-396e-4ae2-a60e-e693b2191648.pdf","cuf0fu7snelg00d0mj50","3","No pdf available","NULL","2025-02-01 07:33:50.073","NULL","NULL"
"737ad811-d030-437a-a939-3eddcbac8912","s3://enverus-courthouse-prod-chd-plants/tx/young/737a/737ad811-d030-437a-a939-3eddcbac8912.pdf","cuf0nu733v8g00dknhhg","3","No pdf available","NULL","2025-02-01 07:28:45.680","NULL","NULL"
"358dcdc1-744f-4f5a-b2f5-abeaaafe2a0d","s3://enverus-courthouse-prod-chd-plants/tx/young/358d/358dcdc1-744f-4f5a-b2f5-abeaaafe2a0d.pdf","cuf0cugpr2e000a17uv0","3","No pdf available","NULL","2025-02-01 07:18:26.810","NULL","NULL"
"589a3e7f-5216-4445-a519-bfa65a94761f","s3://enverus-courthouse-prod-chd-plants/tx/young/589a/589a3e7f-5216-4445-a519-bfa65a94761f.pdf","cuf0pd9k0jj000bu7d00","3","No pdf available","NULL","2025-02-01 07:08:19.717","NULL","NULL"
"314c6fd2-eb29-490a-9178-7c8d61d251d1","s3://enverus-courthouse-prod-chd-plants/tx/young/314c/314c6fd2-eb29-490a-9178-7c8d61d251d1.pdf","cuf0g2edmin00091d4c0","3","No pdf available","NULL","2025-02-01 07:03:13.763","NULL","NULL"
"720196a2-0275-46ac-8156-59c58dc06445","s3://enverus-courthouse-prod-chd-plants/tx/young/7201/720196a2-0275-46ac-8156-59c58dc06445.pdf","cuf0pegd83vg00a76t0g","3","No pdf available","NULL","2025-02-01 06:58:12.223","NULL","NULL"
"8d043e03-a2b8-4e22-a8c4-0e7fbcb1a7a7","s3://enverus-courthouse-prod-chd-plants/tx/young/8d04/8d043e03-a2b8-4e22-a8c4-0e7fbcb1a7a7.pdf","cuf0paa9k8ag00cu9sj0","3","No pdf available","NULL","2025-02-01 06:58:12.223","NULL","NULL"
"265fe28d-37f3-4cbb-829f-16df7a9427ab","s3://enverus-courthouse-prod-chd-plants/tx/young/265f/265fe28d-37f3-4cbb-829f-16df7a9427ab.pdf","cuf0fscfnbag00crgpvg","3","No pdf available","NULL","2025-02-01 06:53:04.013","NULL","NULL"
"a001a714-26dc-47d6-8489-5b6b5446a189","s3://enverus-courthouse-prod-chd-plants/tx/young/a001/a001a714-26dc-47d6-8489-5b6b5446a189.pdf","cuf0os0q34ig00e9u54g","3","No pdf available","NULL","2025-02-01 06:53:04.013","NULL","NULL"
"7e769fab-db8a-405a-8b7e-29b163ff9f2e","s3://enverus-courthouse-prod-chd-plants/tx/young/7e76/7e769fab-db8a-405a-8b7e-29b163ff9f2e.pdf","cuf0nvod83vg00a72d60","3","No pdf available","NULL","2025-02-01 06:53:04.013","NULL","NULL"
"6ed53599-dc21-4d6a-a82b-57f0c60b704e","s3://enverus-courthouse-prod-chd-plants/tx/young/6ed5/6ed53599-dc21-4d6a-a82b-57f0c60b704e.pdf","cuf0p4c5uuo000fvnprg","3","No pdf available","NULL","2025-02-01 06:42:55.097","NULL","NULL"
"8a58c859-8741-4eef-bcaa-6e06a6aabb69","s3://enverus-courthouse-prod-chd-plants/tx/young/8a58/8a58c859-8741-4eef-bcaa-6e06a6aabb69.pdf","cuf0p1odl5v000fg9l60","3","No pdf available","NULL","2025-02-01 06:42:55.097","NULL","NULL"
"0d687699-cc03-4f45-94c2-7a6ea9d6e9b9","s3://enverus-courthouse-prod-chd-plants/tx/young/0d68/0d687699-cc03-4f45-94c2-7a6ea9d6e9b9.pdf","cuf0cl6c30s000c2sa8g","3","No pdf available","NULL","2025-02-01 06:42:55.097","NULL","NULL"
"2f2865cb-7683-4f4e-a267-90e56f78a082","s3://enverus-courthouse-prod-chd-plants/tx/young/2f28/2f2865cb-7683-4f4e-a267-90e56f78a082.pdf","cuf0cm0d83vg00a6q6v0","3","No pdf available","NULL","2025-02-01 06:37:44.573","NULL","NULL"
"6b106d3b-30c9-467c-9bca-e5b499929e33","s3://enverus-courthouse-prod-chd-plants/tx/young/6b10/6b106d3b-30c9-467c-9bca-e5b499929e33.pdf","cuf0pruanud000d7p1vg","3","No pdf available","NULL","2025-02-01 06:32:24.433","NULL","NULL"
"4fbcfc69-19c1-4200-9a49-c98239073e2e","s3://enverus-courthouse-prod-chd-plants/tx/young/4fbc/4fbcfc69-19c1-4200-9a49-c98239073e2e.pdf","cuf0nut7m96g00aodlm0","3","No pdf available","NULL","2025-02-01 06:32:24.433","NULL","NULL"
"3f1fa835-a42d-48c6-b2ed-8ef062f5186c","s3://enverus-courthouse-prod-chd-plants/tx/young/3f1f/3f1fa835-a42d-48c6-b2ed-8ef062f5186c.pdf","cuf0hb6c30s000c32av0","3","No pdf available","NULL","2025-02-01 06:32:24.433","NULL","NULL"
"91c19123-83b5-45dd-ad86-d671d6048bc4","s3://enverus-courthouse-prod-chd-plants/tx/reeves/91c1/91c19123-83b5-45dd-ad86-d671d6048bc4.pdf","cu7orc569j3000dehr40","3","No pdf available","NULL","2025-01-21 08:05:49.333","NULL","NULL"
"91cf6cea-4ac3-4d96-bcde-b81b800f18f2","s3://enverus-courthouse-prod-chd-plants/tx/reeves/91cf/91cf6cea-4ac3-4d96-bcde-b81b800f18f2.pdf","cu7ott67qbfg00erndd0","3","No pdf available","NULL","2025-01-21 08:00:49.040","NULL","NULL"
"4fc7d9ea-1a7e-4350-801a-95b4f9485acd","s3://enverus-courthouse-prod-chd-plants/tx/ward/4fc7/4fc7d9ea-1a7e-4350-801a-95b4f9485acd.pdf","cu7or99cdphg009i1up0","3","No pdf available","NULL","2025-01-21 08:00:49.040","NULL","NULL"
"d774763e-12ed-4355-aa34-3c5b8502e625","s3://enverus-courthouse-prod-chd-plants/tx/reeves/d774/d774763e-12ed-4355-aa34-3c5b8502e625.pdf","cu7oqp82jt9000dlm2qg","3","No pdf available","NULL","2025-01-21 07:55:39.437","NULL","NULL"
"913a06bc-210d-44f3-8e9a-fecc4c6c91d4","s3://enverus-courthouse-prod-chd-plants/tx/reeves/913a/913a06bc-210d-44f3-8e9a-fecc4c6c91d4.pdf","cu7ossm1o04000bmrjsg","3","No pdf available","NULL","2025-01-21 07:50:36.530","NULL","NULL"
"913e1411-9cd2-4aed-8d25-b8e522c2f42e","s3://enverus-courthouse-prod-chd-plants/tx/reeves/913e/913e1411-9cd2-4aed-8d25-b8e522c2f42e.pdf","cu7omhaahvq0008h30sg","3","No pdf available","NULL","2025-01-21 07:50:36.530","NULL","NULL"
"d07b8c61-9693-4951-b623-92de90e943df","s3://enverus-courthouse-prod-chd-plants/tx/ward/d07b/d07b8c61-9693-4951-b623-92de90e943df.pdf","cu7p2dvo2vlg00am1avg","3","No pdf available","NULL","2025-01-21 07:40:12.237","NULL","NULL"
"91a8474a-177d-4fc4-95a0-18e4b015ca32","s3://enverus-courthouse-prod-chd-plants/tx/reeves/91a8/91a8474a-177d-4fc4-95a0-18e4b015ca32.pdf","cu7om44uvhug00ba8170","3","No pdf available","NULL","2025-01-21 07:40:12.237","NULL","NULL"
"2a9a8ea8-8f68-4409-a1b8-a176345c6823","s3://enverus-courthouse-prod-chd-plants/tx/leon/2a9a/2a9a8ea8-8f68-4409-a1b8-a176345c6823.pdf","cu7o89g2jt9000dlc5bg","3","No pdf available","NULL","2025-01-21 06:42:07.670","NULL","NULL"
"b2238cee-f93f-4c1c-bac5-5dc3f2d48aa0","s3://enverus-courthouse-prod-chd-plants/tx/howard/b223/b2238cee-f93f-4c1c-bac5-5dc3f2d48aa0.pdf","cu2fog4lckc000c2dpb0","3","No pdf available","NULL","2025-01-13 06:09:26.837","NULL","NULL"
"8992f983-8fe0-41c7-872d-f368c9979446","s3://enverus-courthouse-prod-chd-plants/tx/howard/8992/8992f983-8fe0-41c7-872d-f368c9979446.pdf","cu2fot4d9kp000d3mlb0","3","No pdf available","NULL","2025-01-13 06:04:22.060","NULL","NULL"
"53ce6b6d-a6aa-4f58-83f2-b7635147fefe","s3://enverus-courthouse-prod-chd-plants/tx/grimes/53ce/53ce6b6d-a6aa-4f58-83f2-b7635147fefe.pdf","cu1q42dolnf000c7agug","3","No pdf available","NULL","2025-01-12 05:57:28.070","NULL","NULL"
"d8105ee6-e048-42d1-ac5c-14883bdb535a","s3://enverus-courthouse-prod-chd-plants/tx/grimes/d810/d8105ee6-e048-42d1-ac5c-14883bdb535a.pdf","cu1q42iahvq000879qa0","3","No pdf available","NULL","2025-01-12 05:57:28.070","NULL","NULL"
"2ab0b09d-677e-4b71-a6af-43f48c012153","s3://enverus-courthouse-prod-chd-plants/tx/grimes/2ab0/2ab0b09d-677e-4b71-a6af-43f48c012153.pdf","cu1q62vhqbc000bv8tqg","3","No pdf available","NULL","2025-01-12 05:57:28.070","NULL","NULL"
"ebee8022-95d9-4e4b-ae56-4bed0c178238","s3://enverus-courthouse-prod-chd-plants/tx/grimes/ebee/ebee8022-95d9-4e4b-ae56-4bed0c178238.pdf","cu1q5ums11k000dd3i50","3","No pdf available","NULL","2025-01-12 05:57:08.537","NULL","NULL"
"614e9dd9-25c0-4642-b52f-ff849120e512","s3://enverus-courthouse-prod-chd-plants/tx/burleson/614e/614e9dd9-25c0-4642-b52f-ff849120e512.pdf","cu15gfhub4og00dahrgg","3","No pdf available","NULL","2025-01-11 06:07:29.820","NULL","NULL"
"ace95344-acb3-49e2-9d53-9d23da230270","s3://enverus-courthouse-prod-chd-plants/tx/burleson/ace9/ace95344-acb3-49e2-9d53-9d23da230270.pdf","cu15d05sqr30008rd8q0","3","No pdf available","NULL","2025-01-11 05:56:58.770","NULL","NULL"
