recordID,countyName,stateAbbreviation,imageLocation
000117d2-0ee5-4f22-8ecd-5570679a6ae9,MAJOR,OK,\\smb.dc2isilon.na.drillinginfo.com\lease_data_entry\data_sources\ok_county_records\ok\major\0001
000dd049-0f8f-4477-a16b-19c3ee9c0e59,CARTER,OK,\\smb.dc2isilon.na.drillinginfo.com\lease_data_entry\data_sources\ok_county_records\ok\carter\000d
001c6762-84b9-4014-946f-f0f7e4f3612b,MARSHALL,OK,s3://enverus-courthouse-prod-chd-plants/ok/marshall/001c/001c6762-84b9-4014-946f-f0f7e4f3612b.pdf
0027d3b7-f029-49f8-818b-b9e6c48d6a96,STEPHENS,OK,\\smb.dc2isilon.na.drillinginfo.com\lease_data_entry\data_sources\ok_county_records\ok\stephens\0027
002f3a92-47d1-4191-a3d5-dc933fb8ec79,LEFLORE,OK,\\smb.dc2isilon.na.drillinginfo.com\lease_data_entry\data_sources\ok_county_records\ok\leflore\002f
0041c74e-7ed4-42ad-9ae0-b922c3ef6361,MAJOR,OK,s3://enverus-courthouse-prod-chd-plants/ok/major/0041/0041c74e-7ed4-42ad-9ae0-b922c3ef6361.pdf
004d6476-e2da-4458-9c51-74c3be50f859,CUSTER,OK,s3://enverus-courthouse-prod-chd-plants/ok/custer/004d/004d6476-e2da-4458-9c51-74c3be50f859.pdf
0060453c-4590-48a7-95da-234ccaebbaa4,ELLIS,OK,s3://enverus-courthouse-prod-chd-plants/ok/ellis/0060/0060453c-4590-48a7-95da-234ccaebbaa4.pdf
0070917c-e1b0-4ed8-b0e8-08c8a137ff9c,MURRAY,OK,s3://enverus-courthouse-prod-chd-plants/ok/murray/0070/0070917c-e1b0-4ed8-b0e8-08c8a137ff9c.pdf
0079ec6d-170f-4e95-af7b-6a439caba695,CARTER,OK,\\smb.dc2isilon.na.drillinginfo.com\lease_data_entry\data_sources\ok_county_records\ok\carter\0079
007eb35b-71ed-4e86-94be-8610d9b2fe9c,SEMINOLE,OK,s3://enverus-courthouse-prod-chd-plants/ok/seminole/007e/007eb35b-71ed-4e86-94be-8610d9b2fe9c.pdf
00845b46-0f4d-4046-a23b-3dec67a793bf,MCINTOSH,OK,\\smb.dc2isilon.na.drillinginfo.com\lease_data_entry\data_sources\ok_county_records\ok\mcintosh\0084
008dbdcb-a7a5-446a-bc4a-e4133f04c293,DEWEY,OK,s3://enverus-courthouse-prod-chd-plants/ok/dewey/008d/008dbdcb-a7a5-446a-bc4a-e4133f04c293.pdf
008e67f9-e739-49a9-9e30-ec7208fdc2c8,SEMINOLE,OK,s3://enverus-courthouse-prod-chd-plants/ok/seminole/008e/008e67f9-e739-49a9-9e30-ec7208fdc2c8.pdf
009b129e-ebee-4320-8d2e-417cf6b6f156,MARSHALL,OK,s3://enverus-courthouse-prod-chd-plants/ok/marshall/009b/009b129e-ebee-4320-8d2e-417cf6b6f156.pdf
00b32137-ba2d-4d84-890c-e3d1d41a0640,BECKHAM,OK,\\smb.dc2isilon.na.drillinginfo.com\lease_data_entry\data_sources\ok_county_records\ok\beckham\00b3
00b38226-9a55-487d-8021-b0b436f12947,OKMULGEE,OK,\\smb.dc2isilon.na.drillinginfo.com\lease_data_entry\data_sources\ok_county_records\ok\okmulgee\00b3
00b5f5e9-67a7-4921-ad83-11c8e6f9fab7,OKMULGEE,OK,\\smb.dc2isilon.na.drillinginfo.com\lease_data_entry\data_sources\ok_county_records\ok\okmulgee\00b5
00ce6e84-2c59-46e2-b779-e9a90cdaadc9,CARTER,OK,\\smb.dc2isilon.na.drillinginfo.com\lease_data_entry\data_sources\ok_county_records\ok\carter\00ce
00ecc46b-38cd-46cd-b9ee-68769b8afbc6,MCCLAIN,OK,\\smb.dc2isilon.na.drillinginfo.com\lease_data_entry\data_sources\ok_county_records\ok\mcclain\00ec
00ee1187-9eda-4c48-8ad9-47c0a76a0438,WASHINGTON,OK,\\smb.dc2isilon.na.drillinginfo.com\lease_data_entry\data_sources\ok_county_records\ok\washington\00ee
010db9cc-1491-4e9e-8e02-17caf5f4c943,COMANCHE,OK,\\smb.dc2isilon.na.drillinginfo.com\lease_data_entry\data_sources\ok_county_records\ok\comanche\010d
0119ed5b-8d4f-4570-a0cb-e458f3af35d2,BECKHAM,OK,\\smb.dc2isilon.na.drillinginfo.com\lease_data_entry\data_sources\ok_county_records\ok\beckham\0119
012212d0-4fc9-4eb5-ba70-9c7874e9d541,GARVIN,OK,s3://enverus-courthouse-prod-chd-plants/ok/garvin/0122/012212d0-4fc9-4eb5-ba70-9c7874e9d541.pdf
012a24b8-6a93-4e7c-bcd8-497c4eaca491,STEPHENS,OK,\\smb.dc2isilon.na.drillinginfo.com\lease_data_entry\data_sources\ok_county_records\ok\stephens\012a
012a9786-aa67-4788-89f9-c9a2a80a0411,GRANT,OK,\\smb.dc2isilon.na.drillinginfo.com\lease_data_entry\data_sources\ok_county_records\ok\grant\012a
013150cb-dabc-4fa6-86b6-64b33a62d117,LOGAN,OK,s3://enverus-courthouse-prod-chd-plants/ok/logan/0131/013150cb-dabc-4fa6-86b6-64b33a62d117.pdf
01344919-212b-4390-b28a-a79d5068f22e,STEPHENS,OK,s3://enverus-courthouse-prod-chd-plants/ok/stephens/0134/01344919-212b-4390-b28a-a79d5068f22e.pdf
0136f065-d9af-43f8-b6d0-18e09c465db1,STEPHENS,OK,s3://enverus-courthouse-prod-chd-plants/ok/stephens/0136/0136f065-d9af-43f8-b6d0-18e09c465db1.pdf
01567030-af3f-467c-8276-193a3a82ec05,LEFLORE,OK,s3://enverus-courthouse-prod-chd-plants/ok/leflore/0156/01567030-af3f-467c-8276-193a3a82ec05.pdf
01677fd1-6be8-49a8-9543-c5c52f1a0aa4,WASHINGTON,OK,\\smb.dc2isilon.na.drillinginfo.com\lease_data_entry\data_sources\ok_county_records\ok\washington\0167
0179ec16-bb21-4eab-8877-e901ddff7c58,COMANCHE,OK,\\smb.dc2isilon.na.drillinginfo.com\lease_data_entry\data_sources\ok_county_records\ok\comanche\0179
017b16c5-0ced-4568-847c-074ce3f03864,CARTER,OK,\\smb.dc2isilon.na.drillinginfo.com\lease_data_entry\data_sources\ok_county_records\ok\carter\017b
017dff6a-b9cf-4ad0-acce-039de02b5908,LOGAN,OK,\\smb.dc2isilon.na.drillinginfo.com\lease_data_entry\data_sources\ok_county_records\ok\logan\017d
0188d7dc-050b-4a6f-bd30-9d98c677d658,COAL,OK,s3://enverus-courthouse-prod-chd-plants/ok/coal/0188/0188d7dc-050b-4a6f-bd30-9d98c677d658.pdf
01a37439-455f-4622-9a17-715e86240fb3,CARTER,OK,s3://enverus-courthouse-prod-chd-plants/ok/carter/01a3/01a37439-455f-4622-9a17-715e86240fb3.pdf
01af5364-6bc3-48dc-aaae-5ab0d316ab22,MARSHALL,OK,\\smb.dc2isilon.na.drillinginfo.com\lease_data_entry\data_sources\ok_county_records\ok\marshall\01af
01af97a9-25bd-4c8f-bff5-ede03d2d83e8,COMANCHE,OK,\\smb.dc2isilon.na.drillinginfo.com\lease_data_entry\data_sources\ok_county_records\ok\comanche\01af
01bbc1ba-01e7-4e7a-8fa7-92e8ceba00bb,LINCOLN,OK,s3://enverus-courthouse-prod-chd-plants/ok/lincoln/01bb/01bbc1ba-01e7-4e7a-8fa7-92e8ceba00bb.pdf
01c38fa3-1705-452d-ae4c-dd35badb2077,CARTER,OK,\\smb.dc2isilon.na.drillinginfo.com\lease_data_entry\data_sources\ok_county_records\ok\carter\01c3
01cf5bac-086f-479c-ba62-766b96de494b,GARVIN,OK,s3://enverus-courthouse-prod-chd-plants/ok/garvin/01cf/01cf5bac-086f-479c-ba62-766b96de494b.pdf
01d6c3ae-34dd-4688-aa80-1e5bd3b92812,COMANCHE,OK,\\smb.dc2isilon.na.drillinginfo.com\lease_data_entry\data_sources\ok_county_records\ok\comanche\01d6
01ef9ae7-1390-40d8-8d55-0982a166d145,STEPHENS,OK,s3://enverus-courthouse-prod-chd-plants/ok/stephens/01ef/01ef9ae7-1390-40d8-8d55-0982a166d145.pdf
01fa155b-5b3a-4a04-bf41-5b18aba36df6,JACKSON,OK,\\smb.dc2isilon.na.drillinginfo.com\lease_data_entry\data_sources\ok_county_records\ok\jackson\01fa
01fbac99-c909-443d-a4ae-bece7944ffed,OKMULGEE,OK,\\smb.dc2isilon.na.drillinginfo.com\lease_data_entry\data_sources\ok_county_records\ok\okmulgee\01fb
01fc8e30-282c-41a9-ace1-e1e466963722,ROGER MILLS,OK,s3://enverus-courthouse-prod-chd-plants/ok/roger mills/01fc/01fc8e30-282c-41a9-ace1-e1e466963722.pdf
01fe93e1-7050-4d39-8e0f-89d7be7d4659,COMANCHE,OK,\\smb.dc2isilon.na.drillinginfo.com\lease_data_entry\data_sources\ok_county_records\ok\comanche\01fe
0212ab98-3372-4cc0-819a-9a6f18ee1d64,LOGAN,OK,\\smb.dc2isilon.na.drillinginfo.com\lease_data_entry\data_sources\ok_county_records\ok\logan\0212
0216abad-bdb1-44c0-96c9-ac88bb360afc,CUSTER,OK,s3://enverus-courthouse-prod-chd-plants/ok/custer/0216/0216abad-bdb1-44c0-96c9-ac88bb360afc.pdf
0226ac15-c5da-4adf-abd1-f9ab927c6fd6,OKMULGEE,OK,\\smb.dc2isilon.na.drillinginfo.com\lease_data_entry\data_sources\ok_county_records\ok\okmulgee\0226
0237fc10-41e0-415c-91c1-9466375b2361,LOGAN,OK,s3://enverus-courthouse-prod-chd-plants/ok/logan/0237/0237fc10-41e0-415c-91c1-9466375b2361.pdf
023a58ee-78af-4c6d-a1a7-b166ae8a8f35,GARVIN,OK,s3://enverus-courthouse-prod-chd-plants/ok/garvin/023a/023a58ee-78af-4c6d-a1a7-b166ae8a8f35.pdf
02412795-e831-4265-9aac-66697f177cb6,COMANCHE,OK,\\smb.dc2isilon.na.drillinginfo.com\lease_data_entry\data_sources\ok_county_records\ok\comanche\0241
024e97b3-7d5e-491f-bf65-7c2f45a6148e,COMANCHE,OK,\\smb.dc2isilon.na.drillinginfo.com\lease_data_entry\data_sources\ok_county_records\ok\comanche\024e
0251e009-1aec-4f77-bea6-bf0f9db7b309,WOODWARD,OK,\\smb.dc2isilon.na.drillinginfo.com\lease_data_entry\data_sources\ok_county_records\ok\woodward\0251
0255843e-e1ef-47ff-bc4d-1a77b9cb9fb0,LOGAN,OK,s3://enverus-courthouse-prod-chd-plants/ok/logan/0255/0255843e-e1ef-47ff-bc4d-1a77b9cb9fb0.pdf
02648a32-adb1-47a5-a56d-bf3950a8556a,CUSTER,OK,\\smb.dc2isilon.na.drillinginfo.com\lease_data_entry\data_sources\ok_county_records\ok\custer\0264
0264ccfe-903c-422e-ab6b-29176745d11b,LOVE,OK,s3://enverus-courthouse-prod-chd-plants/ok/love/0264/0264ccfe-903c-422e-ab6b-29176745d11b.pdf
02667924-418b-4c07-ae47-2de7b3e42ae8,LOGAN,OK,\\smb.dc2isilon.na.drillinginfo.com\lease_data_entry\data_sources\ok_county_records\ok\logan\0266
02726c73-d98c-420c-b4d9-52018dd5a220,LEFLORE,OK,s3://enverus-courthouse-prod-chd-plants/ok/leflore/0272/02726c73-d98c-420c-b4d9-52018dd5a220.pdf
0276cab3-8f2d-41e5-ad99-5876a1d9a559,LOGAN,OK,\\smb.dc2isilon.na.drillinginfo.com\lease_data_entry\data_sources\ok_county_records\ok\logan\0276
0284f439-8743-43d9-aaac-bac541962c5e,COMANCHE,OK,\\smb.dc2isilon.na.drillinginfo.com\lease_data_entry\data_sources\ok_county_records\ok\comanche\0284
028a6e5f-0fef-4f0b-bec0-c064cf27d7eb,GARVIN,OK,s3://enverus-courthouse-prod-chd-plants/ok/garvin/028a/028a6e5f-0fef-4f0b-bec0-c064cf27d7eb.pdf
02a8bfb9-3e04-4325-b017-846918e54159,GARVIN,OK,s3://enverus-courthouse-prod-chd-plants/ok/garvin/02a8/02a8bfb9-3e04-4325-b017-846918e54159.pdf
02b95909-e1f3-4f42-8aa6-acda720c4c86,CARTER,OK,s3://enverus-courthouse-prod-chd-plants/ok/carter/02b9/02b95909-e1f3-4f42-8aa6-acda720c4c86.pdf
02c48f9f-2230-4e3e-8dc9-8b06900df8c3,DEWEY,OK,\\smb.dc2isilon.na.drillinginfo.com\lease_data_entry\data_sources\ok_county_records\ok\dewey\02c4
02c64e46-64f1-4edf-b391-d45e66312f7f,CARTER,OK,s3://enverus-courthouse-prod-chd-plants/ok/carter/02c6/02c64e46-64f1-4edf-b391-d45e66312f7f.pdf
02cd7434-853f-4085-9bf6-eaeea0e1f31a,LINCOLN,OK,s3://enverus-courthouse-prod-chd-plants/ok/lincoln/02cd/02cd7434-853f-4085-9bf6-eaeea0e1f31a.pdf
02cfa974-902e-447b-b1c1-9dbad5215283,WASHITA,OK,s3://enverus-courthouse-prod-chd-plants/ok/washita/02cf/02cfa974-902e-447b-b1c1-9dbad5215283.pdf
02d1778b-8657-4297-af6f-13084a701ec8,LOGAN,OK,\\smb.dc2isilon.na.drillinginfo.com\lease_data_entry\data_sources\ok_county_records\ok\logan\02d1
02d74386-15cb-49c5-8394-70b5e7258be6,DEWEY,OK,\\smb.dc2isilon.na.drillinginfo.com\lease_data_entry\data_sources\ok_county_records\ok\dewey\02d7
02ea9212-2ba2-4d2c-bc73-12c81ed3d1f0,LATIMER,OK,s3://enverus-courthouse-prod-chd-plants/ok/latimer/02ea/02ea9212-2ba2-4d2c-bc73-12c81ed3d1f0.pdf
02eb0520-12f7-4cd0-80ba-8f8bee6b11b4,BECKHAM,OK,\\smb.dc2isilon.na.drillinginfo.com\lease_data_entry\data_sources\ok_county_records\ok\beckham\02eb
02fb8879-d8d6-4ac5-a49a-39275adcbf81,CARTER,OK,\\smb.dc2isilon.na.drillinginfo.com\lease_data_entry\data_sources\ok_county_records\ok\carter\02fb
03015922-7664-4dce-9958-91316af46397,CARTER,OK,\\smb.dc2isilon.na.drillinginfo.com\lease_data_entry\data_sources\ok_county_records\ok\carter\0301
03019812-2844-4a9b-863f-002725a789dc,COMANCHE,OK,\\smb.dc2isilon.na.drillinginfo.com\lease_data_entry\data_sources\ok_county_records\ok\comanche\0301
0333e252-b1d3-4e27-b4f0-17622c7cb214,MARSHALL,OK,\\smb.dc2isilon.na.drillinginfo.com\lease_data_entry\data_sources\ok_county_records\ok\marshall\0333
033cf365-ca66-4a5e-8e25-d876ae03139c,WASHINGTON,OK,s3://enverus-courthouse-prod-chd-plants/ok/washington/033c/033cf365-ca66-4a5e-8e25-d876ae03139c.pdf
034aeee7-3e24-457c-81b4-5f6f89e7ae96,LOGAN,OK,\\smb.dc2isilon.na.drillinginfo.com\lease_data_entry\data_sources\ok_county_records\ok\logan\034a
035dfa85-32f0-40af-89a8-55e7064e44bf,GARVIN,OK,s3://enverus-courthouse-prod-chd-plants/ok/garvin/035d/035dfa85-32f0-40af-89a8-55e7064e44bf.pdf
03624189-ff96-469b-bc21-b54621f8ff4e,KIOWA,OK,s3://enverus-courthouse-prod-chd-plants/ok/kiowa/0362/03624189-ff96-469b-bc21-b54621f8ff4e.pdf
03692187-2c86-494d-a14c-19e7ea626f02,BECKHAM,OK,\\smb.dc2isilon.na.drillinginfo.com\lease_data_entry\data_sources\ok_county_records\ok\beckham\0369
037d522a-caf2-420a-9d4d-4080ead62f69,COAL,OK,s3://enverus-courthouse-prod-chd-plants/ok/coal/037d/037d522a-caf2-420a-9d4d-4080ead62f69.pdf
038d5684-2960-42e7-bdcb-e5e886e24770,MAJOR,OK,\\smb.dc2isilon.na.drillinginfo.com\lease_data_entry\data_sources\ok_county_records\ok\major\038d
03a3188a-9b67-424e-98d7-b54424143b0d,COAL,OK,s3://enverus-courthouse-prod-chd-plants/ok/coal/03a3/03a3188a-9b67-424e-98d7-b54424143b0d.pdf
03a6d784-8159-4fa4-9038-727928f6f0e8,PITTSBURG,OK,s3://enverus-courthouse-prod-chd-plants/ok/pittsburg/03a6/03a6d784-8159-4fa4-9038-727928f6f0e8.pdf
03b50c09-118d-43bd-9952-510c25ed42ee,MAJOR,OK,s3://enverus-courthouse-prod-chd-plants/ok/major/03b5/03b50c09-118d-43bd-9952-510c25ed42ee.pdf
03b54f44-aecd-4c39-8920-f1726b7676e0,PITTSBURG,OK,s3://enverus-courthouse-prod-chd-plants/ok/pittsburg/03b5/03b54f44-aecd-4c39-8920-f1726b7676e0.pdf
03bee569-d696-49be-b3d6-d62d7f9871ec,KINGFISHER,OK,s3://enverus-courthouse-prod-chd-plants/ok/kingfisher/03be/03bee569-d696-49be-b3d6-d62d7f9871ec.pdf
03c879f9-35d7-453c-8f54-34168170bd93,LEFLORE,OK,\\smb.dc2isilon.na.drillinginfo.com\lease_data_entry\data_sources\ok_county_records\ok\leflore\03c8
03e0885f-a157-4d1c-b481-c9ff6e141d6d,LINCOLN,OK,s3://enverus-courthouse-prod-chd-plants/ok/lincoln/03e0/03e0885f-a157-4d1c-b481-c9ff6e141d6d.pdf
03f15102-0f16-497f-b346-d0fc6e9365e3,COMANCHE,OK,\\smb.dc2isilon.na.drillinginfo.com\lease_data_entry\data_sources\ok_county_records\ok\comanche\03f1
0401b48e-ab6c-469f-9db7-1c230c323e6f,COAL,OK,s3://enverus-courthouse-prod-chd-plants/ok/coal/0401/0401b48e-ab6c-469f-9db7-1c230c323e6f.pdf
0406b965-e15a-40b1-8546-2c3c8e41baf8,COAL,OK,\\smb.dc2isilon.na.drillinginfo.com\lease_data_entry\data_sources\ok_county_records\ok\coal\0406
041a30ec-711f-4cc4-aa57-dc7dd789222b,LOVE,OK,s3://enverus-courthouse-prod-chd-plants/ok/love/041a/041a30ec-711f-4cc4-aa57-dc7dd789222b.pdf
04224315-5731-4793-9db3-178480028f45,OKMULGEE,OK,\\smb.dc2isilon.na.drillinginfo.com\lease_data_entry\data_sources\ok_county_records\ok\okmulgee\0422
042ff35c-ac1e-4d55-b6bc-63542ba28d85,LOGAN,OK,\\smb.dc2isilon.na.drillinginfo.com\lease_data_entry\data_sources\ok_county_records\ok\logan\042f
04401ce0-eb5f-4d1c-a440-72b6edbf7626,SEMINOLE,OK,\\smb.dc2isilon.na.drillinginfo.com\lease_data_entry\data_sources\ok_county_records\ok\seminole\0440
046948df-f1ed-442b-86fc-fbf490ee08c1,GARVIN,OK,s3://enverus-courthouse-prod-chd-plants/ok/garvin/0469/046948df-f1ed-442b-86fc-fbf490ee08c1.pdf
0471c233-907c-411e-9e16-a4abb85f3752,LOVE,OK,s3://enverus-courthouse-prod-chd-plants/ok/love/0471/0471c233-907c-411e-9e16-a4abb85f3752.pdf
04754bb8-65d0-420b-9a04-e9167f7c8b57,LINCOLN,OK,s3://enverus-courthouse-prod-chd-plants/ok/lincoln/0475/04754bb8-65d0-420b-9a04-e9167f7c8b57.pdf
048e7c62-1925-4cd6-9f9d-9e8b130ced0e,OKMULGEE,OK,s3://enverus-courthouse-prod-chd-plants/ok/okmulgee/048e/048e7c62-1925-4cd6-9f9d-9e8b130ced0e.pdf
0497dea4-9976-48ff-bfba-199c37b9dc89,LEFLORE,OK,\\smb.dc2isilon.na.drillinginfo.com\lease_data_entry\data_sources\ok_county_records\ok\leflore\0497
04982ed2-fd83-4504-a266-de6a172b4191,STEPHENS,OK,\\smb.dc2isilon.na.drillinginfo.com\lease_data_entry\data_sources\ok_county_records\ok\stephens\0498
04a1cff6-2789-4f9b-813d-e265d84701a7,GARVIN,OK,s3://enverus-courthouse-prod-chd-plants/ok/garvin/04a1/04a1cff6-2789-4f9b-813d-e265d84701a7.pdf
04a48951-a857-4d9e-9843-6548b6fe6be9,PONTOTOC,OK,\\smb.dc2isilon.na.drillinginfo.com\lease_data_entry\data_sources\ok_county_records\ok\pontotoc\04a4
04b28a9f-1d58-4b16-b668-9ada5d12d764,BLAINE,OK,s3://enverus-courthouse-prod-chd-plants/ok/blaine/04b2/04b28a9f-1d58-4b16-b668-9ada5d12d764.pdf
04b49712-ff43-4647-930c-a05191a96642,SEMINOLE,OK,\\smb.dc2isilon.na.drillinginfo.com\lease_data_entry\data_sources\ok_county_records\ok\seminole\04b4
04e3c612-7928-4caf-b4ba-ba589e569bad,TEXAS,OK,s3://enverus-courthouse-prod-chd-plants/ok/texas/04e3/04e3c612-7928-4caf-b4ba-ba589e569bad.pdf
04e4a253-4e47-4751-b736-2fe6dc435230,LINCOLN,OK,s3://enverus-courthouse-prod-chd-plants/ok/lincoln/04e4/04e4a253-4e47-4751-b736-2fe6dc435230.pdf
050b61ee-004c-4834-8256-f0670547f2af,LOGAN,OK,\\smb.dc2isilon.na.drillinginfo.com\lease_data_entry\data_sources\ok_county_records\ok\logan\050b
05216d90-0b1f-46f8-b38a-16d48411b4dc,WASHINGTON,OK,s3://enverus-courthouse-prod-chd-plants/ok/washington/0521/05216d90-0b1f-46f8-b38a-16d48411b4dc.pdf
0525f607-89bf-47fe-a4bf-f4cfaa0724c1,GARVIN,OK,s3://enverus-courthouse-prod-chd-plants/ok/garvin/0525/0525f607-89bf-47fe-a4bf-f4cfaa0724c1.pdf
0528bf5f-6ecc-4a4e-b9af-a44ea67082da,BLAINE,OK,\\smb.dc2isilon.na.drillinginfo.com\lease_data_entry\data_sources\ok_county_records\ok\blaine\0528
052ccb30-cb4f-4326-9be9-70d0d8a901c4,LEFLORE,OK,\\smb.dc2isilon.na.drillinginfo.com\lease_data_entry\data_sources\ok_county_records\ok\leflore\052c
053a279c-110b-438b-960d-648dfecd601a,ROGER MILLS,OK,s3://enverus-courthouse-prod-chd-plants/ok/roger mills/053a/053a279c-110b-438b-960d-648dfecd601a.pdf
05623eec-8d0e-4f81-8a39-5a90423e0b75,MARSHALL,OK,s3://enverus-courthouse-prod-chd-plants/ok/marshall/0562/05623eec-8d0e-4f81-8a39-5a90423e0b75.pdf
05757aab-c938-477e-9ac0-5129fbfd0e37,GARVIN,OK,\\smb.dc2isilon.na.drillinginfo.com\lease_data_entry\data_sources\ok_county_records\ok\garvin\0575
0577d370-ec33-4175-8cc3-75c71af9f064,KIOWA,OK,s3://enverus-courthouse-prod-chd-plants/ok/kiowa/0577/0577d370-ec33-4175-8cc3-75c71af9f064.pdf
058e40dd-3cfa-446b-9ff5-539e559c69c1,COAL,OK,s3://enverus-courthouse-prod-chd-plants/ok/coal/058e/058e40dd-3cfa-446b-9ff5-539e559c69c1.pdf
05cf7528-ec3e-4c31-953c-a3c1036e043d,WOODWARD,OK,\\smb.dc2isilon.na.drillinginfo.com\lease_data_entry\data_sources\ok_county_records\ok\woodward\05cf
05d5dc50-4d78-444f-a32e-ba998f8e9430,BLAINE,OK,\\smb.dc2isilon.na.drillinginfo.com\lease_data_entry\data_sources\ok_county_records\ok\blaine\05d5
05d9bed2-1867-4d32-bbcf-ad00805f9cf8,COAL,OK,s3://enverus-courthouse-prod-chd-plants/ok/coal/05d9/05d9bed2-1867-4d32-bbcf-ad00805f9cf8.pdf
05df906b-5d82-4061-b913-4da0fea31f49,BLAINE,OK,\\smb.dc2isilon.na.drillinginfo.com\lease_data_entry\data_sources\ok_county_records\ok\blaine\05df
05e6290a-647b-4a26-b47c-d2ecb1444b7e,CUSTER,OK,\\smb.dc2isilon.na.drillinginfo.com\lease_data_entry\data_sources\ok_county_records\ok\custer\05e6
0624c382-613f-4f27-ac9e-82a658ec336d,BECKHAM,OK,\\smb.dc2isilon.na.drillinginfo.com\lease_data_entry\data_sources\ok_county_records\ok\beckham\0624
0625b835-e718-4d54-8c2f-6c07e720efed,TEXAS,OK,\\smb.dc2isilon.na.drillinginfo.com\lease_data_entry\data_sources\ok_county_records\ok\texas\0625
0625c70b-d027-43ec-a570-266d03f4a9d1,LOGAN,OK,\\smb.dc2isilon.na.drillinginfo.com\lease_data_entry\data_sources\ok_county_records\ok\logan\0625
0626c225-2a9b-4dec-a220-7a07a6088309,LOGAN,OK,\\smb.dc2isilon.na.drillinginfo.com\lease_data_entry\data_sources\ok_county_records\ok\logan\0626
062b987f-cf1a-4e9d-ac10-1b1b7618654e,CARTER,OK,\\smb.dc2isilon.na.drillinginfo.com\lease_data_entry\data_sources\ok_county_records\ok\carter\062b
0630fddc-e38d-4e2e-81ec-b4f99b0b1db3,CARTER,OK,s3://enverus-courthouse-prod-chd-plants/ok/carter/0630/0630fddc-e38d-4e2e-81ec-b4f99b0b1db3.pdf
0636b68c-da73-4a26-ad51-ae85e7aa219b,CUSTER,OK,s3://enverus-courthouse-prod-chd-plants/ok/custer/0636/0636b68c-da73-4a26-ad51-ae85e7aa219b.pdf
0639f730-30e7-46f4-af59-f6e9c27935a4,COMANCHE,OK,\\smb.dc2isilon.na.drillinginfo.com\lease_data_entry\data_sources\ok_county_records\ok\comanche\0639
063f852f-3619-40e6-8a28-e563450bc9ec,ROGER MILLS,OK,s3://enverus-courthouse-prod-chd-plants/ok/roger mills/063f/063f852f-3619-40e6-8a28-e563450bc9ec.pdf
063fabfb-143a-44b0-92ef-3ddd0fed28fc,MCCLAIN,OK,s3://enverus-courthouse-prod-chd-plants/ok/mcclain/063f/063fabfb-143a-44b0-92ef-3ddd0fed28fc.pdf
065e9146-583c-48ce-8949-d11e6bc9b4f5,CARTER,OK,s3://enverus-courthouse-prod-chd-plants/ok/carter/065e/065e9146-583c-48ce-8949-d11e6bc9b4f5.pdf
0666994e-f821-466e-b741-f3fd3ec81b91,LINCOLN,OK,\\smb.dc2isilon.na.drillinginfo.com\lease_data_entry\data_sources\ok_county_records\ok\lincoln\0666
06719a28-b14b-42e7-aa81-c189ced98ea0,BECKHAM,OK,\\smb.dc2isilon.na.drillinginfo.com\lease_data_entry\data_sources\ok_county_records\ok\beckham\0671
0673dc31-faef-41b4-8bd3-65114dd32fb3,BECKHAM,OK,\\smb.dc2isilon.na.drillinginfo.com\lease_data_entry\data_sources\ok_county_records\ok\beckham\0673
06a41d92-cea2-4e28-a5a8-e26c9e36285a,LOGAN,OK,s3://enverus-courthouse-prod-chd-plants/ok/logan/06a4/06a41d92-cea2-4e28-a5a8-e26c9e36285a.pdf
06a5b593-0767-4fdf-a2da-7fb4253e63eb,COMANCHE,OK,\\smb.dc2isilon.na.drillinginfo.com\lease_data_entry\data_sources\ok_county_records\ok\comanche\06a5
06bce564-3317-4255-8237-5bf8a48e661d,GARVIN,OK,s3://enverus-courthouse-prod-chd-plants/ok/garvin/06bc/06bce564-3317-4255-8237-5bf8a48e661d.pdf
06c766f4-f216-43ba-907f-0c6db07043c1,BLAINE,OK,\\smb.dc2isilon.na.drillinginfo.com\lease_data_entry\data_sources\ok_county_records\ok\blaine\06c7
06cdd349-d62a-42d5-9c80-2cfb3e967cc2,WASHINGTON,OK,\\smb.dc2isilon.na.drillinginfo.com\lease_data_entry\data_sources\ok_county_records\ok\washington\06cd
06ddef36-60c0-4686-9c45-1d71730d069f,MURRAY,OK,\\smb.dc2isilon.na.drillinginfo.com\lease_data_entry\data_sources\ok_county_records\ok\murray\06dd
06dff057-67ed-4d59-b8e7-a7e965a2611a,CUSTER,OK,s3://enverus-courthouse-prod-chd-plants/ok/custer/06df/06dff057-67ed-4d59-b8e7-a7e965a2611a.pdf
06e1ab76-9ff9-43c7-9b2a-9a01dcce4a10,ELLIS,OK,s3://enverus-courthouse-prod-chd-plants/ok/ellis/06e1/06e1ab76-9ff9-43c7-9b2a-9a01dcce4a10.pdf
06e30b97-18f6-4e91-a00b-115bc318d539,ROGER MILLS,OK,s3://enverus-courthouse-prod-chd-plants/ok/roger mills/06e3/06e30b97-18f6-4e91-a00b-115bc318d539.pdf
06e98a1e-17b6-4d66-afd0-24d3ea9af663,LATIMER,OK,s3://enverus-courthouse-prod-chd-plants/ok/latimer/06e9/06e98a1e-17b6-4d66-afd0-24d3ea9af663.pdf
06eca9fb-0e51-454d-af9e-928034273299,LOGAN,OK,s3://enverus-courthouse-prod-chd-plants/ok/logan/06ec/06eca9fb-0e51-454d-af9e-928034273299.pdf
06fa380e-f21b-449a-85a7-0068b404e0ee,COAL,OK,\\smb.dc2isilon.na.drillinginfo.com\lease_data_entry\data_sources\ok_county_records\ok\coal\06fa
070353ae-3ff3-4e71-91f5-0970fe4d8f48,DEWEY,OK,\\smb.dc2isilon.na.drillinginfo.com\lease_data_entry\data_sources\ok_county_records\ok\dewey\0703
071240c8-4a1a-4b9b-948f-ed5af79d6cfc,KINGFISHER,OK,s3://enverus-courthouse-prod-chd-plants/ok/kingfisher/0712/071240c8-4a1a-4b9b-948f-ed5af79d6cfc.pdf
073d9807-e851-41e4-8f25-eaa11dbc2217,CUSTER,OK,\\smb.dc2isilon.na.drillinginfo.com\lease_data_entry\data_sources\ok_county_records\ok\custer\073d
0755b184-25ad-4fa7-88b7-168d1fd1aec8,MARSHALL,OK,s3://enverus-courthouse-prod-chd-plants/ok/marshall/0755/0755b184-25ad-4fa7-88b7-168d1fd1aec8.pdf
075e50e3-224e-44ee-bbff-4c61ac378589,COMANCHE,OK,\\smb.dc2isilon.na.drillinginfo.com\lease_data_entry\data_sources\ok_county_records\ok\comanche\075e
07653c85-e0fd-49ee-8319-9114ebce5deb,MARSHALL,OK,s3://enverus-courthouse-prod-chd-plants/ok/marshall/0765/07653c85-e0fd-49ee-8319-9114ebce5deb.pdf
076d4ba8-4897-486a-a9e7-22cf293b7fd4,LINCOLN,OK,s3://enverus-courthouse-prod-chd-plants/ok/lincoln/076d/076d4ba8-4897-486a-a9e7-22cf293b7fd4.pdf
07825fe2-7abe-425d-add9-3289f20f7bc1,SEMINOLE,OK,s3://enverus-courthouse-prod-chd-plants/ok/seminole/0782/07825fe2-7abe-425d-add9-3289f20f7bc1.pdf
078adc93-0030-4fad-a038-a4204bb91226,PONTOTOC,OK,\\smb.dc2isilon.na.drillinginfo.com\lease_data_entry\data_sources\ok_county_records\ok\pontotoc\078a
078beb7e-010d-4ce1-baa8-47d9797f0edf,MCCLAIN,OK,\\smb.dc2isilon.na.drillinginfo.com\lease_data_entry\data_sources\ok_county_records\ok\mcclain\078b
078c7557-a141-41a3-8962-c1726edadac5,MARSHALL,OK,s3://enverus-courthouse-prod-chd-plants/ok/marshall/078c/078c7557-a141-41a3-8962-c1726edadac5.pdf
078d8e06-1679-4676-b6dc-135cac622e58,WOODWARD,OK,\\smb.dc2isilon.na.drillinginfo.com\lease_data_entry\data_sources\ok_county_records\ok\woodward\078d
07ac9982-5d5e-4254-a492-a240383c070b,PONTOTOC,OK,\\smb.dc2isilon.na.drillinginfo.com\lease_data_entry\data_sources\ok_county_records\ok\pontotoc\07ac
07b4afc7-af96-4c01-a63e-2aa86fdc541d,DEWEY,OK,s3://enverus-courthouse-prod-chd-plants/ok/dewey/07b4/07b4afc7-af96-4c01-a63e-2aa86fdc541d.pdf
07d31b1d-25ba-4893-9fe7-bfcb20373717,DEWEY,OK,s3://enverus-courthouse-prod-chd-plants/ok/dewey/07d3/07d31b1d-25ba-4893-9fe7-bfcb20373717.pdf
07e06fb2-110c-40c3-a162-26d645f1653f,SEMINOLE,OK,s3://enverus-courthouse-prod-chd-plants/ok/seminole/07e0/07e06fb2-110c-40c3-a162-26d645f1653f.pdf
07feca91-2346-44f6-9da4-ab25d4536863,ROGER MILLS,OK,s3://enverus-courthouse-prod-chd-plants/ok/roger mills/07fe/07feca91-2346-44f6-9da4-ab25d4536863.pdf
081c1be7-9a43-4200-bb43-938ee75adc07,CUSTER,OK,\\smb.dc2isilon.na.drillinginfo.com\lease_data_entry\data_sources\ok_county_records\ok\custer\081c
0821c68b-9a08-4594-ba2d-b3966b6e8939,COAL,OK,s3://enverus-courthouse-prod-chd-plants/ok/coal/0821/0821c68b-9a08-4594-ba2d-b3966b6e8939.pdf
082383d0-b107-4900-8902-fe52f6bfed68,LOGAN,OK,s3://enverus-courthouse-prod-chd-plants/ok/logan/0823/082383d0-b107-4900-8902-fe52f6bfed68.pdf
0827e2e5-2e20-40fb-b569-a84b17804c6d,LOGAN,OK,\\smb.dc2isilon.na.drillinginfo.com\lease_data_entry\data_sources\ok_county_records\ok\logan\0827
0839a83b-8579-48f1-8aca-9ee9f888b440,LOGAN,OK,s3://enverus-courthouse-prod-chd-plants/ok/logan/0839/0839a83b-8579-48f1-8aca-9ee9f888b440.pdf
083a9a8f-f7ef-4867-af7a-108652c52957,HUGHES,OK,s3://enverus-courthouse-prod-chd-plants/ok/hughes/083a/083a9a8f-f7ef-4867-af7a-108652c52957.pdf
083b38b4-b295-4d5d-b235-c29d126783d3,WOODWARD,OK,\\smb.dc2isilon.na.drillinginfo.com\lease_data_entry\data_sources\ok_county_records\ok\woodward\083b
087326c3-a77a-4e98-a427-b6d3e996a7f0,COAL,OK,s3://enverus-courthouse-prod-chd-plants/ok/coal/0873/087326c3-a77a-4e98-a427-b6d3e996a7f0.pdf
0873c692-f118-463e-a1cf-b04136ac0540,ELLIS,OK,s3://enverus-courthouse-prod-chd-plants/ok/ellis/0873/0873c692-f118-463e-a1cf-b04136ac0540.pdf
087f0d82-f12b-4e4e-8543-9fcdb451f86c,COAL,OK,\\smb.dc2isilon.na.drillinginfo.com\lease_data_entry\data_sources\ok_county_records\ok\coal\087f
08880f0d-b418-43c7-bb90-edc11dfd02a6,ROGER MILLS,OK,s3://enverus-courthouse-prod-chd-plants/ok/roger mills/0888/08880f0d-b418-43c7-bb90-edc11dfd02a6.pdf
088a8e10-473d-4303-80cb-c39dff2c7978,STEPHENS,OK,\\smb.dc2isilon.na.drillinginfo.com\lease_data_entry\data_sources\ok_county_records\ok\stephens\088a
08926c2f-19e7-4cf2-a208-41d3c60c4215,MURRAY,OK,\\smb.dc2isilon.na.drillinginfo.com\lease_data_entry\data_sources\ok_county_records\ok\murray\0892
08986e2c-7bd1-4d13-8b64-b85f820ca98c,CARTER,OK,s3://enverus-courthouse-prod-chd-plants/ok/carter/0898/08986e2c-7bd1-4d13-8b64-b85f820ca98c.pdf
089920a1-80b5-4cde-81f9-b0cd4bec3b2c,KAY,OK,\\smb.dc2isilon.na.drillinginfo.com\lease_data_entry\data_sources\ok_county_records\ok\kay\0899
089aad45-71bc-426b-85e8-3da68137030f,CARTER,OK,\\smb.dc2isilon.na.drillinginfo.com\lease_data_entry\data_sources\ok_county_records\ok\carter\089a
08a9df05-554b-4789-9c36-fa58d8838bae,WASHITA,OK,\\smb.dc2isilon.na.drillinginfo.com\lease_data_entry\data_sources\ok_county_records\ok\washita\08a9
08c06952-d62b-4fca-a3d4-44af120ba764,HUGHES,OK,\\smb.dc2isilon.na.drillinginfo.com\lease_data_entry\data_sources\ok_county_records\ok\hughes\08c0
08cac81d-ef77-49e4-9770-f38bd747670f,ROGER MILLS,OK,s3://enverus-courthouse-prod-chd-plants/ok/roger mills/08ca/08cac81d-ef77-49e4-9770-f38bd747670f.pdf
08cf9159-7069-4931-ae6d-224e43a14c6a,LINCOLN,OK,s3://enverus-courthouse-prod-chd-plants/ok/lincoln/08cf/08cf9159-7069-4931-ae6d-224e43a14c6a.pdf
08d28038-6004-4893-ae04-a9404a7bcc09,COMANCHE,OK,\\smb.dc2isilon.na.drillinginfo.com\lease_data_entry\data_sources\ok_county_records\ok\comanche\08d2
090bf9f3-b0c2-4693-ab0b-a26d55a615fc,MARSHALL,OK,\\smb.dc2isilon.na.drillinginfo.com\lease_data_entry\data_sources\ok_county_records\ok\marshall\090b
090d3a2a-d1cd-45f6-b0a3-1d554591bb5d,WASHINGTON,OK,\\smb.dc2isilon.na.drillinginfo.com\lease_data_entry\data_sources\ok_county_records\ok\washington\090d
0921c24d-7f62-4ac3-9b07-8b253bcac3a0,MCCLAIN,OK,s3://enverus-courthouse-prod-chd-plants/ok/mcclain/0921/0921c24d-7f62-4ac3-9b07-8b253bcac3a0.pdf
092439dd-2303-4614-8343-05ec80151536,PONTOTOC,OK,\\smb.dc2isilon.na.drillinginfo.com\lease_data_entry\data_sources\ok_county_records\ok\pontotoc\0924
0926d460-1bc3-448e-86a1-d118d7c70c26,SEMINOLE,OK,\\smb.dc2isilon.na.drillinginfo.com\lease_data_entry\data_sources\ok_county_records\ok\seminole\0926
09353cbb-1dda-4109-8dcb-29fe5c1fd4eb,ELLIS,OK,s3://enverus-courthouse-prod-chd-plants/ok/ellis/0935/09353cbb-1dda-4109-8dcb-29fe5c1fd4eb.pdf
09371c7c-ca73-4e70-aba5-24a165dba28a,COMANCHE,OK,\\smb.dc2isilon.na.drillinginfo.com\lease_data_entry\data_sources\ok_county_records\ok\comanche\0937
093be68c-f7f1-48b2-a411-08e9912d7112,OKMULGEE,OK,\\smb.dc2isilon.na.drillinginfo.com\lease_data_entry\data_sources\ok_county_records\ok\okmulgee\093b
0948c5c0-8b5f-4f3b-b9ef-bc5f0195f7ed,STEPHENS,OK,s3://enverus-courthouse-prod-chd-plants/ok/stephens/0948/0948c5c0-8b5f-4f3b-b9ef-bc5f0195f7ed.pdf
094dc012-8aeb-4779-8abf-525896713833,LINCOLN,OK,s3://enverus-courthouse-prod-chd-plants/ok/lincoln/094d/094dc012-8aeb-4779-8abf-525896713833.pdf
095ddbe0-cc5e-4c4f-b0d3-50eb00ae2235,KINGFISHER,OK,s3://enverus-courthouse-prod-chd-plants/ok/kingfisher/095d/095ddbe0-cc5e-4c4f-b0d3-50eb00ae2235.pdf
095e58a9-8900-4a4c-9456-2db8d9de4a8a,MARSHALL,OK,s3://enverus-courthouse-prod-chd-plants/ok/marshall/095e/095e58a9-8900-4a4c-9456-2db8d9de4a8a.pdf
098164f3-0edc-46b7-9a5b-71db307672d0,MCCLAIN,OK,s3://enverus-courthouse-prod-chd-plants/ok/mcclain/0981/098164f3-0edc-46b7-9a5b-71db307672d0.pdf
09923ced-3978-4555-b8f0-db4470c25a88,PAWNEE,OK,\\smb.dc2isilon.na.drillinginfo.com\lease_data_entry\data_sources\ok_county_records\ok\pawnee\0992
09cfcd0e-3c84-4e0c-8826-aba3e5defe00,LEFLORE,OK,s3://enverus-courthouse-prod-chd-plants/ok/leflore/09cf/09cfcd0e-3c84-4e0c-8826-aba3e5defe00.pdf
09d9a676-60c9-400d-acca-986ff6ac178b,LOVE,OK,s3://enverus-courthouse-prod-chd-plants/ok/love/09d9/09d9a676-60c9-400d-acca-986ff6ac178b.pdf
09f29470-4faf-4b59-a03a-a65431956122,ELLIS,OK,s3://enverus-courthouse-prod-chd-plants/ok/ellis/09f2/09f29470-4faf-4b59-a03a-a65431956122.pdf
0a0e4c23-c6ef-4cfa-b0f4-d5bdc7434706,KINGFISHER,OK,\\smb.dc2isilon.na.drillinginfo.com\lease_data_entry\data_sources\ok_county_records\ok\kingfisher\0a0e
0a1986a8-0e22-42fd-b62f-a4aeb9e8c60d,LEFLORE,OK,s3://enverus-courthouse-prod-chd-plants/ok/leflore/0a19/0a1986a8-0e22-42fd-b62f-a4aeb9e8c60d.pdf
0a26e18a-3a69-4960-9761-b7aafc24f9da,ELLIS,OK,\\smb.dc2isilon.na.drillinginfo.com\lease_data_entry\data_sources\ok_county_records\ok\ellis\0a26
0a2c3439-6318-45f0-a9fa-5cc6809bbb65,LATIMER,OK,s3://enverus-courthouse-prod-chd-plants/ok/latimer/0a2c/0a2c3439-6318-45f0-a9fa-5cc6809bbb65.pdf
0a2fa240-66a2-4f3c-b92e-dd38013c7da1,WASHITA,OK,\\smb.dc2isilon.na.drillinginfo.com\lease_data_entry\data_sources\ok_county_records\ok\washita\0a2f
0a366ee1-0fcc-40ec-99e4-9912e66c9fbb,COAL,OK,s3://enverus-courthouse-prod-chd-plants/ok/coal/0a36/0a366ee1-0fcc-40ec-99e4-9912e66c9fbb.pdf
0a4a9fea-5a70-4f6c-90e0-43217f11090f,GARVIN,OK,s3://enverus-courthouse-prod-chd-plants/ok/garvin/0a4a/0a4a9fea-5a70-4f6c-90e0-43217f11090f.pdf
0a5729d7-afa4-4d5e-b620-312d7e760a21,CUSTER,OK,\\smb.dc2isilon.na.drillinginfo.com\lease_data_entry\data_sources\ok_county_records\ok\custer\0a57
0a7eb256-d73b-405f-b8f8-fb2b1739ffeb,LEFLORE,OK,\\smb.dc2isilon.na.drillinginfo.com\lease_data_entry\data_sources\ok_county_records\ok\leflore\0a7e
0a92f331-ca4d-4678-9e19-b4cd6f1aa5cd,PITTSBURG,OK,s3://enverus-courthouse-prod-chd-plants/ok/pittsburg/0a92/0a92f331-ca4d-4678-9e19-b4cd6f1aa5cd.pdf
0a9d7c9c-6012-4267-870a-214d5128f022,ELLIS,OK,s3://enverus-courthouse-prod-chd-plants/ok/ellis/0a9d/0a9d7c9c-6012-4267-870a-214d5128f022.pdf
0aa41c2c-252b-4e8e-89c4-7570d112de79,DEWEY,OK,s3://enverus-courthouse-prod-chd-plants/ok/dewey/0aa4/0aa41c2c-252b-4e8e-89c4-7570d112de79.pdf
0ade3d2b-131d-4aae-93ae-e028bd49cb86,WOODWARD,OK,\\smb.dc2isilon.na.drillinginfo.com\lease_data_entry\data_sources\ok_county_records\ok\woodward\0ade
0ae07dc7-c379-477e-921d-1eab219a98cc,BECKHAM,OK,\\smb.dc2isilon.na.drillinginfo.com\lease_data_entry\data_sources\ok_county_records\ok\beckham\0ae0
0ae37e50-919d-4952-a983-17e640be6a80,LINCOLN,OK,\\smb.dc2isilon.na.drillinginfo.com\lease_data_entry\data_sources\ok_county_records\ok\lincoln\0ae3
0ae8573b-3964-4a92-90a2-3bf775bde64b,CUSTER,OK,s3://enverus-courthouse-prod-chd-plants/ok/custer/0ae8/0ae8573b-3964-4a92-90a2-3bf775bde64b.pdf
0b05ba5b-efcc-486e-98c0-76a0b0ea2334,WOODWARD,OK,\\smb.dc2isilon.na.drillinginfo.com\lease_data_entry\data_sources\ok_county_records\ok\woodward\0b05
0b13f89d-54bf-42df-92a8-1d9f50981d07,STEPHENS,OK,s3://enverus-courthouse-prod-chd-plants/ok/stephens/0b13/0b13f89d-54bf-42df-92a8-1d9f50981d07.pdf
0b1d29f1-ba05-4a23-b7a3-392baf1349f6,COMANCHE,OK,s3://enverus-courthouse-prod-chd-plants/ok/comanche/0b1d/0b1d29f1-ba05-4a23-b7a3-392baf1349f6.pdf
0b1dc09d-a6e4-4ff0-8be7-a7d7f5a218dd,GARVIN,OK,\\smb.dc2isilon.na.drillinginfo.com\lease_data_entry\data_sources\ok_county_records\ok\garvin\0b1d
0b3a114f-cf43-4dee-bc26-3057e766488c,CARTER,OK,\\smb.dc2isilon.na.drillinginfo.com\lease_data_entry\data_sources\ok_county_records\ok\carter\0b3a
0b43650c-4421-40b1-96fd-d875a949a0b1,NOBLE,OK,s3://enverus-courthouse-prod-chd-plants/ok/noble/0b43/0b43650c-4421-40b1-96fd-d875a949a0b1.pdf
0b54bd91-df18-4319-8a0d-a7941fe4aba6,ROGER MILLS,OK,s3://enverus-courthouse-prod-chd-plants/ok/roger mills/0b54/0b54bd91-df18-4319-8a0d-a7941fe4aba6.pdf
0b58de83-2f06-4339-8ac6-44e85edc4109,BECKHAM,OK,\\smb.dc2isilon.na.drillinginfo.com\lease_data_entry\data_sources\ok_county_records\ok\beckham\0b58
0b5ca0b0-50c1-4e44-b24d-f4a86b768007,CARTER,OK,s3://enverus-courthouse-prod-chd-plants/ok/carter/0b5c/0b5ca0b0-50c1-4e44-b24d-f4a86b768007.pdf
0b700164-a2c3-4576-81e0-527fc5f60757,CARTER,OK,\\smb.dc2isilon.na.drillinginfo.com\lease_data_entry\data_sources\ok_county_records\ok\carter\0b70
0b761c65-94be-4a36-b7e8-6267b9f1743f,MCCLAIN,OK,\\smb.dc2isilon.na.drillinginfo.com\lease_data_entry\data_sources\ok_county_records\ok\mcclain\0b76
0b8c107d-22e3-4832-9c5b-cd13da43240b,KAY,OK,s3://enverus-courthouse-prod-chd-plants/ok/kay/0b8c/0b8c107d-22e3-4832-9c5b-cd13da43240b.pdf
0b925a1e-26f2-47c1-9282-153fc7eb54df,CARTER,OK,\\smb.dc2isilon.na.drillinginfo.com\lease_data_entry\data_sources\ok_county_records\ok\carter\0b92
0b98f62f-8ea8-478b-afe6-6543cb5eece3,ELLIS,OK,s3://enverus-courthouse-prod-chd-plants/ok/ellis/0b98/0b98f62f-8ea8-478b-afe6-6543cb5eece3.pdf
0ba2cecc-d931-4c00-a823-fcc36411b61a,COMANCHE,OK,\\smb.dc2isilon.na.drillinginfo.com\lease_data_entry\data_sources\ok_county_records\ok\comanche\0ba2
0ba4de00-8764-45b5-817a-ae2db42f23da,CARTER,OK,s3://enverus-courthouse-prod-chd-plants/ok/carter/0ba4/0ba4de00-8764-45b5-817a-ae2db42f23da.pdf
0ba705e1-bfe5-4043-89f9-ca6661d14b77,LEFLORE,OK,s3://enverus-courthouse-prod-chd-plants/ok/leflore/0ba7/0ba705e1-bfe5-4043-89f9-ca6661d14b77.pdf
0bb6d90b-1846-44e6-95b1-cb388450a109,CARTER,OK,\\smb.dc2isilon.na.drillinginfo.com\lease_data_entry\data_sources\ok_county_records\ok\carter\0bb6
0bb9bd6f-aa15-4f09-af7b-6dd1d10a90ad,STEPHENS,OK,\\smb.dc2isilon.na.drillinginfo.com\lease_data_entry\data_sources\ok_county_records\ok\stephens\0bb9
0bbd127a-d14d-41ff-bf84-f48cd6aaef3e,KAY,OK,\\smb.dc2isilon.na.drillinginfo.com\lease_data_entry\data_sources\ok_county_records\ok\kay\0bbd
0bd4dc48-bba6-4c02-a938-1835f8458619,ELLIS,OK,s3://enverus-courthouse-prod-chd-plants/ok/ellis/0bd4/0bd4dc48-bba6-4c02-a938-1835f8458619.pdf
0becc4d9-400c-4145-ba67-f14a0c70cfd2,KAY,OK,s3://enverus-courthouse-prod-chd-plants/ok/kay/0bec/0becc4d9-400c-4145-ba67-f14a0c70cfd2.pdf
0bfdf4dc-c528-45f1-a7bf-0e94c4f2ba2a,LEFLORE,OK,s3://enverus-courthouse-prod-chd-plants/ok/leflore/0bfd/0bfdf4dc-c528-45f1-a7bf-0e94c4f2ba2a.pdf
0c0193ed-d8ea-462e-945f-eed5f477c9d4,GARVIN,OK,s3://enverus-courthouse-prod-chd-plants/ok/garvin/0c01/0c0193ed-d8ea-462e-945f-eed5f477c9d4.pdf
0c05ecc1-d67c-4e97-b13f-6d47f2760e0b,PITTSBURG,OK,s3://enverus-courthouse-prod-chd-plants/ok/pittsburg/0c05/0c05ecc1-d67c-4e97-b13f-6d47f2760e0b.pdf
0c0acc0b-dbf0-4dd1-b42d-8cdb04548994,DEWEY,OK,\\smb.dc2isilon.na.drillinginfo.com\lease_data_entry\data_sources\ok_county_records\ok\dewey\0c0a
0c0f07da-d14c-4d4c-b36c-75fa46e45032,ELLIS,OK,s3://enverus-courthouse-prod-chd-plants/ok/ellis/0c0f/0c0f07da-d14c-4d4c-b36c-75fa46e45032.pdf
0c1016b0-4bd2-4566-93ef-28446aeec3c8,LOVE,OK,s3://enverus-courthouse-prod-chd-plants/ok/love/0c10/0c1016b0-4bd2-4566-93ef-28446aeec3c8.pdf
0c1eb963-fef7-41ab-ae14-b61b29e93566,LEFLORE,OK,\\smb.dc2isilon.na.drillinginfo.com\lease_data_entry\data_sources\ok_county_records\ok\leflore\0c1e
0c5253b8-ac9f-418d-84b3-dc0ff3f92136,ROGER MILLS,OK,\\smb.dc2isilon.na.drillinginfo.com\lease_data_entry\data_sources\ok_county_records\ok\roger mills\0c52
0c59e698-e2f1-4c6c-bccf-ec6f2f20da14,MCCLAIN,OK,s3://enverus-courthouse-prod-chd-plants/ok/mcclain/0c59/0c59e698-e2f1-4c6c-bccf-ec6f2f20da14.pdf
0c5cf188-7d81-4e4f-9992-4e68da773329,GRANT,OK,s3://enverus-courthouse-prod-chd-plants/ok/grant/0c5c/0c5cf188-7d81-4e4f-9992-4e68da773329.pdf
0c64ca78-7376-4558-abde-010fbf79f4fd,STEPHENS,OK,\\smb.dc2isilon.na.drillinginfo.com\lease_data_entry\data_sources\ok_county_records\ok\stephens\0c64
0c97100a-ac60-412f-9c28-409bf29ba1cb,MURRAY,OK,s3://enverus-courthouse-prod-chd-plants/ok/murray/0c97/0c97100a-ac60-412f-9c28-409bf29ba1cb.pdf
0cb65ca0-6511-4c20-be15-628783204f71,COAL,OK,\\smb.dc2isilon.na.drillinginfo.com\lease_data_entry\data_sources\ok_county_records\ok\coal\0cb6
0cb6c119-2854-458e-8bb7-d8e3a98df9ef,ROGER MILLS,OK,s3://enverus-courthouse-prod-chd-plants/ok/roger mills/0cb6/0cb6c119-2854-458e-8bb7-d8e3a98df9ef.pdf
0ce623e3-7660-4bed-931b-3a6e55d66a40,STEPHENS,OK,\\smb.dc2isilon.na.drillinginfo.com\lease_data_entry\data_sources\ok_county_records\ok\stephens\0ce6
0cf752d3-8896-495f-912e-ed529945a6cf,MCINTOSH,OK,s3://enverus-courthouse-prod-chd-plants/ok/mcintosh/0cf7/0cf752d3-8896-495f-912e-ed529945a6cf.pdf
0d0e4e55-9eb1-4d7a-89d7-73ba83cdf249,MCCLAIN,OK,\\smb.dc2isilon.na.drillinginfo.com\lease_data_entry\data_sources\ok_county_records\ok\mcclain\0d0e
0d11bb3f-697a-46a4-bcdd-5c109af13506,LOVE,OK,\\smb.dc2isilon.na.drillinginfo.com\lease_data_entry\data_sources\ok_county_records\ok\love\0d11
0d14ef43-0f1e-4ca8-816d-97cbb6786a85,KAY,OK,\\smb.dc2isilon.na.drillinginfo.com\lease_data_entry\data_sources\ok_county_records\ok\kay\0d14
0d15be70-9c84-4060-a473-b9542b33a054,LINCOLN,OK,s3://enverus-courthouse-prod-chd-plants/ok/lincoln/0d15/0d15be70-9c84-4060-a473-b9542b33a054.pdf
0d3753bb-8966-4c62-96e8-089ba30fbc6c,KAY,OK,s3://enverus-courthouse-prod-chd-plants/ok/kay/0d37/0d3753bb-8966-4c62-96e8-089ba30fbc6c.pdf
0d635248-1f25-4bb1-8279-fddbcda8cd94,BECKHAM,OK,s3://enverus-courthouse-prod-chd-plants/ok/beckham/0d63/0d635248-1f25-4bb1-8279-fddbcda8cd94.pdf
0d770a27-e59f-46ad-897e-96ab000dc615,ROGER MILLS,OK,s3://enverus-courthouse-prod-chd-plants/ok/roger mills/0d77/0d770a27-e59f-46ad-897e-96ab000dc615.pdf
0db29944-d13d-47fe-8db6-03869eff2631,CARTER,OK,s3://enverus-courthouse-prod-chd-plants/ok/carter/0db2/0db29944-d13d-47fe-8db6-03869eff2631.pdf
0dcecbae-49e9-490e-82fc-1d74293efc89,LOVE,OK,s3://enverus-courthouse-prod-chd-plants/ok/love/0dce/0dcecbae-49e9-490e-82fc-1d74293efc89.pdf
0df6c37e-cc8c-41bc-9044-86eaefdc443c,BECKHAM,OK,\\smb.dc2isilon.na.drillinginfo.com\lease_data_entry\data_sources\ok_county_records\ok\beckham\0df6
0df7fb69-c776-422c-85af-0987a214431a,SEMINOLE,OK,s3://enverus-courthouse-prod-chd-plants/ok/seminole/0df7/0df7fb69-c776-422c-85af-0987a214431a.pdf
0e00fe75-b9bf-4058-9a62-e81b899881c5,LINCOLN,OK,s3://enverus-courthouse-prod-chd-plants/ok/lincoln/0e00/0e00fe75-b9bf-4058-9a62-e81b899881c5.pdf
0e17d5b3-175c-4099-8cce-83cbaee6ec30,MARSHALL,OK,\\smb.dc2isilon.na.drillinginfo.com\lease_data_entry\data_sources\ok_county_records\ok\marshall\0e17
0e4557b3-5621-4086-ae01-021008c82fe8,CUSTER,OK,s3://enverus-courthouse-prod-chd-plants/ok/custer/0e45/0e4557b3-5621-4086-ae01-021008c82fe8.pdf
0e46e36d-5c54-4631-96d0-61d79fd6e2e5,MURRAY,OK,s3://enverus-courthouse-prod-chd-plants/ok/murray/0e46/0e46e36d-5c54-4631-96d0-61d79fd6e2e5.pdf
0e4c5cd2-bc7a-4636-a47d-a7acc3326395,CUSTER,OK,\\smb.dc2isilon.na.drillinginfo.com\lease_data_entry\data_sources\ok_county_records\ok\custer\0e4c
0e73075e-f064-46eb-8242-dca997462472,STEPHENS,OK,s3://enverus-courthouse-prod-chd-plants/ok/stephens/0e73/0e73075e-f064-46eb-8242-dca997462472.pdf
0e738931-6164-4aba-958c-f7e75c850a4a,MARSHALL,OK,s3://enverus-courthouse-prod-chd-plants/ok/marshall/0e73/0e738931-6164-4aba-958c-f7e75c850a4a.pdf
0e77a313-86e9-4ff7-94a8-888518b84575,MARSHALL,OK,s3://enverus-courthouse-prod-chd-plants/ok/marshall/0e77/0e77a313-86e9-4ff7-94a8-888518b84575.pdf
0e7ebf2b-ed90-4eb0-88c1-bd6fffd4832c,CARTER,OK,s3://enverus-courthouse-prod-chd-plants/ok/carter/0e7e/0e7ebf2b-ed90-4eb0-88c1-bd6fffd4832c.pdf
0e837147-a0e0-4478-8ce3-743b255d1040,CARTER,OK,s3://enverus-courthouse-prod-chd-plants/ok/carter/0e83/0e837147-a0e0-4478-8ce3-743b255d1040.pdf
0e907370-44d1-4188-84d8-ee6b45760f75,LEFLORE,OK,\\smb.dc2isilon.na.drillinginfo.com\lease_data_entry\data_sources\ok_county_records\ok\leflore\0e90
0e9dd4f1-ebfc-4db7-afb3-8b301f371dd9,BLAINE,OK,s3://enverus-courthouse-prod-chd-plants/ok/blaine/0e9d/0e9dd4f1-ebfc-4db7-afb3-8b301f371dd9.pdf
0eb731a4-9a25-4927-a6af-243824f8e8cd,MURRAY,OK,s3://enverus-courthouse-prod-chd-plants/ok/murray/0eb7/0eb731a4-9a25-4927-a6af-243824f8e8cd.pdf
0ed4d812-c1f6-4fe6-b0e6-381f26955c68,LOGAN,OK,s3://enverus-courthouse-prod-chd-plants/ok/logan/0ed4/0ed4d812-c1f6-4fe6-b0e6-381f26955c68.pdf
0edf5f9e-164d-4249-966e-232a4bb49e40,OKMULGEE,OK,\\smb.dc2isilon.na.drillinginfo.com\lease_data_entry\data_sources\ok_county_records\ok\okmulgee\0edf
0ee50be4-2c39-497a-b0fb-6c9266397dbd,STEPHENS,OK,\\smb.dc2isilon.na.drillinginfo.com\lease_data_entry\data_sources\ok_county_records\ok\stephens\0ee5
0ef3eaef-c106-432b-8c03-c4d032ea5b5e,MAJOR,OK,s3://enverus-courthouse-prod-chd-plants/ok/major/0ef3/0ef3eaef-c106-432b-8c03-c4d032ea5b5e.pdf
0efedd15-9563-4b0d-bcd6-75c98b10c299,LOGAN,OK,s3://enverus-courthouse-prod-chd-plants/ok/logan/0efe/0efedd15-9563-4b0d-bcd6-75c98b10c299.pdf
0f08c8f0-4a14-4adb-bf51-c52f276eed98,ROGER MILLS,OK,s3://enverus-courthouse-prod-chd-plants/ok/roger mills/0f08/0f08c8f0-4a14-4adb-bf51-c52f276eed98.pdf
0f0c57bf-5ff9-45c2-87b1-2a55c618f62e,STEPHENS,OK,\\smb.dc2isilon.na.drillinginfo.com\lease_data_entry\data_sources\ok_county_records\ok\stephens\0f0c
0f23288f-9e1c-4b21-9ccf-74f95cac0185,LOVE,OK,s3://enverus-courthouse-prod-chd-plants/ok/love/0f23/0f23288f-9e1c-4b21-9ccf-74f95cac0185.pdf
0f25d8e7-83ca-4d16-9e86-fe916a999269,TEXAS,OK,s3://enverus-courthouse-prod-chd-plants/ok/texas/0f25/0f25d8e7-83ca-4d16-9e86-fe916a999269.pdf
0f351905-89ec-4b50-95c6-cbdcc0c7d716,PITTSBURG,OK,\\smb.dc2isilon.na.drillinginfo.com\lease_data_entry\data_sources\ok_county_records\ok\pittsburg\0f35
0f4dcb4b-ca63-4be9-8aec-ce198c24671d,PITTSBURG,OK,s3://enverus-courthouse-prod-chd-plants/ok/pittsburg/0f4d/0f4dcb4b-ca63-4be9-8aec-ce198c24671d.pdf
0f7ac5fe-73b1-4473-9e2d-665ec4aeee2d,CARTER,OK,s3://enverus-courthouse-prod-chd-plants/ok/carter/0f7a/0f7ac5fe-73b1-4473-9e2d-665ec4aeee2d.pdf
0f7d2d62-8f19-43c8-b456-a8065a744d4a,STEPHENS,OK,s3://enverus-courthouse-prod-chd-plants/ok/stephens/0f7d/0f7d2d62-8f19-43c8-b456-a8065a744d4a.pdf
0f801d56-f33a-4c49-a4a4-7e79100af4b0,ROGER MILLS,OK,s3://enverus-courthouse-prod-chd-plants/ok/roger mills/0f80/0f801d56-f33a-4c49-a4a4-7e79100af4b0.pdf
0f8be4f3-2ab9-4945-94bb-53dc93b5cdbc,ELLIS,OK,s3://enverus-courthouse-prod-chd-plants/ok/ellis/0f8b/0f8be4f3-2ab9-4945-94bb-53dc93b5cdbc.pdf
0f8e0916-8ca2-40d3-aef5-612bb9ad7df4,MAJOR,OK,\\smb.dc2isilon.na.drillinginfo.com\lease_data_entry\data_sources\ok_county_records\ok\major\0f8e
0f915814-ce51-4753-8b9d-ac4f896c4600,TEXAS,OK,\\smb.dc2isilon.na.drillinginfo.com\lease_data_entry\data_sources\ok_county_records\ok\texas\0f91
0f98e72b-c485-43a2-a3cb-b3869881850d,COAL,OK,s3://enverus-courthouse-prod-chd-plants/ok/coal/0f98/0f98e72b-c485-43a2-a3cb-b3869881850d.pdf
0fa2973f-6b4e-404f-a140-7319d7624e66,OKMULGEE,OK,\\smb.dc2isilon.na.drillinginfo.com\lease_data_entry\data_sources\ok_county_records\ok\okmulgee\0fa2
0fa3b0fb-cf75-4a5e-825c-d6d8795c7a60,LOVE,OK,s3://enverus-courthouse-prod-chd-plants/ok/love/0fa3/0fa3b0fb-cf75-4a5e-825c-d6d8795c7a60.pdf
0fa9b3f0-2371-4b5f-af4b-7b0654e2d1fd,KINGFISHER,OK,\\smb.dc2isilon.na.drillinginfo.com\lease_data_entry\data_sources\ok_county_records\ok\kingfisher\0fa9
0faedd67-2b9f-44ee-8cc6-1663d3e46a06,MAJOR,OK,s3://enverus-courthouse-prod-chd-plants/ok/major/0fae/0faedd67-2b9f-44ee-8cc6-1663d3e46a06.pdf
0fc5b074-8b04-4e2d-965c-b733f0be7574,MCCLAIN,OK,s3://enverus-courthouse-prod-chd-plants/ok/mcclain/0fc5/0fc5b074-8b04-4e2d-965c-b733f0be7574.pdf
0fe38ff0-5bb6-40cd-819f-60b1d8d6b8cb,LEFLORE,OK,\\smb.dc2isilon.na.drillinginfo.com\lease_data_entry\data_sources\ok_county_records\ok\leflore\0fe3
10080600-b3b9-4fd0-8d2f-4af37caad940,KINGFISHER,OK,s3://enverus-courthouse-prod-chd-plants/ok/kingfisher/1008/10080600-b3b9-4fd0-8d2f-4af37caad940.pdf
101158d7-e874-4d00-96ce-79c212281733,MCCLAIN,OK,\\smb.dc2isilon.na.drillinginfo.com\lease_data_entry\data_sources\ok_county_records\ok\mcclain\1011
1011a2fa-9c36-4768-94a6-78909e9e473e,CARTER,OK,s3://enverus-courthouse-prod-chd-plants/ok/carter/1011/1011a2fa-9c36-4768-94a6-78909e9e473e.pdf
101a334b-3fb8-4b6e-8c17-5c6f3a00e104,LATIMER,OK,\\smb.dc2isilon.na.drillinginfo.com\lease_data_entry\data_sources\ok_county_records\ok\latimer\101a
1023265c-2779-4712-bdbd-f51e6d922024,GRANT,OK,\\smb.dc2isilon.na.drillinginfo.com\lease_data_entry\data_sources\ok_county_records\ok\grant\1023
1069366a-3c2b-4259-8f58-b28d7a4099b0,KINGFISHER,OK,s3://enverus-courthouse-prod-chd-plants/ok/kingfisher/1069/1069366a-3c2b-4259-8f58-b28d7a4099b0.pdf
106f39d5-65de-486b-a298-ab3b9dd43dc4,JEFFERSON,OK,s3://enverus-courthouse-prod-chd-plants/ok/jefferson/106f/106f39d5-65de-486b-a298-ab3b9dd43dc4.pdf
10778d53-662f-4aa0-827c-0c03546e30b0,BLAINE,OK,\\smb.dc2isilon.na.drillinginfo.com\lease_data_entry\data_sources\ok_county_records\ok\blaine\1077
107ac5b8-61fc-4a7c-92e1-d4bd0b2ce40f,ELLIS,OK,s3://enverus-courthouse-prod-chd-plants/ok/ellis/107a/107ac5b8-61fc-4a7c-92e1-d4bd0b2ce40f.pdf
1094936a-92e0-4baa-822d-1842de7cfc6b,ELLIS,OK,s3://enverus-courthouse-prod-chd-plants/ok/ellis/1094/1094936a-92e0-4baa-822d-1842de7cfc6b.pdf
10b09a91-02df-4131-8bfd-2761d6dfb0d3,BECKHAM,OK,\\smb.dc2isilon.na.drillinginfo.com\lease_data_entry\data_sources\ok_county_records\ok\beckham\10b0
10c5d809-a04c-4baf-b86d-5d54fa68862c,LINCOLN,OK,\\smb.dc2isilon.na.drillinginfo.com\lease_data_entry\data_sources\ok_county_records\ok\lincoln\10c5
10d34439-84eb-4ee7-8d53-3767e74a7caa,COMANCHE,OK,\\smb.dc2isilon.na.drillinginfo.com\lease_data_entry\data_sources\ok_county_records\ok\comanche\10d3
111008fc-9cf5-44b5-bfd3-ea05c4e65d12,STEPHENS,OK,s3://enverus-courthouse-prod-chd-plants/ok/stephens/1110/111008fc-9cf5-44b5-bfd3-ea05c4e65d12.pdf
11156b3e-e869-489e-8f97-8650ac04039e,GARVIN,OK,s3://enverus-courthouse-prod-chd-plants/ok/garvin/1115/11156b3e-e869-489e-8f97-8650ac04039e.pdf
1117e523-0961-4bdf-bef4-e8979c87db38,ELLIS,OK,s3://enverus-courthouse-prod-chd-plants/ok/ellis/1117/1117e523-0961-4bdf-bef4-e8979c87db38.pdf
111c2fcd-b09d-480e-96ee-122a1f5236a2,CARTER,OK,s3://enverus-courthouse-prod-chd-plants/ok/carter/111c/111c2fcd-b09d-480e-96ee-122a1f5236a2.pdf
1129318d-ea23-40de-9fd1-9842ded535a4,CARTER,OK,s3://enverus-courthouse-prod-chd-plants/ok/carter/1129/1129318d-ea23-40de-9fd1-9842ded535a4.pdf
112b8607-7fde-473a-8fc6-320dc12a7335,PONTOTOC,OK,\\smb.dc2isilon.na.drillinginfo.com\lease_data_entry\data_sources\ok_county_records\ok\pontotoc\112b
11331b16-9258-4345-82cd-8134ed644948,ROGER MILLS,OK,\\smb.dc2isilon.na.drillinginfo.com\lease_data_entry\data_sources\ok_county_records\ok\roger mills\1133
113582a6-86db-49bf-944a-41f841455968,MAJOR,OK,\\smb.dc2isilon.na.drillinginfo.com\lease_data_entry\data_sources\ok_county_records\ok\major\1135
1157428e-febd-408e-b114-08679aefe49f,CARTER,OK,\\smb.dc2isilon.na.drillinginfo.com\lease_data_entry\data_sources\ok_county_records\ok\carter\1157
115f35fb-6f0e-4de4-b540-ff44d5725070,MCCLAIN,OK,s3://enverus-courthouse-prod-chd-plants/ok/mcclain/115f/115f35fb-6f0e-4de4-b540-ff44d5725070.pdf
117734ea-a05e-4c18-bdbd-5ad0745710e4,LATIMER,OK,s3://enverus-courthouse-prod-chd-plants/ok/latimer/1177/117734ea-a05e-4c18-bdbd-5ad0745710e4.pdf
117e5302-fc15-44ca-8f0f-89b5901319e7,SEMINOLE,OK,\\smb.dc2isilon.na.drillinginfo.com\lease_data_entry\data_sources\ok_county_records\ok\seminole\117e
11814328-ec9e-410f-b71f-cff1bbe58f6c,CARTER,OK,\\smb.dc2isilon.na.drillinginfo.com\lease_data_entry\data_sources\ok_county_records\ok\carter\1181
11988c14-f4af-43a6-9ba4-bee8273d3db8,STEPHENS,OK,\\smb.dc2isilon.na.drillinginfo.com\lease_data_entry\data_sources\ok_county_records\ok\stephens\1198
1199bc6b-4c4b-42e4-9073-d80e749c08da,CARTER,OK,s3://enverus-courthouse-prod-chd-plants/ok/carter/1199/1199bc6b-4c4b-42e4-9073-d80e749c08da.pdf
119d71dc-1bcb-4f3d-a74c-892ad49cb2b9,CARTER,OK,s3://enverus-courthouse-prod-chd-plants/ok/carter/119d/119d71dc-1bcb-4f3d-a74c-892ad49cb2b9.pdf
119fbf1d-41bc-4695-a5c5-5b6f6cedf91a,KINGFISHER,OK,\\smb.dc2isilon.na.drillinginfo.com\lease_data_entry\data_sources\ok_county_records\ok\kingfisher\119f
11ac591f-5cb2-47e6-a72f-d84a8cd4fc19,KIOWA,OK,s3://enverus-courthouse-prod-chd-plants/ok/kiowa/11ac/11ac591f-5cb2-47e6-a72f-d84a8cd4fc19.pdf
11b4aa9d-a6e7-4248-ac05-738ddeac4e9d,ELLIS,OK,s3://enverus-courthouse-prod-chd-plants/ok/ellis/11b4/11b4aa9d-a6e7-4248-ac05-738ddeac4e9d.pdf
11ca9fcc-ad99-40e0-9473-9b6d306f9f66,KAY,OK,\\smb.dc2isilon.na.drillinginfo.com\lease_data_entry\data_sources\ok_county_records\ok\kay\11ca
11cdf616-be5b-48a6-809e-16d9dc90cf67,ELLIS,OK,\\smb.dc2isilon.na.drillinginfo.com\lease_data_entry\data_sources\ok_county_records\ok\ellis\11cd
11cf10f4-8ba6-4cc1-962d-b984f05d03a7,MCCLAIN,OK,s3://enverus-courthouse-prod-chd-plants/ok/mcclain/11cf/11cf10f4-8ba6-4cc1-962d-b984f05d03a7.pdf
11d771b8-1a66-40b8-a0ea-a5b77bedfa92,CUSTER,OK,s3://enverus-courthouse-prod-chd-plants/ok/custer/11d7/11d771b8-1a66-40b8-a0ea-a5b77bedfa92.pdf
11e2f293-4978-4d50-9197-c2a47bd5f2ce,ELLIS,OK,\\smb.dc2isilon.na.drillinginfo.com\lease_data_entry\data_sources\ok_county_records\ok\ellis\11e2
11ee5f6a-b1dc-432c-94ec-fc1a8f84e906,STEPHENS,OK,\\smb.dc2isilon.na.drillinginfo.com\lease_data_entry\data_sources\ok_county_records\ok\stephens\11ee
11f5ee72-09b0-47bc-84c3-0ed221400c1f,OKMULGEE,OK,\\smb.dc2isilon.na.drillinginfo.com\lease_data_entry\data_sources\ok_county_records\ok\okmulgee\11f5
11f9e2b7-dc16-4243-86d0-1413793cd3f6,MARSHALL,OK,s3://enverus-courthouse-prod-chd-plants/ok/marshall/11f9/11f9e2b7-dc16-4243-86d0-1413793cd3f6.pdf
120ee14b-b3ef-45b0-a4e8-5622846815e4,MCINTOSH,OK,\\smb.dc2isilon.na.drillinginfo.com\lease_data_entry\data_sources\ok_county_records\ok\mcintosh\120e
121a84dd-a863-4bec-ba78-2bfd2da9798d,BLAINE,OK,s3://enverus-courthouse-prod-chd-plants/ok/blaine/121a/121a84dd-a863-4bec-ba78-2bfd2da9798d.pdf
12363d82-871e-4f66-8d53-43ed92f00783,STEPHENS,OK,s3://enverus-courthouse-prod-chd-plants/ok/stephens/1236/12363d82-871e-4f66-8d53-43ed92f00783.pdf
12550bed-14e0-49ca-9956-0251949ebad0,CARTER,OK,\\smb.dc2isilon.na.drillinginfo.com\lease_data_entry\data_sources\ok_county_records\ok\carter\1255
125af022-9637-4085-bb5f-1aa0fa922b8b,LOGAN,OK,s3://enverus-courthouse-prod-chd-plants/ok/logan/125a/125af022-9637-4085-bb5f-1aa0fa922b8b.pdf
125b3e8b-670b-419b-853c-84817a548979,LINCOLN,OK,s3://enverus-courthouse-prod-chd-plants/ok/lincoln/125b/125b3e8b-670b-419b-853c-84817a548979.pdf
12680a6f-d7ec-46af-a002-cf025001de1f,PITTSBURG,OK,s3://enverus-courthouse-prod-chd-plants/ok/pittsburg/1268/12680a6f-d7ec-46af-a002-cf025001de1f.pdf
1271dc5e-4816-4afc-bc5e-48ae4ccc5d14,LOGAN,OK,s3://enverus-courthouse-prod-chd-plants/ok/logan/1271/1271dc5e-4816-4afc-bc5e-48ae4ccc5d14.pdf
127f6f53-77fa-4aba-ad86-a296ddf8f810,ROGER MILLS,OK,s3://enverus-courthouse-prod-chd-plants/ok/roger mills/127f/127f6f53-77fa-4aba-ad86-a296ddf8f810.pdf
128da978-0380-438c-872b-6a0a57d785fe,PAWNEE,OK,\\smb.dc2isilon.na.drillinginfo.com\lease_data_entry\data_sources\ok_county_records\ok\pawnee\128d
12b786ad-262a-4b7c-ae1c-ecebd6f80132,WASHINGTON,OK,s3://enverus-courthouse-prod-chd-plants/ok/washington/12b7/12b786ad-262a-4b7c-ae1c-ecebd6f80132.pdf
12bc7267-10bb-4217-a36e-7654cf545323,DEWEY,OK,\\smb.dc2isilon.na.drillinginfo.com\lease_data_entry\data_sources\ok_county_records\ok\dewey\12bc
12c61a6e-a2b7-4d9c-adcb-9b33cde88eb6,CARTER,OK,\\smb.dc2isilon.na.drillinginfo.com\lease_data_entry\data_sources\ok_county_records\ok\carter\12c6
12c76f5b-bf75-44cf-9302-294626233956,SEMINOLE,OK,s3://enverus-courthouse-prod-chd-plants/ok/seminole/12c7/12c76f5b-bf75-44cf-9302-294626233956.pdf
12d3ab30-5990-4220-a06d-719aad3c0cf9,OKMULGEE,OK,\\smb.dc2isilon.na.drillinginfo.com\lease_data_entry\data_sources\ok_county_records\ok\okmulgee\12d3
12eb09aa-f9d3-4120-87bd-13def41ed375,KINGFISHER,OK,s3://enverus-courthouse-prod-chd-plants/ok/kingfisher/12eb/12eb09aa-f9d3-4120-87bd-13def41ed375.pdf
12ffe2a9-732e-480a-86e1-654d0d161254,BLAINE,OK,\\smb.dc2isilon.na.drillinginfo.com\lease_data_entry\data_sources\ok_county_records\ok\blaine\12ff
131b42e1-07a1-4bc6-9f3f-c510365dcbba,COAL,OK,\\smb.dc2isilon.na.drillinginfo.com\lease_data_entry\data_sources\ok_county_records\ok\coal\131b
135b62b5-c5ff-45dc-b533-69722f870fdf,CARTER,OK,s3://enverus-courthouse-prod-chd-plants/ok/carter/135b/135b62b5-c5ff-45dc-b533-69722f870fdf.pdf
137fd439-d450-44e9-92cc-152cc9d99a82,LOGAN,OK,s3://enverus-courthouse-prod-chd-plants/ok/logan/137f/137fd439-d450-44e9-92cc-152cc9d99a82.pdf
138b9dc4-91b8-40f1-b0d8-11cc931b2aad,LOGAN,OK,s3://enverus-courthouse-prod-chd-plants/ok/logan/138b/138b9dc4-91b8-40f1-b0d8-11cc931b2aad.pdf
139cd256-836f-4007-a378-4fb2dd34b61a,MAJOR,OK,\\smb.dc2isilon.na.drillinginfo.com\lease_data_entry\data_sources\ok_county_records\ok\major\139c
13a504c2-fe2f-4ee8-b9e8-c8e1d7dab732,LOVE,OK,s3://enverus-courthouse-prod-chd-plants/ok/love/13a5/13a504c2-fe2f-4ee8-b9e8-c8e1d7dab732.pdf
13bcfdd4-6670-4595-9fdc-607854b554bc,BECKHAM,OK,\\smb.dc2isilon.na.drillinginfo.com\lease_data_entry\data_sources\ok_county_records\ok\beckham\13bc
13d59080-8339-4f85-ac7f-6a25549dd245,LOGAN,OK,\\smb.dc2isilon.na.drillinginfo.com\lease_data_entry\data_sources\ok_county_records\ok\logan\13d5
13eb1d8d-16b8-42f1-8b2f-c854d0e9429a,MCCLAIN,OK,\\smb.dc2isilon.na.drillinginfo.com\lease_data_entry\data_sources\ok_county_records\ok\mcclain\13eb
13ef6d0e-8aac-424a-8015-47e45632249f,DEWEY,OK,s3://enverus-courthouse-prod-chd-plants/ok/dewey/13ef/13ef6d0e-8aac-424a-8015-47e45632249f.pdf
13f0c613-d93d-4b0c-89df-89095e660f89,LATIMER,OK,\\smb.dc2isilon.na.drillinginfo.com\lease_data_entry\data_sources\ok_county_records\ok\latimer\13f0
13f4f135-0de9-4e34-b47c-ace44f2c544f,BECKHAM,OK,\\smb.dc2isilon.na.drillinginfo.com\lease_data_entry\data_sources\ok_county_records\ok\beckham\13f4
13f94e05-d2aa-472c-9e0a-9e42dbbad256,DEWEY,OK,s3://enverus-courthouse-prod-chd-plants/ok/dewey/13f9/13f94e05-d2aa-472c-9e0a-9e42dbbad256.pdf
1400539e-a072-4aaf-aef2-0ae3e450331f,LEFLORE,OK,\\smb.dc2isilon.na.drillinginfo.com\lease_data_entry\data_sources\ok_county_records\ok\leflore\1400
1400ce99-b5d9-4454-9f99-485c7b56bb68,LOVE,OK,s3://enverus-courthouse-prod-chd-plants/ok/love/1400/1400ce99-b5d9-4454-9f99-485c7b56bb68.pdf
14158276-629e-4085-9e3a-70f3e2e9d483,JEFFERSON,OK,s3://enverus-courthouse-prod-chd-plants/ok/jefferson/1415/14158276-629e-4085-9e3a-70f3e2e9d483.pdf
14176144-8144-462f-8caf-b91f455dee5f,CUSTER,OK,s3://enverus-courthouse-prod-chd-plants/ok/custer/1417/14176144-8144-462f-8caf-b91f455dee5f.pdf
141ed791-992e-48d6-85cd-8c66557c2260,CUSTER,OK,s3://enverus-courthouse-prod-chd-plants/ok/custer/141e/141ed791-992e-48d6-85cd-8c66557c2260.pdf
1424c26e-e4fc-469f-9dc0-3b9613d990cb,SEMINOLE,OK,\\smb.dc2isilon.na.drillinginfo.com\lease_data_entry\data_sources\ok_county_records\ok\seminole\1424
142d9c67-600d-4ec5-b2f6-024152f8fe57,STEPHENS,OK,\\smb.dc2isilon.na.drillinginfo.com\lease_data_entry\data_sources\ok_county_records\ok\stephens\142d
14396683-06e8-4e46-8298-6a7e256f7faa,ELLIS,OK,s3://enverus-courthouse-prod-chd-plants/ok/ellis/1439/14396683-06e8-4e46-8298-6a7e256f7faa.pdf
143a0834-923b-41e5-aab5-a3636b81ba7d,BECKHAM,OK,\\smb.dc2isilon.na.drillinginfo.com\lease_data_entry\data_sources\ok_county_records\ok\beckham\143a
143b9842-2316-4a69-b5f7-0aad131c3f27,KINGFISHER,OK,\\smb.dc2isilon.na.drillinginfo.com\lease_data_entry\data_sources\ok_county_records\ok\kingfisher\143b
14506dfa-ad44-4d00-b465-520efeffa33d,GARVIN,OK,s3://enverus-courthouse-prod-chd-plants/ok/garvin/1450/14506dfa-ad44-4d00-b465-520efeffa33d.pdf
145a822e-3f4d-4151-befb-7c0d691d66ad,CUSTER,OK,\\smb.dc2isilon.na.drillinginfo.com\lease_data_entry\data_sources\ok_county_records\ok\custer\145a
146003e9-7839-4716-a5b5-08c3fbb60ae6,WASHINGTON,OK,\\smb.dc2isilon.na.drillinginfo.com\lease_data_entry\data_sources\ok_county_records\ok\washington\1460
14769f80-a31b-4f8f-b72a-6f1b858c7d5d,CARTER,OK,\\smb.dc2isilon.na.drillinginfo.com\lease_data_entry\data_sources\ok_county_records\ok\carter\1476
147d5d05-819e-408c-b7df-d33f3950bbef,MAJOR,OK,\\smb.dc2isilon.na.drillinginfo.com\lease_data_entry\data_sources\ok_county_records\ok\major\147d
147db689-0a00-4dd4-abf7-64be43134e59,COMANCHE,OK,\\smb.dc2isilon.na.drillinginfo.com\lease_data_entry\data_sources\ok_county_records\ok\comanche\147d
14b7dfd0-78ac-47c7-ac92-2e4ab336ecab,LOGAN,OK,s3://enverus-courthouse-prod-chd-plants/ok/logan/14b7/14b7dfd0-78ac-47c7-ac92-2e4ab336ecab.pdf
14b88622-37f7-45d3-8224-e3982f2f500b,CARTER,OK,s3://enverus-courthouse-prod-chd-plants/ok/carter/14b8/14b88622-37f7-45d3-8224-e3982f2f500b.pdf
14c842d1-6b74-45d9-aad5-f4acde6dc555,KINGFISHER,OK,\\smb.dc2isilon.na.drillinginfo.com\lease_data_entry\data_sources\ok_county_records\ok\kingfisher\14c8
14cb0e25-316e-45e9-9f53-8871f1f0697c,ROGER MILLS,OK,\\smb.dc2isilon.na.drillinginfo.com\lease_data_entry\data_sources\ok_county_records\ok\roger mills\14cb
14d3e6fa-015d-48f7-aa82-b3507f67817a,LOGAN,OK,\\smb.dc2isilon.na.drillinginfo.com\lease_data_entry\data_sources\ok_county_records\ok\logan\14d3
14de3b9d-2617-428d-87f6-cb2326074380,KINGFISHER,OK,s3://enverus-courthouse-prod-chd-plants/ok/kingfisher/14de/14de3b9d-2617-428d-87f6-cb2326074380.pdf
14e5cb10-4b32-4dca-ad3d-92671ae6aa60,OKMULGEE,OK,s3://enverus-courthouse-prod-chd-plants/ok/okmulgee/14e5/14e5cb10-4b32-4dca-ad3d-92671ae6aa60.pdf
14e6bc30-4a54-4ef8-815c-9c6ffd936da4,CARTER,OK,s3://enverus-courthouse-prod-chd-plants/ok/carter/14e6/14e6bc30-4a54-4ef8-815c-9c6ffd936da4.pdf
14f62f86-4d2e-463e-9134-48a3add65448,CARTER,OK,\\smb.dc2isilon.na.drillinginfo.com\lease_data_entry\data_sources\ok_county_records\ok\carter\14f6
14faf8eb-d023-4abe-8078-0e192012c104,ROGER MILLS,OK,s3://enverus-courthouse-prod-chd-plants/ok/roger mills/14fa/14faf8eb-d023-4abe-8078-0e192012c104.pdf
1500b8b7-e91b-4c17-8d2a-067248e9d24e,LOGAN,OK,s3://enverus-courthouse-prod-chd-plants/ok/logan/1500/1500b8b7-e91b-4c17-8d2a-067248e9d24e.pdf
1506a781-a8ba-44c4-8ba8-b074d45b8817,CARTER,OK,s3://enverus-courthouse-prod-chd-plants/ok/carter/1506/1506a781-a8ba-44c4-8ba8-b074d45b8817.pdf
151ed9c9-a588-49b6-a8d0-2cdad8c160cf,MCCLAIN,OK,s3://enverus-courthouse-prod-chd-plants/ok/mcclain/151e/151ed9c9-a588-49b6-a8d0-2cdad8c160cf.pdf
151f29bf-e92d-40f9-8585-b43894f4e00d,LINCOLN,OK,s3://enverus-courthouse-prod-chd-plants/ok/lincoln/151f/151f29bf-e92d-40f9-8585-b43894f4e00d.pdf
152198ab-a052-4c41-916f-aabd24a96238,MAJOR,OK,s3://enverus-courthouse-prod-chd-plants/ok/major/1521/152198ab-a052-4c41-916f-aabd24a96238.pdf
15577897-e96d-45fb-9af6-d4ec19bb23f6,ELLIS,OK,s3://enverus-courthouse-prod-chd-plants/ok/ellis/1557/15577897-e96d-45fb-9af6-d4ec19bb23f6.pdf
1577a381-df76-4fb2-81a3-ce2b8d962863,LEFLORE,OK,\\smb.dc2isilon.na.drillinginfo.com\lease_data_entry\data_sources\ok_county_records\ok\leflore\1577
159343bc-7233-4c5d-8466-874d32831780,JOHNSTON,OK,s3://enverus-courthouse-prod-chd-plants/ok/johnston/1593/159343bc-7233-4c5d-8466-874d32831780.pdf
15aca2af-4af6-4447-8da5-5c102a81ad92,CARTER,OK,s3://enverus-courthouse-prod-chd-plants/ok/carter/15ac/15aca2af-4af6-4447-8da5-5c102a81ad92.pdf
15b07e06-d490-4ed5-b793-9ab5479203e1,LEFLORE,OK,s3://enverus-courthouse-prod-chd-plants/ok/leflore/15b0/15b07e06-d490-4ed5-b793-9ab5479203e1.pdf
15c4f04d-4ee6-4573-b54d-7d4e6f9ea8ea,CARTER,OK,s3://enverus-courthouse-prod-chd-plants/ok/carter/15c4/15c4f04d-4ee6-4573-b54d-7d4e6f9ea8ea.pdf
15cbfdda-8c6a-472b-ab20-0cc09ed06e6f,COMANCHE,OK,\\smb.dc2isilon.na.drillinginfo.com\lease_data_entry\data_sources\ok_county_records\ok\comanche\15cb
15ea601e-205b-4720-9792-d7f7f2388c70,STEPHENS,OK,s3://enverus-courthouse-prod-chd-plants/ok/stephens/15ea/15ea601e-205b-4720-9792-d7f7f2388c70.pdf
15f07bbf-1bb2-48b7-8e5d-dd372df0ad51,KINGFISHER,OK,\\smb.dc2isilon.na.drillinginfo.com\lease_data_entry\data_sources\ok_county_records\ok\kingfisher\15f0
161a7909-269b-44e8-bdf2-80348d44f6f6,CARTER,OK,s3://enverus-courthouse-prod-chd-plants/ok/carter/161a/161a7909-269b-44e8-bdf2-80348d44f6f6.pdf
1626e38a-eb44-47ce-9fcf-7b271f24893a,SEMINOLE,OK,\\smb.dc2isilon.na.drillinginfo.com\lease_data_entry\data_sources\ok_county_records\ok\seminole\1626
162a1c8f-87fe-4010-8d8d-2290baf32ec8,MURRAY,OK,\\smb.dc2isilon.na.drillinginfo.com\lease_data_entry\data_sources\ok_county_records\ok\murray\162a
162ebee8-315b-4c5f-ba7d-9c7c74944081,DEWEY,OK,s3://enverus-courthouse-prod-chd-plants/ok/dewey/162e/162ebee8-315b-4c5f-ba7d-9c7c74944081.pdf
163b76f0-8f8e-4465-ba54-0030e66c4f83,LEFLORE,OK,s3://enverus-courthouse-prod-chd-plants/ok/leflore/163b/163b76f0-8f8e-4465-ba54-0030e66c4f83.pdf
163f2404-0255-4636-9030-fa0ab124ca2f,MURRAY,OK,s3://enverus-courthouse-prod-chd-plants/ok/murray/163f/163f2404-0255-4636-9030-fa0ab124ca2f.pdf
164b3b72-8460-48e1-a98d-e7d56d6d5f4a,COMANCHE,OK,\\smb.dc2isilon.na.drillinginfo.com\lease_data_entry\data_sources\ok_county_records\ok\comanche\164b
1662dd39-1c58-4d38-8ba0-75a641df896b,LOGAN,OK,s3://enverus-courthouse-prod-chd-plants/ok/logan/1662/1662dd39-1c58-4d38-8ba0-75a641df896b.pdf
168ef227-084e-4f89-8375-03e89e10e539,MUSKOGEE,OK,\\smb.dc2isilon.na.drillinginfo.com\lease_data_entry\data_sources\ok_county_records\ok\muskogee\168e
169ddc29-aa22-4f49-92a6-cb4e355b740d,LOVE,OK,s3://enverus-courthouse-prod-chd-plants/ok/love/169d/169ddc29-aa22-4f49-92a6-cb4e355b740d.pdf
16af0d32-f981-450f-b555-844161098df0,ROGER MILLS,OK,s3://enverus-courthouse-prod-chd-plants/ok/roger mills/16af/16af0d32-f981-450f-b555-844161098df0.pdf
16b4b65e-fbd9-457d-bbec-439f77ffccd9,LOGAN,OK,\\smb.dc2isilon.na.drillinginfo.com\lease_data_entry\data_sources\ok_county_records\ok\logan\16b4
16c0cd51-1aee-47ef-8b51-8d2567493c79,GARVIN,OK,\\smb.dc2isilon.na.drillinginfo.com\lease_data_entry\data_sources\ok_county_records\ok\garvin\16c0
16c3fc96-f1da-4749-8c6f-d378acdfe739,COMANCHE,OK,\\smb.dc2isilon.na.drillinginfo.com\lease_data_entry\data_sources\ok_county_records\ok\comanche\16c3
16cce98b-3105-45f7-8c3f-106b0e41eb13,BECKHAM,OK,\\smb.dc2isilon.na.drillinginfo.com\lease_data_entry\data_sources\ok_county_records\ok\beckham\16cc
16ea41d8-edda-4fde-8ce0-58ca1eafddd8,STEPHENS,OK,\\smb.dc2isilon.na.drillinginfo.com\lease_data_entry\data_sources\ok_county_records\ok\stephens\16ea
16f1247e-c9a9-474e-b945-4e529f9b6d52,CUSTER,OK,s3://enverus-courthouse-prod-chd-plants/ok/custer/16f1/16f1247e-c9a9-474e-b945-4e529f9b6d52.pdf
16f1884f-dc64-45dc-af05-c2607d6b37f4,LOVE,OK,s3://enverus-courthouse-prod-chd-plants/ok/love/16f1/16f1884f-dc64-45dc-af05-c2607d6b37f4.pdf
1711d89f-4ee8-4ac1-bb35-48ce9327d01c,LEFLORE,OK,\\smb.dc2isilon.na.drillinginfo.com\lease_data_entry\data_sources\ok_county_records\ok\leflore\1711
1721526f-19e0-410e-81d3-ef5cec918e9d,DEWEY,OK,s3://enverus-courthouse-prod-chd-plants/ok/dewey/1721/1721526f-19e0-410e-81d3-ef5cec918e9d.pdf
1721efd0-13b7-4a50-8257-57de578b56e8,ELLIS,OK,\\smb.dc2isilon.na.drillinginfo.com\lease_data_entry\data_sources\ok_county_records\ok\ellis\1721
1725eece-0621-4233-a03d-019e9f73dcf0,ROGER MILLS,OK,\\smb.dc2isilon.na.drillinginfo.com\lease_data_entry\data_sources\ok_county_records\ok\roger mills\1725
173c6599-544a-4626-8c96-4effb4624e4c,LEFLORE,OK,s3://enverus-courthouse-prod-chd-plants/ok/leflore/173c/173c6599-544a-4626-8c96-4effb4624e4c.pdf
173dc37f-c52c-400d-91e3-e3b80f2f7c08,OKMULGEE,OK,\\smb.dc2isilon.na.drillinginfo.com\lease_data_entry\data_sources\ok_county_records\ok\okmulgee\173d
1747158d-84f2-44eb-bba6-d649add3af13,CARTER,OK,s3://enverus-courthouse-prod-chd-plants/ok/carter/1747/1747158d-84f2-44eb-bba6-d649add3af13.pdf
174d5506-3450-44b4-a556-607d14805b1e,LINCOLN,OK,s3://enverus-courthouse-prod-chd-plants/ok/lincoln/174d/174d5506-3450-44b4-a556-607d14805b1e.pdf
1759c811-ec74-4607-b7a5-66dd9c46fab7,LEFLORE,OK,s3://enverus-courthouse-prod-chd-plants/ok/leflore/1759/1759c811-ec74-4607-b7a5-66dd9c46fab7.pdf
1773816e-92f8-4ead-881d-615976c977cc,LOVE,OK,\\smb.dc2isilon.na.drillinginfo.com\lease_data_entry\data_sources\ok_county_records\ok\love\1773
177ad6cb-f17f-48b2-b840-ca41ba445141,MURRAY,OK,\\smb.dc2isilon.na.drillinginfo.com\lease_data_entry\data_sources\ok_county_records\ok\murray\177a
177f869c-1e2c-4cd9-86cc-654dbdd0bd3e,ELLIS,OK,s3://enverus-courthouse-prod-chd-plants/ok/ellis/177f/177f869c-1e2c-4cd9-86cc-654dbdd0bd3e.pdf
17834afb-fad6-414f-9b0f-a6e07e8535bc,LEFLORE,OK,\\smb.dc2isilon.na.drillinginfo.com\lease_data_entry\data_sources\ok_county_records\ok\leflore\1783
17834e26-5d66-4dd9-a8c3-41104732b986,LOVE,OK,s3://enverus-courthouse-prod-chd-plants/ok/love/1783/17834e26-5d66-4dd9-a8c3-41104732b986.pdf
179ae6df-6a5f-4d03-81a1-db211e5d2f55,MAJOR,OK,s3://enverus-courthouse-prod-chd-plants/ok/major/179a/179ae6df-6a5f-4d03-81a1-db211e5d2f55.pdf
17a63ac6-088f-411e-a175-9defed1c5f07,ELLIS,OK,s3://enverus-courthouse-prod-chd-plants/ok/ellis/17a6/17a63ac6-088f-411e-a175-9defed1c5f07.pdf
17bd48ee-955d-4c59-96a3-c178a6c323f1,BLAINE,OK,s3://enverus-courthouse-prod-chd-plants/ok/blaine/17bd/17bd48ee-955d-4c59-96a3-c178a6c323f1.pdf
17c82609-523d-4750-8720-25dd8e9a775d,WOODWARD,OK,\\smb.dc2isilon.na.drillinginfo.com\lease_data_entry\data_sources\ok_county_records\ok\woodward\17c8
17e71a74-70cf-4e71-a313-3783f2e73f51,KINGFISHER,OK,s3://enverus-courthouse-prod-chd-plants/ok/kingfisher/17e7/17e71a74-70cf-4e71-a313-3783f2e73f51.pdf
17e9fe50-ac9c-44c1-9c39-151ef838fc27,COAL,OK,\\smb.dc2isilon.na.drillinginfo.com\lease_data_entry\data_sources\ok_county_records\ok\coal\17e9
17eb0132-1b6c-44b0-af01-488b354a8d31,HUGHES,OK,s3://enverus-courthouse-prod-chd-plants/ok/hughes/17eb/17eb0132-1b6c-44b0-af01-488b354a8d31.pdf
17eba4d6-778b-4aa5-9d9a-ee4829ca43eb,CARTER,OK,s3://enverus-courthouse-prod-chd-plants/ok/carter/17eb/17eba4d6-778b-4aa5-9d9a-ee4829ca43eb.pdf
180e6d66-5aee-487a-a028-833dfd1b412e,SEMINOLE,OK,s3://enverus-courthouse-prod-chd-plants/ok/seminole/180e/180e6d66-5aee-487a-a028-833dfd1b412e.pdf
18230f09-7bd9-4212-b22c-5f21cc7165c1,GARVIN,OK,s3://enverus-courthouse-prod-chd-plants/ok/garvin/1823/18230f09-7bd9-4212-b22c-5f21cc7165c1.pdf
182c4104-44de-43c5-8b10-252c59913445,KINGFISHER,OK,\\smb.dc2isilon.na.drillinginfo.com\lease_data_entry\data_sources\ok_county_records\ok\kingfisher\182c
182c8c58-1d05-429b-b312-2363afb29bf2,MAJOR,OK,s3://enverus-courthouse-prod-chd-plants/ok/major/182c/182c8c58-1d05-429b-b312-2363afb29bf2.pdf
1835a52f-a249-4163-b63b-65efa68c7909,WOODWARD,OK,\\smb.dc2isilon.na.drillinginfo.com\lease_data_entry\data_sources\ok_county_records\ok\woodward\1835
18437dc7-fdb5-471b-82fc-fc6d9910aae3,ELLIS,OK,s3://enverus-courthouse-prod-chd-plants/ok/ellis/1843/18437dc7-fdb5-471b-82fc-fc6d9910aae3.pdf
185c4a3d-6db8-4904-b017-0d6126754f81,LEFLORE,OK,s3://enverus-courthouse-prod-chd-plants/ok/leflore/185c/185c4a3d-6db8-4904-b017-0d6126754f81.pdf
185cc0fa-d932-4ddf-b8db-d5fcce6d6733,ELLIS,OK,\\smb.dc2isilon.na.drillinginfo.com\lease_data_entry\data_sources\ok_county_records\ok\ellis\185c
185d448d-db7a-41f2-9eb8-ca36a31dfbe7,MCCLAIN,OK,\\smb.dc2isilon.na.drillinginfo.com\lease_data_entry\data_sources\ok_county_records\ok\mcclain\185d
185ddbcb-1a22-456c-9c5b-16dbc6a2f091,LOVE,OK,s3://enverus-courthouse-prod-chd-plants/ok/love/185d/185ddbcb-1a22-456c-9c5b-16dbc6a2f091.pdf
185f83c0-8045-4c5a-b3af-5f44d7c55c72,KINGFISHER,OK,s3://enverus-courthouse-prod-chd-plants/ok/kingfisher/185f/185f83c0-8045-4c5a-b3af-5f44d7c55c72.pdf
186b2398-160f-4f15-b698-8d625e8c1d27,ROGER MILLS,OK,\\smb.dc2isilon.na.drillinginfo.com\lease_data_entry\data_sources\ok_county_records\ok\roger mills\186b
187473e0-b098-483e-89dc-37768a2e2865,ELLIS,OK,s3://enverus-courthouse-prod-chd-plants/ok/ellis/1874/187473e0-b098-483e-89dc-37768a2e2865.pdf
188e47bf-d69f-485b-950d-ea3be0f4c364,MAJOR,OK,s3://enverus-courthouse-prod-chd-plants/ok/major/188e/188e47bf-d69f-485b-950d-ea3be0f4c364.pdf
189dea0b-09d2-4703-93e9-eacfb567af4e,ELLIS,OK,s3://enverus-courthouse-prod-chd-plants/ok/ellis/189d/189dea0b-09d2-4703-93e9-eacfb567af4e.pdf
18a2e73a-0c23-4116-8446-52275c3fe444,GARVIN,OK,s3://enverus-courthouse-prod-chd-plants/ok/garvin/18a2/18a2e73a-0c23-4116-8446-52275c3fe444.pdf
18b3c990-e492-4cc6-ad75-4686a2258bde,BECKHAM,OK,\\smb.dc2isilon.na.drillinginfo.com\lease_data_entry\data_sources\ok_county_records\ok\beckham\18b3
18bcfcfc-146e-455b-9eda-e2e81e068cef,CARTER,OK,s3://enverus-courthouse-prod-chd-plants/ok/carter/18bc/18bcfcfc-146e-455b-9eda-e2e81e068cef.pdf
18c9ae2b-28d4-43b5-89dc-15888c97b25d,ELLIS,OK,\\smb.dc2isilon.na.drillinginfo.com\lease_data_entry\data_sources\ok_county_records\ok\ellis\18c9
18d53dc1-400f-4680-8b87-8bb55d8274c7,ROGER MILLS,OK,s3://enverus-courthouse-prod-chd-plants/ok/roger mills/18d5/18d53dc1-400f-4680-8b87-8bb55d8274c7.pdf
18dc6ea6-c276-4ebc-a960-7c2aae02bb4b,LOGAN,OK,s3://enverus-courthouse-prod-chd-plants/ok/logan/18dc/18dc6ea6-c276-4ebc-a960-7c2aae02bb4b.pdf
18dd523d-7a60-4d7e-823d-aee5a29dac14,BECKHAM,OK,\\smb.dc2isilon.na.drillinginfo.com\lease_data_entry\data_sources\ok_county_records\ok\beckham\18dd
18ed045a-4779-4a63-986c-03b536a76e8b,NOBLE,OK,s3://enverus-courthouse-prod-chd-plants/ok/noble/18ed/18ed045a-4779-4a63-986c-03b536a76e8b.pdf
18f0eb0e-b767-4602-9761-638cf9c012e2,OKMULGEE,OK,\\smb.dc2isilon.na.drillinginfo.com\lease_data_entry\data_sources\ok_county_records\ok\okmulgee\18f0
18fbb4d6-169e-4f1d-92fd-ed72dba0b6f6,SEMINOLE,OK,\\smb.dc2isilon.na.drillinginfo.com\lease_data_entry\data_sources\ok_county_records\ok\seminole\18fb
19149b9f-e7dc-433c-a376-5a72228a9cbd,BECKHAM,OK,\\smb.dc2isilon.na.drillinginfo.com\lease_data_entry\data_sources\ok_county_records\ok\beckham\1914
19279c92-9052-4ecc-a69c-2a5862c29e69,LINCOLN,OK,s3://enverus-courthouse-prod-chd-plants/ok/lincoln/1927/19279c92-9052-4ecc-a69c-2a5862c29e69.pdf
19391979-3b5d-4140-8a0b-3be145c069a4,MCCLAIN,OK,s3://enverus-courthouse-prod-chd-plants/ok/mcclain/1939/19391979-3b5d-4140-8a0b-3be145c069a4.pdf
193b7344-77b9-42b5-a4b3-0a011536e4b5,MCCLAIN,OK,s3://enverus-courthouse-prod-chd-plants/ok/mcclain/193b/193b7344-77b9-42b5-a4b3-0a011536e4b5.pdf
1949aa74-fd94-4322-a29b-4cc72bd97f5d,SEMINOLE,OK,\\smb.dc2isilon.na.drillinginfo.com\lease_data_entry\data_sources\ok_county_records\ok\seminole\1949
1959eaa4-b839-4f3e-b976-00bc04870be4,MCCLAIN,OK,\\smb.dc2isilon.na.drillinginfo.com\lease_data_entry\data_sources\ok_county_records\ok\mcclain\1959
196cf5fb-3356-4751-b12e-28f83c0829d1,STEPHENS,OK,\\smb.dc2isilon.na.drillinginfo.com\lease_data_entry\data_sources\ok_county_records\ok\stephens\196c
1977831a-3ac7-4b76-9901-6f5bd7b1f33d,BLAINE,OK,s3://enverus-courthouse-prod-chd-plants/ok/blaine/1977/1977831a-3ac7-4b76-9901-6f5bd7b1f33d.pdf
19860e02-c9b1-4d67-a4fc-4f3457bac5f5,BECKHAM,OK,s3://enverus-courthouse-prod-chd-plants/ok/beckham/1986/19860e02-c9b1-4d67-a4fc-4f3457bac5f5.pdf
1986c81c-7776-4c00-a140-a3f24d4f7795,COMANCHE,OK,\\smb.dc2isilon.na.drillinginfo.com\lease_data_entry\data_sources\ok_county_records\ok\comanche\1986
19b1c190-3881-4d36-9179-b020a78ef48c,BLAINE,OK,s3://enverus-courthouse-prod-chd-plants/ok/blaine/19b1/19b1c190-3881-4d36-9179-b020a78ef48c.pdf
19b3c1cd-2ba7-4b48-89ba-2b1db253eb91,MARSHALL,OK,s3://enverus-courthouse-prod-chd-plants/ok/marshall/19b3/19b3c1cd-2ba7-4b48-89ba-2b1db253eb91.pdf
19bfd305-f590-4a95-a06b-fcecb9d4038e,BLAINE,OK,s3://enverus-courthouse-prod-chd-plants/ok/blaine/19bf/19bfd305-f590-4a95-a06b-fcecb9d4038e.pdf
19c5736b-63a9-49db-bbbe-57ef9d3e4d8a,LOGAN,OK,s3://enverus-courthouse-prod-chd-plants/ok/logan/19c5/19c5736b-63a9-49db-bbbe-57ef9d3e4d8a.pdf
19cf051a-ed21-4c1f-af7b-e5aa48da2f59,LOGAN,OK,s3://enverus-courthouse-prod-chd-plants/ok/logan/19cf/19cf051a-ed21-4c1f-af7b-e5aa48da2f59.pdf
19d0ff81-75ea-414d-a9e1-24136b0db111,BECKHAM,OK,s3://enverus-courthouse-prod-chd-plants/ok/beckham/19d0/19d0ff81-75ea-414d-a9e1-24136b0db111.pdf
19d52540-b2a1-44f8-a2f5-ae92956f5bea,CARTER,OK,s3://enverus-courthouse-prod-chd-plants/ok/carter/19d5/19d52540-b2a1-44f8-a2f5-ae92956f5bea.pdf
19da4536-b990-4877-bd1c-c74c6c9a1d19,COMANCHE,OK,s3://enverus-courthouse-prod-chd-plants/ok/comanche/19da/19da4536-b990-4877-bd1c-c74c6c9a1d19.pdf
19e26096-4bfb-4d5c-808a-e4d521f18da8,WASHINGTON,OK,\\smb.dc2isilon.na.drillinginfo.com\lease_data_entry\data_sources\ok_county_records\ok\washington\19e2
19f337cc-6e78-4afb-bb07-85a4d4ca59fa,MCCLAIN,OK,s3://enverus-courthouse-prod-chd-plants/ok/mcclain/19f3/19f337cc-6e78-4afb-bb07-85a4d4ca59fa.pdf
19f478f7-f969-428c-9fd4-e030d4cb7bcd,LOGAN,OK,s3://enverus-courthouse-prod-chd-plants/ok/logan/19f4/19f478f7-f969-428c-9fd4-e030d4cb7bcd.pdf
1a16af20-6eef-45c6-aceb-913c80d933ea,CARTER,OK,s3://enverus-courthouse-prod-chd-plants/ok/carter/1a16/1a16af20-6eef-45c6-aceb-913c80d933ea.pdf
1a223090-fb9e-4f83-a142-e8a795779b4b,LOGAN,OK,\\smb.dc2isilon.na.drillinginfo.com\lease_data_entry\data_sources\ok_county_records\ok\logan\1a22
1a243390-ff9b-4e58-9200-ccd6a8c0e525,LEFLORE,OK,s3://enverus-courthouse-prod-chd-plants/ok/leflore/1a24/1a243390-ff9b-4e58-9200-ccd6a8c0e525.pdf
1a25b764-ff95-4abb-8daa-213ae1acdcdf,BLAINE,OK,\\smb.dc2isilon.na.drillinginfo.com\lease_data_entry\data_sources\ok_county_records\ok\blaine\1a25
1a26a2a7-19ed-435d-88a3-7be6723dcaee,MAJOR,OK,s3://enverus-courthouse-prod-chd-plants/ok/major/1a26/1a26a2a7-19ed-435d-88a3-7be6723dcaee.pdf
1a28c0fa-474e-4a96-9175-5a8f2c2c41a9,ROGER MILLS,OK,\\smb.dc2isilon.na.drillinginfo.com\lease_data_entry\data_sources\ok_county_records\ok\roger mills\1a28
1a479c29-3f08-4ec4-82b0-e5c08b40bb34,MARSHALL,OK,\\smb.dc2isilon.na.drillinginfo.com\lease_data_entry\data_sources\ok_county_records\ok\marshall\1a47
1a50c602-3b7c-4326-9ec4-4f49198660cc,LINCOLN,OK,s3://enverus-courthouse-prod-chd-plants/ok/lincoln/1a50/1a50c602-3b7c-4326-9ec4-4f49198660cc.pdf
1a52617f-516a-4e03-9bd2-9d96a4df4356,COMANCHE,OK,\\smb.dc2isilon.na.drillinginfo.com\lease_data_entry\data_sources\ok_county_records\ok\comanche\1a52
1a52dcad-2206-4e83-bb68-199467a077bc,COMANCHE,OK,s3://enverus-courthouse-prod-chd-plants/ok/comanche/1a52/1a52dcad-2206-4e83-bb68-199467a077bc.pdf
1a61145a-dc95-4ea9-a8f0-a613a6291401,MCCLAIN,OK,\\smb.dc2isilon.na.drillinginfo.com\lease_data_entry\data_sources\ok_county_records\ok\mcclain\1a61
1a8220c8-56ba-4748-aab6-d73a8dda95b2,NOBLE,OK,s3://enverus-courthouse-prod-chd-plants/ok/noble/1a82/1a8220c8-56ba-4748-aab6-d73a8dda95b2.pdf
1a87b5dd-7c23-4298-a6a9-836254bc254d,BLAINE,OK,\\smb.dc2isilon.na.drillinginfo.com\lease_data_entry\data_sources\ok_county_records\ok\blaine\1a87
1aab2e82-715d-490f-b73a-50ce183ebde3,JEFFERSON,OK,s3://enverus-courthouse-prod-chd-plants/ok/jefferson/1aab/1aab2e82-715d-490f-b73a-50ce183ebde3.pdf
1ac84aa4-d1d3-401a-9127-24d5e8db839d,CARTER,OK,\\smb.dc2isilon.na.drillinginfo.com\lease_data_entry\data_sources\ok_county_records\ok\carter\1ac8
1ad0a5ed-68c6-4397-8e6c-e24c83d2f912,STEPHENS,OK,s3://enverus-courthouse-prod-chd-plants/ok/stephens/1ad0/1ad0a5ed-68c6-4397-8e6c-e24c83d2f912.pdf
1ad55e55-1f5f-47e6-8aeb-823c0797e681,CARTER,OK,\\smb.dc2isilon.na.drillinginfo.com\lease_data_entry\data_sources\ok_county_records\ok\carter\1ad5
1aec8705-5fb1-40ae-b3aa-9b9b3288af13,CARTER,OK,\\smb.dc2isilon.na.drillinginfo.com\lease_data_entry\data_sources\ok_county_records\ok\carter\1aec
1b0157b0-5b71-4afd-a69e-2ede6e6c40fc,CARTER,OK,s3://enverus-courthouse-prod-chd-plants/ok/carter/1b01/1b0157b0-5b71-4afd-a69e-2ede6e6c40fc.pdf
1b118800-c186-4958-8c70-e884e8fc871c,LATIMER,OK,s3://enverus-courthouse-prod-chd-plants/ok/latimer/1b11/1b118800-c186-4958-8c70-e884e8fc871c.pdf
1b128e7b-e41f-44bc-be11-630c59ed53bb,CARTER,OK,\\smb.dc2isilon.na.drillinginfo.com\lease_data_entry\data_sources\ok_county_records\ok\carter\1b12
1b300ade-0efb-49a7-9a4a-6625187c8e52,COMANCHE,OK,\\smb.dc2isilon.na.drillinginfo.com\lease_data_entry\data_sources\ok_county_records\ok\comanche\1b30
1b316d8a-2a99-4993-b555-64f6647d32a8,LOGAN,OK,\\smb.dc2isilon.na.drillinginfo.com\lease_data_entry\data_sources\ok_county_records\ok\logan\1b31
1b361d1c-b657-46cf-b028-43369ac4fe39,MAJOR,OK,s3://enverus-courthouse-prod-chd-plants/ok/major/1b36/1b361d1c-b657-46cf-b028-43369ac4fe39.pdf
1b3d50e2-c20e-4786-b4f8-8d57a3eee066,MARSHALL,OK,s3://enverus-courthouse-prod-chd-plants/ok/marshall/1b3d/1b3d50e2-c20e-4786-b4f8-8d57a3eee066.pdf
1b4ad5f5-a3c6-4b98-abb3-435a0194b3ee,GARVIN,OK,s3://enverus-courthouse-prod-chd-plants/ok/garvin/1b4a/1b4ad5f5-a3c6-4b98-abb3-435a0194b3ee.pdf
1b5fee65-a583-4b99-85d1-4dc7cea10bab,GARVIN,OK,s3://enverus-courthouse-prod-chd-plants/ok/garvin/1b5f/1b5fee65-a583-4b99-85d1-4dc7cea10bab.pdf
1b74c1a9-50cf-41de-970b-ba0dd789135a,DEWEY,OK,\\smb.dc2isilon.na.drillinginfo.com\lease_data_entry\data_sources\ok_county_records\ok\dewey\1b74
1b8f8594-d95c-4b6d-8f38-dcb16c8815a0,DEWEY,OK,s3://enverus-courthouse-prod-chd-plants/ok/dewey/1b8f/1b8f8594-d95c-4b6d-8f38-dcb16c8815a0.pdf
1b9a5c6e-2d66-4325-861d-675366d9d0d9,SEMINOLE,OK,\\smb.dc2isilon.na.drillinginfo.com\lease_data_entry\data_sources\ok_county_records\ok\seminole\1b9a
1ba0f621-dca5-4500-b6fe-e313f1f6f979,BECKHAM,OK,s3://enverus-courthouse-prod-chd-plants/ok/beckham/1ba0/1ba0f621-dca5-4500-b6fe-e313f1f6f979.pdf
1bb71d2f-07b9-4119-a32a-38030d7681b2,LOVE,OK,s3://enverus-courthouse-prod-chd-plants/ok/love/1bb7/1bb71d2f-07b9-4119-a32a-38030d7681b2.pdf
1bcf136b-dd77-49e1-a646-5ae87db04d1b,LINCOLN,OK,\\smb.dc2isilon.na.drillinginfo.com\lease_data_entry\data_sources\ok_county_records\ok\lincoln\1bcf
1bd2e219-378b-4cf1-b410-203490d3afa8,JACKSON,OK,\\smb.dc2isilon.na.drillinginfo.com\lease_data_entry\data_sources\ok_county_records\ok\jackson\1bd2
1bde72cf-ba18-446e-9c0f-d639add869a1,MURRAY,OK,\\smb.dc2isilon.na.drillinginfo.com\lease_data_entry\data_sources\ok_county_records\ok\murray\1bde
1bf78d86-ef38-42cf-843d-7b03b0821866,GRANT,OK,s3://enverus-courthouse-prod-chd-plants/ok/grant/1bf7/1bf78d86-ef38-42cf-843d-7b03b0821866.pdf
1c014aa3-3f62-4d47-812b-0ea9f260b9dc,SEMINOLE,OK,\\smb.dc2isilon.na.drillinginfo.com\lease_data_entry\data_sources\ok_county_records\ok\seminole\1c01
1c167822-4f96-4a11-8685-c4fd402300b9,COMANCHE,OK,\\smb.dc2isilon.na.drillinginfo.com\lease_data_entry\data_sources\ok_county_records\ok\comanche\1c16
1c299b36-7209-432a-b9f8-73da5395522e,LOVE,OK,s3://enverus-courthouse-prod-chd-plants/ok/love/1c29/1c299b36-7209-432a-b9f8-73da5395522e.pdf
1c38db07-352f-4123-95f1-79d7792ee871,STEPHENS,OK,\\smb.dc2isilon.na.drillinginfo.com\lease_data_entry\data_sources\ok_county_records\ok\stephens\1c38
1c417860-5217-4d5e-95f9-7a0b22be9c87,KINGFISHER,OK,s3://enverus-courthouse-prod-chd-plants/ok/kingfisher/1c41/1c417860-5217-4d5e-95f9-7a0b22be9c87.pdf
1c4859d7-68dd-4314-aaa9-d0fa506e75a3,MARSHALL,OK,s3://enverus-courthouse-prod-chd-plants/ok/marshall/1c48/1c4859d7-68dd-4314-aaa9-d0fa506e75a3.pdf
1c5759d6-ba19-4cb5-82e0-fda0e8862e1f,TEXAS,OK,s3://enverus-courthouse-prod-chd-plants/ok/texas/1c57/1c5759d6-ba19-4cb5-82e0-fda0e8862e1f.pdf
1c74e0ea-3c48-49a8-a94b-d16fd4ed48c7,BLAINE,OK,\\smb.dc2isilon.na.drillinginfo.com\lease_data_entry\data_sources\ok_county_records\ok\blaine\1c74
1c9cc40e-7344-42e4-9699-72e529b229f8,MCCLAIN,OK,s3://enverus-courthouse-prod-chd-plants/ok/mcclain/1c9c/1c9cc40e-7344-42e4-9699-72e529b229f8.pdf
1cafea13-bd67-4459-8174-4a351be37a84,MAJOR,OK,s3://enverus-courthouse-prod-chd-plants/ok/major/1caf/1cafea13-bd67-4459-8174-4a351be37a84.pdf
1cb0fe8c-dbb6-4700-ae19-e4511010bbdd,ELLIS,OK,s3://enverus-courthouse-prod-chd-plants/ok/ellis/1cb0/1cb0fe8c-dbb6-4700-ae19-e4511010bbdd.pdf
1cbcee33-5394-4da3-8cfb-e9d1555114cd,MAJOR,OK,\\smb.dc2isilon.na.drillinginfo.com\lease_data_entry\data_sources\ok_county_records\ok\major\1cbc
1ccd40d9-707f-48fa-aa37-81703000081a,LEFLORE,OK,\\smb.dc2isilon.na.drillinginfo.com\lease_data_entry\data_sources\ok_county_records\ok\leflore\1ccd
1ccf7f17-3b54-4c62-9d3b-4204728c9cc4,KINGFISHER,OK,\\smb.dc2isilon.na.drillinginfo.com\lease_data_entry\data_sources\ok_county_records\ok\kingfisher\1ccf
1cda9f34-4e84-4aef-877b-51a1f737c9c4,STEPHENS,OK,s3://enverus-courthouse-prod-chd-plants/ok/stephens/1cda/1cda9f34-4e84-4aef-877b-51a1f737c9c4.pdf
1ce183f9-2800-4b77-9390-ceb1a76db57b,MUSKOGEE,OK,\\smb.dc2isilon.na.drillinginfo.com\lease_data_entry\data_sources\ok_county_records\ok\muskogee\1ce1
1cf0142e-145f-471f-bf36-d3650176dc60,OKMULGEE,OK,\\smb.dc2isilon.na.drillinginfo.com\lease_data_entry\data_sources\ok_county_records\ok\okmulgee\1cf0
1cfd2ca5-2c51-4563-9e63-40256552919b,LOVE,OK,s3://enverus-courthouse-prod-chd-plants/ok/love/1cfd/1cfd2ca5-2c51-4563-9e63-40256552919b.pdf
1cfee124-b4dc-4061-bb1a-3f20347209c6,BECKHAM,OK,\\smb.dc2isilon.na.drillinginfo.com\lease_data_entry\data_sources\ok_county_records\ok\beckham\1cfe
1d050e83-89b1-4fb3-b4cd-960dc00a711f,COMANCHE,OK,\\smb.dc2isilon.na.drillinginfo.com\lease_data_entry\data_sources\ok_county_records\ok\comanche\1d05
1d063bd3-bd1d-4bfd-9a07-a71970c0f379,ELLIS,OK,s3://enverus-courthouse-prod-chd-plants/ok/ellis/1d06/1d063bd3-bd1d-4bfd-9a07-a71970c0f379.pdf
1d1fe2a6-d111-45bc-9cfe-1b0ef696f440,LOGAN,OK,s3://enverus-courthouse-prod-chd-plants/ok/logan/1d1f/1d1fe2a6-d111-45bc-9cfe-1b0ef696f440.pdf
1d3eb7ea-9add-4577-9d1d-008eed5b0ad6,ELLIS,OK,\\smb.dc2isilon.na.drillinginfo.com\lease_data_entry\data_sources\ok_county_records\ok\ellis\1d3e
1d4722ee-4705-4ab0-a65b-f7e1b9ecc914,LEFLORE,OK,s3://enverus-courthouse-prod-chd-plants/ok/leflore/1d47/1d4722ee-4705-4ab0-a65b-f7e1b9ecc914.pdf
1d499e7d-e474-4cd4-8719-c13d5b8433c5,GARVIN,OK,s3://enverus-courthouse-prod-chd-plants/ok/garvin/1d49/1d499e7d-e474-4cd4-8719-c13d5b8433c5.pdf
1d6428c3-eee1-4089-8248-4c2fb449fe90,CUSTER,OK,s3://enverus-courthouse-prod-chd-plants/ok/custer/1d64/1d6428c3-eee1-4089-8248-4c2fb449fe90.pdf
1d666e02-c473-4d22-9299-03f9035ec0ab,ELLIS,OK,s3://enverus-courthouse-prod-chd-plants/ok/ellis/1d66/1d666e02-c473-4d22-9299-03f9035ec0ab.pdf
1d68b42e-3679-4c48-ae57-12bf59b39a6e,PITTSBURG,OK,s3://enverus-courthouse-prod-chd-plants/ok/pittsburg/1d68/1d68b42e-3679-4c48-ae57-12bf59b39a6e.pdf
1d6920ae-0cbd-4546-86ed-36a38642f1ed,ELLIS,OK,s3://enverus-courthouse-prod-chd-plants/ok/ellis/1d69/1d6920ae-0cbd-4546-86ed-36a38642f1ed.pdf
1d7ba920-22ee-403e-9636-ebaecbb17706,BLAINE,OK,\\smb.dc2isilon.na.drillinginfo.com\lease_data_entry\data_sources\ok_county_records\ok\blaine\1d7b
1d8f80c4-ee6b-4512-9f44-c91d8429a4e1,MAJOR,OK,\\smb.dc2isilon.na.drillinginfo.com\lease_data_entry\data_sources\ok_county_records\ok\major\1d8f
1d95e786-4923-4391-ba51-406a9f67c60e,CARTER,OK,s3://enverus-courthouse-prod-chd-plants/ok/carter/1d95/1d95e786-4923-4391-ba51-406a9f67c60e.pdf
1da3d7f4-966c-4e82-8710-26697025aeb5,CARTER,OK,s3://enverus-courthouse-prod-chd-plants/ok/carter/1da3/1da3d7f4-966c-4e82-8710-26697025aeb5.pdf
1da77940-6903-4169-a583-6137ed85deeb,OKMULGEE,OK,s3://enverus-courthouse-prod-chd-plants/ok/okmulgee/1da7/1da77940-6903-4169-a583-6137ed85deeb.pdf
1dabe0c7-7269-4fb9-bbad-711dc374af6b,MAJOR,OK,\\smb.dc2isilon.na.drillinginfo.com\lease_data_entry\data_sources\ok_county_records\ok\major\1dab
1dae4565-53a7-4079-b0f1-51ed5763a26e,WOODWARD,OK,\\smb.dc2isilon.na.drillinginfo.com\lease_data_entry\data_sources\ok_county_records\ok\woodward\1dae
1db825c9-da39-4c45-84f5-5efd0bc86728,STEPHENS,OK,\\smb.dc2isilon.na.drillinginfo.com\lease_data_entry\data_sources\ok_county_records\ok\stephens\1db8
1dd67800-8158-48e0-bfed-819bf83583a2,BECKHAM,OK,\\smb.dc2isilon.na.drillinginfo.com\lease_data_entry\data_sources\ok_county_records\ok\beckham\1dd6
1e037e51-297a-4b1e-b697-73268da290ec,CARTER,OK,\\smb.dc2isilon.na.drillinginfo.com\lease_data_entry\data_sources\ok_county_records\ok\carter\1e03
1e0591f4-2f80-4e79-909b-ab40e56dee19,WOODWARD,OK,\\smb.dc2isilon.na.drillinginfo.com\lease_data_entry\data_sources\ok_county_records\ok\woodward\1e05
1e1f1a06-5267-4e39-9918-053207c6482b,DEWEY,OK,s3://enverus-courthouse-prod-chd-plants/ok/dewey/1e1f/1e1f1a06-5267-4e39-9918-053207c6482b.pdf
1e2a3d43-a0e1-414e-9bad-8b08bec71e4d,WOODWARD,OK,\\smb.dc2isilon.na.drillinginfo.com\lease_data_entry\data_sources\ok_county_records\ok\woodward\1e2a
1e3630fc-9c2b-4586-a641-125155eb6704,LINCOLN,OK,s3://enverus-courthouse-prod-chd-plants/ok/lincoln/1e36/1e3630fc-9c2b-4586-a641-125155eb6704.pdf
1e3d135f-59b5-4988-bcaa-456e8ef25506,BECKHAM,OK,\\smb.dc2isilon.na.drillinginfo.com\lease_data_entry\data_sources\ok_county_records\ok\beckham\1e3d
1e3e804d-5004-42f1-82ed-d5c6a9b16a28,BECKHAM,OK,\\smb.dc2isilon.na.drillinginfo.com\lease_data_entry\data_sources\ok_county_records\ok\beckham\1e3e
1e42872d-11d8-4028-925e-3b3cb9574d6f,ROGER MILLS,OK,\\smb.dc2isilon.na.drillinginfo.com\lease_data_entry\data_sources\ok_county_records\ok\roger mills\1e42
1e565bf8-ef25-43ff-9dca-674f025752da,STEPHENS,OK,\\smb.dc2isilon.na.drillinginfo.com\lease_data_entry\data_sources\ok_county_records\ok\stephens\1e56
1e594407-d3b8-45f6-9567-51386e515b28,KINGFISHER,OK,s3://enverus-courthouse-prod-chd-plants/ok/kingfisher/1e59/1e594407-d3b8-45f6-9567-51386e515b28.pdf
1e6d9559-e2a3-4d21-8a87-09cabdddfd59,CARTER,OK,s3://enverus-courthouse-prod-chd-plants/ok/carter/1e6d/1e6d9559-e2a3-4d21-8a87-09cabdddfd59.pdf
1e72f4dd-5526-43d2-93fd-a9464241a84e,LOVE,OK,s3://enverus-courthouse-prod-chd-plants/ok/love/1e72/1e72f4dd-5526-43d2-93fd-a9464241a84e.pdf
1e7511c2-e3c8-4d23-806f-4199d188e800,SEMINOLE,OK,\\smb.dc2isilon.na.drillinginfo.com\lease_data_entry\data_sources\ok_county_records\ok\seminole\1e75
1e94d7f2-bc74-4245-a21f-096db76b26ca,SEMINOLE,OK,\\smb.dc2isilon.na.drillinginfo.com\lease_data_entry\data_sources\ok_county_records\ok\seminole\1e94
1e963f9d-4b9e-441a-b089-d2c2a969d617,LOGAN,OK,\\smb.dc2isilon.na.drillinginfo.com\lease_data_entry\data_sources\ok_county_records\ok\logan\1e96
1e973759-c2d8-4882-a95c-556aa29e9d4c,MCCLAIN,OK,\\smb.dc2isilon.na.drillinginfo.com\lease_data_entry\data_sources\ok_county_records\ok\mcclain\1e97
1e9b7c9e-4d58-4ce4-a580-df1c30fbff84,CUSTER,OK,s3://enverus-courthouse-prod-chd-plants/ok/custer/1e9b/1e9b7c9e-4d58-4ce4-a580-df1c30fbff84.pdf
1eb6dfa9-e3a7-4606-ae7f-fa62cf697b64,MARSHALL,OK,\\smb.dc2isilon.na.drillinginfo.com\lease_data_entry\data_sources\ok_county_records\ok\marshall\1eb6
1ebb0b40-b3c1-4281-ac58-e9b5afd93af8,LOGAN,OK,s3://enverus-courthouse-prod-chd-plants/ok/logan/1ebb/1ebb0b40-b3c1-4281-ac58-e9b5afd93af8.pdf
1ec55e41-cda7-48c9-9ba6-b2eb49120bd9,COAL,OK,s3://enverus-courthouse-prod-chd-plants/ok/coal/1ec5/1ec55e41-cda7-48c9-9ba6-b2eb49120bd9.pdf
1ecf4be8-8ea2-49ae-b7af-bad3dcf81623,MURRAY,OK,\\smb.dc2isilon.na.drillinginfo.com\lease_data_entry\data_sources\ok_county_records\ok\murray\1ecf
1ee622b0-015e-461f-892d-84c64583238d,ROGER MILLS,OK,\\smb.dc2isilon.na.drillinginfo.com\lease_data_entry\data_sources\ok_county_records\ok\roger mills\1ee6
1ee8f5f2-ff5c-4eda-93d6-61bd3c8fcfb3,MAJOR,OK,\\smb.dc2isilon.na.drillinginfo.com\lease_data_entry\data_sources\ok_county_records\ok\major\1ee8
1ee984da-1ec2-4445-9cad-f2da94e64c31,GARVIN,OK,\\smb.dc2isilon.na.drillinginfo.com\lease_data_entry\data_sources\ok_county_records\ok\garvin\1ee9
1f0815f5-3d79-4a82-a089-5a1ba0002cd8,CUSTER,OK,\\smb.dc2isilon.na.drillinginfo.com\lease_data_entry\data_sources\ok_county_records\ok\custer\1f08
1f0c67f3-defd-407d-8880-e39032b13fac,ELLIS,OK,s3://enverus-courthouse-prod-chd-plants/ok/ellis/1f0c/1f0c67f3-defd-407d-8880-e39032b13fac.pdf
1f1158c7-88cf-4d8a-88be-36bdc5682f85,MUSKOGEE,OK,\\smb.dc2isilon.na.drillinginfo.com\lease_data_entry\data_sources\ok_county_records\ok\muskogee\1f11
1f33114e-072e-47e6-b727-68bc89141228,PONTOTOC,OK,\\smb.dc2isilon.na.drillinginfo.com\lease_data_entry\data_sources\ok_county_records\ok\pontotoc\1f33
1f375420-4335-42b4-958c-afa018d90c98,GARVIN,OK,s3://enverus-courthouse-prod-chd-plants/ok/garvin/1f37/1f375420-4335-42b4-958c-afa018d90c98.pdf
1f40bdb7-095d-47bc-a4f3-2c44d0906225,WASHITA,OK,s3://enverus-courthouse-prod-chd-plants/ok/washita/1f40/1f40bdb7-095d-47bc-a4f3-2c44d0906225.pdf
1f6a49ce-0dba-472c-b247-fff7c1103de5,KINGFISHER,OK,s3://enverus-courthouse-prod-chd-plants/ok/kingfisher/1f6a/1f6a49ce-0dba-472c-b247-fff7c1103de5.pdf
1f9125a1-da6d-4ae9-b1a0-dc19abb409f0,STEPHENS,OK,\\smb.dc2isilon.na.drillinginfo.com\lease_data_entry\data_sources\ok_county_records\ok\stephens\1f91
1fa8db49-91b4-4904-b0fa-0d9e083f0521,KINGFISHER,OK,s3://enverus-courthouse-prod-chd-plants/ok/kingfisher/1fa8/1fa8db49-91b4-4904-b0fa-0d9e083f0521.pdf
1fb6ca66-e07f-49a7-b5bb-f6f7b08b7a21,MCCLAIN,OK,\\smb.dc2isilon.na.drillinginfo.com\lease_data_entry\data_sources\ok_county_records\ok\mcclain\1fb6
1fbefefc-6ded-446a-91e2-109ce7839a56,PITTSBURG,OK,s3://enverus-courthouse-prod-chd-plants/ok/pittsburg/1fbe/1fbefefc-6ded-446a-91e2-109ce7839a56.pdf
1ffeb5fb-dbc6-4960-86a7-94e8a0e46a16,BECKHAM,OK,s3://enverus-courthouse-prod-chd-plants/ok/beckham/1ffe/1ffeb5fb-dbc6-4960-86a7-94e8a0e46a16.pdf
2004443a-4c36-40cf-b10b-10e6b61157c9,CUSTER,OK,\\smb.dc2isilon.na.drillinginfo.com\lease_data_entry\data_sources\ok_county_records\ok\custer\2004
201ca515-594a-4613-96f8-ff53817e886c,MARSHALL,OK,s3://enverus-courthouse-prod-chd-plants/ok/marshall/201c/201ca515-594a-4613-96f8-ff53817e886c.pdf
202cc868-6786-4fbe-bd27-94bcf194d9d0,COAL,OK,s3://enverus-courthouse-prod-chd-plants/ok/coal/202c/202cc868-6786-4fbe-bd27-94bcf194d9d0.pdf
202f0505-1ba9-4d90-9624-c626881410e3,COAL,OK,s3://enverus-courthouse-prod-chd-plants/ok/coal/202f/202f0505-1ba9-4d90-9624-c626881410e3.pdf
20391fb3-667a-4b2e-bd8f-6707196c8b72,DEWEY,OK,\\smb.dc2isilon.na.drillinginfo.com\lease_data_entry\data_sources\ok_county_records\ok\dewey\2039
20772295-7343-4bbd-a647-29e449e58240,LOGAN,OK,\\smb.dc2isilon.na.drillinginfo.com\lease_data_entry\data_sources\ok_county_records\ok\logan\2077
2084d0bf-04cf-47ba-8191-ee2cf4874a5a,BLAINE,OK,s3://enverus-courthouse-prod-chd-plants/ok/blaine/2084/2084d0bf-04cf-47ba-8191-ee2cf4874a5a.pdf
20892de6-0b1c-4d63-9f69-10419f61990d,LINCOLN,OK,s3://enverus-courthouse-prod-chd-plants/ok/lincoln/2089/20892de6-0b1c-4d63-9f69-10419f61990d.pdf
20893436-121d-4274-a77d-e2af477d2eb0,KINGFISHER,OK,s3://enverus-courthouse-prod-chd-plants/ok/kingfisher/2089/20893436-121d-4274-a77d-e2af477d2eb0.pdf
2093bb3d-8bd8-4b73-b3ab-a3107f528a08,CUSTER,OK,\\smb.dc2isilon.na.drillinginfo.com\lease_data_entry\data_sources\ok_county_records\ok\custer\2093
20997d7e-62dc-4df4-8723-c07813e584c0,CARTER,OK,s3://enverus-courthouse-prod-chd-plants/ok/carter/2099/20997d7e-62dc-4df4-8723-c07813e584c0.pdf
20aa82cb-71b3-4f91-ab08-39c9d5d4ff82,MURRAY,OK,s3://enverus-courthouse-prod-chd-plants/ok/murray/20aa/20aa82cb-71b3-4f91-ab08-39c9d5d4ff82.pdf
20bebb56-d048-4fb7-b4bc-c16f28e17293,COMANCHE,OK,\\smb.dc2isilon.na.drillinginfo.com\lease_data_entry\data_sources\ok_county_records\ok\comanche\20be
214d4b39-fa87-4807-9496-0671c0c60deb,HUGHES,OK,s3://enverus-courthouse-prod-chd-plants/ok/hughes/214d/214d4b39-fa87-4807-9496-0671c0c60deb.pdf
214f03bd-20b7-4978-8eb9-6c8109a0ae81,MAJOR,OK,s3://enverus-courthouse-prod-chd-plants/ok/major/214f/214f03bd-20b7-4978-8eb9-6c8109a0ae81.pdf
2151fdca-ed3c-4c5c-b236-7b31be7058fa,LOGAN,OK,\\smb.dc2isilon.na.drillinginfo.com\lease_data_entry\data_sources\ok_county_records\ok\logan\2151
21580095-16cd-45e2-bd7f-faccb34395e9,ROGER MILLS,OK,s3://enverus-courthouse-prod-chd-plants/ok/roger mills/2158/21580095-16cd-45e2-bd7f-faccb34395e9.pdf
2159c554-2dfd-4856-8169-9e4a870ed800,CARTER,OK,s3://enverus-courthouse-prod-chd-plants/ok/carter/2159/2159c554-2dfd-4856-8169-9e4a870ed800.pdf
21650862-84e1-427d-8cc2-55511733ecc6,OKMULGEE,OK,\\smb.dc2isilon.na.drillinginfo.com\lease_data_entry\data_sources\ok_county_records\ok\okmulgee\2165
216dfdf6-c40d-4cb0-9a53-d8795ce5d8ff,KINGFISHER,OK,\\smb.dc2isilon.na.drillinginfo.com\lease_data_entry\data_sources\ok_county_records\ok\kingfisher\216d
21743f6a-5044-46a6-8f9f-656c8a4e68b8,MARSHALL,OK,s3://enverus-courthouse-prod-chd-plants/ok/marshall/2174/21743f6a-5044-46a6-8f9f-656c8a4e68b8.pdf
218b1246-527c-4bb7-b5e2-ee92bc9e3401,MCCLAIN,OK,\\smb.dc2isilon.na.drillinginfo.com\lease_data_entry\data_sources\ok_county_records\ok\mcclain\218b
218cd746-be54-470f-af01-9894e4156250,STEPHENS,OK,\\smb.dc2isilon.na.drillinginfo.com\lease_data_entry\data_sources\ok_county_records\ok\stephens\218c
2192f767-4b9d-4aeb-9151-c32ac61db731,MCCLAIN,OK,s3://enverus-courthouse-prod-chd-plants/ok/mcclain/2192/2192f767-4b9d-4aeb-9151-c32ac61db731.pdf
21996adb-db44-40d3-94ff-92821f7f371e,STEPHENS,OK,\\smb.dc2isilon.na.drillinginfo.com\lease_data_entry\data_sources\ok_county_records\ok\stephens\2199
21b5c18c-1562-4c06-b32f-c6a9b36ee887,GRANT,OK,s3://enverus-courthouse-prod-chd-plants/ok/grant/21b5/21b5c18c-1562-4c06-b32f-c6a9b36ee887.pdf
21c9ba99-1395-4bcf-82ab-17b9ee097777,LINCOLN,OK,s3://enverus-courthouse-prod-chd-plants/ok/lincoln/21c9/21c9ba99-1395-4bcf-82ab-17b9ee097777.pdf
21cac50b-f9d5-45b0-a18f-0c695eaf715a,LEFLORE,OK,\\smb.dc2isilon.na.drillinginfo.com\lease_data_entry\data_sources\ok_county_records\ok\leflore\21ca
21cc4be8-8922-43bb-91d0-be7a7bccc4dc,WASHINGTON,OK,\\smb.dc2isilon.na.drillinginfo.com\lease_data_entry\data_sources\ok_county_records\ok\washington\21cc
21cc8e4a-b664-42d0-a3da-b65e7d014741,CUSTER,OK,\\smb.dc2isilon.na.drillinginfo.com\lease_data_entry\data_sources\ok_county_records\ok\custer\21cc
21d52011-b71e-4df1-a133-c1471a0df58d,ROGER MILLS,OK,s3://enverus-courthouse-prod-chd-plants/ok/roger mills/21d5/21d52011-b71e-4df1-a133-c1471a0df58d.pdf
21d524bb-9807-4bd2-a57e-969d9409e8f2,JACKSON,OK,\\smb.dc2isilon.na.drillinginfo.com\lease_data_entry\data_sources\ok_county_records\ok\jackson\21d5
21e1ac00-5f7d-42ff-aa8c-339722a31f96,MCCLAIN,OK,s3://enverus-courthouse-prod-chd-plants/ok/mcclain/21e1/21e1ac00-5f7d-42ff-aa8c-339722a31f96.pdf
22008ec9-b971-487b-8655-db8220f78e8c,OKMULGEE,OK,\\smb.dc2isilon.na.drillinginfo.com\lease_data_entry\data_sources\ok_county_records\ok\okmulgee\2200
2208cd6d-e998-4e53-9d77-dbf5627c003e,KINGFISHER,OK,\\smb.dc2isilon.na.drillinginfo.com\lease_data_entry\data_sources\ok_county_records\ok\kingfisher\2208
221dbf68-99e3-4ba8-8e97-f7c641e943a9,CARTER,OK,\\smb.dc2isilon.na.drillinginfo.com\lease_data_entry\data_sources\ok_county_records\ok\carter\221d
22208bc8-70a6-420f-8405-c16565008ece,CUSTER,OK,s3://enverus-courthouse-prod-chd-plants/ok/custer/2220/22208bc8-70a6-420f-8405-c16565008ece.pdf
222c8bea-a64a-4a91-ad5f-087e7e51883f,CARTER,OK,s3://enverus-courthouse-prod-chd-plants/ok/carter/222c/222c8bea-a64a-4a91-ad5f-087e7e51883f.pdf
225ad466-524e-4eb3-b8e2-c971a5070bed,PITTSBURG,OK,s3://enverus-courthouse-prod-chd-plants/ok/pittsburg/225a/225ad466-524e-4eb3-b8e2-c971a5070bed.pdf
2269aa64-d425-4af0-b485-6e3cb8fc532a,MARSHALL,OK,\\smb.dc2isilon.na.drillinginfo.com\lease_data_entry\data_sources\ok_county_records\ok\marshall\2269
226e9b9d-d93a-4fff-8fb4-c14b31527ee7,KINGFISHER,OK,s3://enverus-courthouse-prod-chd-plants/ok/kingfisher/226e/226e9b9d-d93a-4fff-8fb4-c14b31527ee7.pdf
2274ad41-7ee2-4da9-93c8-ded93d404ba7,LOGAN,OK,\\smb.dc2isilon.na.drillinginfo.com\lease_data_entry\data_sources\ok_county_records\ok\logan\2274
22875e71-2b90-45e1-8292-4ceaa4782f65,BLAINE,OK,\\smb.dc2isilon.na.drillinginfo.com\lease_data_entry\data_sources\ok_county_records\ok\blaine\2287
228da6c1-3c09-471e-98fb-c6758233a245,OKMULGEE,OK,\\smb.dc2isilon.na.drillinginfo.com\lease_data_entry\data_sources\ok_county_records\ok\okmulgee\228d
229ffbb6-1bcc-47db-bc1a-74de55b9f5b4,LOGAN,OK,\\smb.dc2isilon.na.drillinginfo.com\lease_data_entry\data_sources\ok_county_records\ok\logan\229f
22cac404-1e85-44e8-855d-704fdd0dbbb5,COAL,OK,s3://enverus-courthouse-prod-chd-plants/ok/coal/22ca/22cac404-1e85-44e8-855d-704fdd0dbbb5.pdf
22e089c7-5eb0-481d-827a-deb0bd2c0907,LOGAN,OK,\\smb.dc2isilon.na.drillinginfo.com\lease_data_entry\data_sources\ok_county_records\ok\logan\22e0
2304507b-9702-4ebb-91ca-d26d7b07f777,GARVIN,OK,s3://enverus-courthouse-prod-chd-plants/ok/garvin/2304/2304507b-9702-4ebb-91ca-d26d7b07f777.pdf
2304bf58-43eb-4a6a-b095-6612d8355bdc,LINCOLN,OK,\\smb.dc2isilon.na.drillinginfo.com\lease_data_entry\data_sources\ok_county_records\ok\lincoln\2304
2328a1a8-b549-424e-9cb8-3a85a8382124,ROGER MILLS,OK,s3://enverus-courthouse-prod-chd-plants/ok/roger mills/2328/2328a1a8-b549-424e-9cb8-3a85a8382124.pdf
2336e9a3-64b5-4b31-8f10-fa53b162f9e9,CARTER,OK,s3://enverus-courthouse-prod-chd-plants/ok/carter/2336/2336e9a3-64b5-4b31-8f10-fa53b162f9e9.pdf
2341ece6-f44f-43cd-b139-0ff580057dd7,DEWEY,OK,\\smb.dc2isilon.na.drillinginfo.com\lease_data_entry\data_sources\ok_county_records\ok\dewey\2341
2350c4ae-5aa6-4a64-a43c-4cf20cf52727,HARPER,OK,s3://enverus-courthouse-prod-chd-plants/ok/harper/2350/2350c4ae-5aa6-4a64-a43c-4cf20cf52727.pdf
235245fb-2e27-4692-a950-b0962964ffc3,KINGFISHER,OK,s3://enverus-courthouse-prod-chd-plants/ok/kingfisher/2352/235245fb-2e27-4692-a950-b0962964ffc3.pdf
235e4ead-34ac-437b-8ec7-978b5748d1f4,SEMINOLE,OK,s3://enverus-courthouse-prod-chd-plants/ok/seminole/235e/235e4ead-34ac-437b-8ec7-978b5748d1f4.pdf
23646bc2-a85b-4c76-9686-06d262a5ec10,SEMINOLE,OK,s3://enverus-courthouse-prod-chd-plants/ok/seminole/2364/23646bc2-a85b-4c76-9686-06d262a5ec10.pdf
236a4210-6245-48e2-8970-9e454d050377,BLAINE,OK,\\smb.dc2isilon.na.drillinginfo.com\lease_data_entry\data_sources\ok_county_records\ok\blaine\236a
236dd01a-d67e-43bd-b632-d70a981e592c,WASHINGTON,OK,\\smb.dc2isilon.na.drillinginfo.com\lease_data_entry\data_sources\ok_county_records\ok\washington\236d
2370a990-e7f0-41cd-a4ed-c727e8cb66d4,CARTER,OK,s3://enverus-courthouse-prod-chd-plants/ok/carter/2370/2370a990-e7f0-41cd-a4ed-c727e8cb66d4.pdf
237eead2-080a-4e3e-afbc-8ed366421b86,COMANCHE,OK,\\smb.dc2isilon.na.drillinginfo.com\lease_data_entry\data_sources\ok_county_records\ok\comanche\237e
238ee440-597f-4783-a76d-13c608893ad9,WASHINGTON,OK,s3://enverus-courthouse-prod-chd-plants/ok/washington/238e/238ee440-597f-4783-a76d-13c608893ad9.pdf
239375d7-c7fa-44f3-ada3-3d68ce0fcd2b,SEMINOLE,OK,\\smb.dc2isilon.na.drillinginfo.com\lease_data_entry\data_sources\ok_county_records\ok\seminole\2393
23971f25-51e6-4d62-9490-2a99e7b74c35,JACKSON,OK,\\smb.dc2isilon.na.drillinginfo.com\lease_data_entry\data_sources\ok_county_records\ok\jackson\2397
2399c1c1-bbd5-4420-968f-a711c70f1b29,MARSHALL,OK,\\smb.dc2isilon.na.drillinginfo.com\lease_data_entry\data_sources\ok_county_records\ok\marshall\2399
239d3afd-a195-4652-8fa1-6152203cde29,LINCOLN,OK,\\smb.dc2isilon.na.drillinginfo.com\lease_data_entry\data_sources\ok_county_records\ok\lincoln\239d
239ffef1-1d5d-4d4f-806d-69a6baf452db,CUSTER,OK,\\smb.dc2isilon.na.drillinginfo.com\lease_data_entry\data_sources\ok_county_records\ok\custer\239f
23b8d240-378e-4a3d-80f2-59cc933bcbb9,LOGAN,OK,s3://enverus-courthouse-prod-chd-plants/ok/logan/23b8/23b8d240-378e-4a3d-80f2-59cc933bcbb9.pdf
23e9351c-c865-4810-ad57-b913da87ffd9,WASHINGTON,OK,s3://enverus-courthouse-prod-chd-plants/ok/washington/23e9/23e9351c-c865-4810-ad57-b913da87ffd9.pdf
23f98c6d-241e-4080-a6c3-6f308997525c,MCCLAIN,OK,\\smb.dc2isilon.na.drillinginfo.com\lease_data_entry\data_sources\ok_county_records\ok\mcclain\23f9
2411d90b-8fb3-45f7-948d-168b87909f27,MARSHALL,OK,\\smb.dc2isilon.na.drillinginfo.com\lease_data_entry\data_sources\ok_county_records\ok\marshall\2411
243a3b18-93e0-4ff7-895b-025c017d524a,LOVE,OK,s3://enverus-courthouse-prod-chd-plants/ok/love/243a/243a3b18-93e0-4ff7-895b-025c017d524a.pdf
243c3f1f-4355-4520-8cea-38ed31dfb200,LEFLORE,OK,s3://enverus-courthouse-prod-chd-plants/ok/leflore/243c/243c3f1f-4355-4520-8cea-38ed31dfb200.pdf
2443ef13-87d4-4b61-becd-f8836ccfff11,KINGFISHER,OK,s3://enverus-courthouse-prod-chd-plants/ok/kingfisher/2443/2443ef13-87d4-4b61-becd-f8836ccfff11.pdf
2457734a-98af-4159-8cb8-c1ad963d7364,SEMINOLE,OK,\\smb.dc2isilon.na.drillinginfo.com\lease_data_entry\data_sources\ok_county_records\ok\seminole\2457
246287ac-8d65-4f6a-86b8-2e397e6fa7db,LOVE,OK,s3://enverus-courthouse-prod-chd-plants/ok/love/2462/246287ac-8d65-4f6a-86b8-2e397e6fa7db.pdf
247c14c2-9072-4afb-94de-1f25068c5033,TEXAS,OK,s3://enverus-courthouse-prod-chd-plants/ok/texas/247c/247c14c2-9072-4afb-94de-1f25068c5033.pdf
248f40fa-9478-4437-802f-88805139c284,CUSTER,OK,s3://enverus-courthouse-prod-chd-plants/ok/custer/248f/248f40fa-9478-4437-802f-88805139c284.pdf
24968a51-cdca-4d67-b00b-4ed93aec4793,OKMULGEE,OK,\\smb.dc2isilon.na.drillinginfo.com\lease_data_entry\data_sources\ok_county_records\ok\okmulgee\2496
249dbdde-e9fd-4f3d-9da3-da26722c2bd6,LOGAN,OK,\\smb.dc2isilon.na.drillinginfo.com\lease_data_entry\data_sources\ok_county_records\ok\logan\249d
24b6de3b-ec19-4fba-98de-965a1e804d47,ROGER MILLS,OK,s3://enverus-courthouse-prod-chd-plants/ok/roger mills/24b6/24b6de3b-ec19-4fba-98de-965a1e804d47.pdf
24e22056-eca7-43d4-8920-d7abb48a89af,KINGFISHER,OK,\\smb.dc2isilon.na.drillinginfo.com\lease_data_entry\data_sources\ok_county_records\ok\kingfisher\24e2
24f3ab56-5d32-46fa-9ff3-2884d85c9fc1,ROGER MILLS,OK,s3://enverus-courthouse-prod-chd-plants/ok/roger mills/24f3/24f3ab56-5d32-46fa-9ff3-2884d85c9fc1.pdf
24fb3100-b6ec-4d7e-960e-5f2ae0c30ea6,ROGER MILLS,OK,s3://enverus-courthouse-prod-chd-plants/ok/roger mills/24fb/24fb3100-b6ec-4d7e-960e-5f2ae0c30ea6.pdf
24ff6065-0422-4be1-bc62-fbbe93a1b52b,MARSHALL,OK,s3://enverus-courthouse-prod-chd-plants/ok/marshall/24ff/24ff6065-0422-4be1-bc62-fbbe93a1b52b.pdf
250b1455-b862-41cc-9767-eaece128b19a,MCCLAIN,OK,s3://enverus-courthouse-prod-chd-plants/ok/mcclain/250b/250b1455-b862-41cc-9767-eaece128b19a.pdf
250e27ca-f894-4ec1-bab8-69a4b8c9e165,STEPHENS,OK,\\smb.dc2isilon.na.drillinginfo.com\lease_data_entry\data_sources\ok_county_records\ok\stephens\250e
2512adb7-e640-4ec9-9fee-b00cfb43acef,LOGAN,OK,s3://enverus-courthouse-prod-chd-plants/ok/logan/2512/2512adb7-e640-4ec9-9fee-b00cfb43acef.pdf
25192e5d-09d8-4d4d-a186-60be382736cd,LEFLORE,OK,\\smb.dc2isilon.na.drillinginfo.com\lease_data_entry\data_sources\ok_county_records\ok\leflore\2519
25207104-1460-44b4-a4a3-f458802d726d,MAJOR,OK,s3://enverus-courthouse-prod-chd-plants/ok/major/2520/25207104-1460-44b4-a4a3-f458802d726d.pdf
253a1326-d0de-4c4d-aea3-1ce4755d48a3,MAJOR,OK,s3://enverus-courthouse-prod-chd-plants/ok/major/253a/253a1326-d0de-4c4d-aea3-1ce4755d48a3.pdf
253e4ca2-9d6a-4018-85c4-a612f430d66e,KINGFISHER,OK,s3://enverus-courthouse-prod-chd-plants/ok/kingfisher/253e/253e4ca2-9d6a-4018-85c4-a612f430d66e.pdf
253e7a8a-4b25-4ecb-a22b-7c02759d6854,MCCLAIN,OK,\\smb.dc2isilon.na.drillinginfo.com\lease_data_entry\data_sources\ok_county_records\ok\mcclain\253e
2545fe76-d2c2-4e6b-959b-a28211a100aa,BECKHAM,OK,\\smb.dc2isilon.na.drillinginfo.com\lease_data_entry\data_sources\ok_county_records\ok\beckham\2545
2549bb83-df09-4198-a043-e1a20520b8e3,CUSTER,OK,s3://enverus-courthouse-prod-chd-plants/ok/custer/2549/2549bb83-df09-4198-a043-e1a20520b8e3.pdf
254b9816-c608-42e0-9c0c-6e8d199012c8,MCCLAIN,OK,s3://enverus-courthouse-prod-chd-plants/ok/mcclain/254b/254b9816-c608-42e0-9c0c-6e8d199012c8.pdf
25626800-ef6b-4901-bba3-f0b9a3fa346f,BECKHAM,OK,\\smb.dc2isilon.na.drillinginfo.com\lease_data_entry\data_sources\ok_county_records\ok\beckham\2562
25639719-e18e-482f-bc79-759d20afdda2,ROGER MILLS,OK,s3://enverus-courthouse-prod-chd-plants/ok/roger mills/2563/25639719-e18e-482f-bc79-759d20afdda2.pdf
2565da85-5178-4427-9cbc-9d736306c4e3,MCINTOSH,OK,\\smb.dc2isilon.na.drillinginfo.com\lease_data_entry\data_sources\ok_county_records\ok\mcintosh\2565
25663652-00a0-40a7-95e1-a3758a430057,KAY,OK,\\smb.dc2isilon.na.drillinginfo.com\lease_data_entry\data_sources\ok_county_records\ok\kay\2566
256ce145-fb18-411a-82b8-5b9b0c3a7609,COMANCHE,OK,\\smb.dc2isilon.na.drillinginfo.com\lease_data_entry\data_sources\ok_county_records\ok\comanche\256c
257decd8-2153-4df9-9c9f-116fa41b668c,CARTER,OK,\\smb.dc2isilon.na.drillinginfo.com\lease_data_entry\data_sources\ok_county_records\ok\carter\257d
257e12db-e800-4afe-a1a6-dfdc75474c9d,TEXAS,OK,\\smb.dc2isilon.na.drillinginfo.com\lease_data_entry\data_sources\ok_county_records\ok\texas\257e
259457bd-c0e9-4583-ab13-4c697e38f511,LOGAN,OK,\\smb.dc2isilon.na.drillinginfo.com\lease_data_entry\data_sources\ok_county_records\ok\logan\2594
25995caa-6ff3-42fa-816c-23c057dfe02f,ROGER MILLS,OK,s3://enverus-courthouse-prod-chd-plants/ok/roger mills/2599/25995caa-6ff3-42fa-816c-23c057dfe02f.pdf
25b09b1e-4406-413d-840a-352563acd461,MARSHALL,OK,s3://enverus-courthouse-prod-chd-plants/ok/marshall/25b0/25b09b1e-4406-413d-840a-352563acd461.pdf
25cfee9c-8fd3-4b2e-a276-e8e7323589c0,WASHINGTON,OK,s3://enverus-courthouse-prod-chd-plants/ok/washington/25cf/25cfee9c-8fd3-4b2e-a276-e8e7323589c0.pdf
25ff4652-d56e-4a39-a8fd-808635f8cff4,ROGER MILLS,OK,s3://enverus-courthouse-prod-chd-plants/ok/roger mills/25ff/25ff4652-d56e-4a39-a8fd-808635f8cff4.pdf
26018ebb-5ee5-434c-a87c-d0b376760b4e,LOGAN,OK,\\smb.dc2isilon.na.drillinginfo.com\lease_data_entry\data_sources\ok_county_records\ok\logan\2601
260392e4-d6ab-4f02-ae30-b0c7e4326a02,ELLIS,OK,s3://enverus-courthouse-prod-chd-plants/ok/ellis/2603/260392e4-d6ab-4f02-ae30-b0c7e4326a02.pdf
26214d8e-a21b-4a0e-88d2-e72f7c49464f,GARVIN,OK,s3://enverus-courthouse-prod-chd-plants/ok/garvin/2621/26214d8e-a21b-4a0e-88d2-e72f7c49464f.pdf
2625c255-c160-49bf-b3ee-2bce7cb73b59,CARTER,OK,\\smb.dc2isilon.na.drillinginfo.com\lease_data_entry\data_sources\ok_county_records\ok\carter\2625
2629f06c-26f0-4f0a-a8e7-55ed1daf088d,MURRAY,OK,\\smb.dc2isilon.na.drillinginfo.com\lease_data_entry\data_sources\ok_county_records\ok\murray\2629
2634fa0d-e355-4965-b81f-ab46d8d402b2,JEFFERSON,OK,\\smb.dc2isilon.na.drillinginfo.com\lease_data_entry\data_sources\ok_county_records\ok\jefferson\2634
2648eaad-0aa2-4c86-afc3-84f9d97f2bff,STEPHENS,OK,s3://enverus-courthouse-prod-chd-plants/ok/stephens/2648/2648eaad-0aa2-4c86-afc3-84f9d97f2bff.pdf
264af72c-cb40-456e-b278-dfa34f696038,OKMULGEE,OK,\\smb.dc2isilon.na.drillinginfo.com\lease_data_entry\data_sources\ok_county_records\ok\okmulgee\264a
264ca50b-e393-46e2-b010-6afcc93c5f31,MCINTOSH,OK,\\smb.dc2isilon.na.drillinginfo.com\lease_data_entry\data_sources\ok_county_records\ok\mcintosh\264c
265c84b5-c1f5-4d22-bd17-b549d3b944a5,COMANCHE,OK,\\smb.dc2isilon.na.drillinginfo.com\lease_data_entry\data_sources\ok_county_records\ok\comanche\265c
265dfd92-f316-4472-be0a-2810caab49b3,GARVIN,OK,\\smb.dc2isilon.na.drillinginfo.com\lease_data_entry\data_sources\ok_county_records\ok\garvin\265d
266585fc-90ff-4d4c-81df-73fd45fc7c49,LINCOLN,OK,s3://enverus-courthouse-prod-chd-plants/ok/lincoln/2665/266585fc-90ff-4d4c-81df-73fd45fc7c49.pdf
268003df-da3c-4aa2-aa4d-1ca07f2c231e,CARTER,OK,\\smb.dc2isilon.na.drillinginfo.com\lease_data_entry\data_sources\ok_county_records\ok\carter\2680
2690e980-10f9-4807-b5c8-189b74395742,GARVIN,OK,s3://enverus-courthouse-prod-chd-plants/ok/garvin/2690/2690e980-10f9-4807-b5c8-189b74395742.pdf
26a83fe7-f405-4a28-b5dd-96f8b957af21,ELLIS,OK,s3://enverus-courthouse-prod-chd-plants/ok/ellis/26a8/26a83fe7-f405-4a28-b5dd-96f8b957af21.pdf
26a87d45-468f-4cc1-92ca-6c0fdf01aaa2,MCCLAIN,OK,\\smb.dc2isilon.na.drillinginfo.com\lease_data_entry\data_sources\ok_county_records\ok\mcclain\26a8
26bf1d71-c6a8-42f1-ac42-d38c9f5c7eb3,CUSTER,OK,s3://enverus-courthouse-prod-chd-plants/ok/custer/26bf/26bf1d71-c6a8-42f1-ac42-d38c9f5c7eb3.pdf
26ce9675-56ce-4753-b5e0-f3af1b1696e8,DEWEY,OK,s3://enverus-courthouse-prod-chd-plants/ok/dewey/26ce/26ce9675-56ce-4753-b5e0-f3af1b1696e8.pdf
26e4591c-592b-4a82-99d6-4a7202bd3373,MCCLAIN,OK,s3://enverus-courthouse-prod-chd-plants/ok/mcclain/26e4/26e4591c-592b-4a82-99d6-4a7202bd3373.pdf
26f19666-c0d3-400f-9e98-7ef3027509c1,WASHINGTON,OK,s3://enverus-courthouse-prod-chd-plants/ok/washington/26f1/26f19666-c0d3-400f-9e98-7ef3027509c1.pdf
26f825c6-ce4f-400e-8509-9a293eeaa9c8,COMANCHE,OK,\\smb.dc2isilon.na.drillinginfo.com\lease_data_entry\data_sources\ok_county_records\ok\comanche\26f8
270b48d5-f354-4527-9253-2b19d3e9c613,CARTER,OK,\\smb.dc2isilon.na.drillinginfo.com\lease_data_entry\data_sources\ok_county_records\ok\carter\270b
2732edfa-d225-484a-9743-8575487ad56a,SEMINOLE,OK,s3://enverus-courthouse-prod-chd-plants/ok/seminole/2732/2732edfa-d225-484a-9743-8575487ad56a.pdf
27487ab1-26de-4f4f-af6e-bc6ec0f6d65c,CARTER,OK,s3://enverus-courthouse-prod-chd-plants/ok/carter/2748/27487ab1-26de-4f4f-af6e-bc6ec0f6d65c.pdf
276fda11-07a0-4741-9964-e76a20daf676,ELLIS,OK,s3://enverus-courthouse-prod-chd-plants/ok/ellis/276f/276fda11-07a0-4741-9964-e76a20daf676.pdf
27755c11-1821-4821-875b-1772a46ba3b9,COMANCHE,OK,\\smb.dc2isilon.na.drillinginfo.com\lease_data_entry\data_sources\ok_county_records\ok\comanche\2775
277a8f39-a9bb-4ee3-a7b8-ad8e3c53d041,OKMULGEE,OK,s3://enverus-courthouse-prod-chd-plants/ok/okmulgee/277a/277a8f39-a9bb-4ee3-a7b8-ad8e3c53d041.pdf
277ef009-ca44-4b4e-b865-25cd5ec32627,ELLIS,OK,s3://enverus-courthouse-prod-chd-plants/ok/ellis/277e/277ef009-ca44-4b4e-b865-25cd5ec32627.pdf
2783a63f-540a-4ac5-a7cd-50b9ef3c3325,ROGER MILLS,OK,\\smb.dc2isilon.na.drillinginfo.com\lease_data_entry\data_sources\ok_county_records\ok\roger mills\2783
278cfc9b-4cd8-4873-8925-5a1d1be33976,DEWEY,OK,s3://enverus-courthouse-prod-chd-plants/ok/dewey/278c/278cfc9b-4cd8-4873-8925-5a1d1be33976.pdf
27a2b768-159f-42ad-9ab1-76a5ed0afcfe,WASHINGTON,OK,s3://enverus-courthouse-prod-chd-plants/ok/washington/27a2/27a2b768-159f-42ad-9ab1-76a5ed0afcfe.pdf
27c191bf-d76a-4ba0-b4d2-a6552dbe8f83,MCCLAIN,OK,s3://enverus-courthouse-prod-chd-plants/ok/mcclain/27c1/27c191bf-d76a-4ba0-b4d2-a6552dbe8f83.pdf
27d7bd49-6e51-486f-9787-e6cf2b221d82,CARTER,OK,\\smb.dc2isilon.na.drillinginfo.com\lease_data_entry\data_sources\ok_county_records\ok\carter\27d7
27e65118-2f86-40d5-a404-37c2c3d9b787,KAY,OK,s3://enverus-courthouse-prod-chd-plants/ok/kay/27e6/27e65118-2f86-40d5-a404-37c2c3d9b787.pdf
27e9ec8c-3d21-459f-941b-7beef1314c8a,COAL,OK,\\smb.dc2isilon.na.drillinginfo.com\lease_data_entry\data_sources\ok_county_records\ok\coal\27e9
280ef169-0a15-40ce-ae00-f1c4369938f2,SEMINOLE,OK,\\smb.dc2isilon.na.drillinginfo.com\lease_data_entry\data_sources\ok_county_records\ok\seminole\280e
2811eb8c-3291-4d7c-aad2-ba82ee68d97e,LINCOLN,OK,\\smb.dc2isilon.na.drillinginfo.com\lease_data_entry\data_sources\ok_county_records\ok\lincoln\2811
28231d3f-9e19-47e7-8b4c-0f3ee5a9874a,LINCOLN,OK,s3://enverus-courthouse-prod-chd-plants/ok/lincoln/2823/28231d3f-9e19-47e7-8b4c-0f3ee5a9874a.pdf
28250c3b-69c1-43fb-af5a-28eff65a037c,OKMULGEE,OK,s3://enverus-courthouse-prod-chd-plants/ok/okmulgee/2825/28250c3b-69c1-43fb-af5a-28eff65a037c.pdf
28362d72-1eaa-4488-b826-2e7dce5c2902,BECKHAM,OK,\\smb.dc2isilon.na.drillinginfo.com\lease_data_entry\data_sources\ok_county_records\ok\beckham\2836
283d5e9c-491c-4e38-a17f-e0b66ac632d0,WASHITA,OK,s3://enverus-courthouse-prod-chd-plants/ok/washita/283d/283d5e9c-491c-4e38-a17f-e0b66ac632d0.pdf
2849a5f3-4b69-4d31-9105-a70be49c9c41,ROGER MILLS,OK,s3://enverus-courthouse-prod-chd-plants/ok/roger mills/2849/2849a5f3-4b69-4d31-9105-a70be49c9c41.pdf
28756a16-fd68-429a-9123-190d347b9796,DEWEY,OK,s3://enverus-courthouse-prod-chd-plants/ok/dewey/2875/28756a16-fd68-429a-9123-190d347b9796.pdf
287ec9a4-c0aa-4f85-a4e2-01f78c5bb775,CARTER,OK,\\smb.dc2isilon.na.drillinginfo.com\lease_data_entry\data_sources\ok_county_records\ok\carter\287e
28874c9d-e590-42b6-a509-4dede64b32b0,CARTER,OK,\\smb.dc2isilon.na.drillinginfo.com\lease_data_entry\data_sources\ok_county_records\ok\carter\2887
288b3785-1c35-4498-9f9d-f3761638599a,BLAINE,OK,\\smb.dc2isilon.na.drillinginfo.com\lease_data_entry\data_sources\ok_county_records\ok\blaine\288b
2895537b-bd62-4995-875e-6e89e70f416e,KINGFISHER,OK,\\smb.dc2isilon.na.drillinginfo.com\lease_data_entry\data_sources\ok_county_records\ok\kingfisher\2895
2896adba-829b-4d69-b984-9b60e5ccffd3,MCCLAIN,OK,s3://enverus-courthouse-prod-chd-plants/ok/mcclain/2896/2896adba-829b-4d69-b984-9b60e5ccffd3.pdf
28a5b813-53c3-4c9f-b9e9-53b5378986f9,KINGFISHER,OK,\\smb.dc2isilon.na.drillinginfo.com\lease_data_entry\data_sources\ok_county_records\ok\kingfisher\28a5
28afb0ad-5259-4b0d-8324-4c916aef5295,LOGAN,OK,s3://enverus-courthouse-prod-chd-plants/ok/logan/28af/28afb0ad-5259-4b0d-8324-4c916aef5295.pdf
28c3ec01-7c3f-4662-aaec-8f384fe6ab28,PITTSBURG,OK,s3://enverus-courthouse-prod-chd-plants/ok/pittsburg/28c3/28c3ec01-7c3f-4662-aaec-8f384fe6ab28.pdf
28e11bb9-a2d6-4c4f-9225-4cd97654e859,LOGAN,OK,\\smb.dc2isilon.na.drillinginfo.com\lease_data_entry\data_sources\ok_county_records\ok\logan\28e1
2904e9c5-4d9b-4ae3-90d3-8ea64592da5a,COMANCHE,OK,\\smb.dc2isilon.na.drillinginfo.com\lease_data_entry\data_sources\ok_county_records\ok\comanche\2904
291c5d93-6197-4c44-85a9-533344b6f995,CARTER,OK,\\smb.dc2isilon.na.drillinginfo.com\lease_data_entry\data_sources\ok_county_records\ok\carter\291c
292b8e70-85ae-424c-b513-f901977870b2,KINGFISHER,OK,s3://enverus-courthouse-prod-chd-plants/ok/kingfisher/292b/292b8e70-85ae-424c-b513-f901977870b2.pdf
29449065-6de6-4247-88a4-53737f8c6250,LEFLORE,OK,s3://enverus-courthouse-prod-chd-plants/ok/leflore/2944/29449065-6de6-4247-88a4-53737f8c6250.pdf
29509049-f6b0-4304-9fb0-3e917a88ca64,GARVIN,OK,s3://enverus-courthouse-prod-chd-plants/ok/garvin/2950/29509049-f6b0-4304-9fb0-3e917a88ca64.pdf
2952758c-2d68-45a2-acd2-537ca9ec0dc8,LOVE,OK,s3://enverus-courthouse-prod-chd-plants/ok/love/2952/2952758c-2d68-45a2-acd2-537ca9ec0dc8.pdf
29563663-c750-4618-98a8-d4c8874fafe3,CARTER,OK,\\smb.dc2isilon.na.drillinginfo.com\lease_data_entry\data_sources\ok_county_records\ok\carter\2956
296915fa-b66e-4a05-a1dd-ed5ebcaffb40,HUGHES,OK,s3://enverus-courthouse-prod-chd-plants/ok/hughes/2969/296915fa-b66e-4a05-a1dd-ed5ebcaffb40.pdf
297479e2-bdb0-4766-8d9d-32ab5d1d893b,BLAINE,OK,s3://enverus-courthouse-prod-chd-plants/ok/blaine/2974/297479e2-bdb0-4766-8d9d-32ab5d1d893b.pdf
298ab393-e9ee-45c5-aebb-86d2f7f742bc,COAL,OK,\\smb.dc2isilon.na.drillinginfo.com\lease_data_entry\data_sources\ok_county_records\ok\coal\298a
299187b4-ae65-4a44-a20a-ce2a7de10f96,BECKHAM,OK,\\smb.dc2isilon.na.drillinginfo.com\lease_data_entry\data_sources\ok_county_records\ok\beckham\2991
2992f9fd-9e8b-4497-9626-2b8b731ef25b,COMANCHE,OK,\\smb.dc2isilon.na.drillinginfo.com\lease_data_entry\data_sources\ok_county_records\ok\comanche\2992
299ed9fb-d302-41de-b181-c334fea7eda9,ROGER MILLS,OK,s3://enverus-courthouse-prod-chd-plants/ok/roger mills/299e/299ed9fb-d302-41de-b181-c334fea7eda9.pdf
29a5e2f1-6133-47d7-977d-f3bbc3c089ae,MUSKOGEE,OK,\\smb.dc2isilon.na.drillinginfo.com\lease_data_entry\data_sources\ok_county_records\ok\muskogee\29a5
29af998a-e942-48f1-84c8-5914696381f2,LOGAN,OK,\\smb.dc2isilon.na.drillinginfo.com\lease_data_entry\data_sources\ok_county_records\ok\logan\29af
29c4fa4a-e786-41be-bde3-d26f04d8eeb4,LINCOLN,OK,\\smb.dc2isilon.na.drillinginfo.com\lease_data_entry\data_sources\ok_county_records\ok\lincoln\29c4
29d5a5f0-639c-45d9-a922-c78f56033a83,MCCLAIN,OK,\\smb.dc2isilon.na.drillinginfo.com\lease_data_entry\data_sources\ok_county_records\ok\mcclain\29d5
29dcc937-4f69-4ec3-b7f4-f046dcb743a2,WASHITA,OK,s3://enverus-courthouse-prod-chd-plants/ok/washita/29dc/29dcc937-4f69-4ec3-b7f4-f046dcb743a2.pdf
29ee6a11-4c7c-4700-9eab-eaf4fc125e14,BECKHAM,OK,\\smb.dc2isilon.na.drillinginfo.com\lease_data_entry\data_sources\ok_county_records\ok\beckham\29ee
29ffddb2-107c-48db-aa14-bd85c7572a6e,MAJOR,OK,s3://enverus-courthouse-prod-chd-plants/ok/major/29ff/29ffddb2-107c-48db-aa14-bd85c7572a6e.pdf
2a0041f0-bd03-4c32-a9fa-fa732ad3a4cc,MAJOR,OK,s3://enverus-courthouse-prod-chd-plants/ok/major/2a00/2a0041f0-bd03-4c32-a9fa-fa732ad3a4cc.pdf
2a05de9f-de61-4299-a82a-83bf1fee0736,MAJOR,OK,\\smb.dc2isilon.na.drillinginfo.com\lease_data_entry\data_sources\ok_county_records\ok\major\2a05
2a43a128-67c2-4713-8a09-b7193a26c0cb,WASHINGTON,OK,\\smb.dc2isilon.na.drillinginfo.com\lease_data_entry\data_sources\ok_county_records\ok\washington\2a43
2a686fb4-e337-4499-a4dc-8e73deed6b5b,WOODWARD,OK,s3://enverus-courthouse-prod-chd-plants/ok/woodward/2a68/2a686fb4-e337-4499-a4dc-8e73deed6b5b.pdf
2a74369f-d97f-463d-9331-78a387baff76,MCCLAIN,OK,\\smb.dc2isilon.na.drillinginfo.com\lease_data_entry\data_sources\ok_county_records\ok\mcclain\2a74
2a7816e8-9bbe-414e-8400-1bbd6dd1175d,COMANCHE,OK,\\smb.dc2isilon.na.drillinginfo.com\lease_data_entry\data_sources\ok_county_records\ok\comanche\2a78
2a97414e-706a-46c0-8eab-289d3aa7c85b,CARTER,OK,s3://enverus-courthouse-prod-chd-plants/ok/carter/2a97/2a97414e-706a-46c0-8eab-289d3aa7c85b.pdf
2a9cb572-818c-42a4-a6eb-11797da167f7,MARSHALL,OK,\\smb.dc2isilon.na.drillinginfo.com\lease_data_entry\data_sources\ok_county_records\ok\marshall\2a9c
2aa85021-0368-4348-bf7f-7525abe7136f,CARTER,OK,\\smb.dc2isilon.na.drillinginfo.com\lease_data_entry\data_sources\ok_county_records\ok\carter\2aa8
2ac02ab4-f9e5-4e4e-bd05-37db69fd7bf2,OKMULGEE,OK,\\smb.dc2isilon.na.drillinginfo.com\lease_data_entry\data_sources\ok_county_records\ok\okmulgee\2ac0
2ac1ba95-3bd8-4fbd-804d-568d515d9861,KINGFISHER,OK,\\smb.dc2isilon.na.drillinginfo.com\lease_data_entry\data_sources\ok_county_records\ok\kingfisher\2ac1
2ad924b3-d683-4d46-bbd8-15ea62f9c19e,DEWEY,OK,\\smb.dc2isilon.na.drillinginfo.com\lease_data_entry\data_sources\ok_county_records\ok\dewey\2ad9
2afebf95-2bfe-443c-b294-a5d6101fb4e2,GARVIN,OK,s3://enverus-courthouse-prod-chd-plants/ok/garvin/2afe/2afebf95-2bfe-443c-b294-a5d6101fb4e2.pdf
2b09ab3d-385b-49cd-9c1b-0796618e55ee,MURRAY,OK,\\smb.dc2isilon.na.drillinginfo.com\lease_data_entry\data_sources\ok_county_records\ok\murray\2b09
2b13fa3f-de54-40d1-a416-0862a32c1b9f,PONTOTOC,OK,\\smb.dc2isilon.na.drillinginfo.com\lease_data_entry\data_sources\ok_county_records\ok\pontotoc\2b13
2b3b2b26-a230-42fd-b07d-71e396fc1552,WOODWARD,OK,\\smb.dc2isilon.na.drillinginfo.com\lease_data_entry\data_sources\ok_county_records\ok\woodward\2b3b
2b3d20c0-2162-4f9d-9297-d49998f9e336,MCCLAIN,OK,s3://enverus-courthouse-prod-chd-plants/ok/mcclain/2b3d/2b3d20c0-2162-4f9d-9297-d49998f9e336.pdf
2b6fd7b8-6ff2-4532-b373-39d68f2b8137,LINCOLN,OK,s3://enverus-courthouse-prod-chd-plants/ok/lincoln/2b6f/2b6fd7b8-6ff2-4532-b373-39d68f2b8137.pdf
2b75b84c-2f86-4d58-beb7-6f31b91fbc76,MURRAY,OK,s3://enverus-courthouse-prod-chd-plants/ok/murray/2b75/2b75b84c-2f86-4d58-beb7-6f31b91fbc76.pdf
2b8d3584-65d8-494b-b6b9-1443995ec565,CARTER,OK,\\smb.dc2isilon.na.drillinginfo.com\lease_data_entry\data_sources\ok_county_records\ok\carter\2b8d
2b998081-265f-4d3a-91b8-1066de2967f3,MAJOR,OK,s3://enverus-courthouse-prod-chd-plants/ok/major/2b99/2b998081-265f-4d3a-91b8-1066de2967f3.pdf
2ba57078-a70f-4ea9-8b80-8da2767bc2a6,CUSTER,OK,s3://enverus-courthouse-prod-chd-plants/ok/custer/2ba5/2ba57078-a70f-4ea9-8b80-8da2767bc2a6.pdf
2bb4cbfc-32c6-467f-bca4-95eb4dd4a9a6,KINGFISHER,OK,s3://enverus-courthouse-prod-chd-plants/ok/kingfisher/2bb4/2bb4cbfc-32c6-467f-bca4-95eb4dd4a9a6.pdf
2bc18d50-0d37-435b-b461-6df9d82a583f,ROGER MILLS,OK,s3://enverus-courthouse-prod-chd-plants/ok/roger mills/2bc1/2bc18d50-0d37-435b-b461-6df9d82a583f.pdf
2bc3e67a-76f9-4f97-942c-bcde9ca77779,MCINTOSH,OK,\\smb.dc2isilon.na.drillinginfo.com\lease_data_entry\data_sources\ok_county_records\ok\mcintosh\2bc3
2be3fcfa-fa0d-49d6-b14b-5c4882fa9d4d,LOGAN,OK,s3://enverus-courthouse-prod-chd-plants/ok/logan/2be3/2be3fcfa-fa0d-49d6-b14b-5c4882fa9d4d.pdf
2be6ac3f-ba7a-4b98-a4a4-05f7fcd6bc1d,MAJOR,OK,\\smb.dc2isilon.na.drillinginfo.com\lease_data_entry\data_sources\ok_county_records\ok\major\2be6
2be6f43b-ab30-45ad-9323-870883fe7d9b,LINCOLN,OK,s3://enverus-courthouse-prod-chd-plants/ok/lincoln/2be6/2be6f43b-ab30-45ad-9323-870883fe7d9b.pdf
2bea793f-dec1-492a-9467-9bdf3b3543d1,LINCOLN,OK,s3://enverus-courthouse-prod-chd-plants/ok/lincoln/2bea/2bea793f-dec1-492a-9467-9bdf3b3543d1.pdf
2c0359ca-6578-47b4-9460-c4e873070960,MARSHALL,OK,s3://enverus-courthouse-prod-chd-plants/ok/marshall/2c03/2c0359ca-6578-47b4-9460-c4e873070960.pdf
2c038ae5-eada-410f-a028-98f6d5672e14,COAL,OK,\\smb.dc2isilon.na.drillinginfo.com\lease_data_entry\data_sources\ok_county_records\ok\coal\2c03
2c060c23-e4dd-42bb-96be-b561702ee18c,COMANCHE,OK,\\smb.dc2isilon.na.drillinginfo.com\lease_data_entry\data_sources\ok_county_records\ok\comanche\2c06
2c0b494b-be2f-4db9-87af-f89e97eda62b,CUSTER,OK,\\smb.dc2isilon.na.drillinginfo.com\lease_data_entry\data_sources\ok_county_records\ok\custer\2c0b
2c0f752d-eb03-4ea2-9cb5-c33223e7c825,KINGFISHER,OK,s3://enverus-courthouse-prod-chd-plants/ok/kingfisher/2c0f/2c0f752d-eb03-4ea2-9cb5-c33223e7c825.pdf
2c14a0b2-dd7a-43bc-9dc6-8c7c00526aa3,GARVIN,OK,s3://enverus-courthouse-prod-chd-plants/ok/garvin/2c14/2c14a0b2-dd7a-43bc-9dc6-8c7c00526aa3.pdf
2c1b0852-e005-4742-9e15-de2fef6bccd7,MCINTOSH,OK,\\smb.dc2isilon.na.drillinginfo.com\lease_data_entry\data_sources\ok_county_records\ok\mcintosh\2c1b
2c1dca39-ff43-4eed-aaec-f71a669f1370,HUGHES,OK,\\smb.dc2isilon.na.drillinginfo.com\lease_data_entry\data_sources\ok_county_records\ok\hughes\2c1d
2c31b25e-1efa-4643-876d-60328ee95d10,GARVIN,OK,s3://enverus-courthouse-prod-chd-plants/ok/garvin/2c31/2c31b25e-1efa-4643-876d-60328ee95d10.pdf
2c37d95a-d165-4ff8-ad31-e93cb0d84f07,MCCLAIN,OK,\\smb.dc2isilon.na.drillinginfo.com\lease_data_entry\data_sources\ok_county_records\ok\mcclain\2c37
2c3ef3a7-b25a-40b7-a9f6-1c5040359e61,CARTER,OK,\\smb.dc2isilon.na.drillinginfo.com\lease_data_entry\data_sources\ok_county_records\ok\carter\2c3e
2c61c365-c44e-4fa9-9c59-f808c1103f75,MCCLAIN,OK,\\smb.dc2isilon.na.drillinginfo.com\lease_data_entry\data_sources\ok_county_records\ok\mcclain\2c61
2c62254e-c4d0-4849-bfdb-e15fe281f5c3,MCCLAIN,OK,\\smb.dc2isilon.na.drillinginfo.com\lease_data_entry\data_sources\ok_county_records\ok\mcclain\2c62
2c6f9d48-7f1b-4d94-8682-648293b0e86d,MUSKOGEE,OK,\\smb.dc2isilon.na.drillinginfo.com\lease_data_entry\data_sources\ok_county_records\ok\muskogee\2c6f
2c7861d0-41c1-4f74-a330-a851145bd92f,GRANT,OK,\\smb.dc2isilon.na.drillinginfo.com\lease_data_entry\data_sources\ok_county_records\ok\grant\2c78
2c80c217-c42e-42db-929f-5130075e145d,BLAINE,OK,s3://enverus-courthouse-prod-chd-plants/ok/blaine/2c80/2c80c217-c42e-42db-929f-5130075e145d.pdf
2c9076fe-460b-4400-a25b-129afe5d3a8b,JEFFERSON,OK,s3://enverus-courthouse-prod-chd-plants/ok/jefferson/2c90/2c9076fe-460b-4400-a25b-129afe5d3a8b.pdf
2c9d2cd5-26e4-4bda-ad30-a31fbc0e5869,GRANT,OK,\\smb.dc2isilon.na.drillinginfo.com\lease_data_entry\data_sources\ok_county_records\ok\grant\2c9d
2c9f2fff-0a52-4a0d-808c-d8ec34b3432a,LOGAN,OK,\\smb.dc2isilon.na.drillinginfo.com\lease_data_entry\data_sources\ok_county_records\ok\logan\2c9f
2caa129f-543a-41dc-91cf-c910af08a9b9,ROGER MILLS,OK,s3://enverus-courthouse-prod-chd-plants/ok/roger mills/2caa/2caa129f-543a-41dc-91cf-c910af08a9b9.pdf
2cad2e7a-4781-40e6-a246-31e9f70827ef,LOVE,OK,s3://enverus-courthouse-prod-chd-plants/ok/love/2cad/2cad2e7a-4781-40e6-a246-31e9f70827ef.pdf
2caec12f-d4e1-4cd3-847f-5605919ee2f0,MAJOR,OK,s3://enverus-courthouse-prod-chd-plants/ok/major/2cae/2caec12f-d4e1-4cd3-847f-5605919ee2f0.pdf
2cb30fec-481f-4fd5-bceb-9f10a166dbd5,LOGAN,OK,\\smb.dc2isilon.na.drillinginfo.com\lease_data_entry\data_sources\ok_county_records\ok\logan\2cb3
2cca817f-61db-404d-bc4c-a93aea25b9b7,ROGER MILLS,OK,s3://enverus-courthouse-prod-chd-plants/ok/roger mills/2cca/2cca817f-61db-404d-bc4c-a93aea25b9b7.pdf
2cd0aa20-c479-4cf9-a528-80a05fd0054e,SEMINOLE,OK,\\smb.dc2isilon.na.drillinginfo.com\lease_data_entry\data_sources\ok_county_records\ok\seminole\2cd0
2cd61cae-8318-4bad-8a04-5f9ad192662d,GARVIN,OK,s3://enverus-courthouse-prod-chd-plants/ok/garvin/2cd6/2cd61cae-8318-4bad-8a04-5f9ad192662d.pdf
2cddce49-7fa3-41a2-972a-f01b82314b48,STEPHENS,OK,s3://enverus-courthouse-prod-chd-plants/ok/stephens/2cdd/2cddce49-7fa3-41a2-972a-f01b82314b48.pdf
2ceadb6f-89a4-4ca7-8d0f-0e2845bec75a,BECKHAM,OK,\\smb.dc2isilon.na.drillinginfo.com\lease_data_entry\data_sources\ok_county_records\ok\beckham\2cea
2cf33bd4-ba43-4cc2-a6cf-e20c8a8fa6f5,MARSHALL,OK,s3://enverus-courthouse-prod-chd-plants/ok/marshall/2cf3/2cf33bd4-ba43-4cc2-a6cf-e20c8a8fa6f5.pdf
2cf49824-7a1c-4d5a-864d-c12b74398e31,GRANT,OK,\\smb.dc2isilon.na.drillinginfo.com\lease_data_entry\data_sources\ok_county_records\ok\grant\2cf4
2cffe13e-8d38-4362-8030-8ae2518bb265,LINCOLN,OK,\\smb.dc2isilon.na.drillinginfo.com\lease_data_entry\data_sources\ok_county_records\ok\lincoln\2cff
2d095696-9067-4466-b36e-30f03f2e9544,LINCOLN,OK,s3://enverus-courthouse-prod-chd-plants/ok/lincoln/2d09/2d095696-9067-4466-b36e-30f03f2e9544.pdf
2d1877ad-e439-47bf-9cc9-400d2d022235,COMANCHE,OK,s3://enverus-courthouse-prod-chd-plants/ok/comanche/2d18/2d1877ad-e439-47bf-9cc9-400d2d022235.pdf
2d246487-5379-4e61-83f1-1b72eeb29f2b,WASHITA,OK,\\smb.dc2isilon.na.drillinginfo.com\lease_data_entry\data_sources\ok_county_records\ok\washita\2d24
2d26df18-6a46-4dab-9082-c9c8bdce0de2,CARTER,OK,\\smb.dc2isilon.na.drillinginfo.com\lease_data_entry\data_sources\ok_county_records\ok\carter\2d26
2d27299f-8a0c-4861-a0d6-93cce41c2396,CARTER,OK,s3://enverus-courthouse-prod-chd-plants/ok/carter/2d27/2d27299f-8a0c-4861-a0d6-93cce41c2396.pdf
2d341914-b111-446a-922f-2fffb5512007,PAWNEE,OK,\\smb.dc2isilon.na.drillinginfo.com\lease_data_entry\data_sources\ok_county_records\ok\pawnee\2d34
2d5ec07c-7442-4e28-bc8e-0b436082d2eb,LINCOLN,OK,s3://enverus-courthouse-prod-chd-plants/ok/lincoln/2d5e/2d5ec07c-7442-4e28-bc8e-0b436082d2eb.pdf
2d6c35d2-4489-42f3-8aa3-60a61ef06878,LOGAN,OK,s3://enverus-courthouse-prod-chd-plants/ok/logan/2d6c/2d6c35d2-4489-42f3-8aa3-60a61ef06878.pdf
2d7a25c9-2449-4689-8a8f-72a29446fe57,CUSTER,OK,\\smb.dc2isilon.na.drillinginfo.com\lease_data_entry\data_sources\ok_county_records\ok\custer\2d7a
2d8305d0-ead5-4ebe-a553-11cfb3ac8ff2,STEPHENS,OK,s3://enverus-courthouse-prod-chd-plants/ok/stephens/2d83/2d8305d0-ead5-4ebe-a553-11cfb3ac8ff2.pdf
2d959124-7dfc-40c7-ae7d-02b72cf62450,CIMARRON,OK,s3://enverus-courthouse-prod-chd-plants/ok/cimarron/2d95/2d959124-7dfc-40c7-ae7d-02b72cf62450.pdf
2d97bff9-ee25-4218-be32-cc3788ea4b6b,MUSKOGEE,OK,\\smb.dc2isilon.na.drillinginfo.com\lease_data_entry\data_sources\ok_county_records\ok\muskogee\2d97
2d9a12e9-d602-4c4b-be66-571c79d7f5c6,HUGHES,OK,s3://enverus-courthouse-prod-chd-plants/ok/hughes/2d9a/2d9a12e9-d602-4c4b-be66-571c79d7f5c6.pdf
2d9f99b8-9486-4da7-8f53-b695a6974d44,SEMINOLE,OK,\\smb.dc2isilon.na.drillinginfo.com\lease_data_entry\data_sources\ok_county_records\ok\seminole\2d9f
2dd8e44b-d2f9-4216-b396-79bd180e8c63,CARTER,OK,\\smb.dc2isilon.na.drillinginfo.com\lease_data_entry\data_sources\ok_county_records\ok\carter\2dd8
2de1c97d-3c29-4019-815e-c17197854b52,KIOWA,OK,s3://enverus-courthouse-prod-chd-plants/ok/kiowa/2de1/2de1c97d-3c29-4019-815e-c17197854b52.pdf
2de2d10c-867f-41b6-a0f8-cf58de2d062d,LOGAN,OK,\\smb.dc2isilon.na.drillinginfo.com\lease_data_entry\data_sources\ok_county_records\ok\logan\2de2
2df6aa40-a30e-4757-a363-c045f698e076,MAJOR,OK,s3://enverus-courthouse-prod-chd-plants/ok/major/2df6/2df6aa40-a30e-4757-a363-c045f698e076.pdf
2e208bae-5549-42ac-907a-d3980f646341,SEMINOLE,OK,s3://enverus-courthouse-prod-chd-plants/ok/seminole/2e20/2e208bae-5549-42ac-907a-d3980f646341.pdf
2e23c678-736b-4efc-b387-d192e412e71e,BECKHAM,OK,\\smb.dc2isilon.na.drillinginfo.com\lease_data_entry\data_sources\ok_county_records\ok\beckham\2e23
2e26bf53-8518-4ec1-9753-6af110d44e56,SEMINOLE,OK,s3://enverus-courthouse-prod-chd-plants/ok/seminole/2e26/2e26bf53-8518-4ec1-9753-6af110d44e56.pdf
2e5d1d78-5a07-42d3-8906-dea58dddf097,MCCLAIN,OK,s3://enverus-courthouse-prod-chd-plants/ok/mcclain/2e5d/2e5d1d78-5a07-42d3-8906-dea58dddf097.pdf
2e74c0cc-c16e-4ce8-96bb-f23981cc912a,CARTER,OK,s3://enverus-courthouse-prod-chd-plants/ok/carter/2e74/2e74c0cc-c16e-4ce8-96bb-f23981cc912a.pdf
2e77d706-c1f2-4f50-a526-6b6618cc8f02,LOGAN,OK,\\smb.dc2isilon.na.drillinginfo.com\lease_data_entry\data_sources\ok_county_records\ok\logan\2e77
2e891591-2de3-4a85-acc0-71f6904b47dc,KINGFISHER,OK,\\smb.dc2isilon.na.drillinginfo.com\lease_data_entry\data_sources\ok_county_records\ok\kingfisher\2e89
2e8c050d-0512-466c-a2e2-ddc4054c8e09,LEFLORE,OK,\\smb.dc2isilon.na.drillinginfo.com\lease_data_entry\data_sources\ok_county_records\ok\leflore\2e8c
2ea04cf4-4dc1-4d49-b640-a0e1121922ad,KINGFISHER,OK,\\smb.dc2isilon.na.drillinginfo.com\lease_data_entry\data_sources\ok_county_records\ok\kingfisher\2ea0
2ec67aef-9b18-430e-8e6a-59a344902ba1,KINGFISHER,OK,\\smb.dc2isilon.na.drillinginfo.com\lease_data_entry\data_sources\ok_county_records\ok\kingfisher\2ec6
2ecaa54d-6560-483d-8add-a673cbe7f436,LOGAN,OK,\\smb.dc2isilon.na.drillinginfo.com\lease_data_entry\data_sources\ok_county_records\ok\logan\2eca
2ecb4496-60f2-4247-8831-33ef4727ab0a,PITTSBURG,OK,s3://enverus-courthouse-prod-chd-plants/ok/pittsburg/2ecb/2ecb4496-60f2-4247-8831-33ef4727ab0a.pdf
2ed393e5-28d2-43c9-ab55-1e10b8b30dcd,BECKHAM,OK,\\smb.dc2isilon.na.drillinginfo.com\lease_data_entry\data_sources\ok_county_records\ok\beckham\2ed3
2ed79417-f0ef-47bf-8f91-4d7ec75d5cc8,MARSHALL,OK,\\smb.dc2isilon.na.drillinginfo.com\lease_data_entry\data_sources\ok_county_records\ok\marshall\2ed7
2ed87785-dfe3-4653-ae69-721bcf70d745,STEPHENS,OK,s3://enverus-courthouse-prod-chd-plants/ok/stephens/2ed8/2ed87785-dfe3-4653-ae69-721bcf70d745.pdf
2ee230e4-75aa-4d04-a469-48e72164c26a,KINGFISHER,OK,\\smb.dc2isilon.na.drillinginfo.com\lease_data_entry\data_sources\ok_county_records\ok\kingfisher\2ee2
2eea1ec9-7202-42cd-9dc3-338823045394,CARTER,OK,s3://enverus-courthouse-prod-chd-plants/ok/carter/2eea/2eea1ec9-7202-42cd-9dc3-338823045394.pdf
2f3908cd-2703-4727-9bae-68dabdc4b85b,MAJOR,OK,s3://enverus-courthouse-prod-chd-plants/ok/major/2f39/2f3908cd-2703-4727-9bae-68dabdc4b85b.pdf
2f3c4abf-0dbb-4deb-aaaa-03bcf6c9723e,CARTER,OK,\\smb.dc2isilon.na.drillinginfo.com\lease_data_entry\data_sources\ok_county_records\ok\carter\2f3c
2f46dc6e-40ec-483b-a107-d9ea9a20e5ac,GARVIN,OK,s3://enverus-courthouse-prod-chd-plants/ok/garvin/2f46/2f46dc6e-40ec-483b-a107-d9ea9a20e5ac.pdf
2f92a725-5c39-43c3-a78c-c30f3866be25,BECKHAM,OK,\\smb.dc2isilon.na.drillinginfo.com\lease_data_entry\data_sources\ok_county_records\ok\beckham\2f92
2fa47575-acc6-4aa4-b358-b7c96378649c,CARTER,OK,s3://enverus-courthouse-prod-chd-plants/ok/carter/2fa4/2fa47575-acc6-4aa4-b358-b7c96378649c.pdf
2fb7a1af-1216-4a00-a5e3-93c5a7a24c0a,GARVIN,OK,s3://enverus-courthouse-prod-chd-plants/ok/garvin/2fb7/2fb7a1af-1216-4a00-a5e3-93c5a7a24c0a.pdf
2fd417cc-4771-4a25-a47f-a81245ce9c88,COMANCHE,OK,\\smb.dc2isilon.na.drillinginfo.com\lease_data_entry\data_sources\ok_county_records\ok\comanche\2fd4
2fd53ce7-4ad2-4f18-a960-0ccb4b9a5461,MAJOR,OK,s3://enverus-courthouse-prod-chd-plants/ok/major/2fd5/2fd53ce7-4ad2-4f18-a960-0ccb4b9a5461.pdf
2fe60129-6def-40d1-a44b-f23dda2c7d88,JOHNSTON,OK,\\smb.dc2isilon.na.drillinginfo.com\lease_data_entry\data_sources\ok_county_records\ok\johnston\2fe6
2ff62fc4-b1d2-4925-8099-defeb5749691,LATIMER,OK,s3://enverus-courthouse-prod-chd-plants/ok/latimer/2ff6/2ff62fc4-b1d2-4925-8099-defeb5749691.pdf
302e28cd-2d4b-42cb-b170-b6ef3173a470,COMANCHE,OK,\\smb.dc2isilon.na.drillinginfo.com\lease_data_entry\data_sources\ok_county_records\ok\comanche\302e
303402b3-16d2-4c28-aa55-90147dd86829,SEMINOLE,OK,\\smb.dc2isilon.na.drillinginfo.com\lease_data_entry\data_sources\ok_county_records\ok\seminole\3034
3043b58f-99f2-4d4d-9f7e-8b9e37131900,ROGER MILLS,OK,s3://enverus-courthouse-prod-chd-plants/ok/roger mills/3043/3043b58f-99f2-4d4d-9f7e-8b9e37131900.pdf
3050d7ce-266a-47c6-a25e-ae7e1764fe7f,MCCLAIN,OK,s3://enverus-courthouse-prod-chd-plants/ok/mcclain/3050/3050d7ce-266a-47c6-a25e-ae7e1764fe7f.pdf
305f9c2d-5a28-4f47-b5ae-d57887664418,COAL,OK,\\smb.dc2isilon.na.drillinginfo.com\lease_data_entry\data_sources\ok_county_records\ok\coal\305f
3064678a-c702-443d-900a-97bab06b4ed7,LOGAN,OK,s3://enverus-courthouse-prod-chd-plants/ok/logan/3064/3064678a-c702-443d-900a-97bab06b4ed7.pdf
30804389-b25f-43c8-a163-81f9a933681f,CUSTER,OK,s3://enverus-courthouse-prod-chd-plants/ok/custer/3080/30804389-b25f-43c8-a163-81f9a933681f.pdf
30830beb-9fc9-4b26-aec7-5bebe47144b9,SEMINOLE,OK,\\smb.dc2isilon.na.drillinginfo.com\lease_data_entry\data_sources\ok_county_records\ok\seminole\3083
3087db9d-92e3-4358-9362-8dc4d1184a54,COMANCHE,OK,\\smb.dc2isilon.na.drillinginfo.com\lease_data_entry\data_sources\ok_county_records\ok\comanche\3087
3090811d-6a0a-4751-80e6-3c444759b11f,SEMINOLE,OK,s3://enverus-courthouse-prod-chd-plants/ok/seminole/3090/3090811d-6a0a-4751-80e6-3c444759b11f.pdf
30a750f2-8878-484a-b1e3-cdee43698650,CUSTER,OK,s3://enverus-courthouse-prod-chd-plants/ok/custer/30a7/30a750f2-8878-484a-b1e3-cdee43698650.pdf
30af17aa-aa42-44ed-a662-80b34a52fed0,STEPHENS,OK,s3://enverus-courthouse-prod-chd-plants/ok/stephens/30af/30af17aa-aa42-44ed-a662-80b34a52fed0.pdf
30c2d66e-188f-4c0b-bc1d-16d784e05b77,OKMULGEE,OK,\\smb.dc2isilon.na.drillinginfo.com\lease_data_entry\data_sources\ok_county_records\ok\okmulgee\30c2
30c8ce91-3c63-4cfb-be80-2c760bc06b2d,ROGER MILLS,OK,s3://enverus-courthouse-prod-chd-plants/ok/roger mills/30c8/30c8ce91-3c63-4cfb-be80-2c760bc06b2d.pdf
30d70620-8179-447d-96d5-0e5f12db7da2,LOGAN,OK,s3://enverus-courthouse-prod-chd-plants/ok/logan/30d7/30d70620-8179-447d-96d5-0e5f12db7da2.pdf
30e058d2-bb78-435e-84bf-5d4fb3b2728d,TEXAS,OK,s3://enverus-courthouse-prod-chd-plants/ok/texas/30e0/30e058d2-bb78-435e-84bf-5d4fb3b2728d.pdf
30f6ad46-eb56-4996-8702-cc08221c8fdb,SEMINOLE,OK,\\smb.dc2isilon.na.drillinginfo.com\lease_data_entry\data_sources\ok_county_records\ok\seminole\30f6
30fb5dd5-deff-4c30-9fb4-6d05b1cc2029,MAJOR,OK,s3://enverus-courthouse-prod-chd-plants/ok/major/30fb/30fb5dd5-deff-4c30-9fb4-6d05b1cc2029.pdf
3120c5b3-b21a-4190-ae0a-63e05058eb85,MCCLAIN,OK,s3://enverus-courthouse-prod-chd-plants/ok/mcclain/3120/3120c5b3-b21a-4190-ae0a-63e05058eb85.pdf
3134b7e9-56a1-4f50-80b6-da79a761fd4e,KINGFISHER,OK,\\smb.dc2isilon.na.drillinginfo.com\lease_data_entry\data_sources\ok_county_records\ok\kingfisher\3134
31427352-1fd0-4f40-9933-5c175155dd16,LINCOLN,OK,s3://enverus-courthouse-prod-chd-plants/ok/lincoln/3142/31427352-1fd0-4f40-9933-5c175155dd16.pdf
3143ec54-fcf3-4d2e-931f-7304b7a47cca,ELLIS,OK,s3://enverus-courthouse-prod-chd-plants/ok/ellis/3143/3143ec54-fcf3-4d2e-931f-7304b7a47cca.pdf
315b41a9-71ae-4465-ba0a-26984e206d7d,COMANCHE,OK,\\smb.dc2isilon.na.drillinginfo.com\lease_data_entry\data_sources\ok_county_records\ok\comanche\315b
315e84fe-5814-48e5-a7bd-332aa6e5840a,BLAINE,OK,s3://enverus-courthouse-prod-chd-plants/ok/blaine/315e/315e84fe-5814-48e5-a7bd-332aa6e5840a.pdf
316bf2c2-d860-40b2-81d3-545e030040eb,HUGHES,OK,s3://enverus-courthouse-prod-chd-plants/ok/hughes/316b/316bf2c2-d860-40b2-81d3-545e030040eb.pdf
3173d3d4-5301-4f71-b663-d0537cb18507,CARTER,OK,s3://enverus-courthouse-prod-chd-plants/ok/carter/3173/3173d3d4-5301-4f71-b663-d0537cb18507.pdf
317a7e07-0c38-42f6-b38f-9fb4f4db08d7,ELLIS,OK,s3://enverus-courthouse-prod-chd-plants/ok/ellis/317a/317a7e07-0c38-42f6-b38f-9fb4f4db08d7.pdf
3191a0ec-cad9-4b33-b233-9a2b60e9ca8b,BLAINE,OK,s3://enverus-courthouse-prod-chd-plants/ok/blaine/3191/3191a0ec-cad9-4b33-b233-9a2b60e9ca8b.pdf
31934c5c-c27d-4783-93ac-313de136e86e,BECKHAM,OK,\\smb.dc2isilon.na.drillinginfo.com\lease_data_entry\data_sources\ok_county_records\ok\beckham\3193
31976d20-048b-4294-b5f5-096a4349e9b1,BLAINE,OK,s3://enverus-courthouse-prod-chd-plants/ok/blaine/3197/31976d20-048b-4294-b5f5-096a4349e9b1.pdf
31aa8aba-5a80-4eb7-9a92-25025c0c4a78,LEFLORE,OK,\\smb.dc2isilon.na.drillinginfo.com\lease_data_entry\data_sources\ok_county_records\ok\leflore\31aa
31af10f4-be3c-469d-993a-df777cbe9445,ROGER MILLS,OK,s3://enverus-courthouse-prod-chd-plants/ok/roger mills/31af/31af10f4-be3c-469d-993a-df777cbe9445.pdf
31b9d0f1-7adb-43c9-874d-cf82fbef218f,SEMINOLE,OK,s3://enverus-courthouse-prod-chd-plants/ok/seminole/31b9/31b9d0f1-7adb-43c9-874d-cf82fbef218f.pdf
31c7cb22-fc53-49d1-96de-d61ac7228f84,COMANCHE,OK,\\smb.dc2isilon.na.drillinginfo.com\lease_data_entry\data_sources\ok_county_records\ok\comanche\31c7
31cd7f9f-30cc-4e56-a7b0-0787505be89d,CUSTER,OK,\\smb.dc2isilon.na.drillinginfo.com\lease_data_entry\data_sources\ok_county_records\ok\custer\31cd
31d11f96-598c-4eda-b06e-601b926b73f0,BECKHAM,OK,\\smb.dc2isilon.na.drillinginfo.com\lease_data_entry\data_sources\ok_county_records\ok\beckham\31d1
31d7d983-89cd-4be3-8723-936472513dc4,KINGFISHER,OK,s3://enverus-courthouse-prod-chd-plants/ok/kingfisher/31d7/31d7d983-89cd-4be3-8723-936472513dc4.pdf
31da1c1e-00a6-4d67-80df-063befe023cf,COMANCHE,OK,\\smb.dc2isilon.na.drillinginfo.com\lease_data_entry\data_sources\ok_county_records\ok\comanche\31da
31ddac50-d661-4d48-8fc4-f223a7325b15,CARTER,OK,s3://enverus-courthouse-prod-chd-plants/ok/carter/31dd/31ddac50-d661-4d48-8fc4-f223a7325b15.pdf
31de8916-a716-4f10-8319-46da8ba0647f,ROGER MILLS,OK,s3://enverus-courthouse-prod-chd-plants/ok/roger mills/31de/31de8916-a716-4f10-8319-46da8ba0647f.pdf
31e24251-e867-4bb7-ac5d-1c04d75a1898,GARVIN,OK,\\smb.dc2isilon.na.drillinginfo.com\lease_data_entry\data_sources\ok_county_records\ok\garvin\31e2
31f2a6b7-0f0d-4a57-a17c-dfa276a8f047,MCCLAIN,OK,\\smb.dc2isilon.na.drillinginfo.com\lease_data_entry\data_sources\ok_county_records\ok\mcclain\31f2
31f774ab-206e-47c8-a8f6-b0252cf66749,LOVE,OK,s3://enverus-courthouse-prod-chd-plants/ok/love/31f7/31f774ab-206e-47c8-a8f6-b0252cf66749.pdf
31f842fa-0fd7-4f8d-9d79-f8ae1e99da34,ROGER MILLS,OK,s3://enverus-courthouse-prod-chd-plants/ok/roger mills/31f8/31f842fa-0fd7-4f8d-9d79-f8ae1e99da34.pdf
31fbf7d3-47d9-4288-91f3-0fc76e5d9172,LOGAN,OK,s3://enverus-courthouse-prod-chd-plants/ok/logan/31fb/31fbf7d3-47d9-4288-91f3-0fc76e5d9172.pdf
32004d6f-17de-4bc6-b434-d121ee9c0057,WASHINGTON,OK,\\smb.dc2isilon.na.drillinginfo.com\lease_data_entry\data_sources\ok_county_records\ok\washington\3200
320643ac-e9fe-437a-b6ca-3a99a1201c26,LEFLORE,OK,\\smb.dc2isilon.na.drillinginfo.com\lease_data_entry\data_sources\ok_county_records\ok\leflore\3206
32337777-631e-4827-be79-04c87c7d22a6,MUSKOGEE,OK,\\smb.dc2isilon.na.drillinginfo.com\lease_data_entry\data_sources\ok_county_records\ok\muskogee\3233
323cb15a-2e7c-4af2-b3f5-3db69c712295,STEPHENS,OK,\\smb.dc2isilon.na.drillinginfo.com\lease_data_entry\data_sources\ok_county_records\ok\stephens\323c
32554f76-3011-4b71-b12e-08f55575fb1d,GRANT,OK,\\smb.dc2isilon.na.drillinginfo.com\lease_data_entry\data_sources\ok_county_records\ok\grant\3255
32639818-7cbf-4693-8023-88962c5df030,LEFLORE,OK,s3://enverus-courthouse-prod-chd-plants/ok/leflore/3263/32639818-7cbf-4693-8023-88962c5df030.pdf
3265a66d-87aa-4a3d-a201-789dde174467,KINGFISHER,OK,s3://enverus-courthouse-prod-chd-plants/ok/kingfisher/3265/3265a66d-87aa-4a3d-a201-789dde174467.pdf
328b5da3-c72e-41ae-9909-2f8eefa0ecca,BECKHAM,OK,\\smb.dc2isilon.na.drillinginfo.com\lease_data_entry\data_sources\ok_county_records\ok\beckham\328b
328f4a65-845b-46cc-801b-92952f4dc715,ELLIS,OK,s3://enverus-courthouse-prod-chd-plants/ok/ellis/328f/328f4a65-845b-46cc-801b-92952f4dc715.pdf
3296b04e-2135-4e25-96c9-83abb6c89687,CUSTER,OK,s3://enverus-courthouse-prod-chd-plants/ok/custer/3296/3296b04e-2135-4e25-96c9-83abb6c89687.pdf
32a0d2ee-ecba-442e-b83e-9969ef6862f1,WASHINGTON,OK,\\smb.dc2isilon.na.drillinginfo.com\lease_data_entry\data_sources\ok_county_records\ok\washington\32a0
32b01e88-a725-4076-bcce-94c393ac5405,MURRAY,OK,\\smb.dc2isilon.na.drillinginfo.com\lease_data_entry\data_sources\ok_county_records\ok\murray\32b0
32bcb112-9a5d-4bf7-82af-0de779f9207a,CARTER,OK,\\smb.dc2isilon.na.drillinginfo.com\lease_data_entry\data_sources\ok_county_records\ok\carter\32bc
32bf5343-f8c4-4cb0-b4cb-a544c3040314,HUGHES,OK,s3://enverus-courthouse-prod-chd-plants/ok/hughes/32bf/32bf5343-f8c4-4cb0-b4cb-a544c3040314.pdf
32cd9d15-1a11-4714-ac54-84000af5d13f,COMANCHE,OK,\\smb.dc2isilon.na.drillinginfo.com\lease_data_entry\data_sources\ok_county_records\ok\comanche\32cd
32e77ffb-e5d5-4381-8f7a-af79e22457f9,OKMULGEE,OK,\\smb.dc2isilon.na.drillinginfo.com\lease_data_entry\data_sources\ok_county_records\ok\okmulgee\32e7
32e95279-43b2-4a7c-bc2b-65736e0489a2,GARVIN,OK,s3://enverus-courthouse-prod-chd-plants/ok/garvin/32e9/32e95279-43b2-4a7c-bc2b-65736e0489a2.pdf
32eb5818-d8f0-4264-81cc-d7b13792d7ca,STEPHENS,OK,s3://enverus-courthouse-prod-chd-plants/ok/stephens/32eb/32eb5818-d8f0-4264-81cc-d7b13792d7ca.pdf
32edbe3d-fe18-4588-8237-b804050899be,MCCLAIN,OK,\\smb.dc2isilon.na.drillinginfo.com\lease_data_entry\data_sources\ok_county_records\ok\mcclain\32ed
32ef4b3b-0bbe-4b41-9cf4-66e01799c13d,LOGAN,OK,\\smb.dc2isilon.na.drillinginfo.com\lease_data_entry\data_sources\ok_county_records\ok\logan\32ef
32f2f1e7-da84-4cf9-a719-563a85d9d746,BECKHAM,OK,\\smb.dc2isilon.na.drillinginfo.com\lease_data_entry\data_sources\ok_county_records\ok\beckham\32f2
3301a619-993a-4e6e-90e1-e72c41de720c,SEMINOLE,OK,\\smb.dc2isilon.na.drillinginfo.com\lease_data_entry\data_sources\ok_county_records\ok\seminole\3301
332f33f8-7140-49cd-89f8-21d0d08a2402,SEMINOLE,OK,\\smb.dc2isilon.na.drillinginfo.com\lease_data_entry\data_sources\ok_county_records\ok\seminole\332f
33343c9c-1cb7-4fb5-87db-6e2d7a2dc793,CARTER,OK,\\smb.dc2isilon.na.drillinginfo.com\lease_data_entry\data_sources\ok_county_records\ok\carter\3334
334b9ae2-0d32-4ab1-82af-7c40672cf7f2,CARTER,OK,\\smb.dc2isilon.na.drillinginfo.com\lease_data_entry\data_sources\ok_county_records\ok\carter\334b
334eb760-a515-404d-a9b3-136514acaec6,LOVE,OK,\\smb.dc2isilon.na.drillinginfo.com\lease_data_entry\data_sources\ok_county_records\ok\love\334e
336f22ae-fc62-4bf8-88d5-3d4b52fcd493,BECKHAM,OK,\\smb.dc2isilon.na.drillinginfo.com\lease_data_entry\data_sources\ok_county_records\ok\beckham\336f
33770500-cc8f-4120-8239-4db9ab875de5,ROGER MILLS,OK,\\smb.dc2isilon.na.drillinginfo.com\lease_data_entry\data_sources\ok_county_records\ok\roger mills\3377
337ec49a-b7d8-42e4-847c-9c31459f2109,COMANCHE,OK,\\smb.dc2isilon.na.drillinginfo.com\lease_data_entry\data_sources\ok_county_records\ok\comanche\337e
339971e3-3525-4132-9819-fb40fb45336e,ELLIS,OK,s3://enverus-courthouse-prod-chd-plants/ok/ellis/3399/339971e3-3525-4132-9819-fb40fb45336e.pdf
33c0740d-eb3e-406a-a201-698715946848,LEFLORE,OK,s3://enverus-courthouse-prod-chd-plants/ok/leflore/33c0/33c0740d-eb3e-406a-a201-698715946848.pdf
33c87d6d-ac39-4dcd-86ce-0ec4f8ac971a,MAJOR,OK,\\smb.dc2isilon.na.drillinginfo.com\lease_data_entry\data_sources\ok_county_records\ok\major\33c8
33c9707b-8e3d-4d9d-9398-a5a74c7323bc,LATIMER,OK,s3://enverus-courthouse-prod-chd-plants/ok/latimer/33c9/33c9707b-8e3d-4d9d-9398-a5a74c7323bc.pdf
33cfcaf3-ba31-47ea-b3b4-1cc6195a6856,SEMINOLE,OK,\\smb.dc2isilon.na.drillinginfo.com\lease_data_entry\data_sources\ok_county_records\ok\seminole\33cf
33f4f100-6eb3-48d8-b4b9-2b5591b04f96,LOVE,OK,s3://enverus-courthouse-prod-chd-plants/ok/love/33f4/33f4f100-6eb3-48d8-b4b9-2b5591b04f96.pdf
33f9d4e2-76f2-4780-b8ed-88a89d7d3ab9,COMANCHE,OK,\\smb.dc2isilon.na.drillinginfo.com\lease_data_entry\data_sources\ok_county_records\ok\comanche\33f9
340bd143-0fad-4eb1-85ab-c406ea149204,COAL,OK,s3://enverus-courthouse-prod-chd-plants/ok/coal/340b/340bd143-0fad-4eb1-85ab-c406ea149204.pdf
341acf80-8e7f-48f4-8598-b38ad920280c,SEMINOLE,OK,s3://enverus-courthouse-prod-chd-plants/ok/seminole/341a/341acf80-8e7f-48f4-8598-b38ad920280c.pdf
341e7db4-6162-4af2-9f37-5448ce9ea220,CARTER,OK,\\smb.dc2isilon.na.drillinginfo.com\lease_data_entry\data_sources\ok_county_records\ok\carter\341e
3428ebe3-5408-4552-8e9a-e9a56457d2d3,MAJOR,OK,\\smb.dc2isilon.na.drillinginfo.com\lease_data_entry\data_sources\ok_county_records\ok\major\3428
3439993c-18d9-4a17-9f5b-c76dc4f2c2e0,CUSTER,OK,s3://enverus-courthouse-prod-chd-plants/ok/custer/3439/3439993c-18d9-4a17-9f5b-c76dc4f2c2e0.pdf
3447c144-0ca8-477b-a75a-a18008a40fa6,MAJOR,OK,\\smb.dc2isilon.na.drillinginfo.com\lease_data_entry\data_sources\ok_county_records\ok\major\3447
34488eef-1e0f-4a40-a15c-4e7814f1d54e,PITTSBURG,OK,s3://enverus-courthouse-prod-chd-plants/ok/pittsburg/3448/34488eef-1e0f-4a40-a15c-4e7814f1d54e.pdf
3450a601-36b8-4e51-9a18-d0e079ef20eb,CARTER,OK,s3://enverus-courthouse-prod-chd-plants/ok/carter/3450/3450a601-36b8-4e51-9a18-d0e079ef20eb.pdf
3461a478-dbf0-4ca0-9191-e32b2eed3186,MAJOR,OK,s3://enverus-courthouse-prod-chd-plants/ok/major/3461/3461a478-dbf0-4ca0-9191-e32b2eed3186.pdf
3462c17f-5c7c-4152-bc8c-ae1ef3df1d91,CARTER,OK,s3://enverus-courthouse-prod-chd-plants/ok/carter/3462/3462c17f-5c7c-4152-bc8c-ae1ef3df1d91.pdf
346bc0ff-29af-4a20-92f7-20f33aeb412c,BECKHAM,OK,\\smb.dc2isilon.na.drillinginfo.com\lease_data_entry\data_sources\ok_county_records\ok\beckham\346b
347854f0-499a-435d-950e-988d6588cb2a,BECKHAM,OK,\\smb.dc2isilon.na.drillinginfo.com\lease_data_entry\data_sources\ok_county_records\ok\beckham\3478
347b3eb0-a3fe-46ec-a439-c80aedfc49c5,LOGAN,OK,\\smb.dc2isilon.na.drillinginfo.com\lease_data_entry\data_sources\ok_county_records\ok\logan\347b
3487fa27-4ec6-4595-8a85-13114f7811ef,SEMINOLE,OK,s3://enverus-courthouse-prod-chd-plants/ok/seminole/3487/3487fa27-4ec6-4595-8a85-13114f7811ef.pdf
34b383bb-4554-44f6-90e3-33cb2554933b,KINGFISHER,OK,s3://enverus-courthouse-prod-chd-plants/ok/kingfisher/34b3/34b383bb-4554-44f6-90e3-33cb2554933b.pdf
34bcb1d1-ba38-4d04-ab57-55cb776e0198,LOVE,OK,s3://enverus-courthouse-prod-chd-plants/ok/love/34bc/34bcb1d1-ba38-4d04-ab57-55cb776e0198.pdf
34c4cf64-5549-478c-acb7-293e41cd19c5,TEXAS,OK,\\smb.dc2isilon.na.drillinginfo.com\lease_data_entry\data_sources\ok_county_records\ok\texas\34c4
34d8e99c-06f0-4a3f-8e9a-04cb4d6b57c1,LEFLORE,OK,s3://enverus-courthouse-prod-chd-plants/ok/leflore/34d8/34d8e99c-06f0-4a3f-8e9a-04cb4d6b57c1.pdf
34daf4e1-de7f-4d7f-83d0-2ebe8b76ec68,GARVIN,OK,s3://enverus-courthouse-prod-chd-plants/ok/garvin/34da/34daf4e1-de7f-4d7f-83d0-2ebe8b76ec68.pdf
34f758fe-cc72-480a-8afb-5d44185bac0e,LOGAN,OK,\\smb.dc2isilon.na.drillinginfo.com\lease_data_entry\data_sources\ok_county_records\ok\logan\34f7
34f79748-c978-4afd-a0ab-5e54c83ac041,STEPHENS,OK,\\smb.dc2isilon.na.drillinginfo.com\lease_data_entry\data_sources\ok_county_records\ok\stephens\34f7
34fb7260-f9de-4ba9-84d9-1c8e9ee7f28a,BLAINE,OK,\\smb.dc2isilon.na.drillinginfo.com\lease_data_entry\data_sources\ok_county_records\ok\blaine\34fb
35038df0-50ff-4d15-abd0-4cfe4f8aae74,CARTER,OK,s3://enverus-courthouse-prod-chd-plants/ok/carter/3503/35038df0-50ff-4d15-abd0-4cfe4f8aae74.pdf
3514c300-2ccc-4c75-9684-02533dc987a0,SEMINOLE,OK,\\smb.dc2isilon.na.drillinginfo.com\lease_data_entry\data_sources\ok_county_records\ok\seminole\3514
351dc330-fcb4-4d54-ab6f-0487cc96cfe7,ROGER MILLS,OK,s3://enverus-courthouse-prod-chd-plants/ok/roger mills/351d/351dc330-fcb4-4d54-ab6f-0487cc96cfe7.pdf
3531a19c-e5a6-4b6f-979a-308f2f21ff56,ELLIS,OK,s3://enverus-courthouse-prod-chd-plants/ok/ellis/3531/3531a19c-e5a6-4b6f-979a-308f2f21ff56.pdf
3547572d-46e6-449e-af87-1114e74f58ca,KAY,OK,\\smb.dc2isilon.na.drillinginfo.com\lease_data_entry\data_sources\ok_county_records\ok\kay\3547
354c2833-aa47-4101-932f-7c9535ba278c,WOODWARD,OK,s3://enverus-courthouse-prod-chd-plants/ok/woodward/354c/354c2833-aa47-4101-932f-7c9535ba278c.pdf
354ec013-cc28-4fa6-899a-9370c466781c,CUSTER,OK,\\smb.dc2isilon.na.drillinginfo.com\lease_data_entry\data_sources\ok_county_records\ok\custer\354e
35512c71-2684-4793-b7d1-ccf8b8c9a9da,COMANCHE,OK,\\smb.dc2isilon.na.drillinginfo.com\lease_data_entry\data_sources\ok_county_records\ok\comanche\3551
355bedf4-060f-40a2-adc6-28d6834f3aff,LINCOLN,OK,\\smb.dc2isilon.na.drillinginfo.com\lease_data_entry\data_sources\ok_county_records\ok\lincoln\355b
355edfb1-3e20-45d1-8e23-c2b8a29fa4d8,LINCOLN,OK,s3://enverus-courthouse-prod-chd-plants/ok/lincoln/355e/355edfb1-3e20-45d1-8e23-c2b8a29fa4d8.pdf
3580587c-8751-491f-b073-e5c3c09ca7aa,MAJOR,OK,\\smb.dc2isilon.na.drillinginfo.com\lease_data_entry\data_sources\ok_county_records\ok\major\3580
35899229-c4ad-459d-963b-659d9ed86a73,MAJOR,OK,\\smb.dc2isilon.na.drillinginfo.com\lease_data_entry\data_sources\ok_county_records\ok\major\3589
358ac5c8-48d2-4aea-9750-8d1961c65a9f,MURRAY,OK,\\smb.dc2isilon.na.drillinginfo.com\lease_data_entry\data_sources\ok_county_records\ok\murray\358a
358ce4a1-f53c-4036-9127-c813c24f884e,STEPHENS,OK,s3://enverus-courthouse-prod-chd-plants/ok/stephens/358c/358ce4a1-f53c-4036-9127-c813c24f884e.pdf
3592884c-61b4-4fee-bf91-026d57aad215,STEPHENS,OK,s3://enverus-courthouse-prod-chd-plants/ok/stephens/3592/3592884c-61b4-4fee-bf91-026d57aad215.pdf
35b18e90-6566-40b3-ba18-4d87fdf8f22a,MCCLAIN,OK,s3://enverus-courthouse-prod-chd-plants/ok/mcclain/35b1/35b18e90-6566-40b3-ba18-4d87fdf8f22a.pdf
35b56275-846f-4842-99e8-567476280116,CUSTER,OK,s3://enverus-courthouse-prod-chd-plants/ok/custer/35b5/35b56275-846f-4842-99e8-567476280116.pdf
35c23d86-5c0a-4c03-9ebd-6ddc0eae03c7,CARTER,OK,\\smb.dc2isilon.na.drillinginfo.com\lease_data_entry\data_sources\ok_county_records\ok\carter\35c2
35d04d2a-4e0f-4c7d-855d-4a7f0e123f2a,LOVE,OK,s3://enverus-courthouse-prod-chd-plants/ok/love/35d0/35d04d2a-4e0f-4c7d-855d-4a7f0e123f2a.pdf
35d6f683-3151-4121-9b16-7853554436cd,TEXAS,OK,\\smb.dc2isilon.na.drillinginfo.com\lease_data_entry\data_sources\ok_county_records\ok\texas\35d6
35de5f8c-fc06-41ce-bd06-42f7bb1daa48,ROGER MILLS,OK,\\smb.dc2isilon.na.drillinginfo.com\lease_data_entry\data_sources\ok_county_records\ok\roger mills\35de
35f0f282-f52e-449a-90b8-152297d6c7e0,BLAINE,OK,\\smb.dc2isilon.na.drillinginfo.com\lease_data_entry\data_sources\ok_county_records\ok\blaine\35f0
35f4da46-49f8-4f58-84cb-0ec7adf31f17,LOGAN,OK,s3://enverus-courthouse-prod-chd-plants/ok/logan/35f4/35f4da46-49f8-4f58-84cb-0ec7adf31f17.pdf
36019def-dc97-4a40-8f7d-6a408851c053,SEMINOLE,OK,s3://enverus-courthouse-prod-chd-plants/ok/seminole/3601/36019def-dc97-4a40-8f7d-6a408851c053.pdf
36127155-6754-4a42-bc7d-b9d29bd6a58e,LEFLORE,OK,\\smb.dc2isilon.na.drillinginfo.com\lease_data_entry\data_sources\ok_county_records\ok\leflore\3612
3640f3f0-bc92-4dca-a08e-a9dba346ea0d,COMANCHE,OK,\\smb.dc2isilon.na.drillinginfo.com\lease_data_entry\data_sources\ok_county_records\ok\comanche\3640
36415ebb-194d-45df-90d3-f23521435e45,LOGAN,OK,s3://enverus-courthouse-prod-chd-plants/ok/logan/3641/36415ebb-194d-45df-90d3-f23521435e45.pdf
3645a19a-745f-4b86-92dd-ae59f8b006f6,SEMINOLE,OK,\\smb.dc2isilon.na.drillinginfo.com\lease_data_entry\data_sources\ok_county_records\ok\seminole\3645
364d70f5-bb96-472c-930c-65c565438816,BLAINE,OK,\\smb.dc2isilon.na.drillinginfo.com\lease_data_entry\data_sources\ok_county_records\ok\blaine\364d
36502db6-5c0c-49f3-b12d-ccbc8fd31996,PAWNEE,OK,\\smb.dc2isilon.na.drillinginfo.com\lease_data_entry\data_sources\ok_county_records\ok\pawnee\3650
3653188a-758d-493e-a8a7-9d430297b60c,KINGFISHER,OK,\\smb.dc2isilon.na.drillinginfo.com\lease_data_entry\data_sources\ok_county_records\ok\kingfisher\3653
36710802-5985-43be-a4ec-a82e13f4cfa2,LINCOLN,OK,\\smb.dc2isilon.na.drillinginfo.com\lease_data_entry\data_sources\ok_county_records\ok\lincoln\3671
3693c094-caf2-491b-bd0a-b69fac722be2,COMANCHE,OK,\\smb.dc2isilon.na.drillinginfo.com\lease_data_entry\data_sources\ok_county_records\ok\comanche\3693
369479c7-dfdf-4275-af42-42ad5c538548,BECKHAM,OK,\\smb.dc2isilon.na.drillinginfo.com\lease_data_entry\data_sources\ok_county_records\ok\beckham\3694
36a77323-d198-4fd2-a574-0b7a8c140c01,ELLIS,OK,s3://enverus-courthouse-prod-chd-plants/ok/ellis/36a7/36a77323-d198-4fd2-a574-0b7a8c140c01.pdf
36b34277-5974-4486-8237-1e57ad3fb7ab,BECKHAM,OK,\\smb.dc2isilon.na.drillinginfo.com\lease_data_entry\data_sources\ok_county_records\ok\beckham\36b3
36b388c3-8bd1-4e08-9d11-50fc9b6ca02e,ROGER MILLS,OK,s3://enverus-courthouse-prod-chd-plants/ok/roger mills/36b3/36b388c3-8bd1-4e08-9d11-50fc9b6ca02e.pdf
36bd076c-c985-48f5-94ba-d6e0001da96e,MARSHALL,OK,s3://enverus-courthouse-prod-chd-plants/ok/marshall/36bd/36bd076c-c985-48f5-94ba-d6e0001da96e.pdf
36d621db-9a3b-49c7-b80e-38f850e1b997,LEFLORE,OK,s3://enverus-courthouse-prod-chd-plants/ok/leflore/36d6/36d621db-9a3b-49c7-b80e-38f850e1b997.pdf
36f9832b-36d4-492e-9cb3-2e71ac9e4e6c,LOGAN,OK,\\smb.dc2isilon.na.drillinginfo.com\lease_data_entry\data_sources\ok_county_records\ok\logan\36f9
3717952f-de1f-4ec1-85fd-b43376e9236a,OKMULGEE,OK,\\smb.dc2isilon.na.drillinginfo.com\lease_data_entry\data_sources\ok_county_records\ok\okmulgee\3717
371d990b-b42c-42bf-84da-193ab1908df3,MAJOR,OK,\\smb.dc2isilon.na.drillinginfo.com\lease_data_entry\data_sources\ok_county_records\ok\major\371d
373b44f4-359b-4112-a580-24ec8e0f450e,SEMINOLE,OK,\\smb.dc2isilon.na.drillinginfo.com\lease_data_entry\data_sources\ok_county_records\ok\seminole\373b
374e07ed-c27b-45e4-8c5c-04e4d072c7ba,CARTER,OK,s3://enverus-courthouse-prod-chd-plants/ok/carter/374e/374e07ed-c27b-45e4-8c5c-04e4d072c7ba.pdf
37544c43-edbd-4c01-afb5-f2e7b5292fc5,BECKHAM,OK,s3://enverus-courthouse-prod-chd-plants/ok/beckham/3754/37544c43-edbd-4c01-afb5-f2e7b5292fc5.pdf
376b1d88-f86c-44f5-821e-4d0b379eba65,SEMINOLE,OK,s3://enverus-courthouse-prod-chd-plants/ok/seminole/376b/376b1d88-f86c-44f5-821e-4d0b379eba65.pdf
3780cff8-bff1-43d4-9461-c478c6f6e39c,CARTER,OK,s3://enverus-courthouse-prod-chd-plants/ok/carter/3780/3780cff8-bff1-43d4-9461-c478c6f6e39c.pdf
37989257-79ba-4e1b-affb-7972fe8314dc,LOGAN,OK,\\smb.dc2isilon.na.drillinginfo.com\lease_data_entry\data_sources\ok_county_records\ok\logan\3798
37997902-d4f3-4d2e-b03b-c8f89beeb589,LOGAN,OK,\\smb.dc2isilon.na.drillinginfo.com\lease_data_entry\data_sources\ok_county_records\ok\logan\3799
379a738f-f463-4416-8f3c-220ad3ddaafa,MCCLAIN,OK,s3://enverus-courthouse-prod-chd-plants/ok/mcclain/379a/379a738f-f463-4416-8f3c-220ad3ddaafa.pdf
37a077ca-3d83-4bb5-b5f5-5cd6d6135b81,KINGFISHER,OK,s3://enverus-courthouse-prod-chd-plants/ok/kingfisher/37a0/37a077ca-3d83-4bb5-b5f5-5cd6d6135b81.pdf
37ab36eb-b54b-4a8f-8b78-a5a63e3e8912,CUSTER,OK,s3://enverus-courthouse-prod-chd-plants/ok/custer/37ab/37ab36eb-b54b-4a8f-8b78-a5a63e3e8912.pdf
37ab64be-cc8f-40dd-87f2-8300335e8bdc,COMANCHE,OK,\\smb.dc2isilon.na.drillinginfo.com\lease_data_entry\data_sources\ok_county_records\ok\comanche\37ab
37b2878a-ee4d-42b7-ad33-7bfaa177a9fa,BECKHAM,OK,\\smb.dc2isilon.na.drillinginfo.com\lease_data_entry\data_sources\ok_county_records\ok\beckham\37b2
37b81e73-1e6c-4205-afe2-175566087b2e,MAJOR,OK,s3://enverus-courthouse-prod-chd-plants/ok/major/37b8/37b81e73-1e6c-4205-afe2-175566087b2e.pdf
37fb1a04-72c3-43fb-8d2a-97537cf98e07,OKMULGEE,OK,\\smb.dc2isilon.na.drillinginfo.com\lease_data_entry\data_sources\ok_county_records\ok\okmulgee\37fb
38072081-5468-4565-a2e9-76f5852d834e,SEMINOLE,OK,\\smb.dc2isilon.na.drillinginfo.com\lease_data_entry\data_sources\ok_county_records\ok\seminole\3807
380e0c5a-6f1c-4678-8e19-7b375514c064,LOGAN,OK,\\smb.dc2isilon.na.drillinginfo.com\lease_data_entry\data_sources\ok_county_records\ok\logan\380e
38144f3a-8987-43fa-b456-850cae17222f,BECKHAM,OK,\\smb.dc2isilon.na.drillinginfo.com\lease_data_entry\data_sources\ok_county_records\ok\beckham\3814
381c96f4-b509-4842-a284-c2f4c73fa264,PITTSBURG,OK,s3://enverus-courthouse-prod-chd-plants/ok/pittsburg/381c/381c96f4-b509-4842-a284-c2f4c73fa264.pdf
38208443-f382-4d49-b270-4a6407f99fc7,KAY,OK,s3://enverus-courthouse-prod-chd-plants/ok/kay/3820/38208443-f382-4d49-b270-4a6407f99fc7.pdf
382266d3-e5ca-4d57-b53c-e4483594e1ae,CUSTER,OK,s3://enverus-courthouse-prod-chd-plants/ok/custer/3822/382266d3-e5ca-4d57-b53c-e4483594e1ae.pdf
386400e0-e4fd-470d-8f09-13ab3acdb0b2,CARTER,OK,s3://enverus-courthouse-prod-chd-plants/ok/carter/3864/386400e0-e4fd-470d-8f09-13ab3acdb0b2.pdf
387d51de-fcb3-4d73-964f-bc07048e26bf,SEMINOLE,OK,\\smb.dc2isilon.na.drillinginfo.com\lease_data_entry\data_sources\ok_county_records\ok\seminole\387d
388769cc-84eb-4d5d-bf46-e727ae39e2a8,COAL,OK,\\smb.dc2isilon.na.drillinginfo.com\lease_data_entry\data_sources\ok_county_records\ok\coal\3887
38992ad0-830c-4c16-9b9a-07954f5c852b,GARVIN,OK,s3://enverus-courthouse-prod-chd-plants/ok/garvin/3899/38992ad0-830c-4c16-9b9a-07954f5c852b.pdf
38b0f34c-d254-49b3-83f6-63da3b0aa637,JEFFERSON,OK,s3://enverus-courthouse-prod-chd-plants/ok/jefferson/38b0/38b0f34c-d254-49b3-83f6-63da3b0aa637.pdf
38b973ac-f52c-485b-b40a-b5a39bc99432,MAJOR,OK,s3://enverus-courthouse-prod-chd-plants/ok/major/38b9/38b973ac-f52c-485b-b40a-b5a39bc99432.pdf
38c0314c-4a76-4074-8464-2f873714eff1,MARSHALL,OK,s3://enverus-courthouse-prod-chd-plants/ok/marshall/38c0/38c0314c-4a76-4074-8464-2f873714eff1.pdf
38cc77e7-0e85-41f2-ac96-dacbbbb48826,STEPHENS,OK,\\smb.dc2isilon.na.drillinginfo.com\lease_data_entry\data_sources\ok_county_records\ok\stephens\38cc
38dcf574-5c24-4ef9-9b45-241f1afe1b42,COAL,OK,s3://enverus-courthouse-prod-chd-plants/ok/coal/38dc/38dcf574-5c24-4ef9-9b45-241f1afe1b42.pdf
38ed59d7-b087-4740-83a0-de39ebc1eb24,LINCOLN,OK,s3://enverus-courthouse-prod-chd-plants/ok/lincoln/38ed/38ed59d7-b087-4740-83a0-de39ebc1eb24.pdf
38f6d0fb-9ad0-469f-b28d-074161782940,KINGFISHER,OK,\\smb.dc2isilon.na.drillinginfo.com\lease_data_entry\data_sources\ok_county_records\ok\kingfisher\38f6
38ff3623-c7da-4184-9ee8-77f9fa8bf871,LEFLORE,OK,\\smb.dc2isilon.na.drillinginfo.com\lease_data_entry\data_sources\ok_county_records\ok\leflore\38ff
39013271-4c41-4b3f-9eeb-e73d0df9c3d8,LEFLORE,OK,s3://enverus-courthouse-prod-chd-plants/ok/leflore/3901/39013271-4c41-4b3f-9eeb-e73d0df9c3d8.pdf
390b8b12-a1f7-4b6b-83a3-8f95d3d6b478,BLAINE,OK,s3://enverus-courthouse-prod-chd-plants/ok/blaine/390b/390b8b12-a1f7-4b6b-83a3-8f95d3d6b478.pdf
39260832-0375-4e71-a105-222b4da7c5aa,SEMINOLE,OK,\\smb.dc2isilon.na.drillinginfo.com\lease_data_entry\data_sources\ok_county_records\ok\seminole\3926
3938c432-c97d-433f-8877-95f6c23a5997,MARSHALL,OK,\\smb.dc2isilon.na.drillinginfo.com\lease_data_entry\data_sources\ok_county_records\ok\marshall\3938
39426270-d398-42f2-b58d-69d9ae045d70,LINCOLN,OK,s3://enverus-courthouse-prod-chd-plants/ok/lincoln/3942/39426270-d398-42f2-b58d-69d9ae045d70.pdf
39551286-f644-41cc-a67d-48e26713689c,CARTER,OK,\\smb.dc2isilon.na.drillinginfo.com\lease_data_entry\data_sources\ok_county_records\ok\carter\3955
3969bb76-c69e-4513-8ba8-2772f0811603,GARVIN,OK,s3://enverus-courthouse-prod-chd-plants/ok/garvin/3969/3969bb76-c69e-4513-8ba8-2772f0811603.pdf
398e0fca-428e-4baa-8b46-498ad028a424,SEMINOLE,OK,\\smb.dc2isilon.na.drillinginfo.com\lease_data_entry\data_sources\ok_county_records\ok\seminole\398e
398e8671-0c63-4738-9a69-a5cabeecbbcd,LOVE,OK,s3://enverus-courthouse-prod-chd-plants/ok/love/398e/398e8671-0c63-4738-9a69-a5cabeecbbcd.pdf
39af3e56-6fc1-4fb3-a85a-22d2930476f1,MUSKOGEE,OK,\\smb.dc2isilon.na.drillinginfo.com\lease_data_entry\data_sources\ok_county_records\ok\muskogee\39af
39b258ea-7e27-4b32-8a2b-e09be1ae363e,BECKHAM,OK,\\smb.dc2isilon.na.drillinginfo.com\lease_data_entry\data_sources\ok_county_records\ok\beckham\39b2
39b7a197-3170-4630-804f-1bb6ede75b7e,DEWEY,OK,s3://enverus-courthouse-prod-chd-plants/ok/dewey/39b7/39b7a197-3170-4630-804f-1bb6ede75b7e.pdf
39cec9ac-10e9-47b7-a811-5caf77c33b31,CUSTER,OK,\\smb.dc2isilon.na.drillinginfo.com\lease_data_entry\data_sources\ok_county_records\ok\custer\39ce
39cf3ea6-f988-40ac-a0a7-bc61903acc9c,STEPHENS,OK,\\smb.dc2isilon.na.drillinginfo.com\lease_data_entry\data_sources\ok_county_records\ok\stephens\39cf
39df5139-98d1-4215-822d-5b96f90e8bf4,CARTER,OK,\\smb.dc2isilon.na.drillinginfo.com\lease_data_entry\data_sources\ok_county_records\ok\carter\39df
39eae875-582f-417e-930a-9e47ce3a1fe9,LOGAN,OK,s3://enverus-courthouse-prod-chd-plants/ok/logan/39ea/39eae875-582f-417e-930a-9e47ce3a1fe9.pdf
39f7dd70-930a-4013-aca9-d90fabbc33ff,OKMULGEE,OK,s3://enverus-courthouse-prod-chd-plants/ok/okmulgee/39f7/39f7dd70-930a-4013-aca9-d90fabbc33ff.pdf
39f7e8c6-02de-46de-a5b9-2c7a8ae9988b,CARTER,OK,s3://enverus-courthouse-prod-chd-plants/ok/carter/39f7/39f7e8c6-02de-46de-a5b9-2c7a8ae9988b.pdf
39fb5d5f-4b9e-4739-a638-5b2f418d5b9d,SEMINOLE,OK,s3://enverus-courthouse-prod-chd-plants/ok/seminole/39fb/39fb5d5f-4b9e-4739-a638-5b2f418d5b9d.pdf
39fcce75-38c5-4031-b29c-f70abe344a30,LOGAN,OK,\\smb.dc2isilon.na.drillinginfo.com\lease_data_entry\data_sources\ok_county_records\ok\logan\39fc
3a02509b-eb8b-4a0e-8c9a-0c06f26867a0,LOGAN,OK,\\smb.dc2isilon.na.drillinginfo.com\lease_data_entry\data_sources\ok_county_records\ok\logan\3a02
3a1c1091-7751-4a3d-b676-5f3fe6f79a46,KINGFISHER,OK,s3://enverus-courthouse-prod-chd-plants/ok/kingfisher/3a1c/3a1c1091-7751-4a3d-b676-5f3fe6f79a46.pdf
3a1e0f6e-d84f-4295-8206-cb17e54c33bd,WASHINGTON,OK,\\smb.dc2isilon.na.drillinginfo.com\lease_data_entry\data_sources\ok_county_records\ok\washington\3a1e
3a2e9501-edc0-4711-b1a8-63c28321f309,CUSTER,OK,\\smb.dc2isilon.na.drillinginfo.com\lease_data_entry\data_sources\ok_county_records\ok\custer\3a2e
3a474b07-f2be-4dda-bcf3-a235755df57c,HUGHES,OK,s3://enverus-courthouse-prod-chd-plants/ok/hughes/3a47/3a474b07-f2be-4dda-bcf3-a235755df57c.pdf
3a5f20b4-0268-4e90-9f0d-3708eb9f3f22,MCINTOSH,OK,\\smb.dc2isilon.na.drillinginfo.com\lease_data_entry\data_sources\ok_county_records\ok\mcintosh\3a5f
3a847d38-af03-49e3-bdab-0a40253ed526,MARSHALL,OK,s3://enverus-courthouse-prod-chd-plants/ok/marshall/3a84/3a847d38-af03-49e3-bdab-0a40253ed526.pdf
3a8ea2bf-f49b-4f8f-971d-27993e56b09e,GARVIN,OK,\\smb.dc2isilon.na.drillinginfo.com\lease_data_entry\data_sources\ok_county_records\ok\garvin\3a8e
3aa06083-2967-4a4d-900b-dfe1c17c34ec,CARTER,OK,\\smb.dc2isilon.na.drillinginfo.com\lease_data_entry\data_sources\ok_county_records\ok\carter\3aa0
3abfb70b-50b4-4104-86a5-09abcd2a57e1,ROGER MILLS,OK,\\smb.dc2isilon.na.drillinginfo.com\lease_data_entry\data_sources\ok_county_records\ok\roger mills\3abf
3acb92f0-e8b2-40d0-aea2-91ad4d96b2a1,MCCLAIN,OK,\\smb.dc2isilon.na.drillinginfo.com\lease_data_entry\data_sources\ok_county_records\ok\mcclain\3acb
3ae187c1-7c29-4dde-8051-1c797d396ccf,COAL,OK,s3://enverus-courthouse-prod-chd-plants/ok/coal/3ae1/3ae187c1-7c29-4dde-8051-1c797d396ccf.pdf
3ae9a159-c7f6-4de9-989c-580041d26cc3,SEMINOLE,OK,s3://enverus-courthouse-prod-chd-plants/ok/seminole/3ae9/3ae9a159-c7f6-4de9-989c-580041d26cc3.pdf
3ae9b92e-c589-4bc2-9eee-b31329b33f12,WASHINGTON,OK,\\smb.dc2isilon.na.drillinginfo.com\lease_data_entry\data_sources\ok_county_records\ok\washington\3ae9
3b0b6ccd-e28d-476a-b2aa-cf2b86080c44,LINCOLN,OK,\\smb.dc2isilon.na.drillinginfo.com\lease_data_entry\data_sources\ok_county_records\ok\lincoln\3b0b
3b24129d-b63c-4290-b49d-de71ad4a8990,MCCLAIN,OK,\\smb.dc2isilon.na.drillinginfo.com\lease_data_entry\data_sources\ok_county_records\ok\mcclain\3b24
3b336718-09a2-4648-a806-eb0f1fc90125,LOVE,OK,\\smb.dc2isilon.na.drillinginfo.com\lease_data_entry\data_sources\ok_county_records\ok\love\3b33
3b5cddb6-0970-4e82-98b7-77d6164896bd,LEFLORE,OK,s3://enverus-courthouse-prod-chd-plants/ok/leflore/3b5c/3b5cddb6-0970-4e82-98b7-77d6164896bd.pdf
3b6a3ef7-2ed3-42bb-99d8-9e060847f9f5,BLAINE,OK,\\smb.dc2isilon.na.drillinginfo.com\lease_data_entry\data_sources\ok_county_records\ok\blaine\3b6a
3b85e74a-b6d5-41e7-b2b3-d796fff115ca,LEFLORE,OK,\\smb.dc2isilon.na.drillinginfo.com\lease_data_entry\data_sources\ok_county_records\ok\leflore\3b85
3b92c1c3-4918-4a97-9cdf-456695f04f25,PITTSBURG,OK,\\smb.dc2isilon.na.drillinginfo.com\lease_data_entry\data_sources\ok_county_records\ok\pittsburg\3b92
3b97f86e-a7b5-4324-b210-bc56889bf8f3,SEMINOLE,OK,\\smb.dc2isilon.na.drillinginfo.com\lease_data_entry\data_sources\ok_county_records\ok\seminole\3b97
3ba2948e-bc84-4604-a097-1f29adaf9d5e,GARVIN,OK,s3://enverus-courthouse-prod-chd-plants/ok/garvin/3ba2/3ba2948e-bc84-4604-a097-1f29adaf9d5e.pdf
3ba8ecb8-8f86-4e5c-b480-51f6ae264554,PITTSBURG,OK,\\smb.dc2isilon.na.drillinginfo.com\lease_data_entry\data_sources\ok_county_records\ok\pittsburg\3ba8
3bb69290-96b2-4077-9473-e3f78b300712,MCCLAIN,OK,s3://enverus-courthouse-prod-chd-plants/ok/mcclain/3bb6/3bb69290-96b2-4077-9473-e3f78b300712.pdf
3bc50240-d771-4994-87b5-c60685af9af0,COMANCHE,OK,\\smb.dc2isilon.na.drillinginfo.com\lease_data_entry\data_sources\ok_county_records\ok\comanche\3bc5
3bc808e1-7f35-442b-b3c2-3e4e2c23a8e1,MAJOR,OK,s3://enverus-courthouse-prod-chd-plants/ok/major/3bc8/3bc808e1-7f35-442b-b3c2-3e4e2c23a8e1.pdf
3bc90e9f-3687-43ed-9afc-d6342c2c9007,BLAINE,OK,s3://enverus-courthouse-prod-chd-plants/ok/blaine/3bc9/3bc90e9f-3687-43ed-9afc-d6342c2c9007.pdf
3bde9d2f-c48e-49ae-b181-c008284c3250,GRANT,OK,\\smb.dc2isilon.na.drillinginfo.com\lease_data_entry\data_sources\ok_county_records\ok\grant\3bde
3be550f5-085e-410a-8c98-ec37809ec1e4,CUSTER,OK,s3://enverus-courthouse-prod-chd-plants/ok/custer/3be5/3be550f5-085e-410a-8c98-ec37809ec1e4.pdf
3befb126-8013-499a-bb1a-169ba085ad62,LOGAN,OK,\\smb.dc2isilon.na.drillinginfo.com\lease_data_entry\data_sources\ok_county_records\ok\logan\3bef
3bf82473-861f-4cce-9c7a-3aba80674c69,ROGER MILLS,OK,s3://enverus-courthouse-prod-chd-plants/ok/roger mills/3bf8/3bf82473-861f-4cce-9c7a-3aba80674c69.pdf
3bfd66b0-3cef-4195-9955-b028ddf8bb4e,MCCLAIN,OK,\\smb.dc2isilon.na.drillinginfo.com\lease_data_entry\data_sources\ok_county_records\ok\mcclain\3bfd
3c1861db-330f-4505-a511-dcd24ab3bb64,MCCLAIN,OK,\\smb.dc2isilon.na.drillinginfo.com\lease_data_entry\data_sources\ok_county_records\ok\mcclain\3c18
3c28dcf0-4d3c-4605-8377-0bbcefebe728,ROGER MILLS,OK,s3://enverus-courthouse-prod-chd-plants/ok/roger mills/3c28/3c28dcf0-4d3c-4605-8377-0bbcefebe728.pdf
3c34cd91-9db8-4cc0-be0a-4e3fec773fe7,SEMINOLE,OK,s3://enverus-courthouse-prod-chd-plants/ok/seminole/3c34/3c34cd91-9db8-4cc0-be0a-4e3fec773fe7.pdf
3c3a933c-da88-4333-86c2-055f294499dd,COMANCHE,OK,\\smb.dc2isilon.na.drillinginfo.com\lease_data_entry\data_sources\ok_county_records\ok\comanche\3c3a
3c3caf6e-1e14-447c-8583-0da54b691662,LINCOLN,OK,\\smb.dc2isilon.na.drillinginfo.com\lease_data_entry\data_sources\ok_county_records\ok\lincoln\3c3c
3c3ce7bf-4625-4d70-82a0-2822a7c0b768,LEFLORE,OK,\\smb.dc2isilon.na.drillinginfo.com\lease_data_entry\data_sources\ok_county_records\ok\leflore\3c3c
3c40bd40-3d96-4b0d-a339-bc995c1ae3d6,BECKHAM,OK,\\smb.dc2isilon.na.drillinginfo.com\lease_data_entry\data_sources\ok_county_records\ok\beckham\3c40
3c5411f3-7493-4b86-b205-8d461c6a2cf9,KINGFISHER,OK,\\smb.dc2isilon.na.drillinginfo.com\lease_data_entry\data_sources\ok_county_records\ok\kingfisher\3c54
3c6afdb4-4651-46e5-a397-81128050fd0a,GRANT,OK,\\smb.dc2isilon.na.drillinginfo.com\lease_data_entry\data_sources\ok_county_records\ok\grant\3c6a
3c72f44c-1a26-4f2e-8745-4ebec7adfe32,LOGAN,OK,\\smb.dc2isilon.na.drillinginfo.com\lease_data_entry\data_sources\ok_county_records\ok\logan\3c72
3c737bc4-6d1e-4bc8-9c5b-06e52b980025,ROGER MILLS,OK,s3://enverus-courthouse-prod-chd-plants/ok/roger mills/3c73/3c737bc4-6d1e-4bc8-9c5b-06e52b980025.pdf
3c751580-bfc9-4141-92c9-674ae1160182,LINCOLN,OK,s3://enverus-courthouse-prod-chd-plants/ok/lincoln/3c75/3c751580-bfc9-4141-92c9-674ae1160182.pdf
3c7ef25f-66bb-4d4e-bee7-f9544ed86dd2,CARTER,OK,\\smb.dc2isilon.na.drillinginfo.com\lease_data_entry\data_sources\ok_county_records\ok\carter\3c7e
3c7fde5f-e382-4846-9bee-575582ccdeb7,LOGAN,OK,\\smb.dc2isilon.na.drillinginfo.com\lease_data_entry\data_sources\ok_county_records\ok\logan\3c7f
3c82b43c-fee9-45da-adeb-ca1e37dc69cc,MAJOR,OK,s3://enverus-courthouse-prod-chd-plants/ok/major/3c82/3c82b43c-fee9-45da-adeb-ca1e37dc69cc.pdf
3c8e3456-06f2-4822-96a1-db4fb6856bdc,MURRAY,OK,\\smb.dc2isilon.na.drillinginfo.com\lease_data_entry\data_sources\ok_county_records\ok\murray\3c8e
3cc1f68b-0e08-4c68-ad1c-8fa252815936,LOGAN,OK,\\smb.dc2isilon.na.drillinginfo.com\lease_data_entry\data_sources\ok_county_records\ok\logan\3cc1
3cd21eb6-fadb-4438-a3cd-6aef5c263f37,LEFLORE,OK,s3://enverus-courthouse-prod-chd-plants/ok/leflore/3cd2/3cd21eb6-fadb-4438-a3cd-6aef5c263f37.pdf
3cdb5e46-5e87-471f-a03a-474fbbb5a14e,COAL,OK,s3://enverus-courthouse-prod-chd-plants/ok/coal/3cdb/3cdb5e46-5e87-471f-a03a-474fbbb5a14e.pdf
3ce3dcfb-ffb5-43f1-aef2-455bc9d92df0,CARTER,OK,s3://enverus-courthouse-prod-chd-plants/ok/carter/3ce3/3ce3dcfb-ffb5-43f1-aef2-455bc9d92df0.pdf
3d034d06-bb4f-4ab5-9738-74fca3f8cd5b,MAJOR,OK,s3://enverus-courthouse-prod-chd-plants/ok/major/3d03/3d034d06-bb4f-4ab5-9738-74fca3f8cd5b.pdf
3d0bbbd3-a9cd-464a-a258-fc89b9cea2f5,TEXAS,OK,\\smb.dc2isilon.na.drillinginfo.com\lease_data_entry\data_sources\ok_county_records\ok\texas\3d0b
3d17e679-72c3-430d-9ce8-db00fbfc7699,BLAINE,OK,s3://enverus-courthouse-prod-chd-plants/ok/blaine/3d17/3d17e679-72c3-430d-9ce8-db00fbfc7699.pdf
3d189b96-a139-42d3-ae30-9c336afdbd9a,KINGFISHER,OK,\\smb.dc2isilon.na.drillinginfo.com\lease_data_entry\data_sources\ok_county_records\ok\kingfisher\3d18
3d1b8f9c-ff83-4b3c-937d-3dc5fea86e22,LOGAN,OK,s3://enverus-courthouse-prod-chd-plants/ok/logan/3d1b/3d1b8f9c-ff83-4b3c-937d-3dc5fea86e22.pdf
3d3c07d5-f0ea-4d90-9fb4-7dbdfd96c655,GARVIN,OK,s3://enverus-courthouse-prod-chd-plants/ok/garvin/3d3c/3d3c07d5-f0ea-4d90-9fb4-7dbdfd96c655.pdf
3d418a79-9939-480e-8789-6216da428a4a,BLAINE,OK,\\smb.dc2isilon.na.drillinginfo.com\lease_data_entry\data_sources\ok_county_records\ok\blaine\3d41
3da33e11-968f-4f2b-9157-4aa4484af659,CARTER,OK,s3://enverus-courthouse-prod-chd-plants/ok/carter/3da3/3da33e11-968f-4f2b-9157-4aa4484af659.pdf
3dad050e-afdc-4e6a-aa74-fdad9b0000a0,BLAINE,OK,s3://enverus-courthouse-prod-chd-plants/ok/blaine/3dad/3dad050e-afdc-4e6a-aa74-fdad9b0000a0.pdf
3db5e488-41f6-4cf6-abe4-5b6aa3b3cc43,MURRAY,OK,s3://enverus-courthouse-prod-chd-plants/ok/murray/3db5/3db5e488-41f6-4cf6-abe4-5b6aa3b3cc43.pdf
3dc56f5e-526e-408f-9f20-71c9d6598458,CARTER,OK,\\smb.dc2isilon.na.drillinginfo.com\lease_data_entry\data_sources\ok_county_records\ok\carter\3dc5
3dc5c0bb-1bfd-4f63-a648-077132430161,LEFLORE,OK,s3://enverus-courthouse-prod-chd-plants/ok/leflore/3dc5/3dc5c0bb-1bfd-4f63-a648-077132430161.pdf
3dd74896-30ce-4818-8e94-b19ea34311e1,COMANCHE,OK,\\smb.dc2isilon.na.drillinginfo.com\lease_data_entry\data_sources\ok_county_records\ok\comanche\3dd7
3deb20b6-0999-40ff-a236-cb634b113e6d,COAL,OK,s3://enverus-courthouse-prod-chd-plants/ok/coal/3deb/3deb20b6-0999-40ff-a236-cb634b113e6d.pdf
3e091aa5-361e-4fe3-9c0f-c73bde2fa64e,CARTER,OK,\\smb.dc2isilon.na.drillinginfo.com\lease_data_entry\data_sources\ok_county_records\ok\carter\3e09
3e18bb80-fd9f-4e6d-9cf1-a3707a60e27c,KAY,OK,s3://enverus-courthouse-prod-chd-plants/ok/kay/3e18/3e18bb80-fd9f-4e6d-9cf1-a3707a60e27c.pdf
3e27ec40-84b8-4833-892a-a9538c3d02a8,MAJOR,OK,\\smb.dc2isilon.na.drillinginfo.com\lease_data_entry\data_sources\ok_county_records\ok\major\3e27
3e286791-db58-4eeb-b5df-6d2e161e4c7a,GRANT,OK,\\smb.dc2isilon.na.drillinginfo.com\lease_data_entry\data_sources\ok_county_records\ok\grant\3e28
3e2ba03b-1662-4b62-add7-72ff6d53a921,ELLIS,OK,s3://enverus-courthouse-prod-chd-plants/ok/ellis/3e2b/3e2ba03b-1662-4b62-add7-72ff6d53a921.pdf
3e35d271-ebb3-4d33-8f22-796325f6476e,KINGFISHER,OK,s3://enverus-courthouse-prod-chd-plants/ok/kingfisher/3e35/3e35d271-ebb3-4d33-8f22-796325f6476e.pdf
3e36fb1a-1db0-4a54-8043-9aa60817e2a2,KINGFISHER,OK,s3://enverus-courthouse-prod-chd-plants/ok/kingfisher/3e36/3e36fb1a-1db0-4a54-8043-9aa60817e2a2.pdf
3e37ffd8-0259-4e3a-859f-351566037c25,SEMINOLE,OK,s3://enverus-courthouse-prod-chd-plants/ok/seminole/3e37/3e37ffd8-0259-4e3a-859f-351566037c25.pdf
3e4849a8-eee5-4baa-8897-d4dc12e71a0f,BECKHAM,OK,\\smb.dc2isilon.na.drillinginfo.com\lease_data_entry\data_sources\ok_county_records\ok\beckham\3e48
3e4d922f-b8af-4617-92c8-7fc9b9610346,CARTER,OK,\\smb.dc2isilon.na.drillinginfo.com\lease_data_entry\data_sources\ok_county_records\ok\carter\3e4d
3e63f3b2-0889-411c-bb5c-3474495a87be,BECKHAM,OK,\\smb.dc2isilon.na.drillinginfo.com\lease_data_entry\data_sources\ok_county_records\ok\beckham\3e63
3e70d08d-9c7b-4a32-8195-bb24c3ed3223,MARSHALL,OK,s3://enverus-courthouse-prod-chd-plants/ok/marshall/3e70/3e70d08d-9c7b-4a32-8195-bb24c3ed3223.pdf
3e76cf1d-bfc4-4c6a-a2f5-b12b684f88f4,CARTER,OK,\\smb.dc2isilon.na.drillinginfo.com\lease_data_entry\data_sources\ok_county_records\ok\carter\3e76
3e771378-1ed9-406d-a5d3-df1f78aa0d9c,DEWEY,OK,s3://enverus-courthouse-prod-chd-plants/ok/dewey/3e77/3e771378-1ed9-406d-a5d3-df1f78aa0d9c.pdf
3e7d6170-26ed-4ec6-b8e4-79ab0481b847,MURRAY,OK,\\smb.dc2isilon.na.drillinginfo.com\lease_data_entry\data_sources\ok_county_records\ok\murray\3e7d
3e80349b-b539-49f9-9f9c-e8bce25f8214,CARTER,OK,s3://enverus-courthouse-prod-chd-plants/ok/carter/3e80/3e80349b-b539-49f9-9f9c-e8bce25f8214.pdf
3e90b682-d874-4b3e-a8b2-2049b1fd1ac1,OKMULGEE,OK,s3://enverus-courthouse-prod-chd-plants/ok/okmulgee/3e90/3e90b682-d874-4b3e-a8b2-2049b1fd1ac1.pdf
3e918918-5d15-4dfb-9241-44515f6ce06b,COMANCHE,OK,\\smb.dc2isilon.na.drillinginfo.com\lease_data_entry\data_sources\ok_county_records\ok\comanche\3e91
3e9538b6-04fb-4f51-9a09-099a7fc8877f,ROGER MILLS,OK,s3://enverus-courthouse-prod-chd-plants/ok/roger mills/3e95/3e9538b6-04fb-4f51-9a09-099a7fc8877f.pdf
3e9c73b3-62bc-491f-8754-c639496f911e,LOGAN,OK,\\smb.dc2isilon.na.drillinginfo.com\lease_data_entry\data_sources\ok_county_records\ok\logan\3e9c
3e9fb2c8-9f74-4b42-849a-d6e28ba22848,MCCLAIN,OK,\\smb.dc2isilon.na.drillinginfo.com\lease_data_entry\data_sources\ok_county_records\ok\mcclain\3e9f
3ea6fbb5-a05b-4a31-a447-8b7e895652ec,ROGER MILLS,OK,s3://enverus-courthouse-prod-chd-plants/ok/roger mills/3ea6/3ea6fbb5-a05b-4a31-a447-8b7e895652ec.pdf
3eb12cac-dc71-46bd-957f-38e80e5d2580,COMANCHE,OK,\\smb.dc2isilon.na.drillinginfo.com\lease_data_entry\data_sources\ok_county_records\ok\comanche\3eb1
3ebccb08-f0f4-4f0c-a49c-9f8f8d1c3f9c,COAL,OK,s3://enverus-courthouse-prod-chd-plants/ok/coal/3ebc/3ebccb08-f0f4-4f0c-a49c-9f8f8d1c3f9c.pdf
3ec8081e-7629-440e-9e34-974850574e0b,COMANCHE,OK,\\smb.dc2isilon.na.drillinginfo.com\lease_data_entry\data_sources\ok_county_records\ok\comanche\3ec8
3ece545b-03a3-4959-8261-f1483df608d7,ELLIS,OK,\\smb.dc2isilon.na.drillinginfo.com\lease_data_entry\data_sources\ok_county_records\ok\ellis\3ece
3ee065cf-e2ea-4a29-b427-9b5cab84ae85,CUSTER,OK,\\smb.dc2isilon.na.drillinginfo.com\lease_data_entry\data_sources\ok_county_records\ok\custer\3ee0
3ef02a6b-898b-4f60-87c7-2847052aeaa4,GARVIN,OK,s3://enverus-courthouse-prod-chd-plants/ok/garvin/3ef0/3ef02a6b-898b-4f60-87c7-2847052aeaa4.pdf
3f12f299-2b29-4ca9-b905-2f5d18207234,KAY,OK,\\smb.dc2isilon.na.drillinginfo.com\lease_data_entry\data_sources\ok_county_records\ok\kay\3f12
3f17818a-6d86-4f33-998f-e4d5e22ab0b2,CARTER,OK,\\smb.dc2isilon.na.drillinginfo.com\lease_data_entry\data_sources\ok_county_records\ok\carter\3f17
3f1a4142-e2da-4c1d-9943-df185c8b85a6,LOGAN,OK,\\smb.dc2isilon.na.drillinginfo.com\lease_data_entry\data_sources\ok_county_records\ok\logan\3f1a
3f30915c-369c-4103-96e6-ed726ae1ca02,BLAINE,OK,s3://enverus-courthouse-prod-chd-plants/ok/blaine/3f30/3f30915c-369c-4103-96e6-ed726ae1ca02.pdf
3f4b05c8-ce56-412f-8e0b-2c751a6c5ee3,DEWEY,OK,\\smb.dc2isilon.na.drillinginfo.com\lease_data_entry\data_sources\ok_county_records\ok\dewey\3f4b
3f4fb48c-707b-4397-9eae-15cedbbc0d75,ROGER MILLS,OK,s3://enverus-courthouse-prod-chd-plants/ok/roger mills/3f4f/3f4fb48c-707b-4397-9eae-15cedbbc0d75.pdf
3f769f95-6a1f-4032-9ee3-ef448d822702,CARTER,OK,\\smb.dc2isilon.na.drillinginfo.com\lease_data_entry\data_sources\ok_county_records\ok\carter\3f76
3f8ea520-a4ad-4454-9532-0637f4023a5e,STEPHENS,OK,s3://enverus-courthouse-prod-chd-plants/ok/stephens/3f8e/3f8ea520-a4ad-4454-9532-0637f4023a5e.pdf
3f94d6ed-5f69-4970-b75e-afbb5e924da1,LOGAN,OK,\\smb.dc2isilon.na.drillinginfo.com\lease_data_entry\data_sources\ok_county_records\ok\logan\3f94
3f9ca2e1-5fa6-409b-93a4-56b8053d5df6,COAL,OK,\\smb.dc2isilon.na.drillinginfo.com\lease_data_entry\data_sources\ok_county_records\ok\coal\3f9c
3fa1dd21-3302-4df1-9c4f-ad533daf65c3,ELLIS,OK,s3://enverus-courthouse-prod-chd-plants/ok/ellis/3fa1/3fa1dd21-3302-4df1-9c4f-ad533daf65c3.pdf
3fc58991-cb27-4403-baf5-c4cd9de3b0df,BLAINE,OK,\\smb.dc2isilon.na.drillinginfo.com\lease_data_entry\data_sources\ok_county_records\ok\blaine\3fc5
3fd316c1-4998-4512-a85d-4d338fde4005,KIOWA,OK,s3://enverus-courthouse-prod-chd-plants/ok/kiowa/3fd3/3fd316c1-4998-4512-a85d-4d338fde4005.pdf
3fe4b85c-691d-4de9-893c-005f680e38a1,KINGFISHER,OK,\\smb.dc2isilon.na.drillinginfo.com\lease_data_entry\data_sources\ok_county_records\ok\kingfisher\3fe4
3fea4946-b3c4-4ccc-b14d-cd3ece36fc8f,COMANCHE,OK,\\smb.dc2isilon.na.drillinginfo.com\lease_data_entry\data_sources\ok_county_records\ok\comanche\3fea
3ff339dc-3060-4a09-af61-84af4ac08de9,CUSTER,OK,\\smb.dc2isilon.na.drillinginfo.com\lease_data_entry\data_sources\ok_county_records\ok\custer\3ff3
3ff7a1da-3893-4951-a959-dd05d7e80ab6,COAL,OK,s3://enverus-courthouse-prod-chd-plants/ok/coal/3ff7/3ff7a1da-3893-4951-a959-dd05d7e80ab6.pdf
400a65d9-a439-4574-a18c-cfa246ecd655,KINGFISHER,OK,s3://enverus-courthouse-prod-chd-plants/ok/kingfisher/400a/400a65d9-a439-4574-a18c-cfa246ecd655.pdf
400d2bd8-859c-44a1-b254-3c285861ebd7,ROGER MILLS,OK,\\smb.dc2isilon.na.drillinginfo.com\lease_data_entry\data_sources\ok_county_records\ok\roger mills\400d
401a6f99-351a-483d-a87f-1c0bfe3a5d94,CARTER,OK,\\smb.dc2isilon.na.drillinginfo.com\lease_data_entry\data_sources\ok_county_records\ok\carter\401a
402b2647-3aff-4702-8c6a-cffbe16912c8,LOGAN,OK,s3://enverus-courthouse-prod-chd-plants/ok/logan/402b/402b2647-3aff-4702-8c6a-cffbe16912c8.pdf
402bdb74-b067-4c48-bcd9-2aa96b9de95d,GARVIN,OK,s3://enverus-courthouse-prod-chd-plants/ok/garvin/402b/402bdb74-b067-4c48-bcd9-2aa96b9de95d.pdf
40312652-3052-41b4-a2c5-c13350ed1026,STEPHENS,OK,s3://enverus-courthouse-prod-chd-plants/ok/stephens/4031/40312652-3052-41b4-a2c5-c13350ed1026.pdf
403b57d6-9831-428e-8afd-6a6ec2a05e86,CARTER,OK,\\smb.dc2isilon.na.drillinginfo.com\lease_data_entry\data_sources\ok_county_records\ok\carter\403b
403e8e94-2b81-4912-875b-bb0eff106cb9,CARTER,OK,\\smb.dc2isilon.na.drillinginfo.com\lease_data_entry\data_sources\ok_county_records\ok\carter\403e
404d3b02-85c5-487e-a550-5b76821363c8,HUGHES,OK,s3://enverus-courthouse-prod-chd-plants/ok/hughes/404d/404d3b02-85c5-487e-a550-5b76821363c8.pdf
406e8d70-ce55-4213-8729-8a8b9255f629,KINGFISHER,OK,s3://enverus-courthouse-prod-chd-plants/ok/kingfisher/406e/406e8d70-ce55-4213-8729-8a8b9255f629.pdf
4072c569-e3c8-4b80-ba3e-1db7881787a5,OKMULGEE,OK,\\smb.dc2isilon.na.drillinginfo.com\lease_data_entry\data_sources\ok_county_records\ok\okmulgee\4072
4076e6f1-3a35-4ec5-b346-08279dc21387,ELLIS,OK,s3://enverus-courthouse-prod-chd-plants/ok/ellis/4076/4076e6f1-3a35-4ec5-b346-08279dc21387.pdf
40a6ede7-ce4f-4493-8b63-81b8c8c045e6,GRANT,OK,s3://enverus-courthouse-prod-chd-plants/ok/grant/40a6/40a6ede7-ce4f-4493-8b63-81b8c8c045e6.pdf
40a7a205-634a-476d-bcee-7714252daf2a,COAL,OK,s3://enverus-courthouse-prod-chd-plants/ok/coal/40a7/40a7a205-634a-476d-bcee-7714252daf2a.pdf
40a99d17-a25a-4e1c-9459-42844e0e7a2d,BECKHAM,OK,\\smb.dc2isilon.na.drillinginfo.com\lease_data_entry\data_sources\ok_county_records\ok\beckham\40a9
40b740fd-da2e-4a2f-9fe1-f90346ef891b,KINGFISHER,OK,s3://enverus-courthouse-prod-chd-plants/ok/kingfisher/40b7/40b740fd-da2e-4a2f-9fe1-f90346ef891b.pdf
40f0574d-1dd9-46dd-8cd3-35ddf558d4e5,STEPHENS,OK,s3://enverus-courthouse-prod-chd-plants/ok/stephens/40f0/40f0574d-1dd9-46dd-8cd3-35ddf558d4e5.pdf
40fa4375-1b39-4ac3-b0b1-ff769bbddd47,MARSHALL,OK,s3://enverus-courthouse-prod-chd-plants/ok/marshall/40fa/40fa4375-1b39-4ac3-b0b1-ff769bbddd47.pdf
41010d4a-1e62-4a08-8fa5-26003bcd974b,MCCLAIN,OK,s3://enverus-courthouse-prod-chd-plants/ok/mcclain/4101/41010d4a-1e62-4a08-8fa5-26003bcd974b.pdf
41038544-0470-4b7f-8369-0db4301ab4b8,LOGAN,OK,s3://enverus-courthouse-prod-chd-plants/ok/logan/4103/41038544-0470-4b7f-8369-0db4301ab4b8.pdf
410f1a04-4f2c-4d0d-a612-2c537c5f8d23,LOGAN,OK,s3://enverus-courthouse-prod-chd-plants/ok/logan/410f/410f1a04-4f2c-4d0d-a612-2c537c5f8d23.pdf
413ae3e0-cbe4-4344-b928-5729d0fcb21a,SEMINOLE,OK,\\smb.dc2isilon.na.drillinginfo.com\lease_data_entry\data_sources\ok_county_records\ok\seminole\413a
41435c3a-aad4-4b23-a082-ea9d0007b2e9,CARTER,OK,s3://enverus-courthouse-prod-chd-plants/ok/carter/4143/41435c3a-aad4-4b23-a082-ea9d0007b2e9.pdf
4146f0d4-0404-4358-9d6a-5108f72af5c5,LOGAN,OK,\\smb.dc2isilon.na.drillinginfo.com\lease_data_entry\data_sources\ok_county_records\ok\logan\4146
4148e9ac-a945-4948-b23a-0fd3d6b73faf,HUGHES,OK,s3://enverus-courthouse-prod-chd-plants/ok/hughes/4148/4148e9ac-a945-4948-b23a-0fd3d6b73faf.pdf
415169e4-b957-49a1-a523-2dde89d20ff9,COAL,OK,s3://enverus-courthouse-prod-chd-plants/ok/coal/4151/415169e4-b957-49a1-a523-2dde89d20ff9.pdf
4160f682-148c-48e3-a65f-35c932f3d4d1,BECKHAM,OK,\\smb.dc2isilon.na.drillinginfo.com\lease_data_entry\data_sources\ok_county_records\ok\beckham\4160
41614c64-bdbc-4e89-98b4-52aeb2324b81,ROGER MILLS,OK,s3://enverus-courthouse-prod-chd-plants/ok/roger mills/4161/41614c64-bdbc-4e89-98b4-52aeb2324b81.pdf
4164a614-8da7-4219-ba78-45bf4b148664,LEFLORE,OK,s3://enverus-courthouse-prod-chd-plants/ok/leflore/4164/4164a614-8da7-4219-ba78-45bf4b148664.pdf
417a8384-2673-4f5d-8822-cd1adfa11ca7,CUSTER,OK,\\smb.dc2isilon.na.drillinginfo.com\lease_data_entry\data_sources\ok_county_records\ok\custer\417a
417b4685-93ba-4ab7-8e45-46024d238b27,MAJOR,OK,s3://enverus-courthouse-prod-chd-plants/ok/major/417b/417b4685-93ba-4ab7-8e45-46024d238b27.pdf
418b5b08-f3c2-4f06-90fc-069c3ae3deea,COAL,OK,\\smb.dc2isilon.na.drillinginfo.com\lease_data_entry\data_sources\ok_county_records\ok\coal\418b
418f63bd-5e01-4b08-8986-137c9eb01175,CARTER,OK,s3://enverus-courthouse-prod-chd-plants/ok/carter/418f/418f63bd-5e01-4b08-8986-137c9eb01175.pdf
41953998-990d-4c91-aee1-fe38343a883d,KAY,OK,\\smb.dc2isilon.na.drillinginfo.com\lease_data_entry\data_sources\ok_county_records\ok\kay\4195
419630d0-29ea-4567-9201-f0bb5d5677f8,ROGER MILLS,OK,s3://enverus-courthouse-prod-chd-plants/ok/roger mills/4196/419630d0-29ea-4567-9201-f0bb5d5677f8.pdf
41a293ef-b4b7-4e6a-87ea-f3066de9783f,LINCOLN,OK,s3://enverus-courthouse-prod-chd-plants/ok/lincoln/41a2/41a293ef-b4b7-4e6a-87ea-f3066de9783f.pdf
41c5de7d-240b-43ed-b020-515e9517c5e4,MAJOR,OK,s3://enverus-courthouse-prod-chd-plants/ok/major/41c5/41c5de7d-240b-43ed-b020-515e9517c5e4.pdf
41d6873e-b9a6-4c16-b54a-1793bc4fdc04,BECKHAM,OK,\\smb.dc2isilon.na.drillinginfo.com\lease_data_entry\data_sources\ok_county_records\ok\beckham\41d6
41ec831d-a578-4390-835c-b6142d8b1663,GARVIN,OK,\\smb.dc2isilon.na.drillinginfo.com\lease_data_entry\data_sources\ok_county_records\ok\garvin\41ec
41ec9b3a-7c59-4314-b7dd-08586eab8403,JEFFERSON,OK,s3://enverus-courthouse-prod-chd-plants/ok/jefferson/41ec/41ec9b3a-7c59-4314-b7dd-08586eab8403.pdf
41ef3915-81ca-4509-8bda-3b9d6a313044,LATIMER,OK,s3://enverus-courthouse-prod-chd-plants/ok/latimer/41ef/41ef3915-81ca-4509-8bda-3b9d6a313044.pdf
41f08c87-c0a3-41f4-825f-e27381ad4074,COMANCHE,OK,\\smb.dc2isilon.na.drillinginfo.com\lease_data_entry\data_sources\ok_county_records\ok\comanche\41f0
41fa2e6a-2e0c-4141-8572-d7236ba05940,GARVIN,OK,s3://enverus-courthouse-prod-chd-plants/ok/garvin/41fa/41fa2e6a-2e0c-4141-8572-d7236ba05940.pdf
420ad843-ffef-425d-9b7a-15b98f7f9082,ROGER MILLS,OK,s3://enverus-courthouse-prod-chd-plants/ok/roger mills/420a/420ad843-ffef-425d-9b7a-15b98f7f9082.pdf
421cfaa6-9d3a-472c-aaf5-401cdf398633,LOGAN,OK,s3://enverus-courthouse-prod-chd-plants/ok/logan/421c/421cfaa6-9d3a-472c-aaf5-401cdf398633.pdf
4221d0dd-c38b-4902-89e3-182c6e9b070f,MAJOR,OK,s3://enverus-courthouse-prod-chd-plants/ok/major/4221/4221d0dd-c38b-4902-89e3-182c6e9b070f.pdf
4227aa5b-455e-49dd-8317-aecf12b194b3,COMANCHE,OK,\\smb.dc2isilon.na.drillinginfo.com\lease_data_entry\data_sources\ok_county_records\ok\comanche\4227
422b5818-654b-4d8d-8d71-a63ea9c8bf5a,GARVIN,OK,s3://enverus-courthouse-prod-chd-plants/ok/garvin/422b/422b5818-654b-4d8d-8d71-a63ea9c8bf5a.pdf
4244bcb4-e650-4822-9062-4a3506f89e76,ROGER MILLS,OK,s3://enverus-courthouse-prod-chd-plants/ok/roger mills/4244/4244bcb4-e650-4822-9062-4a3506f89e76.pdf
42472589-6f0f-4c8a-b4e1-a1b8ef176e53,LINCOLN,OK,s3://enverus-courthouse-prod-chd-plants/ok/lincoln/4247/42472589-6f0f-4c8a-b4e1-a1b8ef176e53.pdf
42564466-1c55-4656-ab61-f835b390ac13,BLAINE,OK,s3://enverus-courthouse-prod-chd-plants/ok/blaine/4256/42564466-1c55-4656-ab61-f835b390ac13.pdf
4258ee35-4f6e-4f39-ad6e-34fcca08d5d8,CARTER,OK,s3://enverus-courthouse-prod-chd-plants/ok/carter/4258/4258ee35-4f6e-4f39-ad6e-34fcca08d5d8.pdf
42696471-2777-4c8e-b226-701927c88257,ROGER MILLS,OK,s3://enverus-courthouse-prod-chd-plants/ok/roger mills/4269/42696471-2777-4c8e-b226-701927c88257.pdf
427308e0-f542-4dea-94a1-1ac7b697326d,LOVE,OK,s3://enverus-courthouse-prod-chd-plants/ok/love/4273/427308e0-f542-4dea-94a1-1ac7b697326d.pdf
4273599d-0d9f-4e4f-bd6a-c74c43c88374,MAJOR,OK,s3://enverus-courthouse-prod-chd-plants/ok/major/4273/4273599d-0d9f-4e4f-bd6a-c74c43c88374.pdf
4274e20b-c166-409e-b97d-1e5ab5ded489,KINGFISHER,OK,\\smb.dc2isilon.na.drillinginfo.com\lease_data_entry\data_sources\ok_county_records\ok\kingfisher\4274
427754e6-72fe-4259-b299-90077ebf1370,WASHINGTON,OK,s3://enverus-courthouse-prod-chd-plants/ok/washington/4277/427754e6-72fe-4259-b299-90077ebf1370.pdf
4280acf4-77a7-4944-9983-69bab89f38f3,DEWEY,OK,s3://enverus-courthouse-prod-chd-plants/ok/dewey/4280/4280acf4-77a7-4944-9983-69bab89f38f3.pdf
428d7b6f-159f-4a75-94e8-25f4b9ba596a,SEMINOLE,OK,\\smb.dc2isilon.na.drillinginfo.com\lease_data_entry\data_sources\ok_county_records\ok\seminole\428d
42911ba2-6651-47b6-a4af-0a7fe21b2844,LINCOLN,OK,s3://enverus-courthouse-prod-chd-plants/ok/lincoln/4291/42911ba2-6651-47b6-a4af-0a7fe21b2844.pdf
429b255d-1399-45a9-a928-f54ca83fa89b,LEFLORE,OK,s3://enverus-courthouse-prod-chd-plants/ok/leflore/429b/429b255d-1399-45a9-a928-f54ca83fa89b.pdf
42a09e08-b1ba-423c-a1dd-68893ec8b327,LATIMER,OK,s3://enverus-courthouse-prod-chd-plants/ok/latimer/42a0/42a09e08-b1ba-423c-a1dd-68893ec8b327.pdf
42a68224-ef08-4dbf-9e4d-3ef2d1dcf53e,PONTOTOC,OK,\\smb.dc2isilon.na.drillinginfo.com\lease_data_entry\data_sources\ok_county_records\ok\pontotoc\42a6
42aaedae-ed8e-49fb-802c-41523926d691,KINGFISHER,OK,s3://enverus-courthouse-prod-chd-plants/ok/kingfisher/42aa/42aaedae-ed8e-49fb-802c-41523926d691.pdf
42b365fb-a046-4fba-8700-0e030f52b747,ELLIS,OK,s3://enverus-courthouse-prod-chd-plants/ok/ellis/42b3/42b365fb-a046-4fba-8700-0e030f52b747.pdf
42bbfb88-970a-49d4-a5c4-223a53eb854e,ROGER MILLS,OK,s3://enverus-courthouse-prod-chd-plants/ok/roger mills/42bb/42bbfb88-970a-49d4-a5c4-223a53eb854e.pdf
42ce2e1f-5455-4ebe-8e43-0821e44bcba0,LINCOLN,OK,\\smb.dc2isilon.na.drillinginfo.com\lease_data_entry\data_sources\ok_county_records\ok\lincoln\42ce
42d2318d-ed3f-4f2b-bea6-0f410f13d589,MURRAY,OK,s3://enverus-courthouse-prod-chd-plants/ok/murray/42d2/42d2318d-ed3f-4f2b-bea6-0f410f13d589.pdf
42ebac83-0675-4445-af11-2b11c7cdd701,CARTER,OK,s3://enverus-courthouse-prod-chd-plants/ok/carter/42eb/42ebac83-0675-4445-af11-2b11c7cdd701.pdf
42fb1f6d-22f6-472b-8eda-f75bda1913b1,GARVIN,OK,\\smb.dc2isilon.na.drillinginfo.com\lease_data_entry\data_sources\ok_county_records\ok\garvin\42fb
430e0ff6-2fef-442d-a69a-217c6bb73313,CARTER,OK,s3://enverus-courthouse-prod-chd-plants/ok/carter/430e/430e0ff6-2fef-442d-a69a-217c6bb73313.pdf
43193bec-56e3-479b-b458-362c4f67297f,SEMINOLE,OK,\\smb.dc2isilon.na.drillinginfo.com\lease_data_entry\data_sources\ok_county_records\ok\seminole\4319
431ec6b1-f11e-4614-9e25-f056c80b7449,COMANCHE,OK,\\smb.dc2isilon.na.drillinginfo.com\lease_data_entry\data_sources\ok_county_records\ok\comanche\431e
43395df8-d608-4f3e-9d42-8e7a6ec33691,LOGAN,OK,\\smb.dc2isilon.na.drillinginfo.com\lease_data_entry\data_sources\ok_county_records\ok\logan\4339
434070e2-f178-49f1-9296-180a52634f9a,WOODWARD,OK,\\smb.dc2isilon.na.drillinginfo.com\lease_data_entry\data_sources\ok_county_records\ok\woodward\4340
43526eea-cb92-4f78-b2a4-198c9198a95e,LOVE,OK,s3://enverus-courthouse-prod-chd-plants/ok/love/4352/43526eea-cb92-4f78-b2a4-198c9198a95e.pdf
435ae6c7-89c9-4860-bd90-a6d077673e83,COMANCHE,OK,\\smb.dc2isilon.na.drillinginfo.com\lease_data_entry\data_sources\ok_county_records\ok\comanche\435a
435e14c3-235e-4cfd-a02c-a045b1b4565a,BECKHAM,OK,\\smb.dc2isilon.na.drillinginfo.com\lease_data_entry\data_sources\ok_county_records\ok\beckham\435e
436d3ab8-f102-40ce-85f7-0e6b43f888c1,ROGER MILLS,OK,s3://enverus-courthouse-prod-chd-plants/ok/roger mills/436d/436d3ab8-f102-40ce-85f7-0e6b43f888c1.pdf
43770127-a5fc-4ea2-bb5b-0ff5025ce730,ELLIS,OK,\\smb.dc2isilon.na.drillinginfo.com\lease_data_entry\data_sources\ok_county_records\ok\ellis\4377
43843cda-d7b4-4b37-a043-9a5c3e9ea9c7,ELLIS,OK,s3://enverus-courthouse-prod-chd-plants/ok/ellis/4384/43843cda-d7b4-4b37-a043-9a5c3e9ea9c7.pdf
4385417d-7fb5-4957-bd5f-9510a97d64c2,MCCLAIN,OK,\\smb.dc2isilon.na.drillinginfo.com\lease_data_entry\data_sources\ok_county_records\ok\mcclain\4385
438acba9-e339-4753-804d-d0c5a54a4914,BECKHAM,OK,\\smb.dc2isilon.na.drillinginfo.com\lease_data_entry\data_sources\ok_county_records\ok\beckham\438a
438af9ee-01e1-453f-8dd7-3dc377c13aac,SEMINOLE,OK,\\smb.dc2isilon.na.drillinginfo.com\lease_data_entry\data_sources\ok_county_records\ok\seminole\438a
438e571a-3413-4561-8073-93a012225eed,CUSTER,OK,s3://enverus-courthouse-prod-chd-plants/ok/custer/438e/438e571a-3413-4561-8073-93a012225eed.pdf
438f6e08-cd01-44b8-9886-560c1ff988e0,ROGER MILLS,OK,\\smb.dc2isilon.na.drillinginfo.com\lease_data_entry\data_sources\ok_county_records\ok\roger mills\438f
43963be9-3ef8-47d4-8531-e3020fdcbc6e,LOVE,OK,s3://enverus-courthouse-prod-chd-plants/ok/love/4396/43963be9-3ef8-47d4-8531-e3020fdcbc6e.pdf
43991f39-72ef-434d-ae77-867cfd5b510e,MCCLAIN,OK,\\smb.dc2isilon.na.drillinginfo.com\lease_data_entry\data_sources\ok_county_records\ok\mcclain\4399
43abfcb7-a09f-46bc-9688-93e142fdf75f,MAJOR,OK,s3://enverus-courthouse-prod-chd-plants/ok/major/43ab/43abfcb7-a09f-46bc-9688-93e142fdf75f.pdf
43d67fcd-fe41-4273-8a9d-d5e991b7e6e6,STEPHENS,OK,\\smb.dc2isilon.na.drillinginfo.com\lease_data_entry\data_sources\ok_county_records\ok\stephens\43d6
43ddd10b-a10b-48e6-ac2e-0c62a7c57b13,ELLIS,OK,s3://enverus-courthouse-prod-chd-plants/ok/ellis/43dd/43ddd10b-a10b-48e6-ac2e-0c62a7c57b13.pdf
43de19cd-7d43-4644-bd3a-e835fac25b5a,MCCLAIN,OK,s3://enverus-courthouse-prod-chd-plants/ok/mcclain/43de/43de19cd-7d43-4644-bd3a-e835fac25b5a.pdf
43e70257-3f3c-4596-9209-dc1b38a3e32a,CARTER,OK,\\smb.dc2isilon.na.drillinginfo.com\lease_data_entry\data_sources\ok_county_records\ok\carter\43e7
43f97919-0e96-4e76-91c0-8d37a48ea3c9,STEPHENS,OK,s3://enverus-courthouse-prod-chd-plants/ok/stephens/43f9/43f97919-0e96-4e76-91c0-8d37a48ea3c9.pdf
43fe8a83-24c5-4c53-ba7f-8efd5077b2f5,MCINTOSH,OK,\\smb.dc2isilon.na.drillinginfo.com\lease_data_entry\data_sources\ok_county_records\ok\mcintosh\43fe
440ec241-f3d9-4b70-b085-ce7ec806ce91,CARTER,OK,\\smb.dc2isilon.na.drillinginfo.com\lease_data_entry\data_sources\ok_county_records\ok\carter\440e
4425617f-f55f-429a-9178-9781746d3534,CUSTER,OK,\\smb.dc2isilon.na.drillinginfo.com\lease_data_entry\data_sources\ok_county_records\ok\custer\4425
44282f64-4c0a-45ff-9b6f-164400c40ca1,ROGER MILLS,OK,s3://enverus-courthouse-prod-chd-plants/ok/roger mills/4428/44282f64-4c0a-45ff-9b6f-164400c40ca1.pdf
444fe2e9-edbb-42ff-8b5c-779f14d8068e,STEPHENS,OK,s3://enverus-courthouse-prod-chd-plants/ok/stephens/444f/444fe2e9-edbb-42ff-8b5c-779f14d8068e.pdf
44618ca6-a71e-4934-a293-0e8ddf140b8e,ROGER MILLS,OK,s3://enverus-courthouse-prod-chd-plants/ok/roger mills/4461/44618ca6-a71e-4934-a293-0e8ddf140b8e.pdf
4466ebe8-7015-4dd0-aa33-d85f09ae2568,PITTSBURG,OK,s3://enverus-courthouse-prod-chd-plants/ok/pittsburg/4466/4466ebe8-7015-4dd0-aa33-d85f09ae2568.pdf
447fcee6-f4a9-4e7c-bab7-248723b65f2a,KINGFISHER,OK,\\smb.dc2isilon.na.drillinginfo.com\lease_data_entry\data_sources\ok_county_records\ok\kingfisher\447f
4493ee8f-dd6b-47ae-97d5-2918775819ca,LATIMER,OK,s3://enverus-courthouse-prod-chd-plants/ok/latimer/4493/4493ee8f-dd6b-47ae-97d5-2918775819ca.pdf
449aaec0-f17d-41a9-91f2-890b2d0423de,MAJOR,OK,\\smb.dc2isilon.na.drillinginfo.com\lease_data_entry\data_sources\ok_county_records\ok\major\449a
44a180da-ee4c-4528-8f66-36133d978f63,WASHINGTON,OK,\\smb.dc2isilon.na.drillinginfo.com\lease_data_entry\data_sources\ok_county_records\ok\washington\44a1
44b0d6c3-a078-4f40-9500-1eac70e8efed,LOGAN,OK,\\smb.dc2isilon.na.drillinginfo.com\lease_data_entry\data_sources\ok_county_records\ok\logan\44b0
44d49a61-1d7f-44d9-af54-5af855ea1818,LOGAN,OK,\\smb.dc2isilon.na.drillinginfo.com\lease_data_entry\data_sources\ok_county_records\ok\logan\44d4
44e6d89f-a631-43b1-aaaf-cc5e5239698f,STEPHENS,OK,\\smb.dc2isilon.na.drillinginfo.com\lease_data_entry\data_sources\ok_county_records\ok\stephens\44e6
45057502-2933-4b52-8a95-6796098b9044,LEFLORE,OK,\\smb.dc2isilon.na.drillinginfo.com\lease_data_entry\data_sources\ok_county_records\ok\leflore\4505
4505fada-497f-4229-9b27-9b7b7e858b1b,COMANCHE,OK,\\smb.dc2isilon.na.drillinginfo.com\lease_data_entry\data_sources\ok_county_records\ok\comanche\4505
4525817a-4593-4edf-8d88-a9eb05d4dbd3,GARVIN,OK,s3://enverus-courthouse-prod-chd-plants/ok/garvin/4525/4525817a-4593-4edf-8d88-a9eb05d4dbd3.pdf
452ed55d-0ae3-477b-b745-9590b72934e9,GARVIN,OK,s3://enverus-courthouse-prod-chd-plants/ok/garvin/452e/452ed55d-0ae3-477b-b745-9590b72934e9.pdf
453e3342-a3cd-42c8-a4dc-c1304cd64292,BLAINE,OK,\\smb.dc2isilon.na.drillinginfo.com\lease_data_entry\data_sources\ok_county_records\ok\blaine\453e
45581035-9fa4-4917-a304-c32f605ea9e7,LATIMER,OK,\\smb.dc2isilon.na.drillinginfo.com\lease_data_entry\data_sources\ok_county_records\ok\latimer\4558
45595c44-b0e0-45e5-85b9-c164a48a0df8,MCINTOSH,OK,\\smb.dc2isilon.na.drillinginfo.com\lease_data_entry\data_sources\ok_county_records\ok\mcintosh\4559
456f1adf-d4f9-4335-bce5-793509fbae3a,MAJOR,OK,s3://enverus-courthouse-prod-chd-plants/ok/major/456f/456f1adf-d4f9-4335-bce5-793509fbae3a.pdf
457e601d-20bb-479c-8caf-6d359c777f34,MCCLAIN,OK,s3://enverus-courthouse-prod-chd-plants/ok/mcclain/457e/457e601d-20bb-479c-8caf-6d359c777f34.pdf
45ad5ae5-3461-45f4-a6e6-792b84ebbd1d,LEFLORE,OK,s3://enverus-courthouse-prod-chd-plants/ok/leflore/45ad/45ad5ae5-3461-45f4-a6e6-792b84ebbd1d.pdf
45c5fd6f-e577-4dac-b2e3-23ba9ceb565b,LOGAN,OK,\\smb.dc2isilon.na.drillinginfo.com\lease_data_entry\data_sources\ok_county_records\ok\logan\45c5
45c74295-6e3e-4fdb-8d5c-75bd5b394c19,STEPHENS,OK,s3://enverus-courthouse-prod-chd-plants/ok/stephens/45c7/45c74295-6e3e-4fdb-8d5c-75bd5b394c19.pdf
45c95405-06a5-4ee9-b40f-09fccc03bddb,OKMULGEE,OK,\\smb.dc2isilon.na.drillinginfo.com\lease_data_entry\data_sources\ok_county_records\ok\okmulgee\45c9
45d1d0ed-f365-42d4-9f0d-2c5423dd6c04,WASHITA,OK,s3://enverus-courthouse-prod-chd-plants/ok/washita/45d1/45d1d0ed-f365-42d4-9f0d-2c5423dd6c04.pdf
45d6dc42-f68f-4da1-ae7b-aebc14bce57a,ROGER MILLS,OK,s3://enverus-courthouse-prod-chd-plants/ok/roger mills/45d6/45d6dc42-f68f-4da1-ae7b-aebc14bce57a.pdf
45ea9bf0-0495-48c6-8206-69930be61fcb,CARTER,OK,s3://enverus-courthouse-prod-chd-plants/ok/carter/45ea/45ea9bf0-0495-48c6-8206-69930be61fcb.pdf
45fe66eb-db78-44c0-9a6c-1abc6b294038,KINGFISHER,OK,s3://enverus-courthouse-prod-chd-plants/ok/kingfisher/45fe/45fe66eb-db78-44c0-9a6c-1abc6b294038.pdf
460769ad-03c3-4dc2-9346-59e273ef893d,BECKHAM,OK,\\smb.dc2isilon.na.drillinginfo.com\lease_data_entry\data_sources\ok_county_records\ok\beckham\4607
46095917-0c56-41a5-8b37-4eaaf36d795d,CUSTER,OK,\\smb.dc2isilon.na.drillinginfo.com\lease_data_entry\data_sources\ok_county_records\ok\custer\4609
463bc729-b6c8-472e-8792-49aa2696eb02,WASHITA,OK,s3://enverus-courthouse-prod-chd-plants/ok/washita/463b/463bc729-b6c8-472e-8792-49aa2696eb02.pdf
4644e1ec-ff88-4fe2-8fad-5f84d23bd1a4,LOGAN,OK,\\smb.dc2isilon.na.drillinginfo.com\lease_data_entry\data_sources\ok_county_records\ok\logan\4644
465bfce7-4ca3-4fd9-971b-301d24e0d9b5,LOGAN,OK,\\smb.dc2isilon.na.drillinginfo.com\lease_data_entry\data_sources\ok_county_records\ok\logan\465b
465cdcd3-3cd4-46ff-a468-1d5fd0161c1d,BLAINE,OK,\\smb.dc2isilon.na.drillinginfo.com\lease_data_entry\data_sources\ok_county_records\ok\blaine\465c
46603bee-fb49-48d0-aa31-87d92bcd1436,OKMULGEE,OK,s3://enverus-courthouse-prod-chd-plants/ok/okmulgee/4660/46603bee-fb49-48d0-aa31-87d92bcd1436.pdf
46830bed-ba61-489a-8c35-e98b50974a43,GARVIN,OK,s3://enverus-courthouse-prod-chd-plants/ok/garvin/4683/46830bed-ba61-489a-8c35-e98b50974a43.pdf
469b4a1a-94b5-4974-89b9-ea0f578f0f3d,OKMULGEE,OK,\\smb.dc2isilon.na.drillinginfo.com\lease_data_entry\data_sources\ok_county_records\ok\okmulgee\469b
46adc93f-a870-4b8c-aa4a-9e3580eed94b,MCCLAIN,OK,s3://enverus-courthouse-prod-chd-plants/ok/mcclain/46ad/46adc93f-a870-4b8c-aa4a-9e3580eed94b.pdf
46b1a0f0-b1fe-4469-9a1b-b56c0a6e30eb,CARTER,OK,\\smb.dc2isilon.na.drillinginfo.com\lease_data_entry\data_sources\ok_county_records\ok\carter\46b1
46bbf8bf-424f-4785-b41b-d4012ded18e4,SEMINOLE,OK,\\smb.dc2isilon.na.drillinginfo.com\lease_data_entry\data_sources\ok_county_records\ok\seminole\46bb
46d9ca04-a895-4971-aca3-70e3fd55e754,CARTER,OK,\\smb.dc2isilon.na.drillinginfo.com\lease_data_entry\data_sources\ok_county_records\ok\carter\46d9
46f9cd5e-595b-4d87-a18e-23eae1c54c33,CUSTER,OK,\\smb.dc2isilon.na.drillinginfo.com\lease_data_entry\data_sources\ok_county_records\ok\custer\46f9
4718381b-e364-43b4-8e2b-84d666521ffb,CARTER,OK,\\smb.dc2isilon.na.drillinginfo.com\lease_data_entry\data_sources\ok_county_records\ok\carter\4718
4722ea6e-163b-4b81-833e-214f6211620e,LEFLORE,OK,\\smb.dc2isilon.na.drillinginfo.com\lease_data_entry\data_sources\ok_county_records\ok\leflore\4722
473126f7-0aa0-46d0-9f3d-50134f22a22a,NOBLE,OK,s3://enverus-courthouse-prod-chd-plants/ok/noble/4731/473126f7-0aa0-46d0-9f3d-50134f22a22a.pdf
473cdfc2-89b5-4348-a5ff-028150b040a2,STEPHENS,OK,s3://enverus-courthouse-prod-chd-plants/ok/stephens/473c/473cdfc2-89b5-4348-a5ff-028150b040a2.pdf
4748ac2e-e611-42c9-99dd-e69013e36296,MCCLAIN,OK,\\smb.dc2isilon.na.drillinginfo.com\lease_data_entry\data_sources\ok_county_records\ok\mcclain\4748
474e9b26-6c3c-4174-a383-7f9be4dfe697,OKMULGEE,OK,\\smb.dc2isilon.na.drillinginfo.com\lease_data_entry\data_sources\ok_county_records\ok\okmulgee\474e
47594868-54ad-4e67-af9d-5a5741146d97,WASHITA,OK,s3://enverus-courthouse-prod-chd-plants/ok/washita/4759/47594868-54ad-4e67-af9d-5a5741146d97.pdf
47611dd4-c656-4e1a-976f-35a64581bba6,SEMINOLE,OK,\\smb.dc2isilon.na.drillinginfo.com\lease_data_entry\data_sources\ok_county_records\ok\seminole\4761
476541cb-0b4c-4c8b-8c89-b7ad00319d0c,TEXAS,OK,\\smb.dc2isilon.na.drillinginfo.com\lease_data_entry\data_sources\ok_county_records\ok\texas\4765
477c0cbf-9ed5-4f7f-a223-9d7eed85a285,KINGFISHER,OK,s3://enverus-courthouse-prod-chd-plants/ok/kingfisher/477c/477c0cbf-9ed5-4f7f-a223-9d7eed85a285.pdf
47963cf9-9eef-49b5-94ad-4804411c7127,MURRAY,OK,\\smb.dc2isilon.na.drillinginfo.com\lease_data_entry\data_sources\ok_county_records\ok\murray\4796
4797b373-0cce-4730-983c-05c2b7fc1f04,MARSHALL,OK,s3://enverus-courthouse-prod-chd-plants/ok/marshall/4797/4797b373-0cce-4730-983c-05c2b7fc1f04.pdf
47ad33cf-05cf-4276-a3e5-8fdbf7a96436,STEPHENS,OK,s3://enverus-courthouse-prod-chd-plants/ok/stephens/47ad/47ad33cf-05cf-4276-a3e5-8fdbf7a96436.pdf
47ae90fd-3d4c-4978-b818-3a8eee9f6dc1,STEPHENS,OK,s3://enverus-courthouse-prod-chd-plants/ok/stephens/47ae/47ae90fd-3d4c-4978-b818-3a8eee9f6dc1.pdf
47b5371b-4478-44c4-9397-61a196d7b35c,CARTER,OK,\\smb.dc2isilon.na.drillinginfo.com\lease_data_entry\data_sources\ok_county_records\ok\carter\47b5
47b96cc6-8291-4d0a-8c95-a0fefc489e4c,CUSTER,OK,\\smb.dc2isilon.na.drillinginfo.com\lease_data_entry\data_sources\ok_county_records\ok\custer\47b9
47ba9ef3-48f5-406a-89ae-9eb136e733b2,COMANCHE,OK,\\smb.dc2isilon.na.drillinginfo.com\lease_data_entry\data_sources\ok_county_records\ok\comanche\47ba
47c64377-32cb-48ec-846d-71984501a4eb,HUGHES,OK,\\smb.dc2isilon.na.drillinginfo.com\lease_data_entry\data_sources\ok_county_records\ok\hughes\47c6
47ce8701-dbd7-45a3-85de-0baf4cbae95c,MARSHALL,OK,s3://enverus-courthouse-prod-chd-plants/ok/marshall/47ce/47ce8701-dbd7-45a3-85de-0baf4cbae95c.pdf
481abb2e-d173-49e9-9a08-86b82ddf00e0,COMANCHE,OK,\\smb.dc2isilon.na.drillinginfo.com\lease_data_entry\data_sources\ok_county_records\ok\comanche\481a
4829d728-8439-4ea1-a2e1-9f92a1f3334e,CARTER,OK,\\smb.dc2isilon.na.drillinginfo.com\lease_data_entry\data_sources\ok_county_records\ok\carter\4829
482bb518-a9fb-4553-a0cd-b989e6a2436a,MUSKOGEE,OK,s3://enverus-courthouse-prod-chd-plants/ok/muskogee/482b/482bb518-a9fb-4553-a0cd-b989e6a2436a.pdf
482c4694-0f86-4b19-ab7a-8af2efe93789,COMANCHE,OK,\\smb.dc2isilon.na.drillinginfo.com\lease_data_entry\data_sources\ok_county_records\ok\comanche\482c
482c91ed-b6e8-417e-980c-45ec298c1545,MUSKOGEE,OK,\\smb.dc2isilon.na.drillinginfo.com\lease_data_entry\data_sources\ok_county_records\ok\muskogee\482c
4833e5ab-8ab1-4a36-8d04-0e9ab67f1777,COAL,OK,s3://enverus-courthouse-prod-chd-plants/ok/coal/4833/4833e5ab-8ab1-4a36-8d04-0e9ab67f1777.pdf
48386290-02d9-4369-83a7-b144cd7e8f35,CARTER,OK,s3://enverus-courthouse-prod-chd-plants/ok/carter/4838/48386290-02d9-4369-83a7-b144cd7e8f35.pdf
48416cc4-7974-451b-af9a-001da31f1ef4,OKMULGEE,OK,\\smb.dc2isilon.na.drillinginfo.com\lease_data_entry\data_sources\ok_county_records\ok\okmulgee\4841
486fc479-7146-4f5c-b097-6d7ffb2282c8,OKMULGEE,OK,\\smb.dc2isilon.na.drillinginfo.com\lease_data_entry\data_sources\ok_county_records\ok\okmulgee\486f
48728d4d-d691-4590-8e57-9d61397c333f,STEPHENS,OK,\\smb.dc2isilon.na.drillinginfo.com\lease_data_entry\data_sources\ok_county_records\ok\stephens\4872
48757b5e-a7bc-4434-a1a2-c6517c5e366d,ROGER MILLS,OK,s3://enverus-courthouse-prod-chd-plants/ok/roger mills/4875/48757b5e-a7bc-4434-a1a2-c6517c5e366d.pdf
487b7af4-0e56-40e4-816b-27530ffce2b9,ELLIS,OK,s3://enverus-courthouse-prod-chd-plants/ok/ellis/487b/487b7af4-0e56-40e4-816b-27530ffce2b9.pdf
489a82a4-33a5-4a42-ad90-a60401451c2c,OKMULGEE,OK,\\smb.dc2isilon.na.drillinginfo.com\lease_data_entry\data_sources\ok_county_records\ok\okmulgee\489a
48a23411-825b-4d56-8401-5806f4aff37f,GRANT,OK,s3://enverus-courthouse-prod-chd-plants/ok/grant/48a2/48a23411-825b-4d56-8401-5806f4aff37f.pdf
48c11497-afd9-4cfb-9963-1bd23532d2c6,ROGER MILLS,OK,\\smb.dc2isilon.na.drillinginfo.com\lease_data_entry\data_sources\ok_county_records\ok\roger mills\48c1
48ccd3d5-cdc0-4518-b14d-9fc729e27f3c,BLAINE,OK,s3://enverus-courthouse-prod-chd-plants/ok/blaine/48cc/48ccd3d5-cdc0-4518-b14d-9fc729e27f3c.pdf
48d8a870-8860-49d1-9513-3b72218b2849,CARTER,OK,s3://enverus-courthouse-prod-chd-plants/ok/carter/48d8/48d8a870-8860-49d1-9513-3b72218b2849.pdf
48e4cca1-bc03-497f-b638-08ecec203df8,WOODWARD,OK,\\smb.dc2isilon.na.drillinginfo.com\lease_data_entry\data_sources\ok_county_records\ok\woodward\48e4
48fb81c4-7a12-474a-b649-825d3885f90e,MCCLAIN,OK,\\smb.dc2isilon.na.drillinginfo.com\lease_data_entry\data_sources\ok_county_records\ok\mcclain\48fb
48fd55a0-07a6-48b7-89f3-657c859ac413,LOGAN,OK,s3://enverus-courthouse-prod-chd-plants/ok/logan/48fd/48fd55a0-07a6-48b7-89f3-657c859ac413.pdf
4902157c-8a64-4c19-886c-a10e1667e80e,WASHITA,OK,\\smb.dc2isilon.na.drillinginfo.com\lease_data_entry\data_sources\ok_county_records\ok\washita\4902
49047775-1cdd-4621-9fba-3ef21359a999,CARTER,OK,s3://enverus-courthouse-prod-chd-plants/ok/carter/4904/49047775-1cdd-4621-9fba-3ef21359a999.pdf
491ef048-9767-4457-90c5-2cb14127c573,KINGFISHER,OK,s3://enverus-courthouse-prod-chd-plants/ok/kingfisher/491e/491ef048-9767-4457-90c5-2cb14127c573.pdf
49248ae8-a6a1-4077-b3fe-204ce051cb92,SEMINOLE,OK,\\smb.dc2isilon.na.drillinginfo.com\lease_data_entry\data_sources\ok_county_records\ok\seminole\4924
492a6507-7db3-4380-9d14-c896189463ef,PITTSBURG,OK,\\smb.dc2isilon.na.drillinginfo.com\lease_data_entry\data_sources\ok_county_records\ok\pittsburg\492a
493f8336-e9e8-4746-afd9-b8ad747026e5,ELLIS,OK,s3://enverus-courthouse-prod-chd-plants/ok/ellis/493f/493f8336-e9e8-4746-afd9-b8ad747026e5.pdf
494b88c4-27b4-4d77-8b54-11113798e4a2,MCINTOSH,OK,s3://enverus-courthouse-prod-chd-plants/ok/mcintosh/494b/494b88c4-27b4-4d77-8b54-11113798e4a2.pdf
49794e53-9e72-4d91-a98a-19adc8938217,COMANCHE,OK,\\smb.dc2isilon.na.drillinginfo.com\lease_data_entry\data_sources\ok_county_records\ok\comanche\4979
49abdedb-858d-49c5-a2eb-d33b9e06b010,COAL,OK,s3://enverus-courthouse-prod-chd-plants/ok/coal/49ab/49abdedb-858d-49c5-a2eb-d33b9e06b010.pdf
49ac8c20-7673-4420-b5a0-51caca045742,GRANT,OK,\\smb.dc2isilon.na.drillinginfo.com\lease_data_entry\data_sources\ok_county_records\ok\grant\49ac
49c0cbac-1c20-43e0-a830-0783c8b8a168,SEMINOLE,OK,\\smb.dc2isilon.na.drillinginfo.com\lease_data_entry\data_sources\ok_county_records\ok\seminole\49c0
49c6f7d5-dc28-4701-8721-1e1537f59415,BECKHAM,OK,\\smb.dc2isilon.na.drillinginfo.com\lease_data_entry\data_sources\ok_county_records\ok\beckham\49c6
49cb74ac-2f96-4c68-b408-515581520041,COMANCHE,OK,\\smb.dc2isilon.na.drillinginfo.com\lease_data_entry\data_sources\ok_county_records\ok\comanche\49cb
49dae699-d4d3-47d3-8fb1-87b6f7b8640d,CARTER,OK,s3://enverus-courthouse-prod-chd-plants/ok/carter/49da/49dae699-d4d3-47d3-8fb1-87b6f7b8640d.pdf
49f04af5-012b-4b4f-a498-e81458e3532c,COMANCHE,OK,\\smb.dc2isilon.na.drillinginfo.com\lease_data_entry\data_sources\ok_county_records\ok\comanche\49f0
49f75f3f-4c61-4cb6-8647-fa8d4e113c9e,LEFLORE,OK,\\smb.dc2isilon.na.drillinginfo.com\lease_data_entry\data_sources\ok_county_records\ok\leflore\49f7
49f7ea67-a0bd-428f-8409-f735ea96c334,STEPHENS,OK,s3://enverus-courthouse-prod-chd-plants/ok/stephens/49f7/49f7ea67-a0bd-428f-8409-f735ea96c334.pdf
49fb27a0-a75b-412e-91c9-167ea4f07be3,MCCLAIN,OK,\\smb.dc2isilon.na.drillinginfo.com\lease_data_entry\data_sources\ok_county_records\ok\mcclain\49fb
49fb5598-2ef5-45bc-9600-6d61d751c84c,BLAINE,OK,s3://enverus-courthouse-prod-chd-plants/ok/blaine/49fb/49fb5598-2ef5-45bc-9600-6d61d751c84c.pdf
49feacfb-c2d6-40a4-b7a2-33d1e5f9c96e,MAJOR,OK,s3://enverus-courthouse-prod-chd-plants/ok/major/49fe/49feacfb-c2d6-40a4-b7a2-33d1e5f9c96e.pdf
4a024a72-9445-4e76-8983-02ad9b353755,CUSTER,OK,s3://enverus-courthouse-prod-chd-plants/ok/custer/4a02/4a024a72-9445-4e76-8983-02ad9b353755.pdf
4a06cfe9-5807-4c86-986b-12e2f951ac65,STEPHENS,OK,\\smb.dc2isilon.na.drillinginfo.com\lease_data_entry\data_sources\ok_county_records\ok\stephens\4a06
4a54bad6-f5db-4166-9e76-d11537f3abd0,COMANCHE,OK,\\smb.dc2isilon.na.drillinginfo.com\lease_data_entry\data_sources\ok_county_records\ok\comanche\4a54
4a5aafff-d15b-49bb-8ef9-3029ca9755c6,KINGFISHER,OK,\\smb.dc2isilon.na.drillinginfo.com\lease_data_entry\data_sources\ok_county_records\ok\kingfisher\4a5a
4a82d5a3-3ee9-45e9-9e0e-e1f4b4380640,BLAINE,OK,\\smb.dc2isilon.na.drillinginfo.com\lease_data_entry\data_sources\ok_county_records\ok\blaine\4a82
4ac0e4bc-2605-4a05-8217-827fd5e8671a,OKMULGEE,OK,\\smb.dc2isilon.na.drillinginfo.com\lease_data_entry\data_sources\ok_county_records\ok\okmulgee\4ac0
4ac3a7a0-f27b-4a60-ae31-6ea09689b9a5,LEFLORE,OK,\\smb.dc2isilon.na.drillinginfo.com\lease_data_entry\data_sources\ok_county_records\ok\leflore\4ac3
4ad02e0f-c5b6-4ab8-b55c-ec60c157d39c,GARVIN,OK,s3://enverus-courthouse-prod-chd-plants/ok/garvin/4ad0/4ad02e0f-c5b6-4ab8-b55c-ec60c157d39c.pdf
4ad44b4f-c7ff-49d4-bab2-d16885ff9f37,GARVIN,OK,s3://enverus-courthouse-prod-chd-plants/ok/garvin/4ad4/4ad44b4f-c7ff-49d4-bab2-d16885ff9f37.pdf
4ad84b31-b730-4c93-9825-ade4899844b3,LATIMER,OK,s3://enverus-courthouse-prod-chd-plants/ok/latimer/4ad8/4ad84b31-b730-4c93-9825-ade4899844b3.pdf
4adeffaa-cc70-4202-9b39-3fdbba8ff91b,ROGER MILLS,OK,s3://enverus-courthouse-prod-chd-plants/ok/roger mills/4ade/4adeffaa-cc70-4202-9b39-3fdbba8ff91b.pdf
4aeb7c60-527e-4f29-bbca-8371cbe144a6,CUSTER,OK,s3://enverus-courthouse-prod-chd-plants/ok/custer/4aeb/4aeb7c60-527e-4f29-bbca-8371cbe144a6.pdf
4af8445c-3500-40d5-827f-860dae22cf7b,LINCOLN,OK,\\smb.dc2isilon.na.drillinginfo.com\lease_data_entry\data_sources\ok_county_records\ok\lincoln\4af8
4afabad8-61e7-4630-a054-86e1bdc1703d,LINCOLN,OK,\\smb.dc2isilon.na.drillinginfo.com\lease_data_entry\data_sources\ok_county_records\ok\lincoln\4afa
4b093097-fbcd-4572-be66-e4f55a913158,LOGAN,OK,\\smb.dc2isilon.na.drillinginfo.com\lease_data_entry\data_sources\ok_county_records\ok\logan\4b09
4b0d59dc-d200-44f9-a26e-aac6c2d127e8,KIOWA,OK,s3://enverus-courthouse-prod-chd-plants/ok/kiowa/4b0d/4b0d59dc-d200-44f9-a26e-aac6c2d127e8.pdf
4b151126-5a30-4480-87e0-caa1c553bc83,LOGAN,OK,\\smb.dc2isilon.na.drillinginfo.com\lease_data_entry\data_sources\ok_county_records\ok\logan\4b15
4b1d893b-fae2-4ef0-bcc2-dd1bcdd9df7e,WASHITA,OK,s3://enverus-courthouse-prod-chd-plants/ok/washita/4b1d/4b1d893b-fae2-4ef0-bcc2-dd1bcdd9df7e.pdf
4b201940-59e8-4d93-8955-babbc9997a3f,OKMULGEE,OK,\\smb.dc2isilon.na.drillinginfo.com\lease_data_entry\data_sources\ok_county_records\ok\okmulgee\4b20
4b2281f7-f83c-4df6-9a77-e6b81adf60cb,CARTER,OK,s3://enverus-courthouse-prod-chd-plants/ok/carter/4b22/4b2281f7-f83c-4df6-9a77-e6b81adf60cb.pdf
4b3fee31-a919-449b-8e15-52c694108cf0,MCCLAIN,OK,s3://enverus-courthouse-prod-chd-plants/ok/mcclain/4b3f/4b3fee31-a919-449b-8e15-52c694108cf0.pdf
4b44e893-014a-49ab-b772-3446270afb43,LEFLORE,OK,\\smb.dc2isilon.na.drillinginfo.com\lease_data_entry\data_sources\ok_county_records\ok\leflore\4b44
4b5b96a8-fd54-46cb-8ce6-469c5d0ac8a0,LOGAN,OK,s3://enverus-courthouse-prod-chd-plants/ok/logan/4b5b/4b5b96a8-fd54-46cb-8ce6-469c5d0ac8a0.pdf
4b5eb80b-6185-4b55-b3d6-3abc25c1384e,LEFLORE,OK,\\smb.dc2isilon.na.drillinginfo.com\lease_data_entry\data_sources\ok_county_records\ok\leflore\4b5e
4b699e32-c278-44a5-85be-36b8df10ca3a,MCCLAIN,OK,s3://enverus-courthouse-prod-chd-plants/ok/mcclain/4b69/4b699e32-c278-44a5-85be-36b8df10ca3a.pdf
4b99716e-3b54-46d5-a4d6-8d8559a60039,LINCOLN,OK,\\smb.dc2isilon.na.drillinginfo.com\lease_data_entry\data_sources\ok_county_records\ok\lincoln\4b99
4ba83ae5-f031-4598-9013-ecf0ddb55194,COMANCHE,OK,\\smb.dc2isilon.na.drillinginfo.com\lease_data_entry\data_sources\ok_county_records\ok\comanche\4ba8
4bb31516-6548-4cd9-8c9f-70bcaad0c64e,LOGAN,OK,s3://enverus-courthouse-prod-chd-plants/ok/logan/4bb3/4bb31516-6548-4cd9-8c9f-70bcaad0c64e.pdf
4bb9eace-d5e3-4820-b9e8-e3dbd87b426d,ELLIS,OK,s3://enverus-courthouse-prod-chd-plants/ok/ellis/4bb9/4bb9eace-d5e3-4820-b9e8-e3dbd87b426d.pdf
4bccf9cf-4f14-4688-8a55-8b57b0ed3e43,STEPHENS,OK,\\smb.dc2isilon.na.drillinginfo.com\lease_data_entry\data_sources\ok_county_records\ok\stephens\4bcc
4be2ad02-a94b-4f5d-a9ba-f2f4e62b52ed,ROGER MILLS,OK,\\smb.dc2isilon.na.drillinginfo.com\lease_data_entry\data_sources\ok_county_records\ok\roger mills\4be2
4be57e33-31fa-4529-9698-c98d0962984e,KINGFISHER,OK,\\smb.dc2isilon.na.drillinginfo.com\lease_data_entry\data_sources\ok_county_records\ok\kingfisher\4be5
4bf5bc19-b7d1-49b4-a83f-beb5454b3c2c,SEMINOLE,OK,\\smb.dc2isilon.na.drillinginfo.com\lease_data_entry\data_sources\ok_county_records\ok\seminole\4bf5
4c0bd874-d48d-4aa3-9f95-2b5c88330942,LOGAN,OK,\\smb.dc2isilon.na.drillinginfo.com\lease_data_entry\data_sources\ok_county_records\ok\logan\4c0b
4c0c69bc-ee53-44af-a925-43507a69bc85,CUSTER,OK,s3://enverus-courthouse-prod-chd-plants/ok/custer/4c0c/4c0c69bc-ee53-44af-a925-43507a69bc85.pdf
4c1cabe2-a4ef-40a9-89e5-d2946c6859fe,MCCLAIN,OK,s3://enverus-courthouse-prod-chd-plants/ok/mcclain/4c1c/4c1cabe2-a4ef-40a9-89e5-d2946c6859fe.pdf
4c1d0f04-b3f5-4eb5-ad30-ae2ed9fb8c82,MCCLAIN,OK,\\smb.dc2isilon.na.drillinginfo.com\lease_data_entry\data_sources\ok_county_records\ok\mcclain\4c1d
4c334437-cf82-471d-8248-41b33f12562c,LINCOLN,OK,s3://enverus-courthouse-prod-chd-plants/ok/lincoln/4c33/4c334437-cf82-471d-8248-41b33f12562c.pdf
4c38f5c9-4aab-4ebb-a42c-90a0ae5396e2,LINCOLN,OK,s3://enverus-courthouse-prod-chd-plants/ok/lincoln/4c38/4c38f5c9-4aab-4ebb-a42c-90a0ae5396e2.pdf
4c3f8519-6813-4e17-bedf-2d1e1474a17a,BECKHAM,OK,s3://enverus-courthouse-prod-chd-plants/ok/beckham/4c3f/4c3f8519-6813-4e17-bedf-2d1e1474a17a.pdf
4c54f62a-2b72-4049-b05e-d9736dd74bc2,CUSTER,OK,s3://enverus-courthouse-prod-chd-plants/ok/custer/4c54/4c54f62a-2b72-4049-b05e-d9736dd74bc2.pdf
4c5f9c61-03a7-4916-be25-686476910e11,OKMULGEE,OK,\\smb.dc2isilon.na.drillinginfo.com\lease_data_entry\data_sources\ok_county_records\ok\okmulgee\4c5f
4c7c53a3-1884-4a89-b694-623957fea957,LOGAN,OK,s3://enverus-courthouse-prod-chd-plants/ok/logan/4c7c/4c7c53a3-1884-4a89-b694-623957fea957.pdf
4c87408d-f901-423b-ae5d-01f5649dee20,MCCLAIN,OK,\\smb.dc2isilon.na.drillinginfo.com\lease_data_entry\data_sources\ok_county_records\ok\mcclain\4c87
4ca07876-6c87-451f-930c-0716e9fce31e,STEPHENS,OK,s3://enverus-courthouse-prod-chd-plants/ok/stephens/4ca0/4ca07876-6c87-451f-930c-0716e9fce31e.pdf
4cb5aece-8c16-453d-b3bc-de05f331e4f2,WASHINGTON,OK,\\smb.dc2isilon.na.drillinginfo.com\lease_data_entry\data_sources\ok_county_records\ok\washington\4cb5
4cbd17d3-187d-4266-bed6-132b3e5da7f3,CUSTER,OK,s3://enverus-courthouse-prod-chd-plants/ok/custer/4cbd/4cbd17d3-187d-4266-bed6-132b3e5da7f3.pdf
4cd016e5-fca7-4924-80ca-93e9eddadbba,PONTOTOC,OK,\\smb.dc2isilon.na.drillinginfo.com\lease_data_entry\data_sources\ok_county_records\ok\pontotoc\4cd0
4cd0914e-f04c-41bc-b278-b244f2469fba,CARTER,OK,\\smb.dc2isilon.na.drillinginfo.com\lease_data_entry\data_sources\ok_county_records\ok\carter\4cd0
4ce59991-cfb5-4d8d-b6b1-85185ee257c3,LOVE,OK,s3://enverus-courthouse-prod-chd-plants/ok/love/4ce5/4ce59991-cfb5-4d8d-b6b1-85185ee257c3.pdf
4cf22152-fb17-4a14-8369-af0cee58ac99,MAJOR,OK,\\smb.dc2isilon.na.drillinginfo.com\lease_data_entry\data_sources\ok_county_records\ok\major\4cf2
4d21c2b8-d59b-4b29-aff9-5b5ede09bd55,ROGER MILLS,OK,s3://enverus-courthouse-prod-chd-plants/ok/roger mills/4d21/4d21c2b8-d59b-4b29-aff9-5b5ede09bd55.pdf
4d3d8a0a-85ae-4a33-ba03-3f4d3b18d4d7,ELLIS,OK,s3://enverus-courthouse-prod-chd-plants/ok/ellis/4d3d/4d3d8a0a-85ae-4a33-ba03-3f4d3b18d4d7.pdf
4d4c7890-2ecf-4d2a-a009-a7026e46d753,MCCLAIN,OK,\\smb.dc2isilon.na.drillinginfo.com\lease_data_entry\data_sources\ok_county_records\ok\mcclain\4d4c
4d81c5fd-bc73-4058-9650-92041b715cde,KAY,OK,\\smb.dc2isilon.na.drillinginfo.com\lease_data_entry\data_sources\ok_county_records\ok\kay\4d81
4d87ac1d-bae4-4a67-90df-182f94161e04,ELLIS,OK,s3://enverus-courthouse-prod-chd-plants/ok/ellis/4d87/4d87ac1d-bae4-4a67-90df-182f94161e04.pdf
4d9569d2-45f8-4fd0-8f75-76306cb4f729,MCCLAIN,OK,s3://enverus-courthouse-prod-chd-plants/ok/mcclain/4d95/4d9569d2-45f8-4fd0-8f75-76306cb4f729.pdf
4da773f5-2a79-4dd0-9bae-b1bb7d98fc23,MAJOR,OK,s3://enverus-courthouse-prod-chd-plants/ok/major/4da7/4da773f5-2a79-4dd0-9bae-b1bb7d98fc23.pdf
4dbbbce1-3240-4362-939a-1dcaee34a8ba,ELLIS,OK,s3://enverus-courthouse-prod-chd-plants/ok/ellis/4dbb/4dbbbce1-3240-4362-939a-1dcaee34a8ba.pdf
4dc066bf-a519-4a4c-ab93-65bac4a0eaf6,ROGER MILLS,OK,s3://enverus-courthouse-prod-chd-plants/ok/roger mills/4dc0/4dc066bf-a519-4a4c-ab93-65bac4a0eaf6.pdf
4ddbc069-5498-48d5-8d4f-5efe4389432e,MAJOR,OK,\\smb.dc2isilon.na.drillinginfo.com\lease_data_entry\data_sources\ok_county_records\ok\major\4ddb
4de48624-9429-44ac-b476-4e72fc7e810f,CARTER,OK,\\smb.dc2isilon.na.drillinginfo.com\lease_data_entry\data_sources\ok_county_records\ok\carter\4de4
4df1e940-7b37-4b1d-a394-75bbad181fb4,PONTOTOC,OK,\\smb.dc2isilon.na.drillinginfo.com\lease_data_entry\data_sources\ok_county_records\ok\pontotoc\4df1
4df4ba89-414d-42d5-a6f9-83720755e98a,ELLIS,OK,s3://enverus-courthouse-prod-chd-plants/ok/ellis/4df4/4df4ba89-414d-42d5-a6f9-83720755e98a.pdf
4e054244-3379-4f9d-a100-60532e91b851,KINGFISHER,OK,s3://enverus-courthouse-prod-chd-plants/ok/kingfisher/4e05/4e054244-3379-4f9d-a100-60532e91b851.pdf
4e14b92f-5d17-413f-b4c3-f45baa3d8d96,ROGER MILLS,OK,s3://enverus-courthouse-prod-chd-plants/ok/roger mills/4e14/4e14b92f-5d17-413f-b4c3-f45baa3d8d96.pdf
4e2cc7e9-f3b7-4a8e-b87b-0a56ada2e130,LOVE,OK,\\smb.dc2isilon.na.drillinginfo.com\lease_data_entry\data_sources\ok_county_records\ok\love\4e2c
4e364e89-9403-4793-a5a8-f6646dd41950,KIOWA,OK,s3://enverus-courthouse-prod-chd-plants/ok/kiowa/4e36/4e364e89-9403-4793-a5a8-f6646dd41950.pdf
4e379ea7-80b8-4208-8af8-d121dd2a0318,MARSHALL,OK,\\smb.dc2isilon.na.drillinginfo.com\lease_data_entry\data_sources\ok_county_records\ok\marshall\4e37
4e5cc319-ba98-4435-a964-ee5cb8bbc0a8,SEMINOLE,OK,\\smb.dc2isilon.na.drillinginfo.com\lease_data_entry\data_sources\ok_county_records\ok\seminole\4e5c
4e6e6a12-7153-437a-894c-3b410cff2690,CUSTER,OK,s3://enverus-courthouse-prod-chd-plants/ok/custer/4e6e/4e6e6a12-7153-437a-894c-3b410cff2690.pdf
4e75c9c1-4ba7-4d4b-94e7-ed86f558fe44,WASHITA,OK,s3://enverus-courthouse-prod-chd-plants/ok/washita/4e75/4e75c9c1-4ba7-4d4b-94e7-ed86f558fe44.pdf
4e80fcd6-d591-42d0-88a4-0b71d253d4b8,ROGER MILLS,OK,s3://enverus-courthouse-prod-chd-plants/ok/roger mills/4e80/4e80fcd6-d591-42d0-88a4-0b71d253d4b8.pdf
4ea4b4f2-fb09-42bc-b490-d7844971d026,SEMINOLE,OK,s3://enverus-courthouse-prod-chd-plants/ok/seminole/4ea4/4ea4b4f2-fb09-42bc-b490-d7844971d026.pdf
4ea6960f-4a27-47e5-9d8e-0e20014d0908,MAJOR,OK,\\smb.dc2isilon.na.drillinginfo.com\lease_data_entry\data_sources\ok_county_records\ok\major\4ea6
4ea8ad62-23b6-4ae2-81de-834c574958b5,COMANCHE,OK,\\smb.dc2isilon.na.drillinginfo.com\lease_data_entry\data_sources\ok_county_records\ok\comanche\4ea8
4eaa3c13-9b0e-4d23-8582-4b613733b222,ROGER MILLS,OK,s3://enverus-courthouse-prod-chd-plants/ok/roger mills/4eaa/4eaa3c13-9b0e-4d23-8582-4b613733b222.pdf
4eb7b234-e24e-4307-b3fb-2f8e5a6ff68a,WASHINGTON,OK,s3://enverus-courthouse-prod-chd-plants/ok/washington/4eb7/4eb7b234-e24e-4307-b3fb-2f8e5a6ff68a.pdf
4ebea8ae-1ace-49db-9a97-5d642d070cef,CUSTER,OK,s3://enverus-courthouse-prod-chd-plants/ok/custer/4ebe/4ebea8ae-1ace-49db-9a97-5d642d070cef.pdf
4ecb29a9-849e-4c4b-b0f2-946f941f7048,CARTER,OK,\\smb.dc2isilon.na.drillinginfo.com\lease_data_entry\data_sources\ok_county_records\ok\carter\4ecb
4edf5d81-a1c5-4586-b3f7-48ae9921d804,KINGFISHER,OK,\\smb.dc2isilon.na.drillinginfo.com\lease_data_entry\data_sources\ok_county_records\ok\kingfisher\4edf
4ee500a3-d9d1-45b1-880d-93b72560b10f,WASHITA,OK,s3://enverus-courthouse-prod-chd-plants/ok/washita/4ee5/4ee500a3-d9d1-45b1-880d-93b72560b10f.pdf
4eecf9cf-d6f8-4290-af96-c27be3589233,MCCLAIN,OK,\\smb.dc2isilon.na.drillinginfo.com\lease_data_entry\data_sources\ok_county_records\ok\mcclain\4eec
4efd5791-3b17-44c4-9f41-92169f647b21,MCCLAIN,OK,s3://enverus-courthouse-prod-chd-plants/ok/mcclain/4efd/4efd5791-3b17-44c4-9f41-92169f647b21.pdf
4f1a7032-e9c4-4c6f-915f-0a78ae721b15,MCCLAIN,OK,s3://enverus-courthouse-prod-chd-plants/ok/mcclain/4f1a/4f1a7032-e9c4-4c6f-915f-0a78ae721b15.pdf
4f266322-9659-4f29-91ca-5404c15fdd41,BLAINE,OK,s3://enverus-courthouse-prod-chd-plants/ok/blaine/4f26/4f266322-9659-4f29-91ca-5404c15fdd41.pdf
4f2c0b63-ba1f-49e2-ae70-3c1621803c5d,ROGER MILLS,OK,\\smb.dc2isilon.na.drillinginfo.com\lease_data_entry\data_sources\ok_county_records\ok\roger mills\4f2c
4f32ef56-b4f3-4321-a4b3-66c163bb76dd,LOGAN,OK,\\smb.dc2isilon.na.drillinginfo.com\lease_data_entry\data_sources\ok_county_records\ok\logan\4f32
4f339b4c-c4f5-42b8-8eae-199f59f85245,LATIMER,OK,\\smb.dc2isilon.na.drillinginfo.com\lease_data_entry\data_sources\ok_county_records\ok\latimer\4f33
4f3961f7-ca98-45a1-b60c-84097bee6db4,COAL,OK,s3://enverus-courthouse-prod-chd-plants/ok/coal/4f39/4f3961f7-ca98-45a1-b60c-84097bee6db4.pdf
4f3c820d-1804-451d-b304-27694c066946,MCCLAIN,OK,\\smb.dc2isilon.na.drillinginfo.com\lease_data_entry\data_sources\ok_county_records\ok\mcclain\4f3c
4f43d18d-2af2-44db-a64f-203e6886255c,OKMULGEE,OK,s3://enverus-courthouse-prod-chd-plants/ok/okmulgee/4f43/4f43d18d-2af2-44db-a64f-203e6886255c.pdf
4f4e16a4-8010-4777-b604-ccc1e5c775c8,OKMULGEE,OK,\\smb.dc2isilon.na.drillinginfo.com\lease_data_entry\data_sources\ok_county_records\ok\okmulgee\4f4e
4f57cbad-17e1-438e-8d49-b2254ce55f82,PITTSBURG,OK,s3://enverus-courthouse-prod-chd-plants/ok/pittsburg/4f57/4f57cbad-17e1-438e-8d49-b2254ce55f82.pdf
4f689232-d2d5-43b7-9991-b7588443f2f4,LOGAN,OK,\\smb.dc2isilon.na.drillinginfo.com\lease_data_entry\data_sources\ok_county_records\ok\logan\4f68
4f6fd7e2-71ad-4abc-867d-90784d47562b,OKMULGEE,OK,\\smb.dc2isilon.na.drillinginfo.com\lease_data_entry\data_sources\ok_county_records\ok\okmulgee\4f6f
4f80bbf8-b84d-4702-b1bb-f1e92c9ecdd2,GARVIN,OK,\\smb.dc2isilon.na.drillinginfo.com\lease_data_entry\data_sources\ok_county_records\ok\garvin\4f80
4fa50743-6958-43c5-a851-dbf3e168a224,MCCLAIN,OK,s3://enverus-courthouse-prod-chd-plants/ok/mcclain/4fa5/4fa50743-6958-43c5-a851-dbf3e168a224.pdf
4fa6bc67-2abf-40f7-90cf-e9ffbd5a7151,LINCOLN,OK,\\smb.dc2isilon.na.drillinginfo.com\lease_data_entry\data_sources\ok_county_records\ok\lincoln\4fa6
4fca5c6c-4ecb-4536-a989-2b46d79858f3,LINCOLN,OK,s3://enverus-courthouse-prod-chd-plants/ok/lincoln/4fca/4fca5c6c-4ecb-4536-a989-2b46d79858f3.pdf
4fcc31d7-7d2b-49bc-97f7-6abfa5607af4,ROGER MILLS,OK,s3://enverus-courthouse-prod-chd-plants/ok/roger mills/4fcc/4fcc31d7-7d2b-49bc-97f7-6abfa5607af4.pdf
4fe63e56-432d-4e16-ac01-98592bfa0268,LOGAN,OK,s3://enverus-courthouse-prod-chd-plants/ok/logan/4fe6/4fe63e56-432d-4e16-ac01-98592bfa0268.pdf
4ffb4385-9eeb-4279-b32f-489c1fdd88ad,DEWEY,OK,\\smb.dc2isilon.na.drillinginfo.com\lease_data_entry\data_sources\ok_county_records\ok\dewey\4ffb
4fffb0cd-bfa7-442d-afab-a12d2a6299a1,LINCOLN,OK,s3://enverus-courthouse-prod-chd-plants/ok/lincoln/4fff/4fffb0cd-bfa7-442d-afab-a12d2a6299a1.pdf
50163144-34cd-415c-8544-f07eb445db12,GARVIN,OK,\\smb.dc2isilon.na.drillinginfo.com\lease_data_entry\data_sources\ok_county_records\ok\garvin\5016
501f0597-28cc-445a-a8f0-4f7e9cf1e80b,KINGFISHER,OK,s3://enverus-courthouse-prod-chd-plants/ok/kingfisher/501f/501f0597-28cc-445a-a8f0-4f7e9cf1e80b.pdf
50281406-5a4d-4be1-a56a-dfe0788a0f8c,STEPHENS,OK,\\smb.dc2isilon.na.drillinginfo.com\lease_data_entry\data_sources\ok_county_records\ok\stephens\5028
502bcd59-f943-4578-80eb-0a9e826a23fa,MURRAY,OK,s3://enverus-courthouse-prod-chd-plants/ok/murray/502b/502bcd59-f943-4578-80eb-0a9e826a23fa.pdf
5035058c-4854-480b-9c48-372de2347f39,MCCLAIN,OK,s3://enverus-courthouse-prod-chd-plants/ok/mcclain/5035/5035058c-4854-480b-9c48-372de2347f39.pdf
504074cf-b8f6-49d4-8ba7-ac3ae050e4cc,CARTER,OK,\\smb.dc2isilon.na.drillinginfo.com\lease_data_entry\data_sources\ok_county_records\ok\carter\5040
504b6fb0-9a7b-4b5e-83cf-df40a77bb3e6,LOGAN,OK,\\smb.dc2isilon.na.drillinginfo.com\lease_data_entry\data_sources\ok_county_records\ok\logan\504b
504c439b-ae69-4b1b-88b5-60f72b78c6be,LINCOLN,OK,\\smb.dc2isilon.na.drillinginfo.com\lease_data_entry\data_sources\ok_county_records\ok\lincoln\504c
505dc060-fa5f-4c10-bae9-a57a5f8b8006,BECKHAM,OK,\\smb.dc2isilon.na.drillinginfo.com\lease_data_entry\data_sources\ok_county_records\ok\beckham\505d
505e906e-eca8-4298-9875-cd9db03197bc,COAL,OK,s3://enverus-courthouse-prod-chd-plants/ok/coal/505e/505e906e-eca8-4298-9875-cd9db03197bc.pdf
5068a371-bcf1-4a13-b5eb-c4f36535acb1,LOGAN,OK,s3://enverus-courthouse-prod-chd-plants/ok/logan/5068/5068a371-bcf1-4a13-b5eb-c4f36535acb1.pdf
5076ee28-8ecc-4bd3-93a5-d8f0267bf2e1,CARTER,OK,\\smb.dc2isilon.na.drillinginfo.com\lease_data_entry\data_sources\ok_county_records\ok\carter\5076
50782e61-e02c-482a-a8e3-adfbdc0d2da1,WASHITA,OK,s3://enverus-courthouse-prod-chd-plants/ok/washita/5078/50782e61-e02c-482a-a8e3-adfbdc0d2da1.pdf
5087b773-63b6-4069-a8b1-1f55c64d0e19,WOODWARD,OK,s3://enverus-courthouse-prod-chd-plants/ok/woodward/5087/5087b773-63b6-4069-a8b1-1f55c64d0e19.pdf
50890887-6dbb-49c8-8935-f152f73d73b2,TEXAS,OK,s3://enverus-courthouse-prod-chd-plants/ok/texas/5089/50890887-6dbb-49c8-8935-f152f73d73b2.pdf
50ae7f97-130c-4a50-9a66-248f790bba7f,KINGFISHER,OK,\\smb.dc2isilon.na.drillinginfo.com\lease_data_entry\data_sources\ok_county_records\ok\kingfisher\50ae
50b2a245-da2f-475a-8811-69764a6cbc98,CUSTER,OK,s3://enverus-courthouse-prod-chd-plants/ok/custer/50b2/50b2a245-da2f-475a-8811-69764a6cbc98.pdf
50b9d657-85d6-4624-a34a-d39e617ed02b,LOGAN,OK,s3://enverus-courthouse-prod-chd-plants/ok/logan/50b9/50b9d657-85d6-4624-a34a-d39e617ed02b.pdf
50ba6708-ab76-4831-8822-89f76bc91bc2,ROGER MILLS,OK,s3://enverus-courthouse-prod-chd-plants/ok/roger mills/50ba/50ba6708-ab76-4831-8822-89f76bc91bc2.pdf
50bc002b-f84f-48a9-87c1-39d70d112bff,KINGFISHER,OK,s3://enverus-courthouse-prod-chd-plants/ok/kingfisher/50bc/50bc002b-f84f-48a9-87c1-39d70d112bff.pdf
50c79aa5-5613-455a-b621-84468f61c990,CARTER,OK,s3://enverus-courthouse-prod-chd-plants/ok/carter/50c7/50c79aa5-5613-455a-b621-84468f61c990.pdf
50cf6fcb-3540-4fb1-9fe8-8b0781d1d77c,MCCLAIN,OK,s3://enverus-courthouse-prod-chd-plants/ok/mcclain/50cf/50cf6fcb-3540-4fb1-9fe8-8b0781d1d77c.pdf
50d36e52-21c3-4388-938e-f4fdc5cf9606,ROGER MILLS,OK,s3://enverus-courthouse-prod-chd-plants/ok/roger mills/50d3/50d36e52-21c3-4388-938e-f4fdc5cf9606.pdf
50d59ffa-a23d-4125-8b8d-c5c5f088529c,GARVIN,OK,s3://enverus-courthouse-prod-chd-plants/ok/garvin/50d5/50d59ffa-a23d-4125-8b8d-c5c5f088529c.pdf
50da77f0-eba0-42b9-9d2e-760f31afd0c8,MAJOR,OK,s3://enverus-courthouse-prod-chd-plants/ok/major/50da/50da77f0-eba0-42b9-9d2e-760f31afd0c8.pdf
50e6d419-88c1-4224-aed1-bc1b0b88bc37,MARSHALL,OK,s3://enverus-courthouse-prod-chd-plants/ok/marshall/50e6/50e6d419-88c1-4224-aed1-bc1b0b88bc37.pdf
50e7880b-9344-4fbb-9133-73da9311a351,WASHINGTON,OK,\\smb.dc2isilon.na.drillinginfo.com\lease_data_entry\data_sources\ok_county_records\ok\washington\50e7
50e7dcf0-0847-471b-8fdf-9781a70f750f,BECKHAM,OK,\\smb.dc2isilon.na.drillinginfo.com\lease_data_entry\data_sources\ok_county_records\ok\beckham\50e7
50ead41a-ca43-40ac-96eb-192e30d9b60f,CUSTER,OK,\\smb.dc2isilon.na.drillinginfo.com\lease_data_entry\data_sources\ok_county_records\ok\custer\50ea
51098c13-eef7-4715-8191-aea675cb3144,DEWEY,OK,s3://enverus-courthouse-prod-chd-plants/ok/dewey/5109/51098c13-eef7-4715-8191-aea675cb3144.pdf
510d9421-2552-49ee-aac9-ef113c238287,OKMULGEE,OK,\\smb.dc2isilon.na.drillinginfo.com\lease_data_entry\data_sources\ok_county_records\ok\okmulgee\510d
5111d367-c14c-4349-a6d7-17d166da9b86,GARVIN,OK,s3://enverus-courthouse-prod-chd-plants/ok/garvin/5111/5111d367-c14c-4349-a6d7-17d166da9b86.pdf
51141005-fac4-45b0-ac36-3ce5e68352eb,MAJOR,OK,s3://enverus-courthouse-prod-chd-plants/ok/major/5114/51141005-fac4-45b0-ac36-3ce5e68352eb.pdf
5114ee2f-399b-4f96-b7aa-60a0bdc9f509,MCCLAIN,OK,\\smb.dc2isilon.na.drillinginfo.com\lease_data_entry\data_sources\ok_county_records\ok\mcclain\5114
5115adae-add6-45dd-83d0-37d820f1d19b,KAY,OK,\\smb.dc2isilon.na.drillinginfo.com\lease_data_entry\data_sources\ok_county_records\ok\kay\5115
51180f0c-39a0-4837-ac55-2dc4a167221b,ELLIS,OK,s3://enverus-courthouse-prod-chd-plants/ok/ellis/5118/51180f0c-39a0-4837-ac55-2dc4a167221b.pdf
511d3361-c8d8-459c-805b-6d60adefab1e,LOGAN,OK,\\smb.dc2isilon.na.drillinginfo.com\lease_data_entry\data_sources\ok_county_records\ok\logan\511d
5136991a-b9ed-4d7c-8404-3a6cda41fbe3,COAL,OK,s3://enverus-courthouse-prod-chd-plants/ok/coal/5136/5136991a-b9ed-4d7c-8404-3a6cda41fbe3.pdf
51452707-9dda-4000-ac8c-9f0b804afbdb,ELLIS,OK,s3://enverus-courthouse-prod-chd-plants/ok/ellis/5145/51452707-9dda-4000-ac8c-9f0b804afbdb.pdf
5147309d-7460-47c8-b935-8681c62e1531,CARTER,OK,s3://enverus-courthouse-prod-chd-plants/ok/carter/5147/5147309d-7460-47c8-b935-8681c62e1531.pdf
51722cd5-6a3a-4576-9fe3-0f7f4369236c,MUSKOGEE,OK,\\smb.dc2isilon.na.drillinginfo.com\lease_data_entry\data_sources\ok_county_records\ok\muskogee\5172
5180c1d3-fc1e-421d-a73f-452b9bbcd049,COMANCHE,OK,\\smb.dc2isilon.na.drillinginfo.com\lease_data_entry\data_sources\ok_county_records\ok\comanche\5180
519d7e35-f77a-4ad2-a8de-cb5b0dc16215,ELLIS,OK,s3://enverus-courthouse-prod-chd-plants/ok/ellis/519d/519d7e35-f77a-4ad2-a8de-cb5b0dc16215.pdf
51a26526-3d96-484d-8d2d-d2e1a15affc2,LEFLORE,OK,s3://enverus-courthouse-prod-chd-plants/ok/leflore/51a2/51a26526-3d96-484d-8d2d-d2e1a15affc2.pdf
51a698c3-427b-4690-9bb8-6a146405c96c,COMANCHE,OK,s3://enverus-courthouse-prod-chd-plants/ok/comanche/51a6/51a698c3-427b-4690-9bb8-6a146405c96c.pdf
51b2635d-0f59-4395-9342-265d0f032fa7,LOGAN,OK,\\smb.dc2isilon.na.drillinginfo.com\lease_data_entry\data_sources\ok_county_records\ok\logan\51b2
51baf526-f6b6-48e7-926e-51fc9d7c44c6,LOVE,OK,s3://enverus-courthouse-prod-chd-plants/ok/love/51ba/51baf526-f6b6-48e7-926e-51fc9d7c44c6.pdf
51c4bd07-37aa-487a-a5c2-f919fb12fda2,ROGER MILLS,OK,s3://enverus-courthouse-prod-chd-plants/ok/roger mills/51c4/51c4bd07-37aa-487a-a5c2-f919fb12fda2.pdf
51df6b33-a02f-400f-abed-974ad7da6217,MCINTOSH,OK,s3://enverus-courthouse-prod-chd-plants/ok/mcintosh/51df/51df6b33-a02f-400f-abed-974ad7da6217.pdf
51e2a58f-062c-405c-ad94-3f2a4625743b,LOGAN,OK,\\smb.dc2isilon.na.drillinginfo.com\lease_data_entry\data_sources\ok_county_records\ok\logan\51e2
51e43020-e4f0-4528-8bb1-6d083acca15a,SEMINOLE,OK,\\smb.dc2isilon.na.drillinginfo.com\lease_data_entry\data_sources\ok_county_records\ok\seminole\51e4
51edd44e-66fb-4c93-871a-9e5c67b981a0,CARTER,OK,\\smb.dc2isilon.na.drillinginfo.com\lease_data_entry\data_sources\ok_county_records\ok\carter\51ed
51f61366-a57d-4201-aac4-d08cbb7665ae,BLAINE,OK,\\smb.dc2isilon.na.drillinginfo.com\lease_data_entry\data_sources\ok_county_records\ok\blaine\51f6
51ff72ca-f02b-4e9a-a199-2b0d1930edb3,MCCLAIN,OK,s3://enverus-courthouse-prod-chd-plants/ok/mcclain/51ff/51ff72ca-f02b-4e9a-a199-2b0d1930edb3.pdf
51ff9414-a5b7-4210-93e1-91e3d25e5e10,KINGFISHER,OK,s3://enverus-courthouse-prod-chd-plants/ok/kingfisher/51ff/51ff9414-a5b7-4210-93e1-91e3d25e5e10.pdf
5207020a-30f1-4213-98d9-c563226baee5,COAL,OK,s3://enverus-courthouse-prod-chd-plants/ok/coal/5207/5207020a-30f1-4213-98d9-c563226baee5.pdf
52086de1-497b-4b0e-be76-820f962907e4,BLAINE,OK,s3://enverus-courthouse-prod-chd-plants/ok/blaine/5208/52086de1-497b-4b0e-be76-820f962907e4.pdf
52169ddf-ed81-474a-85fa-8f16f1bd4b9b,WASHINGTON,OK,s3://enverus-courthouse-prod-chd-plants/ok/washington/5216/52169ddf-ed81-474a-85fa-8f16f1bd4b9b.pdf
521c344a-2bf1-45ac-ae5d-7bd514fae2c6,WOODWARD,OK,\\smb.dc2isilon.na.drillinginfo.com\lease_data_entry\data_sources\ok_county_records\ok\woodward\521c
5223de95-d023-4dbb-9d57-25d485fda00f,GARVIN,OK,s3://enverus-courthouse-prod-chd-plants/ok/garvin/5223/5223de95-d023-4dbb-9d57-25d485fda00f.pdf
523662b1-94e9-412c-a8c7-c69150ae7291,OKMULGEE,OK,s3://enverus-courthouse-prod-chd-plants/ok/okmulgee/5236/523662b1-94e9-412c-a8c7-c69150ae7291.pdf
5258fd9b-8b05-43a2-a37b-8f46f9f05832,BLAINE,OK,s3://enverus-courthouse-prod-chd-plants/ok/blaine/5258/5258fd9b-8b05-43a2-a37b-8f46f9f05832.pdf
525d1061-51e9-47ff-8023-62fa2e7ee4b1,ELLIS,OK,s3://enverus-courthouse-prod-chd-plants/ok/ellis/525d/525d1061-51e9-47ff-8023-62fa2e7ee4b1.pdf
52632075-b7a1-4bdb-b96d-7b449364147d,JACKSON,OK,\\smb.dc2isilon.na.drillinginfo.com\lease_data_entry\data_sources\ok_county_records\ok\jackson\5263
5272723f-cba6-4c38-8cdb-05f175f3b851,STEPHENS,OK,\\smb.dc2isilon.na.drillinginfo.com\lease_data_entry\data_sources\ok_county_records\ok\stephens\5272
52730b98-a7c8-4f20-9d34-2e617ca51a33,CARTER,OK,s3://enverus-courthouse-prod-chd-plants/ok/carter/5273/52730b98-a7c8-4f20-9d34-2e617ca51a33.pdf
528099ca-b434-4b01-9393-c5978e7ac4c7,BLAINE,OK,s3://enverus-courthouse-prod-chd-plants/ok/blaine/5280/528099ca-b434-4b01-9393-c5978e7ac4c7.pdf
5280cf3d-c3d0-4e08-9f0a-971d7e04c61d,LOGAN,OK,\\smb.dc2isilon.na.drillinginfo.com\lease_data_entry\data_sources\ok_county_records\ok\logan\5280
5282a938-c1f9-4533-ba9c-3c16d74896fb,ROGER MILLS,OK,s3://enverus-courthouse-prod-chd-plants/ok/roger mills/5282/5282a938-c1f9-4533-ba9c-3c16d74896fb.pdf
5287f945-a003-4dcd-9b46-cd43ff3bd535,LOGAN,OK,s3://enverus-courthouse-prod-chd-plants/ok/logan/5287/5287f945-a003-4dcd-9b46-cd43ff3bd535.pdf
5298662c-d01c-4c3f-a654-e5e371e447a4,LINCOLN,OK,\\smb.dc2isilon.na.drillinginfo.com\lease_data_entry\data_sources\ok_county_records\ok\lincoln\5298
529bccc2-1b0b-4300-8790-a65f89c6e611,MURRAY,OK,\\smb.dc2isilon.na.drillinginfo.com\lease_data_entry\data_sources\ok_county_records\ok\murray\529b
529fed9c-c919-4441-99f2-5e9929b0f840,MARSHALL,OK,s3://enverus-courthouse-prod-chd-plants/ok/marshall/529f/529fed9c-c919-4441-99f2-5e9929b0f840.pdf
52a16e30-f8e4-4c45-8a0e-30533830711a,OKMULGEE,OK,\\smb.dc2isilon.na.drillinginfo.com\lease_data_entry\data_sources\ok_county_records\ok\okmulgee\52a1
52a64161-f457-42cb-9449-fd0d5121b000,LOGAN,OK,\\smb.dc2isilon.na.drillinginfo.com\lease_data_entry\data_sources\ok_county_records\ok\logan\52a6
52abf806-dd71-43e1-9e45-169b93f0617a,MCCLAIN,OK,s3://enverus-courthouse-prod-chd-plants/ok/mcclain/52ab/52abf806-dd71-43e1-9e45-169b93f0617a.pdf
52b89eeb-2acf-45b9-99e5-afc17ab4a790,ROGER MILLS,OK,s3://enverus-courthouse-prod-chd-plants/ok/roger mills/52b8/52b89eeb-2acf-45b9-99e5-afc17ab4a790.pdf
52c17298-4ad3-4dc1-8a3d-5d5634b3452b,COMANCHE,OK,\\smb.dc2isilon.na.drillinginfo.com\lease_data_entry\data_sources\ok_county_records\ok\comanche\52c1
52c80412-b03e-4989-bec3-c3542cf96a6d,DEWEY,OK,s3://enverus-courthouse-prod-chd-plants/ok/dewey/52c8/52c80412-b03e-4989-bec3-c3542cf96a6d.pdf
52cc6ff1-20ca-4d7d-b1e8-7e55d7202037,COAL,OK,s3://enverus-courthouse-prod-chd-plants/ok/coal/52cc/52cc6ff1-20ca-4d7d-b1e8-7e55d7202037.pdf
52d0cd9e-36e4-4a5b-bb26-5ceca2dda130,COMANCHE,OK,\\smb.dc2isilon.na.drillinginfo.com\lease_data_entry\data_sources\ok_county_records\ok\comanche\52d0
52ecec82-0a97-484c-a576-7c8c713831a3,CARTER,OK,s3://enverus-courthouse-prod-chd-plants/ok/carter/52ec/52ecec82-0a97-484c-a576-7c8c713831a3.pdf
52f8ba6c-da1d-4edb-8cf4-83fbbd105381,CARTER,OK,s3://enverus-courthouse-prod-chd-plants/ok/carter/52f8/52f8ba6c-da1d-4edb-8cf4-83fbbd105381.pdf
530c467f-869e-4829-9417-f4e4820b8efd,KINGFISHER,OK,s3://enverus-courthouse-prod-chd-plants/ok/kingfisher/530c/530c467f-869e-4829-9417-f4e4820b8efd.pdf
530c5120-1a79-4bf9-b134-611c96cedc81,PAWNEE,OK,\\smb.dc2isilon.na.drillinginfo.com\lease_data_entry\data_sources\ok_county_records\ok\pawnee\530c
530cc954-1a8d-4f17-940e-ec0d6a1d4f67,MCCLAIN,OK,s3://enverus-courthouse-prod-chd-plants/ok/mcclain/530c/530cc954-1a8d-4f17-940e-ec0d6a1d4f67.pdf
530ced4c-6dea-45fb-a476-ff4061d55112,SEMINOLE,OK,\\smb.dc2isilon.na.drillinginfo.com\lease_data_entry\data_sources\ok_county_records\ok\seminole\530c
531f7a23-4796-4758-ae5d-b72e25169b1b,OKMULGEE,OK,s3://enverus-courthouse-prod-chd-plants/ok/okmulgee/531f/531f7a23-4796-4758-ae5d-b72e25169b1b.pdf
532e567b-ac07-47e3-818c-4b1199bc3298,GRANT,OK,s3://enverus-courthouse-prod-chd-plants/ok/grant/532e/532e567b-ac07-47e3-818c-4b1199bc3298.pdf
534a32e2-077c-4af1-b9e5-e75684ab504e,STEPHENS,OK,s3://enverus-courthouse-prod-chd-plants/ok/stephens/534a/534a32e2-077c-4af1-b9e5-e75684ab504e.pdf
536854cd-190e-4729-90bd-971bbd1c8097,KINGFISHER,OK,s3://enverus-courthouse-prod-chd-plants/ok/kingfisher/5368/536854cd-190e-4729-90bd-971bbd1c8097.pdf
536f0c72-83b8-43d9-a12a-02663c13c86e,LOGAN,OK,\\smb.dc2isilon.na.drillinginfo.com\lease_data_entry\data_sources\ok_county_records\ok\logan\536f
5373a084-e91d-4002-b00f-b81c9a6effc5,CARTER,OK,s3://enverus-courthouse-prod-chd-plants/ok/carter/5373/5373a084-e91d-4002-b00f-b81c9a6effc5.pdf
537c1d96-e02a-4f90-b4a5-0462c62deba3,LINCOLN,OK,s3://enverus-courthouse-prod-chd-plants/ok/lincoln/537c/537c1d96-e02a-4f90-b4a5-0462c62deba3.pdf
537cc2f3-5979-4381-ba4a-890bb097de2f,CUSTER,OK,s3://enverus-courthouse-prod-chd-plants/ok/custer/537c/537cc2f3-5979-4381-ba4a-890bb097de2f.pdf
538170d0-4068-4ace-a7ec-ca5e44f4edb7,WASHITA,OK,\\smb.dc2isilon.na.drillinginfo.com\lease_data_entry\data_sources\ok_county_records\ok\washita\5381
538a15e8-9459-49c4-81c3-7362088e32e3,SEMINOLE,OK,\\smb.dc2isilon.na.drillinginfo.com\lease_data_entry\data_sources\ok_county_records\ok\seminole\538a
5392ef8d-4858-43e9-a6ea-3a855505b147,MARSHALL,OK,\\smb.dc2isilon.na.drillinginfo.com\lease_data_entry\data_sources\ok_county_records\ok\marshall\5392
539887fb-d5b1-4e22-a88b-a7e3b9ec1101,ROGER MILLS,OK,s3://enverus-courthouse-prod-chd-plants/ok/roger mills/5398/539887fb-d5b1-4e22-a88b-a7e3b9ec1101.pdf
53aa5069-4806-4ade-b588-50c89df8f38b,MURRAY,OK,s3://enverus-courthouse-prod-chd-plants/ok/murray/53aa/53aa5069-4806-4ade-b588-50c89df8f38b.pdf
53af21c8-7912-4278-87ec-98a4201fd2c6,COMANCHE,OK,\\smb.dc2isilon.na.drillinginfo.com\lease_data_entry\data_sources\ok_county_records\ok\comanche\53af
53b57257-1236-45b8-b53c-b33a24330bad,KINGFISHER,OK,\\smb.dc2isilon.na.drillinginfo.com\lease_data_entry\data_sources\ok_county_records\ok\kingfisher\53b5
53bc3431-b8b9-498d-aaf1-3f4b1ad9f20c,CUSTER,OK,s3://enverus-courthouse-prod-chd-plants/ok/custer/53bc/53bc3431-b8b9-498d-aaf1-3f4b1ad9f20c.pdf
53c3f33d-b5ed-4ce3-a30a-945ff2dc0235,ROGER MILLS,OK,s3://enverus-courthouse-prod-chd-plants/ok/roger mills/53c3/53c3f33d-b5ed-4ce3-a30a-945ff2dc0235.pdf
53d0f382-e4cf-46fd-adf8-666c8d9239d3,KINGFISHER,OK,s3://enverus-courthouse-prod-chd-plants/ok/kingfisher/53d0/53d0f382-e4cf-46fd-adf8-666c8d9239d3.pdf
53d5ed83-7ce1-47ac-958c-b159455d20db,ELLIS,OK,s3://enverus-courthouse-prod-chd-plants/ok/ellis/53d5/53d5ed83-7ce1-47ac-958c-b159455d20db.pdf
53e22ade-0167-4743-93f2-a8861458acb4,LEFLORE,OK,\\smb.dc2isilon.na.drillinginfo.com\lease_data_entry\data_sources\ok_county_records\ok\leflore\53e2
53f1a377-3f29-46f5-a445-272574be88c0,PITTSBURG,OK,s3://enverus-courthouse-prod-chd-plants/ok/pittsburg/53f1/53f1a377-3f29-46f5-a445-272574be88c0.pdf
53f4c11b-042f-4a4e-a965-4338507eb7d9,MAJOR,OK,s3://enverus-courthouse-prod-chd-plants/ok/major/53f4/53f4c11b-042f-4a4e-a965-4338507eb7d9.pdf
54052a5f-fffc-4d14-977d-9729ca373093,PITTSBURG,OK,\\smb.dc2isilon.na.drillinginfo.com\lease_data_entry\data_sources\ok_county_records\ok\pittsburg\5405
5412a866-c799-492c-9057-868f0f1ef9bc,LOVE,OK,s3://enverus-courthouse-prod-chd-plants/ok/love/5412/5412a866-c799-492c-9057-868f0f1ef9bc.pdf
543040d2-f9c3-46a5-87be-f5028eacbf0a,CUSTER,OK,\\smb.dc2isilon.na.drillinginfo.com\lease_data_entry\data_sources\ok_county_records\ok\custer\5430
5431ca24-ece1-4623-8a7a-cb0f821e0f69,GARVIN,OK,s3://enverus-courthouse-prod-chd-plants/ok/garvin/5431/5431ca24-ece1-4623-8a7a-cb0f821e0f69.pdf
54473f63-7dc7-404b-8a26-139768640c43,CUSTER,OK,s3://enverus-courthouse-prod-chd-plants/ok/custer/5447/54473f63-7dc7-404b-8a26-139768640c43.pdf
54515dc7-c32f-419d-b3ab-830144e1fbeb,LOVE,OK,s3://enverus-courthouse-prod-chd-plants/ok/love/5451/54515dc7-c32f-419d-b3ab-830144e1fbeb.pdf
54603a34-e091-4602-954f-01f199e7395e,GARVIN,OK,s3://enverus-courthouse-prod-chd-plants/ok/garvin/5460/54603a34-e091-4602-954f-01f199e7395e.pdf
546c2ebd-96c3-41d0-ab76-83fc71d3b036,COMANCHE,OK,\\smb.dc2isilon.na.drillinginfo.com\lease_data_entry\data_sources\ok_county_records\ok\comanche\546c
5479a6d3-4cdd-487e-8448-4672d65d150a,ELLIS,OK,s3://enverus-courthouse-prod-chd-plants/ok/ellis/5479/5479a6d3-4cdd-487e-8448-4672d65d150a.pdf
548a604b-9e4c-4c2b-bb2d-da0e3a41f473,OKMULGEE,OK,\\smb.dc2isilon.na.drillinginfo.com\lease_data_entry\data_sources\ok_county_records\ok\okmulgee\548a
548bf85f-7806-4012-9bfb-dd8f96e1cb1e,WASHITA,OK,s3://enverus-courthouse-prod-chd-plants/ok/washita/548b/548bf85f-7806-4012-9bfb-dd8f96e1cb1e.pdf
5491afb6-a945-49ab-96e7-fb52ae2aa6c9,GARVIN,OK,s3://enverus-courthouse-prod-chd-plants/ok/garvin/5491/5491afb6-a945-49ab-96e7-fb52ae2aa6c9.pdf
54b909bb-40c2-4fe0-9271-265a9f690fd3,STEPHENS,OK,\\smb.dc2isilon.na.drillinginfo.com\lease_data_entry\data_sources\ok_county_records\ok\stephens\54b9
54d248a9-6a86-420f-9a4e-dad7b8db4a31,KINGFISHER,OK,s3://enverus-courthouse-prod-chd-plants/ok/kingfisher/54d2/54d248a9-6a86-420f-9a4e-dad7b8db4a31.pdf
54d3d505-fbc7-4d53-9818-4b322b1de51a,BECKHAM,OK,\\smb.dc2isilon.na.drillinginfo.com\lease_data_entry\data_sources\ok_county_records\ok\beckham\54d3
54e36ee5-d6bb-4104-863c-5d5e6ef8f6fe,CUSTER,OK,\\smb.dc2isilon.na.drillinginfo.com\lease_data_entry\data_sources\ok_county_records\ok\custer\54e3
54fa0223-6941-4813-9927-b308ce135d59,LOGAN,OK,\\smb.dc2isilon.na.drillinginfo.com\lease_data_entry\data_sources\ok_county_records\ok\logan\54fa
55172425-d550-4aa2-b6cc-dc3375eea4db,STEPHENS,OK,s3://enverus-courthouse-prod-chd-plants/ok/stephens/5517/55172425-d550-4aa2-b6cc-dc3375eea4db.pdf
553e99d7-7c59-4db3-b317-62ab7c79702a,KINGFISHER,OK,\\smb.dc2isilon.na.drillinginfo.com\lease_data_entry\data_sources\ok_county_records\ok\kingfisher\553e
5567557a-118a-41d8-999b-fce1b763a4cd,COAL,OK,s3://enverus-courthouse-prod-chd-plants/ok/coal/5567/5567557a-118a-41d8-999b-fce1b763a4cd.pdf
556c452b-6f2e-4b5a-ac15-8ee95c92df73,COMANCHE,OK,\\smb.dc2isilon.na.drillinginfo.com\lease_data_entry\data_sources\ok_county_records\ok\comanche\556c
556c7a13-2317-4ec2-bf72-73e4c9df44a1,LATIMER,OK,s3://enverus-courthouse-prod-chd-plants/ok/latimer/556c/556c7a13-2317-4ec2-bf72-73e4c9df44a1.pdf
558f125d-c09f-4416-b91f-adfa01b3de3b,COMANCHE,OK,\\smb.dc2isilon.na.drillinginfo.com\lease_data_entry\data_sources\ok_county_records\ok\comanche\558f
55977d2e-ffe7-48db-babb-43cd91c1f27e,STEPHENS,OK,s3://enverus-courthouse-prod-chd-plants/ok/stephens/5597/55977d2e-ffe7-48db-babb-43cd91c1f27e.pdf
5597d418-428b-4068-aa4f-a46a18be4427,MURRAY,OK,\\smb.dc2isilon.na.drillinginfo.com\lease_data_entry\data_sources\ok_county_records\ok\murray\5597
55985803-7aee-4f99-872e-ebc8a7ce8a03,MAJOR,OK,\\smb.dc2isilon.na.drillinginfo.com\lease_data_entry\data_sources\ok_county_records\ok\major\5598
55a3e32b-b1dc-4b5d-8b87-2583ac26e9ea,MARSHALL,OK,\\smb.dc2isilon.na.drillinginfo.com\lease_data_entry\data_sources\ok_county_records\ok\marshall\55a3
55ac6ca4-ae42-48f5-ae5d-504f5cabbefc,STEPHENS,OK,s3://enverus-courthouse-prod-chd-plants/ok/stephens/55ac/55ac6ca4-ae42-48f5-ae5d-504f5cabbefc.pdf
55d3fa6c-5e2c-414d-aa5f-1852edd75a8b,STEPHENS,OK,s3://enverus-courthouse-prod-chd-plants/ok/stephens/55d3/55d3fa6c-5e2c-414d-aa5f-1852edd75a8b.pdf
5622e52c-ba53-4fee-9df3-b11806ca4c4f,COMANCHE,OK,\\smb.dc2isilon.na.drillinginfo.com\lease_data_entry\data_sources\ok_county_records\ok\comanche\5622
562eac44-cd02-457a-94c5-f0e32c9626bd,WASHITA,OK,\\smb.dc2isilon.na.drillinginfo.com\lease_data_entry\data_sources\ok_county_records\ok\washita\562e
565caa02-cda7-46e1-b159-afc81cf87edb,ROGER MILLS,OK,\\smb.dc2isilon.na.drillinginfo.com\lease_data_entry\data_sources\ok_county_records\ok\roger mills\565c
5661f27f-2e34-4c1b-82ae-d442b778a60f,CUSTER,OK,\\smb.dc2isilon.na.drillinginfo.com\lease_data_entry\data_sources\ok_county_records\ok\custer\5661
566d87a4-20e0-400b-b70a-6624a5f2dc23,MAJOR,OK,s3://enverus-courthouse-prod-chd-plants/ok/major/566d/566d87a4-20e0-400b-b70a-6624a5f2dc23.pdf
56729cdb-800d-4e16-8e67-44fb40a5066c,MCCLAIN,OK,\\smb.dc2isilon.na.drillinginfo.com\lease_data_entry\data_sources\ok_county_records\ok\mcclain\5672
5689508f-5809-4241-bd81-22fde7bfb333,MCINTOSH,OK,s3://enverus-courthouse-prod-chd-plants/ok/mcintosh/5689/5689508f-5809-4241-bd81-22fde7bfb333.pdf
56a8b313-6c2d-4afc-a933-9f97533a07e5,LINCOLN,OK,s3://enverus-courthouse-prod-chd-plants/ok/lincoln/56a8/56a8b313-6c2d-4afc-a933-9f97533a07e5.pdf
56da75a3-c5ff-4be4-a928-8f16e9a7b9b1,MAJOR,OK,s3://enverus-courthouse-prod-chd-plants/ok/major/56da/56da75a3-c5ff-4be4-a928-8f16e9a7b9b1.pdf
56f581d2-4226-4a46-a590-68e009f51f5e,LATIMER,OK,s3://enverus-courthouse-prod-chd-plants/ok/latimer/56f5/56f581d2-4226-4a46-a590-68e009f51f5e.pdf
56fa7d7b-cfdf-41ff-a563-bb3239e91daf,MARSHALL,OK,s3://enverus-courthouse-prod-chd-plants/ok/marshall/56fa/56fa7d7b-cfdf-41ff-a563-bb3239e91daf.pdf
5705670b-59e8-4e88-9f52-bbefb73f020f,ELLIS,OK,s3://enverus-courthouse-prod-chd-plants/ok/ellis/5705/5705670b-59e8-4e88-9f52-bbefb73f020f.pdf
572654c2-d949-479b-989d-34a426733fee,STEPHENS,OK,\\smb.dc2isilon.na.drillinginfo.com\lease_data_entry\data_sources\ok_county_records\ok\stephens\5726
57339c6d-e686-4d73-bd4c-264307c23f3a,LEFLORE,OK,\\smb.dc2isilon.na.drillinginfo.com\lease_data_entry\data_sources\ok_county_records\ok\leflore\5733
57428a23-5ae0-49e1-8bfd-c6a0723417c6,COAL,OK,s3://enverus-courthouse-prod-chd-plants/ok/coal/5742/57428a23-5ae0-49e1-8bfd-c6a0723417c6.pdf
575e6ccd-c75a-4f85-a220-e8f1cb547713,KINGFISHER,OK,s3://enverus-courthouse-prod-chd-plants/ok/kingfisher/575e/575e6ccd-c75a-4f85-a220-e8f1cb547713.pdf
576b7a78-b7fa-4465-b6ef-5b5421720b84,ELLIS,OK,s3://enverus-courthouse-prod-chd-plants/ok/ellis/576b/576b7a78-b7fa-4465-b6ef-5b5421720b84.pdf
5794d8a5-7b2f-4977-be0c-1c3e0e0097c2,GARVIN,OK,s3://enverus-courthouse-prod-chd-plants/ok/garvin/5794/5794d8a5-7b2f-4977-be0c-1c3e0e0097c2.pdf
579b5d30-db25-424e-bab8-faa7eae749ab,ROGER MILLS,OK,s3://enverus-courthouse-prod-chd-plants/ok/roger mills/579b/579b5d30-db25-424e-bab8-faa7eae749ab.pdf
57bd4d10-82ed-4154-8f31-1b576e700f48,BECKHAM,OK,\\smb.dc2isilon.na.drillinginfo.com\lease_data_entry\data_sources\ok_county_records\ok\beckham\57bd
57d68583-4d01-43a8-a519-bccc81ea4734,LINCOLN,OK,s3://enverus-courthouse-prod-chd-plants/ok/lincoln/57d6/57d68583-4d01-43a8-a519-bccc81ea4734.pdf
57dbe1b6-de50-455c-bf90-5eb9a5b3b247,MCCLAIN,OK,\\smb.dc2isilon.na.drillinginfo.com\lease_data_entry\data_sources\ok_county_records\ok\mcclain\57db
57e82b1e-396c-407f-9a86-b34e18ee20f4,LOGAN,OK,\\smb.dc2isilon.na.drillinginfo.com\lease_data_entry\data_sources\ok_county_records\ok\logan\57e8
57f83c24-e853-40cc-8360-7b47a42e4709,GARVIN,OK,s3://enverus-courthouse-prod-chd-plants/ok/garvin/57f8/57f83c24-e853-40cc-8360-7b47a42e4709.pdf
57fd63c2-3fc7-437e-8fc1-bfc12a209dae,GARVIN,OK,s3://enverus-courthouse-prod-chd-plants/ok/garvin/57fd/57fd63c2-3fc7-437e-8fc1-bfc12a209dae.pdf
5807b67a-8acd-4d39-ace0-557809d8f637,PITTSBURG,OK,\\smb.dc2isilon.na.drillinginfo.com\lease_data_entry\data_sources\ok_county_records\ok\pittsburg\5807
5834c987-9010-487f-9dec-b6208f348b3f,MARSHALL,OK,s3://enverus-courthouse-prod-chd-plants/ok/marshall/5834/5834c987-9010-487f-9dec-b6208f348b3f.pdf
583baef5-14c5-4c52-8441-37c3997541ba,COMANCHE,OK,\\smb.dc2isilon.na.drillinginfo.com\lease_data_entry\data_sources\ok_county_records\ok\comanche\583b
584c1651-310b-4738-bce7-362edcccdffa,LOGAN,OK,s3://enverus-courthouse-prod-chd-plants/ok/logan/584c/584c1651-310b-4738-bce7-362edcccdffa.pdf
586b7593-7582-443e-87e7-03a733f2fefb,ELLIS,OK,s3://enverus-courthouse-prod-chd-plants/ok/ellis/586b/586b7593-7582-443e-87e7-03a733f2fefb.pdf
587235cf-be1a-4f20-8e4d-8cdf876e7240,CUSTER,OK,s3://enverus-courthouse-prod-chd-plants/ok/custer/5872/587235cf-be1a-4f20-8e4d-8cdf876e7240.pdf
58734f50-02cd-4089-bee4-40b0cd211f68,LEFLORE,OK,s3://enverus-courthouse-prod-chd-plants/ok/leflore/5873/58734f50-02cd-4089-bee4-40b0cd211f68.pdf
587469b3-b390-4f62-ba0e-d5a0b6135ba8,LINCOLN,OK,s3://enverus-courthouse-prod-chd-plants/ok/lincoln/5874/587469b3-b390-4f62-ba0e-d5a0b6135ba8.pdf
587ed351-fafd-4351-a357-484e67b9d119,LOGAN,OK,\\smb.dc2isilon.na.drillinginfo.com\lease_data_entry\data_sources\ok_county_records\ok\logan\587e
5885948a-4726-4960-8138-18336851837c,LINCOLN,OK,s3://enverus-courthouse-prod-chd-plants/ok/lincoln/5885/5885948a-4726-4960-8138-18336851837c.pdf
5887e28d-66c4-4a3a-be3a-7d4a794cbf35,LOGAN,OK,s3://enverus-courthouse-prod-chd-plants/ok/logan/5887/5887e28d-66c4-4a3a-be3a-7d4a794cbf35.pdf
588a142f-45ba-4b0e-99fc-32683c19de8b,LOGAN,OK,\\smb.dc2isilon.na.drillinginfo.com\lease_data_entry\data_sources\ok_county_records\ok\logan\588a
58a95d8f-6325-44b8-85f6-d1f141839667,PAWNEE,OK,\\smb.dc2isilon.na.drillinginfo.com\lease_data_entry\data_sources\ok_county_records\ok\pawnee\58a9
58b557f8-b8b5-4a70-bf9f-38e21873e64b,COMANCHE,OK,\\smb.dc2isilon.na.drillinginfo.com\lease_data_entry\data_sources\ok_county_records\ok\comanche\58b5
58c13f7c-9e2b-487c-9b77-f84f7ace939e,CARTER,OK,s3://enverus-courthouse-prod-chd-plants/ok/carter/58c1/58c13f7c-9e2b-487c-9b77-f84f7ace939e.pdf
58df69e9-d550-4e6a-ae81-fcb98d3a2d3e,CARTER,OK,s3://enverus-courthouse-prod-chd-plants/ok/carter/58df/58df69e9-d550-4e6a-ae81-fcb98d3a2d3e.pdf
58efa0aa-1e0b-486e-891b-c772782703c8,MCINTOSH,OK,s3://enverus-courthouse-prod-chd-plants/ok/mcintosh/58ef/58efa0aa-1e0b-486e-891b-c772782703c8.pdf
58f9de92-2259-4324-8eef-96502a431140,MCCLAIN,OK,s3://enverus-courthouse-prod-chd-plants/ok/mcclain/58f9/58f9de92-2259-4324-8eef-96502a431140.pdf
58fca936-c7ce-4700-af74-0d018e7a561f,LOGAN,OK,\\smb.dc2isilon.na.drillinginfo.com\lease_data_entry\data_sources\ok_county_records\ok\logan\58fc
592055f1-3cf6-422f-91c0-14dce5466ab7,HUGHES,OK,s3://enverus-courthouse-prod-chd-plants/ok/hughes/5920/592055f1-3cf6-422f-91c0-14dce5466ab7.pdf
5923cc90-5909-4585-a699-481c613e8b27,MARSHALL,OK,s3://enverus-courthouse-prod-chd-plants/ok/marshall/5923/5923cc90-5909-4585-a699-481c613e8b27.pdf
59256e6f-98cb-48c6-a265-5749f4042707,KINGFISHER,OK,\\smb.dc2isilon.na.drillinginfo.com\lease_data_entry\data_sources\ok_county_records\ok\kingfisher\5925
5925defc-02b1-4a5c-a39f-cba05c413d79,SEMINOLE,OK,s3://enverus-courthouse-prod-chd-plants/ok/seminole/5925/5925defc-02b1-4a5c-a39f-cba05c413d79.pdf
5936c330-5963-4408-98ea-1c23253b2eee,WOODWARD,OK,s3://enverus-courthouse-prod-chd-plants/ok/woodward/5936/5936c330-5963-4408-98ea-1c23253b2eee.pdf
593d6e60-16aa-4059-bb3c-ff72ac23b2cc,TEXAS,OK,\\smb.dc2isilon.na.drillinginfo.com\lease_data_entry\data_sources\ok_county_records\ok\texas\593d
59416780-542e-4b76-91f6-252327004978,BECKHAM,OK,\\smb.dc2isilon.na.drillinginfo.com\lease_data_entry\data_sources\ok_county_records\ok\beckham\5941
59440ad5-dcae-45a1-a384-513dc3a7eb1e,WOODWARD,OK,\\smb.dc2isilon.na.drillinginfo.com\lease_data_entry\data_sources\ok_county_records\ok\woodward\5944
59516dde-c551-4029-8621-43cc5311d532,BECKHAM,OK,\\smb.dc2isilon.na.drillinginfo.com\lease_data_entry\data_sources\ok_county_records\ok\beckham\5951
595e8f51-eaa1-45a1-b3f6-512ac4d7d099,TEXAS,OK,\\smb.dc2isilon.na.drillinginfo.com\lease_data_entry\data_sources\ok_county_records\ok\texas\595e
596a3bb7-257f-4b7c-a588-fcc6a98b1aba,LOGAN,OK,s3://enverus-courthouse-prod-chd-plants/ok/logan/596a/596a3bb7-257f-4b7c-a588-fcc6a98b1aba.pdf
596b7f16-3147-4c98-ad26-1ef0c468a6df,CARTER,OK,\\smb.dc2isilon.na.drillinginfo.com\lease_data_entry\data_sources\ok_county_records\ok\carter\596b
597f656b-b294-482f-874f-cc70572acfcc,BECKHAM,OK,\\smb.dc2isilon.na.drillinginfo.com\lease_data_entry\data_sources\ok_county_records\ok\beckham\597f
5983ceed-c573-42c3-8a99-8cb729316ac1,COMANCHE,OK,\\smb.dc2isilon.na.drillinginfo.com\lease_data_entry\data_sources\ok_county_records\ok\comanche\5983
59909a07-ddbd-476c-ad6f-6ab6171daa2e,ROGER MILLS,OK,s3://enverus-courthouse-prod-chd-plants/ok/roger mills/5990/59909a07-ddbd-476c-ad6f-6ab6171daa2e.pdf
59a545b9-0a1b-40b8-a70b-a3c8f407a13c,MURRAY,OK,\\smb.dc2isilon.na.drillinginfo.com\lease_data_entry\data_sources\ok_county_records\ok\murray\59a5
59adb681-a905-4a9b-92a8-0485770e245c,ROGER MILLS,OK,s3://enverus-courthouse-prod-chd-plants/ok/roger mills/59ad/59adb681-a905-4a9b-92a8-0485770e245c.pdf
59b57ebd-a407-4e5b-97fe-f85573ba4cea,MCINTOSH,OK,\\smb.dc2isilon.na.drillinginfo.com\lease_data_entry\data_sources\ok_county_records\ok\mcintosh\59b5
59bae14b-a686-4b91-bcdc-21463cd04050,STEPHENS,OK,s3://enverus-courthouse-prod-chd-plants/ok/stephens/59ba/59bae14b-a686-4b91-bcdc-21463cd04050.pdf
59bf773d-099a-4568-8290-674c009c02c0,ELLIS,OK,s3://enverus-courthouse-prod-chd-plants/ok/ellis/59bf/59bf773d-099a-4568-8290-674c009c02c0.pdf
59de3d34-b037-4e48-b9c7-20ddbeb827d2,WOODWARD,OK,s3://enverus-courthouse-prod-chd-plants/ok/woodward/59de/59de3d34-b037-4e48-b9c7-20ddbeb827d2.pdf
59de8845-e459-4b6a-b203-72a2c9a40810,MAJOR,OK,s3://enverus-courthouse-prod-chd-plants/ok/major/59de/59de8845-e459-4b6a-b203-72a2c9a40810.pdf
59e3a16e-e4a9-4c2d-ac7d-7a310f0bec55,KAY,OK,\\smb.dc2isilon.na.drillinginfo.com\lease_data_entry\data_sources\ok_county_records\ok\kay\59e3
59e7f0c1-a9fe-4182-afab-cfbe9aa49b86,CARTER,OK,\\smb.dc2isilon.na.drillinginfo.com\lease_data_entry\data_sources\ok_county_records\ok\carter\59e7
59ed0c69-706b-47b8-a3ba-313a7af79dd0,OKMULGEE,OK,\\smb.dc2isilon.na.drillinginfo.com\lease_data_entry\data_sources\ok_county_records\ok\okmulgee\59ed
59f68306-46f1-4b95-bc5d-d3a35ecf6a0c,MAJOR,OK,\\smb.dc2isilon.na.drillinginfo.com\lease_data_entry\data_sources\ok_county_records\ok\major\59f6
5a054419-9f4b-4311-a050-8a484e522b5e,SEMINOLE,OK,\\smb.dc2isilon.na.drillinginfo.com\lease_data_entry\data_sources\ok_county_records\ok\seminole\5a05
5a318434-bca3-4326-8ea8-74e66164a30c,MUSKOGEE,OK,s3://enverus-courthouse-prod-chd-plants/ok/muskogee/5a31/5a318434-bca3-4326-8ea8-74e66164a30c.pdf
5a31b77b-24fd-4742-9d6f-93acb5a86c8e,BECKHAM,OK,s3://enverus-courthouse-prod-chd-plants/ok/beckham/5a31/5a31b77b-24fd-4742-9d6f-93acb5a86c8e.pdf
5a32d2ac-85b9-4e6a-9aa8-9ea7ffbec6b3,MAJOR,OK,s3://enverus-courthouse-prod-chd-plants/ok/major/5a32/5a32d2ac-85b9-4e6a-9aa8-9ea7ffbec6b3.pdf
5a344a63-d117-4244-bfbc-b03dcb0d4ee2,GARVIN,OK,\\smb.dc2isilon.na.drillinginfo.com\lease_data_entry\data_sources\ok_county_records\ok\garvin\5a34
5a5675f1-ab9f-4e96-a33c-235aaa51aa68,STEPHENS,OK,\\smb.dc2isilon.na.drillinginfo.com\lease_data_entry\data_sources\ok_county_records\ok\stephens\5a56
5a6506db-9222-4c9e-acdb-55ba5276d99c,MCCLAIN,OK,s3://enverus-courthouse-prod-chd-plants/ok/mcclain/5a65/5a6506db-9222-4c9e-acdb-55ba5276d99c.pdf
5a6c3616-6f79-4c2c-bc3e-563f36c9b32b,ELLIS,OK,s3://enverus-courthouse-prod-chd-plants/ok/ellis/5a6c/5a6c3616-6f79-4c2c-bc3e-563f36c9b32b.pdf
5a6c40d3-1536-49d3-97ba-874cad49ab21,SEMINOLE,OK,s3://enverus-courthouse-prod-chd-plants/ok/seminole/5a6c/5a6c40d3-1536-49d3-97ba-874cad49ab21.pdf
5a791546-d6c5-44e6-b525-c1171ae63afb,SEMINOLE,OK,\\smb.dc2isilon.na.drillinginfo.com\lease_data_entry\data_sources\ok_county_records\ok\seminole\5a79
5a79af21-ff09-4ca9-b5bd-4350816f2c19,WOODWARD,OK,\\smb.dc2isilon.na.drillinginfo.com\lease_data_entry\data_sources\ok_county_records\ok\woodward\5a79
5a9412ed-12eb-4da8-8582-ca4b0a7337d8,LOGAN,OK,\\smb.dc2isilon.na.drillinginfo.com\lease_data_entry\data_sources\ok_county_records\ok\logan\5a94
5a95cd45-fb42-422a-8aa9-54b291e6d905,COMANCHE,OK,\\smb.dc2isilon.na.drillinginfo.com\lease_data_entry\data_sources\ok_county_records\ok\comanche\5a95
5a9f62d9-3125-4f2f-89b7-aac06b69fbed,ELLIS,OK,s3://enverus-courthouse-prod-chd-plants/ok/ellis/5a9f/5a9f62d9-3125-4f2f-89b7-aac06b69fbed.pdf
5aaaeb94-f31d-43cc-a631-557982c3fa4c,MURRAY,OK,s3://enverus-courthouse-prod-chd-plants/ok/murray/5aaa/5aaaeb94-f31d-43cc-a631-557982c3fa4c.pdf
5adbb6f5-ae2e-497f-8791-c7baa2c5a9fa,STEPHENS,OK,s3://enverus-courthouse-prod-chd-plants/ok/stephens/5adb/5adbb6f5-ae2e-497f-8791-c7baa2c5a9fa.pdf
5b04069f-e935-4de0-a4d5-c362069606d3,MARSHALL,OK,s3://enverus-courthouse-prod-chd-plants/ok/marshall/5b04/5b04069f-e935-4de0-a4d5-c362069606d3.pdf
5b29d802-c6eb-4b8b-aad2-2353848441f7,SEMINOLE,OK,s3://enverus-courthouse-prod-chd-plants/ok/seminole/5b29/5b29d802-c6eb-4b8b-aad2-2353848441f7.pdf
5b2b2d73-6c91-4b43-9860-9b1819f1b4e7,MARSHALL,OK,s3://enverus-courthouse-prod-chd-plants/ok/marshall/5b2b/5b2b2d73-6c91-4b43-9860-9b1819f1b4e7.pdf
5b3f9ad3-92bd-4c48-b0ea-e0976e3cd13c,LOGAN,OK,\\smb.dc2isilon.na.drillinginfo.com\lease_data_entry\data_sources\ok_county_records\ok\logan\5b3f
5b623fb0-75f4-4344-bdb9-49fcc675efcd,CUSTER,OK,s3://enverus-courthouse-prod-chd-plants/ok/custer/5b62/5b623fb0-75f4-4344-bdb9-49fcc675efcd.pdf
5b7639fb-a3ee-4a51-b5bb-737bbdafedd9,JEFFERSON,OK,\\smb.dc2isilon.na.drillinginfo.com\lease_data_entry\data_sources\ok_county_records\ok\jefferson\5b76
5b7c3dc8-e210-41ff-8ee9-0ead04deda5b,KIOWA,OK,s3://enverus-courthouse-prod-chd-plants/ok/kiowa/5b7c/5b7c3dc8-e210-41ff-8ee9-0ead04deda5b.pdf
5b7e0a4f-dca8-4dfb-bec2-6bda6d093d5f,CARTER,OK,s3://enverus-courthouse-prod-chd-plants/ok/carter/5b7e/5b7e0a4f-dca8-4dfb-bec2-6bda6d093d5f.pdf
5ba22f4b-9e6b-4ec7-af3e-babd678d6df4,CARTER,OK,\\smb.dc2isilon.na.drillinginfo.com\lease_data_entry\data_sources\ok_county_records\ok\carter\5ba2
5bab2048-9110-41c2-bf88-ff7b6efe7500,LOVE,OK,s3://enverus-courthouse-prod-chd-plants/ok/love/5bab/5bab2048-9110-41c2-bf88-ff7b6efe7500.pdf
5bb02d61-086f-4932-8a64-d6dd5135260e,ELLIS,OK,s3://enverus-courthouse-prod-chd-plants/ok/ellis/5bb0/5bb02d61-086f-4932-8a64-d6dd5135260e.pdf
5bb363c4-5800-451a-b270-3a8be2137597,BECKHAM,OK,\\smb.dc2isilon.na.drillinginfo.com\lease_data_entry\data_sources\ok_county_records\ok\beckham\5bb3
5bbb59f5-e19f-447d-a00e-7da81145c382,MCCLAIN,OK,\\smb.dc2isilon.na.drillinginfo.com\lease_data_entry\data_sources\ok_county_records\ok\mcclain\5bbb
5bbb7d9d-2528-4e7a-ba28-f6d612fab620,COMANCHE,OK,\\smb.dc2isilon.na.drillinginfo.com\lease_data_entry\data_sources\ok_county_records\ok\comanche\5bbb
5bbf59c0-3fac-49f4-b6e3-256c7c61c4b2,COMANCHE,OK,\\smb.dc2isilon.na.drillinginfo.com\lease_data_entry\data_sources\ok_county_records\ok\comanche\5bbf
5bdb861f-9cb4-4b49-87be-3995a32bb207,LEFLORE,OK,\\smb.dc2isilon.na.drillinginfo.com\lease_data_entry\data_sources\ok_county_records\ok\leflore\5bdb
5bdd064f-19ca-4161-b769-395ecb4500ef,LINCOLN,OK,s3://enverus-courthouse-prod-chd-plants/ok/lincoln/5bdd/5bdd064f-19ca-4161-b769-395ecb4500ef.pdf
5be3009b-4be3-449a-a0f5-9c2674fe20a9,CARTER,OK,s3://enverus-courthouse-prod-chd-plants/ok/carter/5be3/5be3009b-4be3-449a-a0f5-9c2674fe20a9.pdf
5bf83558-45b5-4ca5-97b7-3f3ff2af98f9,WASHITA,OK,s3://enverus-courthouse-prod-chd-plants/ok/washita/5bf8/5bf83558-45b5-4ca5-97b7-3f3ff2af98f9.pdf
5bfde20b-d312-4541-afe5-f1522762f702,LOGAN,OK,s3://enverus-courthouse-prod-chd-plants/ok/logan/5bfd/5bfde20b-d312-4541-afe5-f1522762f702.pdf
5c073a3a-95cf-45a5-854d-7d691b67b735,CARTER,OK,s3://enverus-courthouse-prod-chd-plants/ok/carter/5c07/5c073a3a-95cf-45a5-854d-7d691b67b735.pdf
5c0a5295-8ece-4836-bb9c-50bf862f2ec5,MUSKOGEE,OK,\\smb.dc2isilon.na.drillinginfo.com\lease_data_entry\data_sources\ok_county_records\ok\muskogee\5c0a
5c114585-a41f-481f-a5e9-427806943aac,MCCLAIN,OK,s3://enverus-courthouse-prod-chd-plants/ok/mcclain/5c11/5c114585-a41f-481f-a5e9-427806943aac.pdf
5c1c039b-fbaf-45b1-9764-bb1348b23beb,WOODWARD,OK,\\smb.dc2isilon.na.drillinginfo.com\lease_data_entry\data_sources\ok_county_records\ok\woodward\5c1c
5c1e5dc4-a0c6-4afb-950c-6032aade3536,COMANCHE,OK,\\smb.dc2isilon.na.drillinginfo.com\lease_data_entry\data_sources\ok_county_records\ok\comanche\5c1e
5c2a4f04-8856-46ce-9a72-8a734916d65a,MAJOR,OK,\\smb.dc2isilon.na.drillinginfo.com\lease_data_entry\data_sources\ok_county_records\ok\major\5c2a
5c2eb97d-afe2-4628-b700-4d7b49b876bf,GARVIN,OK,s3://enverus-courthouse-prod-chd-plants/ok/garvin/5c2e/5c2eb97d-afe2-4628-b700-4d7b49b876bf.pdf
5c3bba05-8bcf-44f3-a598-7865e77101c9,GARVIN,OK,s3://enverus-courthouse-prod-chd-plants/ok/garvin/5c3b/5c3bba05-8bcf-44f3-a598-7865e77101c9.pdf
5c40d6fd-406f-4f57-9c39-432c307c7788,KAY,OK,s3://enverus-courthouse-prod-chd-plants/ok/kay/5c40/5c40d6fd-406f-4f57-9c39-432c307c7788.pdf
5c43cba8-2e15-489e-813f-3b062c6d4764,LOGAN,OK,\\smb.dc2isilon.na.drillinginfo.com\lease_data_entry\data_sources\ok_county_records\ok\logan\5c43
5c4b1e6b-3d42-42d6-ab2c-9778a683127c,PAWNEE,OK,\\smb.dc2isilon.na.drillinginfo.com\lease_data_entry\data_sources\ok_county_records\ok\pawnee\5c4b
5c56cb5c-3b5e-4cba-baac-24f7f28fe0e9,LINCOLN,OK,s3://enverus-courthouse-prod-chd-plants/ok/lincoln/5c56/5c56cb5c-3b5e-4cba-baac-24f7f28fe0e9.pdf
5c68e211-0610-4558-b116-e0715e6d3499,COMANCHE,OK,\\smb.dc2isilon.na.drillinginfo.com\lease_data_entry\data_sources\ok_county_records\ok\comanche\5c68
5c750f15-7048-4e01-b802-3de982be3278,BLAINE,OK,s3://enverus-courthouse-prod-chd-plants/ok/blaine/5c75/5c750f15-7048-4e01-b802-3de982be3278.pdf
5c7615fc-e9e7-4e47-965f-a7f3c8d10385,LOVE,OK,\\smb.dc2isilon.na.drillinginfo.com\lease_data_entry\data_sources\ok_county_records\ok\love\5c76
5c8ecd84-fe95-43a6-ad03-3863d628e996,LOGAN,OK,\\smb.dc2isilon.na.drillinginfo.com\lease_data_entry\data_sources\ok_county_records\ok\logan\5c8e
5ca259f2-3772-40cb-b68f-6d21d365cad7,PONTOTOC,OK,\\smb.dc2isilon.na.drillinginfo.com\lease_data_entry\data_sources\ok_county_records\ok\pontotoc\5ca2
5cb2d873-7dc0-4c18-b498-e93a414bf9b0,STEPHENS,OK,s3://enverus-courthouse-prod-chd-plants/ok/stephens/5cb2/5cb2d873-7dc0-4c18-b498-e93a414bf9b0.pdf
5cc14c0b-4623-406a-91af-721e5af90131,CARTER,OK,s3://enverus-courthouse-prod-chd-plants/ok/carter/5cc1/5cc14c0b-4623-406a-91af-721e5af90131.pdf
5cc53c23-ebb0-41e4-b9cd-f4d75eecc6da,COMANCHE,OK,s3://enverus-courthouse-prod-chd-plants/ok/comanche/5cc5/5cc53c23-ebb0-41e4-b9cd-f4d75eecc6da.pdf
5ccfae6b-cd09-46f1-be2a-3c0a7637e7be,WASHINGTON,OK,s3://enverus-courthouse-prod-chd-plants/ok/washington/5ccf/5ccfae6b-cd09-46f1-be2a-3c0a7637e7be.pdf
5ce15a29-f9bb-4d5c-9270-d45a72415cdd,KAY,OK,\\smb.dc2isilon.na.drillinginfo.com\lease_data_entry\data_sources\ok_county_records\ok\kay\5ce1
5cfc2bc7-429c-4706-8e9e-92d48a445ca1,COMANCHE,OK,\\smb.dc2isilon.na.drillinginfo.com\lease_data_entry\data_sources\ok_county_records\ok\comanche\5cfc
5d175f33-2eaa-4c14-81c6-301455c2d4e2,LOVE,OK,s3://enverus-courthouse-prod-chd-plants/ok/love/5d17/5d175f33-2eaa-4c14-81c6-301455c2d4e2.pdf
5d2c448f-c1f3-4bd9-b39d-80c77d774fdc,STEPHENS,OK,s3://enverus-courthouse-prod-chd-plants/ok/stephens/5d2c/5d2c448f-c1f3-4bd9-b39d-80c77d774fdc.pdf
5d53cbb5-570d-4f7e-b1d4-a6a67e2b2f54,BECKHAM,OK,s3://enverus-courthouse-prod-chd-plants/ok/beckham/5d53/5d53cbb5-570d-4f7e-b1d4-a6a67e2b2f54.pdf
5d56ca12-fc1d-4371-b11a-d13d65a2e8f4,TEXAS,OK,\\smb.dc2isilon.na.drillinginfo.com\lease_data_entry\data_sources\ok_county_records\ok\texas\5d56
5d780384-ee9b-4a8f-a3ef-09dabd958542,WASHITA,OK,s3://enverus-courthouse-prod-chd-plants/ok/washita/5d78/5d780384-ee9b-4a8f-a3ef-09dabd958542.pdf
5d7ca5cc-1602-42a9-ac1b-1cb266f04344,STEPHENS,OK,\\smb.dc2isilon.na.drillinginfo.com\lease_data_entry\data_sources\ok_county_records\ok\stephens\5d7c
5d9112e7-0eff-4e59-ae42-0c314c8d8e19,LOGAN,OK,s3://enverus-courthouse-prod-chd-plants/ok/logan/5d91/5d9112e7-0eff-4e59-ae42-0c314c8d8e19.pdf
5d9a85d5-85c2-4a66-9341-61a7654704b4,CUSTER,OK,\\smb.dc2isilon.na.drillinginfo.com\lease_data_entry\data_sources\ok_county_records\ok\custer\5d9a
5d9b2dc7-5a67-4c1b-a572-fc898f171264,COAL,OK,\\smb.dc2isilon.na.drillinginfo.com\lease_data_entry\data_sources\ok_county_records\ok\coal\5d9b
5d9f4f0b-2b5f-467d-b931-f64693fe63fe,CARTER,OK,s3://enverus-courthouse-prod-chd-plants/ok/carter/5d9f/5d9f4f0b-2b5f-467d-b931-f64693fe63fe.pdf
5da716ac-6520-4902-8c0e-36a1e4d011a1,CARTER,OK,\\smb.dc2isilon.na.drillinginfo.com\lease_data_entry\data_sources\ok_county_records\ok\carter\5da7
5db19104-a784-4723-ac4f-714b31fec47c,CUSTER,OK,s3://enverus-courthouse-prod-chd-plants/ok/custer/5db1/5db19104-a784-4723-ac4f-714b31fec47c.pdf
5dba0390-4d86-4d5e-808a-946c60806d52,JACKSON,OK,\\smb.dc2isilon.na.drillinginfo.com\lease_data_entry\data_sources\ok_county_records\ok\jackson\5dba
5dd758a9-2a58-45fd-b33d-89e207dfe2ee,LINCOLN,OK,\\smb.dc2isilon.na.drillinginfo.com\lease_data_entry\data_sources\ok_county_records\ok\lincoln\5dd7
5ddbebc4-74c3-45bc-8119-0d8824a86bad,COAL,OK,s3://enverus-courthouse-prod-chd-plants/ok/coal/5ddb/5ddbebc4-74c3-45bc-8119-0d8824a86bad.pdf
5ddd301e-b223-4e11-9351-de1e4ad98f66,LEFLORE,OK,\\smb.dc2isilon.na.drillinginfo.com\lease_data_entry\data_sources\ok_county_records\ok\leflore\5ddd
5e011272-be3b-4f1a-bf39-fc302b69a95a,CARTER,OK,s3://enverus-courthouse-prod-chd-plants/ok/carter/5e01/5e011272-be3b-4f1a-bf39-fc302b69a95a.pdf
5e1870f4-0b66-48ae-a9ea-0d090ae31fe6,LOGAN,OK,\\smb.dc2isilon.na.drillinginfo.com\lease_data_entry\data_sources\ok_county_records\ok\logan\5e18
5e241d28-afa0-4881-b1de-d1b9ff4853e2,MUSKOGEE,OK,\\smb.dc2isilon.na.drillinginfo.com\lease_data_entry\data_sources\ok_county_records\ok\muskogee\5e24
5e259740-2c90-4252-afa6-23d86769f098,LOGAN,OK,s3://enverus-courthouse-prod-chd-plants/ok/logan/5e25/5e259740-2c90-4252-afa6-23d86769f098.pdf
5e29c7c7-0666-4eeb-842f-3531c7d78681,LEFLORE,OK,\\smb.dc2isilon.na.drillinginfo.com\lease_data_entry\data_sources\ok_county_records\ok\leflore\5e29
5e2f4b75-e2b4-4f70-8167-163ef2b72732,KINGFISHER,OK,\\smb.dc2isilon.na.drillinginfo.com\lease_data_entry\data_sources\ok_county_records\ok\kingfisher\5e2f
5e46964a-4cb3-49f1-b899-f5242d5e803e,MURRAY,OK,\\smb.dc2isilon.na.drillinginfo.com\lease_data_entry\data_sources\ok_county_records\ok\murray\5e46
5e5f8f1e-da48-40b8-9684-50b55c86da40,CARTER,OK,\\smb.dc2isilon.na.drillinginfo.com\lease_data_entry\data_sources\ok_county_records\ok\carter\5e5f
5e78eea4-0e55-4f76-99a5-035527dc834b,SEMINOLE,OK,s3://enverus-courthouse-prod-chd-plants/ok/seminole/5e78/5e78eea4-0e55-4f76-99a5-035527dc834b.pdf
5e7f893d-4f1d-42f0-a5ff-26d98c66bc23,MAJOR,OK,\\smb.dc2isilon.na.drillinginfo.com\lease_data_entry\data_sources\ok_county_records\ok\major\5e7f
5e8e6469-9cb3-451f-87fd-d80eeafd3075,LOGAN,OK,\\smb.dc2isilon.na.drillinginfo.com\lease_data_entry\data_sources\ok_county_records\ok\logan\5e8e
5e8f4fc4-23a7-48d7-8ba6-1e0b0862f51d,WOODWARD,OK,s3://enverus-courthouse-prod-chd-plants/ok/woodward/5e8f/5e8f4fc4-23a7-48d7-8ba6-1e0b0862f51d.pdf
5e9bf76d-5721-4f96-81c5-cbbd94c69ddf,ROGER MILLS,OK,s3://enverus-courthouse-prod-chd-plants/ok/roger mills/5e9b/5e9bf76d-5721-4f96-81c5-cbbd94c69ddf.pdf
5ea43ed6-8299-456e-b2e5-4894931becb9,DEWEY,OK,s3://enverus-courthouse-prod-chd-plants/ok/dewey/5ea4/5ea43ed6-8299-456e-b2e5-4894931becb9.pdf
5eb7351f-4692-493a-a086-3fb2eaab252c,LOGAN,OK,s3://enverus-courthouse-prod-chd-plants/ok/logan/5eb7/5eb7351f-4692-493a-a086-3fb2eaab252c.pdf
5ec96a41-fa78-480d-bc5b-f82d919891f1,BLAINE,OK,s3://enverus-courthouse-prod-chd-plants/ok/blaine/5ec9/5ec96a41-fa78-480d-bc5b-f82d919891f1.pdf
5ee75ed2-e111-4926-866d-bf946ccf228b,KINGFISHER,OK,s3://enverus-courthouse-prod-chd-plants/ok/kingfisher/5ee7/5ee75ed2-e111-4926-866d-bf946ccf228b.pdf
5ef66f3e-139a-4955-8251-8c64da5daf87,LEFLORE,OK,\\smb.dc2isilon.na.drillinginfo.com\lease_data_entry\data_sources\ok_county_records\ok\leflore\5ef6
5efcf1a6-48b9-4baa-aa24-b17e43ab5629,CARTER,OK,\\smb.dc2isilon.na.drillinginfo.com\lease_data_entry\data_sources\ok_county_records\ok\carter\5efc
5f0aaeed-4db8-4d27-b4c1-be2fb8c75235,LINCOLN,OK,\\smb.dc2isilon.na.drillinginfo.com\lease_data_entry\data_sources\ok_county_records\ok\lincoln\5f0a
5f14ab70-4bcd-4bbe-9c18-4ef38ee59d21,MAJOR,OK,s3://enverus-courthouse-prod-chd-plants/ok/major/5f14/5f14ab70-4bcd-4bbe-9c18-4ef38ee59d21.pdf
5f175db0-82f4-4da0-a92a-19b22b391bc2,LOGAN,OK,s3://enverus-courthouse-prod-chd-plants/ok/logan/5f17/5f175db0-82f4-4da0-a92a-19b22b391bc2.pdf
5f1b23a6-033d-4730-ad98-c0227f4fda15,CUSTER,OK,\\smb.dc2isilon.na.drillinginfo.com\lease_data_entry\data_sources\ok_county_records\ok\custer\5f1b
5f26f348-2914-4891-a6e5-cb853ed70d10,ELLIS,OK,s3://enverus-courthouse-prod-chd-plants/ok/ellis/5f26/5f26f348-2914-4891-a6e5-cb853ed70d10.pdf
5f3761db-66b7-4b29-b6c6-5d486fb4b4e2,KINGFISHER,OK,s3://enverus-courthouse-prod-chd-plants/ok/kingfisher/5f37/5f3761db-66b7-4b29-b6c6-5d486fb4b4e2.pdf
5f4fd452-2468-4541-a133-bb61db8731fa,CARTER,OK,\\smb.dc2isilon.na.drillinginfo.com\lease_data_entry\data_sources\ok_county_records\ok\carter\5f4f
5f6d2ac2-db88-49bf-9a09-c957d6c58dfd,MURRAY,OK,s3://enverus-courthouse-prod-chd-plants/ok/murray/5f6d/5f6d2ac2-db88-49bf-9a09-c957d6c58dfd.pdf
5f71e59c-34a7-4eab-bd0b-af3480dc06e0,TEXAS,OK,\\smb.dc2isilon.na.drillinginfo.com\lease_data_entry\data_sources\ok_county_records\ok\texas\5f71
5f74d7f2-a905-43ea-bb72-74e5a20fc5d5,SEMINOLE,OK,\\smb.dc2isilon.na.drillinginfo.com\lease_data_entry\data_sources\ok_county_records\ok\seminole\5f74
5f751cd0-1b54-495b-bc71-c94b58cfeaaa,COMANCHE,OK,\\smb.dc2isilon.na.drillinginfo.com\lease_data_entry\data_sources\ok_county_records\ok\comanche\5f75
5f759454-07ad-42b5-afb4-207b2df49e09,ROGER MILLS,OK,s3://enverus-courthouse-prod-chd-plants/ok/roger mills/5f75/5f759454-07ad-42b5-afb4-207b2df49e09.pdf
5f8b46d8-7891-457d-87d6-c72b8714bfca,COAL,OK,\\smb.dc2isilon.na.drillinginfo.com\lease_data_entry\data_sources\ok_county_records\ok\coal\5f8b
5f9cd140-7c83-409e-9ed9-e99304028691,CARTER,OK,s3://enverus-courthouse-prod-chd-plants/ok/carter/5f9c/5f9cd140-7c83-409e-9ed9-e99304028691.pdf
5fa6a236-1db2-4598-a7eb-d77fac628eac,LOGAN,OK,\\smb.dc2isilon.na.drillinginfo.com\lease_data_entry\data_sources\ok_county_records\ok\logan\5fa6
5fb0288c-ca65-47a5-ac79-03acad8f160a,LOVE,OK,s3://enverus-courthouse-prod-chd-plants/ok/love/5fb0/5fb0288c-ca65-47a5-ac79-03acad8f160a.pdf
5fd4b32c-6afd-443b-969e-e6958db2b51c,MCINTOSH,OK,\\smb.dc2isilon.na.drillinginfo.com\lease_data_entry\data_sources\ok_county_records\ok\mcintosh\5fd4
5fe089fb-d36a-4a69-b72e-926c53e60e8c,CUSTER,OK,\\smb.dc2isilon.na.drillinginfo.com\lease_data_entry\data_sources\ok_county_records\ok\custer\5fe0
5feaa8a2-65f9-4e07-acf2-1dc6f31257b0,CARTER,OK,s3://enverus-courthouse-prod-chd-plants/ok/carter/5fea/5feaa8a2-65f9-4e07-acf2-1dc6f31257b0.pdf
5ff2756d-bfdc-48ee-af17-31dd2e4f3964,TEXAS,OK,\\smb.dc2isilon.na.drillinginfo.com\lease_data_entry\data_sources\ok_county_records\ok\texas\5ff2
5ff78942-191c-45f2-82b6-6f115f8f8f45,MARSHALL,OK,s3://enverus-courthouse-prod-chd-plants/ok/marshall/5ff7/5ff78942-191c-45f2-82b6-6f115f8f8f45.pdf
600e34fa-929b-4c1a-9546-9a7c22e9dae0,GARVIN,OK,\\smb.dc2isilon.na.drillinginfo.com\lease_data_entry\data_sources\ok_county_records\ok\garvin\600e
601298ff-8cbe-4be1-8cd6-b27464a0a332,LOVE,OK,s3://enverus-courthouse-prod-chd-plants/ok/love/6012/601298ff-8cbe-4be1-8cd6-b27464a0a332.pdf
6015dfa5-c796-4468-9623-6d453486f7bb,CARTER,OK,s3://enverus-courthouse-prod-chd-plants/ok/carter/6015/6015dfa5-c796-4468-9623-6d453486f7bb.pdf
6024603f-eb7b-4dab-a133-86f0703f0e7e,GRANT,OK,\\smb.dc2isilon.na.drillinginfo.com\lease_data_entry\data_sources\ok_county_records\ok\grant\6024
602605cb-2fc9-4673-a5e4-6fc743b483d5,LOGAN,OK,s3://enverus-courthouse-prod-chd-plants/ok/logan/6026/602605cb-2fc9-4673-a5e4-6fc743b483d5.pdf
60269a43-5a7a-4e6c-a236-dc5231b8dff3,CUSTER,OK,s3://enverus-courthouse-prod-chd-plants/ok/custer/6026/60269a43-5a7a-4e6c-a236-dc5231b8dff3.pdf
60422a4d-42ef-4484-b5a3-49304568e8c6,LOVE,OK,s3://enverus-courthouse-prod-chd-plants/ok/love/6042/60422a4d-42ef-4484-b5a3-49304568e8c6.pdf
6043a720-bce5-476c-9b50-e615693f6f0c,STEPHENS,OK,s3://enverus-courthouse-prod-chd-plants/ok/stephens/6043/6043a720-bce5-476c-9b50-e615693f6f0c.pdf
6062eee4-fd5d-4a53-a4de-25946158a739,ROGER MILLS,OK,s3://enverus-courthouse-prod-chd-plants/ok/roger mills/6062/6062eee4-fd5d-4a53-a4de-25946158a739.pdf
60661208-6642-4359-95fd-8ad2a9221bf1,CUSTER,OK,\\smb.dc2isilon.na.drillinginfo.com\lease_data_entry\data_sources\ok_county_records\ok\custer\6066
6071d192-264c-4817-b0ec-10d1aa813200,LOVE,OK,s3://enverus-courthouse-prod-chd-plants/ok/love/6071/6071d192-264c-4817-b0ec-10d1aa813200.pdf
6072e6f5-394f-4758-81b3-66f5a862a0ec,CUSTER,OK,\\smb.dc2isilon.na.drillinginfo.com\lease_data_entry\data_sources\ok_county_records\ok\custer\6072
607ab51d-a522-4e70-9914-b5de9f0492e4,JOHNSTON,OK,\\smb.dc2isilon.na.drillinginfo.com\lease_data_entry\data_sources\ok_county_records\ok\johnston\607a
60900070-cd24-462b-8d25-58b537fe61de,BECKHAM,OK,\\smb.dc2isilon.na.drillinginfo.com\lease_data_entry\data_sources\ok_county_records\ok\beckham\6090
6092ace0-8c9a-47a5-bd1b-8277c4d9b751,GARVIN,OK,s3://enverus-courthouse-prod-chd-plants/ok/garvin/6092/6092ace0-8c9a-47a5-bd1b-8277c4d9b751.pdf
60ad1c5d-c326-425d-a2c4-0203f46b7135,MARSHALL,OK,\\smb.dc2isilon.na.drillinginfo.com\lease_data_entry\data_sources\ok_county_records\ok\marshall\60ad
60b2798b-3953-4a80-b1c9-463c47dc17b3,MUSKOGEE,OK,s3://enverus-courthouse-prod-chd-plants/ok/muskogee/60b2/60b2798b-3953-4a80-b1c9-463c47dc17b3.pdf
60bd91f8-0442-4654-a5e1-eb91203f9ac4,COMANCHE,OK,\\smb.dc2isilon.na.drillinginfo.com\lease_data_entry\data_sources\ok_county_records\ok\comanche\60bd
60c4b143-23c7-4af2-86f6-973c29922dfd,MARSHALL,OK,s3://enverus-courthouse-prod-chd-plants/ok/marshall/60c4/60c4b143-23c7-4af2-86f6-973c29922dfd.pdf
60cca7b2-4c9c-4acf-8b17-43982ff3e3cc,SEMINOLE,OK,s3://enverus-courthouse-prod-chd-plants/ok/seminole/60cc/60cca7b2-4c9c-4acf-8b17-43982ff3e3cc.pdf
60ea22db-bccb-49cd-8f0f-b873121da6b7,LOGAN,OK,\\smb.dc2isilon.na.drillinginfo.com\lease_data_entry\data_sources\ok_county_records\ok\logan\60ea
60f6c608-110f-4c26-a047-d3afdd852d30,LOGAN,OK,s3://enverus-courthouse-prod-chd-plants/ok/logan/60f6/60f6c608-110f-4c26-a047-d3afdd852d30.pdf
60f9cac0-07ef-4964-843c-2c56675f60a9,CARTER,OK,\\smb.dc2isilon.na.drillinginfo.com\lease_data_entry\data_sources\ok_county_records\ok\carter\60f9
61141640-7f34-45a1-bc9a-3fe912cbd73e,BLAINE,OK,s3://enverus-courthouse-prod-chd-plants/ok/blaine/6114/61141640-7f34-45a1-bc9a-3fe912cbd73e.pdf
6121db8f-70d1-46aa-984b-57b78cfcb449,BLAINE,OK,s3://enverus-courthouse-prod-chd-plants/ok/blaine/6121/6121db8f-70d1-46aa-984b-57b78cfcb449.pdf
6125ab76-64e4-4021-80cc-f3a56b58ae3b,LEFLORE,OK,s3://enverus-courthouse-prod-chd-plants/ok/leflore/6125/6125ab76-64e4-4021-80cc-f3a56b58ae3b.pdf
61308896-8d35-487c-b1c5-d12664b48300,COMANCHE,OK,s3://enverus-courthouse-prod-chd-plants/ok/comanche/6130/61308896-8d35-487c-b1c5-d12664b48300.pdf
61309e0c-b953-45aa-8806-5c4e1a5cd36f,LOGAN,OK,\\smb.dc2isilon.na.drillinginfo.com\lease_data_entry\data_sources\ok_county_records\ok\logan\6130
61341542-73f6-4bd7-b5ab-9c190d53b606,PITTSBURG,OK,\\smb.dc2isilon.na.drillinginfo.com\lease_data_entry\data_sources\ok_county_records\ok\pittsburg\6134
614122f6-5476-4601-a6a1-c6b52f27f0cb,LEFLORE,OK,s3://enverus-courthouse-prod-chd-plants/ok/leflore/6141/614122f6-5476-4601-a6a1-c6b52f27f0cb.pdf
6146c10b-2d07-4a37-8321-ebfde5333b8c,CARTER,OK,s3://enverus-courthouse-prod-chd-plants/ok/carter/6146/6146c10b-2d07-4a37-8321-ebfde5333b8c.pdf
61520d8e-8461-4604-9eee-11072228805c,COMANCHE,OK,\\smb.dc2isilon.na.drillinginfo.com\lease_data_entry\data_sources\ok_county_records\ok\comanche\6152
61606538-b304-468f-b4fc-9c2e42b0dfa9,MCCLAIN,OK,\\smb.dc2isilon.na.drillinginfo.com\lease_data_entry\data_sources\ok_county_records\ok\mcclain\6160
6174b0c3-78b3-4c7d-8cda-e98efc92d5fb,CARTER,OK,\\smb.dc2isilon.na.drillinginfo.com\lease_data_entry\data_sources\ok_county_records\ok\carter\6174
61793213-e9a8-41c2-85d6-779b65d40dde,GARVIN,OK,s3://enverus-courthouse-prod-chd-plants/ok/garvin/6179/61793213-e9a8-41c2-85d6-779b65d40dde.pdf
619c00ea-0b1e-475d-b6d4-d414809e4ac1,HUGHES,OK,s3://enverus-courthouse-prod-chd-plants/ok/hughes/619c/619c00ea-0b1e-475d-b6d4-d414809e4ac1.pdf
619c495f-3f3f-49c6-96ee-650b6a80c0f5,LEFLORE,OK,\\smb.dc2isilon.na.drillinginfo.com\lease_data_entry\data_sources\ok_county_records\ok\leflore\619c
61a831cd-dc26-4f49-bd7b-879fe342c0dd,LOGAN,OK,\\smb.dc2isilon.na.drillinginfo.com\lease_data_entry\data_sources\ok_county_records\ok\logan\61a8
61b0cf32-a15c-47a5-8885-d6ba63916286,BLAINE,OK,s3://enverus-courthouse-prod-chd-plants/ok/blaine/61b0/61b0cf32-a15c-47a5-8885-d6ba63916286.pdf
61b4e246-9311-405e-8ee1-98641c595f9b,ROGER MILLS,OK,\\smb.dc2isilon.na.drillinginfo.com\lease_data_entry\data_sources\ok_county_records\ok\roger mills\61b4
61c94f17-8aad-4bcb-a84d-58083a9079ed,CARTER,OK,s3://enverus-courthouse-prod-chd-plants/ok/carter/61c9/61c94f17-8aad-4bcb-a84d-58083a9079ed.pdf
61d07296-5c4e-4438-b502-0f4b9717ef5b,MCCLAIN,OK,s3://enverus-courthouse-prod-chd-plants/ok/mcclain/61d0/61d07296-5c4e-4438-b502-0f4b9717ef5b.pdf
61d38079-2ec9-4b5c-9315-03d5790cf3a2,SEMINOLE,OK,\\smb.dc2isilon.na.drillinginfo.com\lease_data_entry\data_sources\ok_county_records\ok\seminole\61d3
61da79b6-d390-4434-b7b2-276929e0af4a,COMANCHE,OK,\\smb.dc2isilon.na.drillinginfo.com\lease_data_entry\data_sources\ok_county_records\ok\comanche\61da
620ae3a5-1961-415b-8077-a9818abf7305,COMANCHE,OK,\\smb.dc2isilon.na.drillinginfo.com\lease_data_entry\data_sources\ok_county_records\ok\comanche\620a
62116712-0d66-406f-a5c7-d7381edf69f3,CUSTER,OK,s3://enverus-courthouse-prod-chd-plants/ok/custer/6211/62116712-0d66-406f-a5c7-d7381edf69f3.pdf
621f38d0-0bcc-4308-be3d-9330840be213,HARPER,OK,s3://enverus-courthouse-prod-chd-plants/ok/harper/621f/621f38d0-0bcc-4308-be3d-9330840be213.pdf
6224d096-c82b-4e6d-9700-897bd78105fa,GARVIN,OK,s3://enverus-courthouse-prod-chd-plants/ok/garvin/6224/6224d096-c82b-4e6d-9700-897bd78105fa.pdf
62251c87-0236-4816-b66d-cc352c3e29d2,STEPHENS,OK,\\smb.dc2isilon.na.drillinginfo.com\lease_data_entry\data_sources\ok_county_records\ok\stephens\6225
62279281-7c71-43ac-9858-2cfd98969a56,GARVIN,OK,s3://enverus-courthouse-prod-chd-plants/ok/garvin/6227/62279281-7c71-43ac-9858-2cfd98969a56.pdf
6234c831-af6e-451c-8049-12c12e87b5a4,MUSKOGEE,OK,\\smb.dc2isilon.na.drillinginfo.com\lease_data_entry\data_sources\ok_county_records\ok\muskogee\6234
623f9206-1dc2-402b-9ef4-1431006f8792,LINCOLN,OK,\\smb.dc2isilon.na.drillinginfo.com\lease_data_entry\data_sources\ok_county_records\ok\lincoln\623f
62543745-82f7-40a3-af2a-03a3bf8687a7,BLAINE,OK,\\smb.dc2isilon.na.drillinginfo.com\lease_data_entry\data_sources\ok_county_records\ok\blaine\6254
625f6474-cf31-4418-ab1f-71861ad8e49e,LOGAN,OK,\\smb.dc2isilon.na.drillinginfo.com\lease_data_entry\data_sources\ok_county_records\ok\logan\625f
626c00fa-b9ee-4f96-9abf-82d27a6b535e,LOGAN,OK,\\smb.dc2isilon.na.drillinginfo.com\lease_data_entry\data_sources\ok_county_records\ok\logan\626c
629776f5-2ea0-4403-95ee-414d37b31790,CARTER,OK,\\smb.dc2isilon.na.drillinginfo.com\lease_data_entry\data_sources\ok_county_records\ok\carter\6297
629d365d-21c1-4d80-bcd9-b26a3d00af4a,CUSTER,OK,\\smb.dc2isilon.na.drillinginfo.com\lease_data_entry\data_sources\ok_county_records\ok\custer\629d
62a7bd4d-8dcc-4366-9a45-6f3439c43f1c,PAWNEE,OK,\\smb.dc2isilon.na.drillinginfo.com\lease_data_entry\data_sources\ok_county_records\ok\pawnee\62a7
62b14a96-95e8-4d57-b2e4-b690b707f3fe,LOGAN,OK,\\smb.dc2isilon.na.drillinginfo.com\lease_data_entry\data_sources\ok_county_records\ok\logan\62b1
62b54e21-5aa5-432e-a8f9-7ceeff411769,BECKHAM,OK,s3://enverus-courthouse-prod-chd-plants/ok/beckham/62b5/62b54e21-5aa5-432e-a8f9-7ceeff411769.pdf
62c554ff-4c4e-43bc-a577-5ddde0de1527,CARTER,OK,s3://enverus-courthouse-prod-chd-plants/ok/carter/62c5/62c554ff-4c4e-43bc-a577-5ddde0de1527.pdf
62cb53b2-2e34-46a9-a9c9-eb5a227b1136,DEWEY,OK,s3://enverus-courthouse-prod-chd-plants/ok/dewey/62cb/62cb53b2-2e34-46a9-a9c9-eb5a227b1136.pdf
62deb9e9-024b-4773-82d9-ab3db1887840,JEFFERSON,OK,s3://enverus-courthouse-prod-chd-plants/ok/jefferson/62de/62deb9e9-024b-4773-82d9-ab3db1887840.pdf
62e57a9c-5816-4754-b2c7-9fbb5b853445,COMANCHE,OK,\\smb.dc2isilon.na.drillinginfo.com\lease_data_entry\data_sources\ok_county_records\ok\comanche\62e5
6314c372-eb24-491f-bca9-bea39349a24a,LOGAN,OK,\\smb.dc2isilon.na.drillinginfo.com\lease_data_entry\data_sources\ok_county_records\ok\logan\6314
63250022-c428-46e6-aa7d-04c1613f958d,ELLIS,OK,\\smb.dc2isilon.na.drillinginfo.com\lease_data_entry\data_sources\ok_county_records\ok\ellis\6325
632dc87e-dab8-457f-a74b-120af45389a0,LOGAN,OK,\\smb.dc2isilon.na.drillinginfo.com\lease_data_entry\data_sources\ok_county_records\ok\logan\632d
6361f260-da18-4c51-8bdb-2b7cffe56c5f,COMANCHE,OK,\\smb.dc2isilon.na.drillinginfo.com\lease_data_entry\data_sources\ok_county_records\ok\comanche\6361
636b92fe-3814-4f0a-b0c8-25b761cf3d13,DEWEY,OK,s3://enverus-courthouse-prod-chd-plants/ok/dewey/636b/636b92fe-3814-4f0a-b0c8-25b761cf3d13.pdf
639a1a09-f86e-4e95-a27e-c82b60eb1192,MCCLAIN,OK,\\smb.dc2isilon.na.drillinginfo.com\lease_data_entry\data_sources\ok_county_records\ok\mcclain\639a
63a2a78c-10c4-4f6e-b3bb-5057fd69714c,LOVE,OK,s3://enverus-courthouse-prod-chd-plants/ok/love/63a2/63a2a78c-10c4-4f6e-b3bb-5057fd69714c.pdf
63b8e46c-44cc-44bb-9953-8e3a7415ad1e,STEPHENS,OK,s3://enverus-courthouse-prod-chd-plants/ok/stephens/63b8/63b8e46c-44cc-44bb-9953-8e3a7415ad1e.pdf
63bdf429-b58c-4eb3-948f-0027bb6b0373,LINCOLN,OK,\\smb.dc2isilon.na.drillinginfo.com\lease_data_entry\data_sources\ok_county_records\ok\lincoln\63bd
63be9a54-0078-4f6a-998e-0af9eef4cc69,CARTER,OK,\\smb.dc2isilon.na.drillinginfo.com\lease_data_entry\data_sources\ok_county_records\ok\carter\63be
63c3099b-ec11-467d-a895-27be7b620591,GARVIN,OK,s3://enverus-courthouse-prod-chd-plants/ok/garvin/63c3/63c3099b-ec11-467d-a895-27be7b620591.pdf
63fdcba4-f845-4f7c-810c-039767e2d65b,MAJOR,OK,s3://enverus-courthouse-prod-chd-plants/ok/major/63fd/63fdcba4-f845-4f7c-810c-039767e2d65b.pdf
640a02e2-aaa3-49d9-b3f0-de6867de63f1,CARTER,OK,\\smb.dc2isilon.na.drillinginfo.com\lease_data_entry\data_sources\ok_county_records\ok\carter\640a
64187470-40f8-4871-9756-a10c9ba3fb92,MCCLAIN,OK,\\smb.dc2isilon.na.drillinginfo.com\lease_data_entry\data_sources\ok_county_records\ok\mcclain\6418
64275a78-cd0c-4be0-9928-eed00d3bcf71,CARTER,OK,\\smb.dc2isilon.na.drillinginfo.com\lease_data_entry\data_sources\ok_county_records\ok\carter\6427
64301e07-c832-4bf4-a936-4a24dcb9b51e,SEMINOLE,OK,s3://enverus-courthouse-prod-chd-plants/ok/seminole/6430/64301e07-c832-4bf4-a936-4a24dcb9b51e.pdf
6433c55c-9286-4cba-8471-7c628dde6ffc,KINGFISHER,OK,\\smb.dc2isilon.na.drillinginfo.com\lease_data_entry\data_sources\ok_county_records\ok\kingfisher\6433
6445207b-838c-4dd7-8f62-11bd9479ac70,KAY,OK,\\smb.dc2isilon.na.drillinginfo.com\lease_data_entry\data_sources\ok_county_records\ok\kay\6445
644d945f-2133-4efb-8c67-2cc731915453,ROGER MILLS,OK,s3://enverus-courthouse-prod-chd-plants/ok/roger mills/644d/644d945f-2133-4efb-8c67-2cc731915453.pdf
6450051e-0725-40e2-9f80-233465870c90,COMANCHE,OK,\\smb.dc2isilon.na.drillinginfo.com\lease_data_entry\data_sources\ok_county_records\ok\comanche\6450
6464ba32-9d67-467c-8bb1-bb5a81056dc6,LINCOLN,OK,s3://enverus-courthouse-prod-chd-plants/ok/lincoln/6464/6464ba32-9d67-467c-8bb1-bb5a81056dc6.pdf
646a6bff-a99c-4842-a5a1-90bba361c66d,TEXAS,OK,s3://enverus-courthouse-prod-chd-plants/ok/texas/646a/646a6bff-a99c-4842-a5a1-90bba361c66d.pdf
64a84066-4087-4958-b1dc-9cc5b44a15ff,CUSTER,OK,s3://enverus-courthouse-prod-chd-plants/ok/custer/64a8/64a84066-4087-4958-b1dc-9cc5b44a15ff.pdf
64abd23f-b4af-4cdb-a4f4-4ab65587756c,COMANCHE,OK,\\smb.dc2isilon.na.drillinginfo.com\lease_data_entry\data_sources\ok_county_records\ok\comanche\64ab
64b5d43d-51fc-460a-957a-c08dd53ac67a,LINCOLN,OK,\\smb.dc2isilon.na.drillinginfo.com\lease_data_entry\data_sources\ok_county_records\ok\lincoln\64b5
64bbda52-ec40-4cf0-bfca-16d1bb508ada,COAL,OK,s3://enverus-courthouse-prod-chd-plants/ok/coal/64bb/64bbda52-ec40-4cf0-bfca-16d1bb508ada.pdf
64cfcc4c-eb29-4979-bdca-e03299151e17,SEMINOLE,OK,s3://enverus-courthouse-prod-chd-plants/ok/seminole/64cf/64cfcc4c-eb29-4979-bdca-e03299151e17.pdf
64d17dc8-a07b-4fdf-90ce-efe2181ce6b5,COMANCHE,OK,\\smb.dc2isilon.na.drillinginfo.com\lease_data_entry\data_sources\ok_county_records\ok\comanche\64d1
64dab58f-e638-4a57-896f-59ad78e8318f,WASHINGTON,OK,s3://enverus-courthouse-prod-chd-plants/ok/washington/64da/64dab58f-e638-4a57-896f-59ad78e8318f.pdf
64dabda4-138e-439a-85a9-02280ee814eb,MCCLAIN,OK,\\smb.dc2isilon.na.drillinginfo.com\lease_data_entry\data_sources\ok_county_records\ok\mcclain\64da
64f83c51-e27e-48a0-8afc-2efdd4cbd3c9,LOGAN,OK,s3://enverus-courthouse-prod-chd-plants/ok/logan/64f8/64f83c51-e27e-48a0-8afc-2efdd4cbd3c9.pdf
64fea171-1a0d-4072-8f4d-17e41a07fc0d,OKMULGEE,OK,\\smb.dc2isilon.na.drillinginfo.com\lease_data_entry\data_sources\ok_county_records\ok\okmulgee\64fe
6508a328-4a07-47bd-8e19-8bcff49f7b1f,WASHINGTON,OK,\\smb.dc2isilon.na.drillinginfo.com\lease_data_entry\data_sources\ok_county_records\ok\washington\6508
650b00e0-327d-4f7a-9a69-b1ba20bb1b42,MAJOR,OK,s3://enverus-courthouse-prod-chd-plants/ok/major/650b/650b00e0-327d-4f7a-9a69-b1ba20bb1b42.pdf
6510848c-737c-4b1a-85de-bac541766c86,MAJOR,OK,\\smb.dc2isilon.na.drillinginfo.com\lease_data_entry\data_sources\ok_county_records\ok\major\6510
6513fddd-b7fd-4507-a9cf-524195cb1bf6,LINCOLN,OK,s3://enverus-courthouse-prod-chd-plants/ok/lincoln/6513/6513fddd-b7fd-4507-a9cf-524195cb1bf6.pdf
652deabe-d8d7-4e25-90cb-7d7c71eba6d8,STEPHENS,OK,\\smb.dc2isilon.na.drillinginfo.com\lease_data_entry\data_sources\ok_county_records\ok\stephens\652d
653691b6-e2ac-43a3-b68a-e0f06605d4fb,LOGAN,OK,s3://enverus-courthouse-prod-chd-plants/ok/logan/6536/653691b6-e2ac-43a3-b68a-e0f06605d4fb.pdf
653cc3bf-d7e2-4bbb-8d3c-a693f0a34615,KINGFISHER,OK,\\smb.dc2isilon.na.drillinginfo.com\lease_data_entry\data_sources\ok_county_records\ok\kingfisher\653c
654ace7f-e295-4b1d-bedb-857e558d3d81,CARTER,OK,\\smb.dc2isilon.na.drillinginfo.com\lease_data_entry\data_sources\ok_county_records\ok\carter\654a
6562953c-7deb-47c1-8b98-bc068743e417,WOODWARD,OK,\\smb.dc2isilon.na.drillinginfo.com\lease_data_entry\data_sources\ok_county_records\ok\woodward\6562
65676cc8-a253-40cc-98b0-304615464cf8,LOGAN,OK,s3://enverus-courthouse-prod-chd-plants/ok/logan/6567/65676cc8-a253-40cc-98b0-304615464cf8.pdf
6570ec56-342a-4cb7-9334-4ae4538c0123,STEPHENS,OK,s3://enverus-courthouse-prod-chd-plants/ok/stephens/6570/6570ec56-342a-4cb7-9334-4ae4538c0123.pdf
6574cf63-c0a4-4e61-b45f-636a919b77b2,SEMINOLE,OK,\\smb.dc2isilon.na.drillinginfo.com\lease_data_entry\data_sources\ok_county_records\ok\seminole\6574
658f4548-2ecd-417b-a942-3b647c329144,CARTER,OK,\\smb.dc2isilon.na.drillinginfo.com\lease_data_entry\data_sources\ok_county_records\ok\carter\658f
6593a4fd-048f-4665-b379-98eb4693a7da,WASHINGTON,OK,\\smb.dc2isilon.na.drillinginfo.com\lease_data_entry\data_sources\ok_county_records\ok\washington\6593
65a1f2e3-4185-4ebf-8c46-f2c94853eb24,STEPHENS,OK,\\smb.dc2isilon.na.drillinginfo.com\lease_data_entry\data_sources\ok_county_records\ok\stephens\65a1
65aaf05a-8917-4f1c-bdf2-891965fe2a20,SEMINOLE,OK,\\smb.dc2isilon.na.drillinginfo.com\lease_data_entry\data_sources\ok_county_records\ok\seminole\65aa
65bbdc61-1cd8-4d8b-b20f-a5cb52c12ee9,HUGHES,OK,s3://enverus-courthouse-prod-chd-plants/ok/hughes/65bb/65bbdc61-1cd8-4d8b-b20f-a5cb52c12ee9.pdf
65c539c4-1434-4ce8-99fe-04d5ab9ba971,LOGAN,OK,\\smb.dc2isilon.na.drillinginfo.com\lease_data_entry\data_sources\ok_county_records\ok\logan\65c5
65efe65a-55ef-407b-89ec-7fd1318c4b1d,BECKHAM,OK,\\smb.dc2isilon.na.drillinginfo.com\lease_data_entry\data_sources\ok_county_records\ok\beckham\65ef
65f3ccaa-391e-4ac1-abb7-ac3f31ba4ad1,LOGAN,OK,\\smb.dc2isilon.na.drillinginfo.com\lease_data_entry\data_sources\ok_county_records\ok\logan\65f3
6601c8a3-9c08-458d-850e-97c94b0cd3d2,BECKHAM,OK,s3://enverus-courthouse-prod-chd-plants/ok/beckham/6601/6601c8a3-9c08-458d-850e-97c94b0cd3d2.pdf
6602dc35-92e0-475c-9181-7f3c5724db6b,BECKHAM,OK,\\smb.dc2isilon.na.drillinginfo.com\lease_data_entry\data_sources\ok_county_records\ok\beckham\6602
66165d30-581c-49b2-b9e9-f4a1542b0ed4,KINGFISHER,OK,s3://enverus-courthouse-prod-chd-plants/ok/kingfisher/6616/66165d30-581c-49b2-b9e9-f4a1542b0ed4.pdf
6620b3c0-1853-4dd8-9b2e-db78177e0750,LOGAN,OK,\\smb.dc2isilon.na.drillinginfo.com\lease_data_entry\data_sources\ok_county_records\ok\logan\6620
6629fc86-d6b3-4e0a-947d-8d344bdbed05,CUSTER,OK,\\smb.dc2isilon.na.drillinginfo.com\lease_data_entry\data_sources\ok_county_records\ok\custer\6629
662dc95f-3a58-4ca0-8ed7-297f66fbd856,LINCOLN,OK,s3://enverus-courthouse-prod-chd-plants/ok/lincoln/662d/662dc95f-3a58-4ca0-8ed7-297f66fbd856.pdf
665ff2f9-47c0-4616-81f2-8c8317159ad3,GARVIN,OK,s3://enverus-courthouse-prod-chd-plants/ok/garvin/665f/665ff2f9-47c0-4616-81f2-8c8317159ad3.pdf
667c9fb3-672e-4deb-b4db-02197cc16b57,GRANT,OK,\\smb.dc2isilon.na.drillinginfo.com\lease_data_entry\data_sources\ok_county_records\ok\grant\667c
669264a9-594f-4a53-84de-4b7ee77e7182,LEFLORE,OK,\\smb.dc2isilon.na.drillinginfo.com\lease_data_entry\data_sources\ok_county_records\ok\leflore\6692
6693b10e-49ee-4a19-9183-13ba9df8b4a5,WASHINGTON,OK,\\smb.dc2isilon.na.drillinginfo.com\lease_data_entry\data_sources\ok_county_records\ok\washington\6693
669e4ce8-b71a-4d5d-8c70-51c9cffba3e4,OKMULGEE,OK,\\smb.dc2isilon.na.drillinginfo.com\lease_data_entry\data_sources\ok_county_records\ok\okmulgee\669e
669f4cef-bd0b-4092-9a60-9a4de1ecb15c,LINCOLN,OK,s3://enverus-courthouse-prod-chd-plants/ok/lincoln/669f/669f4cef-bd0b-4092-9a60-9a4de1ecb15c.pdf
66b42b03-1586-4f78-a010-75d422198241,LEFLORE,OK,\\smb.dc2isilon.na.drillinginfo.com\lease_data_entry\data_sources\ok_county_records\ok\leflore\66b4
66b4838b-125d-46cc-a9d1-45a09c604686,COAL,OK,s3://enverus-courthouse-prod-chd-plants/ok/coal/66b4/66b4838b-125d-46cc-a9d1-45a09c604686.pdf
66b8471d-f0ca-4e40-b936-df629be4e621,LEFLORE,OK,s3://enverus-courthouse-prod-chd-plants/ok/leflore/66b8/66b8471d-f0ca-4e40-b936-df629be4e621.pdf
66c564c8-f103-4702-b662-5282c9595d74,BECKHAM,OK,s3://enverus-courthouse-prod-chd-plants/ok/beckham/66c5/66c564c8-f103-4702-b662-5282c9595d74.pdf
66c5c2c6-bd4b-4d34-88fc-66070a5ca7db,MUSKOGEE,OK,\\smb.dc2isilon.na.drillinginfo.com\lease_data_entry\data_sources\ok_county_records\ok\muskogee\66c5
66ea7edd-8b28-4347-b43b-4ac8f539ff4b,DEWEY,OK,s3://enverus-courthouse-prod-chd-plants/ok/dewey/66ea/66ea7edd-8b28-4347-b43b-4ac8f539ff4b.pdf
66ecf898-ffe7-410c-8b50-f0f1f1bb8ad2,TEXAS,OK,\\smb.dc2isilon.na.drillinginfo.com\lease_data_entry\data_sources\ok_county_records\ok\texas\66ec
6703c708-c453-4675-bfa4-9e0cec8316c1,LINCOLN,OK,s3://enverus-courthouse-prod-chd-plants/ok/lincoln/6703/6703c708-c453-4675-bfa4-9e0cec8316c1.pdf
670e777a-e605-4f9e-8be6-8bb828c62893,ROGER MILLS,OK,s3://enverus-courthouse-prod-chd-plants/ok/roger mills/670e/670e777a-e605-4f9e-8be6-8bb828c62893.pdf
671dc1b2-9ea7-46aa-8948-9d3b6233c6ba,GARVIN,OK,s3://enverus-courthouse-prod-chd-plants/ok/garvin/671d/671dc1b2-9ea7-46aa-8948-9d3b6233c6ba.pdf
672e5f12-280c-4805-b6ce-0e2582915cfc,LATIMER,OK,s3://enverus-courthouse-prod-chd-plants/ok/latimer/672e/672e5f12-280c-4805-b6ce-0e2582915cfc.pdf
67681f9c-8d87-464b-a8bb-1b763b3c16c1,CARTER,OK,\\smb.dc2isilon.na.drillinginfo.com\lease_data_entry\data_sources\ok_county_records\ok\carter\6768
676e8974-725a-4c3c-b58a-c481de8cbcd2,ROGER MILLS,OK,s3://enverus-courthouse-prod-chd-plants/ok/roger mills/676e/676e8974-725a-4c3c-b58a-c481de8cbcd2.pdf
676f1aac-cf95-4e58-a60d-45058c159792,MCCLAIN,OK,\\smb.dc2isilon.na.drillinginfo.com\lease_data_entry\data_sources\ok_county_records\ok\mcclain\676f
6775ae67-a1c1-450a-9506-e41face1f76c,LEFLORE,OK,\\smb.dc2isilon.na.drillinginfo.com\lease_data_entry\data_sources\ok_county_records\ok\leflore\6775
677f6562-90e5-489c-874d-934cc93af746,DEWEY,OK,\\smb.dc2isilon.na.drillinginfo.com\lease_data_entry\data_sources\ok_county_records\ok\dewey\677f
67a5648f-601c-46e9-9d0c-bf755e80e4bb,CUSTER,OK,s3://enverus-courthouse-prod-chd-plants/ok/custer/67a5/67a5648f-601c-46e9-9d0c-bf755e80e4bb.pdf
67b24840-57cc-4504-bd1b-6f728f47b9ff,LINCOLN,OK,\\smb.dc2isilon.na.drillinginfo.com\lease_data_entry\data_sources\ok_county_records\ok\lincoln\67b2
67bb566d-999d-4273-9dd1-835d7248b644,COAL,OK,s3://enverus-courthouse-prod-chd-plants/ok/coal/67bb/67bb566d-999d-4273-9dd1-835d7248b644.pdf
67df4c4b-f5e7-48e5-bcd0-5d85a2bab649,LINCOLN,OK,s3://enverus-courthouse-prod-chd-plants/ok/lincoln/67df/67df4c4b-f5e7-48e5-bcd0-5d85a2bab649.pdf
67e21f14-92e8-4dcd-8952-a490dcb2ab14,ROGER MILLS,OK,s3://enverus-courthouse-prod-chd-plants/ok/roger mills/67e2/67e21f14-92e8-4dcd-8952-a490dcb2ab14.pdf
67ea917a-400b-467b-8fe8-f8a56a317cc2,WASHINGTON,OK,s3://enverus-courthouse-prod-chd-plants/ok/washington/67ea/67ea917a-400b-467b-8fe8-f8a56a317cc2.pdf
67ff8326-c929-483e-9ecc-614caff9aba1,ELLIS,OK,s3://enverus-courthouse-prod-chd-plants/ok/ellis/67ff/67ff8326-c929-483e-9ecc-614caff9aba1.pdf
680ee8ac-3f0a-4e6f-9358-a7b4ddf19882,LINCOLN,OK,s3://enverus-courthouse-prod-chd-plants/ok/lincoln/680e/680ee8ac-3f0a-4e6f-9358-a7b4ddf19882.pdf
681d5159-30dc-4b89-b57c-a0ab6e550f0c,CARTER,OK,\\smb.dc2isilon.na.drillinginfo.com\lease_data_entry\data_sources\ok_county_records\ok\carter\681d
68216706-3ed0-45d6-ba75-ceff86ddaa76,STEPHENS,OK,\\smb.dc2isilon.na.drillinginfo.com\lease_data_entry\data_sources\ok_county_records\ok\stephens\6821
685124d8-bed0-47bc-8ff5-90ef047b9664,ROGER MILLS,OK,s3://enverus-courthouse-prod-chd-plants/ok/roger mills/6851/685124d8-bed0-47bc-8ff5-90ef047b9664.pdf
685c45dd-4210-4a3f-86c4-6f4a587b4d8b,WASHINGTON,OK,\\smb.dc2isilon.na.drillinginfo.com\lease_data_entry\data_sources\ok_county_records\ok\washington\685c
689aefbd-5028-4e69-8874-fe9c6a4bd923,STEPHENS,OK,\\smb.dc2isilon.na.drillinginfo.com\lease_data_entry\data_sources\ok_county_records\ok\stephens\689a
68ba7a8d-bb01-48fc-9c1e-e736a9908f0b,WASHINGTON,OK,\\smb.dc2isilon.na.drillinginfo.com\lease_data_entry\data_sources\ok_county_records\ok\washington\68ba
68c2dd29-69e5-4b74-8c4f-8b6df1d2cfef,BECKHAM,OK,\\smb.dc2isilon.na.drillinginfo.com\lease_data_entry\data_sources\ok_county_records\ok\beckham\68c2
690bf9da-d758-4b82-addc-621684496288,CARTER,OK,s3://enverus-courthouse-prod-chd-plants/ok/carter/690b/690bf9da-d758-4b82-addc-621684496288.pdf
6914b907-a4f1-401d-ac9e-a8df31d04e97,LOGAN,OK,s3://enverus-courthouse-prod-chd-plants/ok/logan/6914/6914b907-a4f1-401d-ac9e-a8df31d04e97.pdf
69203425-ca9d-41e8-aa53-f6de08d10730,DEWEY,OK,\\smb.dc2isilon.na.drillinginfo.com\lease_data_entry\data_sources\ok_county_records\ok\dewey\6920
69367b05-32fa-4088-9598-4d172109ef21,KINGFISHER,OK,\\smb.dc2isilon.na.drillinginfo.com\lease_data_entry\data_sources\ok_county_records\ok\kingfisher\6936
6944b6ef-25d7-434f-aac3-7aa1030a5d9e,DEWEY,OK,s3://enverus-courthouse-prod-chd-plants/ok/dewey/6944/6944b6ef-25d7-434f-aac3-7aa1030a5d9e.pdf
6944ed43-9d24-4868-b6a8-a21a8416ec67,MARSHALL,OK,\\smb.dc2isilon.na.drillinginfo.com\lease_data_entry\data_sources\ok_county_records\ok\marshall\6944
6959420d-e2ba-424a-a5ed-c75f285b1592,LOGAN,OK,\\smb.dc2isilon.na.drillinginfo.com\lease_data_entry\data_sources\ok_county_records\ok\logan\6959
695dfa34-d29c-48cc-8f36-e4e6cc5aed63,LOGAN,OK,\\smb.dc2isilon.na.drillinginfo.com\lease_data_entry\data_sources\ok_county_records\ok\logan\695d
6967d7f1-7623-44d6-963d-05551789bfcc,STEPHENS,OK,\\smb.dc2isilon.na.drillinginfo.com\lease_data_entry\data_sources\ok_county_records\ok\stephens\6967
6969a5b7-eb16-4b4b-9ae0-827b0fa813fc,CUSTER,OK,s3://enverus-courthouse-prod-chd-plants/ok/custer/6969/6969a5b7-eb16-4b4b-9ae0-827b0fa813fc.pdf
6974f487-7e92-4cb6-ab61-cb463d506a8e,LEFLORE,OK,\\smb.dc2isilon.na.drillinginfo.com\lease_data_entry\data_sources\ok_county_records\ok\leflore\6974
697ac8ef-0840-4282-9b3f-8848483ed715,DEWEY,OK,\\smb.dc2isilon.na.drillinginfo.com\lease_data_entry\data_sources\ok_county_records\ok\dewey\697a
69887ace-3189-4878-bf6f-eaecc2aa0401,KINGFISHER,OK,s3://enverus-courthouse-prod-chd-plants/ok/kingfisher/6988/69887ace-3189-4878-bf6f-eaecc2aa0401.pdf
69a606db-b051-4206-b0a3-4ab868e57896,MCCLAIN,OK,s3://enverus-courthouse-prod-chd-plants/ok/mcclain/69a6/69a606db-b051-4206-b0a3-4ab868e57896.pdf
69aaa710-2462-45d2-b816-5f6c3e1d914e,MAJOR,OK,\\smb.dc2isilon.na.drillinginfo.com\lease_data_entry\data_sources\ok_county_records\ok\major\69aa
69abc08a-bfc2-46e4-bd89-d7c1a905975a,LEFLORE,OK,\\smb.dc2isilon.na.drillinginfo.com\lease_data_entry\data_sources\ok_county_records\ok\leflore\69ab
69b97f56-e546-4bda-a727-7524b680ec78,KINGFISHER,OK,s3://enverus-courthouse-prod-chd-plants/ok/kingfisher/69b9/69b97f56-e546-4bda-a727-7524b680ec78.pdf
69c16112-16eb-4fee-9810-3cf13e49804e,ELLIS,OK,s3://enverus-courthouse-prod-chd-plants/ok/ellis/69c1/69c16112-16eb-4fee-9810-3cf13e49804e.pdf
69c37474-d045-4d5f-b1da-6f051ca7c3da,ELLIS,OK,s3://enverus-courthouse-prod-chd-plants/ok/ellis/69c3/69c37474-d045-4d5f-b1da-6f051ca7c3da.pdf
69cfb453-9f27-44d0-acae-4adb87e28d07,SEMINOLE,OK,s3://enverus-courthouse-prod-chd-plants/ok/seminole/69cf/69cfb453-9f27-44d0-acae-4adb87e28d07.pdf
69f5cd05-115a-4de0-a588-608136f663cb,OKMULGEE,OK,\\smb.dc2isilon.na.drillinginfo.com\lease_data_entry\data_sources\ok_county_records\ok\okmulgee\69f5
69fc568d-1539-4add-b048-0dc3a817d140,LATIMER,OK,s3://enverus-courthouse-prod-chd-plants/ok/latimer/69fc/69fc568d-1539-4add-b048-0dc3a817d140.pdf
6a0364ee-1700-4dfd-85e1-44fd980c1186,LOGAN,OK,s3://enverus-courthouse-prod-chd-plants/ok/logan/6a03/6a0364ee-1700-4dfd-85e1-44fd980c1186.pdf
6a2b042a-35cc-4e01-8df1-eb55cfa294ae,SEMINOLE,OK,s3://enverus-courthouse-prod-chd-plants/ok/seminole/6a2b/6a2b042a-35cc-4e01-8df1-eb55cfa294ae.pdf
6a356f2c-dfa7-4df7-b057-dad7ec1e7d4a,WOODWARD,OK,\\smb.dc2isilon.na.drillinginfo.com\lease_data_entry\data_sources\ok_county_records\ok\woodward\6a35
6a41eada-5409-40c8-8ebd-dcbcdb65a3df,MARSHALL,OK,\\smb.dc2isilon.na.drillinginfo.com\lease_data_entry\data_sources\ok_county_records\ok\marshall\6a41
6a49fe8a-ba3a-49e4-922a-217150927bf7,LOVE,OK,\\smb.dc2isilon.na.drillinginfo.com\lease_data_entry\data_sources\ok_county_records\ok\love\6a49
6a4e444f-e0cf-42a7-800e-71c2b2b721c2,JEFFERSON,OK,s3://enverus-courthouse-prod-chd-plants/ok/jefferson/6a4e/6a4e444f-e0cf-42a7-800e-71c2b2b721c2.pdf
6a6e1f0d-1230-4e32-8f45-53b7bed50ad8,BECKHAM,OK,\\smb.dc2isilon.na.drillinginfo.com\lease_data_entry\data_sources\ok_county_records\ok\beckham\6a6e
6a6f4fb6-d2cf-42cf-9bf7-54295199b350,COMANCHE,OK,\\smb.dc2isilon.na.drillinginfo.com\lease_data_entry\data_sources\ok_county_records\ok\comanche\6a6f
6a6fa827-e896-478b-ad69-4cc35378f186,COMANCHE,OK,\\smb.dc2isilon.na.drillinginfo.com\lease_data_entry\data_sources\ok_county_records\ok\comanche\6a6f
6a8fe968-e77c-4dd0-9bd7-023a49dfddb5,MURRAY,OK,\\smb.dc2isilon.na.drillinginfo.com\lease_data_entry\data_sources\ok_county_records\ok\murray\6a8f
6abb18e3-ebbb-4615-b144-e22831b43f4a,CARTER,OK,s3://enverus-courthouse-prod-chd-plants/ok/carter/6abb/6abb18e3-ebbb-4615-b144-e22831b43f4a.pdf
6ac7d6ec-677e-4768-815e-53c0fff152d7,BECKHAM,OK,s3://enverus-courthouse-prod-chd-plants/ok/beckham/6ac7/6ac7d6ec-677e-4768-815e-53c0fff152d7.pdf
6ace22b7-769f-4804-872b-8aaa8ed7f6a9,ROGER MILLS,OK,s3://enverus-courthouse-prod-chd-plants/ok/roger mills/6ace/6ace22b7-769f-4804-872b-8aaa8ed7f6a9.pdf
6afb5c18-5433-4fd4-a625-6f4115270e52,LEFLORE,OK,\\smb.dc2isilon.na.drillinginfo.com\lease_data_entry\data_sources\ok_county_records\ok\leflore\6afb
6b04f355-af53-430b-b72c-896dfb0ea2dd,CARTER,OK,s3://enverus-courthouse-prod-chd-plants/ok/carter/6b04/6b04f355-af53-430b-b72c-896dfb0ea2dd.pdf
6b0b4458-9de5-4015-b83a-af6d8a09beb3,KIOWA,OK,\\smb.dc2isilon.na.drillinginfo.com\lease_data_entry\data_sources\ok_county_records\ok\kiowa\6b0b
6b0caf51-8fe9-42cb-8069-db6f45dc7295,ROGER MILLS,OK,s3://enverus-courthouse-prod-chd-plants/ok/roger mills/6b0c/6b0caf51-8fe9-42cb-8069-db6f45dc7295.pdf
6b304835-5b56-4af3-8289-f12105acad73,CARTER,OK,\\smb.dc2isilon.na.drillinginfo.com\lease_data_entry\data_sources\ok_county_records\ok\carter\6b30
6b339e31-7ccf-4522-99e9-53d487a62ca2,KINGFISHER,OK,s3://enverus-courthouse-prod-chd-plants/ok/kingfisher/6b33/6b339e31-7ccf-4522-99e9-53d487a62ca2.pdf
6b4c3df0-222f-4fbd-9e7c-3041c375a431,MUSKOGEE,OK,\\smb.dc2isilon.na.drillinginfo.com\lease_data_entry\data_sources\ok_county_records\ok\muskogee\6b4c
6b507c45-76b3-4afe-a42a-aa269f8908d8,COAL,OK,\\smb.dc2isilon.na.drillinginfo.com\lease_data_entry\data_sources\ok_county_records\ok\coal\6b50
6b6ebdc4-87e8-4828-b3ee-1ba629249d7b,WOODWARD,OK,\\smb.dc2isilon.na.drillinginfo.com\lease_data_entry\data_sources\ok_county_records\ok\woodward\6b6e
6b97a8bf-9b45-45d6-aa28-9906f216d128,STEPHENS,OK,s3://enverus-courthouse-prod-chd-plants/ok/stephens/6b97/6b97a8bf-9b45-45d6-aa28-9906f216d128.pdf
6baa07b3-7786-462b-9815-b33924aa9cb7,ROGER MILLS,OK,s3://enverus-courthouse-prod-chd-plants/ok/roger mills/6baa/6baa07b3-7786-462b-9815-b33924aa9cb7.pdf
6bcb34ad-4bb5-432c-a35f-e407847126bc,COAL,OK,s3://enverus-courthouse-prod-chd-plants/ok/coal/6bcb/6bcb34ad-4bb5-432c-a35f-e407847126bc.pdf
6befb255-29b1-48b7-8205-07455a369573,CUSTER,OK,\\smb.dc2isilon.na.drillinginfo.com\lease_data_entry\data_sources\ok_county_records\ok\custer\6bef
6c160613-4c2d-475c-8720-376e39d70d5c,BECKHAM,OK,s3://enverus-courthouse-prod-chd-plants/ok/beckham/6c16/6c160613-4c2d-475c-8720-376e39d70d5c.pdf
6c22b36a-f7e2-4c87-820e-171b67f5f0de,LINCOLN,OK,s3://enverus-courthouse-prod-chd-plants/ok/lincoln/6c22/6c22b36a-f7e2-4c87-820e-171b67f5f0de.pdf
6c26c5e3-8952-422b-95d3-b649b1f68b8e,LINCOLN,OK,s3://enverus-courthouse-prod-chd-plants/ok/lincoln/6c26/6c26c5e3-8952-422b-95d3-b649b1f68b8e.pdf
6c270ce4-997e-4e70-8ec0-2d6f9c9cd475,CARTER,OK,s3://enverus-courthouse-prod-chd-plants/ok/carter/6c27/6c270ce4-997e-4e70-8ec0-2d6f9c9cd475.pdf
6c2d70ed-e52a-48c9-8ce9-724eef954cc3,COMANCHE,OK,\\smb.dc2isilon.na.drillinginfo.com\lease_data_entry\data_sources\ok_county_records\ok\comanche\6c2d
6c561b9b-1007-4c9e-ba2b-97c4ffc29813,COMANCHE,OK,\\smb.dc2isilon.na.drillinginfo.com\lease_data_entry\data_sources\ok_county_records\ok\comanche\6c56
6c5f5c69-b1c3-46bc-8cb6-7cba7f90ff48,LOVE,OK,s3://enverus-courthouse-prod-chd-plants/ok/love/6c5f/6c5f5c69-b1c3-46bc-8cb6-7cba7f90ff48.pdf
6c6611f8-eae5-4b81-8fae-633606ffca4a,CARTER,OK,\\smb.dc2isilon.na.drillinginfo.com\lease_data_entry\data_sources\ok_county_records\ok\carter\6c66
6c8346c9-08e1-4c6b-a0cb-c2dd2f7f5130,SEMINOLE,OK,\\smb.dc2isilon.na.drillinginfo.com\lease_data_entry\data_sources\ok_county_records\ok\seminole\6c83
6c83bbcc-4828-464a-a499-6e119e25498c,COMANCHE,OK,s3://enverus-courthouse-prod-chd-plants/ok/comanche/6c83/6c83bbcc-4828-464a-a499-6e119e25498c.pdf
6c86529a-d870-42db-9e03-8746baba0020,ROGER MILLS,OK,s3://enverus-courthouse-prod-chd-plants/ok/roger mills/6c86/6c86529a-d870-42db-9e03-8746baba0020.pdf
6c8c0ade-75c9-4b65-ae12-032d30248c89,CUSTER,OK,s3://enverus-courthouse-prod-chd-plants/ok/custer/6c8c/6c8c0ade-75c9-4b65-ae12-032d30248c89.pdf
6caf5f1d-8143-4f23-b5e2-1490495a7428,WASHITA,OK,\\smb.dc2isilon.na.drillinginfo.com\lease_data_entry\data_sources\ok_county_records\ok\washita\6caf
6cba22ca-0152-46e2-a011-777dc13579bf,BLAINE,OK,s3://enverus-courthouse-prod-chd-plants/ok/blaine/6cba/6cba22ca-0152-46e2-a011-777dc13579bf.pdf
6cd01e34-5122-4209-89dd-e87754012f48,MCCLAIN,OK,s3://enverus-courthouse-prod-chd-plants/ok/mcclain/6cd0/6cd01e34-5122-4209-89dd-e87754012f48.pdf
6ce86c91-b9ed-4b1c-9c7d-6197e1113d66,SEMINOLE,OK,s3://enverus-courthouse-prod-chd-plants/ok/seminole/6ce8/6ce86c91-b9ed-4b1c-9c7d-6197e1113d66.pdf
6ceed594-a6cf-4937-b746-2e2ff8bf03ad,HUGHES,OK,s3://enverus-courthouse-prod-chd-plants/ok/hughes/6cee/6ceed594-a6cf-4937-b746-2e2ff8bf03ad.pdf
6cf03c12-ede0-4fe0-98cf-db7bf9e3c1cf,BECKHAM,OK,\\smb.dc2isilon.na.drillinginfo.com\lease_data_entry\data_sources\ok_county_records\ok\beckham\6cf0
6cf12250-7b67-4937-9590-553ca90eaf9f,LOVE,OK,\\smb.dc2isilon.na.drillinginfo.com\lease_data_entry\data_sources\ok_county_records\ok\love\6cf1
6cf875a3-f6c9-47b7-ae2e-f6b66ca70fcf,PITTSBURG,OK,s3://enverus-courthouse-prod-chd-plants/ok/pittsburg/6cf8/6cf875a3-f6c9-47b7-ae2e-f6b66ca70fcf.pdf
6cfed1a8-c17f-44d1-b467-e04ddfc8c810,KINGFISHER,OK,s3://enverus-courthouse-prod-chd-plants/ok/kingfisher/6cfe/6cfed1a8-c17f-44d1-b467-e04ddfc8c810.pdf
6d00b45c-7f37-45d8-932f-87794e02bc23,ROGER MILLS,OK,s3://enverus-courthouse-prod-chd-plants/ok/roger mills/6d00/6d00b45c-7f37-45d8-932f-87794e02bc23.pdf
6d0180cc-f585-4dae-9425-7ebbebe56fa9,MCCLAIN,OK,s3://enverus-courthouse-prod-chd-plants/ok/mcclain/6d01/6d0180cc-f585-4dae-9425-7ebbebe56fa9.pdf
6d04add3-4703-4cb1-81a7-68387590d214,GARVIN,OK,s3://enverus-courthouse-prod-chd-plants/ok/garvin/6d04/6d04add3-4703-4cb1-81a7-68387590d214.pdf
6d13c6bd-e865-4412-911f-03318546cbe3,ROGER MILLS,OK,s3://enverus-courthouse-prod-chd-plants/ok/roger mills/6d13/6d13c6bd-e865-4412-911f-03318546cbe3.pdf
6d48587d-e14a-4913-ac49-8250ccd828ff,COMANCHE,OK,\\smb.dc2isilon.na.drillinginfo.com\lease_data_entry\data_sources\ok_county_records\ok\comanche\6d48
6d52d4fb-2f8e-4154-bcb3-b28b4ea4df49,CARTER,OK,\\smb.dc2isilon.na.drillinginfo.com\lease_data_entry\data_sources\ok_county_records\ok\carter\6d52
6d801509-9b98-4346-8275-31420b3bbffc,CARTER,OK,\\smb.dc2isilon.na.drillinginfo.com\lease_data_entry\data_sources\ok_county_records\ok\carter\6d80
6d817cf8-76cb-4de4-bd1b-c14041f1722d,MCCLAIN,OK,\\smb.dc2isilon.na.drillinginfo.com\lease_data_entry\data_sources\ok_county_records\ok\mcclain\6d81
6d837dfa-8233-4543-8e3e-94f20aa6c68d,LOGAN,OK,\\smb.dc2isilon.na.drillinginfo.com\lease_data_entry\data_sources\ok_county_records\ok\logan\6d83
6d8a3f33-cb05-497a-8932-fb8ae8451e22,LOVE,OK,s3://enverus-courthouse-prod-chd-plants/ok/love/6d8a/6d8a3f33-cb05-497a-8932-fb8ae8451e22.pdf
6d8c5b9c-2a24-499c-a6dc-67b56a8249f2,LOGAN,OK,\\smb.dc2isilon.na.drillinginfo.com\lease_data_entry\data_sources\ok_county_records\ok\logan\6d8c
6d900261-524d-46ef-99cc-16c6c3832eb4,ELLIS,OK,s3://enverus-courthouse-prod-chd-plants/ok/ellis/6d90/6d900261-524d-46ef-99cc-16c6c3832eb4.pdf
6d92e500-e48f-469d-bc23-131906dba803,ROGER MILLS,OK,s3://enverus-courthouse-prod-chd-plants/ok/roger mills/6d92/6d92e500-e48f-469d-bc23-131906dba803.pdf
6db7ac12-d5f7-4239-a58a-7571aefe0cae,COMANCHE,OK,\\smb.dc2isilon.na.drillinginfo.com\lease_data_entry\data_sources\ok_county_records\ok\comanche\6db7
6dbb520b-6139-47f9-b636-fe7edd5395aa,LEFLORE,OK,s3://enverus-courthouse-prod-chd-plants/ok/leflore/6dbb/6dbb520b-6139-47f9-b636-fe7edd5395aa.pdf
6dce4e07-d091-4646-b65a-e4a621dc54d4,STEPHENS,OK,\\smb.dc2isilon.na.drillinginfo.com\lease_data_entry\data_sources\ok_county_records\ok\stephens\6dce
6dd5b912-0ede-4c26-b031-2c15c84ee18a,LOGAN,OK,\\smb.dc2isilon.na.drillinginfo.com\lease_data_entry\data_sources\ok_county_records\ok\logan\6dd5
6de46ce2-bcfa-4650-9c5b-600b41afe336,GARVIN,OK,\\smb.dc2isilon.na.drillinginfo.com\lease_data_entry\data_sources\ok_county_records\ok\garvin\6de4
6de65a44-33b1-47b2-9a0a-4454e29505f2,TEXAS,OK,s3://enverus-courthouse-prod-chd-plants/ok/texas/6de6/6de65a44-33b1-47b2-9a0a-4454e29505f2.pdf
6ded2ff9-6cb4-4238-822c-28178c6f6534,CUSTER,OK,\\smb.dc2isilon.na.drillinginfo.com\lease_data_entry\data_sources\ok_county_records\ok\custer\6ded
6dff73c3-75d0-4854-b37f-3e40c955c2ed,LOGAN,OK,\\smb.dc2isilon.na.drillinginfo.com\lease_data_entry\data_sources\ok_county_records\ok\logan\6dff
6e0cfe8e-7620-4338-bf33-73a547a323f5,COMANCHE,OK,\\smb.dc2isilon.na.drillinginfo.com\lease_data_entry\data_sources\ok_county_records\ok\comanche\6e0c
6e395f96-4a00-4ba8-a73f-8dc8ed113263,STEPHENS,OK,s3://enverus-courthouse-prod-chd-plants/ok/stephens/6e39/6e395f96-4a00-4ba8-a73f-8dc8ed113263.pdf
6e3f77c1-aba0-4af0-b028-afe2023a1ddd,LEFLORE,OK,\\smb.dc2isilon.na.drillinginfo.com\lease_data_entry\data_sources\ok_county_records\ok\leflore\6e3f
6e4e8d4d-1027-47b5-b5db-eae59b7eb72e,CUSTER,OK,\\smb.dc2isilon.na.drillinginfo.com\lease_data_entry\data_sources\ok_county_records\ok\custer\6e4e
6e69b222-a2ee-4b46-acc7-0f521a7a21e2,MARSHALL,OK,s3://enverus-courthouse-prod-chd-plants/ok/marshall/6e69/6e69b222-a2ee-4b46-acc7-0f521a7a21e2.pdf
6e6b8b7e-e6ee-464a-aebf-c64b9ecfad6b,MCCLAIN,OK,s3://enverus-courthouse-prod-chd-plants/ok/mcclain/6e6b/6e6b8b7e-e6ee-464a-aebf-c64b9ecfad6b.pdf
6e7a5b1c-64a2-4982-85b5-45c8510407a5,MARSHALL,OK,s3://enverus-courthouse-prod-chd-plants/ok/marshall/6e7a/6e7a5b1c-64a2-4982-85b5-45c8510407a5.pdf
6e8d8c98-5772-443d-976e-71f89c0ef066,CARTER,OK,s3://enverus-courthouse-prod-chd-plants/ok/carter/6e8d/6e8d8c98-5772-443d-976e-71f89c0ef066.pdf
6e8f1082-2c24-41cb-ba14-eb64586e2bbc,LINCOLN,OK,s3://enverus-courthouse-prod-chd-plants/ok/lincoln/6e8f/6e8f1082-2c24-41cb-ba14-eb64586e2bbc.pdf
6e91f3ae-2bc1-4f78-bade-7716c279b153,COMANCHE,OK,\\smb.dc2isilon.na.drillinginfo.com\lease_data_entry\data_sources\ok_county_records\ok\comanche\6e91
6e94a9a4-79f9-4dff-9a67-6ee7e07f8f57,CARTER,OK,\\smb.dc2isilon.na.drillinginfo.com\lease_data_entry\data_sources\ok_county_records\ok\carter\6e94
6ea67f5e-7113-45dd-9053-11d1759e9cdd,CARTER,OK,s3://enverus-courthouse-prod-chd-plants/ok/carter/6ea6/6ea67f5e-7113-45dd-9053-11d1759e9cdd.pdf
6eae1e7e-9462-4610-9322-03178644b6c8,CUSTER,OK,s3://enverus-courthouse-prod-chd-plants/ok/custer/6eae/6eae1e7e-9462-4610-9322-03178644b6c8.pdf
6ec9a82f-bf5e-4484-bb6c-ad69ae327389,MURRAY,OK,s3://enverus-courthouse-prod-chd-plants/ok/murray/6ec9/6ec9a82f-bf5e-4484-bb6c-ad69ae327389.pdf
6ecf0406-8b95-444e-b757-35a33aff5d83,LOGAN,OK,s3://enverus-courthouse-prod-chd-plants/ok/logan/6ecf/6ecf0406-8b95-444e-b757-35a33aff5d83.pdf
6ed2c345-5009-4a56-8938-302b88e165e7,SEMINOLE,OK,\\smb.dc2isilon.na.drillinginfo.com\lease_data_entry\data_sources\ok_county_records\ok\seminole\6ed2
6edf2a72-241a-4c8e-a58e-18f04c39cd15,LOGAN,OK,s3://enverus-courthouse-prod-chd-plants/ok/logan/6edf/6edf2a72-241a-4c8e-a58e-18f04c39cd15.pdf
6ef8fe89-baf9-4453-ab41-63f68724d01e,KINGFISHER,OK,s3://enverus-courthouse-prod-chd-plants/ok/kingfisher/6ef8/6ef8fe89-baf9-4453-ab41-63f68724d01e.pdf
6f1cc24b-9a2c-483c-8b17-c1f65f71a12d,MAJOR,OK,\\smb.dc2isilon.na.drillinginfo.com\lease_data_entry\data_sources\ok_county_records\ok\major\6f1c
6f1ffe10-1f12-420f-b4e4-5935195bdfa8,MCCLAIN,OK,\\smb.dc2isilon.na.drillinginfo.com\lease_data_entry\data_sources\ok_county_records\ok\mcclain\6f1f
6f23f2a5-dc4a-4700-93e3-dab3b84be2c0,LINCOLN,OK,s3://enverus-courthouse-prod-chd-plants/ok/lincoln/6f23/6f23f2a5-dc4a-4700-93e3-dab3b84be2c0.pdf
6f27a238-4d83-49c9-a6c6-66a715eefde6,LOGAN,OK,s3://enverus-courthouse-prod-chd-plants/ok/logan/6f27/6f27a238-4d83-49c9-a6c6-66a715eefde6.pdf
6f66e7a2-bc90-4bc8-b0e6-abf8bb771f0d,MURRAY,OK,\\smb.dc2isilon.na.drillinginfo.com\lease_data_entry\data_sources\ok_county_records\ok\murray\6f66
6f76437c-aeda-4576-987e-a86defce5c6a,ROGER MILLS,OK,s3://enverus-courthouse-prod-chd-plants/ok/roger mills/6f76/6f76437c-aeda-4576-987e-a86defce5c6a.pdf
6f779f66-af1a-4ba0-81f1-23cf9d908f61,MURRAY,OK,s3://enverus-courthouse-prod-chd-plants/ok/murray/6f77/6f779f66-af1a-4ba0-81f1-23cf9d908f61.pdf
6fa25473-db72-42fe-b0cf-770b8bd0e5dc,CARTER,OK,s3://enverus-courthouse-prod-chd-plants/ok/carter/6fa2/6fa25473-db72-42fe-b0cf-770b8bd0e5dc.pdf
6fbc6742-1a4d-496b-857e-b6d756ba7c35,MCINTOSH,OK,\\smb.dc2isilon.na.drillinginfo.com\lease_data_entry\data_sources\ok_county_records\ok\mcintosh\6fbc
6fcb610d-5554-41c9-9c0c-4f0c6be9e8a8,ELLIS,OK,s3://enverus-courthouse-prod-chd-plants/ok/ellis/6fcb/6fcb610d-5554-41c9-9c0c-4f0c6be9e8a8.pdf
6fce341b-017e-4a5e-a746-cbd489fbc87a,SEMINOLE,OK,\\smb.dc2isilon.na.drillinginfo.com\lease_data_entry\data_sources\ok_county_records\ok\seminole\6fce
6fd39f82-a305-4e37-8585-bf4f502efaf2,ROGER MILLS,OK,s3://enverus-courthouse-prod-chd-plants/ok/roger mills/6fd3/6fd39f82-a305-4e37-8585-bf4f502efaf2.pdf
6fd70e08-fa87-444a-b9b4-8e8c196afff0,CUSTER,OK,s3://enverus-courthouse-prod-chd-plants/ok/custer/6fd7/6fd70e08-fa87-444a-b9b4-8e8c196afff0.pdf
6fddf60a-db56-462b-a8d8-710707553dad,MURRAY,OK,s3://enverus-courthouse-prod-chd-plants/ok/murray/6fdd/6fddf60a-db56-462b-a8d8-710707553dad.pdf
6ffde7c5-16f9-43e8-803a-e2249e7b1cea,BECKHAM,OK,\\smb.dc2isilon.na.drillinginfo.com\lease_data_entry\data_sources\ok_county_records\ok\beckham\6ffd
70066e26-f32a-4037-b4ea-b5ffb984867d,CARTER,OK,\\smb.dc2isilon.na.drillinginfo.com\lease_data_entry\data_sources\ok_county_records\ok\carter\7006
700a028c-c07b-4187-8807-7f795ecf7d61,MARSHALL,OK,s3://enverus-courthouse-prod-chd-plants/ok/marshall/700a/700a028c-c07b-4187-8807-7f795ecf7d61.pdf
7012749b-c7fa-4a37-8392-9905cff04590,BLAINE,OK,\\smb.dc2isilon.na.drillinginfo.com\lease_data_entry\data_sources\ok_county_records\ok\blaine\7012
702ece0a-77d0-419c-8c83-8ff6a5b27455,LOGAN,OK,\\smb.dc2isilon.na.drillinginfo.com\lease_data_entry\data_sources\ok_county_records\ok\logan\702e
7031e190-b1a4-4ebc-818a-e38c5a6cb0fd,SEMINOLE,OK,s3://enverus-courthouse-prod-chd-plants/ok/seminole/7031/7031e190-b1a4-4ebc-818a-e38c5a6cb0fd.pdf
7040c39c-9e96-49d1-b313-e3b09c37d9a3,LOGAN,OK,s3://enverus-courthouse-prod-chd-plants/ok/logan/7040/7040c39c-9e96-49d1-b313-e3b09c37d9a3.pdf
7059cf65-03a5-4306-b848-cef143669903,PONTOTOC,OK,\\smb.dc2isilon.na.drillinginfo.com\lease_data_entry\data_sources\ok_county_records\ok\pontotoc\7059
705f585e-e7eb-4269-8391-6ae6893bd2d6,MCCLAIN,OK,\\smb.dc2isilon.na.drillinginfo.com\lease_data_entry\data_sources\ok_county_records\ok\mcclain\705f
70682a4b-14f2-4944-b11c-79b9d5c4efa7,STEPHENS,OK,\\smb.dc2isilon.na.drillinginfo.com\lease_data_entry\data_sources\ok_county_records\ok\stephens\7068
7072c6ee-9ada-4a16-9c32-883f94976429,LOGAN,OK,\\smb.dc2isilon.na.drillinginfo.com\lease_data_entry\data_sources\ok_county_records\ok\logan\7072
70853d48-1dde-498b-8fe0-b11be09d180b,LATIMER,OK,\\smb.dc2isilon.na.drillinginfo.com\lease_data_entry\data_sources\ok_county_records\ok\latimer\7085
708b1257-0fa5-4741-a2e4-96c29c0891d8,HUGHES,OK,s3://enverus-courthouse-prod-chd-plants/ok/hughes/708b/708b1257-0fa5-4741-a2e4-96c29c0891d8.pdf
70a6622e-45f7-4fc4-a576-f07eff9c1af2,OKMULGEE,OK,\\smb.dc2isilon.na.drillinginfo.com\lease_data_entry\data_sources\ok_county_records\ok\okmulgee\70a6
70ab5f96-5724-44dc-955d-fce6b52ca32d,LOGAN,OK,s3://enverus-courthouse-prod-chd-plants/ok/logan/70ab/70ab5f96-5724-44dc-955d-fce6b52ca32d.pdf
70b58eb7-5fb1-4708-ae55-c489dfeb3d9c,MURRAY,OK,s3://enverus-courthouse-prod-chd-plants/ok/murray/70b5/70b58eb7-5fb1-4708-ae55-c489dfeb3d9c.pdf
70b7e365-d5e1-4c2e-be57-cc12e87d9ad5,LOVE,OK,s3://enverus-courthouse-prod-chd-plants/ok/love/70b7/70b7e365-d5e1-4c2e-be57-cc12e87d9ad5.pdf
70ba31de-b2d9-41be-9e5d-38f9c1601237,WASHITA,OK,s3://enverus-courthouse-prod-chd-plants/ok/washita/70ba/70ba31de-b2d9-41be-9e5d-38f9c1601237.pdf
70c587f6-27a6-4192-9abc-aed2482d7ba6,STEPHENS,OK,\\smb.dc2isilon.na.drillinginfo.com\lease_data_entry\data_sources\ok_county_records\ok\stephens\70c5
70fbbe20-b8d7-46ed-b7cd-5535d861b748,LINCOLN,OK,s3://enverus-courthouse-prod-chd-plants/ok/lincoln/70fb/70fbbe20-b8d7-46ed-b7cd-5535d861b748.pdf
71040bf3-b865-4ec1-a9fc-d1f54333287a,STEPHENS,OK,s3://enverus-courthouse-prod-chd-plants/ok/stephens/7104/71040bf3-b865-4ec1-a9fc-d1f54333287a.pdf
7109eaea-89e6-4c69-ba71-42d1847c0115,MARSHALL,OK,\\smb.dc2isilon.na.drillinginfo.com\lease_data_entry\data_sources\ok_county_records\ok\marshall\7109
711bd0e3-fe31-4d8f-b894-dc432924ad7c,LINCOLN,OK,s3://enverus-courthouse-prod-chd-plants/ok/lincoln/711b/711bd0e3-fe31-4d8f-b894-dc432924ad7c.pdf
712378fe-1170-4e84-b8f1-d6afb8bc455a,ELLIS,OK,s3://enverus-courthouse-prod-chd-plants/ok/ellis/7123/712378fe-1170-4e84-b8f1-d6afb8bc455a.pdf
712c8d67-d766-4412-850d-5bda959320c4,DEWEY,OK,s3://enverus-courthouse-prod-chd-plants/ok/dewey/712c/712c8d67-d766-4412-850d-5bda959320c4.pdf
71368343-b727-4e08-80ae-70d3559ad3c5,CARTER,OK,s3://enverus-courthouse-prod-chd-plants/ok/carter/7136/71368343-b727-4e08-80ae-70d3559ad3c5.pdf
7145adfd-316f-4fa3-8900-d9f414948915,ROGER MILLS,OK,s3://enverus-courthouse-prod-chd-plants/ok/roger mills/7145/7145adfd-316f-4fa3-8900-d9f414948915.pdf
714cb3e9-d57a-433f-9fa2-61d765d8b438,MCCLAIN,OK,s3://enverus-courthouse-prod-chd-plants/ok/mcclain/714c/714cb3e9-d57a-433f-9fa2-61d765d8b438.pdf
714f34fc-3dea-45f5-855f-81e8186c32db,CARTER,OK,\\smb.dc2isilon.na.drillinginfo.com\lease_data_entry\data_sources\ok_county_records\ok\carter\714f
7170f13f-5191-489a-80dd-2fdc6fcec77f,LOVE,OK,s3://enverus-courthouse-prod-chd-plants/ok/love/7170/7170f13f-5191-489a-80dd-2fdc6fcec77f.pdf
717f0118-d199-420d-bb0e-c301c4c624da,STEPHENS,OK,\\smb.dc2isilon.na.drillinginfo.com\lease_data_entry\data_sources\ok_county_records\ok\stephens\717f
717f33ad-4fc7-4b0b-8a45-e77b3426fd4f,HUGHES,OK,s3://enverus-courthouse-prod-chd-plants/ok/hughes/717f/717f33ad-4fc7-4b0b-8a45-e77b3426fd4f.pdf
7182dcd4-3e5a-4ace-b9fb-2f24c9b6d081,BLAINE,OK,s3://enverus-courthouse-prod-chd-plants/ok/blaine/7182/7182dcd4-3e5a-4ace-b9fb-2f24c9b6d081.pdf
71b24050-cbe0-47c4-b3b7-ac3a31509ce7,ROGER MILLS,OK,s3://enverus-courthouse-prod-chd-plants/ok/roger mills/71b2/71b24050-cbe0-47c4-b3b7-ac3a31509ce7.pdf
71c8a490-6a70-41dd-b479-af754564ad75,OKMULGEE,OK,\\smb.dc2isilon.na.drillinginfo.com\lease_data_entry\data_sources\ok_county_records\ok\okmulgee\71c8
71d1c410-6af3-4d0e-aba1-4df18498d29d,GARVIN,OK,s3://enverus-courthouse-prod-chd-plants/ok/garvin/71d1/71d1c410-6af3-4d0e-aba1-4df18498d29d.pdf
71d28e0b-fb2c-46f1-b178-67c91351a9a4,COMANCHE,OK,\\smb.dc2isilon.na.drillinginfo.com\lease_data_entry\data_sources\ok_county_records\ok\comanche\71d2
71d49619-1e7c-485f-b6a2-e4c3c6c4972c,STEPHENS,OK,\\smb.dc2isilon.na.drillinginfo.com\lease_data_entry\data_sources\ok_county_records\ok\stephens\71d4
71dcc0ab-78ae-4b15-af06-63a9301f6393,COMANCHE,OK,\\smb.dc2isilon.na.drillinginfo.com\lease_data_entry\data_sources\ok_county_records\ok\comanche\71dc
71dfa95f-ce9e-4454-a5dc-fc76f4b7310b,MCCLAIN,OK,\\smb.dc2isilon.na.drillinginfo.com\lease_data_entry\data_sources\ok_county_records\ok\mcclain\71df
71e74408-1953-4d18-a35a-b1b4df0d8822,OKMULGEE,OK,\\smb.dc2isilon.na.drillinginfo.com\lease_data_entry\data_sources\ok_county_records\ok\okmulgee\71e7
71eb839a-1945-430e-b251-f2fde0f1d775,ROGER MILLS,OK,\\smb.dc2isilon.na.drillinginfo.com\lease_data_entry\data_sources\ok_county_records\ok\roger mills\71eb
7211db96-6100-4432-84d8-ee32efbdd7a8,ROGER MILLS,OK,s3://enverus-courthouse-prod-chd-plants/ok/roger mills/7211/7211db96-6100-4432-84d8-ee32efbdd7a8.pdf
721f8783-ea09-415d-ab95-996e135bc9c9,LOGAN,OK,s3://enverus-courthouse-prod-chd-plants/ok/logan/721f/721f8783-ea09-415d-ab95-996e135bc9c9.pdf
72208fa6-e41e-42c4-9e58-22909ec9d1fa,KINGFISHER,OK,s3://enverus-courthouse-prod-chd-plants/ok/kingfisher/7220/72208fa6-e41e-42c4-9e58-22909ec9d1fa.pdf
722dc646-1e6f-4e31-b2b9-cf5955fb43e5,COMANCHE,OK,\\smb.dc2isilon.na.drillinginfo.com\lease_data_entry\data_sources\ok_county_records\ok\comanche\722d
7230ee20-6583-4709-9dcc-ec4a7ce7fd8a,COMANCHE,OK,s3://enverus-courthouse-prod-chd-plants/ok/comanche/7230/7230ee20-6583-4709-9dcc-ec4a7ce7fd8a.pdf
7237dc87-40a0-4585-a8e9-93125857b695,MARSHALL,OK,\\smb.dc2isilon.na.drillinginfo.com\lease_data_entry\data_sources\ok_county_records\ok\marshall\7237
724b6a65-1527-405e-83ce-5e48b12074dd,NOBLE,OK,s3://enverus-courthouse-prod-chd-plants/ok/noble/724b/724b6a65-1527-405e-83ce-5e48b12074dd.pdf
724be730-62ef-43c0-9f12-9856dc3e3ee8,LOGAN,OK,\\smb.dc2isilon.na.drillinginfo.com\lease_data_entry\data_sources\ok_county_records\ok\logan\724b
7268d280-21b1-4a35-9c5b-02f4dc95d3ad,LOGAN,OK,\\smb.dc2isilon.na.drillinginfo.com\lease_data_entry\data_sources\ok_county_records\ok\logan\7268
7286055f-5c0a-4469-885c-1c9bf7249aaa,COMANCHE,OK,\\smb.dc2isilon.na.drillinginfo.com\lease_data_entry\data_sources\ok_county_records\ok\comanche\7286
72d00ef1-d355-4c15-84cc-ab9aff2e03c5,LEFLORE,OK,\\smb.dc2isilon.na.drillinginfo.com\lease_data_entry\data_sources\ok_county_records\ok\leflore\72d0
72d11438-5b7d-4591-9191-a5ace6310238,MAJOR,OK,s3://enverus-courthouse-prod-chd-plants/ok/major/72d1/72d11438-5b7d-4591-9191-a5ace6310238.pdf
72ef8df6-8e1b-4f60-9fac-e547e7ff30a9,MAJOR,OK,\\smb.dc2isilon.na.drillinginfo.com\lease_data_entry\data_sources\ok_county_records\ok\major\72ef
72f12349-db94-4996-8e29-02fd646b2697,MCCLAIN,OK,s3://enverus-courthouse-prod-chd-plants/ok/mcclain/72f1/72f12349-db94-4996-8e29-02fd646b2697.pdf
730595f8-3326-4cc3-9548-19dfa20be8dd,DEWEY,OK,\\smb.dc2isilon.na.drillinginfo.com\lease_data_entry\data_sources\ok_county_records\ok\dewey\7305
730649d6-be0f-4667-b40d-0cb5a3d00f40,ELLIS,OK,s3://enverus-courthouse-prod-chd-plants/ok/ellis/7306/730649d6-be0f-4667-b40d-0cb5a3d00f40.pdf
732a0f61-81f5-47d1-be5a-915088518135,LEFLORE,OK,s3://enverus-courthouse-prod-chd-plants/ok/leflore/732a/732a0f61-81f5-47d1-be5a-915088518135.pdf
732d87f1-2f46-4d92-8d31-b6cffa86c94f,COMANCHE,OK,s3://enverus-courthouse-prod-chd-plants/ok/comanche/732d/732d87f1-2f46-4d92-8d31-b6cffa86c94f.pdf
733bb604-b6ba-4835-9fd3-5f415db40dab,CARTER,OK,s3://enverus-courthouse-prod-chd-plants/ok/carter/733b/733bb604-b6ba-4835-9fd3-5f415db40dab.pdf
733f3f1a-312f-4272-9b88-416608442b5e,MAJOR,OK,\\smb.dc2isilon.na.drillinginfo.com\lease_data_entry\data_sources\ok_county_records\ok\major\733f
73415df8-c0e2-46af-9bda-2dff165c0cbd,BLAINE,OK,\\smb.dc2isilon.na.drillinginfo.com\lease_data_entry\data_sources\ok_county_records\ok\blaine\7341
73452ab5-dd6c-416a-87a6-b10523e0ca76,LINCOLN,OK,s3://enverus-courthouse-prod-chd-plants/ok/lincoln/7345/73452ab5-dd6c-416a-87a6-b10523e0ca76.pdf
734df422-07f4-4acc-8420-d465ae0fcc6d,LOGAN,OK,s3://enverus-courthouse-prod-chd-plants/ok/logan/734d/734df422-07f4-4acc-8420-d465ae0fcc6d.pdf
734ed056-4e54-48a4-8668-106c5655cc3e,COMANCHE,OK,\\smb.dc2isilon.na.drillinginfo.com\lease_data_entry\data_sources\ok_county_records\ok\comanche\734e
735f8626-c2ad-4479-abb0-a18849c43608,LOGAN,OK,\\smb.dc2isilon.na.drillinginfo.com\lease_data_entry\data_sources\ok_county_records\ok\logan\735f
738072a3-d353-42d8-bfa5-8496bfa63d5f,LEFLORE,OK,s3://enverus-courthouse-prod-chd-plants/ok/leflore/7380/738072a3-d353-42d8-bfa5-8496bfa63d5f.pdf
7386e264-4781-4ab9-8d3f-081152fb22e8,STEPHENS,OK,\\smb.dc2isilon.na.drillinginfo.com\lease_data_entry\data_sources\ok_county_records\ok\stephens\7386
73976661-de67-4c28-867c-6d69fd11605a,ELLIS,OK,s3://enverus-courthouse-prod-chd-plants/ok/ellis/7397/73976661-de67-4c28-867c-6d69fd11605a.pdf
739e06ef-4736-4bfc-bd05-0c74f123cc30,ROGER MILLS,OK,s3://enverus-courthouse-prod-chd-plants/ok/roger mills/739e/739e06ef-4736-4bfc-bd05-0c74f123cc30.pdf
739e5f09-e5da-4a28-9320-fa7052e41433,MURRAY,OK,s3://enverus-courthouse-prod-chd-plants/ok/murray/739e/739e5f09-e5da-4a28-9320-fa7052e41433.pdf
73c50fee-ee46-4707-8828-74306e960793,GARVIN,OK,s3://enverus-courthouse-prod-chd-plants/ok/garvin/73c5/73c50fee-ee46-4707-8828-74306e960793.pdf
73ce192e-8d13-4b19-abe3-6bb23fe33e55,BLAINE,OK,\\smb.dc2isilon.na.drillinginfo.com\lease_data_entry\data_sources\ok_county_records\ok\blaine\73ce
73d12fb2-b9d6-42cd-bc52-833d855d59dc,CARTER,OK,s3://enverus-courthouse-prod-chd-plants/ok/carter/73d1/73d12fb2-b9d6-42cd-bc52-833d855d59dc.pdf
73eebd2b-8a80-4e4a-82e4-f40b26bb774d,LOGAN,OK,\\smb.dc2isilon.na.drillinginfo.com\lease_data_entry\data_sources\ok_county_records\ok\logan\73ee
73f5cc18-f355-4e42-8779-886a87bd214b,COMANCHE,OK,\\smb.dc2isilon.na.drillinginfo.com\lease_data_entry\data_sources\ok_county_records\ok\comanche\73f5
743c03bc-8e81-4fe9-a427-16d87b27eb1f,MCCLAIN,OK,s3://enverus-courthouse-prod-chd-plants/ok/mcclain/743c/743c03bc-8e81-4fe9-a427-16d87b27eb1f.pdf
744645b2-bfb7-4c34-8757-2c86f0345806,MUSKOGEE,OK,\\smb.dc2isilon.na.drillinginfo.com\lease_data_entry\data_sources\ok_county_records\ok\muskogee\7446
744f2003-2a5f-45e0-a773-6a8a653e2869,KINGFISHER,OK,s3://enverus-courthouse-prod-chd-plants/ok/kingfisher/744f/744f2003-2a5f-45e0-a773-6a8a653e2869.pdf
74507252-c250-45bf-a7b2-579f46bfe6cb,MCCLAIN,OK,\\smb.dc2isilon.na.drillinginfo.com\lease_data_entry\data_sources\ok_county_records\ok\mcclain\7450
74678abc-ff82-4b3e-bd45-3fd7fa61ccaf,COMANCHE,OK,\\smb.dc2isilon.na.drillinginfo.com\lease_data_entry\data_sources\ok_county_records\ok\comanche\7467
7476ee8c-643d-4046-8de0-f30724b68e1e,CUSTER,OK,\\smb.dc2isilon.na.drillinginfo.com\lease_data_entry\data_sources\ok_county_records\ok\custer\7476
749101e5-2b66-4b4d-bda6-bbca86425397,HUGHES,OK,s3://enverus-courthouse-prod-chd-plants/ok/hughes/7491/749101e5-2b66-4b4d-bda6-bbca86425397.pdf
74ff964d-73ec-4d8d-89c1-ca50337b1152,JACKSON,OK,\\smb.dc2isilon.na.drillinginfo.com\lease_data_entry\data_sources\ok_county_records\ok\jackson\74ff
7500952f-3ed7-4b2d-8723-c687c35370cf,LOGAN,OK,\\smb.dc2isilon.na.drillinginfo.com\lease_data_entry\data_sources\ok_county_records\ok\logan\7500
75106dfe-7323-435e-8abb-21010a22c0a1,ROGER MILLS,OK,s3://enverus-courthouse-prod-chd-plants/ok/roger mills/7510/75106dfe-7323-435e-8abb-21010a22c0a1.pdf
7515bfb5-6987-4298-ba66-25b7b5d530c6,LEFLORE,OK,\\smb.dc2isilon.na.drillinginfo.com\lease_data_entry\data_sources\ok_county_records\ok\leflore\7515
751a92ae-e73b-472c-9900-8bfb0a2046c4,STEPHENS,OK,s3://enverus-courthouse-prod-chd-plants/ok/stephens/751a/751a92ae-e73b-472c-9900-8bfb0a2046c4.pdf
75220335-3b5d-415b-bf27-df0d5f0ea1d9,BLAINE,OK,s3://enverus-courthouse-prod-chd-plants/ok/blaine/7522/75220335-3b5d-415b-bf27-df0d5f0ea1d9.pdf
752e6b07-df0d-42cf-ad5b-37ac830891ba,STEPHENS,OK,s3://enverus-courthouse-prod-chd-plants/ok/stephens/752e/752e6b07-df0d-42cf-ad5b-37ac830891ba.pdf
75415ca3-344f-4124-b617-38e983213958,BLAINE,OK,\\smb.dc2isilon.na.drillinginfo.com\lease_data_entry\data_sources\ok_county_records\ok\blaine\7541
7547f6ba-553a-433f-81c6-d1706e9e9f8a,STEPHENS,OK,s3://enverus-courthouse-prod-chd-plants/ok/stephens/7547/7547f6ba-553a-433f-81c6-d1706e9e9f8a.pdf
755574dd-9305-478e-8723-73a2967a425b,SEMINOLE,OK,s3://enverus-courthouse-prod-chd-plants/ok/seminole/7555/755574dd-9305-478e-8723-73a2967a425b.pdf
755bea32-f39e-4b88-894e-79aaf4b2654b,CARTER,OK,\\smb.dc2isilon.na.drillinginfo.com\lease_data_entry\data_sources\ok_county_records\ok\carter\755b
7564f218-463d-422e-8ee5-410b830ded41,WASHITA,OK,\\smb.dc2isilon.na.drillinginfo.com\lease_data_entry\data_sources\ok_county_records\ok\washita\7564
7568a96a-e379-4c74-9c6a-b5044ee1689b,KINGFISHER,OK,\\smb.dc2isilon.na.drillinginfo.com\lease_data_entry\data_sources\ok_county_records\ok\kingfisher\7568
7575d8bd-3e9a-4f1a-ac54-f8130783320a,CARTER,OK,s3://enverus-courthouse-prod-chd-plants/ok/carter/7575/7575d8bd-3e9a-4f1a-ac54-f8130783320a.pdf
7590f6ee-89ce-4c3c-8e8c-7bdbeb2412d6,CARTER,OK,\\smb.dc2isilon.na.drillinginfo.com\lease_data_entry\data_sources\ok_county_records\ok\carter\7590
759401dd-0aa6-4193-808b-5c36a47285f0,LOGAN,OK,\\smb.dc2isilon.na.drillinginfo.com\lease_data_entry\data_sources\ok_county_records\ok\logan\7594
75f63fc0-98e2-400a-8358-a84ab948c8e0,ROGER MILLS,OK,s3://enverus-courthouse-prod-chd-plants/ok/roger mills/75f6/75f63fc0-98e2-400a-8358-a84ab948c8e0.pdf
75f873db-ffa1-42d9-8c0e-6dcaf2ac5630,LOVE,OK,s3://enverus-courthouse-prod-chd-plants/ok/love/75f8/75f873db-ffa1-42d9-8c0e-6dcaf2ac5630.pdf
76139a9a-29a3-4a89-8f05-50c74fc7abb5,CARTER,OK,\\smb.dc2isilon.na.drillinginfo.com\lease_data_entry\data_sources\ok_county_records\ok\carter\7613
7624de50-c921-4c01-b010-2d93f9f0be88,MURRAY,OK,s3://enverus-courthouse-prod-chd-plants/ok/murray/7624/7624de50-c921-4c01-b010-2d93f9f0be88.pdf
7628f505-e499-4e20-a6a0-a67b04e46f80,KINGFISHER,OK,s3://enverus-courthouse-prod-chd-plants/ok/kingfisher/7628/7628f505-e499-4e20-a6a0-a67b04e46f80.pdf
76538780-0db9-4a8c-b782-e16c339d1eea,MCCLAIN,OK,s3://enverus-courthouse-prod-chd-plants/ok/mcclain/7653/76538780-0db9-4a8c-b782-e16c339d1eea.pdf
765c976a-d0a3-46a5-9438-37d25f23d0f0,LOGAN,OK,s3://enverus-courthouse-prod-chd-plants/ok/logan/765c/765c976a-d0a3-46a5-9438-37d25f23d0f0.pdf
76628c22-4291-43a3-a5a3-9b03dcecb64f,JOHNSTON,OK,\\smb.dc2isilon.na.drillinginfo.com\lease_data_entry\data_sources\ok_county_records\ok\johnston\7662
766c132b-36c5-4312-932c-d5e2e3010582,BECKHAM,OK,\\smb.dc2isilon.na.drillinginfo.com\lease_data_entry\data_sources\ok_county_records\ok\beckham\766c
767cdfe5-5bda-47b7-b835-125168291359,LOGAN,OK,\\smb.dc2isilon.na.drillinginfo.com\lease_data_entry\data_sources\ok_county_records\ok\logan\767c
76901a01-7091-4752-8861-5e32e227e9f9,BLAINE,OK,\\smb.dc2isilon.na.drillinginfo.com\lease_data_entry\data_sources\ok_county_records\ok\blaine\7690
76975c7c-1a15-45a9-85f7-43b0f68b7383,MAJOR,OK,s3://enverus-courthouse-prod-chd-plants/ok/major/7697/76975c7c-1a15-45a9-85f7-43b0f68b7383.pdf
76993576-ad73-4cc4-97c2-10ea64bc007b,STEPHENS,OK,s3://enverus-courthouse-prod-chd-plants/ok/stephens/7699/76993576-ad73-4cc4-97c2-10ea64bc007b.pdf
76af536d-da37-41cc-8448-2f9006be67b0,ELLIS,OK,s3://enverus-courthouse-prod-chd-plants/ok/ellis/76af/76af536d-da37-41cc-8448-2f9006be67b0.pdf
76bbe914-4897-44ec-b9e6-c4e5f813ce47,CARTER,OK,s3://enverus-courthouse-prod-chd-plants/ok/carter/76bb/76bbe914-4897-44ec-b9e6-c4e5f813ce47.pdf
76bbe96d-0e0d-4f1d-9bf6-e59e2ef8aa7c,ROGER MILLS,OK,s3://enverus-courthouse-prod-chd-plants/ok/roger mills/76bb/76bbe96d-0e0d-4f1d-9bf6-e59e2ef8aa7c.pdf
76c81eec-a668-4828-938b-a5de779fe8cf,MCCLAIN,OK,s3://enverus-courthouse-prod-chd-plants/ok/mcclain/76c8/76c81eec-a668-4828-938b-a5de779fe8cf.pdf
76d18dfc-cfe4-4ec6-8bb8-0c67078e72ff,PITTSBURG,OK,s3://enverus-courthouse-prod-chd-plants/ok/pittsburg/76d1/76d18dfc-cfe4-4ec6-8bb8-0c67078e72ff.pdf
76d9ef1d-29d0-44c1-b927-a3d9684eef43,LOGAN,OK,s3://enverus-courthouse-prod-chd-plants/ok/logan/76d9/76d9ef1d-29d0-44c1-b927-a3d9684eef43.pdf
76db2c62-d167-4b25-b0ab-f2c773c2f860,ROGER MILLS,OK,s3://enverus-courthouse-prod-chd-plants/ok/roger mills/76db/76db2c62-d167-4b25-b0ab-f2c773c2f860.pdf
76de7958-1667-4328-8c31-51e2d9c23b69,CARTER,OK,s3://enverus-courthouse-prod-chd-plants/ok/carter/76de/76de7958-1667-4328-8c31-51e2d9c23b69.pdf
76e8939e-07f0-4795-a527-c942b9b8a4b4,DEWEY,OK,s3://enverus-courthouse-prod-chd-plants/ok/dewey/76e8/76e8939e-07f0-4795-a527-c942b9b8a4b4.pdf
76f236e5-9b26-4a1d-95ea-49e2026ce0a4,KINGFISHER,OK,\\smb.dc2isilon.na.drillinginfo.com\lease_data_entry\data_sources\ok_county_records\ok\kingfisher\76f2
772283a1-9239-4393-95d8-966208202fb7,ROGER MILLS,OK,s3://enverus-courthouse-prod-chd-plants/ok/roger mills/7722/772283a1-9239-4393-95d8-966208202fb7.pdf
77229742-34e3-4cc2-a56e-759bc2a5db57,ROGER MILLS,OK,s3://enverus-courthouse-prod-chd-plants/ok/roger mills/7722/77229742-34e3-4cc2-a56e-759bc2a5db57.pdf
772bd7ee-726c-4436-bd3b-bd94a8ee6677,LOGAN,OK,s3://enverus-courthouse-prod-chd-plants/ok/logan/772b/772bd7ee-726c-4436-bd3b-bd94a8ee6677.pdf
7740ef24-14d0-4e86-810f-afa770ce4093,BLAINE,OK,s3://enverus-courthouse-prod-chd-plants/ok/blaine/7740/7740ef24-14d0-4e86-810f-afa770ce4093.pdf
7762c138-4f52-4891-ba0e-06f845fb391f,MURRAY,OK,s3://enverus-courthouse-prod-chd-plants/ok/murray/7762/7762c138-4f52-4891-ba0e-06f845fb391f.pdf
777eb4cf-a6ab-4524-810f-de0c5b1817c5,LINCOLN,OK,\\smb.dc2isilon.na.drillinginfo.com\lease_data_entry\data_sources\ok_county_records\ok\lincoln\777e
777f3bb1-5f39-40ac-8fe3-46684c21dab9,LOGAN,OK,\\smb.dc2isilon.na.drillinginfo.com\lease_data_entry\data_sources\ok_county_records\ok\logan\777f
77815845-0c4c-4235-9f19-815593568877,LINCOLN,OK,s3://enverus-courthouse-prod-chd-plants/ok/lincoln/7781/77815845-0c4c-4235-9f19-815593568877.pdf
77839593-7670-4af6-84ba-2c5fc3942727,STEPHENS,OK,\\smb.dc2isilon.na.drillinginfo.com\lease_data_entry\data_sources\ok_county_records\ok\stephens\7783
778eb6cf-5fce-4481-b510-26c381ebded8,CARTER,OK,s3://enverus-courthouse-prod-chd-plants/ok/carter/778e/778eb6cf-5fce-4481-b510-26c381ebded8.pdf
779590e2-f177-44c1-99ab-d110f6144cd9,STEPHENS,OK,s3://enverus-courthouse-prod-chd-plants/ok/stephens/7795/779590e2-f177-44c1-99ab-d110f6144cd9.pdf
77a58e24-9f77-4090-bef3-f1ac26520db8,STEPHENS,OK,\\smb.dc2isilon.na.drillinginfo.com\lease_data_entry\data_sources\ok_county_records\ok\stephens\77a5
77b3e606-5135-4a70-ac09-822a5102db59,ELLIS,OK,s3://enverus-courthouse-prod-chd-plants/ok/ellis/77b3/77b3e606-5135-4a70-ac09-822a5102db59.pdf
77beb546-d2ba-4656-9707-f25e28e98049,KINGFISHER,OK,\\smb.dc2isilon.na.drillinginfo.com\lease_data_entry\data_sources\ok_county_records\ok\kingfisher\77be
77c3048e-218a-4f2d-85aa-d9f25cdf2a3c,MCCLAIN,OK,s3://enverus-courthouse-prod-chd-plants/ok/mcclain/77c3/77c3048e-218a-4f2d-85aa-d9f25cdf2a3c.pdf
77c574a5-a96e-4369-b734-0c7f7f86e24a,ROGER MILLS,OK,s3://enverus-courthouse-prod-chd-plants/ok/roger mills/77c5/77c574a5-a96e-4369-b734-0c7f7f86e24a.pdf
77c84bb0-44b7-4636-99ea-a7c02a99e2c3,PITTSBURG,OK,s3://enverus-courthouse-prod-chd-plants/ok/pittsburg/77c8/77c84bb0-44b7-4636-99ea-a7c02a99e2c3.pdf
77c85ac5-f2a6-46ba-a812-8d6e3788583c,DEWEY,OK,\\smb.dc2isilon.na.drillinginfo.com\lease_data_entry\data_sources\ok_county_records\ok\dewey\77c8
77d2a350-af7b-4039-af54-be159305af95,MARSHALL,OK,s3://enverus-courthouse-prod-chd-plants/ok/marshall/77d2/77d2a350-af7b-4039-af54-be159305af95.pdf
77d8faf6-dbfc-4b2c-96ed-c831eee30e30,MAJOR,OK,\\smb.dc2isilon.na.drillinginfo.com\lease_data_entry\data_sources\ok_county_records\ok\major\77d8
77e05544-e919-4a0f-ad35-069977c6ac03,LOGAN,OK,s3://enverus-courthouse-prod-chd-plants/ok/logan/77e0/77e05544-e919-4a0f-ad35-069977c6ac03.pdf
77e47f4b-fd49-4f8b-a876-a90a2cbe765b,BECKHAM,OK,\\smb.dc2isilon.na.drillinginfo.com\lease_data_entry\data_sources\ok_county_records\ok\beckham\77e4
77eb9f63-e00a-4e39-ab94-ba35895adec5,GARVIN,OK,s3://enverus-courthouse-prod-chd-plants/ok/garvin/77eb/77eb9f63-e00a-4e39-ab94-ba35895adec5.pdf
78070ba0-5f4a-440f-9a50-4cddacd8b973,LOVE,OK,s3://enverus-courthouse-prod-chd-plants/ok/love/7807/78070ba0-5f4a-440f-9a50-4cddacd8b973.pdf
7808b161-a5cf-4f62-b6d2-674ed31bcb53,KINGFISHER,OK,s3://enverus-courthouse-prod-chd-plants/ok/kingfisher/7808/7808b161-a5cf-4f62-b6d2-674ed31bcb53.pdf
781b2d63-933e-4a8d-a1da-b45c8bb5bbe0,SEMINOLE,OK,\\smb.dc2isilon.na.drillinginfo.com\lease_data_entry\data_sources\ok_county_records\ok\seminole\781b
781d1040-d5d2-441c-99db-0f2323ae65ad,OKMULGEE,OK,\\smb.dc2isilon.na.drillinginfo.com\lease_data_entry\data_sources\ok_county_records\ok\okmulgee\781d
781dc1e0-7e5d-47a3-a5e3-9071b153f584,LOGAN,OK,\\smb.dc2isilon.na.drillinginfo.com\lease_data_entry\data_sources\ok_county_records\ok\logan\781d
782c1ba9-77ee-4e5f-be0d-8f51a727dbce,LEFLORE,OK,s3://enverus-courthouse-prod-chd-plants/ok/leflore/782c/782c1ba9-77ee-4e5f-be0d-8f51a727dbce.pdf
784eeb08-4320-4a6e-a929-7770e36899b0,WASHITA,OK,s3://enverus-courthouse-prod-chd-plants/ok/washita/784e/784eeb08-4320-4a6e-a929-7770e36899b0.pdf
784f1409-896a-4f34-903e-ba16c661bb9b,LEFLORE,OK,s3://enverus-courthouse-prod-chd-plants/ok/leflore/784f/784f1409-896a-4f34-903e-ba16c661bb9b.pdf
78521272-6d22-4f8f-9289-7f433b9b89e0,WOODWARD,OK,s3://enverus-courthouse-prod-chd-plants/ok/woodward/7852/78521272-6d22-4f8f-9289-7f433b9b89e0.pdf
78568f15-7c33-4396-b4c5-c5d7d0cad9a6,LATIMER,OK,s3://enverus-courthouse-prod-chd-plants/ok/latimer/7856/78568f15-7c33-4396-b4c5-c5d7d0cad9a6.pdf
78593995-bce7-4db6-bf91-1805dd320e06,WOODWARD,OK,\\smb.dc2isilon.na.drillinginfo.com\lease_data_entry\data_sources\ok_county_records\ok\woodward\7859
785e5105-15d6-4cee-b2a1-12d3144ee935,MURRAY,OK,s3://enverus-courthouse-prod-chd-plants/ok/murray/785e/785e5105-15d6-4cee-b2a1-12d3144ee935.pdf
785f8940-4346-4859-9d28-ff94f44b748b,MCCLAIN,OK,s3://enverus-courthouse-prod-chd-plants/ok/mcclain/785f/785f8940-4346-4859-9d28-ff94f44b748b.pdf
786da384-d42e-4c16-a159-d98607773c50,DEWEY,OK,s3://enverus-courthouse-prod-chd-plants/ok/dewey/786d/786da384-d42e-4c16-a159-d98607773c50.pdf
78869309-4da5-4cec-a815-081f2744a730,GRANT,OK,s3://enverus-courthouse-prod-chd-plants/ok/grant/7886/78869309-4da5-4cec-a815-081f2744a730.pdf
78980f4c-db1b-4c16-8ffc-507d744dc457,LINCOLN,OK,s3://enverus-courthouse-prod-chd-plants/ok/lincoln/7898/78980f4c-db1b-4c16-8ffc-507d744dc457.pdf
7898d4eb-c8ab-4824-b3c1-6f666290daad,BLAINE,OK,s3://enverus-courthouse-prod-chd-plants/ok/blaine/7898/7898d4eb-c8ab-4824-b3c1-6f666290daad.pdf
78cb508d-00d1-4f90-8663-c0976e9683ed,CUSTER,OK,\\smb.dc2isilon.na.drillinginfo.com\lease_data_entry\data_sources\ok_county_records\ok\custer\78cb
78e49c8c-b30d-42e7-91e6-25c23ef4479c,LINCOLN,OK,s3://enverus-courthouse-prod-chd-plants/ok/lincoln/78e4/78e49c8c-b30d-42e7-91e6-25c23ef4479c.pdf
78f26c7a-0bb5-4676-b05d-ce8a9d8a1157,CARTER,OK,s3://enverus-courthouse-prod-chd-plants/ok/carter/78f2/78f26c7a-0bb5-4676-b05d-ce8a9d8a1157.pdf
79123e31-37b2-4afe-82e1-566f99d189de,NOBLE,OK,s3://enverus-courthouse-prod-chd-plants/ok/noble/7912/79123e31-37b2-4afe-82e1-566f99d189de.pdf
791bde42-9fa8-4cf0-aafb-1057f0ea7910,LEFLORE,OK,\\smb.dc2isilon.na.drillinginfo.com\lease_data_entry\data_sources\ok_county_records\ok\leflore\791b
7932888b-3a88-4ce1-a956-7dd12d9f2a20,CUSTER,OK,s3://enverus-courthouse-prod-chd-plants/ok/custer/7932/7932888b-3a88-4ce1-a956-7dd12d9f2a20.pdf
7934f31a-0dcb-41af-9160-3c4499c47f2d,CARTER,OK,s3://enverus-courthouse-prod-chd-plants/ok/carter/7934/7934f31a-0dcb-41af-9160-3c4499c47f2d.pdf
794a6ab0-ac24-4637-b3b2-c437c37648ee,BECKHAM,OK,\\smb.dc2isilon.na.drillinginfo.com\lease_data_entry\data_sources\ok_county_records\ok\beckham\794a
794cdbe4-43b6-4750-866e-f5c51fc01a1f,WOODWARD,OK,\\smb.dc2isilon.na.drillinginfo.com\lease_data_entry\data_sources\ok_county_records\ok\woodward\794c
7954373c-559a-48a7-b842-791f72b68638,ROGER MILLS,OK,\\smb.dc2isilon.na.drillinginfo.com\lease_data_entry\data_sources\ok_county_records\ok\roger mills\7954
795d994a-b039-4918-8c63-d5669fdc1b86,MAJOR,OK,\\smb.dc2isilon.na.drillinginfo.com\lease_data_entry\data_sources\ok_county_records\ok\major\795d
795f6342-6c97-4b08-9215-a56126229818,MCCLAIN,OK,s3://enverus-courthouse-prod-chd-plants/ok/mcclain/795f/795f6342-6c97-4b08-9215-a56126229818.pdf
79692afa-1c89-40b3-912c-2b45ab60bd6f,LOGAN,OK,\\smb.dc2isilon.na.drillinginfo.com\lease_data_entry\data_sources\ok_county_records\ok\logan\7969
79742b7d-161c-41fa-be2a-7d45359ab9f9,PONTOTOC,OK,\\smb.dc2isilon.na.drillinginfo.com\lease_data_entry\data_sources\ok_county_records\ok\pontotoc\7974
798dbb96-5213-45da-bf9b-44ad1ba209eb,SEMINOLE,OK,\\smb.dc2isilon.na.drillinginfo.com\lease_data_entry\data_sources\ok_county_records\ok\seminole\798d
79961921-4fd4-4002-af1f-78c512fe6359,GARVIN,OK,s3://enverus-courthouse-prod-chd-plants/ok/garvin/7996/79961921-4fd4-4002-af1f-78c512fe6359.pdf
799c2fbc-3b61-4553-8dc5-4f03c6419db3,MCCLAIN,OK,s3://enverus-courthouse-prod-chd-plants/ok/mcclain/799c/799c2fbc-3b61-4553-8dc5-4f03c6419db3.pdf
79a3ba5a-6ab6-4da6-bf75-77d05b4c5e5a,WASHINGTON,OK,s3://enverus-courthouse-prod-chd-plants/ok/washington/79a3/79a3ba5a-6ab6-4da6-bf75-77d05b4c5e5a.pdf
79c2ccae-93e0-43b6-a00e-f3b47ad7a02c,COMANCHE,OK,\\smb.dc2isilon.na.drillinginfo.com\lease_data_entry\data_sources\ok_county_records\ok\comanche\79c2
79c3c521-0646-4031-a571-923594c5ead8,CARTER,OK,\\smb.dc2isilon.na.drillinginfo.com\lease_data_entry\data_sources\ok_county_records\ok\carter\79c3
79ca35b7-9f31-4c8f-8e84-56b484058608,WOODWARD,OK,s3://enverus-courthouse-prod-chd-plants/ok/woodward/79ca/79ca35b7-9f31-4c8f-8e84-56b484058608.pdf
79d52e91-0d0c-49c9-bef5-0dae84a519b3,CARTER,OK,\\smb.dc2isilon.na.drillinginfo.com\lease_data_entry\data_sources\ok_county_records\ok\carter\79d5
79d62339-936b-47e8-82ef-a1462b3490e8,COMANCHE,OK,\\smb.dc2isilon.na.drillinginfo.com\lease_data_entry\data_sources\ok_county_records\ok\comanche\79d6
79d747a0-ab01-4acf-b92d-4c19c314a06b,CARTER,OK,s3://enverus-courthouse-prod-chd-plants/ok/carter/79d7/79d747a0-ab01-4acf-b92d-4c19c314a06b.pdf
79daf381-1b9d-4a34-a346-d444b446bf40,KAY,OK,\\smb.dc2isilon.na.drillinginfo.com\lease_data_entry\data_sources\ok_county_records\ok\kay\79da
79dbb27f-2f11-416d-b780-cd60687683c8,BECKHAM,OK,\\smb.dc2isilon.na.drillinginfo.com\lease_data_entry\data_sources\ok_county_records\ok\beckham\79db
79f45983-a74a-4eca-a3bb-601e05ace78d,LEFLORE,OK,s3://enverus-courthouse-prod-chd-plants/ok/leflore/79f4/79f45983-a74a-4eca-a3bb-601e05ace78d.pdf
79fbb077-7925-4b3f-b6f0-6e76750399c9,CUSTER,OK,s3://enverus-courthouse-prod-chd-plants/ok/custer/79fb/79fbb077-7925-4b3f-b6f0-6e76750399c9.pdf
79fddb47-e7ab-4244-935d-10297321ced7,ROGER MILLS,OK,s3://enverus-courthouse-prod-chd-plants/ok/roger mills/79fd/79fddb47-e7ab-4244-935d-10297321ced7.pdf
7a13d630-3dd3-43da-91e2-430b3e16a254,COMANCHE,OK,\\smb.dc2isilon.na.drillinginfo.com\lease_data_entry\data_sources\ok_county_records\ok\comanche\7a13
7a244bab-1ff0-4f41-b0ba-b7063b9597a2,SEMINOLE,OK,s3://enverus-courthouse-prod-chd-plants/ok/seminole/7a24/7a244bab-1ff0-4f41-b0ba-b7063b9597a2.pdf
7a2b0dee-4115-493c-ab97-29cb7491d92f,KINGFISHER,OK,s3://enverus-courthouse-prod-chd-plants/ok/kingfisher/7a2b/7a2b0dee-4115-493c-ab97-29cb7491d92f.pdf
7a2eef77-ba81-4f27-98cc-366bbe69a0a8,MARSHALL,OK,s3://enverus-courthouse-prod-chd-plants/ok/marshall/7a2e/7a2eef77-ba81-4f27-98cc-366bbe69a0a8.pdf
7a383cae-1c5b-47bf-ab4c-c5feea84cd51,MARSHALL,OK,s3://enverus-courthouse-prod-chd-plants/ok/marshall/7a38/7a383cae-1c5b-47bf-ab4c-c5feea84cd51.pdf
7a39d18d-6f2b-4e68-9f5f-079877bef799,LEFLORE,OK,s3://enverus-courthouse-prod-chd-plants/ok/leflore/7a39/7a39d18d-6f2b-4e68-9f5f-079877bef799.pdf
7a5f470a-4220-4a39-8941-1ce3e43da86b,MCCLAIN,OK,s3://enverus-courthouse-prod-chd-plants/ok/mcclain/7a5f/7a5f470a-4220-4a39-8941-1ce3e43da86b.pdf
7a6ec5fe-8fd0-4359-9d30-d9c61404fe5e,MCCLAIN,OK,\\smb.dc2isilon.na.drillinginfo.com\lease_data_entry\data_sources\ok_county_records\ok\mcclain\7a6e
7a7dc84f-855d-4415-9957-96c060919d0c,KINGFISHER,OK,s3://enverus-courthouse-prod-chd-plants/ok/kingfisher/7a7d/7a7dc84f-855d-4415-9957-96c060919d0c.pdf
7a7f9d76-e010-4dbb-8299-05979a2c4879,JOHNSTON,OK,\\smb.dc2isilon.na.drillinginfo.com\lease_data_entry\data_sources\ok_county_records\ok\johnston\7a7f
7a9c18f6-4c9c-4b8b-a2be-8b6242ab5565,SEMINOLE,OK,\\smb.dc2isilon.na.drillinginfo.com\lease_data_entry\data_sources\ok_county_records\ok\seminole\7a9c
7aae2bbf-5e5c-4936-b8fc-02b2fe8e73ab,STEPHENS,OK,s3://enverus-courthouse-prod-chd-plants/ok/stephens/7aae/7aae2bbf-5e5c-4936-b8fc-02b2fe8e73ab.pdf
7aaf7270-81a5-4688-a4ad-859f5ce6f0ac,CARTER,OK,s3://enverus-courthouse-prod-chd-plants/ok/carter/7aaf/7aaf7270-81a5-4688-a4ad-859f5ce6f0ac.pdf
7ab2b27f-fc9d-4a5a-be90-8cd2bed16214,CUSTER,OK,s3://enverus-courthouse-prod-chd-plants/ok/custer/7ab2/7ab2b27f-fc9d-4a5a-be90-8cd2bed16214.pdf
7acb190b-e4e4-4c23-8ac7-c9dfce7a2ef5,CARTER,OK,\\smb.dc2isilon.na.drillinginfo.com\lease_data_entry\data_sources\ok_county_records\ok\carter\7acb
7ade41ff-d968-4b3a-9693-897872cfe0b8,LOGAN,OK,s3://enverus-courthouse-prod-chd-plants/ok/logan/7ade/7ade41ff-d968-4b3a-9693-897872cfe0b8.pdf
7ae31ee9-457e-4719-86a3-6dee6da5e55d,LINCOLN,OK,s3://enverus-courthouse-prod-chd-plants/ok/lincoln/7ae3/7ae31ee9-457e-4719-86a3-6dee6da5e55d.pdf
7ae4c430-560a-42a4-89b0-8e49d2f30943,PAWNEE,OK,\\smb.dc2isilon.na.drillinginfo.com\lease_data_entry\data_sources\ok_county_records\ok\pawnee\7ae4
7aeed506-e73e-455d-ba5c-4663956ba324,CUSTER,OK,s3://enverus-courthouse-prod-chd-plants/ok/custer/7aee/7aeed506-e73e-455d-ba5c-4663956ba324.pdf
7b0d51b7-09a7-4786-9c41-e864fce36272,CARTER,OK,\\smb.dc2isilon.na.drillinginfo.com\lease_data_entry\data_sources\ok_county_records\ok\carter\7b0d
7b13f6fe-857f-4134-aa11-848051ec4dfe,LINCOLN,OK,s3://enverus-courthouse-prod-chd-plants/ok/lincoln/7b13/7b13f6fe-857f-4134-aa11-848051ec4dfe.pdf
7b19fcb0-6cfe-41cc-aa28-c3b34010fb23,KINGFISHER,OK,\\smb.dc2isilon.na.drillinginfo.com\lease_data_entry\data_sources\ok_county_records\ok\kingfisher\7b19
7b287e3b-ea7a-4de2-a323-062e2148693c,LEFLORE,OK,\\smb.dc2isilon.na.drillinginfo.com\lease_data_entry\data_sources\ok_county_records\ok\leflore\7b28
7b3e41e9-a522-45c9-87a4-3b1d9b24cba6,MURRAY,OK,s3://enverus-courthouse-prod-chd-plants/ok/murray/7b3e/7b3e41e9-a522-45c9-87a4-3b1d9b24cba6.pdf
7b726e51-5a85-44f6-818f-285d9c07c82a,MURRAY,OK,s3://enverus-courthouse-prod-chd-plants/ok/murray/7b72/7b726e51-5a85-44f6-818f-285d9c07c82a.pdf
7b738ca1-2ba0-432b-a432-6a6af95de742,MURRAY,OK,s3://enverus-courthouse-prod-chd-plants/ok/murray/7b73/7b738ca1-2ba0-432b-a432-6a6af95de742.pdf
7b99ef05-0ab7-4011-be00-789ed8ef1a62,CUSTER,OK,\\smb.dc2isilon.na.drillinginfo.com\lease_data_entry\data_sources\ok_county_records\ok\custer\7b99
7ba360bc-ec46-4cb0-95f6-98aef64975a5,LOGAN,OK,\\smb.dc2isilon.na.drillinginfo.com\lease_data_entry\data_sources\ok_county_records\ok\logan\7ba3
7bc0b847-8fa8-47bc-bf5e-cb430339e592,MAJOR,OK,s3://enverus-courthouse-prod-chd-plants/ok/major/7bc0/7bc0b847-8fa8-47bc-bf5e-cb430339e592.pdf
7bd5cc27-1371-4fa3-b989-4df68c6b49a1,GRANT,OK,s3://enverus-courthouse-prod-chd-plants/ok/grant/7bd5/7bd5cc27-1371-4fa3-b989-4df68c6b49a1.pdf
7bdf3da8-c204-41be-ba15-68fd6eb9da14,MCCLAIN,OK,s3://enverus-courthouse-prod-chd-plants/ok/mcclain/7bdf/7bdf3da8-c204-41be-ba15-68fd6eb9da14.pdf
7be98902-5ef5-47b4-90ba-5a6c79444fdf,LOGAN,OK,\\smb.dc2isilon.na.drillinginfo.com\lease_data_entry\data_sources\ok_county_records\ok\logan\7be9
7bf14fe8-a00d-46dd-8827-2827ab80d528,MCINTOSH,OK,\\smb.dc2isilon.na.drillinginfo.com\lease_data_entry\data_sources\ok_county_records\ok\mcintosh\7bf1
7bfbb2fd-8854-489a-83ec-aafc4c9920d0,CARTER,OK,s3://enverus-courthouse-prod-chd-plants/ok/carter/7bfb/7bfbb2fd-8854-489a-83ec-aafc4c9920d0.pdf
7bfd9ed4-59b5-4ab8-bd66-dc5c4f828d2a,TEXAS,OK,\\smb.dc2isilon.na.drillinginfo.com\lease_data_entry\data_sources\ok_county_records\ok\texas\7bfd
7c19ab21-1610-4438-b64a-d41e3c36edb1,ROGER MILLS,OK,s3://enverus-courthouse-prod-chd-plants/ok/roger mills/7c19/7c19ab21-1610-4438-b64a-d41e3c36edb1.pdf
7c1f5e44-f558-41c9-bf57-e8cd1fd31641,COAL,OK,s3://enverus-courthouse-prod-chd-plants/ok/coal/7c1f/7c1f5e44-f558-41c9-bf57-e8cd1fd31641.pdf
7c2527db-2f93-4c57-8f84-e4585bcc8ade,ROGER MILLS,OK,s3://enverus-courthouse-prod-chd-plants/ok/roger mills/7c25/7c2527db-2f93-4c57-8f84-e4585bcc8ade.pdf
7c2e4000-0983-4bd1-ba99-54108034a4e5,ROGER MILLS,OK,s3://enverus-courthouse-prod-chd-plants/ok/roger mills/7c2e/7c2e4000-0983-4bd1-ba99-54108034a4e5.pdf
7c327915-3f33-4583-8bf2-33ad5a45a740,LOGAN,OK,\\smb.dc2isilon.na.drillinginfo.com\lease_data_entry\data_sources\ok_county_records\ok\logan\7c32
7c4416be-c73a-4564-9fd2-3dbf7cd0bd4d,MAJOR,OK,\\smb.dc2isilon.na.drillinginfo.com\lease_data_entry\data_sources\ok_county_records\ok\major\7c44
7c542890-a38b-4200-ab79-c8ed212aeb28,MAJOR,OK,s3://enverus-courthouse-prod-chd-plants/ok/major/7c54/7c542890-a38b-4200-ab79-c8ed212aeb28.pdf
7c5e076b-6b44-40da-8c03-a8271d85d7c4,KINGFISHER,OK,s3://enverus-courthouse-prod-chd-plants/ok/kingfisher/7c5e/7c5e076b-6b44-40da-8c03-a8271d85d7c4.pdf
7c5f9751-aece-48e5-98ed-dc4bd4a331ff,GARVIN,OK,s3://enverus-courthouse-prod-chd-plants/ok/garvin/7c5f/7c5f9751-aece-48e5-98ed-dc4bd4a331ff.pdf
7c6e4297-edf4-4cd4-9ef9-ecc63b7317ee,CARTER,OK,\\smb.dc2isilon.na.drillinginfo.com\lease_data_entry\data_sources\ok_county_records\ok\carter\7c6e
7c99a32c-1451-40cb-9cd7-ecdad614f188,MARSHALL,OK,s3://enverus-courthouse-prod-chd-plants/ok/marshall/7c99/7c99a32c-1451-40cb-9cd7-ecdad614f188.pdf
7c9c467f-77cc-49f0-8758-9265e2e42ef1,CUSTER,OK,s3://enverus-courthouse-prod-chd-plants/ok/custer/7c9c/7c9c467f-77cc-49f0-8758-9265e2e42ef1.pdf
7c9c4a12-ce79-4e7f-9416-34d2059b25c4,LOGAN,OK,\\smb.dc2isilon.na.drillinginfo.com\lease_data_entry\data_sources\ok_county_records\ok\logan\7c9c
7c9e2d1b-de22-4e4c-8d47-459caf551e77,STEPHENS,OK,\\smb.dc2isilon.na.drillinginfo.com\lease_data_entry\data_sources\ok_county_records\ok\stephens\7c9e
7ca78f8d-f1b0-4694-87f4-ee5c84740b9e,WASHINGTON,OK,\\smb.dc2isilon.na.drillinginfo.com\lease_data_entry\data_sources\ok_county_records\ok\washington\7ca7
7cb6dada-d000-442a-a87e-a8a8ad821220,CARTER,OK,\\smb.dc2isilon.na.drillinginfo.com\lease_data_entry\data_sources\ok_county_records\ok\carter\7cb6
7cd1b421-bd92-4b00-8735-da13defcc995,ELLIS,OK,s3://enverus-courthouse-prod-chd-plants/ok/ellis/7cd1/7cd1b421-bd92-4b00-8735-da13defcc995.pdf
7cd55060-8251-4282-b8ed-cc046dd6ff44,OKMULGEE,OK,\\smb.dc2isilon.na.drillinginfo.com\lease_data_entry\data_sources\ok_county_records\ok\okmulgee\7cd5
7ceb965a-1b13-43d6-9226-88ccc532fb46,CUSTER,OK,s3://enverus-courthouse-prod-chd-plants/ok/custer/7ceb/7ceb965a-1b13-43d6-9226-88ccc532fb46.pdf
7ceea96c-7756-4f75-ab61-b4305515cc8f,COMANCHE,OK,\\smb.dc2isilon.na.drillinginfo.com\lease_data_entry\data_sources\ok_county_records\ok\comanche\7cee
7d045d06-1537-4d6c-a060-d7c4a8aaf150,ROGER MILLS,OK,s3://enverus-courthouse-prod-chd-plants/ok/roger mills/7d04/7d045d06-1537-4d6c-a060-d7c4a8aaf150.pdf
7d0aea31-9c46-47ed-9528-708dc37265bc,MURRAY,OK,s3://enverus-courthouse-prod-chd-plants/ok/murray/7d0a/7d0aea31-9c46-47ed-9528-708dc37265bc.pdf
7d0cb603-afa2-4377-b60e-ea7b9b6b4c53,MCCLAIN,OK,s3://enverus-courthouse-prod-chd-plants/ok/mcclain/7d0c/7d0cb603-afa2-4377-b60e-ea7b9b6b4c53.pdf
7d0fe25c-55f4-4476-bc13-a52dc692c727,SEMINOLE,OK,\\smb.dc2isilon.na.drillinginfo.com\lease_data_entry\data_sources\ok_county_records\ok\seminole\7d0f
7d12b3f1-2548-41e3-833e-dd7f21ae6236,MCINTOSH,OK,\\smb.dc2isilon.na.drillinginfo.com\lease_data_entry\data_sources\ok_county_records\ok\mcintosh\7d12
7d15df47-a8e3-400d-be62-c86056e205cf,KINGFISHER,OK,\\smb.dc2isilon.na.drillinginfo.com\lease_data_entry\data_sources\ok_county_records\ok\kingfisher\7d15
7d2253da-ceda-4a24-8ada-f9dffaf2ec26,MARSHALL,OK,s3://enverus-courthouse-prod-chd-plants/ok/marshall/7d22/7d2253da-ceda-4a24-8ada-f9dffaf2ec26.pdf
7d4164e5-c212-410b-9bd4-7544604134ef,MCCLAIN,OK,s3://enverus-courthouse-prod-chd-plants/ok/mcclain/7d41/7d4164e5-c212-410b-9bd4-7544604134ef.pdf
7d47f876-3b5a-4ca8-a314-2935734e651c,LEFLORE,OK,\\smb.dc2isilon.na.drillinginfo.com\lease_data_entry\data_sources\ok_county_records\ok\leflore\7d47
7d5cce55-0df0-4e0a-a235-e50a78672beb,NOBLE,OK,s3://enverus-courthouse-prod-chd-plants/ok/noble/7d5c/7d5cce55-0df0-4e0a-a235-e50a78672beb.pdf
7d6bcc69-e286-451c-a5ee-bfd0548d7e94,COAL,OK,\\smb.dc2isilon.na.drillinginfo.com\lease_data_entry\data_sources\ok_county_records\ok\coal\7d6b
7d6eda6c-cb17-42d7-aee4-4a9bd2737e4b,COAL,OK,s3://enverus-courthouse-prod-chd-plants/ok/coal/7d6e/7d6eda6c-cb17-42d7-aee4-4a9bd2737e4b.pdf
7d76eace-43e8-4801-a2e0-58075952faf3,LOGAN,OK,\\smb.dc2isilon.na.drillinginfo.com\lease_data_entry\data_sources\ok_county_records\ok\logan\7d76
7d84eec4-b559-4801-9a20-36f419716822,GARVIN,OK,\\smb.dc2isilon.na.drillinginfo.com\lease_data_entry\data_sources\ok_county_records\ok\garvin\7d84
7d995ae8-a1d3-43df-ab92-0969ba4fcf55,KAY,OK,\\smb.dc2isilon.na.drillinginfo.com\lease_data_entry\data_sources\ok_county_records\ok\kay\7d99
7d996206-94b3-4b36-9b1d-b745e56649cb,CARTER,OK,\\smb.dc2isilon.na.drillinginfo.com\lease_data_entry\data_sources\ok_county_records\ok\carter\7d99
7dc44cc6-5eee-488f-9773-0cfbda86e618,ROGER MILLS,OK,s3://enverus-courthouse-prod-chd-plants/ok/roger mills/7dc4/7dc44cc6-5eee-488f-9773-0cfbda86e618.pdf
7dcd7ea5-69a7-4133-906a-70de128e8250,SEMINOLE,OK,s3://enverus-courthouse-prod-chd-plants/ok/seminole/7dcd/7dcd7ea5-69a7-4133-906a-70de128e8250.pdf
7dd24146-918f-4e88-b10e-806712bd3c4e,WASHINGTON,OK,s3://enverus-courthouse-prod-chd-plants/ok/washington/7dd2/7dd24146-918f-4e88-b10e-806712bd3c4e.pdf
7dd98cf1-4427-493a-92bd-96a4ca5ffb37,DEWEY,OK,\\smb.dc2isilon.na.drillinginfo.com\lease_data_entry\data_sources\ok_county_records\ok\dewey\7dd9
7ddd9bc2-743a-4c08-ac76-249f24ab228e,PAWNEE,OK,\\smb.dc2isilon.na.drillinginfo.com\lease_data_entry\data_sources\ok_county_records\ok\pawnee\7ddd
7de5a38d-5e7e-4f66-81e5-82cd9e2fe3e3,MAJOR,OK,\\smb.dc2isilon.na.drillinginfo.com\lease_data_entry\data_sources\ok_county_records\ok\major\7de5
7de6af0a-d854-4000-9c03-a3d1cc3a026e,KINGFISHER,OK,\\smb.dc2isilon.na.drillinginfo.com\lease_data_entry\data_sources\ok_county_records\ok\kingfisher\7de6
7de70820-3f73-415d-8ab4-331da5d8350f,ELLIS,OK,s3://enverus-courthouse-prod-chd-plants/ok/ellis/7de7/7de70820-3f73-415d-8ab4-331da5d8350f.pdf
7df2a471-f9c1-45b8-9b77-b997a66c982e,MAJOR,OK,s3://enverus-courthouse-prod-chd-plants/ok/major/7df2/7df2a471-f9c1-45b8-9b77-b997a66c982e.pdf
7e0a8d7b-43a7-4861-8972-fc4ccd3ed08f,STEPHENS,OK,s3://enverus-courthouse-prod-chd-plants/ok/stephens/7e0a/7e0a8d7b-43a7-4861-8972-fc4ccd3ed08f.pdf
7e194b06-de29-4894-8e4e-94b98cebbe35,BLAINE,OK,\\smb.dc2isilon.na.drillinginfo.com\lease_data_entry\data_sources\ok_county_records\ok\blaine\7e19
7e20baf7-04d6-4e71-8f63-3a9700956998,BLAINE,OK,\\smb.dc2isilon.na.drillinginfo.com\lease_data_entry\data_sources\ok_county_records\ok\blaine\7e20
7e25af0b-5732-403c-8f5c-6e4e90162168,LINCOLN,OK,\\smb.dc2isilon.na.drillinginfo.com\lease_data_entry\data_sources\ok_county_records\ok\lincoln\7e25
7e3369f3-66bd-4eb7-8a9c-d9897a98eccb,GARVIN,OK,s3://enverus-courthouse-prod-chd-plants/ok/garvin/7e33/7e3369f3-66bd-4eb7-8a9c-d9897a98eccb.pdf
7e41a098-8532-406b-9a36-f00179025725,LOGAN,OK,s3://enverus-courthouse-prod-chd-plants/ok/logan/7e41/7e41a098-8532-406b-9a36-f00179025725.pdf
7e6365cf-52a1-464f-8107-9c14df235230,STEPHENS,OK,\\smb.dc2isilon.na.drillinginfo.com\lease_data_entry\data_sources\ok_county_records\ok\stephens\7e63
7e660555-9f39-4cd9-8c3c-facdb15977de,GARVIN,OK,\\smb.dc2isilon.na.drillinginfo.com\lease_data_entry\data_sources\ok_county_records\ok\garvin\7e66
7e70c0e3-3805-4f1d-b3e5-e2d6cd93a1af,ROGER MILLS,OK,\\smb.dc2isilon.na.drillinginfo.com\lease_data_entry\data_sources\ok_county_records\ok\roger mills\7e70
7e860592-9c70-49c0-b92c-df444fddffff,LOGAN,OK,\\smb.dc2isilon.na.drillinginfo.com\lease_data_entry\data_sources\ok_county_records\ok\logan\7e86
7e8c43ec-5e69-4a60-8a30-67897b6d745d,KINGFISHER,OK,s3://enverus-courthouse-prod-chd-plants/ok/kingfisher/7e8c/7e8c43ec-5e69-4a60-8a30-67897b6d745d.pdf
7eb595c8-41b2-463b-ae85-5e575f275052,WASHITA,OK,s3://enverus-courthouse-prod-chd-plants/ok/washita/7eb5/7eb595c8-41b2-463b-ae85-5e575f275052.pdf
7ec3cb87-8d10-4956-bc3c-60f7c0ea98f7,STEPHENS,OK,\\smb.dc2isilon.na.drillinginfo.com\lease_data_entry\data_sources\ok_county_records\ok\stephens\7ec3
7ec73939-a34f-4abd-9c4c-0458f8773805,COMANCHE,OK,\\smb.dc2isilon.na.drillinginfo.com\lease_data_entry\data_sources\ok_county_records\ok\comanche\7ec7
7ecce6c5-9e17-4f82-aade-26943671bcb8,LOVE,OK,s3://enverus-courthouse-prod-chd-plants/ok/love/7ecc/7ecce6c5-9e17-4f82-aade-26943671bcb8.pdf
7ed26f9a-7111-45be-b20a-c5156fdef5c4,BECKHAM,OK,\\smb.dc2isilon.na.drillinginfo.com\lease_data_entry\data_sources\ok_county_records\ok\beckham\7ed2
7ed302d3-1ad7-46a9-9930-17220e58c7d1,KAY,OK,\\smb.dc2isilon.na.drillinginfo.com\lease_data_entry\data_sources\ok_county_records\ok\kay\7ed3
7ee2c4c9-5025-4660-9da1-24d3525146ea,COMANCHE,OK,\\smb.dc2isilon.na.drillinginfo.com\lease_data_entry\data_sources\ok_county_records\ok\comanche\7ee2
7eecd263-f675-4653-b648-bd42fc082f9b,ROGER MILLS,OK,s3://enverus-courthouse-prod-chd-plants/ok/roger mills/7eec/7eecd263-f675-4653-b648-bd42fc082f9b.pdf
7ef6fbd2-363f-450c-8f05-6e6da9653fd1,GARVIN,OK,s3://enverus-courthouse-prod-chd-plants/ok/garvin/7ef6/7ef6fbd2-363f-450c-8f05-6e6da9653fd1.pdf
7ef77d3b-7780-4f0d-bd38-1bfc3141e8d7,LOGAN,OK,s3://enverus-courthouse-prod-chd-plants/ok/logan/7ef7/7ef77d3b-7780-4f0d-bd38-1bfc3141e8d7.pdf
7f064c6c-0def-40fa-a117-9fa616277223,TEXAS,OK,\\smb.dc2isilon.na.drillinginfo.com\lease_data_entry\data_sources\ok_county_records\ok\texas\7f06
7f0749a9-3342-45d2-a87b-8d8675b1ed86,GARVIN,OK,s3://enverus-courthouse-prod-chd-plants/ok/garvin/7f07/7f0749a9-3342-45d2-a87b-8d8675b1ed86.pdf
7f099732-43e1-403d-b271-210ac597500d,CUSTER,OK,s3://enverus-courthouse-prod-chd-plants/ok/custer/7f09/7f099732-43e1-403d-b271-210ac597500d.pdf
7f0ef4ac-440e-4153-a68d-0634d18ef907,CARTER,OK,\\smb.dc2isilon.na.drillinginfo.com\lease_data_entry\data_sources\ok_county_records\ok\carter\7f0e
7f2cfe88-063f-4fe8-aa78-9c528cd4f691,DEWEY,OK,s3://enverus-courthouse-prod-chd-plants/ok/dewey/7f2c/7f2cfe88-063f-4fe8-aa78-9c528cd4f691.pdf
7f34c77d-1c0e-44f5-aa45-25c1cdcbb0fe,MAJOR,OK,s3://enverus-courthouse-prod-chd-plants/ok/major/7f34/7f34c77d-1c0e-44f5-aa45-25c1cdcbb0fe.pdf
7f742beb-bff5-4191-9e3b-e288ec464fd3,COAL,OK,s3://enverus-courthouse-prod-chd-plants/ok/coal/7f74/7f742beb-bff5-4191-9e3b-e288ec464fd3.pdf
7f8641da-af08-4ba5-81eb-f9da61ea570f,GRANT,OK,\\smb.dc2isilon.na.drillinginfo.com\lease_data_entry\data_sources\ok_county_records\ok\grant\7f86
7f91668c-837e-43b8-a67f-9d00f069de02,STEPHENS,OK,s3://enverus-courthouse-prod-chd-plants/ok/stephens/7f91/7f91668c-837e-43b8-a67f-9d00f069de02.pdf
7f9d36fe-c3d1-4618-a877-b5bbb0979f29,SEMINOLE,OK,\\smb.dc2isilon.na.drillinginfo.com\lease_data_entry\data_sources\ok_county_records\ok\seminole\7f9d
7fb924db-b522-45f6-bb2f-e4c1f6d9e655,KAY,OK,s3://enverus-courthouse-prod-chd-plants/ok/kay/7fb9/7fb924db-b522-45f6-bb2f-e4c1f6d9e655.pdf
7fc2b880-61e3-4f58-b2bb-552890128ae8,ELLIS,OK,\\smb.dc2isilon.na.drillinginfo.com\lease_data_entry\data_sources\ok_county_records\ok\ellis\7fc2
7fd6c8a6-5d14-4320-ac9c-2de0f52fe5c6,JACKSON,OK,\\smb.dc2isilon.na.drillinginfo.com\lease_data_entry\data_sources\ok_county_records\ok\jackson\7fd6
7fd79070-6eea-478c-84f3-ea16a19fc7da,BLAINE,OK,s3://enverus-courthouse-prod-chd-plants/ok/blaine/7fd7/7fd79070-6eea-478c-84f3-ea16a19fc7da.pdf
7fddabc8-6ac5-402f-8ef4-3557ba0dc49c,BECKHAM,OK,\\smb.dc2isilon.na.drillinginfo.com\lease_data_entry\data_sources\ok_county_records\ok\beckham\7fdd
7ffc8165-138a-4359-bc5b-39b6c443a4b9,HARPER,OK,s3://enverus-courthouse-prod-chd-plants/ok/harper/7ffc/7ffc8165-138a-4359-bc5b-39b6c443a4b9.pdf
7fffd8a1-5434-492a-ae00-85fe50a419e8,MAJOR,OK,s3://enverus-courthouse-prod-chd-plants/ok/major/7fff/7fffd8a1-5434-492a-ae00-85fe50a419e8.pdf
80046d3b-28df-41b6-a65c-617f8042d6db,ELLIS,OK,s3://enverus-courthouse-prod-chd-plants/ok/ellis/8004/80046d3b-28df-41b6-a65c-617f8042d6db.pdf
80097139-7b88-4963-b581-7527bf11ea9d,HUGHES,OK,\\smb.dc2isilon.na.drillinginfo.com\lease_data_entry\data_sources\ok_county_records\ok\hughes\8009
801128d9-3311-4b52-95a4-585e12281d1f,LOVE,OK,s3://enverus-courthouse-prod-chd-plants/ok/love/8011/801128d9-3311-4b52-95a4-585e12281d1f.pdf
801c859e-9e89-49ff-929a-3c767b2b7c7e,ELLIS,OK,s3://enverus-courthouse-prod-chd-plants/ok/ellis/801c/801c859e-9e89-49ff-929a-3c767b2b7c7e.pdf
80307cf6-8dad-4f95-964c-3ba44b494594,ELLIS,OK,s3://enverus-courthouse-prod-chd-plants/ok/ellis/8030/80307cf6-8dad-4f95-964c-3ba44b494594.pdf
804276b5-719d-4ebb-a318-3ac84e13f6e8,COAL,OK,s3://enverus-courthouse-prod-chd-plants/ok/coal/8042/804276b5-719d-4ebb-a318-3ac84e13f6e8.pdf
805ad34d-b91f-4eed-b343-0bd918edd7b5,STEPHENS,OK,\\smb.dc2isilon.na.drillinginfo.com\lease_data_entry\data_sources\ok_county_records\ok\stephens\805a
8070fd92-7948-47fa-9ed5-3e60230240ef,MCCLAIN,OK,s3://enverus-courthouse-prod-chd-plants/ok/mcclain/8070/8070fd92-7948-47fa-9ed5-3e60230240ef.pdf
8073241b-35e7-4a60-aa6b-fc3c049ff4d6,CARTER,OK,s3://enverus-courthouse-prod-chd-plants/ok/carter/8073/8073241b-35e7-4a60-aa6b-fc3c049ff4d6.pdf
8077ea06-0e2c-4cc3-ba4e-69ce77a1c9c7,OKMULGEE,OK,\\smb.dc2isilon.na.drillinginfo.com\lease_data_entry\data_sources\ok_county_records\ok\okmulgee\8077
808e526b-ebab-45c5-967e-031185bd5bcf,WOODWARD,OK,\\smb.dc2isilon.na.drillinginfo.com\lease_data_entry\data_sources\ok_county_records\ok\woodward\808e
80a22c4c-cdea-45d3-a7c9-be447236c889,OKMULGEE,OK,\\smb.dc2isilon.na.drillinginfo.com\lease_data_entry\data_sources\ok_county_records\ok\okmulgee\80a2
80a75f11-2ec5-47c6-a81d-09ca0becbc0f,CARTER,OK,\\smb.dc2isilon.na.drillinginfo.com\lease_data_entry\data_sources\ok_county_records\ok\carter\80a7
80ab7b00-52fe-4284-99c3-200be403b094,LATIMER,OK,\\smb.dc2isilon.na.drillinginfo.com\lease_data_entry\data_sources\ok_county_records\ok\latimer\80ab
80b47259-3b7e-44c6-82ed-89705218c1c1,CARTER,OK,s3://enverus-courthouse-prod-chd-plants/ok/carter/80b4/80b47259-3b7e-44c6-82ed-89705218c1c1.pdf
80b5ffaa-da2a-46d1-b5b1-8f65d20cc0fa,GARVIN,OK,s3://enverus-courthouse-prod-chd-plants/ok/garvin/80b5/80b5ffaa-da2a-46d1-b5b1-8f65d20cc0fa.pdf
80b69615-a003-47b1-b236-6576908b987c,PITTSBURG,OK,s3://enverus-courthouse-prod-chd-plants/ok/pittsburg/80b6/80b69615-a003-47b1-b236-6576908b987c.pdf
80ceb8a2-8be1-408a-a695-f765b682d078,BECKHAM,OK,\\smb.dc2isilon.na.drillinginfo.com\lease_data_entry\data_sources\ok_county_records\ok\beckham\80ce
80d9b0b1-5335-43a4-93d7-1e9ec6d2961e,DEWEY,OK,s3://enverus-courthouse-prod-chd-plants/ok/dewey/80d9/80d9b0b1-5335-43a4-93d7-1e9ec6d2961e.pdf
80e9dfdb-9fd5-4ad8-b9de-467d140d6c3f,CUSTER,OK,s3://enverus-courthouse-prod-chd-plants/ok/custer/80e9/80e9dfdb-9fd5-4ad8-b9de-467d140d6c3f.pdf
81031fc8-aed8-401f-9a13-3a50d26843fc,ROGER MILLS,OK,s3://enverus-courthouse-prod-chd-plants/ok/roger mills/8103/81031fc8-aed8-401f-9a13-3a50d26843fc.pdf
81105caa-e43f-4911-8a8c-c0fa365325d6,CARTER,OK,\\smb.dc2isilon.na.drillinginfo.com\lease_data_entry\data_sources\ok_county_records\ok\carter\8110
811136e3-f217-4508-9de3-6377877b8f5d,LINCOLN,OK,s3://enverus-courthouse-prod-chd-plants/ok/lincoln/8111/811136e3-f217-4508-9de3-6377877b8f5d.pdf
81161505-bada-49f1-bd92-f9d2c76f4d8e,DEWEY,OK,\\smb.dc2isilon.na.drillinginfo.com\lease_data_entry\data_sources\ok_county_records\ok\dewey\8116
811b1a5d-2ffe-4a13-af2d-4f88d600cb72,MURRAY,OK,\\smb.dc2isilon.na.drillinginfo.com\lease_data_entry\data_sources\ok_county_records\ok\murray\811b
811f7cef-a0ca-4dbb-845a-cdd6c74f9f69,KINGFISHER,OK,s3://enverus-courthouse-prod-chd-plants/ok/kingfisher/811f/811f7cef-a0ca-4dbb-845a-cdd6c74f9f69.pdf
812bd453-c7f9-4123-8401-2892b9932fb3,MCCLAIN,OK,\\smb.dc2isilon.na.drillinginfo.com\lease_data_entry\data_sources\ok_county_records\ok\mcclain\812b
81370592-0e6e-4b99-8c0e-fa7df47e447f,SEMINOLE,OK,\\smb.dc2isilon.na.drillinginfo.com\lease_data_entry\data_sources\ok_county_records\ok\seminole\8137
813e23bc-4586-4f49-bd75-94abc4669dbc,BLAINE,OK,\\smb.dc2isilon.na.drillinginfo.com\lease_data_entry\data_sources\ok_county_records\ok\blaine\813e
81493636-d53c-4dce-b3d9-7cc96d46aa58,JEFFERSON,OK,\\smb.dc2isilon.na.drillinginfo.com\lease_data_entry\data_sources\ok_county_records\ok\jefferson\8149
81582710-1d26-46fe-bee7-af94db8244a1,LOVE,OK,s3://enverus-courthouse-prod-chd-plants/ok/love/8158/81582710-1d26-46fe-bee7-af94db8244a1.pdf
815e1742-02e0-4a36-a282-e6e2c7a88fdf,COAL,OK,s3://enverus-courthouse-prod-chd-plants/ok/coal/815e/815e1742-02e0-4a36-a282-e6e2c7a88fdf.pdf
818469fe-93b6-4b2b-8296-c67eea22b4af,BLAINE,OK,\\smb.dc2isilon.na.drillinginfo.com\lease_data_entry\data_sources\ok_county_records\ok\blaine\8184
81a25d79-232f-434f-bb0b-4e2ec545abbf,COMANCHE,OK,\\smb.dc2isilon.na.drillinginfo.com\lease_data_entry\data_sources\ok_county_records\ok\comanche\81a2
81a54c99-a5a9-40df-adc4-1f1a7ac75edc,WOODWARD,OK,s3://enverus-courthouse-prod-chd-plants/ok/woodward/81a5/81a54c99-a5a9-40df-adc4-1f1a7ac75edc.pdf
81ab3dde-ad45-4fa5-9937-a3475c9b0e1a,ELLIS,OK,s3://enverus-courthouse-prod-chd-plants/ok/ellis/81ab/81ab3dde-ad45-4fa5-9937-a3475c9b0e1a.pdf
81d75a7a-e4be-404d-9437-7c92afa353ab,MAJOR,OK,s3://enverus-courthouse-prod-chd-plants/ok/major/81d7/81d75a7a-e4be-404d-9437-7c92afa353ab.pdf
81d8a69e-bfcc-4009-9ee4-fc4e66a7bc95,ROGER MILLS,OK,s3://enverus-courthouse-prod-chd-plants/ok/roger mills/81d8/81d8a69e-bfcc-4009-9ee4-fc4e66a7bc95.pdf
81e8e7ef-575c-4921-8b1b-042c7db1223e,CARTER,OK,s3://enverus-courthouse-prod-chd-plants/ok/carter/81e8/81e8e7ef-575c-4921-8b1b-042c7db1223e.pdf
81ea1d63-4f41-4727-b661-249ddabd2fb5,KAY,OK,\\smb.dc2isilon.na.drillinginfo.com\lease_data_entry\data_sources\ok_county_records\ok\kay\81ea
81ed225d-862e-437f-be18-c6a1e8f9394e,KAY,OK,s3://enverus-courthouse-prod-chd-plants/ok/kay/81ed/81ed225d-862e-437f-be18-c6a1e8f9394e.pdf
81f734cb-254e-44f8-88d0-6e481d04b87c,WOODWARD,OK,s3://enverus-courthouse-prod-chd-plants/ok/woodward/81f7/81f734cb-254e-44f8-88d0-6e481d04b87c.pdf
82044850-24e8-4380-948d-a2df665dcb3a,LINCOLN,OK,s3://enverus-courthouse-prod-chd-plants/ok/lincoln/8204/82044850-24e8-4380-948d-a2df665dcb3a.pdf
82069772-640d-4e32-b308-8179752b319e,MCCLAIN,OK,s3://enverus-courthouse-prod-chd-plants/ok/mcclain/8206/82069772-640d-4e32-b308-8179752b319e.pdf
820c21eb-c48e-4235-a93e-d8588f2ba840,ROGER MILLS,OK,s3://enverus-courthouse-prod-chd-plants/ok/roger mills/820c/820c21eb-c48e-4235-a93e-d8588f2ba840.pdf
8229800a-e679-44c9-859f-17217110936a,LEFLORE,OK,\\smb.dc2isilon.na.drillinginfo.com\lease_data_entry\data_sources\ok_county_records\ok\leflore\8229
8238ae70-71ad-4cb5-8578-39a9b835dd52,ELLIS,OK,s3://enverus-courthouse-prod-chd-plants/ok/ellis/8238/8238ae70-71ad-4cb5-8578-39a9b835dd52.pdf
823b60b9-193c-4e11-ab11-ffcda403d18f,BECKHAM,OK,s3://enverus-courthouse-prod-chd-plants/ok/beckham/823b/823b60b9-193c-4e11-ab11-ffcda403d18f.pdf
8241eb4f-9baa-4b91-b060-40d38ea1c62a,TEXAS,OK,\\smb.dc2isilon.na.drillinginfo.com\lease_data_entry\data_sources\ok_county_records\ok\texas\8241
82430cc4-cc86-42de-838c-06e1bfc7a403,COMANCHE,OK,s3://enverus-courthouse-prod-chd-plants/ok/comanche/8243/82430cc4-cc86-42de-838c-06e1bfc7a403.pdf
82435483-d48d-4eee-a50b-9c19723eece0,LEFLORE,OK,s3://enverus-courthouse-prod-chd-plants/ok/leflore/8243/82435483-d48d-4eee-a50b-9c19723eece0.pdf
82587d22-804b-4c82-9842-becad489f22d,KINGFISHER,OK,s3://enverus-courthouse-prod-chd-plants/ok/kingfisher/8258/82587d22-804b-4c82-9842-becad489f22d.pdf
825e73dc-9a26-4b9a-81f8-2f4f0dd50d70,BECKHAM,OK,s3://enverus-courthouse-prod-chd-plants/ok/beckham/825e/825e73dc-9a26-4b9a-81f8-2f4f0dd50d70.pdf
8282480f-0316-41cc-9bf9-cfec43e15c64,COAL,OK,s3://enverus-courthouse-prod-chd-plants/ok/coal/8282/8282480f-0316-41cc-9bf9-cfec43e15c64.pdf
8298bf81-3be0-41fd-9dbd-602da6f695df,SEMINOLE,OK,\\smb.dc2isilon.na.drillinginfo.com\lease_data_entry\data_sources\ok_county_records\ok\seminole\8298
8299cce8-ccf3-498b-9fe7-a465a485d410,BECKHAM,OK,\\smb.dc2isilon.na.drillinginfo.com\lease_data_entry\data_sources\ok_county_records\ok\beckham\8299
82b90574-2f52-4bbc-992b-dd1df8949c62,KINGFISHER,OK,\\smb.dc2isilon.na.drillinginfo.com\lease_data_entry\data_sources\ok_county_records\ok\kingfisher\82b9
82c10415-94ca-476c-a05f-2b9a8cbd2b4a,SEMINOLE,OK,\\smb.dc2isilon.na.drillinginfo.com\lease_data_entry\data_sources\ok_county_records\ok\seminole\82c1
82c26da3-3ef5-4dd4-a441-51acbd6cd562,BECKHAM,OK,s3://enverus-courthouse-prod-chd-plants/ok/beckham/82c2/82c26da3-3ef5-4dd4-a441-51acbd6cd562.pdf
82cb4478-e0e9-4135-8ef7-92b8b98d2e5e,BECKHAM,OK,\\smb.dc2isilon.na.drillinginfo.com\lease_data_entry\data_sources\ok_county_records\ok\beckham\82cb
82d29ff1-9593-4a4b-a198-393eb7e2b15f,LEFLORE,OK,\\smb.dc2isilon.na.drillinginfo.com\lease_data_entry\data_sources\ok_county_records\ok\leflore\82d2
82d37209-509d-4f24-bb67-fcc7b047eca7,KINGFISHER,OK,\\smb.dc2isilon.na.drillinginfo.com\lease_data_entry\data_sources\ok_county_records\ok\kingfisher\82d3
82efbc33-52e5-46be-8f5b-61a3bc821d88,MAJOR,OK,s3://enverus-courthouse-prod-chd-plants/ok/major/82ef/82efbc33-52e5-46be-8f5b-61a3bc821d88.pdf
82f1cf52-6e04-4982-b6e3-b53978e6716a,BLAINE,OK,\\smb.dc2isilon.na.drillinginfo.com\lease_data_entry\data_sources\ok_county_records\ok\blaine\82f1
830c6a6e-719b-4c8b-b1ab-e2ceaaeb5ce8,GARVIN,OK,s3://enverus-courthouse-prod-chd-plants/ok/garvin/830c/830c6a6e-719b-4c8b-b1ab-e2ceaaeb5ce8.pdf
83170b2c-1d84-44ed-9829-51abf3f640e4,MAJOR,OK,\\smb.dc2isilon.na.drillinginfo.com\lease_data_entry\data_sources\ok_county_records\ok\major\8317
83214747-d9b6-4d5c-b9d2-e80a9de28764,JACKSON,OK,\\smb.dc2isilon.na.drillinginfo.com\lease_data_entry\data_sources\ok_county_records\ok\jackson\8321
833455ac-f0ad-4c41-ae7a-fd5b4b0cd807,SEMINOLE,OK,\\smb.dc2isilon.na.drillinginfo.com\lease_data_entry\data_sources\ok_county_records\ok\seminole\8334
833ecbe3-5e1c-4d61-a310-89b14898fc1c,LOVE,OK,s3://enverus-courthouse-prod-chd-plants/ok/love/833e/833ecbe3-5e1c-4d61-a310-89b14898fc1c.pdf
83617d29-2139-442f-829b-622803264f8c,STEPHENS,OK,s3://enverus-courthouse-prod-chd-plants/ok/stephens/8361/83617d29-2139-442f-829b-622803264f8c.pdf
8362ec6b-1a04-46d8-9610-9a229e1382f7,ELLIS,OK,s3://enverus-courthouse-prod-chd-plants/ok/ellis/8362/8362ec6b-1a04-46d8-9610-9a229e1382f7.pdf
836743ae-4bd4-41da-b48f-863b9a701fc6,JOHNSTON,OK,\\smb.dc2isilon.na.drillinginfo.com\lease_data_entry\data_sources\ok_county_records\ok\johnston\8367
8376104f-7d1b-44e5-bf8a-43d57739ccfe,DEWEY,OK,s3://enverus-courthouse-prod-chd-plants/ok/dewey/8376/8376104f-7d1b-44e5-bf8a-43d57739ccfe.pdf
8381b886-db4b-43a3-a4ac-3d86ef5c5eda,MCCLAIN,OK,s3://enverus-courthouse-prod-chd-plants/ok/mcclain/8381/8381b886-db4b-43a3-a4ac-3d86ef5c5eda.pdf
8386f776-16b6-4b00-ae20-1734e9e21a8a,MCCLAIN,OK,s3://enverus-courthouse-prod-chd-plants/ok/mcclain/8386/8386f776-16b6-4b00-ae20-1734e9e21a8a.pdf
838cc54c-46ed-4800-b055-a7a5d232d9d1,WOODWARD,OK,\\smb.dc2isilon.na.drillinginfo.com\lease_data_entry\data_sources\ok_county_records\ok\woodward\838c
839607e9-1a62-46b5-a084-6abd0eb06751,MAJOR,OK,s3://enverus-courthouse-prod-chd-plants/ok/major/8396/839607e9-1a62-46b5-a084-6abd0eb06751.pdf
83a6c14a-f988-4419-8912-618abff1c365,LEFLORE,OK,s3://enverus-courthouse-prod-chd-plants/ok/leflore/83a6/83a6c14a-f988-4419-8912-618abff1c365.pdf
83a9236f-6cc8-47de-a782-bf1b5d68c2ed,MAJOR,OK,s3://enverus-courthouse-prod-chd-plants/ok/major/83a9/83a9236f-6cc8-47de-a782-bf1b5d68c2ed.pdf
83ad1813-d9fb-4761-a640-a5b3f4a7619d,CARTER,OK,\\smb.dc2isilon.na.drillinginfo.com\lease_data_entry\data_sources\ok_county_records\ok\carter\83ad
83dc22dc-c3dd-4100-b43b-16061540a8be,LOGAN,OK,s3://enverus-courthouse-prod-chd-plants/ok/logan/83dc/83dc22dc-c3dd-4100-b43b-16061540a8be.pdf
83dff284-16ea-43ec-ba6f-3bca7f2b6a8a,LINCOLN,OK,\\aus2-nxn-fss01.na.drillinginfo.com\leases\assignments\_import_from_did\images_20171122
83f3ff6a-5b2f-450a-8cfb-cc33773af3bb,HUGHES,OK,s3://enverus-courthouse-prod-chd-plants/ok/hughes/83f3/83f3ff6a-5b2f-450a-8cfb-cc33773af3bb.pdf
83fb3542-60cd-45e1-b50a-810e47f94f35,COMANCHE,OK,\\smb.dc2isilon.na.drillinginfo.com\lease_data_entry\data_sources\ok_county_records\ok\comanche\83fb
84002c40-cc9d-4328-b442-844c3a9e2050,MCCLAIN,OK,\\smb.dc2isilon.na.drillinginfo.com\lease_data_entry\data_sources\ok_county_records\ok\mcclain\8400
840034cf-4153-4068-81df-0f463079b2da,WOODWARD,OK,\\smb.dc2isilon.na.drillinginfo.com\lease_data_entry\data_sources\ok_county_records\ok\woodward\8400
84103743-04a2-494e-9209-121c88785df4,PONTOTOC,OK,\\smb.dc2isilon.na.drillinginfo.com\lease_data_entry\data_sources\ok_county_records\ok\pontotoc\8410
8426ef10-10d2-42c2-a8cb-2c59f8abc057,COMANCHE,OK,\\smb.dc2isilon.na.drillinginfo.com\lease_data_entry\data_sources\ok_county_records\ok\comanche\8426
8434a0be-05b0-44c2-afcd-99250c5cbcfd,LOGAN,OK,\\smb.dc2isilon.na.drillinginfo.com\lease_data_entry\data_sources\ok_county_records\ok\logan\8434
843746d6-7626-4b70-8add-f688647c1053,WASHITA,OK,s3://enverus-courthouse-prod-chd-plants/ok/washita/8437/843746d6-7626-4b70-8add-f688647c1053.pdf
8444679c-87f4-4782-b10c-4433f35cb82b,CARTER,OK,\\smb.dc2isilon.na.drillinginfo.com\lease_data_entry\data_sources\ok_county_records\ok\carter\8444
844490ef-3d83-4acf-acbc-b7b0495d4324,LINCOLN,OK,s3://enverus-courthouse-prod-chd-plants/ok/lincoln/8444/844490ef-3d83-4acf-acbc-b7b0495d4324.pdf
8445b3be-1663-4546-bdb3-f6a03b95952b,LOGAN,OK,s3://enverus-courthouse-prod-chd-plants/ok/logan/8445/8445b3be-1663-4546-bdb3-f6a03b95952b.pdf
844aa620-6116-4ca6-8e0a-66d772a2d8a0,LOGAN,OK,s3://enverus-courthouse-prod-chd-plants/ok/logan/844a/844aa620-6116-4ca6-8e0a-66d772a2d8a0.pdf
846ef7bf-e75a-4f05-9b0e-12a3b812a884,LOGAN,OK,s3://enverus-courthouse-prod-chd-plants/ok/logan/846e/846ef7bf-e75a-4f05-9b0e-12a3b812a884.pdf
84810ff7-fd26-4175-825f-c8bf21bce19b,BECKHAM,OK,\\smb.dc2isilon.na.drillinginfo.com\lease_data_entry\data_sources\ok_county_records\ok\beckham\8481
84a36ef5-3e08-4d60-baa7-aa66a2a91b60,MCCLAIN,OK,s3://enverus-courthouse-prod-chd-plants/ok/mcclain/84a3/84a36ef5-3e08-4d60-baa7-aa66a2a91b60.pdf
84b3c589-20cc-4b01-9c7e-cd8e665a2d39,DEWEY,OK,s3://enverus-courthouse-prod-chd-plants/ok/dewey/84b3/84b3c589-20cc-4b01-9c7e-cd8e665a2d39.pdf
84caf1cd-3aac-4e7a-bc92-ffe15289964f,WASHINGTON,OK,s3://enverus-courthouse-prod-chd-plants/ok/washington/84ca/84caf1cd-3aac-4e7a-bc92-ffe15289964f.pdf
84e6867f-1b6d-4ab0-9a17-0646dc65c8b5,OKMULGEE,OK,\\smb.dc2isilon.na.drillinginfo.com\lease_data_entry\data_sources\ok_county_records\ok\okmulgee\84e6
8507e037-5012-415a-8339-090bc193b21c,COAL,OK,s3://enverus-courthouse-prod-chd-plants/ok/coal/8507/8507e037-5012-415a-8339-090bc193b21c.pdf
850d84d0-91c9-4242-a01c-7d6afdfd06e8,LINCOLN,OK,s3://enverus-courthouse-prod-chd-plants/ok/lincoln/850d/850d84d0-91c9-4242-a01c-7d6afdfd06e8.pdf
852d7085-afc3-4db5-a36b-31ee1a7c6d86,ELLIS,OK,s3://enverus-courthouse-prod-chd-plants/ok/ellis/852d/852d7085-afc3-4db5-a36b-31ee1a7c6d86.pdf
8556e145-9839-4b98-8f3c-c3fcceebed10,KAY,OK,\\smb.dc2isilon.na.drillinginfo.com\lease_data_entry\data_sources\ok_county_records\ok\kay\8556
855a1322-1eac-4dc3-b4b8-331a7778c15c,GARVIN,OK,s3://enverus-courthouse-prod-chd-plants/ok/garvin/855a/855a1322-1eac-4dc3-b4b8-331a7778c15c.pdf
855ac44d-0cad-4997-bd00-6d097f77a5ae,SEMINOLE,OK,\\smb.dc2isilon.na.drillinginfo.com\lease_data_entry\data_sources\ok_county_records\ok\seminole\855a
856ab7a4-346f-4db8-9985-5b8be73b97db,BECKHAM,OK,\\smb.dc2isilon.na.drillinginfo.com\lease_data_entry\data_sources\ok_county_records\ok\beckham\856a
857c6394-b1a5-498f-8e3e-fae3b1efbba5,LOGAN,OK,\\smb.dc2isilon.na.drillinginfo.com\lease_data_entry\data_sources\ok_county_records\ok\logan\857c
85865aad-df7c-4479-b2e0-b670deb5f57a,SEMINOLE,OK,\\smb.dc2isilon.na.drillinginfo.com\lease_data_entry\data_sources\ok_county_records\ok\seminole\8586
858bcbf6-ead2-4fff-9177-afa67d3644b1,KINGFISHER,OK,s3://enverus-courthouse-prod-chd-plants/ok/kingfisher/858b/858bcbf6-ead2-4fff-9177-afa67d3644b1.pdf
8595bb7b-120a-45c7-b456-f319e78be173,CUSTER,OK,s3://enverus-courthouse-prod-chd-plants/ok/custer/8595/8595bb7b-120a-45c7-b456-f319e78be173.pdf
85afcb09-f830-46ca-bd76-7fcc7257e58f,ROGER MILLS,OK,s3://enverus-courthouse-prod-chd-plants/ok/roger mills/85af/85afcb09-f830-46ca-bd76-7fcc7257e58f.pdf
85b8329c-8fc1-49ea-a539-d61acf35518d,LOGAN,OK,\\smb.dc2isilon.na.drillinginfo.com\lease_data_entry\data_sources\ok_county_records\ok\logan\85b8
85b86280-15a8-4149-a41d-dc23fd6483b1,ROGER MILLS,OK,s3://enverus-courthouse-prod-chd-plants/ok/roger mills/85b8/85b86280-15a8-4149-a41d-dc23fd6483b1.pdf
85c0aaaa-0858-4951-9fa8-313f9139d22a,MCCLAIN,OK,s3://enverus-courthouse-prod-chd-plants/ok/mcclain/85c0/85c0aaaa-0858-4951-9fa8-313f9139d22a.pdf
85deaef3-309d-4f22-985d-d9c43259e82c,COAL,OK,\\smb.dc2isilon.na.drillinginfo.com\lease_data_entry\data_sources\ok_county_records\ok\coal\85de
85fc2102-f72a-45f3-8345-dfdc02eaddcf,LINCOLN,OK,s3://enverus-courthouse-prod-chd-plants/ok/lincoln/85fc/85fc2102-f72a-45f3-8345-dfdc02eaddcf.pdf
85fe273c-8f7e-41bf-b34d-3231b8eb6f5f,STEPHENS,OK,\\smb.dc2isilon.na.drillinginfo.com\lease_data_entry\data_sources\ok_county_records\ok\stephens\85fe
8603ce23-1307-43ce-a820-d26e4d2eb56e,MARSHALL,OK,\\smb.dc2isilon.na.drillinginfo.com\lease_data_entry\data_sources\ok_county_records\ok\marshall\8603
86097600-a29e-4383-9b9b-4a2d9333cb18,MCCLAIN,OK,\\smb.dc2isilon.na.drillinginfo.com\lease_data_entry\data_sources\ok_county_records\ok\mcclain\8609
86187fa9-eab4-4515-bb05-cb05a5e1837d,SEMINOLE,OK,s3://enverus-courthouse-prod-chd-plants/ok/seminole/8618/86187fa9-eab4-4515-bb05-cb05a5e1837d.pdf
864f268e-9355-4972-924a-7ab4cdb31036,LOGAN,OK,s3://enverus-courthouse-prod-chd-plants/ok/logan/864f/864f268e-9355-4972-924a-7ab4cdb31036.pdf
86629c9c-bcf1-41ae-987a-56ac06f0d18a,BECKHAM,OK,\\smb.dc2isilon.na.drillinginfo.com\lease_data_entry\data_sources\ok_county_records\ok\beckham\8662
8676a795-a6ee-42a6-8801-171a14a64cba,WOODWARD,OK,s3://enverus-courthouse-prod-chd-plants/ok/woodward/8676/8676a795-a6ee-42a6-8801-171a14a64cba.pdf
867db785-1ad0-4de1-8648-b1d1d6409ba9,LOVE,OK,s3://enverus-courthouse-prod-chd-plants/ok/love/867d/867db785-1ad0-4de1-8648-b1d1d6409ba9.pdf
8688c66f-9235-4b72-890e-0074133b535b,WASHITA,OK,s3://enverus-courthouse-prod-chd-plants/ok/washita/8688/8688c66f-9235-4b72-890e-0074133b535b.pdf
869465f2-bdd7-4052-a82a-5aae6ab1b4bb,MURRAY,OK,\\smb.dc2isilon.na.drillinginfo.com\lease_data_entry\data_sources\ok_county_records\ok\murray\8694
86b116de-248d-44ae-a8e8-51c843cf546b,CUSTER,OK,s3://enverus-courthouse-prod-chd-plants/ok/custer/86b1/86b116de-248d-44ae-a8e8-51c843cf546b.pdf
86b2b906-03d0-4c29-a5b3-46fe0c1afabb,LOGAN,OK,\\smb.dc2isilon.na.drillinginfo.com\lease_data_entry\data_sources\ok_county_records\ok\logan\86b2
86b2fc2e-3b52-432b-b726-ff88688629cb,TEXAS,OK,\\smb.dc2isilon.na.drillinginfo.com\lease_data_entry\data_sources\ok_county_records\ok\texas\86b2
86b7d9cb-9792-4aa8-bf3f-f874de7a017d,ROGER MILLS,OK,s3://enverus-courthouse-prod-chd-plants/ok/roger mills/86b7/86b7d9cb-9792-4aa8-bf3f-f874de7a017d.pdf
86c5c818-fdb4-4ff0-969a-a6084fd1e9dc,NOBLE,OK,s3://enverus-courthouse-prod-chd-plants/ok/noble/86c5/86c5c818-fdb4-4ff0-969a-a6084fd1e9dc.pdf
872a07ae-cb3c-4f36-aa60-71ca27921b5a,STEPHENS,OK,\\smb.dc2isilon.na.drillinginfo.com\lease_data_entry\data_sources\ok_county_records\ok\stephens\872a
874da8c7-a078-4555-8a84-161f7bac0781,BLAINE,OK,s3://enverus-courthouse-prod-chd-plants/ok/blaine/874d/874da8c7-a078-4555-8a84-161f7bac0781.pdf
874db663-57b6-4ea4-affc-02f481e11771,CARTER,OK,s3://enverus-courthouse-prod-chd-plants/ok/carter/874d/874db663-57b6-4ea4-affc-02f481e11771.pdf
876185ef-d5a3-4fd4-9bac-d58ff0ba793e,KINGFISHER,OK,\\smb.dc2isilon.na.drillinginfo.com\lease_data_entry\data_sources\ok_county_records\ok\kingfisher\8761
87655025-2371-4f2b-83db-d3c0a903330b,CUSTER,OK,s3://enverus-courthouse-prod-chd-plants/ok/custer/8765/87655025-2371-4f2b-83db-d3c0a903330b.pdf
876629f0-eb92-4be8-bd0b-ccdeed7958cf,CARTER,OK,\\smb.dc2isilon.na.drillinginfo.com\lease_data_entry\data_sources\ok_county_records\ok\carter\8766
8786421a-75c7-4745-89b5-fe184b6cc2ad,GRANT,OK,\\smb.dc2isilon.na.drillinginfo.com\lease_data_entry\data_sources\ok_county_records\ok\grant\8786
8795c542-16df-4f70-ab46-775e408a49d4,LOVE,OK,s3://enverus-courthouse-prod-chd-plants/ok/love/8795/8795c542-16df-4f70-ab46-775e408a49d4.pdf
87a74f00-819f-4315-97e4-a1c866cdea24,WASHINGTON,OK,s3://enverus-courthouse-prod-chd-plants/ok/washington/87a7/87a74f00-819f-4315-97e4-a1c866cdea24.pdf
87a92754-dc80-449c-91e2-b7f7e335b8bf,DEWEY,OK,s3://enverus-courthouse-prod-chd-plants/ok/dewey/87a9/87a92754-dc80-449c-91e2-b7f7e335b8bf.pdf
87bae683-fb2a-448a-8240-2436d60a19fa,COMANCHE,OK,s3://enverus-courthouse-prod-chd-plants/ok/comanche/87ba/87bae683-fb2a-448a-8240-2436d60a19fa.pdf
87cd0b8e-d9ac-42f3-92c0-290663751d5c,JACKSON,OK,\\smb.dc2isilon.na.drillinginfo.com\lease_data_entry\data_sources\ok_county_records\ok\jackson\87cd
87ddbd8a-a2c5-4799-8985-c1b7168a2e3d,ELLIS,OK,s3://enverus-courthouse-prod-chd-plants/ok/ellis/87dd/87ddbd8a-a2c5-4799-8985-c1b7168a2e3d.pdf
87eac507-3e1a-4ecd-8645-b4ca3f74d5eb,LINCOLN,OK,s3://enverus-courthouse-prod-chd-plants/ok/lincoln/87ea/87eac507-3e1a-4ecd-8645-b4ca3f74d5eb.pdf
88096972-0720-426a-a815-db12fa5ae06a,LOGAN,OK,s3://enverus-courthouse-prod-chd-plants/ok/logan/8809/88096972-0720-426a-a815-db12fa5ae06a.pdf
880e2f65-0002-460c-b9e7-2b3a1e2644a7,BLAINE,OK,\\smb.dc2isilon.na.drillinginfo.com\lease_data_entry\data_sources\ok_county_records\ok\blaine\880e
882511e4-c05d-41e4-acae-dbc5793177c4,ROGER MILLS,OK,s3://enverus-courthouse-prod-chd-plants/ok/roger mills/8825/882511e4-c05d-41e4-acae-dbc5793177c4.pdf
882d07b9-50cc-4079-b816-ee7d1f30fa65,MCINTOSH,OK,\\smb.dc2isilon.na.drillinginfo.com\lease_data_entry\data_sources\ok_county_records\ok\mcintosh\882d
8846ff77-8934-4b0a-8c9e-1ac47c3bc6aa,PONTOTOC,OK,\\smb.dc2isilon.na.drillinginfo.com\lease_data_entry\data_sources\ok_county_records\ok\pontotoc\8846
88507b96-06a3-420d-b3d5-d7c993e64855,CUSTER,OK,\\smb.dc2isilon.na.drillinginfo.com\lease_data_entry\data_sources\ok_county_records\ok\custer\8850
885180b9-389c-46b4-852c-ae321fcbd1c5,KINGFISHER,OK,s3://enverus-courthouse-prod-chd-plants/ok/kingfisher/8851/885180b9-389c-46b4-852c-ae321fcbd1c5.pdf
885340e4-1e06-4784-8a08-25c510f432d6,ROGER MILLS,OK,s3://enverus-courthouse-prod-chd-plants/ok/roger mills/8853/885340e4-1e06-4784-8a08-25c510f432d6.pdf
885c8a76-ab72-47eb-8c41-fbe67a7bf8e4,MAJOR,OK,s3://enverus-courthouse-prod-chd-plants/ok/major/885c/885c8a76-ab72-47eb-8c41-fbe67a7bf8e4.pdf
8861b35a-4a94-422d-ae95-611532ff85f9,LOGAN,OK,\\smb.dc2isilon.na.drillinginfo.com\lease_data_entry\data_sources\ok_county_records\ok\logan\8861
888a44d0-af05-4786-8823-be803cf4e67e,ELLIS,OK,s3://enverus-courthouse-prod-chd-plants/ok/ellis/888a/888a44d0-af05-4786-8823-be803cf4e67e.pdf
888cc060-e84b-40d0-80f1-e239a47c9f3f,LINCOLN,OK,s3://enverus-courthouse-prod-chd-plants/ok/lincoln/888c/888cc060-e84b-40d0-80f1-e239a47c9f3f.pdf
888e099d-e970-491f-8bde-2cdfdb7e0fd2,ROGER MILLS,OK,s3://enverus-courthouse-prod-chd-plants/ok/roger mills/888e/888e099d-e970-491f-8bde-2cdfdb7e0fd2.pdf
888e86b7-ceba-4893-9f5c-259500a5c7ec,ROGER MILLS,OK,s3://enverus-courthouse-prod-chd-plants/ok/roger mills/888e/888e86b7-ceba-4893-9f5c-259500a5c7ec.pdf
88969792-895b-41be-b53e-bd5c79b59499,CARTER,OK,\\smb.dc2isilon.na.drillinginfo.com\lease_data_entry\data_sources\ok_county_records\ok\carter\8896
88998c76-233d-43f4-af74-7dfcdb1b1ae7,STEPHENS,OK,s3://enverus-courthouse-prod-chd-plants/ok/stephens/8899/88998c76-233d-43f4-af74-7dfcdb1b1ae7.pdf
889b1f7e-c726-47d6-b5c6-48876eb8d2cd,LOGAN,OK,\\smb.dc2isilon.na.drillinginfo.com\lease_data_entry\data_sources\ok_county_records\ok\logan\889b
88a6607e-a3aa-481e-8c7f-d1054e0ea353,LEFLORE,OK,\\smb.dc2isilon.na.drillinginfo.com\lease_data_entry\data_sources\ok_county_records\ok\leflore\88a6
88d55ad3-d419-4193-897e-fcef914ea837,OKMULGEE,OK,\\smb.dc2isilon.na.drillinginfo.com\lease_data_entry\data_sources\ok_county_records\ok\okmulgee\88d5
88f446c4-ff9e-4b40-b5f6-9ea907d9a32f,CUSTER,OK,s3://enverus-courthouse-prod-chd-plants/ok/custer/88f4/88f446c4-ff9e-4b40-b5f6-9ea907d9a32f.pdf
88f84b2a-b763-4825-a4f0-7e7857a5ed44,BLAINE,OK,s3://enverus-courthouse-prod-chd-plants/ok/blaine/88f8/88f84b2a-b763-4825-a4f0-7e7857a5ed44.pdf
8905ecd9-0cdf-4280-a1a1-643296fb398b,ROGER MILLS,OK,s3://enverus-courthouse-prod-chd-plants/ok/roger mills/8905/8905ecd9-0cdf-4280-a1a1-643296fb398b.pdf
891d8ad7-67c5-4cb3-959b-412d55f36724,BECKHAM,OK,\\smb.dc2isilon.na.drillinginfo.com\lease_data_entry\data_sources\ok_county_records\ok\beckham\891d
89331665-1a4b-4cbf-8c4c-11d548804ae2,MAJOR,OK,\\smb.dc2isilon.na.drillinginfo.com\lease_data_entry\data_sources\ok_county_records\ok\major\8933
893a41ce-f744-4b47-802a-570c8f272d64,MAJOR,OK,s3://enverus-courthouse-prod-chd-plants/ok/major/893a/893a41ce-f744-4b47-802a-570c8f272d64.pdf
894035d1-9390-49b4-a883-27a200fbbfdf,KINGFISHER,OK,s3://enverus-courthouse-prod-chd-plants/ok/kingfisher/8940/894035d1-9390-49b4-a883-27a200fbbfdf.pdf
8949f098-f507-40ce-96c8-46751a865362,LATIMER,OK,s3://enverus-courthouse-prod-chd-plants/ok/latimer/8949/8949f098-f507-40ce-96c8-46751a865362.pdf
8954e51a-d50a-4ff9-aeba-d4e3c0be26f8,ELLIS,OK,\\smb.dc2isilon.na.drillinginfo.com\lease_data_entry\data_sources\ok_county_records\ok\ellis\8954
896d06f1-d987-42d7-aff9-3a36e347a19d,STEPHENS,OK,s3://enverus-courthouse-prod-chd-plants/ok/stephens/896d/896d06f1-d987-42d7-aff9-3a36e347a19d.pdf
899c2a9c-38ae-44ce-99f2-9ff822f89d1f,LEFLORE,OK,\\smb.dc2isilon.na.drillinginfo.com\lease_data_entry\data_sources\ok_county_records\ok\leflore\899c
899e6b88-7f17-4dac-b46e-12e32e20982d,LOGAN,OK,s3://enverus-courthouse-prod-chd-plants/ok/logan/899e/899e6b88-7f17-4dac-b46e-12e32e20982d.pdf
89cb1b93-a243-4fd7-b261-8cee7876891b,PITTSBURG,OK,\\smb.dc2isilon.na.drillinginfo.com\lease_data_entry\data_sources\ok_county_records\ok\pittsburg\89cb
89cb27b4-4f4c-4c33-ae93-c1977d752aef,STEPHENS,OK,s3://enverus-courthouse-prod-chd-plants/ok/stephens/89cb/89cb27b4-4f4c-4c33-ae93-c1977d752aef.pdf
89fc6415-042d-419a-833c-6891b7e48178,LEFLORE,OK,\\smb.dc2isilon.na.drillinginfo.com\lease_data_entry\data_sources\ok_county_records\ok\leflore\89fc
8a05ad6e-3ec2-47d8-9dad-f53012fc2806,LOVE,OK,s3://enverus-courthouse-prod-chd-plants/ok/love/8a05/8a05ad6e-3ec2-47d8-9dad-f53012fc2806.pdf
8a1893a6-813c-46e3-8f94-46f10a6515f8,COMANCHE,OK,\\smb.dc2isilon.na.drillinginfo.com\lease_data_entry\data_sources\ok_county_records\ok\comanche\8a18
8a1ae64f-ae8e-4462-9f48-bd9edc18f6a6,COMANCHE,OK,\\smb.dc2isilon.na.drillinginfo.com\lease_data_entry\data_sources\ok_county_records\ok\comanche\8a1a
8a358162-b531-4935-8741-09b8e2d1c974,BLAINE,OK,s3://enverus-courthouse-prod-chd-plants/ok/blaine/8a35/8a358162-b531-4935-8741-09b8e2d1c974.pdf
8a3a9ab1-85a3-42e8-966c-524572c7e560,BECKHAM,OK,\\smb.dc2isilon.na.drillinginfo.com\lease_data_entry\data_sources\ok_county_records\ok\beckham\8a3a
8a43d713-89e1-4176-aeaa-fb3c188bd904,MAJOR,OK,s3://enverus-courthouse-prod-chd-plants/ok/major/8a43/8a43d713-89e1-4176-aeaa-fb3c188bd904.pdf
8a4e63e6-c0f0-44a5-af6f-b7d95de7e423,CARTER,OK,\\smb.dc2isilon.na.drillinginfo.com\lease_data_entry\data_sources\ok_county_records\ok\carter\8a4e
8a4ee4fb-82b7-40ab-9739-1de8827e9c97,ROGER MILLS,OK,s3://enverus-courthouse-prod-chd-plants/ok/roger mills/8a4e/8a4ee4fb-82b7-40ab-9739-1de8827e9c97.pdf
8a53a41d-5f94-48a4-ad57-b5156db1f420,LOGAN,OK,s3://enverus-courthouse-prod-chd-plants/ok/logan/8a53/8a53a41d-5f94-48a4-ad57-b5156db1f420.pdf
8a6f41fa-4175-4fc3-aef6-613466849c75,ELLIS,OK,s3://enverus-courthouse-prod-chd-plants/ok/ellis/8a6f/8a6f41fa-4175-4fc3-aef6-613466849c75.pdf
8a710c7e-7db2-4f30-bbb5-242c47eb81eb,CARTER,OK,\\smb.dc2isilon.na.drillinginfo.com\lease_data_entry\data_sources\ok_county_records\ok\carter\8a71
8a7ac186-5cb1-497d-9e16-7dea160800e2,WASHINGTON,OK,\\smb.dc2isilon.na.drillinginfo.com\lease_data_entry\data_sources\ok_county_records\ok\washington\8a7a
8a8c5588-cd0e-48e6-9a01-75990a0b014b,MURRAY,OK,\\smb.dc2isilon.na.drillinginfo.com\lease_data_entry\data_sources\ok_county_records\ok\murray\8a8c
8a9078ca-afe7-406c-930c-fb4c5e97278f,BECKHAM,OK,\\smb.dc2isilon.na.drillinginfo.com\lease_data_entry\data_sources\ok_county_records\ok\beckham\8a90
8ab9c8f1-7acf-4321-bac9-b3496ef9b049,MARSHALL,OK,s3://enverus-courthouse-prod-chd-plants/ok/marshall/8ab9/8ab9c8f1-7acf-4321-bac9-b3496ef9b049.pdf
8ac016cb-862a-4b8a-8325-08c4dcd3e6d3,CUSTER,OK,s3://enverus-courthouse-prod-chd-plants/ok/custer/8ac0/8ac016cb-862a-4b8a-8325-08c4dcd3e6d3.pdf
8aef5b09-46fd-4227-8039-2c3f9710eb9a,MCCLAIN,OK,\\smb.dc2isilon.na.drillinginfo.com\lease_data_entry\data_sources\ok_county_records\ok\mcclain\8aef
8af1ff7c-71ae-40e1-969a-dab6584ec79e,MAJOR,OK,\\smb.dc2isilon.na.drillinginfo.com\lease_data_entry\data_sources\ok_county_records\ok\major\8af1
8af98b44-70b1-41e9-9842-93292ff78ed5,ROGER MILLS,OK,s3://enverus-courthouse-prod-chd-plants/ok/roger mills/8af9/8af98b44-70b1-41e9-9842-93292ff78ed5.pdf
8b08b5b1-7093-4c85-9bd5-26f15195d610,TEXAS,OK,\\smb.dc2isilon.na.drillinginfo.com\lease_data_entry\data_sources\ok_county_records\ok\texas\8b08
8b0c3432-3f5a-4974-b1d7-262cbd18c5ab,CARTER,OK,s3://enverus-courthouse-prod-chd-plants/ok/carter/8b0c/8b0c3432-3f5a-4974-b1d7-262cbd18c5ab.pdf
8b1aca36-f346-4555-93c2-bad2cf34607a,CARTER,OK,\\smb.dc2isilon.na.drillinginfo.com\lease_data_entry\data_sources\ok_county_records\ok\carter\8b1a
8b22f615-84de-4ca7-be98-e05678a0ead7,BECKHAM,OK,\\smb.dc2isilon.na.drillinginfo.com\lease_data_entry\data_sources\ok_county_records\ok\beckham\8b22
8b253722-c7e2-4df9-a52b-bcbac88c595f,OKMULGEE,OK,s3://enverus-courthouse-prod-chd-plants/ok/okmulgee/8b25/8b253722-c7e2-4df9-a52b-bcbac88c595f.pdf
8b4b670b-4bf2-4e16-9a03-0ffc4be8704a,GARVIN,OK,s3://enverus-courthouse-prod-chd-plants/ok/garvin/8b4b/8b4b670b-4bf2-4e16-9a03-0ffc4be8704a.pdf
8b577315-6735-4861-82fb-3381b615ed06,CARTER,OK,s3://enverus-courthouse-prod-chd-plants/ok/carter/8b57/8b577315-6735-4861-82fb-3381b615ed06.pdf
8b6098c7-d07a-4aab-aa68-d4c68775b5e2,CARTER,OK,s3://enverus-courthouse-prod-chd-plants/ok/carter/8b60/8b6098c7-d07a-4aab-aa68-d4c68775b5e2.pdf
8b68da07-4d88-4af2-93f9-be82afda82f1,GARVIN,OK,s3://enverus-courthouse-prod-chd-plants/ok/garvin/8b68/8b68da07-4d88-4af2-93f9-be82afda82f1.pdf
8b6bc653-0576-423d-a7d9-4b31c5015beb,COMANCHE,OK,\\smb.dc2isilon.na.drillinginfo.com\lease_data_entry\data_sources\ok_county_records\ok\comanche\8b6b
8b787b09-6e2c-41e8-abe9-bd4f82a821a2,LATIMER,OK,s3://enverus-courthouse-prod-chd-plants/ok/latimer/8b78/8b787b09-6e2c-41e8-abe9-bd4f82a821a2.pdf
8b838961-3dc4-4cda-9ad1-2a75ef5d417b,ROGER MILLS,OK,s3://enverus-courthouse-prod-chd-plants/ok/roger mills/8b83/8b838961-3dc4-4cda-9ad1-2a75ef5d417b.pdf
8b8ba899-fb5e-4c3a-94a4-5a4f7363bd44,DEWEY,OK,\\smb.dc2isilon.na.drillinginfo.com\lease_data_entry\data_sources\ok_county_records\ok\dewey\8b8b
8b9a1388-4101-4760-af71-999646d54b31,COAL,OK,\\smb.dc2isilon.na.drillinginfo.com\lease_data_entry\data_sources\ok_county_records\ok\coal\8b9a
8b9c1f71-1bc2-4758-8c5b-5804327437cd,STEPHENS,OK,s3://enverus-courthouse-prod-chd-plants/ok/stephens/8b9c/8b9c1f71-1bc2-4758-8c5b-5804327437cd.pdf
8b9dd895-0ee6-4592-bdd8-ba16816e2aa8,STEPHENS,OK,\\smb.dc2isilon.na.drillinginfo.com\lease_data_entry\data_sources\ok_county_records\ok\stephens\8b9d
8bac87fc-ea9e-438a-be55-76bd5fe2409f,MURRAY,OK,\\smb.dc2isilon.na.drillinginfo.com\lease_data_entry\data_sources\ok_county_records\ok\murray\8bac
8bb2bf87-f446-494c-b7ef-43ddb4f9a8ae,CARTER,OK,s3://enverus-courthouse-prod-chd-plants/ok/carter/8bb2/8bb2bf87-f446-494c-b7ef-43ddb4f9a8ae.pdf
8bd218f5-bdad-4570-b11d-8dfcf41113f0,MURRAY,OK,s3://enverus-courthouse-prod-chd-plants/ok/murray/8bd2/8bd218f5-bdad-4570-b11d-8dfcf41113f0.pdf
8bd5834c-4d8b-4325-8d8d-1887abea83d6,KAY,OK,\\smb.dc2isilon.na.drillinginfo.com\lease_data_entry\data_sources\ok_county_records\ok\kay\8bd5
8bdfb725-a488-4e7e-b98c-b8d65ed6209b,ROGER MILLS,OK,s3://enverus-courthouse-prod-chd-plants/ok/roger mills/8bdf/8bdfb725-a488-4e7e-b98c-b8d65ed6209b.pdf
8be5708b-3eb3-451e-948e-8057837a2da9,MCCLAIN,OK,s3://enverus-courthouse-prod-chd-plants/ok/mcclain/8be5/8be5708b-3eb3-451e-948e-8057837a2da9.pdf
8be78b66-c529-4bb3-ab5e-036db4ae0637,BECKHAM,OK,\\smb.dc2isilon.na.drillinginfo.com\lease_data_entry\data_sources\ok_county_records\ok\beckham\8be7
8c030064-9bfb-4876-8daa-f59db1a820ab,CUSTER,OK,s3://enverus-courthouse-prod-chd-plants/ok/custer/8c03/8c030064-9bfb-4876-8daa-f59db1a820ab.pdf
8c172315-3917-4d80-b732-546dbc19c37b,MCCLAIN,OK,s3://enverus-courthouse-prod-chd-plants/ok/mcclain/8c17/8c172315-3917-4d80-b732-546dbc19c37b.pdf
8c1a4f25-b5f9-4df1-a496-c2466f377c59,MCCLAIN,OK,s3://enverus-courthouse-prod-chd-plants/ok/mcclain/8c1a/8c1a4f25-b5f9-4df1-a496-c2466f377c59.pdf
8c1e4e76-6ce1-426b-80ac-6c78b5f9cd10,WASHINGTON,OK,\\smb.dc2isilon.na.drillinginfo.com\lease_data_entry\data_sources\ok_county_records\ok\washington\8c1e
8c405e60-1a1c-4bf2-a8fe-14983272734d,CUSTER,OK,\\smb.dc2isilon.na.drillinginfo.com\lease_data_entry\data_sources\ok_county_records\ok\custer\8c40
8c431086-f3b4-4956-b3da-bb895f090658,LOGAN,OK,\\smb.dc2isilon.na.drillinginfo.com\lease_data_entry\data_sources\ok_county_records\ok\logan\8c43
8c745c47-f534-4f8e-b425-ef7ce3c5d39e,CARTER,OK,\\smb.dc2isilon.na.drillinginfo.com\lease_data_entry\data_sources\ok_county_records\ok\carter\8c74
8c7d4b7e-24a5-425c-b65d-990088e5647c,CARTER,OK,\\smb.dc2isilon.na.drillinginfo.com\lease_data_entry\data_sources\ok_county_records\ok\carter\8c7d
8c8b88ea-b705-437b-8984-ebb6ec4994c6,CARTER,OK,s3://enverus-courthouse-prod-chd-plants/ok/carter/8c8b/8c8b88ea-b705-437b-8984-ebb6ec4994c6.pdf
8ca3e360-5093-4037-a4a5-98cf56ed257f,LOGAN,OK,s3://enverus-courthouse-prod-chd-plants/ok/logan/8ca3/8ca3e360-5093-4037-a4a5-98cf56ed257f.pdf
8ca58a7c-f738-4871-b004-2b1c3a1166a4,COMANCHE,OK,\\smb.dc2isilon.na.drillinginfo.com\lease_data_entry\data_sources\ok_county_records\ok\comanche\8ca5
8cabc927-1f83-4965-871e-be44a21e220e,WASHINGTON,OK,s3://enverus-courthouse-prod-chd-plants/ok/washington/8cab/8cabc927-1f83-4965-871e-be44a21e220e.pdf
8cadc58c-7c62-4e28-b8cd-e66c6eb6cc47,KINGFISHER,OK,\\smb.dc2isilon.na.drillinginfo.com\lease_data_entry\data_sources\ok_county_records\ok\kingfisher\8cad
8cb4b1c2-d5eb-414c-9bcf-153a2ce99bd8,CUSTER,OK,\\smb.dc2isilon.na.drillinginfo.com\lease_data_entry\data_sources\ok_county_records\ok\custer\8cb4
8cbc0ba5-d1fc-4de1-9d52-428394ffc9db,ELLIS,OK,s3://enverus-courthouse-prod-chd-plants/ok/ellis/8cbc/8cbc0ba5-d1fc-4de1-9d52-428394ffc9db.pdf
8cc4b4d5-bbb3-4b1d-b0a7-316d5d16aa9a,MAJOR,OK,s3://enverus-courthouse-prod-chd-plants/ok/major/8cc4/8cc4b4d5-bbb3-4b1d-b0a7-316d5d16aa9a.pdf
8cce079f-f740-498d-ac92-aa9291335e41,LOGAN,OK,\\smb.dc2isilon.na.drillinginfo.com\lease_data_entry\data_sources\ok_county_records\ok\logan\8cce
8cdca313-e335-4c6a-be3f-1dfa7f458d30,HUGHES,OK,s3://enverus-courthouse-prod-chd-plants/ok/hughes/8cdc/8cdca313-e335-4c6a-be3f-1dfa7f458d30.pdf
8ce72343-89d7-4dab-b176-a5d536ac6ab0,MAJOR,OK,\\smb.dc2isilon.na.drillinginfo.com\lease_data_entry\data_sources\ok_county_records\ok\major\8ce7
8cf063dc-8cb2-4676-bccd-172783ef802a,BECKHAM,OK,\\smb.dc2isilon.na.drillinginfo.com\lease_data_entry\data_sources\ok_county_records\ok\beckham\8cf0
8cf37187-ef43-4ae5-9b0c-2504ae8a1f70,MCCLAIN,OK,\\smb.dc2isilon.na.drillinginfo.com\lease_data_entry\data_sources\ok_county_records\ok\mcclain\8cf3
8cf8b422-2c54-4039-944c-55ac91bc3b01,STEPHENS,OK,\\smb.dc2isilon.na.drillinginfo.com\lease_data_entry\data_sources\ok_county_records\ok\stephens\8cf8
8cfe70f6-9558-4585-b3fb-ea7c7d06cf5e,MURRAY,OK,s3://enverus-courthouse-prod-chd-plants/ok/murray/8cfe/8cfe70f6-9558-4585-b3fb-ea7c7d06cf5e.pdf
8d3323e1-3778-47fe-b306-e8dac0e8facd,WOODWARD,OK,\\smb.dc2isilon.na.drillinginfo.com\lease_data_entry\data_sources\ok_county_records\ok\woodward\8d33
8d37ee5b-7f4a-40fa-b083-cb04c0911001,CUSTER,OK,\\smb.dc2isilon.na.drillinginfo.com\lease_data_entry\data_sources\ok_county_records\ok\custer\8d37
8d55d3d3-01d7-4b67-a925-6a7642ed9285,STEPHENS,OK,\\smb.dc2isilon.na.drillinginfo.com\lease_data_entry\data_sources\ok_county_records\ok\stephens\8d55
8d574ffb-1bfc-4060-9e7a-d400fc2765de,MAJOR,OK,\\smb.dc2isilon.na.drillinginfo.com\lease_data_entry\data_sources\ok_county_records\ok\major\8d57
8d596de5-d897-4df2-bb70-e918864e5ad0,MCCLAIN,OK,\\smb.dc2isilon.na.drillinginfo.com\lease_data_entry\data_sources\ok_county_records\ok\mcclain\8d59
8d70d8dc-f707-478c-9151-8e0018a0f546,OKMULGEE,OK,\\smb.dc2isilon.na.drillinginfo.com\lease_data_entry\data_sources\ok_county_records\ok\okmulgee\8d70
8d7ccfe0-4b01-4c3d-807f-ce07a7cf1872,CARTER,OK,s3://enverus-courthouse-prod-chd-plants/ok/carter/8d7c/8d7ccfe0-4b01-4c3d-807f-ce07a7cf1872.pdf
8d7d81e4-ae5c-43b0-8363-a55dc746a2fc,LOVE,OK,\\smb.dc2isilon.na.drillinginfo.com\lease_data_entry\data_sources\ok_county_records\ok\love\8d7d
8d89efc4-4d13-4404-b842-1472564ae3e2,LEFLORE,OK,\\smb.dc2isilon.na.drillinginfo.com\lease_data_entry\data_sources\ok_county_records\ok\leflore\8d89
8d90d80e-0ce5-410e-b172-7b1aa65e6c54,CARTER,OK,s3://enverus-courthouse-prod-chd-plants/ok/carter/8d90/8d90d80e-0ce5-410e-b172-7b1aa65e6c54.pdf
8d95a120-7703-4fe4-9ea1-cf9e843afba8,SEMINOLE,OK,s3://enverus-courthouse-prod-chd-plants/ok/seminole/8d95/8d95a120-7703-4fe4-9ea1-cf9e843afba8.pdf
8d967fe5-bfb7-43a3-b154-fb25806d3782,BECKHAM,OK,\\smb.dc2isilon.na.drillinginfo.com\lease_data_entry\data_sources\ok_county_records\ok\beckham\8d96
8dd8aad3-fef3-46bf-a6f7-e23b04a5793b,CARTER,OK,\\smb.dc2isilon.na.drillinginfo.com\lease_data_entry\data_sources\ok_county_records\ok\carter\8dd8
8dee36ac-2925-45ad-86e7-13669f268345,COMANCHE,OK,\\smb.dc2isilon.na.drillinginfo.com\lease_data_entry\data_sources\ok_county_records\ok\comanche\8dee
8e0ada2a-1b8c-44e6-b192-45dc203d93e7,LOGAN,OK,\\smb.dc2isilon.na.drillinginfo.com\lease_data_entry\data_sources\ok_county_records\ok\logan\8e0a
8e1750d2-778c-4a3c-8f29-f38eead2791b,WOODWARD,OK,\\smb.dc2isilon.na.drillinginfo.com\lease_data_entry\data_sources\ok_county_records\ok\woodward\8e17
8e230195-ff0e-449a-9a20-ccecaedbedfa,COAL,OK,s3://enverus-courthouse-prod-chd-plants/ok/coal/8e23/8e230195-ff0e-449a-9a20-ccecaedbedfa.pdf
8e33ed1c-0780-4ae5-868b-8b8363327730,DEWEY,OK,\\smb.dc2isilon.na.drillinginfo.com\lease_data_entry\data_sources\ok_county_records\ok\dewey\8e33
8e4027fc-fc33-4efe-8d7e-7a47533e06e6,COAL,OK,s3://enverus-courthouse-prod-chd-plants/ok/coal/8e40/8e4027fc-fc33-4efe-8d7e-7a47533e06e6.pdf
8e5138c7-9135-4493-9937-83818fd7155c,LATIMER,OK,s3://enverus-courthouse-prod-chd-plants/ok/latimer/8e51/8e5138c7-9135-4493-9937-83818fd7155c.pdf
8e54cef3-c467-4ac8-90b6-bd8a19836fcf,PITTSBURG,OK,s3://enverus-courthouse-prod-chd-plants/ok/pittsburg/8e54/8e54cef3-c467-4ac8-90b6-bd8a19836fcf.pdf
8e6869fc-a788-49ad-a855-7f5760c099ab,STEPHENS,OK,\\smb.dc2isilon.na.drillinginfo.com\lease_data_entry\data_sources\ok_county_records\ok\stephens\8e68
8e727ed9-991b-44a2-aa10-100f4b5753d9,BECKHAM,OK,\\smb.dc2isilon.na.drillinginfo.com\lease_data_entry\data_sources\ok_county_records\ok\beckham\8e72
8e7a03fc-2f24-4463-b8e3-5fce67d4056a,CARTER,OK,\\smb.dc2isilon.na.drillinginfo.com\lease_data_entry\data_sources\ok_county_records\ok\carter\8e7a
8e7c6102-df19-4da4-a8a7-3f3dc9cf3fab,LEFLORE,OK,\\smb.dc2isilon.na.drillinginfo.com\lease_data_entry\data_sources\ok_county_records\ok\leflore\8e7c
8e8a47dc-98c5-446c-a683-53cf4c781dfd,MAJOR,OK,s3://enverus-courthouse-prod-chd-plants/ok/major/8e8a/8e8a47dc-98c5-446c-a683-53cf4c781dfd.pdf
8e8adfd6-7890-47cd-bd96-9095c042deda,PONTOTOC,OK,\\smb.dc2isilon.na.drillinginfo.com\lease_data_entry\data_sources\ok_county_records\ok\pontotoc\8e8a
8e9c8c08-dcfe-44e8-8869-1ec556aa339e,COMANCHE,OK,\\smb.dc2isilon.na.drillinginfo.com\lease_data_entry\data_sources\ok_county_records\ok\comanche\8e9c
8ebcac2e-6726-4b8d-8d2d-275665eaa005,MURRAY,OK,\\smb.dc2isilon.na.drillinginfo.com\lease_data_entry\data_sources\ok_county_records\ok\murray\8ebc
8ec386f8-ab09-45e4-8837-9dcee91efaa0,LOGAN,OK,\\smb.dc2isilon.na.drillinginfo.com\lease_data_entry\data_sources\ok_county_records\ok\logan\8ec3
8eea8712-f5c1-4d67-96c3-7f2eeeb342f6,WOODWARD,OK,s3://enverus-courthouse-prod-chd-plants/ok/woodward/8eea/8eea8712-f5c1-4d67-96c3-7f2eeeb342f6.pdf
8f04fea5-f5ba-4275-a26f-8f89aea9d343,MCCLAIN,OK,s3://enverus-courthouse-prod-chd-plants/ok/mcclain/8f04/8f04fea5-f5ba-4275-a26f-8f89aea9d343.pdf
8f3189c3-cf58-480b-9cde-95cba18af7bd,ROGER MILLS,OK,s3://enverus-courthouse-prod-chd-plants/ok/roger mills/8f31/8f3189c3-cf58-480b-9cde-95cba18af7bd.pdf
8f4a3d2b-af33-44b0-9d91-7d3c7b15effe,MCINTOSH,OK,\\smb.dc2isilon.na.drillinginfo.com\lease_data_entry\data_sources\ok_county_records\ok\mcintosh\8f4a
8f5531e4-3c03-4890-9977-7fb28373c9be,LEFLORE,OK,s3://enverus-courthouse-prod-chd-plants/ok/leflore/8f55/8f5531e4-3c03-4890-9977-7fb28373c9be.pdf
8f604220-6d75-47f4-802b-0be4373304fc,DEWEY,OK,s3://enverus-courthouse-prod-chd-plants/ok/dewey/8f60/8f604220-6d75-47f4-802b-0be4373304fc.pdf
8f659aec-2c8c-4a83-8a83-fcbd3c6afa09,GARVIN,OK,s3://enverus-courthouse-prod-chd-plants/ok/garvin/8f65/8f659aec-2c8c-4a83-8a83-fcbd3c6afa09.pdf
8f65ebce-0bf6-4b95-aa54-21695c5dec05,MCINTOSH,OK,\\smb.dc2isilon.na.drillinginfo.com\lease_data_entry\data_sources\ok_county_records\ok\mcintosh\8f65
8f69a645-e2ac-4ad5-9b27-f6b0e1981e29,CARTER,OK,s3://enverus-courthouse-prod-chd-plants/ok/carter/8f69/8f69a645-e2ac-4ad5-9b27-f6b0e1981e29.pdf
8f6ae0bb-2add-4228-abfd-b12b04e0b91e,MAJOR,OK,s3://enverus-courthouse-prod-chd-plants/ok/major/8f6a/8f6ae0bb-2add-4228-abfd-b12b04e0b91e.pdf
8f8d92a8-b74f-466c-abfa-36a0a58e2ece,STEPHENS,OK,s3://enverus-courthouse-prod-chd-plants/ok/stephens/8f8d/8f8d92a8-b74f-466c-abfa-36a0a58e2ece.pdf
8f968405-0b83-4629-b344-8018c9c26baf,WASHINGTON,OK,\\smb.dc2isilon.na.drillinginfo.com\lease_data_entry\data_sources\ok_county_records\ok\washington\8f96
8fba7444-661b-4e5a-af3c-11b56ef3ffcc,MAJOR,OK,s3://enverus-courthouse-prod-chd-plants/ok/major/8fba/8fba7444-661b-4e5a-af3c-11b56ef3ffcc.pdf
8fc631c0-d011-4fa2-a6d3-645d1115c39b,ROGER MILLS,OK,\\smb.dc2isilon.na.drillinginfo.com\lease_data_entry\data_sources\ok_county_records\ok\roger mills\8fc6
8fd2f38f-3383-4af6-87e2-ad688a3f99ef,ELLIS,OK,\\smb.dc2isilon.na.drillinginfo.com\lease_data_entry\data_sources\ok_county_records\ok\ellis\8fd2
8fdd9f7b-f345-4078-b430-0b9047af8742,GARVIN,OK,s3://enverus-courthouse-prod-chd-plants/ok/garvin/8fdd/8fdd9f7b-f345-4078-b430-0b9047af8742.pdf
900bf603-e6e2-44d0-ae3f-d5d12a48f396,STEPHENS,OK,s3://enverus-courthouse-prod-chd-plants/ok/stephens/900b/900bf603-e6e2-44d0-ae3f-d5d12a48f396.pdf
901607aa-c7dd-4b76-aa5e-94c8da265b09,CARTER,OK,\\smb.dc2isilon.na.drillinginfo.com\lease_data_entry\data_sources\ok_county_records\ok\carter\9016
90200bf8-17c4-4d02-953b-18e0dd018056,ROGER MILLS,OK,s3://enverus-courthouse-prod-chd-plants/ok/roger mills/9020/90200bf8-17c4-4d02-953b-18e0dd018056.pdf
9028812a-0fe8-46a8-9c92-401d96a0e922,LEFLORE,OK,s3://enverus-courthouse-prod-chd-plants/ok/leflore/9028/9028812a-0fe8-46a8-9c92-401d96a0e922.pdf
902abd69-772f-49aa-93e1-c72577c787ee,LOGAN,OK,\\smb.dc2isilon.na.drillinginfo.com\lease_data_entry\data_sources\ok_county_records\ok\logan\902a
902de4a3-79d1-475a-b099-cebb1fd802ee,LOVE,OK,s3://enverus-courthouse-prod-chd-plants/ok/love/902d/902de4a3-79d1-475a-b099-cebb1fd802ee.pdf
9034a597-7647-45bb-8d25-bddd93a3ba15,LEFLORE,OK,\\smb.dc2isilon.na.drillinginfo.com\lease_data_entry\data_sources\ok_county_records\ok\leflore\9034
9059a898-8abc-438e-a77a-05d2477f0a44,CARTER,OK,s3://enverus-courthouse-prod-chd-plants/ok/carter/9059/9059a898-8abc-438e-a77a-05d2477f0a44.pdf
905d88d4-91a8-4423-a480-18219070b0c6,ROGER MILLS,OK,s3://enverus-courthouse-prod-chd-plants/ok/roger mills/905d/905d88d4-91a8-4423-a480-18219070b0c6.pdf
90787e55-9e8e-4739-b8b9-63ac194c6da9,WASHINGTON,OK,\\smb.dc2isilon.na.drillinginfo.com\lease_data_entry\data_sources\ok_county_records\ok\washington\9078
907a9c79-4d2e-4b31-bd0f-fe6522cf401a,MARSHALL,OK,s3://enverus-courthouse-prod-chd-plants/ok/marshall/907a/907a9c79-4d2e-4b31-bd0f-fe6522cf401a.pdf
907f6922-716b-4f76-8f9b-e62950d71478,GARVIN,OK,s3://enverus-courthouse-prod-chd-plants/ok/garvin/907f/907f6922-716b-4f76-8f9b-e62950d71478.pdf
909164d7-b779-4cc4-ba09-5d96b0032450,MUSKOGEE,OK,\\smb.dc2isilon.na.drillinginfo.com\lease_data_entry\data_sources\ok_county_records\ok\muskogee\9091
909622cf-ae7a-4d70-bc4c-f5c8f36a2ac7,SEMINOLE,OK,\\smb.dc2isilon.na.drillinginfo.com\lease_data_entry\data_sources\ok_county_records\ok\seminole\9096
90b48346-7951-44e0-b7a2-1434fa9b1d7e,LOGAN,OK,s3://enverus-courthouse-prod-chd-plants/ok/logan/90b4/90b48346-7951-44e0-b7a2-1434fa9b1d7e.pdf
90c33f64-8ac9-4a93-8c0a-fe7f911994bf,LATIMER,OK,s3://enverus-courthouse-prod-chd-plants/ok/latimer/90c3/90c33f64-8ac9-4a93-8c0a-fe7f911994bf.pdf
90f66e31-c251-4337-83e7-fb6f6ef64fd1,LINCOLN,OK,s3://enverus-courthouse-prod-chd-plants/ok/lincoln/90f6/90f66e31-c251-4337-83e7-fb6f6ef64fd1.pdf
91053ac1-1bd5-456a-909d-a625aae493b6,BECKHAM,OK,\\smb.dc2isilon.na.drillinginfo.com\lease_data_entry\data_sources\ok_county_records\ok\beckham\9105
9118ad8f-1dd2-4864-bf21-d0a9c39990c2,PITTSBURG,OK,s3://enverus-courthouse-prod-chd-plants/ok/pittsburg/9118/9118ad8f-1dd2-4864-bf21-d0a9c39990c2.pdf
911cfddf-c39b-4f48-b79d-f0ba32f8802c,WOODWARD,OK,\\smb.dc2isilon.na.drillinginfo.com\lease_data_entry\data_sources\ok_county_records\ok\woodward\911c
911f58d7-206b-44cd-9285-84d0d8f97281,ROGER MILLS,OK,\\smb.dc2isilon.na.drillinginfo.com\lease_data_entry\data_sources\ok_county_records\ok\roger mills\911f
9131ab4c-890b-4a62-9c41-be66166b2fb0,DEWEY,OK,s3://enverus-courthouse-prod-chd-plants/ok/dewey/9131/9131ab4c-890b-4a62-9c41-be66166b2fb0.pdf
91351f13-8e6b-4701-9df5-1bef59a9e22d,KINGFISHER,OK,s3://enverus-courthouse-prod-chd-plants/ok/kingfisher/9135/91351f13-8e6b-4701-9df5-1bef59a9e22d.pdf
91433d28-1d9b-4a40-bea4-2fea34ef5f21,ELLIS,OK,s3://enverus-courthouse-prod-chd-plants/ok/ellis/9143/91433d28-1d9b-4a40-bea4-2fea34ef5f21.pdf
91497001-8b4f-4088-bce1-5968ced5499f,WASHINGTON,OK,s3://enverus-courthouse-prod-chd-plants/ok/washington/9149/91497001-8b4f-4088-bce1-5968ced5499f.pdf
915417b1-908b-425c-8e6d-1502570472fe,PONTOTOC,OK,\\smb.dc2isilon.na.drillinginfo.com\lease_data_entry\data_sources\ok_county_records\ok\pontotoc\9154
915c0d96-2839-4cd7-99d1-29a2b6d35aec,LINCOLN,OK,s3://enverus-courthouse-prod-chd-plants/ok/lincoln/915c/915c0d96-2839-4cd7-99d1-29a2b6d35aec.pdf
9166f6b4-2096-4efa-ab19-9a88b523ff36,MARSHALL,OK,s3://enverus-courthouse-prod-chd-plants/ok/marshall/9166/9166f6b4-2096-4efa-ab19-9a88b523ff36.pdf
91725318-d8d2-4228-a4ab-4d243c283b0d,STEPHENS,OK,s3://enverus-courthouse-prod-chd-plants/ok/stephens/9172/91725318-d8d2-4228-a4ab-4d243c283b0d.pdf
917a6cc6-9a95-4a32-bab7-e184d1c19cc5,LOGAN,OK,\\smb.dc2isilon.na.drillinginfo.com\lease_data_entry\data_sources\ok_county_records\ok\logan\917a
918ac018-9934-4559-a600-92979cc4b6fe,LOGAN,OK,s3://enverus-courthouse-prod-chd-plants/ok/logan/918a/918ac018-9934-4559-a600-92979cc4b6fe.pdf
918c5e43-915b-45eb-adbd-93bdfe95c5cf,MAJOR,OK,s3://enverus-courthouse-prod-chd-plants/ok/major/918c/918c5e43-915b-45eb-adbd-93bdfe95c5cf.pdf
9196d16a-3f68-4e52-8194-fc979b3f62e9,CARTER,OK,s3://enverus-courthouse-prod-chd-plants/ok/carter/9196/9196d16a-3f68-4e52-8194-fc979b3f62e9.pdf
91a721d9-db7e-4480-88a3-44bde3a3bc2f,MAJOR,OK,s3://enverus-courthouse-prod-chd-plants/ok/major/91a7/91a721d9-db7e-4480-88a3-44bde3a3bc2f.pdf
91acab63-00e1-4add-bf97-bcaba5cb25f8,OKMULGEE,OK,\\smb.dc2isilon.na.drillinginfo.com\lease_data_entry\data_sources\ok_county_records\ok\okmulgee\91ac
91ff972b-bc6f-43b5-a4ff-e492d8e6d578,CARTER,OK,\\smb.dc2isilon.na.drillinginfo.com\lease_data_entry\data_sources\ok_county_records\ok\carter\91ff
9205ebb4-7470-47f9-92db-1a16873a389e,MCCLAIN,OK,\\smb.dc2isilon.na.drillinginfo.com\lease_data_entry\data_sources\ok_county_records\ok\mcclain\9205
920d4982-3656-4e31-a248-801ad044e72b,GARVIN,OK,s3://enverus-courthouse-prod-chd-plants/ok/garvin/920d/920d4982-3656-4e31-a248-801ad044e72b.pdf
922ae03c-d5c1-45bc-85ff-4abbfe1742e4,LOGAN,OK,s3://enverus-courthouse-prod-chd-plants/ok/logan/922a/922ae03c-d5c1-45bc-85ff-4abbfe1742e4.pdf
92393f63-468e-400e-9a12-ef4e5f1192a6,WASHITA,OK,s3://enverus-courthouse-prod-chd-plants/ok/washita/9239/92393f63-468e-400e-9a12-ef4e5f1192a6.pdf
923dd353-4b5d-4823-b6e2-93ec094181e2,GARVIN,OK,s3://enverus-courthouse-prod-chd-plants/ok/garvin/923d/923dd353-4b5d-4823-b6e2-93ec094181e2.pdf
924e2fe8-66c2-4917-b287-5e29ef8840e1,WASHINGTON,OK,s3://enverus-courthouse-prod-chd-plants/ok/washington/924e/924e2fe8-66c2-4917-b287-5e29ef8840e1.pdf
925badc2-7273-40f3-a8f2-009036dcfdda,SEMINOLE,OK,s3://enverus-courthouse-prod-chd-plants/ok/seminole/925b/925badc2-7273-40f3-a8f2-009036dcfdda.pdf
925eed16-3786-409e-812f-71c15601da80,LATIMER,OK,s3://enverus-courthouse-prod-chd-plants/ok/latimer/925e/925eed16-3786-409e-812f-71c15601da80.pdf
92642e64-30bc-4a5c-9a83-d9334b7020c5,DEWEY,OK,s3://enverus-courthouse-prod-chd-plants/ok/dewey/9264/92642e64-30bc-4a5c-9a83-d9334b7020c5.pdf
92811897-3b89-461e-9e98-d5c7eb2a4107,CUSTER,OK,s3://enverus-courthouse-prod-chd-plants/ok/custer/9281/92811897-3b89-461e-9e98-d5c7eb2a4107.pdf
9287dbb5-5ac9-42cc-a5b4-0eeec903e0ae,ROGER MILLS,OK,s3://enverus-courthouse-prod-chd-plants/ok/roger mills/9287/9287dbb5-5ac9-42cc-a5b4-0eeec903e0ae.pdf
92986634-a15d-44ae-a403-5f9b8ae7319b,CARTER,OK,\\smb.dc2isilon.na.drillinginfo.com\lease_data_entry\data_sources\ok_county_records\ok\carter\9298
92a462aa-b1d2-4c93-892e-fb5c6cf8d508,WASHINGTON,OK,s3://enverus-courthouse-prod-chd-plants/ok/washington/92a4/92a462aa-b1d2-4c93-892e-fb5c6cf8d508.pdf
92ae41fe-b7bb-43e9-ba2a-a6a24afcff26,KINGFISHER,OK,s3://enverus-courthouse-prod-chd-plants/ok/kingfisher/92ae/92ae41fe-b7bb-43e9-ba2a-a6a24afcff26.pdf
92b159a6-f143-4ffd-b2f2-d047b0540a7d,DEWEY,OK,s3://enverus-courthouse-prod-chd-plants/ok/dewey/92b1/92b159a6-f143-4ffd-b2f2-d047b0540a7d.pdf
92cc2572-676d-4832-b76a-d38f76565439,DEWEY,OK,\\smb.dc2isilon.na.drillinginfo.com\lease_data_entry\data_sources\ok_county_records\ok\dewey\92cc
92d9a2cb-01ad-4024-ab21-ddb1b629f943,ROGER MILLS,OK,s3://enverus-courthouse-prod-chd-plants/ok/roger mills/92d9/92d9a2cb-01ad-4024-ab21-ddb1b629f943.pdf
92e8148a-842c-419f-95d0-3dbebf500f50,LOGAN,OK,\\smb.dc2isilon.na.drillinginfo.com\lease_data_entry\data_sources\ok_county_records\ok\logan\92e8
92f60c84-8e7f-4250-a7ef-0081a157120c,ROGER MILLS,OK,s3://enverus-courthouse-prod-chd-plants/ok/roger mills/92f6/92f60c84-8e7f-4250-a7ef-0081a157120c.pdf
93121c0b-df87-450b-9da2-889770ce6380,ROGER MILLS,OK,s3://enverus-courthouse-prod-chd-plants/ok/roger mills/9312/93121c0b-df87-450b-9da2-889770ce6380.pdf
93138ec3-00f3-4f68-a492-27ab7466b292,ROGER MILLS,OK,s3://enverus-courthouse-prod-chd-plants/ok/roger mills/9313/93138ec3-00f3-4f68-a492-27ab7466b292.pdf
931a96b2-8e1c-4589-8bbc-5d45b5e4b9ac,MURRAY,OK,s3://enverus-courthouse-prod-chd-plants/ok/murray/931a/931a96b2-8e1c-4589-8bbc-5d45b5e4b9ac.pdf
9325b464-aa79-4efd-882a-2bed181861bb,BECKHAM,OK,\\smb.dc2isilon.na.drillinginfo.com\lease_data_entry\data_sources\ok_county_records\ok\beckham\9325
932e9e0b-b4e8-4023-a518-7c668dbcf86a,MAJOR,OK,s3://enverus-courthouse-prod-chd-plants/ok/major/932e/932e9e0b-b4e8-4023-a518-7c668dbcf86a.pdf
9341a4a6-34b9-4de9-a4b2-5d52084a9438,BLAINE,OK,s3://enverus-courthouse-prod-chd-plants/ok/blaine/9341/9341a4a6-34b9-4de9-a4b2-5d52084a9438.pdf
934534da-7760-467c-8191-337def8ba4c4,CUSTER,OK,s3://enverus-courthouse-prod-chd-plants/ok/custer/9345/934534da-7760-467c-8191-337def8ba4c4.pdf
934a7942-3c70-4e8c-9345-70ef552aab1e,BLAINE,OK,\\smb.dc2isilon.na.drillinginfo.com\lease_data_entry\data_sources\ok_county_records\ok\blaine\934a
934d2cf2-1a3d-4988-b61b-c880917070d4,CARTER,OK,\\smb.dc2isilon.na.drillinginfo.com\lease_data_entry\data_sources\ok_county_records\ok\carter\934d
93515d2a-81f9-44b5-94b7-e4de69357e46,STEPHENS,OK,\\smb.dc2isilon.na.drillinginfo.com\lease_data_entry\data_sources\ok_county_records\ok\stephens\9351
936f2d42-b975-4942-9ef4-06fd38b10eab,ELLIS,OK,s3://enverus-courthouse-prod-chd-plants/ok/ellis/936f/936f2d42-b975-4942-9ef4-06fd38b10eab.pdf
93a2aa02-35f6-42c6-9ebe-bc3ae9b23b80,LOVE,OK,s3://enverus-courthouse-prod-chd-plants/ok/love/93a2/93a2aa02-35f6-42c6-9ebe-bc3ae9b23b80.pdf
93a85956-e8bf-4c1f-af36-a8a1c2cdd8d7,LINCOLN,OK,\\smb.dc2isilon.na.drillinginfo.com\lease_data_entry\data_sources\ok_county_records\ok\lincoln\93a8
93c2bfa1-5a20-450f-ab01-45297043e272,COAL,OK,\\smb.dc2isilon.na.drillinginfo.com\lease_data_entry\data_sources\ok_county_records\ok\coal\93c2
93c5a2d6-0387-4258-ae15-14ddc30c2f3d,MCCLAIN,OK,\\smb.dc2isilon.na.drillinginfo.com\lease_data_entry\data_sources\ok_county_records\ok\mcclain\93c5
93c611c6-ccb1-41c9-96ba-f6a4bb079ddb,PITTSBURG,OK,s3://enverus-courthouse-prod-chd-plants/ok/pittsburg/93c6/93c611c6-ccb1-41c9-96ba-f6a4bb079ddb.pdf
93f7a02c-ccae-459f-bb66-3dbe7efa04c6,PITTSBURG,OK,s3://enverus-courthouse-prod-chd-plants/ok/pittsburg/93f7/93f7a02c-ccae-459f-bb66-3dbe7efa04c6.pdf
9407bc1a-e704-4cc9-bfb9-53271f93bb8a,ROGER MILLS,OK,s3://enverus-courthouse-prod-chd-plants/ok/roger mills/9407/9407bc1a-e704-4cc9-bfb9-53271f93bb8a.pdf
9416a860-cbe7-4ada-a2ad-97892923307e,MURRAY,OK,s3://enverus-courthouse-prod-chd-plants/ok/murray/9416/9416a860-cbe7-4ada-a2ad-97892923307e.pdf
94195964-4f8e-44a7-b7d0-56cbde548b73,MCCLAIN,OK,\\smb.dc2isilon.na.drillinginfo.com\lease_data_entry\data_sources\ok_county_records\ok\mcclain\9419
94214e50-df1d-4b3b-bebe-e30ee9b65b0d,LEFLORE,OK,\\smb.dc2isilon.na.drillinginfo.com\lease_data_entry\data_sources\ok_county_records\ok\leflore\9421
9421f783-74bf-4c27-a687-becb7ccb3226,LOGAN,OK,\\smb.dc2isilon.na.drillinginfo.com\lease_data_entry\data_sources\ok_county_records\ok\logan\9421
94225b7b-dc38-4477-9101-4935fef4ffee,ELLIS,OK,s3://enverus-courthouse-prod-chd-plants/ok/ellis/9422/94225b7b-dc38-4477-9101-4935fef4ffee.pdf
9425ad41-8b6f-453d-ac32-835382fc6717,LEFLORE,OK,s3://enverus-courthouse-prod-chd-plants/ok/leflore/9425/9425ad41-8b6f-453d-ac32-835382fc6717.pdf
944c82fd-2bb6-4e6a-8ca6-34be743be811,ELLIS,OK,s3://enverus-courthouse-prod-chd-plants/ok/ellis/944c/944c82fd-2bb6-4e6a-8ca6-34be743be811.pdf
94636cf5-3092-4aea-a099-5352bc7b557f,SEMINOLE,OK,\\smb.dc2isilon.na.drillinginfo.com\lease_data_entry\data_sources\ok_county_records\ok\seminole\9463
946a809c-f31c-4463-b09f-1ab6bac8dbd3,ELLIS,OK,\\smb.dc2isilon.na.drillinginfo.com\lease_data_entry\data_sources\ok_county_records\ok\ellis\946a
947d5b1c-34ab-45ee-8afb-25af6d5c1dd3,MAJOR,OK,\\smb.dc2isilon.na.drillinginfo.com\lease_data_entry\data_sources\ok_county_records\ok\major\947d
947eadf6-f1ca-4a99-8197-1e00d45ef6b7,LOGAN,OK,\\smb.dc2isilon.na.drillinginfo.com\lease_data_entry\data_sources\ok_county_records\ok\logan\947e
9484431d-abdf-40d7-91f5-17e838313aa1,CARTER,OK,\\smb.dc2isilon.na.drillinginfo.com\lease_data_entry\data_sources\ok_county_records\ok\carter\9484
94848b14-8b73-4054-8773-9b2ee5cde998,GARVIN,OK,s3://enverus-courthouse-prod-chd-plants/ok/garvin/9484/94848b14-8b73-4054-8773-9b2ee5cde998.pdf
948e6baf-2895-453d-9b02-0a2dd8f43d12,WOODWARD,OK,\\smb.dc2isilon.na.drillinginfo.com\lease_data_entry\data_sources\ok_county_records\ok\woodward\948e
9498ada4-a9a4-4365-b880-342e0d91a442,WASHITA,OK,s3://enverus-courthouse-prod-chd-plants/ok/washita/9498/9498ada4-a9a4-4365-b880-342e0d91a442.pdf
94ab601d-c1de-456f-a1cc-b47c7f7d6ae4,LEFLORE,OK,s3://enverus-courthouse-prod-chd-plants/ok/leflore/94ab/94ab601d-c1de-456f-a1cc-b47c7f7d6ae4.pdf
94c7efc1-e5c2-481f-9d7f-64f9a03a243f,COAL,OK,s3://enverus-courthouse-prod-chd-plants/ok/coal/94c7/94c7efc1-e5c2-481f-9d7f-64f9a03a243f.pdf
94d4baf6-3671-48cb-887f-38bafda080db,COMANCHE,OK,\\smb.dc2isilon.na.drillinginfo.com\lease_data_entry\data_sources\ok_county_records\ok\comanche\94d4
94ed13df-5a33-4724-a906-9f0dc26b35c1,MURRAY,OK,s3://enverus-courthouse-prod-chd-plants/ok/murray/94ed/94ed13df-5a33-4724-a906-9f0dc26b35c1.pdf
950f9a8d-244c-404f-9ce0-b5ea714d7677,MAJOR,OK,s3://enverus-courthouse-prod-chd-plants/ok/major/950f/950f9a8d-244c-404f-9ce0-b5ea714d7677.pdf
951d020b-bdce-46e2-b7d4-237ea87c72c9,WOODWARD,OK,\\smb.dc2isilon.na.drillinginfo.com\lease_data_entry\data_sources\ok_county_records\ok\woodward\951d
9527dd5f-4ccf-4975-b56c-47f59eaf478a,SEMINOLE,OK,\\smb.dc2isilon.na.drillinginfo.com\lease_data_entry\data_sources\ok_county_records\ok\seminole\9527
953ab68a-92e4-43e1-8e2a-5c2be7ae5d85,ELLIS,OK,s3://enverus-courthouse-prod-chd-plants/ok/ellis/953a/953ab68a-92e4-43e1-8e2a-5c2be7ae5d85.pdf
955ae02d-0a3e-4592-9e29-c0dff949af87,MCCLAIN,OK,s3://enverus-courthouse-prod-chd-plants/ok/mcclain/955a/955ae02d-0a3e-4592-9e29-c0dff949af87.pdf
9561acb4-4e80-47b3-a0ff-cf95e9e150b1,LOVE,OK,s3://enverus-courthouse-prod-chd-plants/ok/love/9561/9561acb4-4e80-47b3-a0ff-cf95e9e150b1.pdf
9575fdd6-5c1d-4468-89a8-6910975f39e3,ROGER MILLS,OK,s3://enverus-courthouse-prod-chd-plants/ok/roger mills/9575/9575fdd6-5c1d-4468-89a8-6910975f39e3.pdf
957a1b41-184a-49cf-9324-ed45f432f932,MURRAY,OK,s3://enverus-courthouse-prod-chd-plants/ok/murray/957a/957a1b41-184a-49cf-9324-ed45f432f932.pdf
95825fd0-c7e5-4f58-97dd-4a406371d14d,MCCLAIN,OK,\\smb.dc2isilon.na.drillinginfo.com\lease_data_entry\data_sources\ok_county_records\ok\mcclain\9582
958e729f-037c-45cb-a897-a780b130910c,SEMINOLE,OK,\\smb.dc2isilon.na.drillinginfo.com\lease_data_entry\data_sources\ok_county_records\ok\seminole\958e
9598e131-21b0-45d2-aef3-3bc2690af92d,CARTER,OK,s3://enverus-courthouse-prod-chd-plants/ok/carter/9598/9598e131-21b0-45d2-aef3-3bc2690af92d.pdf
959d704f-fd56-46d8-b9ce-20c36a51de69,SEMINOLE,OK,s3://enverus-courthouse-prod-chd-plants/ok/seminole/959d/959d704f-fd56-46d8-b9ce-20c36a51de69.pdf
95b02082-d97a-43eb-929f-4941eec06472,LOGAN,OK,\\smb.dc2isilon.na.drillinginfo.com\lease_data_entry\data_sources\ok_county_records\ok\logan\95b0
95bf01b0-5854-4afd-896d-ab580c843e3c,COAL,OK,s3://enverus-courthouse-prod-chd-plants/ok/coal/95bf/95bf01b0-5854-4afd-896d-ab580c843e3c.pdf
95ca2629-0058-44af-bad0-3ed9a8e361f6,TEXAS,OK,s3://enverus-courthouse-prod-chd-plants/ok/texas/95ca/95ca2629-0058-44af-bad0-3ed9a8e361f6.pdf
95ccd24c-b0c7-47e6-967e-00437a76b59e,KAY,OK,\\smb.dc2isilon.na.drillinginfo.com\lease_data_entry\data_sources\ok_county_records\ok\kay\95cc
95f7024e-dd49-4931-af69-39ff0f573b54,CARTER,OK,s3://enverus-courthouse-prod-chd-plants/ok/carter/95f7/95f7024e-dd49-4931-af69-39ff0f573b54.pdf
960182b3-4529-4650-8aa2-fc833bad5934,PAWNEE,OK,\\smb.dc2isilon.na.drillinginfo.com\lease_data_entry\data_sources\ok_county_records\ok\pawnee\9601
96136c70-b841-4f1e-9e90-16aed252a5ad,BLAINE,OK,s3://enverus-courthouse-prod-chd-plants/ok/blaine/9613/96136c70-b841-4f1e-9e90-16aed252a5ad.pdf
961887a6-fe2a-4967-8860-de6816bd9347,LOGAN,OK,\\smb.dc2isilon.na.drillinginfo.com\lease_data_entry\data_sources\ok_county_records\ok\logan\9618
962795f7-0fbe-4c2f-aa43-ed64dda48469,LINCOLN,OK,s3://enverus-courthouse-prod-chd-plants/ok/lincoln/9627/962795f7-0fbe-4c2f-aa43-ed64dda48469.pdf
962b7c92-dd25-49b5-b1b0-815b1f585c02,KINGFISHER,OK,s3://enverus-courthouse-prod-chd-plants/ok/kingfisher/962b/962b7c92-dd25-49b5-b1b0-815b1f585c02.pdf
963cd346-3dbe-4b4c-b0ff-56dcbf915cba,GARVIN,OK,s3://enverus-courthouse-prod-chd-plants/ok/garvin/963c/963cd346-3dbe-4b4c-b0ff-56dcbf915cba.pdf
964428c0-636e-4a9b-9b07-059abcd204ef,COMANCHE,OK,\\smb.dc2isilon.na.drillinginfo.com\lease_data_entry\data_sources\ok_county_records\ok\comanche\9644
96684a34-7267-444e-addf-d25c5c533a67,DEWEY,OK,\\smb.dc2isilon.na.drillinginfo.com\lease_data_entry\data_sources\ok_county_records\ok\dewey\9668
966c0dea-e08e-43fc-98c3-36a34ccd598f,MURRAY,OK,\\smb.dc2isilon.na.drillinginfo.com\lease_data_entry\data_sources\ok_county_records\ok\murray\966c
967b64c3-32ad-48cf-b356-81b4e9219c9a,CUSTER,OK,s3://enverus-courthouse-prod-chd-plants/ok/custer/967b/967b64c3-32ad-48cf-b356-81b4e9219c9a.pdf
96cce7cb-a08b-46e1-b7d5-bfccdb45aa01,KINGFISHER,OK,s3://enverus-courthouse-prod-chd-plants/ok/kingfisher/96cc/96cce7cb-a08b-46e1-b7d5-bfccdb45aa01.pdf
96df6d95-781a-4444-bd36-eee60b386397,LOGAN,OK,\\smb.dc2isilon.na.drillinginfo.com\lease_data_entry\data_sources\ok_county_records\ok\logan\96df
96e15f4b-d0dd-4571-aca4-e3f497091ae2,MCCLAIN,OK,s3://enverus-courthouse-prod-chd-plants/ok/mcclain/96e1/96e15f4b-d0dd-4571-aca4-e3f497091ae2.pdf
96e91d32-0298-48c0-a59f-df2b92f5ddfd,GARVIN,OK,s3://enverus-courthouse-prod-chd-plants/ok/garvin/96e9/96e91d32-0298-48c0-a59f-df2b92f5ddfd.pdf
96eed1c5-69b8-43f1-a21d-5e3b840a8d28,KINGFISHER,OK,s3://enverus-courthouse-prod-chd-plants/ok/kingfisher/96ee/96eed1c5-69b8-43f1-a21d-5e3b840a8d28.pdf
96fcccab-5957-422f-89c1-3e4080a8b4e3,WASHINGTON,OK,\\smb.dc2isilon.na.drillinginfo.com\lease_data_entry\data_sources\ok_county_records\ok\washington\96fc
9710d617-7b3a-4676-9b24-1c0d0e65533d,LINCOLN,OK,s3://enverus-courthouse-prod-chd-plants/ok/lincoln/9710/9710d617-7b3a-4676-9b24-1c0d0e65533d.pdf
97136d03-a31e-4e87-9c95-d704ebb5497d,MAJOR,OK,\\smb.dc2isilon.na.drillinginfo.com\lease_data_entry\data_sources\ok_county_records\ok\major\9713
97256df6-fb5d-4b83-a2b5-af15bd294f29,LEFLORE,OK,\\smb.dc2isilon.na.drillinginfo.com\lease_data_entry\data_sources\ok_county_records\ok\leflore\9725
972dc611-7a71-4a01-8d1e-00ca4fb43b41,GARVIN,OK,s3://enverus-courthouse-prod-chd-plants/ok/garvin/972d/972dc611-7a71-4a01-8d1e-00ca4fb43b41.pdf
97635cd2-3c69-4f95-be86-ba7c121d9753,LOGAN,OK,\\smb.dc2isilon.na.drillinginfo.com\lease_data_entry\data_sources\ok_county_records\ok\logan\9763
976a480d-8b0e-410a-a923-c29ef75c716f,BLAINE,OK,\\smb.dc2isilon.na.drillinginfo.com\lease_data_entry\data_sources\ok_county_records\ok\blaine\976a
977f951d-6efc-4853-84d5-c0709246ad5e,LOGAN,OK,\\smb.dc2isilon.na.drillinginfo.com\lease_data_entry\data_sources\ok_county_records\ok\logan\977f
978d175f-0a16-418b-a25f-4cc9f4de326c,CARTER,OK,\\smb.dc2isilon.na.drillinginfo.com\lease_data_entry\data_sources\ok_county_records\ok\carter\978d
97a8020d-b657-472f-a80c-403c0192e943,MURRAY,OK,\\smb.dc2isilon.na.drillinginfo.com\lease_data_entry\data_sources\ok_county_records\ok\murray\97a8
97c65d57-13e1-4d15-9ef4-085552cdc015,LOGAN,OK,\\smb.dc2isilon.na.drillinginfo.com\lease_data_entry\data_sources\ok_county_records\ok\logan\97c6
97ccde72-750c-483c-9fcc-dbb81ef81627,SEMINOLE,OK,s3://enverus-courthouse-prod-chd-plants/ok/seminole/97cc/97ccde72-750c-483c-9fcc-dbb81ef81627.pdf
97e08f2c-fc07-4ad7-9ba5-04704ce1cf04,GARVIN,OK,\\smb.dc2isilon.na.drillinginfo.com\lease_data_entry\data_sources\ok_county_records\ok\garvin\97e0
9801e8b5-7bf2-4121-9914-95f2b1f7c963,CUSTER,OK,\\smb.dc2isilon.na.drillinginfo.com\lease_data_entry\data_sources\ok_county_records\ok\custer\9801
9805e432-9209-4aef-b27c-e67cf02d1289,LOGAN,OK,\\smb.dc2isilon.na.drillinginfo.com\lease_data_entry\data_sources\ok_county_records\ok\logan\9805
98097f9c-e858-4e32-9be0-25405b612a6d,ELLIS,OK,s3://enverus-courthouse-prod-chd-plants/ok/ellis/9809/98097f9c-e858-4e32-9be0-25405b612a6d.pdf
9810a40b-45bc-4934-b668-9b985137e462,GRANT,OK,\\smb.dc2isilon.na.drillinginfo.com\lease_data_entry\data_sources\ok_county_records\ok\grant\9810
982167af-c760-45cc-b8e4-16f0f84ac1ee,BLAINE,OK,\\smb.dc2isilon.na.drillinginfo.com\lease_data_entry\data_sources\ok_county_records\ok\blaine\9821
9821cf19-f8cf-4a11-873b-951ca003abbd,LINCOLN,OK,s3://enverus-courthouse-prod-chd-plants/ok/lincoln/9821/9821cf19-f8cf-4a11-873b-951ca003abbd.pdf
9836ea4f-3504-44ae-bc8e-80887c6e2fb5,CARTER,OK,s3://enverus-courthouse-prod-chd-plants/ok/carter/9836/9836ea4f-3504-44ae-bc8e-80887c6e2fb5.pdf
984646c2-39d2-468a-8c76-b39603930063,COMANCHE,OK,\\smb.dc2isilon.na.drillinginfo.com\lease_data_entry\data_sources\ok_county_records\ok\comanche\9846
9850c123-dbc0-4832-a16d-ec28154887bb,COAL,OK,s3://enverus-courthouse-prod-chd-plants/ok/coal/9850/9850c123-dbc0-4832-a16d-ec28154887bb.pdf
98630114-3739-4ae7-a309-6ae3fdb51f2b,ELLIS,OK,s3://enverus-courthouse-prod-chd-plants/ok/ellis/9863/98630114-3739-4ae7-a309-6ae3fdb51f2b.pdf
986bf11a-0700-46d7-afaa-751b24b9ed79,CUSTER,OK,\\smb.dc2isilon.na.drillinginfo.com\lease_data_entry\data_sources\ok_county_records\ok\custer\986b
98757f9a-cfbc-43f9-b883-f9ea41096431,CUSTER,OK,\\smb.dc2isilon.na.drillinginfo.com\lease_data_entry\data_sources\ok_county_records\ok\custer\9875
98763d7a-442a-4854-adfc-35eaf047550d,COMANCHE,OK,s3://enverus-courthouse-prod-chd-plants/ok/comanche/9876/98763d7a-442a-4854-adfc-35eaf047550d.pdf
9879e545-9772-4b52-bc4c-20222ec57623,COAL,OK,s3://enverus-courthouse-prod-chd-plants/ok/coal/9879/9879e545-9772-4b52-bc4c-20222ec57623.pdf
987ca12a-2396-466c-b185-e8910ab5e7a6,GARVIN,OK,s3://enverus-courthouse-prod-chd-plants/ok/garvin/987c/987ca12a-2396-466c-b185-e8910ab5e7a6.pdf
98851389-b65e-4f7d-a9cd-0ed369b86bb6,STEPHENS,OK,s3://enverus-courthouse-prod-chd-plants/ok/stephens/9885/98851389-b65e-4f7d-a9cd-0ed369b86bb6.pdf
98918946-6ab8-4b6d-b324-144b949d712f,LINCOLN,OK,\\smb.dc2isilon.na.drillinginfo.com\lease_data_entry\data_sources\ok_county_records\ok\lincoln\9891
98992865-c60f-4de3-ab42-00fb3c6178ab,LEFLORE,OK,s3://enverus-courthouse-prod-chd-plants/ok/leflore/9899/98992865-c60f-4de3-ab42-00fb3c6178ab.pdf
98a023fd-f7fd-4fe6-93cb-22829b1ec8b6,PONTOTOC,OK,\\smb.dc2isilon.na.drillinginfo.com\lease_data_entry\data_sources\ok_county_records\ok\pontotoc\98a0
98a6aa99-6320-4402-96dd-d34acbd116d6,COAL,OK,s3://enverus-courthouse-prod-chd-plants/ok/coal/98a6/98a6aa99-6320-4402-96dd-d34acbd116d6.pdf
98aa00b5-5d87-4996-9bb5-bb8a1dc7250e,BECKHAM,OK,\\smb.dc2isilon.na.drillinginfo.com\lease_data_entry\data_sources\ok_county_records\ok\beckham\98aa
98b74939-c279-4949-9536-ebc659c3e49c,ROGER MILLS,OK,s3://enverus-courthouse-prod-chd-plants/ok/roger mills/98b7/98b74939-c279-4949-9536-ebc659c3e49c.pdf
98ba72a7-58ce-402b-b325-37395dba3045,MAJOR,OK,s3://enverus-courthouse-prod-chd-plants/ok/major/98ba/98ba72a7-58ce-402b-b325-37395dba3045.pdf
98c9308d-b8ba-4f17-b492-b111be2a275b,DEWEY,OK,\\smb.dc2isilon.na.drillinginfo.com\lease_data_entry\data_sources\ok_county_records\ok\dewey\98c9
98cfe9f2-9ca7-4069-a549-daf59da23b71,WOODWARD,OK,\\smb.dc2isilon.na.drillinginfo.com\lease_data_entry\data_sources\ok_county_records\ok\woodward\98cf
98d96461-c3ae-42cd-a381-d5489c624063,MARSHALL,OK,s3://enverus-courthouse-prod-chd-plants/ok/marshall/98d9/98d96461-c3ae-42cd-a381-d5489c624063.pdf
98da4a95-da84-4933-a0a2-d72fe4265668,ELLIS,OK,\\smb.dc2isilon.na.drillinginfo.com\lease_data_entry\data_sources\ok_county_records\ok\ellis\98da
98e6dd9b-4a09-4329-85f8-4ee95dd08a48,LINCOLN,OK,s3://enverus-courthouse-prod-chd-plants/ok/lincoln/98e6/98e6dd9b-4a09-4329-85f8-4ee95dd08a48.pdf
990d3127-4acc-4a9d-bef0-4cf3cad252c4,COMANCHE,OK,\\smb.dc2isilon.na.drillinginfo.com\lease_data_entry\data_sources\ok_county_records\ok\comanche\990d
99156191-eea6-437b-a9ed-8efd177f6c66,LEFLORE,OK,\\smb.dc2isilon.na.drillinginfo.com\lease_data_entry\data_sources\ok_county_records\ok\leflore\9915
992353fa-4004-4b19-a439-d939680d3445,MCCLAIN,OK,\\smb.dc2isilon.na.drillinginfo.com\lease_data_entry\data_sources\ok_county_records\ok\mcclain\9923
992bfe4f-e356-4704-9f30-a14b8adb0a5f,CARTER,OK,\\smb.dc2isilon.na.drillinginfo.com\lease_data_entry\data_sources\ok_county_records\ok\carter\992b
9930e492-c7fc-4dc4-acfe-2ab7ed0f2c10,GARVIN,OK,s3://enverus-courthouse-prod-chd-plants/ok/garvin/9930/9930e492-c7fc-4dc4-acfe-2ab7ed0f2c10.pdf
993996c6-094c-44d3-96a5-c08cc9176a3f,CARTER,OK,s3://enverus-courthouse-prod-chd-plants/ok/carter/9939/993996c6-094c-44d3-96a5-c08cc9176a3f.pdf
996af6dd-55f3-4045-94c7-f94a20ecfd57,ROGER MILLS,OK,\\smb.dc2isilon.na.drillinginfo.com\lease_data_entry\data_sources\ok_county_records\ok\roger mills\996a
9971a669-de13-4b4c-96ff-07fead892011,LOVE,OK,s3://enverus-courthouse-prod-chd-plants/ok/love/9971/9971a669-de13-4b4c-96ff-07fead892011.pdf
998ccba6-e5e4-46dd-b073-48b49721371d,CARTER,OK,\\smb.dc2isilon.na.drillinginfo.com\lease_data_entry\data_sources\ok_county_records\ok\carter\998c
998f0bc4-8604-480c-8f0c-83720d0745ae,JACKSON,OK,\\smb.dc2isilon.na.drillinginfo.com\lease_data_entry\data_sources\ok_county_records\ok\jackson\998f
9991afaa-2b6a-4864-ab8a-355380614025,MAJOR,OK,s3://enverus-courthouse-prod-chd-plants/ok/major/9991/9991afaa-2b6a-4864-ab8a-355380614025.pdf
999c402f-398f-4e9f-b772-8d9bcb5440fa,MARSHALL,OK,s3://enverus-courthouse-prod-chd-plants/ok/marshall/999c/999c402f-398f-4e9f-b772-8d9bcb5440fa.pdf
99aa5b0f-1022-42e1-96ad-478655318070,STEPHENS,OK,\\smb.dc2isilon.na.drillinginfo.com\lease_data_entry\data_sources\ok_county_records\ok\stephens\99aa
99ba136c-adf7-46eb-a90c-4968eb7e5389,WASHITA,OK,\\smb.dc2isilon.na.drillinginfo.com\lease_data_entry\data_sources\ok_county_records\ok\washita\99ba
9a014d7c-e5f8-493d-a9d0-20b1312f9993,GARVIN,OK,s3://enverus-courthouse-prod-chd-plants/ok/garvin/9a01/9a014d7c-e5f8-493d-a9d0-20b1312f9993.pdf
9a0dc0d3-fc31-46d9-9d5b-9eb0323f2fa1,LOVE,OK,s3://enverus-courthouse-prod-chd-plants/ok/love/9a0d/9a0dc0d3-fc31-46d9-9d5b-9eb0323f2fa1.pdf
9a1689cd-b178-415a-8cf4-579552859213,LINCOLN,OK,s3://enverus-courthouse-prod-chd-plants/ok/lincoln/9a16/9a1689cd-b178-415a-8cf4-579552859213.pdf
9a18074c-657d-47ac-9f88-d8abc0618525,CARTER,OK,\\smb.dc2isilon.na.drillinginfo.com\lease_data_entry\data_sources\ok_county_records\ok\carter\9a18
9a19d36d-15e5-49e6-bc48-11fddcafabc8,PITTSBURG,OK,s3://enverus-courthouse-prod-chd-plants/ok/pittsburg/9a19/9a19d36d-15e5-49e6-bc48-11fddcafabc8.pdf
9a1aeae8-13a9-4896-a8fa-ad17caf9b6f7,MURRAY,OK,s3://enverus-courthouse-prod-chd-plants/ok/murray/9a1a/9a1aeae8-13a9-4896-a8fa-ad17caf9b6f7.pdf
9a2f49dd-0d12-448b-b2b8-846c2e537c8b,HUGHES,OK,s3://enverus-courthouse-prod-chd-plants/ok/hughes/9a2f/9a2f49dd-0d12-448b-b2b8-846c2e537c8b.pdf
9a3f2a19-98d4-4dd8-899e-3853d02da6e5,LEFLORE,OK,s3://enverus-courthouse-prod-chd-plants/ok/leflore/9a3f/9a3f2a19-98d4-4dd8-899e-3853d02da6e5.pdf
9a437078-f209-4623-8d38-fd83ee075f40,CUSTER,OK,\\smb.dc2isilon.na.drillinginfo.com\lease_data_entry\data_sources\ok_county_records\ok\custer\9a43
9a60ab52-1cb2-4839-bebf-eb68009c7d4b,JACKSON,OK,\\smb.dc2isilon.na.drillinginfo.com\lease_data_entry\data_sources\ok_county_records\ok\jackson\9a60
9a93c52a-3f69-434e-91ef-31e4e2c62500,ROGER MILLS,OK,s3://enverus-courthouse-prod-chd-plants/ok/roger mills/9a93/9a93c52a-3f69-434e-91ef-31e4e2c62500.pdf
9ab07d21-05a2-4a79-8fca-0997a7ee9260,CUSTER,OK,\\smb.dc2isilon.na.drillinginfo.com\lease_data_entry\data_sources\ok_county_records\ok\custer\9ab0
9ab52b10-1233-4a20-87ca-bec776c7ec42,WASHINGTON,OK,s3://enverus-courthouse-prod-chd-plants/ok/washington/9ab5/9ab52b10-1233-4a20-87ca-bec776c7ec42.pdf
9ac095f4-f821-48ff-9e67-624baa0dd7fa,ROGER MILLS,OK,s3://enverus-courthouse-prod-chd-plants/ok/roger mills/9ac0/9ac095f4-f821-48ff-9e67-624baa0dd7fa.pdf
9acd4ea5-6e45-4cf7-917f-1074c91f8de3,MCCLAIN,OK,s3://enverus-courthouse-prod-chd-plants/ok/mcclain/9acd/9acd4ea5-6e45-4cf7-917f-1074c91f8de3.pdf
9ae24eea-e7fa-4fd9-b213-34109683fa1f,MCCLAIN,OK,s3://enverus-courthouse-prod-chd-plants/ok/mcclain/9ae2/9ae24eea-e7fa-4fd9-b213-34109683fa1f.pdf
9af1ed44-8b76-4b6e-9d5e-d2a79d1901af,LINCOLN,OK,s3://enverus-courthouse-prod-chd-plants/ok/lincoln/9af1/9af1ed44-8b76-4b6e-9d5e-d2a79d1901af.pdf
9af69eab-2d38-4a40-92f2-23f97fd05949,WASHINGTON,OK,\\smb.dc2isilon.na.drillinginfo.com\lease_data_entry\data_sources\ok_county_records\ok\washington\9af6
9b0d23fb-773f-4bb4-9146-2fea3b8f8850,BECKHAM,OK,\\smb.dc2isilon.na.drillinginfo.com\lease_data_entry\data_sources\ok_county_records\ok\beckham\9b0d
9b1cc231-139a-4bac-9c03-aaf9431c0bc4,MCCLAIN,OK,\\smb.dc2isilon.na.drillinginfo.com\lease_data_entry\data_sources\ok_county_records\ok\mcclain\9b1c
9b23642f-5306-448c-b2e0-1046794e3a29,LOVE,OK,s3://enverus-courthouse-prod-chd-plants/ok/love/9b23/9b23642f-5306-448c-b2e0-1046794e3a29.pdf
9b32cfe6-d71a-44dc-bf20-8dd1c2ddfe91,MCCLAIN,OK,\\smb.dc2isilon.na.drillinginfo.com\lease_data_entry\data_sources\ok_county_records\ok\mcclain\9b32
9b364021-e4f4-469b-af6b-e800874a451e,GRANT,OK,s3://enverus-courthouse-prod-chd-plants/ok/grant/9b36/9b364021-e4f4-469b-af6b-e800874a451e.pdf
9b55f43e-8fe0-48df-b155-0d31cf387bca,BLAINE,OK,s3://enverus-courthouse-prod-chd-plants/ok/blaine/9b55/9b55f43e-8fe0-48df-b155-0d31cf387bca.pdf
9b5eddf1-e1a3-4ad6-b5cf-4dbaf8ec72d8,CARTER,OK,\\smb.dc2isilon.na.drillinginfo.com\lease_data_entry\data_sources\ok_county_records\ok\carter\9b5e
9b6058aa-0966-44f1-b437-b3223405e084,GARVIN,OK,s3://enverus-courthouse-prod-chd-plants/ok/garvin/9b60/9b6058aa-0966-44f1-b437-b3223405e084.pdf
9b6f671a-c836-4e6c-9eea-826f438a4211,STEPHENS,OK,\\smb.dc2isilon.na.drillinginfo.com\lease_data_entry\data_sources\ok_county_records\ok\stephens\9b6f
9b744dc4-be86-42ba-9ff6-c66fd960eaa6,WOODWARD,OK,\\smb.dc2isilon.na.drillinginfo.com\lease_data_entry\data_sources\ok_county_records\ok\woodward\9b74
9b7f1fbd-17f9-4c82-be52-b96a1612557e,GARVIN,OK,s3://enverus-courthouse-prod-chd-plants/ok/garvin/9b7f/9b7f1fbd-17f9-4c82-be52-b96a1612557e.pdf
9b854c0c-75c3-4f2c-abf4-07b701f2891f,KINGFISHER,OK,s3://enverus-courthouse-prod-chd-plants/ok/kingfisher/9b85/9b854c0c-75c3-4f2c-abf4-07b701f2891f.pdf
9b86b0fc-8940-477c-ac2e-8ade5914d8ea,MURRAY,OK,s3://enverus-courthouse-prod-chd-plants/ok/murray/9b86/9b86b0fc-8940-477c-ac2e-8ade5914d8ea.pdf
9b8dee8a-8f9e-41ef-ace1-3e34b5b7e96f,MAJOR,OK,\\smb.dc2isilon.na.drillinginfo.com\lease_data_entry\data_sources\ok_county_records\ok\major\9b8d
9b91fb63-5c6d-474f-a371-b30ef7f97042,BLAINE,OK,s3://enverus-courthouse-prod-chd-plants/ok/blaine/9b91/9b91fb63-5c6d-474f-a371-b30ef7f97042.pdf
9bb638cc-3b3a-4187-8d19-c3f8885c3667,OKMULGEE,OK,\\smb.dc2isilon.na.drillinginfo.com\lease_data_entry\data_sources\ok_county_records\ok\okmulgee\9bb6
9bd0c7d4-e92b-4d57-ac40-30185339608d,BECKHAM,OK,s3://enverus-courthouse-prod-chd-plants/ok/beckham/9bd0/9bd0c7d4-e92b-4d57-ac40-30185339608d.pdf
9bd7c017-f23f-44cb-a94b-3d2e770ed8eb,JEFFERSON,OK,\\smb.dc2isilon.na.drillinginfo.com\lease_data_entry\data_sources\ok_county_records\ok\jefferson\9bd7
9be9684f-37e6-4783-8f1a-478ca63c9766,GARVIN,OK,s3://enverus-courthouse-prod-chd-plants/ok/garvin/9be9/9be9684f-37e6-4783-8f1a-478ca63c9766.pdf
9c01b94a-e04b-4837-8ffa-1a032d0de648,KINGFISHER,OK,s3://enverus-courthouse-prod-chd-plants/ok/kingfisher/9c01/9c01b94a-e04b-4837-8ffa-1a032d0de648.pdf
9c318d0f-e407-4c07-92cc-8c06e6ae04f9,CARTER,OK,s3://enverus-courthouse-prod-chd-plants/ok/carter/9c31/9c318d0f-e407-4c07-92cc-8c06e6ae04f9.pdf
9c33bee0-2c0d-47ec-b71a-28d9265a66ce,MAJOR,OK,\\smb.dc2isilon.na.drillinginfo.com\lease_data_entry\data_sources\ok_county_records\ok\major\9c33
9c3bcf08-f340-40c3-9742-68cf78daa7e6,MARSHALL,OK,s3://enverus-courthouse-prod-chd-plants/ok/marshall/9c3b/9c3bcf08-f340-40c3-9742-68cf78daa7e6.pdf
9c511fda-ec0c-4043-a0e8-af34c75ee206,STEPHENS,OK,s3://enverus-courthouse-prod-chd-plants/ok/stephens/9c51/9c511fda-ec0c-4043-a0e8-af34c75ee206.pdf
9c52b280-5db9-4d10-b653-69dcfcbed2bd,BLAINE,OK,s3://enverus-courthouse-prod-chd-plants/ok/blaine/9c52/9c52b280-5db9-4d10-b653-69dcfcbed2bd.pdf
9c6b11cf-725d-41f3-b5c1-2f83fe4e66ab,CARTER,OK,s3://enverus-courthouse-prod-chd-plants/ok/carter/9c6b/9c6b11cf-725d-41f3-b5c1-2f83fe4e66ab.pdf
9c6d8389-013c-46ee-8a21-4a33b5b3900b,MCCLAIN,OK,\\smb.dc2isilon.na.drillinginfo.com\lease_data_entry\data_sources\ok_county_records\ok\mcclain\9c6d
9c82461b-449c-43c1-8a9a-1818f075a3f2,CUSTER,OK,\\smb.dc2isilon.na.drillinginfo.com\lease_data_entry\data_sources\ok_county_records\ok\custer\9c82
9c988719-a89d-4eaf-aa72-ab562d458187,CUSTER,OK,\\smb.dc2isilon.na.drillinginfo.com\lease_data_entry\data_sources\ok_county_records\ok\custer\9c98
9c9b4831-5738-43c5-967b-3cc44307f131,CARTER,OK,s3://enverus-courthouse-prod-chd-plants/ok/carter/9c9b/9c9b4831-5738-43c5-967b-3cc44307f131.pdf
9ca6e5ca-8edb-427d-a3ca-6157c1f6d396,WOODWARD,OK,s3://enverus-courthouse-prod-chd-plants/ok/woodward/9ca6/9ca6e5ca-8edb-427d-a3ca-6157c1f6d396.pdf
9cae8cd1-dd22-42b4-a69b-d5ba0bb5965b,LOVE,OK,s3://enverus-courthouse-prod-chd-plants/ok/love/9cae/9cae8cd1-dd22-42b4-a69b-d5ba0bb5965b.pdf
9cb8d8c1-d900-4637-92c4-af0b319b08bf,STEPHENS,OK,\\smb.dc2isilon.na.drillinginfo.com\lease_data_entry\data_sources\ok_county_records\ok\stephens\9cb8
9cc1a920-3d30-49c8-8840-bbaaf7d75faa,LOVE,OK,s3://enverus-courthouse-prod-chd-plants/ok/love/9cc1/9cc1a920-3d30-49c8-8840-bbaaf7d75faa.pdf
9cd69901-6cf8-4b52-8b3e-da8bdecb03ff,CARTER,OK,s3://enverus-courthouse-prod-chd-plants/ok/carter/9cd6/9cd69901-6cf8-4b52-8b3e-da8bdecb03ff.pdf
9ce389fc-4704-4f65-96fe-09736e89d3cc,BECKHAM,OK,s3://enverus-courthouse-prod-chd-plants/ok/beckham/9ce3/9ce389fc-4704-4f65-96fe-09736e89d3cc.pdf
9ce6c150-c036-4b14-89d8-33b69d1abf86,LOGAN,OK,\\smb.dc2isilon.na.drillinginfo.com\lease_data_entry\data_sources\ok_county_records\ok\logan\9ce6
9cf061f4-a344-44a2-9d85-ec4266e9ab00,GRANT,OK,\\smb.dc2isilon.na.drillinginfo.com\lease_data_entry\data_sources\ok_county_records\ok\grant\9cf0
9cfa3950-09fc-400c-b331-5ed28b80758e,CARTER,OK,s3://enverus-courthouse-prod-chd-plants/ok/carter/9cfa/9cfa3950-09fc-400c-b331-5ed28b80758e.pdf
9cffd8c0-699d-401e-bfe9-11703a633f84,WASHITA,OK,s3://enverus-courthouse-prod-chd-plants/ok/washita/9cff/9cffd8c0-699d-401e-bfe9-11703a633f84.pdf
9d00eeae-5ceb-4adb-ba38-c7e8bec2eb7d,BECKHAM,OK,\\smb.dc2isilon.na.drillinginfo.com\lease_data_entry\data_sources\ok_county_records\ok\beckham\9d00
9d0a987b-e730-491f-a98b-a7349715d16c,MCCLAIN,OK,\\smb.dc2isilon.na.drillinginfo.com\lease_data_entry\data_sources\ok_county_records\ok\mcclain\9d0a
9d0bbf10-d453-4307-b679-09231fc987ab,PONTOTOC,OK,\\smb.dc2isilon.na.drillinginfo.com\lease_data_entry\data_sources\ok_county_records\ok\pontotoc\9d0b
9d24cd68-1502-49ee-b79c-9306dca327dc,MAJOR,OK,\\smb.dc2isilon.na.drillinginfo.com\lease_data_entry\data_sources\ok_county_records\ok\major\9d24
9d3b5cad-7870-462c-843a-84846ef2c766,MCCLAIN,OK,s3://enverus-courthouse-prod-chd-plants/ok/mcclain/9d3b/9d3b5cad-7870-462c-843a-84846ef2c766.pdf
9d3dfbf3-ed66-4ba8-af84-5d81fad287e3,STEPHENS,OK,s3://enverus-courthouse-prod-chd-plants/ok/stephens/9d3d/9d3dfbf3-ed66-4ba8-af84-5d81fad287e3.pdf
9d40f818-5555-4637-8ac3-f732247eb87a,SEMINOLE,OK,\\smb.dc2isilon.na.drillinginfo.com\lease_data_entry\data_sources\ok_county_records\ok\seminole\9d40
9d7207f0-fc0a-4e0e-b191-31ed1bb4f009,ROGER MILLS,OK,\\smb.dc2isilon.na.drillinginfo.com\lease_data_entry\data_sources\ok_county_records\ok\roger mills\9d72
9d85a621-87a3-430e-bd42-2da332ddebd6,SEMINOLE,OK,s3://enverus-courthouse-prod-chd-plants/ok/seminole/9d85/9d85a621-87a3-430e-bd42-2da332ddebd6.pdf
9d9b4345-bffe-448c-9409-a0ee44fb90b3,WASHINGTON,OK,\\smb.dc2isilon.na.drillinginfo.com\lease_data_entry\data_sources\ok_county_records\ok\washington\9d9b
9d9fe158-0432-4949-a165-82e897967bf8,BECKHAM,OK,\\smb.dc2isilon.na.drillinginfo.com\lease_data_entry\data_sources\ok_county_records\ok\beckham\9d9f
9dace6dd-3ab7-4e80-91d6-b41000d01ce3,SEMINOLE,OK,\\smb.dc2isilon.na.drillinginfo.com\lease_data_entry\data_sources\ok_county_records\ok\seminole\9dac
9ddc0386-0bb2-4a96-b9f2-e314db23a1f2,SEMINOLE,OK,s3://enverus-courthouse-prod-chd-plants/ok/seminole/9ddc/9ddc0386-0bb2-4a96-b9f2-e314db23a1f2.pdf
9e015b7e-080e-460e-9b17-fdc3881fb6f0,CUSTER,OK,\\smb.dc2isilon.na.drillinginfo.com\lease_data_entry\data_sources\ok_county_records\ok\custer\9e01
9e150bc5-1d98-42ef-9d89-77bc02956d41,STEPHENS,OK,s3://enverus-courthouse-prod-chd-plants/ok/stephens/9e15/9e150bc5-1d98-42ef-9d89-77bc02956d41.pdf
9e1ccfd6-3895-4647-9d21-4290c0a4c60d,LOVE,OK,s3://enverus-courthouse-prod-chd-plants/ok/love/9e1c/9e1ccfd6-3895-4647-9d21-4290c0a4c60d.pdf
9e1f869b-689f-49b2-9d8e-bacb7b30f7d5,COAL,OK,s3://enverus-courthouse-prod-chd-plants/ok/coal/9e1f/9e1f869b-689f-49b2-9d8e-bacb7b30f7d5.pdf
9e24a17f-e21c-4eae-85cd-9f83d4eead7a,STEPHENS,OK,\\smb.dc2isilon.na.drillinginfo.com\lease_data_entry\data_sources\ok_county_records\ok\stephens\9e24
9e285895-ccfb-442b-bd43-21c3dfea3ccf,WASHITA,OK,s3://enverus-courthouse-prod-chd-plants/ok/washita/9e28/9e285895-ccfb-442b-bd43-21c3dfea3ccf.pdf
9e316ebc-c4d3-4986-abe4-d86dcce4c589,STEPHENS,OK,s3://enverus-courthouse-prod-chd-plants/ok/stephens/9e31/9e316ebc-c4d3-4986-abe4-d86dcce4c589.pdf
9e3e2a34-74ca-40ea-90c8-0475fffaf8a2,CARTER,OK,s3://enverus-courthouse-prod-chd-plants/ok/carter/9e3e/9e3e2a34-74ca-40ea-90c8-0475fffaf8a2.pdf
9e43f703-8709-419c-a28a-d2cb72d7908d,MURRAY,OK,s3://enverus-courthouse-prod-chd-plants/ok/murray/9e43/9e43f703-8709-419c-a28a-d2cb72d7908d.pdf
9e4724c1-9f55-4034-b43d-e898e4883d83,ELLIS,OK,s3://enverus-courthouse-prod-chd-plants/ok/ellis/9e47/9e4724c1-9f55-4034-b43d-e898e4883d83.pdf
9e528d84-bcab-431a-b7db-4c07bb83061e,MARSHALL,OK,\\smb.dc2isilon.na.drillinginfo.com\lease_data_entry\data_sources\ok_county_records\ok\marshall\9e52
9e544fed-0a85-47d2-9b5d-242d7fcdcdeb,LOGAN,OK,\\smb.dc2isilon.na.drillinginfo.com\lease_data_entry\data_sources\ok_county_records\ok\logan\9e54
9e5ef331-2614-4412-95e3-fa1dbb39d722,SEMINOLE,OK,\\smb.dc2isilon.na.drillinginfo.com\lease_data_entry\data_sources\ok_county_records\ok\seminole\9e5e
9e6b208d-9ee4-4181-b362-f70cbf237b22,LEFLORE,OK,\\smb.dc2isilon.na.drillinginfo.com\lease_data_entry\data_sources\ok_county_records\ok\leflore\9e6b
9eade81f-bc26-4078-80d6-3389ac4e8a90,MCCLAIN,OK,s3://enverus-courthouse-prod-chd-plants/ok/mcclain/9ead/9eade81f-bc26-4078-80d6-3389ac4e8a90.pdf
9ebcf837-09f2-4aac-ae4f-6cbe0bfc168a,LOVE,OK,s3://enverus-courthouse-prod-chd-plants/ok/love/9ebc/9ebcf837-09f2-4aac-ae4f-6cbe0bfc168a.pdf
9ec0f2be-6c74-4449-8336-423c5acf4c28,LOVE,OK,\\smb.dc2isilon.na.drillinginfo.com\lease_data_entry\data_sources\ok_county_records\ok\love\9ec0
9ec231e3-16e7-4421-b2e8-e8ea40384919,CARTER,OK,\\smb.dc2isilon.na.drillinginfo.com\lease_data_entry\data_sources\ok_county_records\ok\carter\9ec2
9ecc40a5-7c83-4a31-92e5-cd5cfdfb3f62,GARVIN,OK,\\smb.dc2isilon.na.drillinginfo.com\lease_data_entry\data_sources\ok_county_records\ok\garvin\9ecc
9edf50d4-940e-4dca-b3bf-b3b85d288b2d,PONTOTOC,OK,\\smb.dc2isilon.na.drillinginfo.com\lease_data_entry\data_sources\ok_county_records\ok\pontotoc\9edf
9ee7f824-248a-4431-9edc-b071129414b1,BECKHAM,OK,\\smb.dc2isilon.na.drillinginfo.com\lease_data_entry\data_sources\ok_county_records\ok\beckham\9ee7
9eea78ae-73e5-4e37-8532-d61a6b9bfa42,WASHINGTON,OK,\\smb.dc2isilon.na.drillinginfo.com\lease_data_entry\data_sources\ok_county_records\ok\washington\9eea
9eeb62de-b22d-4717-9628-e152645b8608,WOODWARD,OK,\\smb.dc2isilon.na.drillinginfo.com\lease_data_entry\data_sources\ok_county_records\ok\woodward\9eeb
9ef8bfa1-0153-4df1-962f-bf2464885343,STEPHENS,OK,\\smb.dc2isilon.na.drillinginfo.com\lease_data_entry\data_sources\ok_county_records\ok\stephens\9ef8
9f1d0323-95bd-40f8-88a9-b5e9c8d5134a,MCCLAIN,OK,\\smb.dc2isilon.na.drillinginfo.com\lease_data_entry\data_sources\ok_county_records\ok\mcclain\9f1d
9f2ffb05-0252-42df-a43b-6a500f6a2a45,ROGER MILLS,OK,s3://enverus-courthouse-prod-chd-plants/ok/roger mills/9f2f/9f2ffb05-0252-42df-a43b-6a500f6a2a45.pdf
9f31eb16-4296-4b65-b2ba-54ef3f95e88b,DEWEY,OK,s3://enverus-courthouse-prod-chd-plants/ok/dewey/9f31/9f31eb16-4296-4b65-b2ba-54ef3f95e88b.pdf
9f41259a-faa3-4216-ad10-b7662b0f4a9f,COAL,OK,s3://enverus-courthouse-prod-chd-plants/ok/coal/9f41/9f41259a-faa3-4216-ad10-b7662b0f4a9f.pdf
9f459d64-0580-4730-99e8-42128d33c2a5,ELLIS,OK,\\smb.dc2isilon.na.drillinginfo.com\lease_data_entry\data_sources\ok_county_records\ok\ellis\9f45
9f4ce9ac-3586-417c-bca0-ce17c1e54038,LINCOLN,OK,\\smb.dc2isilon.na.drillinginfo.com\lease_data_entry\data_sources\ok_county_records\ok\lincoln\9f4c
9f6012e9-7127-4d2a-9034-28fbe5767ea9,ROGER MILLS,OK,s3://enverus-courthouse-prod-chd-plants/ok/roger mills/9f60/9f6012e9-7127-4d2a-9034-28fbe5767ea9.pdf
9f65bd51-2d9e-4ca7-bd2f-d283e15229d2,TEXAS,OK,\\smb.dc2isilon.na.drillinginfo.com\lease_data_entry\data_sources\ok_county_records\ok\texas\9f65
9f7dbd29-0c20-46fd-9a25-b69be0abfc60,GARVIN,OK,s3://enverus-courthouse-prod-chd-plants/ok/garvin/9f7d/9f7dbd29-0c20-46fd-9a25-b69be0abfc60.pdf
9f94e4f1-5d88-44b9-99c0-6e423dc4dbd1,SEMINOLE,OK,\\smb.dc2isilon.na.drillinginfo.com\lease_data_entry\data_sources\ok_county_records\ok\seminole\9f94
9fa83976-7011-4a3d-b9f4-b9cf7f04a886,LOVE,OK,s3://enverus-courthouse-prod-chd-plants/ok/love/9fa8/9fa83976-7011-4a3d-b9f4-b9cf7f04a886.pdf
9fa9bb86-07fe-4cbf-b25d-bba83020f5be,GARVIN,OK,s3://enverus-courthouse-prod-chd-plants/ok/garvin/9fa9/9fa9bb86-07fe-4cbf-b25d-bba83020f5be.pdf
9fbb174a-fdf9-445b-8bf9-573264411f33,ELLIS,OK,s3://enverus-courthouse-prod-chd-plants/ok/ellis/9fbb/9fbb174a-fdf9-445b-8bf9-573264411f33.pdf
9fc88a1f-7b8e-44fa-9091-0b25ad35b2d8,GARVIN,OK,\\smb.dc2isilon.na.drillinginfo.com\lease_data_entry\data_sources\ok_county_records\ok\garvin\9fc8
9fcc039d-16a5-473f-a9d8-01fc90129d86,CARTER,OK,\\smb.dc2isilon.na.drillinginfo.com\lease_data_entry\data_sources\ok_county_records\ok\carter\9fcc
9fcd0704-5cee-4de5-bd7f-857891928eeb,MURRAY,OK,s3://enverus-courthouse-prod-chd-plants/ok/murray/9fcd/9fcd0704-5cee-4de5-bd7f-857891928eeb.pdf
9fceea8a-1f08-4c0a-9c3d-72f39cdacabf,BECKHAM,OK,\\smb.dc2isilon.na.drillinginfo.com\lease_data_entry\data_sources\ok_county_records\ok\beckham\9fce
9fd3c1f0-d18f-4c02-9b64-eb2e95d476af,KINGFISHER,OK,\\smb.dc2isilon.na.drillinginfo.com\lease_data_entry\data_sources\ok_county_records\ok\kingfisher\9fd3
9fed23e7-d245-4a73-a6f7-81196dee1e92,ROGER MILLS,OK,s3://enverus-courthouse-prod-chd-plants/ok/roger mills/9fed/9fed23e7-d245-4a73-a6f7-81196dee1e92.pdf
9ff248da-f1fc-4e47-b93a-226a82c89c6b,BECKHAM,OK,\\smb.dc2isilon.na.drillinginfo.com\lease_data_entry\data_sources\ok_county_records\ok\beckham\9ff2
a00dd64f-2230-428c-becb-aeaebe0ba1d1,MCCLAIN,OK,s3://enverus-courthouse-prod-chd-plants/ok/mcclain/a00d/a00dd64f-2230-428c-becb-aeaebe0ba1d1.pdf
a00f087e-c24a-44b5-a54a-16bcff244c46,ELLIS,OK,\\smb.dc2isilon.na.drillinginfo.com\lease_data_entry\data_sources\ok_county_records\ok\ellis\a00f
a02557e7-3996-4a0f-9baf-049ef7a111b2,MAJOR,OK,s3://enverus-courthouse-prod-chd-plants/ok/major/a025/a02557e7-3996-4a0f-9baf-049ef7a111b2.pdf
a0497546-ebad-41df-bb5c-e93964b98a4b,KAY,OK,\\smb.dc2isilon.na.drillinginfo.com\lease_data_entry\data_sources\ok_county_records\ok\kay\a049
a059d5a7-16f5-4f93-953f-dec65094ccd2,WASHINGTON,OK,s3://enverus-courthouse-prod-chd-plants/ok/washington/a059/a059d5a7-16f5-4f93-953f-dec65094ccd2.pdf
a05ea84e-ede1-4709-bd2d-5dbe6ff30a63,ROGER MILLS,OK,s3://enverus-courthouse-prod-chd-plants/ok/roger mills/a05e/a05ea84e-ede1-4709-bd2d-5dbe6ff30a63.pdf
a069b8e1-3614-4a58-a028-60d48155131a,LINCOLN,OK,\\smb.dc2isilon.na.drillinginfo.com\lease_data_entry\data_sources\ok_county_records\ok\lincoln\a069
a080643d-03d5-4f6c-92d4-9788756ef625,OKMULGEE,OK,s3://enverus-courthouse-prod-chd-plants/ok/okmulgee/a080/a080643d-03d5-4f6c-92d4-9788756ef625.pdf
a086c215-55f0-4f28-b335-a6c8db90e543,ELLIS,OK,s3://enverus-courthouse-prod-chd-plants/ok/ellis/a086/a086c215-55f0-4f28-b335-a6c8db90e543.pdf
a09b6f75-ae71-45aa-b072-18a59e85c157,HUGHES,OK,s3://enverus-courthouse-prod-chd-plants/ok/hughes/a09b/a09b6f75-ae71-45aa-b072-18a59e85c157.pdf
a0a0359f-e08f-4acc-abc8-041a88b7522f,LOGAN,OK,s3://enverus-courthouse-prod-chd-plants/ok/logan/a0a0/a0a0359f-e08f-4acc-abc8-041a88b7522f.pdf
a0a56a85-b07b-426f-9eec-8247e3ea746b,MAJOR,OK,s3://enverus-courthouse-prod-chd-plants/ok/major/a0a5/a0a56a85-b07b-426f-9eec-8247e3ea746b.pdf
a0b7535a-db42-4b87-88dc-3e6dfc0ca7ea,CARTER,OK,s3://enverus-courthouse-prod-chd-plants/ok/carter/a0b7/a0b7535a-db42-4b87-88dc-3e6dfc0ca7ea.pdf
a0b9c8ec-fec9-43d7-808d-f27494365d4a,LINCOLN,OK,s3://enverus-courthouse-prod-chd-plants/ok/lincoln/a0b9/a0b9c8ec-fec9-43d7-808d-f27494365d4a.pdf
a0c816d4-27ec-48d6-9b1d-243fb07fc560,MCCLAIN,OK,s3://enverus-courthouse-prod-chd-plants/ok/mcclain/a0c8/a0c816d4-27ec-48d6-9b1d-243fb07fc560.pdf
a10bdacf-6053-48a2-80f4-4b1b9f490b58,ELLIS,OK,s3://enverus-courthouse-prod-chd-plants/ok/ellis/a10b/a10bdacf-6053-48a2-80f4-4b1b9f490b58.pdf
a1214c2b-5673-4999-a11c-1e6fdbd5aabf,GARVIN,OK,s3://enverus-courthouse-prod-chd-plants/ok/garvin/a121/a1214c2b-5673-4999-a11c-1e6fdbd5aabf.pdf
a1291830-996b-4b9b-a8a3-24108b317582,GARVIN,OK,\\smb.dc2isilon.na.drillinginfo.com\lease_data_entry\data_sources\ok_county_records\ok\garvin\a129
a12fbd11-94d8-410c-ac9e-28c94b7b02d9,MAJOR,OK,s3://enverus-courthouse-prod-chd-plants/ok/major/a12f/a12fbd11-94d8-410c-ac9e-28c94b7b02d9.pdf
a148f895-c7b5-411e-8e74-6a6abc080567,CARTER,OK,\\smb.dc2isilon.na.drillinginfo.com\lease_data_entry\data_sources\ok_county_records\ok\carter\a148
a17be830-147e-4ffb-9377-6be61f27f221,MCCLAIN,OK,s3://enverus-courthouse-prod-chd-plants/ok/mcclain/a17b/a17be830-147e-4ffb-9377-6be61f27f221.pdf
a17f9e46-4d0e-40b9-b34a-02e247663c4e,STEPHENS,OK,s3://enverus-courthouse-prod-chd-plants/ok/stephens/a17f/a17f9e46-4d0e-40b9-b34a-02e247663c4e.pdf
a17fa7b1-58c7-444f-9f9f-ac5662d7ab7c,BECKHAM,OK,s3://enverus-courthouse-prod-chd-plants/ok/beckham/a17f/a17fa7b1-58c7-444f-9f9f-ac5662d7ab7c.pdf
a1815984-ee0a-4e85-b829-5543addfdb72,ELLIS,OK,\\smb.dc2isilon.na.drillinginfo.com\lease_data_entry\data_sources\ok_county_records\ok\ellis\a181
a18a7890-25ec-4c97-8c91-20e5d859fea2,GARVIN,OK,s3://enverus-courthouse-prod-chd-plants/ok/garvin/a18a/a18a7890-25ec-4c97-8c91-20e5d859fea2.pdf
a1b785cd-7be6-4cf4-92cb-d52c127d54c4,LOVE,OK,s3://enverus-courthouse-prod-chd-plants/ok/love/a1b7/a1b785cd-7be6-4cf4-92cb-d52c127d54c4.pdf
a1c0e42d-d2b5-4c8e-b998-e4f856ead800,KINGFISHER,OK,\\smb.dc2isilon.na.drillinginfo.com\lease_data_entry\data_sources\ok_county_records\ok\kingfisher\a1c0
a1c66d37-fe64-401c-b9aa-72087921d27e,CARTER,OK,s3://enverus-courthouse-prod-chd-plants/ok/carter/a1c6/a1c66d37-fe64-401c-b9aa-72087921d27e.pdf
a1c815ce-d315-47ce-8fe4-67444b84cf29,BLAINE,OK,\\smb.dc2isilon.na.drillinginfo.com\lease_data_entry\data_sources\ok_county_records\ok\blaine\a1c8
a1d60dbb-2474-4f02-891a-0fd361cafe36,STEPHENS,OK,s3://enverus-courthouse-prod-chd-plants/ok/stephens/a1d6/a1d60dbb-2474-4f02-891a-0fd361cafe36.pdf
a1e2cd97-5606-4f3b-a775-aaa267793a1a,BECKHAM,OK,s3://enverus-courthouse-prod-chd-plants/ok/beckham/a1e2/a1e2cd97-5606-4f3b-a775-aaa267793a1a.pdf
a1ecc0d9-3827-4dec-abfa-9ed06097081c,BLAINE,OK,\\smb.dc2isilon.na.drillinginfo.com\lease_data_entry\data_sources\ok_county_records\ok\blaine\a1ec
a1f46433-12a9-4dc2-8539-dd67650ddc7d,COMANCHE,OK,s3://enverus-courthouse-prod-chd-plants/ok/comanche/a1f4/a1f46433-12a9-4dc2-8539-dd67650ddc7d.pdf
a20f7dc6-d7ce-4511-affb-90fdb3fa3b3b,SEMINOLE,OK,\\smb.dc2isilon.na.drillinginfo.com\lease_data_entry\data_sources\ok_county_records\ok\seminole\a20f
a22c5409-ad7c-4f98-8a55-d9050336fdaf,DEWEY,OK,s3://enverus-courthouse-prod-chd-plants/ok/dewey/a22c/a22c5409-ad7c-4f98-8a55-d9050336fdaf.pdf
a243fa9a-e70f-4016-92bc-78d910d2cafe,LOVE,OK,s3://enverus-courthouse-prod-chd-plants/ok/love/a243/a243fa9a-e70f-4016-92bc-78d910d2cafe.pdf
a2447b8b-5ecb-45d6-a31d-cbf42afc2945,ELLIS,OK,s3://enverus-courthouse-prod-chd-plants/ok/ellis/a244/a2447b8b-5ecb-45d6-a31d-cbf42afc2945.pdf
a25f4214-2e34-4574-98a7-f67526d5d950,BECKHAM,OK,\\smb.dc2isilon.na.drillinginfo.com\lease_data_entry\data_sources\ok_county_records\ok\beckham\a25f
a2696351-8ca0-4d5a-9bde-1abbbca04c32,SEMINOLE,OK,\\smb.dc2isilon.na.drillinginfo.com\lease_data_entry\data_sources\ok_county_records\ok\seminole\a269
a26b5e00-569d-41b4-904f-da95c4d68f4f,COAL,OK,\\smb.dc2isilon.na.drillinginfo.com\lease_data_entry\data_sources\ok_county_records\ok\coal\a26b
a270ede8-5f81-435a-a64f-baa18d047445,CUSTER,OK,\\smb.dc2isilon.na.drillinginfo.com\lease_data_entry\data_sources\ok_county_records\ok\custer\a270
a285289e-af30-414d-b86e-3ed7237172ec,MAJOR,OK,s3://enverus-courthouse-prod-chd-plants/ok/major/a285/a285289e-af30-414d-b86e-3ed7237172ec.pdf
a29a3510-5a54-4b37-a4bd-7ad87d7435ef,MURRAY,OK,\\smb.dc2isilon.na.drillinginfo.com\lease_data_entry\data_sources\ok_county_records\ok\murray\a29a
a2aeb71c-659d-4062-adbe-60642a6c1bcd,ELLIS,OK,s3://enverus-courthouse-prod-chd-plants/ok/ellis/a2ae/a2aeb71c-659d-4062-adbe-60642a6c1bcd.pdf
a2bbfd31-550c-4409-9c85-ebb78eea7ba8,LOGAN,OK,\\smb.dc2isilon.na.drillinginfo.com\lease_data_entry\data_sources\ok_county_records\ok\logan\a2bb
a2c65422-0583-492a-a715-6c9ecc49645e,ROGER MILLS,OK,s3://enverus-courthouse-prod-chd-plants/ok/roger mills/a2c6/a2c65422-0583-492a-a715-6c9ecc49645e.pdf
a2fb9b48-b776-41ad-8157-94ab5827dc9b,OKMULGEE,OK,\\smb.dc2isilon.na.drillinginfo.com\lease_data_entry\data_sources\ok_county_records\ok\okmulgee\a2fb
a3038540-76ba-4883-af07-d1ec55d1cdcb,STEPHENS,OK,s3://enverus-courthouse-prod-chd-plants/ok/stephens/a303/a3038540-76ba-4883-af07-d1ec55d1cdcb.pdf
a308abe4-aae4-422c-87d9-c472469786b2,BECKHAM,OK,\\smb.dc2isilon.na.drillinginfo.com\lease_data_entry\data_sources\ok_county_records\ok\beckham\a308
a3235f96-5fd3-4a24-87f5-4d5fd08fc993,COMANCHE,OK,\\smb.dc2isilon.na.drillinginfo.com\lease_data_entry\data_sources\ok_county_records\ok\comanche\a323
a3284417-cb8f-45fa-9b20-375247d5816f,COMANCHE,OK,\\smb.dc2isilon.na.drillinginfo.com\lease_data_entry\data_sources\ok_county_records\ok\comanche\a328
a32ac10f-f012-4441-be18-e1677e3d68ca,MUSKOGEE,OK,s3://enverus-courthouse-prod-chd-plants/ok/muskogee/a32a/a32ac10f-f012-4441-be18-e1677e3d68ca.pdf
a34db290-03a6-4a05-a77d-fbb710d9ddd8,BECKHAM,OK,s3://enverus-courthouse-prod-chd-plants/ok/beckham/a34d/a34db290-03a6-4a05-a77d-fbb710d9ddd8.pdf
a35f26d8-5c9a-4775-a934-f64810551e97,MAJOR,OK,\\smb.dc2isilon.na.drillinginfo.com\lease_data_entry\data_sources\ok_county_records\ok\major\a35f
a360417b-a2e1-49dc-9542-584fff3d30e1,ROGER MILLS,OK,s3://enverus-courthouse-prod-chd-plants/ok/roger mills/a360/a360417b-a2e1-49dc-9542-584fff3d30e1.pdf
a3659c48-437f-4681-a5fb-5a727628acaf,ROGER MILLS,OK,s3://enverus-courthouse-prod-chd-plants/ok/roger mills/a365/a3659c48-437f-4681-a5fb-5a727628acaf.pdf
a379ac7a-06e3-414d-932b-ab4fa11a250c,LINCOLN,OK,s3://enverus-courthouse-prod-chd-plants/ok/lincoln/a379/a379ac7a-06e3-414d-932b-ab4fa11a250c.pdf
a38065a9-6d4a-40be-a735-a01607c25818,CARTER,OK,\\smb.dc2isilon.na.drillinginfo.com\lease_data_entry\data_sources\ok_county_records\ok\carter\a380
a3a3268b-f2ed-465f-96b6-db26f4a2991f,STEPHENS,OK,\\smb.dc2isilon.na.drillinginfo.com\lease_data_entry\data_sources\ok_county_records\ok\stephens\a3a3
a3ac982c-a0dc-4715-ae9a-cad794407faf,STEPHENS,OK,s3://enverus-courthouse-prod-chd-plants/ok/stephens/a3ac/a3ac982c-a0dc-4715-ae9a-cad794407faf.pdf
a3acaeab-458b-4cdf-9241-4f79e324ed70,SEMINOLE,OK,s3://enverus-courthouse-prod-chd-plants/ok/seminole/a3ac/a3acaeab-458b-4cdf-9241-4f79e324ed70.pdf
a3b628b3-2826-4275-97ca-b9352dd981e7,LOGAN,OK,s3://enverus-courthouse-prod-chd-plants/ok/logan/a3b6/a3b628b3-2826-4275-97ca-b9352dd981e7.pdf
a3b78de6-29d0-4559-9ccc-f0c81c84a528,ELLIS,OK,\\smb.dc2isilon.na.drillinginfo.com\lease_data_entry\data_sources\ok_county_records\ok\ellis\a3b7
a3ba32b4-5f17-4951-88e2-72ace3c0638d,BLAINE,OK,s3://enverus-courthouse-prod-chd-plants/ok/blaine/a3ba/a3ba32b4-5f17-4951-88e2-72ace3c0638d.pdf
a3f335c1-65ab-4f6c-8ff6-89ea08923b3c,COAL,OK,s3://enverus-courthouse-prod-chd-plants/ok/coal/a3f3/a3f335c1-65ab-4f6c-8ff6-89ea08923b3c.pdf
a3f7f020-e493-41c6-93e1-8646eaf451cf,STEPHENS,OK,\\smb.dc2isilon.na.drillinginfo.com\lease_data_entry\data_sources\ok_county_records\ok\stephens\a3f7
a3fc387d-7b8a-4f44-84f2-421f58542514,MCCLAIN,OK,s3://enverus-courthouse-prod-chd-plants/ok/mcclain/a3fc/a3fc387d-7b8a-4f44-84f2-421f58542514.pdf
a40a21ac-f53c-4a3f-bfc9-5bf3703b9008,WOODWARD,OK,\\smb.dc2isilon.na.drillinginfo.com\lease_data_entry\data_sources\ok_county_records\ok\woodward\a40a
a40d4d51-3bd1-4b02-a60a-09a0cd6d4dc5,ELLIS,OK,\\smb.dc2isilon.na.drillinginfo.com\lease_data_entry\data_sources\ok_county_records\ok\ellis\a40d
a41986f7-04fb-4516-af1a-03274035372d,COMANCHE,OK,\\smb.dc2isilon.na.drillinginfo.com\lease_data_entry\data_sources\ok_county_records\ok\comanche\a419
a41bc918-1c26-4af0-b23a-f2db93768220,LOGAN,OK,s3://enverus-courthouse-prod-chd-plants/ok/logan/a41b/a41bc918-1c26-4af0-b23a-f2db93768220.pdf
a41cc747-7809-4801-9604-a97c34c8d726,STEPHENS,OK,\\smb.dc2isilon.na.drillinginfo.com\lease_data_entry\data_sources\ok_county_records\ok\stephens\a41c
a41e35a8-ec1b-4edb-9d5c-908b56fb3369,ELLIS,OK,s3://enverus-courthouse-prod-chd-plants/ok/ellis/a41e/a41e35a8-ec1b-4edb-9d5c-908b56fb3369.pdf
a42b82db-6f6e-42b7-b5e8-300c6cb2e20b,LOGAN,OK,\\smb.dc2isilon.na.drillinginfo.com\lease_data_entry\data_sources\ok_county_records\ok\logan\a42b
a42e6bb6-2ac9-45cb-9fda-332a95b3201f,STEPHENS,OK,s3://enverus-courthouse-prod-chd-plants/ok/stephens/a42e/a42e6bb6-2ac9-45cb-9fda-332a95b3201f.pdf
a438850f-dfff-43ec-8f76-ddd78fb10c0e,ROGER MILLS,OK,s3://enverus-courthouse-prod-chd-plants/ok/roger mills/a438/a438850f-dfff-43ec-8f76-ddd78fb10c0e.pdf
a470df4a-0a28-4163-a4bd-44b0efcd7956,STEPHENS,OK,\\smb.dc2isilon.na.drillinginfo.com\lease_data_entry\data_sources\ok_county_records\ok\stephens\a470
a47cddb6-54bf-48a9-920f-5920647d5539,PONTOTOC,OK,\\smb.dc2isilon.na.drillinginfo.com\lease_data_entry\data_sources\ok_county_records\ok\pontotoc\a47c
a4c508e8-d044-42c7-8ee7-f3291e52ba35,MCCLAIN,OK,\\smb.dc2isilon.na.drillinginfo.com\lease_data_entry\data_sources\ok_county_records\ok\mcclain\a4c5
a4d877ef-76fd-4f9f-a297-cf0a5eb1f48a,ROGER MILLS,OK,s3://enverus-courthouse-prod-chd-plants/ok/roger mills/a4d8/a4d877ef-76fd-4f9f-a297-cf0a5eb1f48a.pdf
a4d954ad-9ef5-4925-9cb3-6d8b7a0ae4a4,COMANCHE,OK,\\smb.dc2isilon.na.drillinginfo.com\lease_data_entry\data_sources\ok_county_records\ok\comanche\a4d9
a4e14eda-453a-4540-8f29-30aeef7fb9cd,CARTER,OK,\\smb.dc2isilon.na.drillinginfo.com\lease_data_entry\data_sources\ok_county_records\ok\carter\a4e1
a4e153ac-68cb-47d8-a003-2857cb202b01,WASHITA,OK,\\smb.dc2isilon.na.drillinginfo.com\lease_data_entry\data_sources\ok_county_records\ok\washita\a4e1
a4f2892c-4bc8-41b3-9d88-27d9e32b21be,MAJOR,OK,s3://enverus-courthouse-prod-chd-plants/ok/major/a4f2/a4f2892c-4bc8-41b3-9d88-27d9e32b21be.pdf
a51a87ac-787a-4c45-9e5a-f734d99cd40e,STEPHENS,OK,\\smb.dc2isilon.na.drillinginfo.com\lease_data_entry\data_sources\ok_county_records\ok\stephens\a51a
a525ad04-d5f3-4df1-bd60-59980847b4d9,SEMINOLE,OK,s3://enverus-courthouse-prod-chd-plants/ok/seminole/a525/a525ad04-d5f3-4df1-bd60-59980847b4d9.pdf
a52fb0ae-630d-495e-8824-c7276c6dc50e,KINGFISHER,OK,\\smb.dc2isilon.na.drillinginfo.com\lease_data_entry\data_sources\ok_county_records\ok\kingfisher\a52f
a5312ead-0875-46d7-a8ce-c74e4113f6b9,DEWEY,OK,s3://enverus-courthouse-prod-chd-plants/ok/dewey/a531/a5312ead-0875-46d7-a8ce-c74e4113f6b9.pdf
a539ee20-859d-4895-bbd1-1a38b121afa0,PITTSBURG,OK,s3://enverus-courthouse-prod-chd-plants/ok/pittsburg/a539/a539ee20-859d-4895-bbd1-1a38b121afa0.pdf
a5536ada-c6e0-48ad-b4d8-d5af43bd35b7,LOGAN,OK,\\smb.dc2isilon.na.drillinginfo.com\lease_data_entry\data_sources\ok_county_records\ok\logan\a553
a58357a4-97a9-47ce-aaf7-c08e62729e35,ROGER MILLS,OK,s3://enverus-courthouse-prod-chd-plants/ok/roger mills/a583/a58357a4-97a9-47ce-aaf7-c08e62729e35.pdf
a59735d4-8a9b-4bf8-bc5e-5ec373d56ae1,ROGER MILLS,OK,s3://enverus-courthouse-prod-chd-plants/ok/roger mills/a597/a59735d4-8a9b-4bf8-bc5e-5ec373d56ae1.pdf
a5a47a46-4cae-4290-a80d-0a8a2e255221,MCCLAIN,OK,s3://enverus-courthouse-prod-chd-plants/ok/mcclain/a5a4/a5a47a46-4cae-4290-a80d-0a8a2e255221.pdf
a5b0431a-bc5b-4f83-badc-8a974ff07233,PONTOTOC,OK,\\smb.dc2isilon.na.drillinginfo.com\lease_data_entry\data_sources\ok_county_records\ok\pontotoc\a5b0
a5b9f4ae-cde8-4804-ab66-678c3b764dd7,JEFFERSON,OK,\\smb.dc2isilon.na.drillinginfo.com\lease_data_entry\data_sources\ok_county_records\ok\jefferson\a5b9
a5bf77c2-7944-412b-ba3a-dbd2defb9685,ROGER MILLS,OK,\\smb.dc2isilon.na.drillinginfo.com\lease_data_entry\data_sources\ok_county_records\ok\roger mills\a5bf
a5dbee4d-58c5-40c5-a1a0-a37669e75c2c,LOGAN,OK,s3://enverus-courthouse-prod-chd-plants/ok/logan/a5db/a5dbee4d-58c5-40c5-a1a0-a37669e75c2c.pdf
a5de0803-cfa8-467f-b3f7-6d098efc7b68,CARTER,OK,s3://enverus-courthouse-prod-chd-plants/ok/carter/a5de/a5de0803-cfa8-467f-b3f7-6d098efc7b68.pdf
a5e4b324-9393-4484-ae3a-0ee852c68f64,CARTER,OK,s3://enverus-courthouse-prod-chd-plants/ok/carter/a5e4/a5e4b324-9393-4484-ae3a-0ee852c68f64.pdf
a5fd9c14-eba9-4f8f-b571-49fecabec94f,MAJOR,OK,\\smb.dc2isilon.na.drillinginfo.com\lease_data_entry\data_sources\ok_county_records\ok\major\a5fd
a62a5e86-ea56-4351-93a3-3227ba07e2b0,CARTER,OK,s3://enverus-courthouse-prod-chd-plants/ok/carter/a62a/a62a5e86-ea56-4351-93a3-3227ba07e2b0.pdf
a633111c-3ebd-4983-94a1-5167fdc1fdfc,GARVIN,OK,s3://enverus-courthouse-prod-chd-plants/ok/garvin/a633/a633111c-3ebd-4983-94a1-5167fdc1fdfc.pdf
a63efd25-f86e-4bcd-bd27-ee183a95739d,MAJOR,OK,\\smb.dc2isilon.na.drillinginfo.com\lease_data_entry\data_sources\ok_county_records\ok\major\a63e
a644f021-62d7-43b3-b201-0d2bc500cb1d,LOGAN,OK,s3://enverus-courthouse-prod-chd-plants/ok/logan/a644/a644f021-62d7-43b3-b201-0d2bc500cb1d.pdf
a6476810-2368-4afb-92b5-0ca4571c0e81,LOGAN,OK,\\smb.dc2isilon.na.drillinginfo.com\lease_data_entry\data_sources\ok_county_records\ok\logan\a647
a65f6ac1-d740-449b-a0d7-bd6b061057c9,TEXAS,OK,\\smb.dc2isilon.na.drillinginfo.com\lease_data_entry\data_sources\ok_county_records\ok\texas\a65f
a67e58c9-d46a-4537-afed-e59a9c420d34,ROGER MILLS,OK,\\smb.dc2isilon.na.drillinginfo.com\lease_data_entry\data_sources\ok_county_records\ok\roger mills\a67e
a68125f8-de2b-4e0e-bfe4-8bcb6c80f785,LINCOLN,OK,s3://enverus-courthouse-prod-chd-plants/ok/lincoln/a681/a68125f8-de2b-4e0e-bfe4-8bcb6c80f785.pdf
a6a0de55-4c23-4a09-83a9-f4e1d0336cdf,ELLIS,OK,s3://enverus-courthouse-prod-chd-plants/ok/ellis/a6a0/a6a0de55-4c23-4a09-83a9-f4e1d0336cdf.pdf
a6afaf13-6322-4f70-a493-0eb8381ed176,COMANCHE,OK,\\smb.dc2isilon.na.drillinginfo.com\lease_data_entry\data_sources\ok_county_records\ok\comanche\a6af
a6b4e5b9-ff0a-44c6-90c7-8ee6156e95c5,CUSTER,OK,s3://enverus-courthouse-prod-chd-plants/ok/custer/a6b4/a6b4e5b9-ff0a-44c6-90c7-8ee6156e95c5.pdf
a6b6fe88-bb14-45c9-aeba-2b6dde162091,MCCLAIN,OK,\\smb.dc2isilon.na.drillinginfo.com\lease_data_entry\data_sources\ok_county_records\ok\mcclain\a6b6
a6bd4c00-a599-4834-8b96-ca07fe8105c8,KINGFISHER,OK,s3://enverus-courthouse-prod-chd-plants/ok/kingfisher/a6bd/a6bd4c00-a599-4834-8b96-ca07fe8105c8.pdf
a6dbfc38-c78f-443d-9afb-a85f28b1f994,BECKHAM,OK,\\smb.dc2isilon.na.drillinginfo.com\lease_data_entry\data_sources\ok_county_records\ok\beckham\a6db
a6dfb983-a2eb-4892-81cc-eea1b77bc4b4,COAL,OK,s3://enverus-courthouse-prod-chd-plants/ok/coal/a6df/a6dfb983-a2eb-4892-81cc-eea1b77bc4b4.pdf
a708ae0a-4823-49f7-a39d-df0bf442c665,SEMINOLE,OK,\\smb.dc2isilon.na.drillinginfo.com\lease_data_entry\data_sources\ok_county_records\ok\seminole\a708
a717ada7-da3a-410d-9a65-07fa7055f363,OKMULGEE,OK,\\smb.dc2isilon.na.drillinginfo.com\lease_data_entry\data_sources\ok_county_records\ok\okmulgee\a717
a71e408e-ee7d-4db8-a7cd-0ce2a2fe6883,LOGAN,OK,s3://enverus-courthouse-prod-chd-plants/ok/logan/a71e/a71e408e-ee7d-4db8-a7cd-0ce2a2fe6883.pdf
a723e6c4-d01f-45a6-9f29-32215ee01029,BECKHAM,OK,s3://enverus-courthouse-prod-chd-plants/ok/beckham/a723/a723e6c4-d01f-45a6-9f29-32215ee01029.pdf
a728bf14-d2c5-4895-ab1f-d633d021f8ba,ROGER MILLS,OK,s3://enverus-courthouse-prod-chd-plants/ok/roger mills/a728/a728bf14-d2c5-4895-ab1f-d633d021f8ba.pdf
a7306d87-31d1-4eba-9be1-83bbf29d6698,ELLIS,OK,s3://enverus-courthouse-prod-chd-plants/ok/ellis/a730/a7306d87-31d1-4eba-9be1-83bbf29d6698.pdf
a75cbd4c-7d07-48e3-9a66-dbdf5443eb94,STEPHENS,OK,\\smb.dc2isilon.na.drillinginfo.com\lease_data_entry\data_sources\ok_county_records\ok\stephens\a75c
a75cd59e-96bd-4d23-b7d4-81288d1ad0bb,MCCLAIN,OK,s3://enverus-courthouse-prod-chd-plants/ok/mcclain/a75c/a75cd59e-96bd-4d23-b7d4-81288d1ad0bb.pdf
a77faeab-0c13-4a4e-93d9-515e81850808,MCCLAIN,OK,\\smb.dc2isilon.na.drillinginfo.com\lease_data_entry\data_sources\ok_county_records\ok\mcclain\a77f
a788299c-6e03-4c55-b817-9a7a5d3f3bff,MCINTOSH,OK,\\smb.dc2isilon.na.drillinginfo.com\lease_data_entry\data_sources\ok_county_records\ok\mcintosh\a788
a79401cb-b153-4614-acbf-62ef0cd70def,LEFLORE,OK,s3://enverus-courthouse-prod-chd-plants/ok/leflore/a794/a79401cb-b153-4614-acbf-62ef0cd70def.pdf
a79e6199-111b-458f-bb63-0d3ef26602fa,PONTOTOC,OK,\\smb.dc2isilon.na.drillinginfo.com\lease_data_entry\data_sources\ok_county_records\ok\pontotoc\a79e
a7a1d863-2d30-451f-bd5a-bab963816ca9,ELLIS,OK,s3://enverus-courthouse-prod-chd-plants/ok/ellis/a7a1/a7a1d863-2d30-451f-bd5a-bab963816ca9.pdf
a7a7411c-b85b-431c-bdc5-f86c78987681,CARTER,OK,s3://enverus-courthouse-prod-chd-plants/ok/carter/a7a7/a7a7411c-b85b-431c-bdc5-f86c78987681.pdf
a7b4b68f-7a65-4b43-ba08-d29a58d3b915,COAL,OK,s3://enverus-courthouse-prod-chd-plants/ok/coal/a7b4/a7b4b68f-7a65-4b43-ba08-d29a58d3b915.pdf
a7bff247-2c1d-4ae8-b913-2d23a3d8ea15,LOVE,OK,\\smb.dc2isilon.na.drillinginfo.com\lease_data_entry\data_sources\ok_county_records\ok\love\a7bf
a7dc804e-f8bc-4d55-b81a-ff06525db914,KAY,OK,\\smb.dc2isilon.na.drillinginfo.com\lease_data_entry\data_sources\ok_county_records\ok\kay\a7dc
a7e800fe-e52b-47c8-87e6-59edda9d150a,MCCLAIN,OK,s3://enverus-courthouse-prod-chd-plants/ok/mcclain/a7e8/a7e800fe-e52b-47c8-87e6-59edda9d150a.pdf
a7e915b6-0523-4d2c-83fc-b23542145ade,SEMINOLE,OK,s3://enverus-courthouse-prod-chd-plants/ok/seminole/a7e9/a7e915b6-0523-4d2c-83fc-b23542145ade.pdf
a7e9bef7-bfdf-4052-a5fb-9e3675962608,CARTER,OK,s3://enverus-courthouse-prod-chd-plants/ok/carter/a7e9/a7e9bef7-bfdf-4052-a5fb-9e3675962608.pdf
a7ebed0e-bfe0-4ff5-9d60-14d6303b9ae4,CARTER,OK,\\smb.dc2isilon.na.drillinginfo.com\lease_data_entry\data_sources\ok_county_records\ok\carter\a7eb
a806c46c-8bc9-4b63-a139-45766a528cbb,STEPHENS,OK,s3://enverus-courthouse-prod-chd-plants/ok/stephens/a806/a806c46c-8bc9-4b63-a139-45766a528cbb.pdf
a815750a-f181-4658-8d32-536307a86e85,MAJOR,OK,s3://enverus-courthouse-prod-chd-plants/ok/major/a815/a815750a-f181-4658-8d32-536307a86e85.pdf
a8157774-68d2-49f2-96a1-8a452a32462f,LATIMER,OK,s3://enverus-courthouse-prod-chd-plants/ok/latimer/a815/a8157774-68d2-49f2-96a1-8a452a32462f.pdf
a81713e3-7d05-4286-afad-aa4f9241399d,LOGAN,OK,\\smb.dc2isilon.na.drillinginfo.com\lease_data_entry\data_sources\ok_county_records\ok\logan\a817
a8191451-c076-461e-9421-532039abd0c0,CARTER,OK,\\smb.dc2isilon.na.drillinginfo.com\lease_data_entry\data_sources\ok_county_records\ok\carter\a819
a81a4f2e-94de-4ccc-9bf0-9eee71fb825b,MCCLAIN,OK,\\smb.dc2isilon.na.drillinginfo.com\lease_data_entry\data_sources\ok_county_records\ok\mcclain\a81a
a81f4141-4932-4e41-9d68-23f558b9a257,MARSHALL,OK,\\smb.dc2isilon.na.drillinginfo.com\lease_data_entry\data_sources\ok_county_records\ok\marshall\a81f
a826c638-ec1c-47a5-98d4-28becf5aa5c7,KINGFISHER,OK,\\smb.dc2isilon.na.drillinginfo.com\lease_data_entry\data_sources\ok_county_records\ok\kingfisher\a826
a84c92af-fcbf-4251-bcb8-4fae3e39157d,LOGAN,OK,s3://enverus-courthouse-prod-chd-plants/ok/logan/a84c/a84c92af-fcbf-4251-bcb8-4fae3e39157d.pdf
a851f71c-73f5-48f8-a1e5-46e3ed7f8e88,BLAINE,OK,\\smb.dc2isilon.na.drillinginfo.com\lease_data_entry\data_sources\ok_county_records\ok\blaine\a851
a857b323-d07d-4c65-8280-126005c1f45e,MCCLAIN,OK,s3://enverus-courthouse-prod-chd-plants/ok/mcclain/a857/a857b323-d07d-4c65-8280-126005c1f45e.pdf
a8671ef4-2801-44d3-bfaf-f25c600d89ac,BLAINE,OK,\\smb.dc2isilon.na.drillinginfo.com\lease_data_entry\data_sources\ok_county_records\ok\blaine\a867
a87d19c4-6ddd-496c-bf49-e7aa872a087c,KINGFISHER,OK,s3://enverus-courthouse-prod-chd-plants/ok/kingfisher/a87d/a87d19c4-6ddd-496c-bf49-e7aa872a087c.pdf
a87eaaac-104c-4b05-ba5f-aa4e80558aa6,WASHITA,OK,\\smb.dc2isilon.na.drillinginfo.com\lease_data_entry\data_sources\ok_county_records\ok\washita\a87e
a892d6c2-b907-49bd-8a6f-60eed81912de,LOVE,OK,\\smb.dc2isilon.na.drillinginfo.com\lease_data_entry\data_sources\ok_county_records\ok\love\a892
a89d35f3-4c00-446f-8cd5-894df82d2141,COMANCHE,OK,\\smb.dc2isilon.na.drillinginfo.com\lease_data_entry\data_sources\ok_county_records\ok\comanche\a89d
a89f2da3-305b-499b-802a-d339a8c3b65c,STEPHENS,OK,\\smb.dc2isilon.na.drillinginfo.com\lease_data_entry\data_sources\ok_county_records\ok\stephens\a89f
a8a0ebfa-65ec-4679-b454-ffc2b457ceda,CUSTER,OK,\\smb.dc2isilon.na.drillinginfo.com\lease_data_entry\data_sources\ok_county_records\ok\custer\a8a0
a8f03b1c-e8ed-4ecf-bcff-8e37f080702e,MAJOR,OK,s3://enverus-courthouse-prod-chd-plants/ok/major/a8f0/a8f03b1c-e8ed-4ecf-bcff-8e37f080702e.pdf
a8fe1da6-9208-45db-b7db-e2bc16856047,BLAINE,OK,\\smb.dc2isilon.na.drillinginfo.com\lease_data_entry\data_sources\ok_county_records\ok\blaine\a8fe
a8ff9c63-4d24-4823-a157-9299ebeb74f4,LINCOLN,OK,\\smb.dc2isilon.na.drillinginfo.com\lease_data_entry\data_sources\ok_county_records\ok\lincoln\a8ff
a9021361-a17a-4973-9cbf-8bf09e0d2dff,DEWEY,OK,s3://enverus-courthouse-prod-chd-plants/ok/dewey/a902/a9021361-a17a-4973-9cbf-8bf09e0d2dff.pdf
a911da2b-909f-4498-a17f-dc1735c4e590,LEFLORE,OK,\\smb.dc2isilon.na.drillinginfo.com\lease_data_entry\data_sources\ok_county_records\ok\leflore\a911
a91f1d2b-46e3-4e47-a2d1-feaf1f742ce8,CARTER,OK,s3://enverus-courthouse-prod-chd-plants/ok/carter/a91f/a91f1d2b-46e3-4e47-a2d1-feaf1f742ce8.pdf
a92ec7e3-0c34-4c81-9905-3c0d09fd99d6,MCCLAIN,OK,\\smb.dc2isilon.na.drillinginfo.com\lease_data_entry\data_sources\ok_county_records\ok\mcclain\a92e
a93b40f4-7d64-4269-b37c-4e094ed4ff74,SEMINOLE,OK,\\smb.dc2isilon.na.drillinginfo.com\lease_data_entry\data_sources\ok_county_records\ok\seminole\a93b
a941d8b7-2056-4947-8fa6-628cfb03f297,ROGER MILLS,OK,s3://enverus-courthouse-prod-chd-plants/ok/roger mills/a941/a941d8b7-2056-4947-8fa6-628cfb03f297.pdf
a95f90cb-ffe9-4a85-81c0-83fa52873cac,MCCLAIN,OK,s3://enverus-courthouse-prod-chd-plants/ok/mcclain/a95f/a95f90cb-ffe9-4a85-81c0-83fa52873cac.pdf
a9622ce0-0993-4cd3-9542-b2f28cd8b4cc,MAJOR,OK,\\smb.dc2isilon.na.drillinginfo.com\lease_data_entry\data_sources\ok_county_records\ok\major\a962
a96caed9-853e-4cc8-81d7-db403b020e41,BLAINE,OK,\\smb.dc2isilon.na.drillinginfo.com\lease_data_entry\data_sources\ok_county_records\ok\blaine\a96c
a96efba6-c8b1-474c-85c1-38a014c12078,TEXAS,OK,\\smb.dc2isilon.na.drillinginfo.com\lease_data_entry\data_sources\ok_county_records\ok\texas\a96e
a9720d1a-2a88-45e5-8860-4038ea782015,ELLIS,OK,s3://enverus-courthouse-prod-chd-plants/ok/ellis/a972/a9720d1a-2a88-45e5-8860-4038ea782015.pdf
a9873468-5d60-4c54-8b93-d328a1356166,DEWEY,OK,s3://enverus-courthouse-prod-chd-plants/ok/dewey/a987/a9873468-5d60-4c54-8b93-d328a1356166.pdf
a98bbe13-d9c0-4d54-ab8a-48b9b0e102ba,GARVIN,OK,s3://enverus-courthouse-prod-chd-plants/ok/garvin/a98b/a98bbe13-d9c0-4d54-ab8a-48b9b0e102ba.pdf
a98c15c1-4279-4875-a633-8716760812c9,CARTER,OK,s3://enverus-courthouse-prod-chd-plants/ok/carter/a98c/a98c15c1-4279-4875-a633-8716760812c9.pdf
a9913308-4259-4144-ab2a-65aac506dec6,STEPHENS,OK,\\smb.dc2isilon.na.drillinginfo.com\lease_data_entry\data_sources\ok_county_records\ok\stephens\a991
a9a4e697-78a1-4aa8-8597-0d7d6cea78e6,CARTER,OK,s3://enverus-courthouse-prod-chd-plants/ok/carter/a9a4/a9a4e697-78a1-4aa8-8597-0d7d6cea78e6.pdf
a9b85379-1406-4245-9367-4acf91f5d6a2,GARVIN,OK,s3://enverus-courthouse-prod-chd-plants/ok/garvin/a9b8/a9b85379-1406-4245-9367-4acf91f5d6a2.pdf
a9ba6687-c397-4703-8dbd-a3b21ae8d1a1,ROGER MILLS,OK,s3://enverus-courthouse-prod-chd-plants/ok/roger mills/a9ba/a9ba6687-c397-4703-8dbd-a3b21ae8d1a1.pdf
a9d2b178-142b-4412-b3a6-fea166d8bcb1,CARTER,OK,\\smb.dc2isilon.na.drillinginfo.com\lease_data_entry\data_sources\ok_county_records\ok\carter\a9d2
a9d6ac6b-7bb2-4e22-87f2-103f3bead880,LEFLORE,OK,\\smb.dc2isilon.na.drillinginfo.com\lease_data_entry\data_sources\ok_county_records\ok\leflore\a9d6
a9e2f98e-69ea-4591-a8e1-7db0ea98b861,BECKHAM,OK,\\smb.dc2isilon.na.drillinginfo.com\lease_data_entry\data_sources\ok_county_records\ok\beckham\a9e2
a9ec3e19-e2a0-4fc7-9a42-25e84fd35109,LINCOLN,OK,s3://enverus-courthouse-prod-chd-plants/ok/lincoln/a9ec/a9ec3e19-e2a0-4fc7-9a42-25e84fd35109.pdf
aa09f730-bda2-4c28-8361-9b614d4dc2af,MAJOR,OK,s3://enverus-courthouse-prod-chd-plants/ok/major/aa09/aa09f730-bda2-4c28-8361-9b614d4dc2af.pdf
aa0c9f61-255c-450c-b42e-a11594d07078,LOGAN,OK,\\smb.dc2isilon.na.drillinginfo.com\lease_data_entry\data_sources\ok_county_records\ok\logan\aa0c
aa12e887-11ef-4787-9634-8c9f4f8ee158,STEPHENS,OK,s3://enverus-courthouse-prod-chd-plants/ok/stephens/aa12/aa12e887-11ef-4787-9634-8c9f4f8ee158.pdf
aa155aad-4d00-4daf-b04a-715087f94fab,ELLIS,OK,s3://enverus-courthouse-prod-chd-plants/ok/ellis/aa15/aa155aad-4d00-4daf-b04a-715087f94fab.pdf
aa26750c-b02b-4d8d-9452-3b04ee93fb0f,CARTER,OK,\\smb.dc2isilon.na.drillinginfo.com\lease_data_entry\data_sources\ok_county_records\ok\carter\aa26
aa2fcf94-7cf7-49b0-a1d0-3f616fe4c8c6,MURRAY,OK,s3://enverus-courthouse-prod-chd-plants/ok/murray/aa2f/aa2fcf94-7cf7-49b0-a1d0-3f616fe4c8c6.pdf
aa4a4c8b-d559-4f4f-babf-a6d493e9aa23,ROGER MILLS,OK,s3://enverus-courthouse-prod-chd-plants/ok/roger mills/aa4a/aa4a4c8b-d559-4f4f-babf-a6d493e9aa23.pdf
aa55ec09-1b61-4bf0-bdd9-5231f3697711,MURRAY,OK,\\smb.dc2isilon.na.drillinginfo.com\lease_data_entry\data_sources\ok_county_records\ok\murray\aa55
aa611991-a26c-4144-b3d7-a8185468c0e0,GARVIN,OK,s3://enverus-courthouse-prod-chd-plants/ok/garvin/aa61/aa611991-a26c-4144-b3d7-a8185468c0e0.pdf
aa718187-5810-46dc-b725-354e06ae1093,CUSTER,OK,s3://enverus-courthouse-prod-chd-plants/ok/custer/aa71/aa718187-5810-46dc-b725-354e06ae1093.pdf
aa7cce14-cbd1-4023-97f3-27a64538250f,BLAINE,OK,s3://enverus-courthouse-prod-chd-plants/ok/blaine/aa7c/aa7cce14-cbd1-4023-97f3-27a64538250f.pdf
aa86c8db-6751-44ec-b531-0dd3e84ee736,BECKHAM,OK,s3://enverus-courthouse-prod-chd-plants/ok/beckham/aa86/aa86c8db-6751-44ec-b531-0dd3e84ee736.pdf
aa8ef295-5b14-4ac7-9929-3e94ac6521e1,LOGAN,OK,s3://enverus-courthouse-prod-chd-plants/ok/logan/aa8e/aa8ef295-5b14-4ac7-9929-3e94ac6521e1.pdf
aaa4206f-e976-4b8d-963d-9e68ce97681e,GRANT,OK,\\smb.dc2isilon.na.drillinginfo.com\lease_data_entry\data_sources\ok_county_records\ok\grant\aaa4
aaa84b00-fb79-4ffc-b893-43d4aff0eb00,ROGER MILLS,OK,s3://enverus-courthouse-prod-chd-plants/ok/roger mills/aaa8/aaa84b00-fb79-4ffc-b893-43d4aff0eb00.pdf
aaaa289d-02cd-4c0b-bc7c-aaa0f881935a,CARTER,OK,\\smb.dc2isilon.na.drillinginfo.com\lease_data_entry\data_sources\ok_county_records\ok\carter\aaaa
aab67337-36c3-4763-98d3-cff4f860fc5a,MARSHALL,OK,\\smb.dc2isilon.na.drillinginfo.com\lease_data_entry\data_sources\ok_county_records\ok\marshall\aab6
aabea81c-c735-41c7-abf9-bcbbd03d9e25,COAL,OK,s3://enverus-courthouse-prod-chd-plants/ok/coal/aabe/aabea81c-c735-41c7-abf9-bcbbd03d9e25.pdf
aae4ba22-c08f-405c-85ad-52a7280313fc,MARSHALL,OK,s3://enverus-courthouse-prod-chd-plants/ok/marshall/aae4/aae4ba22-c08f-405c-85ad-52a7280313fc.pdf
aae5c33a-56a2-456d-bd9a-1aa8e25a7d63,CARTER,OK,s3://enverus-courthouse-prod-chd-plants/ok/carter/aae5/aae5c33a-56a2-456d-bd9a-1aa8e25a7d63.pdf
aae711f2-f99c-4167-8e03-9b0923e107ea,MUSKOGEE,OK,\\smb.dc2isilon.na.drillinginfo.com\lease_data_entry\data_sources\ok_county_records\ok\muskogee\aae7
aae71788-9a7b-4d62-92e0-77283e2cc5d7,BECKHAM,OK,\\smb.dc2isilon.na.drillinginfo.com\lease_data_entry\data_sources\ok_county_records\ok\beckham\aae7
aaf73968-483d-4fdd-8baa-8cfd7e169a20,ROGER MILLS,OK,s3://enverus-courthouse-prod-chd-plants/ok/roger mills/aaf7/aaf73968-483d-4fdd-8baa-8cfd7e169a20.pdf
aafa8934-8060-4580-bda0-5f92bb8bbae0,STEPHENS,OK,s3://enverus-courthouse-prod-chd-plants/ok/stephens/aafa/aafa8934-8060-4580-bda0-5f92bb8bbae0.pdf
ab0f86b9-21cd-413d-adcb-059b5874566a,JEFFERSON,OK,\\smb.dc2isilon.na.drillinginfo.com\lease_data_entry\data_sources\ok_county_records\ok\jefferson\ab0f
ab1ca8d8-d2cc-44d2-97fc-20e5ddb3dbba,GARVIN,OK,s3://enverus-courthouse-prod-chd-plants/ok/garvin/ab1c/ab1ca8d8-d2cc-44d2-97fc-20e5ddb3dbba.pdf
ab35e893-0f63-4862-982e-b40c4cb6b87e,COMANCHE,OK,s3://enverus-courthouse-prod-chd-plants/ok/comanche/ab35/ab35e893-0f63-4862-982e-b40c4cb6b87e.pdf
ab43a920-0f5e-4a1e-9e32-c79b4268cb15,COMANCHE,OK,\\smb.dc2isilon.na.drillinginfo.com\lease_data_entry\data_sources\ok_county_records\ok\comanche\ab43
ab521988-cc12-43f1-9f71-2ea85d7b3f4d,LINCOLN,OK,\\smb.dc2isilon.na.drillinginfo.com\lease_data_entry\data_sources\ok_county_records\ok\lincoln\ab52
ab57b817-fc35-4bff-b789-5d8a2004d758,LOGAN,OK,\\smb.dc2isilon.na.drillinginfo.com\lease_data_entry\data_sources\ok_county_records\ok\logan\ab57
ab5aff7c-3125-4413-8db0-3dc72f937475,LEFLORE,OK,\\smb.dc2isilon.na.drillinginfo.com\lease_data_entry\data_sources\ok_county_records\ok\leflore\ab5a
ab6eccf2-7e19-481f-a941-1054a7ccbd31,LEFLORE,OK,\\smb.dc2isilon.na.drillinginfo.com\lease_data_entry\data_sources\ok_county_records\ok\leflore\ab6e
ab83aac0-e6c6-4c23-9f3c-6e323364baeb,LOVE,OK,s3://enverus-courthouse-prod-chd-plants/ok/love/ab83/ab83aac0-e6c6-4c23-9f3c-6e323364baeb.pdf
ab883024-2f94-4ebc-b779-d3a76a915196,ELLIS,OK,s3://enverus-courthouse-prod-chd-plants/ok/ellis/ab88/ab883024-2f94-4ebc-b779-d3a76a915196.pdf
ab8858b4-2a56-4871-a61d-c9114d0207d2,LEFLORE,OK,\\smb.dc2isilon.na.drillinginfo.com\lease_data_entry\data_sources\ok_county_records\ok\leflore\ab88
ab8ea786-2dbf-4936-abcc-fcf3032bd256,BLAINE,OK,\\smb.dc2isilon.na.drillinginfo.com\lease_data_entry\data_sources\ok_county_records\ok\blaine\ab8e
aba72407-ed6f-423f-9123-52e29a2ee69f,MARSHALL,OK,\\smb.dc2isilon.na.drillinginfo.com\lease_data_entry\data_sources\ok_county_records\ok\marshall\aba7
aba76844-eba5-4684-82f3-f8c265622823,MUSKOGEE,OK,\\smb.dc2isilon.na.drillinginfo.com\lease_data_entry\data_sources\ok_county_records\ok\muskogee\aba7
abb3c5f2-41b9-4504-94bd-80aa541b900f,MAJOR,OK,\\smb.dc2isilon.na.drillinginfo.com\lease_data_entry\data_sources\ok_county_records\ok\major\abb3
abc23cd4-5fcb-458e-94a1-61b9c39bffe4,KINGFISHER,OK,s3://enverus-courthouse-prod-chd-plants/ok/kingfisher/abc2/abc23cd4-5fcb-458e-94a1-61b9c39bffe4.pdf
abc296c6-cc59-4492-80c7-8ae1ea69c9bb,MURRAY,OK,\\smb.dc2isilon.na.drillinginfo.com\lease_data_entry\data_sources\ok_county_records\ok\murray\abc2
abc41d3d-aa81-4d23-abae-6ac49f95f3f5,LEFLORE,OK,\\smb.dc2isilon.na.drillinginfo.com\lease_data_entry\data_sources\ok_county_records\ok\leflore\abc4
abcc562e-1776-47c1-a912-40eaf39e6950,COMANCHE,OK,\\smb.dc2isilon.na.drillinginfo.com\lease_data_entry\data_sources\ok_county_records\ok\comanche\abcc
abd4e26d-8f94-4c81-95ea-9f9b6dfb74a0,STEPHENS,OK,\\smb.dc2isilon.na.drillinginfo.com\lease_data_entry\data_sources\ok_county_records\ok\stephens\abd4
abee3a03-30bd-4f08-b0f1-b8ba24b33109,ELLIS,OK,s3://enverus-courthouse-prod-chd-plants/ok/ellis/abee/abee3a03-30bd-4f08-b0f1-b8ba24b33109.pdf
abefd1fd-e302-4195-b7c6-edc62c9a2d8f,CARTER,OK,s3://enverus-courthouse-prod-chd-plants/ok/carter/abef/abefd1fd-e302-4195-b7c6-edc62c9a2d8f.pdf
abf24497-ef4c-4789-9701-14a4189a1a61,LEFLORE,OK,s3://enverus-courthouse-prod-chd-plants/ok/leflore/abf2/abf24497-ef4c-4789-9701-14a4189a1a61.pdf
abf4801d-1fa6-42b7-b8b9-c001a5f692ef,STEPHENS,OK,\\smb.dc2isilon.na.drillinginfo.com\lease_data_entry\data_sources\ok_county_records\ok\stephens\abf4
abfa83a1-c358-4df7-8857-39163830583a,SEMINOLE,OK,\\smb.dc2isilon.na.drillinginfo.com\lease_data_entry\data_sources\ok_county_records\ok\seminole\abfa
ac007091-33c3-4649-a381-76b2334fdac0,LEFLORE,OK,\\smb.dc2isilon.na.drillinginfo.com\lease_data_entry\data_sources\ok_county_records\ok\leflore\ac00
ac2215b7-a3ca-401b-9380-639ba100b72f,LOGAN,OK,\\smb.dc2isilon.na.drillinginfo.com\lease_data_entry\data_sources\ok_county_records\ok\logan\ac22
ac529515-9d04-45b9-8d63-24350d92acc1,CARTER,OK,s3://enverus-courthouse-prod-chd-plants/ok/carter/ac52/ac529515-9d04-45b9-8d63-24350d92acc1.pdf
ac5cee21-38e6-4794-9d9a-7736e133d3d9,GARVIN,OK,s3://enverus-courthouse-prod-chd-plants/ok/garvin/ac5c/ac5cee21-38e6-4794-9d9a-7736e133d3d9.pdf
ac5f4b03-849d-4019-ad69-1e0de64707cb,BLAINE,OK,s3://enverus-courthouse-prod-chd-plants/ok/blaine/ac5f/ac5f4b03-849d-4019-ad69-1e0de64707cb.pdf
ac6d8db4-90e7-47c2-81c7-af3689efaee6,MCCLAIN,OK,s3://enverus-courthouse-prod-chd-plants/ok/mcclain/ac6d/ac6d8db4-90e7-47c2-81c7-af3689efaee6.pdf
ac7791b3-be02-4f17-b343-7f62ef7fc999,LOGAN,OK,s3://enverus-courthouse-prod-chd-plants/ok/logan/ac77/ac7791b3-be02-4f17-b343-7f62ef7fc999.pdf
ac7a28b8-044b-419a-9697-4cc97543d0eb,MARSHALL,OK,s3://enverus-courthouse-prod-chd-plants/ok/marshall/ac7a/ac7a28b8-044b-419a-9697-4cc97543d0eb.pdf
ac85b730-b819-4831-a0a8-77bf1d626fce,WASHINGTON,OK,\\smb.dc2isilon.na.drillinginfo.com\lease_data_entry\data_sources\ok_county_records\ok\washington\ac85
ac9aed3b-1d5f-4e73-b510-0b7006738fc4,MARSHALL,OK,\\smb.dc2isilon.na.drillinginfo.com\lease_data_entry\data_sources\ok_county_records\ok\marshall\ac9a
ac9fe8f1-1cc1-4dd0-bd00-d2d4f734b4ce,JEFFERSON,OK,s3://enverus-courthouse-prod-chd-plants/ok/jefferson/ac9f/ac9fe8f1-1cc1-4dd0-bd00-d2d4f734b4ce.pdf
aca1a403-bfb8-4548-aa55-567ef25f453c,OKMULGEE,OK,\\smb.dc2isilon.na.drillinginfo.com\lease_data_entry\data_sources\ok_county_records\ok\okmulgee\aca1
aca3ae95-843e-4962-a37a-9c826172d087,LINCOLN,OK,s3://enverus-courthouse-prod-chd-plants/ok/lincoln/aca3/aca3ae95-843e-4962-a37a-9c826172d087.pdf
aca78be0-6dcc-49cc-a7a5-3ae5d8a2a55c,CARTER,OK,\\smb.dc2isilon.na.drillinginfo.com\lease_data_entry\data_sources\ok_county_records\ok\carter\aca7
acaaca0c-a792-47da-ae70-33f219f461f0,LEFLORE,OK,s3://enverus-courthouse-prod-chd-plants/ok/leflore/acaa/acaaca0c-a792-47da-ae70-33f219f461f0.pdf
acb874fc-cf42-4e2c-89ca-58390f2f8fb5,MAJOR,OK,s3://enverus-courthouse-prod-chd-plants/ok/major/acb8/acb874fc-cf42-4e2c-89ca-58390f2f8fb5.pdf
accf67ef-de8d-4c4f-a88b-15cc992ce9a0,STEPHENS,OK,\\smb.dc2isilon.na.drillinginfo.com\lease_data_entry\data_sources\ok_county_records\ok\stephens\accf
acdfb347-c80f-435d-a248-84c9b32cce41,ROGER MILLS,OK,s3://enverus-courthouse-prod-chd-plants/ok/roger mills/acdf/acdfb347-c80f-435d-a248-84c9b32cce41.pdf
ace52b28-41f3-4fd4-b42f-c277aa88f03f,KIOWA,OK,s3://enverus-courthouse-prod-chd-plants/ok/kiowa/ace5/ace52b28-41f3-4fd4-b42f-c277aa88f03f.pdf
acf01325-6e38-4c48-b992-e1557e6947ab,GARVIN,OK,s3://enverus-courthouse-prod-chd-plants/ok/garvin/acf0/acf01325-6e38-4c48-b992-e1557e6947ab.pdf
ad032d8c-0ca6-49a9-a594-50e7b2b04651,STEPHENS,OK,\\smb.dc2isilon.na.drillinginfo.com\lease_data_entry\data_sources\ok_county_records\ok\stephens\ad03
ad0468cd-e654-4b76-8fee-daf2378a144d,KINGFISHER,OK,s3://enverus-courthouse-prod-chd-plants/ok/kingfisher/ad04/ad0468cd-e654-4b76-8fee-daf2378a144d.pdf
ad06a865-b3e3-4faa-96f6-8f9c8d634b08,GARVIN,OK,\\smb.dc2isilon.na.drillinginfo.com\lease_data_entry\data_sources\ok_county_records\ok\garvin\ad06
ad118337-f3f2-4f91-aa77-1ae731a60a5f,KINGFISHER,OK,\\smb.dc2isilon.na.drillinginfo.com\lease_data_entry\data_sources\ok_county_records\ok\kingfisher\ad11
ad1ecb13-5162-44b4-8416-06810227dce8,BECKHAM,OK,\\smb.dc2isilon.na.drillinginfo.com\lease_data_entry\data_sources\ok_county_records\ok\beckham\ad1e
ad369aa5-3664-484d-bb52-7e73e3d71fbb,LOGAN,OK,s3://enverus-courthouse-prod-chd-plants/ok/logan/ad36/ad369aa5-3664-484d-bb52-7e73e3d71fbb.pdf
ad39da13-0b61-48c5-872b-0e111e97058a,KAY,OK,\\smb.dc2isilon.na.drillinginfo.com\lease_data_entry\data_sources\ok_county_records\ok\kay\ad39
ad4a333e-586c-4273-b333-9989f1e22b37,LEFLORE,OK,s3://enverus-courthouse-prod-chd-plants/ok/leflore/ad4a/ad4a333e-586c-4273-b333-9989f1e22b37.pdf
ad68aba8-3258-4e88-87dc-31188e1f1a31,ROGER MILLS,OK,s3://enverus-courthouse-prod-chd-plants/ok/roger mills/ad68/ad68aba8-3258-4e88-87dc-31188e1f1a31.pdf
ad6901df-f77b-4323-bcc4-58493b148ae9,COMANCHE,OK,\\smb.dc2isilon.na.drillinginfo.com\lease_data_entry\data_sources\ok_county_records\ok\comanche\ad69
ad70b3a7-7c07-419b-8d23-2ca4cbbec2e1,LINCOLN,OK,s3://enverus-courthouse-prod-chd-plants/ok/lincoln/ad70/ad70b3a7-7c07-419b-8d23-2ca4cbbec2e1.pdf
ad7e622e-0b38-46d7-98b3-7670c146f0c4,OKMULGEE,OK,\\smb.dc2isilon.na.drillinginfo.com\lease_data_entry\data_sources\ok_county_records\ok\okmulgee\ad7e
adb5905d-94f4-47ca-9079-1941ab59bcd5,LOVE,OK,\\smb.dc2isilon.na.drillinginfo.com\lease_data_entry\data_sources\ok_county_records\ok\love\adb5
adb7a89d-224d-4fb6-acef-537f5412fccc,MAJOR,OK,s3://enverus-courthouse-prod-chd-plants/ok/major/adb7/adb7a89d-224d-4fb6-acef-537f5412fccc.pdf
adbc397c-901f-40f5-bb87-27eea9f07e2f,SEMINOLE,OK,s3://enverus-courthouse-prod-chd-plants/ok/seminole/adbc/adbc397c-901f-40f5-bb87-27eea9f07e2f.pdf
adc05466-f5b2-4830-a42c-1081e080653b,PITTSBURG,OK,s3://enverus-courthouse-prod-chd-plants/ok/pittsburg/adc0/adc05466-f5b2-4830-a42c-1081e080653b.pdf
adc44bf2-c0d3-422e-9e2a-14f3dc558a3c,STEPHENS,OK,s3://enverus-courthouse-prod-chd-plants/ok/stephens/adc4/adc44bf2-c0d3-422e-9e2a-14f3dc558a3c.pdf
adcd8277-bce5-4f89-a84b-f447c1a2e64e,ROGER MILLS,OK,s3://enverus-courthouse-prod-chd-plants/ok/roger mills/adcd/adcd8277-bce5-4f89-a84b-f447c1a2e64e.pdf
add3d748-b499-4720-854f-a9e33ba63ab0,LOGAN,OK,\\smb.dc2isilon.na.drillinginfo.com\lease_data_entry\data_sources\ok_county_records\ok\logan\add3
addeb10f-1c41-4db6-9564-7c697a1ceec0,MUSKOGEE,OK,s3://enverus-courthouse-prod-chd-plants/ok/muskogee/adde/addeb10f-1c41-4db6-9564-7c697a1ceec0.pdf
ade0ce20-fa4f-4939-af0b-924a73f6d63b,MAJOR,OK,s3://enverus-courthouse-prod-chd-plants/ok/major/ade0/ade0ce20-fa4f-4939-af0b-924a73f6d63b.pdf
adfc6cab-7ddd-4c05-a6f4-e98fa749593c,MAJOR,OK,s3://enverus-courthouse-prod-chd-plants/ok/major/adfc/adfc6cab-7ddd-4c05-a6f4-e98fa749593c.pdf
ae1909b8-9d53-4bdb-9c14-c012a1531af9,LOGAN,OK,s3://enverus-courthouse-prod-chd-plants/ok/logan/ae19/ae1909b8-9d53-4bdb-9c14-c012a1531af9.pdf
ae2dc007-287f-45f2-a203-363c6661e1ed,WOODWARD,OK,\\smb.dc2isilon.na.drillinginfo.com\lease_data_entry\data_sources\ok_county_records\ok\woodward\ae2d
ae309aa2-0d5f-48d2-b758-6ff1ff5c2aea,KINGFISHER,OK,\\smb.dc2isilon.na.drillinginfo.com\lease_data_entry\data_sources\ok_county_records\ok\kingfisher\ae30
ae34b44d-eb1a-4c8f-aed2-436ccdfee48c,BECKHAM,OK,\\smb.dc2isilon.na.drillinginfo.com\lease_data_entry\data_sources\ok_county_records\ok\beckham\ae34
ae49728e-009c-4f33-803b-5bf4a067ee2d,STEPHENS,OK,\\smb.dc2isilon.na.drillinginfo.com\lease_data_entry\data_sources\ok_county_records\ok\stephens\ae49
ae4e6147-e27e-4cd0-b7c2-524f6d387299,ROGER MILLS,OK,s3://enverus-courthouse-prod-chd-plants/ok/roger mills/ae4e/ae4e6147-e27e-4cd0-b7c2-524f6d387299.pdf
ae5a9a2c-fa10-4f86-9def-a19920ac764c,SEMINOLE,OK,s3://enverus-courthouse-prod-chd-plants/ok/seminole/ae5a/ae5a9a2c-fa10-4f86-9def-a19920ac764c.pdf
ae5b859b-e261-49e4-a432-bed4aa416899,COMANCHE,OK,\\smb.dc2isilon.na.drillinginfo.com\lease_data_entry\data_sources\ok_county_records\ok\comanche\ae5b
ae5bff1b-eaff-4bb9-b123-36068567768d,CUSTER,OK,s3://enverus-courthouse-prod-chd-plants/ok/custer/ae5b/ae5bff1b-eaff-4bb9-b123-36068567768d.pdf
ae5e57b3-bfde-409e-bf61-06e75a2da0ae,CARTER,OK,s3://enverus-courthouse-prod-chd-plants/ok/carter/ae5e/ae5e57b3-bfde-409e-bf61-06e75a2da0ae.pdf
ae71e24c-d6f2-44f8-982d-94e657e3ab3b,WOODWARD,OK,s3://enverus-courthouse-prod-chd-plants/ok/woodward/ae71/ae71e24c-d6f2-44f8-982d-94e657e3ab3b.pdf
ae7946d9-26ce-45ea-a3e6-73e3abca2d8e,COMANCHE,OK,\\smb.dc2isilon.na.drillinginfo.com\lease_data_entry\data_sources\ok_county_records\ok\comanche\ae79
ae7d13ad-cd1c-4a0b-9cd2-ef95a24655c2,WOODWARD,OK,\\smb.dc2isilon.na.drillinginfo.com\lease_data_entry\data_sources\ok_county_records\ok\woodward\ae7d
ae7e8f47-21b4-4fdf-8e71-a590f2d15c59,CARTER,OK,s3://enverus-courthouse-prod-chd-plants/ok/carter/ae7e/ae7e8f47-21b4-4fdf-8e71-a590f2d15c59.pdf
ae9e84a1-4a19-4023-b2d3-c705a263876e,ROGER MILLS,OK,s3://enverus-courthouse-prod-chd-plants/ok/roger mills/ae9e/ae9e84a1-4a19-4023-b2d3-c705a263876e.pdf
ae9ff48f-3742-458b-ba4b-48508d87949c,LOGAN,OK,s3://enverus-courthouse-prod-chd-plants/ok/logan/ae9f/ae9ff48f-3742-458b-ba4b-48508d87949c.pdf
aea0e0f6-e8d8-4bc6-8301-56896321aa76,MARSHALL,OK,s3://enverus-courthouse-prod-chd-plants/ok/marshall/aea0/aea0e0f6-e8d8-4bc6-8301-56896321aa76.pdf
aeb0d3c9-0d0a-43e1-b865-dc7bd1fc994c,MARSHALL,OK,s3://enverus-courthouse-prod-chd-plants/ok/marshall/aeb0/aeb0d3c9-0d0a-43e1-b865-dc7bd1fc994c.pdf
aeb6ee46-5153-484d-891b-f37a3ab9601a,COMANCHE,OK,\\smb.dc2isilon.na.drillinginfo.com\lease_data_entry\data_sources\ok_county_records\ok\comanche\aeb6
aed8c7a6-76e8-462d-917f-470f509e6cf4,ROGER MILLS,OK,s3://enverus-courthouse-prod-chd-plants/ok/roger mills/aed8/aed8c7a6-76e8-462d-917f-470f509e6cf4.pdf
aedccfcd-67b8-4a4a-b954-4c9a6b00288e,LOGAN,OK,s3://enverus-courthouse-prod-chd-plants/ok/logan/aedc/aedccfcd-67b8-4a4a-b954-4c9a6b00288e.pdf
aee9b053-80ad-46a5-88eb-8aa0cc88056b,COAL,OK,s3://enverus-courthouse-prod-chd-plants/ok/coal/aee9/aee9b053-80ad-46a5-88eb-8aa0cc88056b.pdf
aeef1326-091a-4bb5-b2d4-0d31b97a395f,STEPHENS,OK,s3://enverus-courthouse-prod-chd-plants/ok/stephens/aeef/aeef1326-091a-4bb5-b2d4-0d31b97a395f.pdf
aef3c13a-4160-4808-9a45-4acc62ace775,LINCOLN,OK,s3://enverus-courthouse-prod-chd-plants/ok/lincoln/aef3/aef3c13a-4160-4808-9a45-4acc62ace775.pdf
aef3f42d-39ed-4e3e-9fc4-2f775ce4c5fd,CUSTER,OK,\\smb.dc2isilon.na.drillinginfo.com\lease_data_entry\data_sources\ok_county_records\ok\custer\aef3
aefc52bb-ecff-4ad5-8edd-ac93cc8aa247,CUSTER,OK,\\smb.dc2isilon.na.drillinginfo.com\lease_data_entry\data_sources\ok_county_records\ok\custer\aefc
af157aaf-eeec-43d4-b542-44d8f823019d,PAWNEE,OK,\\smb.dc2isilon.na.drillinginfo.com\lease_data_entry\data_sources\ok_county_records\ok\pawnee\af15
af1d17e3-d5c2-452b-b503-9f605cab4e46,MCINTOSH,OK,\\smb.dc2isilon.na.drillinginfo.com\lease_data_entry\data_sources\ok_county_records\ok\mcintosh\af1d
af1db277-3052-4530-a23f-f9ac4ef24cf7,LINCOLN,OK,s3://enverus-courthouse-prod-chd-plants/ok/lincoln/af1d/af1db277-3052-4530-a23f-f9ac4ef24cf7.pdf
af4273f5-13b3-4bb0-a31b-85458f630b20,LEFLORE,OK,\\smb.dc2isilon.na.drillinginfo.com\lease_data_entry\data_sources\ok_county_records\ok\leflore\af42
af446028-58ef-4087-b8de-5ddffe2a7f4c,KINGFISHER,OK,\\smb.dc2isilon.na.drillinginfo.com\lease_data_entry\data_sources\ok_county_records\ok\kingfisher\af44
af52c332-4ce2-4fd1-84ae-7c1b7541d9e1,COMANCHE,OK,\\smb.dc2isilon.na.drillinginfo.com\lease_data_entry\data_sources\ok_county_records\ok\comanche\af52
af62b4f1-d912-402a-8a66-01f5a8f490a6,GRANT,OK,\\smb.dc2isilon.na.drillinginfo.com\lease_data_entry\data_sources\ok_county_records\ok\grant\af62
af69de86-d067-4fdc-8264-2e753decdafe,WOODWARD,OK,\\smb.dc2isilon.na.drillinginfo.com\lease_data_entry\data_sources\ok_county_records\ok\woodward\af69
af727c71-be1e-470b-ba86-a14200194fd7,OKMULGEE,OK,\\smb.dc2isilon.na.drillinginfo.com\lease_data_entry\data_sources\ok_county_records\ok\okmulgee\af72
af740d95-8024-4744-8239-f5b8a3620d0b,ROGER MILLS,OK,s3://enverus-courthouse-prod-chd-plants/ok/roger mills/af74/af740d95-8024-4744-8239-f5b8a3620d0b.pdf
af77fc93-973e-4585-9ee5-183a4872bb53,BLAINE,OK,\\smb.dc2isilon.na.drillinginfo.com\lease_data_entry\data_sources\ok_county_records\ok\blaine\af77
af80400e-4a00-4c3d-8f15-1ff95d7831ba,ELLIS,OK,s3://enverus-courthouse-prod-chd-plants/ok/ellis/af80/af80400e-4a00-4c3d-8f15-1ff95d7831ba.pdf
af8ad70c-32f1-4d5b-aa0f-3bae294f03e4,OKMULGEE,OK,\\smb.dc2isilon.na.drillinginfo.com\lease_data_entry\data_sources\ok_county_records\ok\okmulgee\af8a
af8b06b3-d817-415d-9338-5bd387336895,MCCLAIN,OK,s3://enverus-courthouse-prod-chd-plants/ok/mcclain/af8b/af8b06b3-d817-415d-9338-5bd387336895.pdf
af915d9d-df66-4d1d-8061-f2cd2a26fcdc,CARTER,OK,s3://enverus-courthouse-prod-chd-plants/ok/carter/af91/af915d9d-df66-4d1d-8061-f2cd2a26fcdc.pdf
af99ecde-4042-45ee-b11e-747585b4391f,LEFLORE,OK,\\smb.dc2isilon.na.drillinginfo.com\lease_data_entry\data_sources\ok_county_records\ok\leflore\af99
afa0a328-85c5-4bb1-850d-e8142c67cb9d,LEFLORE,OK,\\smb.dc2isilon.na.drillinginfo.com\lease_data_entry\data_sources\ok_county_records\ok\leflore\afa0
afaeba43-9451-4211-81f3-f002666b564a,LOGAN,OK,s3://enverus-courthouse-prod-chd-plants/ok/logan/afae/afaeba43-9451-4211-81f3-f002666b564a.pdf
afaf5fcf-2679-4d84-b6bf-063b7b189680,ELLIS,OK,\\smb.dc2isilon.na.drillinginfo.com\lease_data_entry\data_sources\ok_county_records\ok\ellis\afaf
afbf6b0f-2f8e-482d-b797-e89fcb192f03,MCCLAIN,OK,s3://enverus-courthouse-prod-chd-plants/ok/mcclain/afbf/afbf6b0f-2f8e-482d-b797-e89fcb192f03.pdf
afcca429-ffa1-4f1e-bcf7-05bd735afec3,ELLIS,OK,\\smb.dc2isilon.na.drillinginfo.com\lease_data_entry\data_sources\ok_county_records\ok\ellis\afcc
aff9b0f0-37b8-4069-919a-31cc4e82d5de,COAL,OK,s3://enverus-courthouse-prod-chd-plants/ok/coal/aff9/aff9b0f0-37b8-4069-919a-31cc4e82d5de.pdf
b00857db-92b8-4c39-8e57-112e94b31429,SEMINOLE,OK,\\smb.dc2isilon.na.drillinginfo.com\lease_data_entry\data_sources\ok_county_records\ok\seminole\b008
b012682d-3019-40c8-9f20-510b1f76680e,MAJOR,OK,\\smb.dc2isilon.na.drillinginfo.com\lease_data_entry\data_sources\ok_county_records\ok\major\b012
b0355fb7-1339-4574-8853-092fc3305329,KINGFISHER,OK,s3://enverus-courthouse-prod-chd-plants/ok/kingfisher/b035/b0355fb7-1339-4574-8853-092fc3305329.pdf
b040bf8e-0026-41ee-81fc-9a95b543c9c3,LOGAN,OK,\\smb.dc2isilon.na.drillinginfo.com\lease_data_entry\data_sources\ok_county_records\ok\logan\b040
b052464b-55d5-426b-8d2b-e059649683a4,MCCLAIN,OK,\\smb.dc2isilon.na.drillinginfo.com\lease_data_entry\data_sources\ok_county_records\ok\mcclain\b052
b05b3ed9-f895-482c-bff5-31849c93a612,MARSHALL,OK,s3://enverus-courthouse-prod-chd-plants/ok/marshall/b05b/b05b3ed9-f895-482c-bff5-31849c93a612.pdf
b06cf3de-579b-4784-a3fa-e7ca1092dda3,CARTER,OK,\\smb.dc2isilon.na.drillinginfo.com\lease_data_entry\data_sources\ok_county_records\ok\carter\b06c
b0710e16-2c17-4ffc-89d6-5bd1bd7656b3,BECKHAM,OK,\\smb.dc2isilon.na.drillinginfo.com\lease_data_entry\data_sources\ok_county_records\ok\beckham\b071
b071c732-358d-47d7-ab75-46ae26d49fe3,PITTSBURG,OK,s3://enverus-courthouse-prod-chd-plants/ok/pittsburg/b071/b071c732-358d-47d7-ab75-46ae26d49fe3.pdf
b074da4b-61f4-43ce-b9ec-b4729801a9e9,WOODWARD,OK,\\smb.dc2isilon.na.drillinginfo.com\lease_data_entry\data_sources\ok_county_records\ok\woodward\b074
b08dd783-9251-46c1-b118-13394d4fa7b8,MCCLAIN,OK,s3://enverus-courthouse-prod-chd-plants/ok/mcclain/b08d/b08dd783-9251-46c1-b118-13394d4fa7b8.pdf
b0ae794c-a2cd-42f6-bcee-7b2f1e60113a,MUSKOGEE,OK,\\smb.dc2isilon.na.drillinginfo.com\lease_data_entry\data_sources\ok_county_records\ok\muskogee\b0ae
b0bce3dd-bb93-4cfb-9337-4a21437b7e48,GARVIN,OK,s3://enverus-courthouse-prod-chd-plants/ok/garvin/b0bc/b0bce3dd-bb93-4cfb-9337-4a21437b7e48.pdf
b0c3ca69-7d2d-48a3-89f5-3abe2d72e89c,GRANT,OK,s3://enverus-courthouse-prod-chd-plants/ok/grant/b0c3/b0c3ca69-7d2d-48a3-89f5-3abe2d72e89c.pdf
b0d290ef-a194-4533-83d4-c18bc997e71c,MURRAY,OK,\\smb.dc2isilon.na.drillinginfo.com\lease_data_entry\data_sources\ok_county_records\ok\murray\b0d2
b0ebb97c-f85c-4385-b214-a97145d8b863,CUSTER,OK,\\smb.dc2isilon.na.drillinginfo.com\lease_data_entry\data_sources\ok_county_records\ok\custer\b0eb
b0f3b0ae-64fe-4a39-b549-059e22f31002,LOVE,OK,s3://enverus-courthouse-prod-chd-plants/ok/love/b0f3/b0f3b0ae-64fe-4a39-b549-059e22f31002.pdf
b0f95b9a-6456-4ba9-911b-47b9bbc90769,COMANCHE,OK,\\smb.dc2isilon.na.drillinginfo.com\lease_data_entry\data_sources\ok_county_records\ok\comanche\b0f9
b0fa2629-e577-4b51-8005-e8328f5e2ef8,STEPHENS,OK,s3://enverus-courthouse-prod-chd-plants/ok/stephens/b0fa/b0fa2629-e577-4b51-8005-e8328f5e2ef8.pdf
b11258bd-4547-4ef1-9d8d-72b2057dbe00,WASHITA,OK,s3://enverus-courthouse-prod-chd-plants/ok/washita/b112/b11258bd-4547-4ef1-9d8d-72b2057dbe00.pdf
b114941c-955f-4596-b978-b6dde4569fcd,MARSHALL,OK,\\smb.dc2isilon.na.drillinginfo.com\lease_data_entry\data_sources\ok_county_records\ok\marshall\b114
b127accf-d50f-41d0-8221-e2dfb1f57ed2,KINGFISHER,OK,s3://enverus-courthouse-prod-chd-plants/ok/kingfisher/b127/b127accf-d50f-41d0-8221-e2dfb1f57ed2.pdf
b1286959-29ca-4b62-964e-637ac1b94826,STEPHENS,OK,\\smb.dc2isilon.na.drillinginfo.com\lease_data_entry\data_sources\ok_county_records\ok\stephens\b128
b12ad175-62c3-4d25-baa9-6c752f0d92b3,COMANCHE,OK,\\smb.dc2isilon.na.drillinginfo.com\lease_data_entry\data_sources\ok_county_records\ok\comanche\b12a
b151646d-7ea1-4a22-b03f-cccee8c620bd,COMANCHE,OK,\\smb.dc2isilon.na.drillinginfo.com\lease_data_entry\data_sources\ok_county_records\ok\comanche\b151
b1694c81-3f23-45e6-8c33-04863fb8819c,KAY,OK,\\smb.dc2isilon.na.drillinginfo.com\lease_data_entry\data_sources\ok_county_records\ok\kay\b169
b18cc03f-44b6-4f2b-9e90-8b2fa7715cbf,ROGER MILLS,OK,s3://enverus-courthouse-prod-chd-plants/ok/roger mills/b18c/b18cc03f-44b6-4f2b-9e90-8b2fa7715cbf.pdf
b1950186-cfeb-403f-8d55-be7884206edb,WASHINGTON,OK,\\smb.dc2isilon.na.drillinginfo.com\lease_data_entry\data_sources\ok_county_records\ok\washington\b195
b195661a-56e5-42b3-ab49-01bb9d6385fa,DEWEY,OK,s3://enverus-courthouse-prod-chd-plants/ok/dewey/b195/b195661a-56e5-42b3-ab49-01bb9d6385fa.pdf
b1a34856-d4a4-4ba8-8958-4e790a3ed363,MCCLAIN,OK,\\smb.dc2isilon.na.drillinginfo.com\lease_data_entry\data_sources\ok_county_records\ok\mcclain\b1a3
b1af6a50-2389-4da2-82b4-d47bf70767b3,GARVIN,OK,s3://enverus-courthouse-prod-chd-plants/ok/garvin/b1af/b1af6a50-2389-4da2-82b4-d47bf70767b3.pdf
b1b0a2a0-21dc-488f-a4ae-76c82b6192b3,KINGFISHER,OK,\\smb.dc2isilon.na.drillinginfo.com\lease_data_entry\data_sources\ok_county_records\ok\kingfisher\b1b0
b1c10edf-8cc4-427d-834b-72ad4fbbbd0e,MCINTOSH,OK,\\smb.dc2isilon.na.drillinginfo.com\lease_data_entry\data_sources\ok_county_records\ok\mcintosh\b1c1
b1c898c0-6fc2-413c-8bee-e4380798aa86,BECKHAM,OK,\\smb.dc2isilon.na.drillinginfo.com\lease_data_entry\data_sources\ok_county_records\ok\beckham\b1c8
b1cca925-1af4-4947-aa52-b11dcc6307da,WOODWARD,OK,\\smb.dc2isilon.na.drillinginfo.com\lease_data_entry\data_sources\ok_county_records\ok\woodward\b1cc
b1e56ba1-bcde-4f37-ae88-10e3ee241a72,COMANCHE,OK,\\smb.dc2isilon.na.drillinginfo.com\lease_data_entry\data_sources\ok_county_records\ok\comanche\b1e5
b1ee9495-4636-4c64-9d00-b881d72cb9c8,LOGAN,OK,\\smb.dc2isilon.na.drillinginfo.com\lease_data_entry\data_sources\ok_county_records\ok\logan\b1ee
b1f8ba99-dd9e-464d-b4a4-0475fb4ef86e,SEMINOLE,OK,s3://enverus-courthouse-prod-chd-plants/ok/seminole/b1f8/b1f8ba99-dd9e-464d-b4a4-0475fb4ef86e.pdf
b1f9a426-5fbc-4239-b8d8-3ceeb0a45b8d,LEFLORE,OK,s3://enverus-courthouse-prod-chd-plants/ok/leflore/b1f9/b1f9a426-5fbc-4239-b8d8-3ceeb0a45b8d.pdf
b202486b-851d-487b-8732-1955bf3a067c,LOGAN,OK,s3://enverus-courthouse-prod-chd-plants/ok/logan/b202/b202486b-851d-487b-8732-1955bf3a067c.pdf
b2189139-b611-4627-8993-5107680fd2c5,LOVE,OK,s3://enverus-courthouse-prod-chd-plants/ok/love/b218/b2189139-b611-4627-8993-5107680fd2c5.pdf
b21ec3c9-5836-4310-a91e-f84ed389553f,CARTER,OK,s3://enverus-courthouse-prod-chd-plants/ok/carter/b21e/b21ec3c9-5836-4310-a91e-f84ed389553f.pdf
b225e41c-8aa6-4ee1-ae4b-f242696a8858,COMANCHE,OK,\\smb.dc2isilon.na.drillinginfo.com\lease_data_entry\data_sources\ok_county_records\ok\comanche\b225
b230d1bd-9bc2-4734-9d7f-df51b838cd75,BECKHAM,OK,\\smb.dc2isilon.na.drillinginfo.com\lease_data_entry\data_sources\ok_county_records\ok\beckham\b230
b235acce-71a5-4606-958b-8b5aebc8ac86,WASHITA,OK,\\smb.dc2isilon.na.drillinginfo.com\lease_data_entry\data_sources\ok_county_records\ok\washita\b235
b23fa934-c6bc-4c20-87a0-510d52fba381,STEPHENS,OK,s3://enverus-courthouse-prod-chd-plants/ok/stephens/b23f/b23fa934-c6bc-4c20-87a0-510d52fba381.pdf
b2445d54-2bc8-450d-b622-5b9d54cea341,STEPHENS,OK,\\smb.dc2isilon.na.drillinginfo.com\lease_data_entry\data_sources\ok_county_records\ok\stephens\b244
b244db6b-8e57-4d7e-966d-6465022e4fb5,LOGAN,OK,\\smb.dc2isilon.na.drillinginfo.com\lease_data_entry\data_sources\ok_county_records\ok\logan\b244
b24c8a6f-69f5-432e-a59d-50f3d6745a2b,MURRAY,OK,\\smb.dc2isilon.na.drillinginfo.com\lease_data_entry\data_sources\ok_county_records\ok\murray\b24c
b2649278-856a-4e77-874a-a6415d85bde4,OKMULGEE,OK,\\smb.dc2isilon.na.drillinginfo.com\lease_data_entry\data_sources\ok_county_records\ok\okmulgee\b264
b2651d0f-4812-46b3-a259-7b3b02103c02,PONTOTOC,OK,s3://enverus-courthouse-prod-chd-plants/ok/pontotoc/b265/b2651d0f-4812-46b3-a259-7b3b02103c02.pdf
b2656489-904a-4ebf-9dde-bc1a56404530,MCINTOSH,OK,s3://enverus-courthouse-prod-chd-plants/ok/mcintosh/b265/b2656489-904a-4ebf-9dde-bc1a56404530.pdf
b266295e-a865-443a-a261-b354ef971234,ELLIS,OK,s3://enverus-courthouse-prod-chd-plants/ok/ellis/b266/b266295e-a865-443a-a261-b354ef971234.pdf
b26b90a9-8c10-4263-a3e3-3b08d14f7fd2,ELLIS,OK,s3://enverus-courthouse-prod-chd-plants/ok/ellis/b26b/b26b90a9-8c10-4263-a3e3-3b08d14f7fd2.pdf
b28842a8-a734-4513-af04-16cf2ab78b8b,KINGFISHER,OK,s3://enverus-courthouse-prod-chd-plants/ok/kingfisher/b288/b28842a8-a734-4513-af04-16cf2ab78b8b.pdf
b28fea9f-72f9-4d05-9e42-6461baa7d34b,MURRAY,OK,\\smb.dc2isilon.na.drillinginfo.com\lease_data_entry\data_sources\ok_county_records\ok\murray\b28f
b2b03001-3e6d-4fd3-9572-2f5289a5d063,LOGAN,OK,\\smb.dc2isilon.na.drillinginfo.com\lease_data_entry\data_sources\ok_county_records\ok\logan\b2b0
b2c0dc36-ad3d-420d-8f99-525e4e35e5a8,GARVIN,OK,s3://enverus-courthouse-prod-chd-plants/ok/garvin/b2c0/b2c0dc36-ad3d-420d-8f99-525e4e35e5a8.pdf
b2c5ec67-20c0-4b52-84bd-0a7832a826ff,STEPHENS,OK,s3://enverus-courthouse-prod-chd-plants/ok/stephens/b2c5/b2c5ec67-20c0-4b52-84bd-0a7832a826ff.pdf
b2c7587b-856d-410c-8e04-2aa174835bc3,BECKHAM,OK,\\smb.dc2isilon.na.drillinginfo.com\lease_data_entry\data_sources\ok_county_records\ok\beckham\b2c7
b2ca0a50-1409-40d0-9acc-8017c264c196,STEPHENS,OK,\\smb.dc2isilon.na.drillinginfo.com\lease_data_entry\data_sources\ok_county_records\ok\stephens\b2ca
b2cba24c-106e-4488-ba50-60b31fc2ddc1,STEPHENS,OK,s3://enverus-courthouse-prod-chd-plants/ok/stephens/b2cb/b2cba24c-106e-4488-ba50-60b31fc2ddc1.pdf
b2d0afaa-0fee-4810-b17f-eb80ee64a862,OKMULGEE,OK,\\smb.dc2isilon.na.drillinginfo.com\lease_data_entry\data_sources\ok_county_records\ok\okmulgee\b2d0
b2d7aa78-8573-4a7f-9cb0-f2a0a3ba1c8c,MCCLAIN,OK,\\smb.dc2isilon.na.drillinginfo.com\lease_data_entry\data_sources\ok_county_records\ok\mcclain\b2d7
b2d83c74-2d70-4742-bef1-2fe2d1dbddf8,COMANCHE,OK,\\smb.dc2isilon.na.drillinginfo.com\lease_data_entry\data_sources\ok_county_records\ok\comanche\b2d8
b2da6dfa-0b80-486b-b6f7-e9a990255117,LOGAN,OK,s3://enverus-courthouse-prod-chd-plants/ok/logan/b2da/b2da6dfa-0b80-486b-b6f7-e9a990255117.pdf
b2df88fa-2659-4a26-8085-9202919b9016,COMANCHE,OK,\\smb.dc2isilon.na.drillinginfo.com\lease_data_entry\data_sources\ok_county_records\ok\comanche\b2df
b2e5552f-e473-44fd-93f1-c0b58252c0fa,STEPHENS,OK,s3://enverus-courthouse-prod-chd-plants/ok/stephens/b2e5/b2e5552f-e473-44fd-93f1-c0b58252c0fa.pdf
b2fa5251-d436-4897-b4c6-594e492b98a8,LOVE,OK,\\smb.dc2isilon.na.drillinginfo.com\lease_data_entry\data_sources\ok_county_records\ok\love\b2fa
b2fcc478-8436-45da-87fc-425ee6fd59b6,SEMINOLE,OK,\\smb.dc2isilon.na.drillinginfo.com\lease_data_entry\data_sources\ok_county_records\ok\seminole\b2fc
b2ff21bc-d723-46de-b8f2-9c38dfbdcddb,DEWEY,OK,s3://enverus-courthouse-prod-chd-plants/ok/dewey/b2ff/b2ff21bc-d723-46de-b8f2-9c38dfbdcddb.pdf
b314a6ac-c388-45e0-bf79-99c575ba9920,COAL,OK,\\smb.dc2isilon.na.drillinginfo.com\lease_data_entry\data_sources\ok_county_records\ok\coal\b314
b32cb28c-8497-4e39-bd31-3abb666f618d,PITTSBURG,OK,\\smb.dc2isilon.na.drillinginfo.com\lease_data_entry\data_sources\ok_county_records\ok\pittsburg\b32c
b33fedaa-53a7-4bc0-9a5b-613671b92d4c,LINCOLN,OK,s3://enverus-courthouse-prod-chd-plants/ok/lincoln/b33f/b33fedaa-53a7-4bc0-9a5b-613671b92d4c.pdf
b344aae5-57a0-442a-94dd-539412c8b248,LOVE,OK,s3://enverus-courthouse-prod-chd-plants/ok/love/b344/b344aae5-57a0-442a-94dd-539412c8b248.pdf
b34d17de-d96e-4071-a130-6154304ca49d,WOODWARD,OK,\\smb.dc2isilon.na.drillinginfo.com\lease_data_entry\data_sources\ok_county_records\ok\woodward\b34d
b360b977-326d-49b6-baad-4d14a50fbc98,MCCLAIN,OK,s3://enverus-courthouse-prod-chd-plants/ok/mcclain/b360/b360b977-326d-49b6-baad-4d14a50fbc98.pdf
b37f5c9c-7ff9-4ad9-a8ab-4c5b70bb6d71,LOVE,OK,\\smb.dc2isilon.na.drillinginfo.com\lease_data_entry\data_sources\ok_county_records\ok\love\b37f
b39379db-4fd2-443d-9b45-3d234969d123,SEMINOLE,OK,\\smb.dc2isilon.na.drillinginfo.com\lease_data_entry\data_sources\ok_county_records\ok\seminole\b393
b397edd7-55a4-4654-b708-724ef05c56a7,KINGFISHER,OK,s3://enverus-courthouse-prod-chd-plants/ok/kingfisher/b397/b397edd7-55a4-4654-b708-724ef05c56a7.pdf
b39cd300-8149-4d95-bce9-0c80a7f595df,WASHITA,OK,s3://enverus-courthouse-prod-chd-plants/ok/washita/b39c/b39cd300-8149-4d95-bce9-0c80a7f595df.pdf
b3b1adbe-79ba-4ce7-9381-dd485da43c19,PONTOTOC,OK,\\smb.dc2isilon.na.drillinginfo.com\lease_data_entry\data_sources\ok_county_records\ok\pontotoc\b3b1
b3c43467-f167-4188-ae0c-727ac91c88ed,ROGER MILLS,OK,s3://enverus-courthouse-prod-chd-plants/ok/roger mills/b3c4/b3c43467-f167-4188-ae0c-727ac91c88ed.pdf
b3d75798-c94f-45b9-a779-9059223feca9,WASHINGTON,OK,s3://enverus-courthouse-prod-chd-plants/ok/washington/b3d7/b3d75798-c94f-45b9-a779-9059223feca9.pdf
b3daaa96-becc-40b6-9aeb-9ebfc007f0c2,CARTER,OK,s3://enverus-courthouse-prod-chd-plants/ok/carter/b3da/b3daaa96-becc-40b6-9aeb-9ebfc007f0c2.pdf
b3e22295-ba5d-43d3-84e2-8c7a0e84c3a2,LOGAN,OK,\\smb.dc2isilon.na.drillinginfo.com\lease_data_entry\data_sources\ok_county_records\ok\logan\b3e2
b3e6e7ad-09f0-4c8e-9cab-19077f6880a9,STEPHENS,OK,\\smb.dc2isilon.na.drillinginfo.com\lease_data_entry\data_sources\ok_county_records\ok\stephens\b3e6
b3f11133-b854-4792-a83d-f98d33d3b04e,COMANCHE,OK,\\smb.dc2isilon.na.drillinginfo.com\lease_data_entry\data_sources\ok_county_records\ok\comanche\b3f1
b3fb02f2-701c-4e0b-bf9f-bb30d22fe248,CUSTER,OK,\\smb.dc2isilon.na.drillinginfo.com\lease_data_entry\data_sources\ok_county_records\ok\custer\b3fb
b4227b74-7b86-4ba5-83e9-c75b614b27f6,LOGAN,OK,s3://enverus-courthouse-prod-chd-plants/ok/logan/b422/b4227b74-7b86-4ba5-83e9-c75b614b27f6.pdf
b4337e48-8c58-4c01-b0e1-aabfd10fb9ab,BLAINE,OK,s3://enverus-courthouse-prod-chd-plants/ok/blaine/b433/b4337e48-8c58-4c01-b0e1-aabfd10fb9ab.pdf
b451582d-060a-4c46-807d-e85fd11837b2,GARVIN,OK,s3://enverus-courthouse-prod-chd-plants/ok/garvin/b451/b451582d-060a-4c46-807d-e85fd11837b2.pdf
b4536228-0c58-4ad9-8a65-ca98d5d462db,COMANCHE,OK,s3://enverus-courthouse-prod-chd-plants/ok/comanche/b453/b4536228-0c58-4ad9-8a65-ca98d5d462db.pdf
b46541ac-1a1d-4ed1-9242-07831d89f95e,ELLIS,OK,s3://enverus-courthouse-prod-chd-plants/ok/ellis/b465/b46541ac-1a1d-4ed1-9242-07831d89f95e.pdf
b4794e39-c1c0-482e-bffc-c92b35457e76,WASHITA,OK,\\smb.dc2isilon.na.drillinginfo.com\lease_data_entry\data_sources\ok_county_records\ok\washita\b479
b4881fb2-9e5d-4b71-bf3f-bcb281851ba8,LOGAN,OK,s3://enverus-courthouse-prod-chd-plants/ok/logan/b488/b4881fb2-9e5d-4b71-bf3f-bcb281851ba8.pdf
b48c1098-3897-48db-b83d-ef4b425b4c4f,COMANCHE,OK,\\smb.dc2isilon.na.drillinginfo.com\lease_data_entry\data_sources\ok_county_records\ok\comanche\b48c
b48dd027-f804-4842-8888-d68da2530a2f,DEWEY,OK,s3://enverus-courthouse-prod-chd-plants/ok/dewey/b48d/b48dd027-f804-4842-8888-d68da2530a2f.pdf
b49faa2c-9921-4de5-964e-4daa0dc14e79,LOVE,OK,\\smb.dc2isilon.na.drillinginfo.com\lease_data_entry\data_sources\ok_county_records\ok\love\b49f
b4acd8f4-367f-4323-9231-9539376ad612,ROGER MILLS,OK,s3://enverus-courthouse-prod-chd-plants/ok/roger mills/b4ac/b4acd8f4-367f-4323-9231-9539376ad612.pdf
b4ce8132-83d2-4e48-8ed3-0ab6eebfe1ac,TEXAS,OK,\\smb.dc2isilon.na.drillinginfo.com\lease_data_entry\data_sources\ok_county_records\ok\texas\b4ce
b4fa3d68-f212-434f-aa70-be4463e4684d,CUSTER,OK,s3://enverus-courthouse-prod-chd-plants/ok/custer/b4fa/b4fa3d68-f212-434f-aa70-be4463e4684d.pdf
b4fdc145-99f7-4f42-a474-225464eb51a4,COMANCHE,OK,\\smb.dc2isilon.na.drillinginfo.com\lease_data_entry\data_sources\ok_county_records\ok\comanche\b4fd
b50fe547-b722-4262-9190-b3f4b9ca41e8,CUSTER,OK,\\smb.dc2isilon.na.drillinginfo.com\lease_data_entry\data_sources\ok_county_records\ok\custer\b50f
b52257af-7ace-4993-97b1-5aeecbc15e3a,MAJOR,OK,\\smb.dc2isilon.na.drillinginfo.com\lease_data_entry\data_sources\ok_county_records\ok\major\b522
b52d6ce7-2278-4ce7-86e0-9ffc25e00da7,LOGAN,OK,\\smb.dc2isilon.na.drillinginfo.com\lease_data_entry\data_sources\ok_county_records\ok\logan\b52d
b52def39-a4e3-481b-a882-18771c0c6713,BLAINE,OK,s3://enverus-courthouse-prod-chd-plants/ok/blaine/b52d/b52def39-a4e3-481b-a882-18771c0c6713.pdf
b53179da-cd4e-4a96-9da6-f2c165d313b2,BLAINE,OK,\\smb.dc2isilon.na.drillinginfo.com\lease_data_entry\data_sources\ok_county_records\ok\blaine\b531
b533114f-6112-4c70-8745-af141a33ab5c,MARSHALL,OK,s3://enverus-courthouse-prod-chd-plants/ok/marshall/b533/b533114f-6112-4c70-8745-af141a33ab5c.pdf
b539b517-5237-4257-bcd3-143a4af9668b,WASHINGTON,OK,\\smb.dc2isilon.na.drillinginfo.com\lease_data_entry\data_sources\ok_county_records\ok\washington\b539
b56cc1c6-a577-476d-a91f-b9e74c75e09f,GARVIN,OK,s3://enverus-courthouse-prod-chd-plants/ok/garvin/b56c/b56cc1c6-a577-476d-a91f-b9e74c75e09f.pdf
b5815f68-7837-4645-9ac0-4fbd7e2cc66c,BECKHAM,OK,\\smb.dc2isilon.na.drillinginfo.com\lease_data_entry\data_sources\ok_county_records\ok\beckham\b581
b584427e-7161-46f7-bd96-aaa0f80fc6a6,LOGAN,OK,\\smb.dc2isilon.na.drillinginfo.com\lease_data_entry\data_sources\ok_county_records\ok\logan\b584
b59261d9-4bcf-488a-bff8-6b3643e24b52,SEMINOLE,OK,\\smb.dc2isilon.na.drillinginfo.com\lease_data_entry\data_sources\ok_county_records\ok\seminole\b592
b594510b-6c3e-4ada-9b1a-43559f787333,WOODWARD,OK,\\smb.dc2isilon.na.drillinginfo.com\lease_data_entry\data_sources\ok_county_records\ok\woodward\b594
b5b7f842-2b59-4b81-bf50-5b2fb3f4ca2b,PAWNEE,OK,\\smb.dc2isilon.na.drillinginfo.com\lease_data_entry\data_sources\ok_county_records\ok\pawnee\b5b7
b5bb8932-bfbc-4cda-ae77-e9a1fd8fe7a9,WASHINGTON,OK,s3://enverus-courthouse-prod-chd-plants/ok/washington/b5bb/b5bb8932-bfbc-4cda-ae77-e9a1fd8fe7a9.pdf
b5bfbfa9-6f2a-4a1d-8ac1-c403f76e3d07,MAJOR,OK,s3://enverus-courthouse-prod-chd-plants/ok/major/b5bf/b5bfbfa9-6f2a-4a1d-8ac1-c403f76e3d07.pdf
b5c0be7c-0b73-4418-bd15-7af3ecf86cb4,CARTER,OK,\\smb.dc2isilon.na.drillinginfo.com\lease_data_entry\data_sources\ok_county_records\ok\carter\b5c0
b5d03038-fe15-4bc9-9af9-b73b15cef69d,CARTER,OK,\\smb.dc2isilon.na.drillinginfo.com\lease_data_entry\data_sources\ok_county_records\ok\carter\b5d0
b5e6dba4-bb94-4c0d-905d-b552d7b5c006,KINGFISHER,OK,s3://enverus-courthouse-prod-chd-plants/ok/kingfisher/b5e6/b5e6dba4-bb94-4c0d-905d-b552d7b5c006.pdf
b60af262-f6dd-4186-8b1c-b71c2d1ec266,CARTER,OK,\\smb.dc2isilon.na.drillinginfo.com\lease_data_entry\data_sources\ok_county_records\ok\carter\b60a
b60dd518-1b73-4e34-babf-0c35136e35d1,MCINTOSH,OK,\\smb.dc2isilon.na.drillinginfo.com\lease_data_entry\data_sources\ok_county_records\ok\mcintosh\b60d
b60de87e-99c0-4d63-9659-8dc1b33ace3c,MAJOR,OK,s3://enverus-courthouse-prod-chd-plants/ok/major/b60d/b60de87e-99c0-4d63-9659-8dc1b33ace3c.pdf
b628500b-5929-4c06-b50f-cac7e5a8f79f,LOGAN,OK,\\smb.dc2isilon.na.drillinginfo.com\lease_data_entry\data_sources\ok_county_records\ok\logan\b628
b6334ce0-efea-4f1e-bae0-05417992a229,HUGHES,OK,s3://enverus-courthouse-prod-chd-plants/ok/hughes/b633/b6334ce0-efea-4f1e-bae0-05417992a229.pdf
b6408fc6-9a04-4b7a-a6e6-2a8ed098b901,WASHINGTON,OK,s3://enverus-courthouse-prod-chd-plants/ok/washington/b640/b6408fc6-9a04-4b7a-a6e6-2a8ed098b901.pdf
b64ef70f-6664-4a8e-9c51-411993d8385f,MCCLAIN,OK,\\smb.dc2isilon.na.drillinginfo.com\lease_data_entry\data_sources\ok_county_records\ok\mcclain\b64e
b6507f75-fa0f-49f6-804a-35d2fd3a950d,LOVE,OK,s3://enverus-courthouse-prod-chd-plants/ok/love/b650/b6507f75-fa0f-49f6-804a-35d2fd3a950d.pdf
b650fbf9-e5e4-489d-a4ef-f3b76548693b,WOODWARD,OK,\\smb.dc2isilon.na.drillinginfo.com\lease_data_entry\data_sources\ok_county_records\ok\woodward\b650
b651d270-45cf-4599-9822-daeb795da9b4,ROGER MILLS,OK,s3://enverus-courthouse-prod-chd-plants/ok/roger mills/b651/b651d270-45cf-4599-9822-daeb795da9b4.pdf
b65f1322-6ba5-478f-a041-a1350a72cac0,OKMULGEE,OK,\\smb.dc2isilon.na.drillinginfo.com\lease_data_entry\data_sources\ok_county_records\ok\okmulgee\b65f
b683b6a2-e9b0-480d-b15b-aad59f1992c8,KINGFISHER,OK,s3://enverus-courthouse-prod-chd-plants/ok/kingfisher/b683/b683b6a2-e9b0-480d-b15b-aad59f1992c8.pdf
b68c488e-652c-4681-a0e9-86dd85414d4f,CARTER,OK,\\smb.dc2isilon.na.drillinginfo.com\lease_data_entry\data_sources\ok_county_records\ok\carter\b68c
b6a1e642-0f28-42af-ba3d-e4111c70aad2,PONTOTOC,OK,\\smb.dc2isilon.na.drillinginfo.com\lease_data_entry\data_sources\ok_county_records\ok\pontotoc\b6a1
b6a2487f-3b8a-424f-98be-e17dbd241139,LOGAN,OK,s3://enverus-courthouse-prod-chd-plants/ok/logan/b6a2/b6a2487f-3b8a-424f-98be-e17dbd241139.pdf
b6c46392-cded-4481-8add-da72a4e68d24,MAJOR,OK,\\smb.dc2isilon.na.drillinginfo.com\lease_data_entry\data_sources\ok_county_records\ok\major\b6c4
b6ca7ef8-81df-4bde-9aac-c2b7b931850d,LOVE,OK,s3://enverus-courthouse-prod-chd-plants/ok/love/b6ca/b6ca7ef8-81df-4bde-9aac-c2b7b931850d.pdf
b6e8af21-2354-406f-8b6b-5f3a01f55b41,LINCOLN,OK,\\smb.dc2isilon.na.drillinginfo.com\lease_data_entry\data_sources\ok_county_records\ok\lincoln\b6e8
b6ebec23-de58-4b5f-9c44-68a2a50d3ffe,KIOWA,OK,s3://enverus-courthouse-prod-chd-plants/ok/kiowa/b6eb/b6ebec23-de58-4b5f-9c44-68a2a50d3ffe.pdf
b6fb5805-6569-4c68-bde5-4eae88bf1abd,LOGAN,OK,\\smb.dc2isilon.na.drillinginfo.com\lease_data_entry\data_sources\ok_county_records\ok\logan\b6fb
b7175ed2-c1ed-41b0-8f85-fede9122f3d5,COAL,OK,\\smb.dc2isilon.na.drillinginfo.com\lease_data_entry\data_sources\ok_county_records\ok\coal\b717
b7250050-a139-4828-b2a2-f80ee2702192,LINCOLN,OK,s3://enverus-courthouse-prod-chd-plants/ok/lincoln/b725/b7250050-a139-4828-b2a2-f80ee2702192.pdf
b7255db0-ba51-4be4-841e-8ea7616a0265,OKMULGEE,OK,\\smb.dc2isilon.na.drillinginfo.com\lease_data_entry\data_sources\ok_county_records\ok\okmulgee\b725
b72d83a9-a27e-4df3-a656-8794f35868bc,CUSTER,OK,s3://enverus-courthouse-prod-chd-plants/ok/custer/b72d/b72d83a9-a27e-4df3-a656-8794f35868bc.pdf
b752aba6-cae5-408e-a182-be96846f2cb0,LINCOLN,OK,s3://enverus-courthouse-prod-chd-plants/ok/lincoln/b752/b752aba6-cae5-408e-a182-be96846f2cb0.pdf
b761ad89-8dd3-4b8e-8d24-5f1591e163e3,ELLIS,OK,s3://enverus-courthouse-prod-chd-plants/ok/ellis/b761/b761ad89-8dd3-4b8e-8d24-5f1591e163e3.pdf
b76817d5-4afe-4d51-a970-ab90744930ad,KINGFISHER,OK,\\smb.dc2isilon.na.drillinginfo.com\lease_data_entry\data_sources\ok_county_records\ok\kingfisher\b768
b769514f-aacc-4e10-bb09-fdf2a6e8b814,LOVE,OK,\\smb.dc2isilon.na.drillinginfo.com\lease_data_entry\data_sources\ok_county_records\ok\love\b769
b779fc14-e12c-4e45-a71b-82a15c5fcefa,LOGAN,OK,\\smb.dc2isilon.na.drillinginfo.com\lease_data_entry\data_sources\ok_county_records\ok\logan\b779
b7a076a6-a29c-4ae5-81bc-3790007ca5e1,DEWEY,OK,s3://enverus-courthouse-prod-chd-plants/ok/dewey/b7a0/b7a076a6-a29c-4ae5-81bc-3790007ca5e1.pdf
b7a27f0e-8e2e-48ec-931c-7c150f910f5a,PAWNEE,OK,\\smb.dc2isilon.na.drillinginfo.com\lease_data_entry\data_sources\ok_county_records\ok\pawnee\b7a2
b7a32023-1ad3-4c0a-8190-db2f9692ebc7,LOGAN,OK,\\smb.dc2isilon.na.drillinginfo.com\lease_data_entry\data_sources\ok_county_records\ok\logan\b7a3
b7a95f73-6123-447a-ba7e-1269fd37dc1b,MARSHALL,OK,\\smb.dc2isilon.na.drillinginfo.com\lease_data_entry\data_sources\ok_county_records\ok\marshall\b7a9
b7b34ded-3c78-43d7-abef-729d028b6e53,LEFLORE,OK,s3://enverus-courthouse-prod-chd-plants/ok/leflore/b7b3/b7b34ded-3c78-43d7-abef-729d028b6e53.pdf
b7b805ba-8ea1-4437-803c-bc3be12e32db,LINCOLN,OK,\\smb.dc2isilon.na.drillinginfo.com\lease_data_entry\data_sources\ok_county_records\ok\lincoln\b7b8
b7c65f44-acdc-4d66-9655-927e549eb3e6,CUSTER,OK,\\smb.dc2isilon.na.drillinginfo.com\lease_data_entry\data_sources\ok_county_records\ok\custer\b7c6
b7c8300c-d55a-412a-bf49-b0c8d1c45b0d,KINGFISHER,OK,\\smb.dc2isilon.na.drillinginfo.com\lease_data_entry\data_sources\ok_county_records\ok\kingfisher\b7c8
b7d9f507-19ea-40a2-9166-0cdfa894d94b,LOGAN,OK,s3://enverus-courthouse-prod-chd-plants/ok/logan/b7d9/b7d9f507-19ea-40a2-9166-0cdfa894d94b.pdf
b7ec4cf2-5ced-4b6b-90b1-42a7ec793587,LEFLORE,OK,s3://enverus-courthouse-prod-chd-plants/ok/leflore/b7ec/b7ec4cf2-5ced-4b6b-90b1-42a7ec793587.pdf
b7f2d6e1-79ba-4454-8f32-4260082f1225,BECKHAM,OK,\\smb.dc2isilon.na.drillinginfo.com\lease_data_entry\data_sources\ok_county_records\ok\beckham\b7f2
b80877ba-eb04-49e5-be74-e967c68ec73a,LOGAN,OK,s3://enverus-courthouse-prod-chd-plants/ok/logan/b808/b80877ba-eb04-49e5-be74-e967c68ec73a.pdf
b81fb620-c281-4ce8-b78a-7ea08f865ff3,KINGFISHER,OK,s3://enverus-courthouse-prod-chd-plants/ok/kingfisher/b81f/b81fb620-c281-4ce8-b78a-7ea08f865ff3.pdf
b8513d65-1a89-480c-bfb7-1788b2f1ba50,GARVIN,OK,s3://enverus-courthouse-prod-chd-plants/ok/garvin/b851/b8513d65-1a89-480c-bfb7-1788b2f1ba50.pdf
b8566eb5-5366-48cd-9536-4bccd2b0174d,ROGER MILLS,OK,s3://enverus-courthouse-prod-chd-plants/ok/roger mills/b856/b8566eb5-5366-48cd-9536-4bccd2b0174d.pdf
b858f221-0dff-4074-8d9d-827f2b95b71f,DEWEY,OK,\\smb.dc2isilon.na.drillinginfo.com\lease_data_entry\data_sources\ok_county_records\ok\dewey\b858
b864dfc6-a187-4187-a545-ef7e8e7b2044,MCCLAIN,OK,s3://enverus-courthouse-prod-chd-plants/ok/mcclain/b864/b864dfc6-a187-4187-a545-ef7e8e7b2044.pdf
b86dca6a-523e-4c00-ada9-843e8e1dd70a,LOGAN,OK,\\smb.dc2isilon.na.drillinginfo.com\lease_data_entry\data_sources\ok_county_records\ok\logan\b86d
b871792a-ff01-4c93-b9c0-dd01d51ba8e2,GARVIN,OK,s3://enverus-courthouse-prod-chd-plants/ok/garvin/b871/b871792a-ff01-4c93-b9c0-dd01d51ba8e2.pdf
b8738e13-c710-4255-a7c9-f0a081212426,WOODWARD,OK,s3://enverus-courthouse-prod-chd-plants/ok/woodward/b873/b8738e13-c710-4255-a7c9-f0a081212426.pdf
b8759185-0d02-4ca8-b41a-24952256aa5a,LOGAN,OK,\\smb.dc2isilon.na.drillinginfo.com\lease_data_entry\data_sources\ok_county_records\ok\logan\b875
b886a7de-add1-489d-bb8c-f9db16676e8b,JACKSON,OK,\\smb.dc2isilon.na.drillinginfo.com\lease_data_entry\data_sources\ok_county_records\ok\jackson\b886
b8994258-f22b-469d-9bcb-c592717c43af,MCCLAIN,OK,s3://enverus-courthouse-prod-chd-plants/ok/mcclain/b899/b8994258-f22b-469d-9bcb-c592717c43af.pdf
b8b289ba-6000-410c-89bb-b67ec90bd62f,DEWEY,OK,s3://enverus-courthouse-prod-chd-plants/ok/dewey/b8b2/b8b289ba-6000-410c-89bb-b67ec90bd62f.pdf
b8b5b0ae-1a9f-4e1a-9e30-c9327bf16550,DEWEY,OK,s3://enverus-courthouse-prod-chd-plants/ok/dewey/b8b5/b8b5b0ae-1a9f-4e1a-9e30-c9327bf16550.pdf
b8d91dae-ed00-4739-88ef-c7ff0ebe987e,GARVIN,OK,\\smb.dc2isilon.na.drillinginfo.com\lease_data_entry\data_sources\ok_county_records\ok\garvin\b8d9
b8da51d0-fe46-47b0-b4c6-b24d580b4213,LINCOLN,OK,s3://enverus-courthouse-prod-chd-plants/ok/lincoln/b8da/b8da51d0-fe46-47b0-b4c6-b24d580b4213.pdf
b8ed9e4c-eb18-48fb-b182-f87afa0a36b8,COMANCHE,OK,\\smb.dc2isilon.na.drillinginfo.com\lease_data_entry\data_sources\ok_county_records\ok\comanche\b8ed
b9036d65-300f-447a-bad3-03848776c238,WOODWARD,OK,\\smb.dc2isilon.na.drillinginfo.com\lease_data_entry\data_sources\ok_county_records\ok\woodward\b903
b9075177-a398-4594-8724-6ed5e2d7b050,ELLIS,OK,s3://enverus-courthouse-prod-chd-plants/ok/ellis/b907/b9075177-a398-4594-8724-6ed5e2d7b050.pdf
b919c83c-8804-4037-870f-91e327a7f968,ELLIS,OK,s3://enverus-courthouse-prod-chd-plants/ok/ellis/b919/b919c83c-8804-4037-870f-91e327a7f968.pdf
b91fbf12-bd5b-4ced-b195-1dbe275c2bd6,BECKHAM,OK,\\smb.dc2isilon.na.drillinginfo.com\lease_data_entry\data_sources\ok_county_records\ok\beckham\b91f
b92d83ec-b095-44a8-8599-2a429059e9bb,COMANCHE,OK,\\smb.dc2isilon.na.drillinginfo.com\lease_data_entry\data_sources\ok_county_records\ok\comanche\b92d
b95e3133-ee5e-44ce-9166-65ac04910982,ELLIS,OK,s3://enverus-courthouse-prod-chd-plants/ok/ellis/b95e/b95e3133-ee5e-44ce-9166-65ac04910982.pdf
b96a8d3b-cb16-4b25-9302-dedcb2b8079b,CARTER,OK,s3://enverus-courthouse-prod-chd-plants/ok/carter/b96a/b96a8d3b-cb16-4b25-9302-dedcb2b8079b.pdf
b994acee-e4ee-4265-a38f-0d3d335044ba,CUSTER,OK,s3://enverus-courthouse-prod-chd-plants/ok/custer/b994/b994acee-e4ee-4265-a38f-0d3d335044ba.pdf
b994caf0-9b33-48c8-ab3d-d0db9ecfef5d,BECKHAM,OK,\\smb.dc2isilon.na.drillinginfo.com\lease_data_entry\data_sources\ok_county_records\ok\beckham\b994
b9adbb47-7e91-43d9-9198-a56246288e41,LOVE,OK,s3://enverus-courthouse-prod-chd-plants/ok/love/b9ad/b9adbb47-7e91-43d9-9198-a56246288e41.pdf
b9c0a82d-4d51-4891-ace8-c05e7ce7bed8,CARTER,OK,s3://enverus-courthouse-prod-chd-plants/ok/carter/b9c0/b9c0a82d-4d51-4891-ace8-c05e7ce7bed8.pdf
b9c1838c-a3ce-4851-933d-2bfe7c51f5d1,BECKHAM,OK,\\smb.dc2isilon.na.drillinginfo.com\lease_data_entry\data_sources\ok_county_records\ok\beckham\b9c1
b9c8881a-d557-4224-8d45-292ba86cc784,DEWEY,OK,s3://enverus-courthouse-prod-chd-plants/ok/dewey/b9c8/b9c8881a-d557-4224-8d45-292ba86cc784.pdf
b9ccc79c-3570-4ebe-8145-3d712da9b3c6,ELLIS,OK,s3://enverus-courthouse-prod-chd-plants/ok/ellis/b9cc/b9ccc79c-3570-4ebe-8145-3d712da9b3c6.pdf
b9ce1680-da64-43ef-a98c-5cf949cd0745,LOGAN,OK,\\smb.dc2isilon.na.drillinginfo.com\lease_data_entry\data_sources\ok_county_records\ok\logan\b9ce
b9ced7c7-57a6-494a-8c74-3f2fa922c98a,MCCLAIN,OK,s3://enverus-courthouse-prod-chd-plants/ok/mcclain/b9ce/b9ced7c7-57a6-494a-8c74-3f2fa922c98a.pdf
b9d7514a-ae36-4a8f-8db3-392d5e943796,MCINTOSH,OK,\\smb.dc2isilon.na.drillinginfo.com\lease_data_entry\data_sources\ok_county_records\ok\mcintosh\b9d7
b9e71eaa-0e52-4eba-a60e-012b61f7f7e2,MAJOR,OK,s3://enverus-courthouse-prod-chd-plants/ok/major/b9e7/b9e71eaa-0e52-4eba-a60e-012b61f7f7e2.pdf
b9eccde7-bf79-4c92-9127-43f1eaf5b070,MAJOR,OK,s3://enverus-courthouse-prod-chd-plants/ok/major/b9ec/b9eccde7-bf79-4c92-9127-43f1eaf5b070.pdf
b9f2eea2-0e45-455b-ba6c-d011b6aecca9,OKMULGEE,OK,\\smb.dc2isilon.na.drillinginfo.com\lease_data_entry\data_sources\ok_county_records\ok\okmulgee\b9f2
ba03571d-1263-4ad8-8132-51effdbc6da0,ELLIS,OK,s3://enverus-courthouse-prod-chd-plants/ok/ellis/ba03/ba03571d-1263-4ad8-8132-51effdbc6da0.pdf
ba11fe9d-bca9-448b-9779-ef131106c039,MAJOR,OK,s3://enverus-courthouse-prod-chd-plants/ok/major/ba11/ba11fe9d-bca9-448b-9779-ef131106c039.pdf
ba1433c6-f451-46dd-bd06-a70ec966d60c,PONTOTOC,OK,\\smb.dc2isilon.na.drillinginfo.com\lease_data_entry\data_sources\ok_county_records\ok\pontotoc\ba14
ba3d74df-8f7e-4aba-b6e3-1e3242ece9e0,CARTER,OK,s3://enverus-courthouse-prod-chd-plants/ok/carter/ba3d/ba3d74df-8f7e-4aba-b6e3-1e3242ece9e0.pdf
ba779112-3bd3-454b-a9a9-8877de829430,MCINTOSH,OK,\\smb.dc2isilon.na.drillinginfo.com\lease_data_entry\data_sources\ok_county_records\ok\mcintosh\ba77
ba7b898a-40d8-4116-98d1-321fe64f8a46,MCCLAIN,OK,s3://enverus-courthouse-prod-chd-plants/ok/mcclain/ba7b/ba7b898a-40d8-4116-98d1-321fe64f8a46.pdf
ba835d39-50aa-405b-9934-5776a444373e,DEWEY,OK,s3://enverus-courthouse-prod-chd-plants/ok/dewey/ba83/ba835d39-50aa-405b-9934-5776a444373e.pdf
baa1df8f-47fd-4c53-8c1f-76dd2611bb4b,MCCLAIN,OK,s3://enverus-courthouse-prod-chd-plants/ok/mcclain/baa1/baa1df8f-47fd-4c53-8c1f-76dd2611bb4b.pdf
baa5ea13-f29d-41ea-8861-d952c5e7c1e1,STEPHENS,OK,\\smb.dc2isilon.na.drillinginfo.com\lease_data_entry\data_sources\ok_county_records\ok\stephens\baa5
bab770c1-f259-48e4-9ac2-c986034d75b9,LOGAN,OK,\\smb.dc2isilon.na.drillinginfo.com\lease_data_entry\data_sources\ok_county_records\ok\logan\bab7
babe8884-873a-4e8b-85e9-4090be4be870,STEPHENS,OK,s3://enverus-courthouse-prod-chd-plants/ok/stephens/babe/babe8884-873a-4e8b-85e9-4090be4be870.pdf
bac3a255-77aa-4a41-adfa-ce1600757c28,MAJOR,OK,\\smb.dc2isilon.na.drillinginfo.com\lease_data_entry\data_sources\ok_county_records\ok\major\bac3
bac40a1d-7d1e-4f56-be1f-9b5554c80a90,MAJOR,OK,s3://enverus-courthouse-prod-chd-plants/ok/major/bac4/bac40a1d-7d1e-4f56-be1f-9b5554c80a90.pdf
bacf84c6-3fde-4dbe-9f61-8fa996db629d,KAY,OK,\\smb.dc2isilon.na.drillinginfo.com\lease_data_entry\data_sources\ok_county_records\ok\kay\bacf
bad2e21b-7e8e-451b-aacb-833753e36556,STEPHENS,OK,\\smb.dc2isilon.na.drillinginfo.com\lease_data_entry\data_sources\ok_county_records\ok\stephens\bad2
bb175904-9c63-4c99-a454-ed274ab5c0c5,MCCLAIN,OK,\\smb.dc2isilon.na.drillinginfo.com\lease_data_entry\data_sources\ok_county_records\ok\mcclain\bb17
bb3ece9a-73e3-4f20-b024-bf797e96901c,MARSHALL,OK,s3://enverus-courthouse-prod-chd-plants/ok/marshall/bb3e/bb3ece9a-73e3-4f20-b024-bf797e96901c.pdf
bb4246ee-20eb-4402-bb55-8ff10a7c0ea2,STEPHENS,OK,\\smb.dc2isilon.na.drillinginfo.com\lease_data_entry\data_sources\ok_county_records\ok\stephens\bb42
bb5c94b6-9ef7-41aa-b8aa-5d6c228d3206,LEFLORE,OK,s3://enverus-courthouse-prod-chd-plants/ok/leflore/bb5c/bb5c94b6-9ef7-41aa-b8aa-5d6c228d3206.pdf
bb5e24a6-25ae-40e2-bb2a-dcb42232e400,CUSTER,OK,s3://enverus-courthouse-prod-chd-plants/ok/custer/bb5e/bb5e24a6-25ae-40e2-bb2a-dcb42232e400.pdf
bb65cf7e-22c2-4513-89d6-c674228f1524,COAL,OK,s3://enverus-courthouse-prod-chd-plants/ok/coal/bb65/bb65cf7e-22c2-4513-89d6-c674228f1524.pdf
bb682f54-7c2d-4aac-a5b6-476665a8a281,CARTER,OK,\\smb.dc2isilon.na.drillinginfo.com\lease_data_entry\data_sources\ok_county_records\ok\carter\bb68
bb6b2881-4005-458c-8c7f-a58c406fcfd1,BECKHAM,OK,\\smb.dc2isilon.na.drillinginfo.com\lease_data_entry\data_sources\ok_county_records\ok\beckham\bb6b
bb6bda71-a8cd-438a-9311-f758e87a1c44,MCCLAIN,OK,s3://enverus-courthouse-prod-chd-plants/ok/mcclain/bb6b/bb6bda71-a8cd-438a-9311-f758e87a1c44.pdf
bb79e99c-368a-405d-81a8-e49918a1f0b6,MAJOR,OK,s3://enverus-courthouse-prod-chd-plants/ok/major/bb79/bb79e99c-368a-405d-81a8-e49918a1f0b6.pdf
bbb6d74d-ff15-4c6b-8d51-2260ccf2665b,BLAINE,OK,s3://enverus-courthouse-prod-chd-plants/ok/blaine/bbb6/bbb6d74d-ff15-4c6b-8d51-2260ccf2665b.pdf
bbd626a3-5d79-49df-bb4a-06d312a6d1d6,KINGFISHER,OK,\\smb.dc2isilon.na.drillinginfo.com\lease_data_entry\data_sources\ok_county_records\ok\kingfisher\bbd6
bbda8fbb-4f69-497b-9c06-78a639cea222,BLAINE,OK,\\smb.dc2isilon.na.drillinginfo.com\lease_data_entry\data_sources\ok_county_records\ok\blaine\bbda
bbf02897-4995-4489-a33b-0f52370860c2,BLAINE,OK,s3://enverus-courthouse-prod-chd-plants/ok/blaine/bbf0/bbf02897-4995-4489-a33b-0f52370860c2.pdf
bbf37e6f-aa67-4df2-8a8a-64af0b989750,ROGER MILLS,OK,s3://enverus-courthouse-prod-chd-plants/ok/roger mills/bbf3/bbf37e6f-aa67-4df2-8a8a-64af0b989750.pdf
bbf3cd88-4f59-42f8-80df-b68df8aadfe3,LINCOLN,OK,s3://enverus-courthouse-prod-chd-plants/ok/lincoln/bbf3/bbf3cd88-4f59-42f8-80df-b68df8aadfe3.pdf
bc02bb12-33ab-4206-995b-d67115f38ccc,STEPHENS,OK,s3://enverus-courthouse-prod-chd-plants/ok/stephens/bc02/bc02bb12-33ab-4206-995b-d67115f38ccc.pdf
bc0fd176-e2fb-4786-b3b2-edac7ecb6639,LOGAN,OK,s3://enverus-courthouse-prod-chd-plants/ok/logan/bc0f/bc0fd176-e2fb-4786-b3b2-edac7ecb6639.pdf
bc1dc93d-3c1a-4c77-98c0-58073803e9b9,CARTER,OK,\\smb.dc2isilon.na.drillinginfo.com\lease_data_entry\data_sources\ok_county_records\ok\carter\bc1d
bc275fd5-ddb7-4d3a-9727-0e217b5a2bcd,LINCOLN,OK,s3://enverus-courthouse-prod-chd-plants/ok/lincoln/bc27/bc275fd5-ddb7-4d3a-9727-0e217b5a2bcd.pdf
bc5262b2-4de7-4e1f-80f5-8e9ded3b23a8,MCCLAIN,OK,\\smb.dc2isilon.na.drillinginfo.com\lease_data_entry\data_sources\ok_county_records\ok\mcclain\bc52
bc56ead1-f673-4039-99a2-61636b11499d,STEPHENS,OK,s3://enverus-courthouse-prod-chd-plants/ok/stephens/bc56/bc56ead1-f673-4039-99a2-61636b11499d.pdf
bc638f1d-43c7-49b1-8c0c-bde75faa3c9f,LOGAN,OK,s3://enverus-courthouse-prod-chd-plants/ok/logan/bc63/bc638f1d-43c7-49b1-8c0c-bde75faa3c9f.pdf
bc6a849e-52f2-4129-9c2d-c5d40fba52cf,CARTER,OK,s3://enverus-courthouse-prod-chd-plants/ok/carter/bc6a/bc6a849e-52f2-4129-9c2d-c5d40fba52cf.pdf
bc6f3169-1890-4f34-a1a2-729f42d83253,ROGER MILLS,OK,s3://enverus-courthouse-prod-chd-plants/ok/roger mills/bc6f/bc6f3169-1890-4f34-a1a2-729f42d83253.pdf
bc8541ee-0543-45b1-b80e-1267aadff62e,MUSKOGEE,OK,\\smb.dc2isilon.na.drillinginfo.com\lease_data_entry\data_sources\ok_county_records\ok\muskogee\bc85
bc87d50d-645f-4bf2-ae4e-d3b1d28d2873,MARSHALL,OK,\\smb.dc2isilon.na.drillinginfo.com\lease_data_entry\data_sources\ok_county_records\ok\marshall\bc87
bca0321b-2d74-4424-9b52-215fbbd230e7,STEPHENS,OK,s3://enverus-courthouse-prod-chd-plants/ok/stephens/bca0/bca0321b-2d74-4424-9b52-215fbbd230e7.pdf
bca33079-890d-40c7-b6b7-c1dc0edae94c,LOGAN,OK,\\smb.dc2isilon.na.drillinginfo.com\lease_data_entry\data_sources\ok_county_records\ok\logan\bca3
bcb1f9f2-8820-455a-acbb-0a5b6f49b908,MAJOR,OK,s3://enverus-courthouse-prod-chd-plants/ok/major/bcb1/bcb1f9f2-8820-455a-acbb-0a5b6f49b908.pdf
bcbf0b01-5dd0-480c-9b40-7d58fe69cbdf,LOGAN,OK,\\smb.dc2isilon.na.drillinginfo.com\lease_data_entry\data_sources\ok_county_records\ok\logan\bcbf
bcc91ffc-eb2e-4b10-b052-5fd624d5a729,LEFLORE,OK,s3://enverus-courthouse-prod-chd-plants/ok/leflore/bcc9/bcc91ffc-eb2e-4b10-b052-5fd624d5a729.pdf
bcc9234e-79dc-4fb4-bd96-a8beff1f06b1,STEPHENS,OK,s3://enverus-courthouse-prod-chd-plants/ok/stephens/bcc9/bcc9234e-79dc-4fb4-bd96-a8beff1f06b1.pdf
bcdb676a-c02d-4930-a1bc-ba670cf72dc9,CUSTER,OK,\\smb.dc2isilon.na.drillinginfo.com\lease_data_entry\data_sources\ok_county_records\ok\custer\bcdb
bced3e79-5e08-4ae0-b8ab-6d9952b16343,MAJOR,OK,\\smb.dc2isilon.na.drillinginfo.com\lease_data_entry\data_sources\ok_county_records\ok\major\bced
bcf59a9b-2308-43aa-ba9a-c6f02f9a2c79,LEFLORE,OK,\\smb.dc2isilon.na.drillinginfo.com\lease_data_entry\data_sources\ok_county_records\ok\leflore\bcf5
bcfde419-85f4-461d-ad2c-86e78a72c7a0,LOGAN,OK,s3://enverus-courthouse-prod-chd-plants/ok/logan/bcfd/bcfde419-85f4-461d-ad2c-86e78a72c7a0.pdf
bd014aea-2ef2-4423-b361-465a50404533,CARTER,OK,s3://enverus-courthouse-prod-chd-plants/ok/carter/bd01/bd014aea-2ef2-4423-b361-465a50404533.pdf
bd0dcf87-034f-4120-8cd6-90fe8472ac0c,OKMULGEE,OK,\\smb.dc2isilon.na.drillinginfo.com\lease_data_entry\data_sources\ok_county_records\ok\okmulgee\bd0d
bd1dd423-d185-405c-b6d0-c90134d299e3,ROGER MILLS,OK,\\smb.dc2isilon.na.drillinginfo.com\lease_data_entry\data_sources\ok_county_records\ok\roger mills\bd1d
bd2212bf-3f1c-4660-9fd2-621b332e062d,ELLIS,OK,\\smb.dc2isilon.na.drillinginfo.com\lease_data_entry\data_sources\ok_county_records\ok\ellis\bd22
bd2617ff-da89-4c24-ab5a-6ac4ba4e896d,MCCLAIN,OK,s3://enverus-courthouse-prod-chd-plants/ok/mcclain/bd26/bd2617ff-da89-4c24-ab5a-6ac4ba4e896d.pdf
bd41bfda-3d36-453a-b4ca-208b59cb076c,COAL,OK,s3://enverus-courthouse-prod-chd-plants/ok/coal/bd41/bd41bfda-3d36-453a-b4ca-208b59cb076c.pdf
bd43cb8e-89ba-43b5-80f2-820d288f5fd0,LOGAN,OK,\\smb.dc2isilon.na.drillinginfo.com\lease_data_entry\data_sources\ok_county_records\ok\logan\bd43
bd49b5f0-5b2d-4f45-8c8a-494c667182f9,LOGAN,OK,s3://enverus-courthouse-prod-chd-plants/ok/logan/bd49/bd49b5f0-5b2d-4f45-8c8a-494c667182f9.pdf
bd4b9686-4fc9-49c0-a795-d422a37b2805,SEMINOLE,OK,\\smb.dc2isilon.na.drillinginfo.com\lease_data_entry\data_sources\ok_county_records\ok\seminole\bd4b
bd5880f9-113c-4195-b84a-9351d8c66a6b,GARVIN,OK,\\smb.dc2isilon.na.drillinginfo.com\lease_data_entry\data_sources\ok_county_records\ok\garvin\bd58
bd71a262-aa3d-41f2-bf7b-3fd25dc17816,COMANCHE,OK,\\smb.dc2isilon.na.drillinginfo.com\lease_data_entry\data_sources\ok_county_records\ok\comanche\bd71
bdcb5619-a527-45fe-bf31-3664f6fe0934,WASHINGTON,OK,s3://enverus-courthouse-prod-chd-plants/ok/washington/bdcb/bdcb5619-a527-45fe-bf31-3664f6fe0934.pdf
bdcbcca3-3f2e-46ee-b1ea-3f5ae03cc81b,PONTOTOC,OK,\\smb.dc2isilon.na.drillinginfo.com\lease_data_entry\data_sources\ok_county_records\ok\pontotoc\bdcb
bddf57e8-276d-4d78-b5a5-9e152d491dc0,KINGFISHER,OK,s3://enverus-courthouse-prod-chd-plants/ok/kingfisher/bddf/bddf57e8-276d-4d78-b5a5-9e152d491dc0.pdf
bdfe7eb4-f0d1-4c6f-9518-eec9e2d312d5,CARTER,OK,s3://enverus-courthouse-prod-chd-plants/ok/carter/bdfe/bdfe7eb4-f0d1-4c6f-9518-eec9e2d312d5.pdf
be2e65a8-ca3c-4c1f-97d9-cea1501ec449,WOODWARD,OK,s3://enverus-courthouse-prod-chd-plants/ok/woodward/be2e/be2e65a8-ca3c-4c1f-97d9-cea1501ec449.pdf
be5afb7b-067a-44f8-9232-cd4aa3daad18,GRANT,OK,s3://enverus-courthouse-prod-chd-plants/ok/grant/be5a/be5afb7b-067a-44f8-9232-cd4aa3daad18.pdf
be624529-0e68-427e-9798-e598002a175a,DEWEY,OK,s3://enverus-courthouse-prod-chd-plants/ok/dewey/be62/be624529-0e68-427e-9798-e598002a175a.pdf
be75e1a7-bcc0-466a-9e26-d4d0e337ecbf,COMANCHE,OK,\\smb.dc2isilon.na.drillinginfo.com\lease_data_entry\data_sources\ok_county_records\ok\comanche\be75
be7e2d99-ae01-4d87-b156-a6ae346e9223,MAJOR,OK,s3://enverus-courthouse-prod-chd-plants/ok/major/be7e/be7e2d99-ae01-4d87-b156-a6ae346e9223.pdf
be920d40-b2ca-410a-a6e0-262ab3aa35bd,ELLIS,OK,\\smb.dc2isilon.na.drillinginfo.com\lease_data_entry\data_sources\ok_county_records\ok\ellis\be92
bea18d4a-85b7-4b3c-9f20-f3e8650eec4b,KINGFISHER,OK,s3://enverus-courthouse-prod-chd-plants/ok/kingfisher/bea1/bea18d4a-85b7-4b3c-9f20-f3e8650eec4b.pdf
beacafd1-5def-4463-b26a-01cd1d3d0c5e,DEWEY,OK,\\smb.dc2isilon.na.drillinginfo.com\lease_data_entry\data_sources\ok_county_records\ok\dewey\beac
bebce20f-fa06-4eee-97b9-71be27f5ed37,PONTOTOC,OK,\\smb.dc2isilon.na.drillinginfo.com\lease_data_entry\data_sources\ok_county_records\ok\pontotoc\bebc
bebcebfd-411c-4b61-9e8b-5ad70c90d1ea,BECKHAM,OK,s3://enverus-courthouse-prod-chd-plants/ok/beckham/bebc/bebcebfd-411c-4b61-9e8b-5ad70c90d1ea.pdf
bebd73e4-c0e6-4cdc-a1b5-7accada3b398,MURRAY,OK,\\smb.dc2isilon.na.drillinginfo.com\lease_data_entry\data_sources\ok_county_records\ok\murray\bebd
bec0825c-85e1-441d-90b8-df3dee9d492a,CARTER,OK,s3://enverus-courthouse-prod-chd-plants/ok/carter/bec0/bec0825c-85e1-441d-90b8-df3dee9d492a.pdf
beceff4b-4dab-4342-ae7c-72532b5bd3f3,ELLIS,OK,s3://enverus-courthouse-prod-chd-plants/ok/ellis/bece/beceff4b-4dab-4342-ae7c-72532b5bd3f3.pdf
bee146b0-c81c-4d25-b315-48168a553fb3,STEPHENS,OK,\\smb.dc2isilon.na.drillinginfo.com\lease_data_entry\data_sources\ok_county_records\ok\stephens\bee1
bee532ce-f28f-451d-ba9d-abab362fa5d5,COAL,OK,s3://enverus-courthouse-prod-chd-plants/ok/coal/bee5/bee532ce-f28f-451d-ba9d-abab362fa5d5.pdf
bee86315-50bc-4f87-9aa3-f8eb6fd8d6c5,COMANCHE,OK,\\smb.dc2isilon.na.drillinginfo.com\lease_data_entry\data_sources\ok_county_records\ok\comanche\bee8
beeb7c14-acdd-4d79-bcc9-464ce5ef87a1,DEWEY,OK,s3://enverus-courthouse-prod-chd-plants/ok/dewey/beeb/beeb7c14-acdd-4d79-bcc9-464ce5ef87a1.pdf
beece2ab-08a8-4619-915e-ca64fac18d3e,CUSTER,OK,\\smb.dc2isilon.na.drillinginfo.com\lease_data_entry\data_sources\ok_county_records\ok\custer\beec
bef166b2-c2af-4739-8235-ee87f2de8761,LOGAN,OK,\\smb.dc2isilon.na.drillinginfo.com\lease_data_entry\data_sources\ok_county_records\ok\logan\bef1
befa0234-dda3-4a37-88f2-4a21ac1e8d88,MCCLAIN,OK,s3://enverus-courthouse-prod-chd-plants/ok/mcclain/befa/befa0234-dda3-4a37-88f2-4a21ac1e8d88.pdf
bf1c80fa-1ecc-4df5-aa81-2e085e452cde,LEFLORE,OK,s3://enverus-courthouse-prod-chd-plants/ok/leflore/bf1c/bf1c80fa-1ecc-4df5-aa81-2e085e452cde.pdf
bf25d2b7-91f9-4708-8be1-5f30395aade2,KAY,OK,\\smb.dc2isilon.na.drillinginfo.com\lease_data_entry\data_sources\ok_county_records\ok\kay\bf25
bf2aa9e1-64d9-473a-8db5-2eade5aba860,PAWNEE,OK,\\smb.dc2isilon.na.drillinginfo.com\lease_data_entry\data_sources\ok_county_records\ok\pawnee\bf2a
bf2b9c43-fc81-49ff-877d-0677ebdad1f1,GARVIN,OK,s3://enverus-courthouse-prod-chd-plants/ok/garvin/bf2b/bf2b9c43-fc81-49ff-877d-0677ebdad1f1.pdf
bf3cb7c1-fd49-45a2-a3a8-6888961beece,SEMINOLE,OK,s3://enverus-courthouse-prod-chd-plants/ok/seminole/bf3c/bf3cb7c1-fd49-45a2-a3a8-6888961beece.pdf
bf447d1b-226a-45dd-b1d9-123d24aa833c,BLAINE,OK,\\smb.dc2isilon.na.drillinginfo.com\lease_data_entry\data_sources\ok_county_records\ok\blaine\bf44
bf49b5d6-33ff-4d0e-b0a5-5cac64cf0641,OKMULGEE,OK,\\smb.dc2isilon.na.drillinginfo.com\lease_data_entry\data_sources\ok_county_records\ok\okmulgee\bf49
bf4e4a28-5790-42ac-826a-41d49c6cbd71,SEMINOLE,OK,\\smb.dc2isilon.na.drillinginfo.com\lease_data_entry\data_sources\ok_county_records\ok\seminole\bf4e
bf510eae-a05f-4dcb-a42f-10d3e6107472,NOBLE,OK,s3://enverus-courthouse-prod-chd-plants/ok/noble/bf51/bf510eae-a05f-4dcb-a42f-10d3e6107472.pdf
bf557963-2bf4-48ba-979c-a0e74574d9ae,BECKHAM,OK,s3://enverus-courthouse-prod-chd-plants/ok/beckham/bf55/bf557963-2bf4-48ba-979c-a0e74574d9ae.pdf
bf67380c-ef2f-4f66-9d6e-0fec889de50c,LEFLORE,OK,\\smb.dc2isilon.na.drillinginfo.com\lease_data_entry\data_sources\ok_county_records\ok\leflore\bf67
bf6e3a40-a20d-41e5-b382-8ed3408b3d3e,MCCLAIN,OK,s3://enverus-courthouse-prod-chd-plants/ok/mcclain/bf6e/bf6e3a40-a20d-41e5-b382-8ed3408b3d3e.pdf
bf816123-e144-4fc9-a66c-89d2cd251e29,MCINTOSH,OK,s3://enverus-courthouse-prod-chd-plants/ok/mcintosh/bf81/bf816123-e144-4fc9-a66c-89d2cd251e29.pdf
bf855a3b-ce3e-4ece-b81b-c409adbe087a,LOGAN,OK,\\smb.dc2isilon.na.drillinginfo.com\lease_data_entry\data_sources\ok_county_records\ok\logan\bf85
bf96a82f-37d6-4178-b6aa-487ee7418d36,ROGER MILLS,OK,s3://enverus-courthouse-prod-chd-plants/ok/roger mills/bf96/bf96a82f-37d6-4178-b6aa-487ee7418d36.pdf
bf9b4491-258e-4e29-9c9a-c8b96af1f804,LOGAN,OK,\\smb.dc2isilon.na.drillinginfo.com\lease_data_entry\data_sources\ok_county_records\ok\logan\bf9b
bfad4e99-50fb-496d-a908-6675abe45b70,KINGFISHER,OK,s3://enverus-courthouse-prod-chd-plants/ok/kingfisher/bfad/bfad4e99-50fb-496d-a908-6675abe45b70.pdf
bfb3cffb-fad1-4080-a532-d67d5128c297,CARTER,OK,s3://enverus-courthouse-prod-chd-plants/ok/carter/bfb3/bfb3cffb-fad1-4080-a532-d67d5128c297.pdf
bfb76c8b-a15e-46d2-a127-bf0f620a893e,LEFLORE,OK,s3://enverus-courthouse-prod-chd-plants/ok/leflore/bfb7/bfb76c8b-a15e-46d2-a127-bf0f620a893e.pdf
bfc04d71-0305-45cb-8f6d-e12eaf96d32a,KINGFISHER,OK,\\smb.dc2isilon.na.drillinginfo.com\lease_data_entry\data_sources\ok_county_records\ok\kingfisher\bfc0
bfc3fe1d-6e4b-4938-b3e6-8d10a9121eb1,LOVE,OK,s3://enverus-courthouse-prod-chd-plants/ok/love/bfc3/bfc3fe1d-6e4b-4938-b3e6-8d10a9121eb1.pdf
bfc95946-84f1-446b-8530-849752b58cd8,LOGAN,OK,s3://enverus-courthouse-prod-chd-plants/ok/logan/bfc9/bfc95946-84f1-446b-8530-849752b58cd8.pdf
bff61037-9963-4c90-a736-35092c9cf3e3,SEMINOLE,OK,\\smb.dc2isilon.na.drillinginfo.com\lease_data_entry\data_sources\ok_county_records\ok\seminole\bff6
bff91a15-1e7d-4c6e-a82b-e8f87079139b,CARTER,OK,\\smb.dc2isilon.na.drillinginfo.com\lease_data_entry\data_sources\ok_county_records\ok\carter\bff9
c01608f8-28ba-4452-bf45-96695d05fb99,LOGAN,OK,\\smb.dc2isilon.na.drillinginfo.com\lease_data_entry\data_sources\ok_county_records\ok\logan\c016
c01ce855-4a37-41c7-96c8-0343b2aa4b70,MARSHALL,OK,\\smb.dc2isilon.na.drillinginfo.com\lease_data_entry\data_sources\ok_county_records\ok\marshall\c01c
c0499df7-e1b1-4336-82f9-e245253e32a0,COAL,OK,s3://enverus-courthouse-prod-chd-plants/ok/coal/c049/c0499df7-e1b1-4336-82f9-e245253e32a0.pdf
c0525800-c9c3-48cb-8ca7-7860695ce6ef,BLAINE,OK,s3://enverus-courthouse-prod-chd-plants/ok/blaine/c052/c0525800-c9c3-48cb-8ca7-7860695ce6ef.pdf
c057388f-7e3c-4d7e-8e23-538ed86957d7,MCCLAIN,OK,\\smb.dc2isilon.na.drillinginfo.com\lease_data_entry\data_sources\ok_county_records\ok\mcclain\c057
c058c2c9-641c-4807-869f-be32b0906165,LOGAN,OK,\\smb.dc2isilon.na.drillinginfo.com\lease_data_entry\data_sources\ok_county_records\ok\logan\c058
c05b3bfe-64c5-4ee6-bc67-3e342f153f14,WASHINGTON,OK,s3://enverus-courthouse-prod-chd-plants/ok/washington/c05b/c05b3bfe-64c5-4ee6-bc67-3e342f153f14.pdf
c06b25a7-c935-4e0d-a236-b182cf4a189f,LOGAN,OK,\\smb.dc2isilon.na.drillinginfo.com\lease_data_entry\data_sources\ok_county_records\ok\logan\c06b
c070693b-cbd0-406b-97cb-10709bfd4b49,MARSHALL,OK,s3://enverus-courthouse-prod-chd-plants/ok/marshall/c070/c070693b-cbd0-406b-97cb-10709bfd4b49.pdf
c085b1ea-78ae-4746-b07f-0e445660f363,STEPHENS,OK,s3://enverus-courthouse-prod-chd-plants/ok/stephens/c085/c085b1ea-78ae-4746-b07f-0e445660f363.pdf
c0a0711b-cef8-4be0-9d94-2599e0bf9f0a,LOVE,OK,\\smb.dc2isilon.na.drillinginfo.com\lease_data_entry\data_sources\ok_county_records\ok\love\c0a0
c0ab6ecf-0e45-49b9-9bcf-614fe9697aed,MARSHALL,OK,s3://enverus-courthouse-prod-chd-plants/ok/marshall/c0ab/c0ab6ecf-0e45-49b9-9bcf-614fe9697aed.pdf
c0ad115b-3d45-4c38-8024-9854544795b9,STEPHENS,OK,s3://enverus-courthouse-prod-chd-plants/ok/stephens/c0ad/c0ad115b-3d45-4c38-8024-9854544795b9.pdf
c0c00398-e3dc-4eff-a173-80627efa56f6,TEXAS,OK,s3://enverus-courthouse-prod-chd-plants/ok/texas/c0c0/c0c00398-e3dc-4eff-a173-80627efa56f6.pdf
c0c65bd5-2be7-4103-84fe-963beb2c48b3,KAY,OK,\\smb.dc2isilon.na.drillinginfo.com\lease_data_entry\data_sources\ok_county_records\ok\kay\c0c6
c0c7895b-905e-4f7f-a103-6ac6a61b91c2,BLAINE,OK,s3://enverus-courthouse-prod-chd-plants/ok/blaine/c0c7/c0c7895b-905e-4f7f-a103-6ac6a61b91c2.pdf
c0c86237-98bf-4f9f-a96a-d3651ed27dfe,PITTSBURG,OK,\\smb.dc2isilon.na.drillinginfo.com\lease_data_entry\data_sources\ok_county_records\ok\pittsburg\c0c8
c0dcdf84-9be9-45b9-8525-080782106cf7,MCCLAIN,OK,s3://enverus-courthouse-prod-chd-plants/ok/mcclain/c0dc/c0dcdf84-9be9-45b9-8525-080782106cf7.pdf
c0de4231-62dd-4677-9eed-a420577cf811,CARTER,OK,s3://enverus-courthouse-prod-chd-plants/ok/carter/c0de/c0de4231-62dd-4677-9eed-a420577cf811.pdf
c0f26246-f848-4ac2-aecb-e4a7b5f39758,MCINTOSH,OK,\\smb.dc2isilon.na.drillinginfo.com\lease_data_entry\data_sources\ok_county_records\ok\mcintosh\c0f2
c107b490-c317-4868-9621-b9096ad7a5e9,CUSTER,OK,s3://enverus-courthouse-prod-chd-plants/ok/custer/c107/c107b490-c317-4868-9621-b9096ad7a5e9.pdf
c10b39d5-0549-4fba-8b29-5ccca93f2af2,COAL,OK,s3://enverus-courthouse-prod-chd-plants/ok/coal/c10b/c10b39d5-0549-4fba-8b29-5ccca93f2af2.pdf
c10fd785-d0ab-4bf5-acb0-37527c6e30fb,BLAINE,OK,\\smb.dc2isilon.na.drillinginfo.com\lease_data_entry\data_sources\ok_county_records\ok\blaine\c10f
c1283e19-d849-4a50-ab79-bb793253fe71,OKMULGEE,OK,\\smb.dc2isilon.na.drillinginfo.com\lease_data_entry\data_sources\ok_county_records\ok\okmulgee\c128
c133e027-c69f-47e3-90d3-94845953f2e7,LOGAN,OK,s3://enverus-courthouse-prod-chd-plants/ok/logan/c133/c133e027-c69f-47e3-90d3-94845953f2e7.pdf
c14110bb-a1dc-4a13-815e-7c3eacdf26bb,GARVIN,OK,s3://enverus-courthouse-prod-chd-plants/ok/garvin/c141/c14110bb-a1dc-4a13-815e-7c3eacdf26bb.pdf
c1501da5-0a30-4159-a52b-c08e8c787c65,JEFFERSON,OK,s3://enverus-courthouse-prod-chd-plants/ok/jefferson/c150/c1501da5-0a30-4159-a52b-c08e8c787c65.pdf
c15d268b-2251-42c5-a333-cb87237e53b1,JOHNSTON,OK,\\smb.dc2isilon.na.drillinginfo.com\lease_data_entry\data_sources\ok_county_records\ok\johnston\c15d
c15d6ef8-9056-4ff0-9792-2cc1f28ae38a,LOVE,OK,\\smb.dc2isilon.na.drillinginfo.com\lease_data_entry\data_sources\ok_county_records\ok\love\c15d
c15e19f2-1bb6-44d7-9c73-ceb686f83c78,LEFLORE,OK,s3://enverus-courthouse-prod-chd-plants/ok/leflore/c15e/c15e19f2-1bb6-44d7-9c73-ceb686f83c78.pdf
c169ac89-79ca-4bf3-99f4-8f8dbc8739d0,WASHINGTON,OK,s3://enverus-courthouse-prod-chd-plants/ok/washington/c169/c169ac89-79ca-4bf3-99f4-8f8dbc8739d0.pdf
c16f9c92-8a32-468e-8546-4765b9c671e1,GARVIN,OK,\\smb.dc2isilon.na.drillinginfo.com\lease_data_entry\data_sources\ok_county_records\ok\garvin\c16f
c171ecbb-2068-47ed-9ba3-41f588cad4e1,CARTER,OK,s3://enverus-courthouse-prod-chd-plants/ok/carter/c171/c171ecbb-2068-47ed-9ba3-41f588cad4e1.pdf
c17e1ebd-0850-49c9-b3ca-20b5487bc2cc,KINGFISHER,OK,s3://enverus-courthouse-prod-chd-plants/ok/kingfisher/c17e/c17e1ebd-0850-49c9-b3ca-20b5487bc2cc.pdf
c187ebd5-d7e7-4283-bd6f-8d923d842ace,MCCLAIN,OK,\\smb.dc2isilon.na.drillinginfo.com\lease_data_entry\data_sources\ok_county_records\ok\mcclain\c187
c1a81f1b-a845-4682-bff1-63859e1a14c4,CUSTER,OK,s3://enverus-courthouse-prod-chd-plants/ok/custer/c1a8/c1a81f1b-a845-4682-bff1-63859e1a14c4.pdf
c1af353e-afc4-406a-b759-0cd5af77a549,GARVIN,OK,s3://enverus-courthouse-prod-chd-plants/ok/garvin/c1af/c1af353e-afc4-406a-b759-0cd5af77a549.pdf
c1b16de8-68e5-4fa4-b34a-b9729d0fcf81,CARTER,OK,s3://enverus-courthouse-prod-chd-plants/ok/carter/c1b1/c1b16de8-68e5-4fa4-b34a-b9729d0fcf81.pdf
c1ba419c-0f4a-4a35-b5ac-0f08a2a72329,CARTER,OK,\\smb.dc2isilon.na.drillinginfo.com\lease_data_entry\data_sources\ok_county_records\ok\carter\c1ba
c1c121f6-e9dc-4124-a300-205745102167,CARTER,OK,\\smb.dc2isilon.na.drillinginfo.com\lease_data_entry\data_sources\ok_county_records\ok\carter\c1c1
c1c6fd58-2c99-4633-8ef5-4b7b1219a03d,WOODWARD,OK,\\smb.dc2isilon.na.drillinginfo.com\lease_data_entry\data_sources\ok_county_records\ok\woodward\c1c6
c1c860d1-6044-421b-ad03-53ba5b765c29,PITTSBURG,OK,s3://enverus-courthouse-prod-chd-plants/ok/pittsburg/c1c8/c1c860d1-6044-421b-ad03-53ba5b765c29.pdf
c1d4ba7e-8da6-4c25-9f66-83725320ae37,MAJOR,OK,\\smb.dc2isilon.na.drillinginfo.com\lease_data_entry\data_sources\ok_county_records\ok\major\c1d4
c1d599cb-bf46-4a0d-99d4-a834bab1f102,GARVIN,OK,s3://enverus-courthouse-prod-chd-plants/ok/garvin/c1d5/c1d599cb-bf46-4a0d-99d4-a834bab1f102.pdf
c1ed6711-9248-448b-af03-df956c5b8ca8,WASHITA,OK,s3://enverus-courthouse-prod-chd-plants/ok/washita/c1ed/c1ed6711-9248-448b-af03-df956c5b8ca8.pdf
c1ef301e-5fc8-455b-bdcd-1669d0145b8d,MARSHALL,OK,s3://enverus-courthouse-prod-chd-plants/ok/marshall/c1ef/c1ef301e-5fc8-455b-bdcd-1669d0145b8d.pdf
c213b90e-7521-46c4-b7ca-64564ddcd1e5,MCINTOSH,OK,\\smb.dc2isilon.na.drillinginfo.com\lease_data_entry\data_sources\ok_county_records\ok\mcintosh\c213
c216eb2b-0b44-4024-9223-aeafe3d9d24c,LOGAN,OK,\\smb.dc2isilon.na.drillinginfo.com\lease_data_entry\data_sources\ok_county_records\ok\logan\c216
c2175a7b-7f2a-42f8-a22b-69f48f0a5ef3,MAJOR,OK,\\smb.dc2isilon.na.drillinginfo.com\lease_data_entry\data_sources\ok_county_records\ok\major\c217
c21d1fd2-9111-42f3-98d4-22f22de1a950,LEFLORE,OK,\\smb.dc2isilon.na.drillinginfo.com\lease_data_entry\data_sources\ok_county_records\ok\leflore\c21d
c22d18fc-927d-4fd2-bc58-48c206072ebb,COMANCHE,OK,\\smb.dc2isilon.na.drillinginfo.com\lease_data_entry\data_sources\ok_county_records\ok\comanche\c22d
c2301be4-0d5d-4a42-bd01-e7a5f10ae0c3,WASHINGTON,OK,s3://enverus-courthouse-prod-chd-plants/ok/washington/c230/c2301be4-0d5d-4a42-bd01-e7a5f10ae0c3.pdf
c2365094-666f-453a-bbe2-1a012a5a848d,BLAINE,OK,s3://enverus-courthouse-prod-chd-plants/ok/blaine/c236/c2365094-666f-453a-bbe2-1a012a5a848d.pdf
c23a903a-cfa0-4a25-ac85-f92e4d95d24a,COAL,OK,\\smb.dc2isilon.na.drillinginfo.com\lease_data_entry\data_sources\ok_county_records\ok\coal\c23a
c23bf2a9-4059-4900-ab34-b9099ea7580e,ROGER MILLS,OK,s3://enverus-courthouse-prod-chd-plants/ok/roger mills/c23b/c23bf2a9-4059-4900-ab34-b9099ea7580e.pdf
c25988eb-ddc1-4024-ae13-46110b0cd507,STEPHENS,OK,s3://enverus-courthouse-prod-chd-plants/ok/stephens/c259/c25988eb-ddc1-4024-ae13-46110b0cd507.pdf
c2617398-9390-4aa6-aaf3-57e382ad479b,SEMINOLE,OK,\\smb.dc2isilon.na.drillinginfo.com\lease_data_entry\data_sources\ok_county_records\ok\seminole\c261
c265f0ff-2dd8-4b97-b7fe-1eb9d169c73a,MCCLAIN,OK,s3://enverus-courthouse-prod-chd-plants/ok/mcclain/c265/c265f0ff-2dd8-4b97-b7fe-1eb9d169c73a.pdf
c27e3d42-17ea-4395-9223-93484a2c7b64,DEWEY,OK,s3://enverus-courthouse-prod-chd-plants/ok/dewey/c27e/c27e3d42-17ea-4395-9223-93484a2c7b64.pdf
c289ef54-e3c7-4f40-9045-6c63b358498a,KAY,OK,s3://enverus-courthouse-prod-chd-plants/ok/kay/c289/c289ef54-e3c7-4f40-9045-6c63b358498a.pdf
c2b0f29e-990e-44fd-89a3-25836a32fc8c,GARVIN,OK,s3://enverus-courthouse-prod-chd-plants/ok/garvin/c2b0/c2b0f29e-990e-44fd-89a3-25836a32fc8c.pdf
c2ea4f25-c99b-4dfa-8b8b-1fd4d4afd961,MARSHALL,OK,\\smb.dc2isilon.na.drillinginfo.com\lease_data_entry\data_sources\ok_county_records\ok\marshall\c2ea
c2f6860f-f720-477f-b4f7-9e4c256d2024,CARTER,OK,s3://enverus-courthouse-prod-chd-plants/ok/carter/c2f6/c2f6860f-f720-477f-b4f7-9e4c256d2024.pdf
c3126d8a-b4c8-4c08-924b-52b3c2cd6565,LINCOLN,OK,s3://enverus-courthouse-prod-chd-plants/ok/lincoln/c312/c3126d8a-b4c8-4c08-924b-52b3c2cd6565.pdf
c314756a-f0c8-4ff0-8117-e02857afac6e,CUSTER,OK,s3://enverus-courthouse-prod-chd-plants/ok/custer/c314/c314756a-f0c8-4ff0-8117-e02857afac6e.pdf
c319414c-c174-4eae-bc62-0c9419cc4419,LOVE,OK,s3://enverus-courthouse-prod-chd-plants/ok/love/c319/c319414c-c174-4eae-bc62-0c9419cc4419.pdf
c32fd291-be06-4567-9667-eaf24397428d,TEXAS,OK,\\smb.dc2isilon.na.drillinginfo.com\lease_data_entry\data_sources\ok_county_records\ok\texas\c32f
c33ae278-8945-4591-8414-4fae4d24c7d4,CUSTER,OK,\\smb.dc2isilon.na.drillinginfo.com\lease_data_entry\data_sources\ok_county_records\ok\custer\c33a
c356c0a5-c825-424e-a91c-d2553ae4ef08,LATIMER,OK,s3://enverus-courthouse-prod-chd-plants/ok/latimer/c356/c356c0a5-c825-424e-a91c-d2553ae4ef08.pdf
c35b69b5-03e2-41e8-aa8d-6427b411abca,GARVIN,OK,s3://enverus-courthouse-prod-chd-plants/ok/garvin/c35b/c35b69b5-03e2-41e8-aa8d-6427b411abca.pdf
c3624bfb-00cf-4ef5-90ff-ffc390e3d5af,LINCOLN,OK,s3://enverus-courthouse-prod-chd-plants/ok/lincoln/c362/c3624bfb-00cf-4ef5-90ff-ffc390e3d5af.pdf
c374d2c9-f2ce-4997-99e8-5a2ddbffdfd5,CARTER,OK,s3://enverus-courthouse-prod-chd-plants/ok/carter/c374/c374d2c9-f2ce-4997-99e8-5a2ddbffdfd5.pdf
c379649a-60be-438e-b772-91fa2ccb0d6a,MAJOR,OK,s3://enverus-courthouse-prod-chd-plants/ok/major/c379/c379649a-60be-438e-b772-91fa2ccb0d6a.pdf
c382de41-a91e-4316-aacf-28a8c256677e,STEPHENS,OK,\\smb.dc2isilon.na.drillinginfo.com\lease_data_entry\data_sources\ok_county_records\ok\stephens\c382
c3a82033-1ab0-440c-8919-33fc4c4bc01b,SEMINOLE,OK,\\smb.dc2isilon.na.drillinginfo.com\lease_data_entry\data_sources\ok_county_records\ok\seminole\c3a8
c3dbbd56-ef02-45e5-93c2-a1a22abb9bd0,GARVIN,OK,\\smb.dc2isilon.na.drillinginfo.com\lease_data_entry\data_sources\ok_county_records\ok\garvin\c3db
c3deb49c-a5d8-4d33-8d3a-b9f1e7242b80,ROGER MILLS,OK,\\smb.dc2isilon.na.drillinginfo.com\lease_data_entry\data_sources\ok_county_records\ok\roger mills\c3de
c3eb0e9b-0fa5-443b-9008-b63c43cc3d77,LOGAN,OK,\\smb.dc2isilon.na.drillinginfo.com\lease_data_entry\data_sources\ok_county_records\ok\logan\c3eb
c3ebcc68-6d55-4366-9bcd-642edb1a4795,HUGHES,OK,\\smb.dc2isilon.na.drillinginfo.com\lease_data_entry\data_sources\ok_county_records\ok\hughes\c3eb
c3fb5df1-d8c2-4be9-a0c2-4362e35db22f,CARTER,OK,\\smb.dc2isilon.na.drillinginfo.com\lease_data_entry\data_sources\ok_county_records\ok\carter\c3fb
c3fbe8d9-ae4b-4f9a-86d8-254bf1205957,ELLIS,OK,s3://enverus-courthouse-prod-chd-plants/ok/ellis/c3fb/c3fbe8d9-ae4b-4f9a-86d8-254bf1205957.pdf
c3fce8ec-2999-4f6d-a2d4-652a0024d70e,COMANCHE,OK,\\smb.dc2isilon.na.drillinginfo.com\lease_data_entry\data_sources\ok_county_records\ok\comanche\c3fc
c401facd-67e3-4b48-a868-4bf0e6c0d630,MCCLAIN,OK,\\smb.dc2isilon.na.drillinginfo.com\lease_data_entry\data_sources\ok_county_records\ok\mcclain\c401
c4099bf9-83dc-4efe-9b85-9798ba0b61db,KINGFISHER,OK,\\smb.dc2isilon.na.drillinginfo.com\lease_data_entry\data_sources\ok_county_records\ok\kingfisher\c409
c415fa05-488d-4840-9901-6ba5ddecb4c0,KAY,OK,s3://enverus-courthouse-prod-chd-plants/ok/kay/c415/c415fa05-488d-4840-9901-6ba5ddecb4c0.pdf
c41b90df-112d-4f5d-ba71-2bf36fae4bcc,OKMULGEE,OK,\\smb.dc2isilon.na.drillinginfo.com\lease_data_entry\data_sources\ok_county_records\ok\okmulgee\c41b
c41cc1a0-75f0-4553-928e-415191b722d8,GARVIN,OK,s3://enverus-courthouse-prod-chd-plants/ok/garvin/c41c/c41cc1a0-75f0-4553-928e-415191b722d8.pdf
c4406b3b-69dd-438d-8d00-660e8a523b68,GARVIN,OK,\\smb.dc2isilon.na.drillinginfo.com\lease_data_entry\data_sources\ok_county_records\ok\garvin\c440
c4438760-f700-4f9b-8329-94784e019c0a,GARVIN,OK,\\smb.dc2isilon.na.drillinginfo.com\lease_data_entry\data_sources\ok_county_records\ok\garvin\c443
c446a885-6f60-408d-a874-dc4bdb20043d,COMANCHE,OK,\\smb.dc2isilon.na.drillinginfo.com\lease_data_entry\data_sources\ok_county_records\ok\comanche\c446
c44c95a1-c97f-4d33-b65d-60b12fc38e3e,MARSHALL,OK,\\smb.dc2isilon.na.drillinginfo.com\lease_data_entry\data_sources\ok_county_records\ok\marshall\c44c
c471eb31-e299-4430-87e9-2e630b3ff860,MAJOR,OK,s3://enverus-courthouse-prod-chd-plants/ok/major/c471/c471eb31-e299-4430-87e9-2e630b3ff860.pdf
c47d174e-7149-49c1-bc1c-3cce63a77838,HUGHES,OK,s3://enverus-courthouse-prod-chd-plants/ok/hughes/c47d/c47d174e-7149-49c1-bc1c-3cce63a77838.pdf
c4907fc9-db88-4d34-b28b-de07cd84c2c9,MCINTOSH,OK,\\smb.dc2isilon.na.drillinginfo.com\lease_data_entry\data_sources\ok_county_records\ok\mcintosh\c490
c49427a1-8246-4c76-9ec6-0576d44172a0,GARVIN,OK,s3://enverus-courthouse-prod-chd-plants/ok/garvin/c494/c49427a1-8246-4c76-9ec6-0576d44172a0.pdf
c4949286-c773-4717-9675-cf3ad4864557,WOODWARD,OK,s3://enverus-courthouse-prod-chd-plants/ok/woodward/c494/c4949286-c773-4717-9675-cf3ad4864557.pdf
c4b599ef-44a1-47cb-8406-9405990f81d3,LOGAN,OK,\\smb.dc2isilon.na.drillinginfo.com\lease_data_entry\data_sources\ok_county_records\ok\logan\c4b5
c4c5538c-030d-46a8-a2c3-b37b498daa36,MCCLAIN,OK,s3://enverus-courthouse-prod-chd-plants/ok/mcclain/c4c5/c4c5538c-030d-46a8-a2c3-b37b498daa36.pdf
c4c76fd9-54fe-4c5f-bb0c-d3144ddab6f9,JEFFERSON,OK,s3://enverus-courthouse-prod-chd-plants/ok/jefferson/c4c7/c4c76fd9-54fe-4c5f-bb0c-d3144ddab6f9.pdf
c4f8ba91-5dbe-485b-9487-6925dee1820c,CARTER,OK,s3://enverus-courthouse-prod-chd-plants/ok/carter/c4f8/c4f8ba91-5dbe-485b-9487-6925dee1820c.pdf
c5154687-75ee-47d7-b034-476cbc3e2f5f,MCCLAIN,OK,s3://enverus-courthouse-prod-chd-plants/ok/mcclain/c515/c5154687-75ee-47d7-b034-476cbc3e2f5f.pdf
c519fb40-5f98-4b59-901e-01312517766c,MAJOR,OK,s3://enverus-courthouse-prod-chd-plants/ok/major/c519/c519fb40-5f98-4b59-901e-01312517766c.pdf
c51f0188-5228-4193-96c1-d71ad98b9f14,WASHINGTON,OK,s3://enverus-courthouse-prod-chd-plants/ok/washington/c51f/c51f0188-5228-4193-96c1-d71ad98b9f14.pdf
c52be93a-7361-4927-865a-ac3b46299fd6,PONTOTOC,OK,\\smb.dc2isilon.na.drillinginfo.com\lease_data_entry\data_sources\ok_county_records\ok\pontotoc\c52b
c541798a-c494-4bf9-99ef-079eb80711b8,COMANCHE,OK,\\smb.dc2isilon.na.drillinginfo.com\lease_data_entry\data_sources\ok_county_records\ok\comanche\c541
c54735f8-9b22-4330-b149-3b735e4ea2e1,COMANCHE,OK,\\smb.dc2isilon.na.drillinginfo.com\lease_data_entry\data_sources\ok_county_records\ok\comanche\c547
c54ab85f-4fff-493b-8380-f0be94e824c0,OKMULGEE,OK,s3://enverus-courthouse-prod-chd-plants/ok/okmulgee/c54a/c54ab85f-4fff-493b-8380-f0be94e824c0.pdf
c55295ae-ee55-45d1-876e-773a46554711,COAL,OK,s3://enverus-courthouse-prod-chd-plants/ok/coal/c552/c55295ae-ee55-45d1-876e-773a46554711.pdf
c57412f2-6cde-4b48-88b2-234a542a068f,CARTER,OK,\\smb.dc2isilon.na.drillinginfo.com\lease_data_entry\data_sources\ok_county_records\ok\carter\c574
c574edd7-3cf5-4feb-82de-8aef1ea502c7,BECKHAM,OK,\\smb.dc2isilon.na.drillinginfo.com\lease_data_entry\data_sources\ok_county_records\ok\beckham\c574
c575bcda-891f-4d8b-b25f-fea26a8ec638,MARSHALL,OK,s3://enverus-courthouse-prod-chd-plants/ok/marshall/c575/c575bcda-891f-4d8b-b25f-fea26a8ec638.pdf
c57ad51e-686d-4d4a-b6dc-63a91711ab49,KAY,OK,\\smb.dc2isilon.na.drillinginfo.com\lease_data_entry\data_sources\ok_county_records\ok\kay\c57a
c57b60a0-ce06-4f31-b69f-5c760eecf1ec,CARTER,OK,s3://enverus-courthouse-prod-chd-plants/ok/carter/c57b/c57b60a0-ce06-4f31-b69f-5c760eecf1ec.pdf
c583629a-102e-46dd-af3a-143f36d73786,OKMULGEE,OK,\\smb.dc2isilon.na.drillinginfo.com\lease_data_entry\data_sources\ok_county_records\ok\okmulgee\c583
c58f4fce-d23c-4a77-9b8b-6c3fc3b443a3,OKMULGEE,OK,\\smb.dc2isilon.na.drillinginfo.com\lease_data_entry\data_sources\ok_county_records\ok\okmulgee\c58f
c599cbee-665f-45ff-89eb-e937b6b9e212,CARTER,OK,s3://enverus-courthouse-prod-chd-plants/ok/carter/c599/c599cbee-665f-45ff-89eb-e937b6b9e212.pdf
c5a4c59b-72b5-4fe8-88ed-d6a33b0911a6,WASHITA,OK,s3://enverus-courthouse-prod-chd-plants/ok/washita/c5a4/c5a4c59b-72b5-4fe8-88ed-d6a33b0911a6.pdf
c5b70396-4b02-4a3e-a0e3-f452d3bffa39,COMANCHE,OK,\\smb.dc2isilon.na.drillinginfo.com\lease_data_entry\data_sources\ok_county_records\ok\comanche\c5b7
c5c12058-453e-42f3-ba81-3211092f29bc,ROGER MILLS,OK,s3://enverus-courthouse-prod-chd-plants/ok/roger mills/c5c1/c5c12058-453e-42f3-ba81-3211092f29bc.pdf
c5d2e328-2f1a-4270-be27-cf80fd8e282d,WASHINGTON,OK,\\smb.dc2isilon.na.drillinginfo.com\lease_data_entry\data_sources\ok_county_records\ok\washington\c5d2
c5d4cae8-656e-4681-b71c-b2581d3fe564,CARTER,OK,\\smb.dc2isilon.na.drillinginfo.com\lease_data_entry\data_sources\ok_county_records\ok\carter\c5d4
c5d4e7f4-ff9a-4902-80bf-0e5c3adae09a,LINCOLN,OK,\\smb.dc2isilon.na.drillinginfo.com\lease_data_entry\data_sources\ok_county_records\ok\lincoln\c5d4
c5e69219-8e02-41c6-91da-5fc20f4794eb,KINGFISHER,OK,s3://enverus-courthouse-prod-chd-plants/ok/kingfisher/c5e6/c5e69219-8e02-41c6-91da-5fc20f4794eb.pdf
c5ff1fbb-e30e-4665-801b-06d7f3d6e5ce,PITTSBURG,OK,s3://enverus-courthouse-prod-chd-plants/ok/pittsburg/c5ff/c5ff1fbb-e30e-4665-801b-06d7f3d6e5ce.pdf
c6020a11-a66a-43b7-8cd7-d56feb496a56,LINCOLN,OK,s3://enverus-courthouse-prod-chd-plants/ok/lincoln/c602/c6020a11-a66a-43b7-8cd7-d56feb496a56.pdf
c6030ae3-b000-4f4b-a6c7-760e5385a397,WOODWARD,OK,\\smb.dc2isilon.na.drillinginfo.com\lease_data_entry\data_sources\ok_county_records\ok\woodward\c603
c60a4d1b-a45a-4f6e-a11c-226dcefaad58,STEPHENS,OK,s3://enverus-courthouse-prod-chd-plants/ok/stephens/c60a/c60a4d1b-a45a-4f6e-a11c-226dcefaad58.pdf
c623443c-b111-4404-81c9-f195a2ca1400,SEMINOLE,OK,s3://enverus-courthouse-prod-chd-plants/ok/seminole/c623/c623443c-b111-4404-81c9-f195a2ca1400.pdf
c6292df7-4052-4292-8554-87c9ee0adf30,ROGER MILLS,OK,s3://enverus-courthouse-prod-chd-plants/ok/roger mills/c629/c6292df7-4052-4292-8554-87c9ee0adf30.pdf
c648e53e-30c3-4762-b2de-625f0b78d77e,MURRAY,OK,s3://enverus-courthouse-prod-chd-plants/ok/murray/c648/c648e53e-30c3-4762-b2de-625f0b78d77e.pdf
c650d376-8aaa-4929-9568-809a26d583e5,LOGAN,OK,\\smb.dc2isilon.na.drillinginfo.com\lease_data_entry\data_sources\ok_county_records\ok\logan\c650
c6584561-43a6-4fcc-87dc-fe0a642a5660,LINCOLN,OK,s3://enverus-courthouse-prod-chd-plants/ok/lincoln/c658/c6584561-43a6-4fcc-87dc-fe0a642a5660.pdf
c672482c-cc5d-4306-83d3-e49b74c05a90,GARVIN,OK,s3://enverus-courthouse-prod-chd-plants/ok/garvin/c672/c672482c-cc5d-4306-83d3-e49b74c05a90.pdf
c674687a-c0fe-4f34-a9d4-7c0446482d1e,CUSTER,OK,s3://enverus-courthouse-prod-chd-plants/ok/custer/c674/c674687a-c0fe-4f34-a9d4-7c0446482d1e.pdf
c6770084-edc7-46cb-a794-9e90aa915ce2,LEFLORE,OK,s3://enverus-courthouse-prod-chd-plants/ok/leflore/c677/c6770084-edc7-46cb-a794-9e90aa915ce2.pdf
c67dbf65-bad5-4393-8bdb-9bb0f8fdea24,GRANT,OK,s3://enverus-courthouse-prod-chd-plants/ok/grant/c67d/c67dbf65-bad5-4393-8bdb-9bb0f8fdea24.pdf
c67fddfd-b90a-4991-bc28-90f533b243d9,LINCOLN,OK,s3://enverus-courthouse-prod-chd-plants/ok/lincoln/c67f/c67fddfd-b90a-4991-bc28-90f533b243d9.pdf
c6812542-c599-4cb6-ac60-9e193a9084c9,LINCOLN,OK,s3://enverus-courthouse-prod-chd-plants/ok/lincoln/c681/c6812542-c599-4cb6-ac60-9e193a9084c9.pdf
c69fa67e-0002-47c4-87c4-425829705edc,CUSTER,OK,s3://enverus-courthouse-prod-chd-plants/ok/custer/c69f/c69fa67e-0002-47c4-87c4-425829705edc.pdf
c6b170d1-eb36-429e-84dc-572b7bedb679,COAL,OK,s3://enverus-courthouse-prod-chd-plants/ok/coal/c6b1/c6b170d1-eb36-429e-84dc-572b7bedb679.pdf
c6d3c2b5-b242-483b-839f-cc65bec0469f,MCCLAIN,OK,\\smb.dc2isilon.na.drillinginfo.com\lease_data_entry\data_sources\ok_county_records\ok\mcclain\c6d3
c6e877c6-6ee4-4423-876e-1cce5a3c172f,LOGAN,OK,\\smb.dc2isilon.na.drillinginfo.com\lease_data_entry\data_sources\ok_county_records\ok\logan\c6e8
c6f814f0-f5ee-4316-b4b1-52451bbd3bcb,KINGFISHER,OK,s3://enverus-courthouse-prod-chd-plants/ok/kingfisher/c6f8/c6f814f0-f5ee-4316-b4b1-52451bbd3bcb.pdf
c7036db5-e653-45b5-b469-a8fe98b8617d,CUSTER,OK,s3://enverus-courthouse-prod-chd-plants/ok/custer/c703/c7036db5-e653-45b5-b469-a8fe98b8617d.pdf
c70e6dda-9896-40b8-afa2-da0ae460d838,LOGAN,OK,s3://enverus-courthouse-prod-chd-plants/ok/logan/c70e/c70e6dda-9896-40b8-afa2-da0ae460d838.pdf
c717ab28-3862-4b38-b76b-47109938c509,COMANCHE,OK,\\smb.dc2isilon.na.drillinginfo.com\lease_data_entry\data_sources\ok_county_records\ok\comanche\c717
c71d576b-7ba4-4826-b9ac-fd80f973b9cf,SEMINOLE,OK,\\smb.dc2isilon.na.drillinginfo.com\lease_data_entry\data_sources\ok_county_records\ok\seminole\c71d
c73d42e5-8330-422c-88ed-c028590f5ed0,ELLIS,OK,\\smb.dc2isilon.na.drillinginfo.com\lease_data_entry\data_sources\ok_county_records\ok\ellis\c73d
c7597272-37e0-4d6f-8fb9-3ff1b59f3a80,STEPHENS,OK,s3://enverus-courthouse-prod-chd-plants/ok/stephens/c759/c7597272-37e0-4d6f-8fb9-3ff1b59f3a80.pdf
c75a6c1a-2689-487b-8a3d-5572167d9757,LINCOLN,OK,s3://enverus-courthouse-prod-chd-plants/ok/lincoln/c75a/c75a6c1a-2689-487b-8a3d-5572167d9757.pdf
c7657569-ed82-4f01-983c-c39c698fdbac,LEFLORE,OK,\\smb.dc2isilon.na.drillinginfo.com\lease_data_entry\data_sources\ok_county_records\ok\leflore\c765
c76a22c8-a1c4-4dc7-ab96-b9d7700f10a1,LOGAN,OK,s3://enverus-courthouse-prod-chd-plants/ok/logan/c76a/c76a22c8-a1c4-4dc7-ab96-b9d7700f10a1.pdf
c7798f09-9884-4010-8e99-d86b39937b3d,CUSTER,OK,s3://enverus-courthouse-prod-chd-plants/ok/custer/c779/c7798f09-9884-4010-8e99-d86b39937b3d.pdf
c77e4e44-5e7d-4f4f-9fd1-a8c7446e6ae2,WASHITA,OK,s3://enverus-courthouse-prod-chd-plants/ok/washita/c77e/c77e4e44-5e7d-4f4f-9fd1-a8c7446e6ae2.pdf
c785db41-d5d2-4d55-bdd0-58cd76980c35,COAL,OK,s3://enverus-courthouse-prod-chd-plants/ok/coal/c785/c785db41-d5d2-4d55-bdd0-58cd76980c35.pdf
c796a1f9-1907-4e30-9495-faf0ea4a103d,LOGAN,OK,\\smb.dc2isilon.na.drillinginfo.com\lease_data_entry\data_sources\ok_county_records\ok\logan\c796
c7b38eed-c257-47d3-bd19-eb9ad0648fdd,LEFLORE,OK,s3://enverus-courthouse-prod-chd-plants/ok/leflore/c7b3/c7b38eed-c257-47d3-bd19-eb9ad0648fdd.pdf
c7b57ccd-0c43-4ea3-8a50-b9b1396f32ce,MAJOR,OK,\\smb.dc2isilon.na.drillinginfo.com\lease_data_entry\data_sources\ok_county_records\ok\major\c7b5
c7bdb5c6-e85d-4290-a0f2-a64c1f7352d4,MARSHALL,OK,s3://enverus-courthouse-prod-chd-plants/ok/marshall/c7bd/c7bdb5c6-e85d-4290-a0f2-a64c1f7352d4.pdf
c7c0047f-abe5-4591-a36f-ebba6d7f0ce6,MARSHALL,OK,s3://enverus-courthouse-prod-chd-plants/ok/marshall/c7c0/c7c0047f-abe5-4591-a36f-ebba6d7f0ce6.pdf
c7d3bf3a-58ac-4a74-8839-f629e441940c,KINGFISHER,OK,s3://enverus-courthouse-prod-chd-plants/ok/kingfisher/c7d3/c7d3bf3a-58ac-4a74-8839-f629e441940c.pdf
c7d7d4cc-e229-4db1-bb43-78fe2a0d7de9,SEMINOLE,OK,\\smb.dc2isilon.na.drillinginfo.com\lease_data_entry\data_sources\ok_county_records\ok\seminole\c7d7
c7d8d13f-b8d0-4f46-a39c-da4be66775d5,ROGER MILLS,OK,s3://enverus-courthouse-prod-chd-plants/ok/roger mills/c7d8/c7d8d13f-b8d0-4f46-a39c-da4be66775d5.pdf
c7ea3a45-f8e5-4187-9e8a-d16f7cd19d29,KAY,OK,s3://enverus-courthouse-prod-chd-plants/ok/kay/c7ea/c7ea3a45-f8e5-4187-9e8a-d16f7cd19d29.pdf
c7ea3ce0-71ae-4976-b38a-37249ba95fad,COMANCHE,OK,\\smb.dc2isilon.na.drillinginfo.com\lease_data_entry\data_sources\ok_county_records\ok\comanche\c7ea
c7eabce8-2b54-4689-aae0-7e00a063d3d6,HUGHES,OK,s3://enverus-courthouse-prod-chd-plants/ok/hughes/c7ea/c7eabce8-2b54-4689-aae0-7e00a063d3d6.pdf
c7f47a20-e08a-4082-99ec-3528bbc53075,BLAINE,OK,\\smb.dc2isilon.na.drillinginfo.com\lease_data_entry\data_sources\ok_county_records\ok\blaine\c7f4
c7f9aa64-6380-4417-8e2f-474c8071873d,SEMINOLE,OK,\\smb.dc2isilon.na.drillinginfo.com\lease_data_entry\data_sources\ok_county_records\ok\seminole\c7f9
c7fb1ddf-a390-404d-9f14-5a86aed200d7,LEFLORE,OK,s3://enverus-courthouse-prod-chd-plants/ok/leflore/c7fb/c7fb1ddf-a390-404d-9f14-5a86aed200d7.pdf
c81cf542-c067-499f-a30c-1a6f3cef4dc2,PONTOTOC,OK,\\smb.dc2isilon.na.drillinginfo.com\lease_data_entry\data_sources\ok_county_records\ok\pontotoc\c81c
c81d92c0-ca60-43f7-bca5-1315ab371211,LINCOLN,OK,s3://enverus-courthouse-prod-chd-plants/ok/lincoln/c81d/c81d92c0-ca60-43f7-bca5-1315ab371211.pdf
c831f5b4-495d-4852-b751-8b70f61a36c1,CARTER,OK,\\smb.dc2isilon.na.drillinginfo.com\lease_data_entry\data_sources\ok_county_records\ok\carter\c831
c8383527-45c0-4224-bdfc-0d5592b6d1ca,LOGAN,OK,\\smb.dc2isilon.na.drillinginfo.com\lease_data_entry\data_sources\ok_county_records\ok\logan\c838
c83bb253-f1a1-493e-939f-896b213dafd2,CARTER,OK,s3://enverus-courthouse-prod-chd-plants/ok/carter/c83b/c83bb253-f1a1-493e-939f-896b213dafd2.pdf
c83f46e6-5102-43fc-9c00-ec19a12b40aa,BECKHAM,OK,\\smb.dc2isilon.na.drillinginfo.com\lease_data_entry\data_sources\ok_county_records\ok\beckham\c83f
c85812ac-f20a-4692-98c6-a667396e6821,STEPHENS,OK,\\smb.dc2isilon.na.drillinginfo.com\lease_data_entry\data_sources\ok_county_records\ok\stephens\c858
c86ca044-81da-4b76-baee-1edab709a0b8,GARVIN,OK,s3://enverus-courthouse-prod-chd-plants/ok/garvin/c86c/c86ca044-81da-4b76-baee-1edab709a0b8.pdf
c88db92e-a944-4759-b6a5-1b7ee76627b9,LOGAN,OK,s3://enverus-courthouse-prod-chd-plants/ok/logan/c88d/c88db92e-a944-4759-b6a5-1b7ee76627b9.pdf
c8969498-295c-42ce-8698-a3212284c54c,MCCLAIN,OK,\\smb.dc2isilon.na.drillinginfo.com\lease_data_entry\data_sources\ok_county_records\ok\mcclain\c896
c89a10c9-a3cd-4c14-84e5-51fd269b93a6,ROGER MILLS,OK,s3://enverus-courthouse-prod-chd-plants/ok/roger mills/c89a/c89a10c9-a3cd-4c14-84e5-51fd269b93a6.pdf
c89a7893-8825-4306-af15-5a83bf8d63d4,ELLIS,OK,s3://enverus-courthouse-prod-chd-plants/ok/ellis/c89a/c89a7893-8825-4306-af15-5a83bf8d63d4.pdf
c8a1d90d-8a8a-47f9-9b58-0798269cded0,MCCLAIN,OK,\\smb.dc2isilon.na.drillinginfo.com\lease_data_entry\data_sources\ok_county_records\ok\mcclain\c8a1
c8b692c2-78f0-48f0-a7f7-f9c92cfa814f,COAL,OK,s3://enverus-courthouse-prod-chd-plants/ok/coal/c8b6/c8b692c2-78f0-48f0-a7f7-f9c92cfa814f.pdf
c8bfaa2b-3e83-4f5a-9804-37ffdf6601a3,PAWNEE,OK,\\smb.dc2isilon.na.drillinginfo.com\lease_data_entry\data_sources\ok_county_records\ok\pawnee\c8bf
c8c3c5ba-ba04-46b9-b8a1-13ea3bc5b9bd,HUGHES,OK,s3://enverus-courthouse-prod-chd-plants/ok/hughes/c8c3/c8c3c5ba-ba04-46b9-b8a1-13ea3bc5b9bd.pdf
c8dad0b6-7f80-4b3a-8267-706513c53782,COMANCHE,OK,\\smb.dc2isilon.na.drillinginfo.com\lease_data_entry\data_sources\ok_county_records\ok\comanche\c8da
c8e31f69-529f-4d3c-9194-8aaef0269153,DEWEY,OK,s3://enverus-courthouse-prod-chd-plants/ok/dewey/c8e3/c8e31f69-529f-4d3c-9194-8aaef0269153.pdf
c906b8be-18d9-4ada-833d-de0af40d5e67,STEPHENS,OK,s3://enverus-courthouse-prod-chd-plants/ok/stephens/c906/c906b8be-18d9-4ada-833d-de0af40d5e67.pdf
c90f8018-a629-4ec4-8855-bf0311949ebf,OKMULGEE,OK,\\smb.dc2isilon.na.drillinginfo.com\lease_data_entry\data_sources\ok_county_records\ok\okmulgee\c90f
c92a775e-20d5-435f-9762-f2cd007d9bb5,MCCLAIN,OK,\\smb.dc2isilon.na.drillinginfo.com\lease_data_entry\data_sources\ok_county_records\ok\mcclain\c92a
c9388bf7-549a-46cc-9595-6399f4981ac0,ROGER MILLS,OK,s3://enverus-courthouse-prod-chd-plants/ok/roger mills/c938/c9388bf7-549a-46cc-9595-6399f4981ac0.pdf
c94f95d1-16fa-4334-87d1-71160b3c74f0,STEPHENS,OK,\\smb.dc2isilon.na.drillinginfo.com\lease_data_entry\data_sources\ok_county_records\ok\stephens\c94f
c96c0056-dd47-45a9-9dfb-baeae4c7370b,DEWEY,OK,s3://enverus-courthouse-prod-chd-plants/ok/dewey/c96c/c96c0056-dd47-45a9-9dfb-baeae4c7370b.pdf
c96cee1b-1e5f-46b4-9e9b-7a5ceb9bd4e7,ELLIS,OK,s3://enverus-courthouse-prod-chd-plants/ok/ellis/c96c/c96cee1b-1e5f-46b4-9e9b-7a5ceb9bd4e7.pdf
c977a52b-704f-4e05-882f-a6cae64f824a,COAL,OK,\\smb.dc2isilon.na.drillinginfo.com\lease_data_entry\data_sources\ok_county_records\ok\coal\c977
c977c569-59a9-4e34-bb03-4ba33b9570b5,COMANCHE,OK,\\smb.dc2isilon.na.drillinginfo.com\lease_data_entry\data_sources\ok_county_records\ok\comanche\c977
c99acdbf-7a28-4488-9798-3e99c11a785e,COMANCHE,OK,\\smb.dc2isilon.na.drillinginfo.com\lease_data_entry\data_sources\ok_county_records\ok\comanche\c99a
c9a3fcca-8e71-42d6-8ec4-4f217f4708f7,MAJOR,OK,s3://enverus-courthouse-prod-chd-plants/ok/major/c9a3/c9a3fcca-8e71-42d6-8ec4-4f217f4708f7.pdf
c9b59b5f-2fc1-4f59-a24b-59d800963285,MURRAY,OK,s3://enverus-courthouse-prod-chd-plants/ok/murray/c9b5/c9b59b5f-2fc1-4f59-a24b-59d800963285.pdf
c9bdc2e8-5940-46d0-8e16-8f7abb805795,OKMULGEE,OK,\\smb.dc2isilon.na.drillinginfo.com\lease_data_entry\data_sources\ok_county_records\ok\okmulgee\c9bd
c9c2c603-7a5b-4090-b4d3-9449b65879f4,WASHINGTON,OK,s3://enverus-courthouse-prod-chd-plants/ok/washington/c9c2/c9c2c603-7a5b-4090-b4d3-9449b65879f4.pdf
c9d4a116-e05c-4dfa-b836-a0676be608e3,BECKHAM,OK,\\smb.dc2isilon.na.drillinginfo.com\lease_data_entry\data_sources\ok_county_records\ok\beckham\c9d4
c9daf522-c39a-49db-a7ab-6790456d4bcb,STEPHENS,OK,\\smb.dc2isilon.na.drillinginfo.com\lease_data_entry\data_sources\ok_county_records\ok\stephens\c9da
c9eb394a-20f0-4227-930d-c0855fbae52b,ELLIS,OK,\\smb.dc2isilon.na.drillinginfo.com\lease_data_entry\data_sources\ok_county_records\ok\ellis\c9eb
c9f57dff-b5e3-459f-8752-314dc263418e,CARTER,OK,s3://enverus-courthouse-prod-chd-plants/ok/carter/c9f5/c9f57dff-b5e3-459f-8752-314dc263418e.pdf
ca14ec97-85f7-4242-9ade-fa279688befa,MCCLAIN,OK,s3://enverus-courthouse-prod-chd-plants/ok/mcclain/ca14/ca14ec97-85f7-4242-9ade-fa279688befa.pdf
ca218686-1b5c-4205-80b6-9588e8c0c2df,WASHINGTON,OK,s3://enverus-courthouse-prod-chd-plants/ok/washington/ca21/ca218686-1b5c-4205-80b6-9588e8c0c2df.pdf
ca384cad-8cd6-41a3-acbe-d504cd53360e,ROGER MILLS,OK,\\smb.dc2isilon.na.drillinginfo.com\lease_data_entry\data_sources\ok_county_records\ok\roger mills\ca38
ca3cace9-4d77-43b8-ba4f-f8a7bba29c00,CARTER,OK,s3://enverus-courthouse-prod-chd-plants/ok/carter/ca3c/ca3cace9-4d77-43b8-ba4f-f8a7bba29c00.pdf
ca43c682-e6c4-49dd-8eb2-4c1f91728f3b,COAL,OK,\\smb.dc2isilon.na.drillinginfo.com\lease_data_entry\data_sources\ok_county_records\ok\coal\ca43
ca4e8a76-0e73-4333-9f89-b656856461bd,MAJOR,OK,s3://enverus-courthouse-prod-chd-plants/ok/major/ca4e/ca4e8a76-0e73-4333-9f89-b656856461bd.pdf
ca7c2e89-f0cd-4a24-8995-9b4f7f56618d,MAJOR,OK,\\smb.dc2isilon.na.drillinginfo.com\lease_data_entry\data_sources\ok_county_records\ok\major\ca7c
ca89fdfc-f557-4d2d-806e-c41d03990b62,LATIMER,OK,s3://enverus-courthouse-prod-chd-plants/ok/latimer/ca89/ca89fdfc-f557-4d2d-806e-c41d03990b62.pdf
ca9de5ae-5e78-46be-8c24-231144c06a2b,BECKHAM,OK,\\smb.dc2isilon.na.drillinginfo.com\lease_data_entry\data_sources\ok_county_records\ok\beckham\ca9d
caa413fa-3a64-4525-886f-cd7289864f95,ROGER MILLS,OK,s3://enverus-courthouse-prod-chd-plants/ok/roger mills/caa4/caa413fa-3a64-4525-886f-cd7289864f95.pdf
cab5a181-cef3-404a-89f9-b669549a83c3,LOVE,OK,s3://enverus-courthouse-prod-chd-plants/ok/love/cab5/cab5a181-cef3-404a-89f9-b669549a83c3.pdf
caf792f8-8d91-4279-9c68-e1ac255f5aff,MARSHALL,OK,\\smb.dc2isilon.na.drillinginfo.com\lease_data_entry\data_sources\ok_county_records\ok\marshall\caf7
cb0233cc-f02b-4261-a34e-f16184514d85,CARTER,OK,\\smb.dc2isilon.na.drillinginfo.com\lease_data_entry\data_sources\ok_county_records\ok\carter\cb02
cb1088d0-a366-48e8-9f21-bccbc6749a84,OKMULGEE,OK,\\smb.dc2isilon.na.drillinginfo.com\lease_data_entry\data_sources\ok_county_records\ok\okmulgee\cb10
cb124270-21c0-4959-9179-7889e602018a,SEMINOLE,OK,\\smb.dc2isilon.na.drillinginfo.com\lease_data_entry\data_sources\ok_county_records\ok\seminole\cb12
cb14886f-34fc-49bf-9318-72c2a69e7c1c,MARSHALL,OK,\\smb.dc2isilon.na.drillinginfo.com\lease_data_entry\data_sources\ok_county_records\ok\marshall\cb14
cb1fd037-62ef-4117-a9a2-487557825de6,MAJOR,OK,\\smb.dc2isilon.na.drillinginfo.com\lease_data_entry\data_sources\ok_county_records\ok\major\cb1f
cb21f9a5-76af-48ee-b1cf-25bc39d8addb,PITTSBURG,OK,s3://enverus-courthouse-prod-chd-plants/ok/pittsburg/cb21/cb21f9a5-76af-48ee-b1cf-25bc39d8addb.pdf
cb2cd9e3-ea22-4c04-858d-ca7a74c09782,GARVIN,OK,s3://enverus-courthouse-prod-chd-plants/ok/garvin/cb2c/cb2cd9e3-ea22-4c04-858d-ca7a74c09782.pdf
cb5066b7-5260-4e59-9964-eca956d66a86,ROGER MILLS,OK,s3://enverus-courthouse-prod-chd-plants/ok/roger mills/cb50/cb5066b7-5260-4e59-9964-eca956d66a86.pdf
cb572b26-c250-4bc6-a9f8-2ea95055540e,ROGER MILLS,OK,\\smb.dc2isilon.na.drillinginfo.com\lease_data_entry\data_sources\ok_county_records\ok\roger mills\cb57
cb748cff-8da7-4582-b26a-1aa0a6aa801d,KINGFISHER,OK,s3://enverus-courthouse-prod-chd-plants/ok/kingfisher/cb74/cb748cff-8da7-4582-b26a-1aa0a6aa801d.pdf
cb88d1ed-35ce-4b53-a153-ad4d924e4dab,COAL,OK,s3://enverus-courthouse-prod-chd-plants/ok/coal/cb88/cb88d1ed-35ce-4b53-a153-ad4d924e4dab.pdf
cb9552ce-a10a-47a5-8b9b-5b84b309ecf9,LEFLORE,OK,\\smb.dc2isilon.na.drillinginfo.com\lease_data_entry\data_sources\ok_county_records\ok\leflore\cb95
cba90448-31d2-4c67-a3a5-a85dc1fad6b4,KINGFISHER,OK,s3://enverus-courthouse-prod-chd-plants/ok/kingfisher/cba9/cba90448-31d2-4c67-a3a5-a85dc1fad6b4.pdf
cbb9dc69-f377-4ab3-b66b-49742ea8853f,TEXAS,OK,\\smb.dc2isilon.na.drillinginfo.com\lease_data_entry\data_sources\ok_county_records\ok\texas\cbb9
cbbba70a-e356-4dd6-8977-1471586161c3,LOGAN,OK,\\smb.dc2isilon.na.drillinginfo.com\lease_data_entry\data_sources\ok_county_records\ok\logan\cbbb
cbbd3e26-29cc-4d67-aa4a-e91b1733b375,COMANCHE,OK,s3://enverus-courthouse-prod-chd-plants/ok/comanche/cbbd/cbbd3e26-29cc-4d67-aa4a-e91b1733b375.pdf
cbbdba3c-014e-45b3-97d0-4269bbf3ea36,STEPHENS,OK,\\smb.dc2isilon.na.drillinginfo.com\lease_data_entry\data_sources\ok_county_records\ok\stephens\cbbd
cbce8e27-779d-45c6-a229-a543d5a980fc,DEWEY,OK,s3://enverus-courthouse-prod-chd-plants/ok/dewey/cbce/cbce8e27-779d-45c6-a229-a543d5a980fc.pdf
cbcfe051-2f73-45d5-a867-155e089e3266,KINGFISHER,OK,\\smb.dc2isilon.na.drillinginfo.com\lease_data_entry\data_sources\ok_county_records\ok\kingfisher\cbcf
cbd6b6d9-e12c-4791-93b2-20c5d47027bb,COAL,OK,s3://enverus-courthouse-prod-chd-plants/ok/coal/cbd6/cbd6b6d9-e12c-4791-93b2-20c5d47027bb.pdf
cbd8130a-6373-4b48-989e-2d9f58cdf37a,MCCLAIN,OK,s3://enverus-courthouse-prod-chd-plants/ok/mcclain/cbd8/cbd8130a-6373-4b48-989e-2d9f58cdf37a.pdf
cbe6d5ed-8c9e-4367-9b45-3db639d77d3f,MUSKOGEE,OK,\\smb.dc2isilon.na.drillinginfo.com\lease_data_entry\data_sources\ok_county_records\ok\muskogee\cbe6
cbe6ee05-17bd-4f0f-9406-724ef6f6370b,BLAINE,OK,\\smb.dc2isilon.na.drillinginfo.com\lease_data_entry\data_sources\ok_county_records\ok\blaine\cbe6
cbee4766-5fbb-43ef-9722-a787e52b7a91,LEFLORE,OK,\\smb.dc2isilon.na.drillinginfo.com\lease_data_entry\data_sources\ok_county_records\ok\leflore\cbee
cbf02732-f92a-48b9-a831-8c6e96dd2551,SEMINOLE,OK,s3://enverus-courthouse-prod-chd-plants/ok/seminole/cbf0/cbf02732-f92a-48b9-a831-8c6e96dd2551.pdf
cbf6de27-3760-43e7-be79-b007c6a2be48,COMANCHE,OK,\\smb.dc2isilon.na.drillinginfo.com\lease_data_entry\data_sources\ok_county_records\ok\comanche\cbf6
cbfedf71-0175-4138-b37b-163009cab3bb,MCCLAIN,OK,\\smb.dc2isilon.na.drillinginfo.com\lease_data_entry\data_sources\ok_county_records\ok\mcclain\cbfe
cc07a2c1-1840-47df-b16c-97dcff11fa2a,KINGFISHER,OK,s3://enverus-courthouse-prod-chd-plants/ok/kingfisher/cc07/cc07a2c1-1840-47df-b16c-97dcff11fa2a.pdf
cc096e73-592f-41b1-8f4f-43f0a3523a36,TEXAS,OK,\\smb.dc2isilon.na.drillinginfo.com\lease_data_entry\data_sources\ok_county_records\ok\texas\cc09
cc0f3c14-6c99-4a2a-84cb-e3e8e62d17da,CARTER,OK,\\smb.dc2isilon.na.drillinginfo.com\lease_data_entry\data_sources\ok_county_records\ok\carter\cc0f
cc12a797-18a3-471b-b887-a2fd080d7b04,PITTSBURG,OK,s3://enverus-courthouse-prod-chd-plants/ok/pittsburg/cc12/cc12a797-18a3-471b-b887-a2fd080d7b04.pdf
cc24533a-9b1b-405c-955b-91632c23bafe,JOHNSTON,OK,\\smb.dc2isilon.na.drillinginfo.com\lease_data_entry\data_sources\ok_county_records\ok\johnston\cc24
cc2e0178-22bb-4d9a-9270-2cabd369fdc5,STEPHENS,OK,\\smb.dc2isilon.na.drillinginfo.com\lease_data_entry\data_sources\ok_county_records\ok\stephens\cc2e
cc33c737-64f3-4c41-a07d-5208337b1d8f,STEPHENS,OK,s3://enverus-courthouse-prod-chd-plants/ok/stephens/cc33/cc33c737-64f3-4c41-a07d-5208337b1d8f.pdf
cc3dad32-ee18-4aed-a2bb-3a43d9da4554,STEPHENS,OK,s3://enverus-courthouse-prod-chd-plants/ok/stephens/cc3d/cc3dad32-ee18-4aed-a2bb-3a43d9da4554.pdf
cc472c1e-bd79-42ef-a132-948cec54937c,WOODWARD,OK,\\smb.dc2isilon.na.drillinginfo.com\lease_data_entry\data_sources\ok_county_records\ok\woodward\cc47
cc51067a-9fd2-49ae-afae-d900003948c5,BLAINE,OK,s3://enverus-courthouse-prod-chd-plants/ok/blaine/cc51/cc51067a-9fd2-49ae-afae-d900003948c5.pdf
cc579352-5695-4de1-a1ae-a144ab61d473,LEFLORE,OK,\\smb.dc2isilon.na.drillinginfo.com\lease_data_entry\data_sources\ok_county_records\ok\leflore\cc57
cc76c069-fc96-4114-a424-35e9425ac6d1,CARTER,OK,\\smb.dc2isilon.na.drillinginfo.com\lease_data_entry\data_sources\ok_county_records\ok\carter\cc76
cc8f7194-67e9-4096-8d2b-49b267bd457e,LOVE,OK,s3://enverus-courthouse-prod-chd-plants/ok/love/cc8f/cc8f7194-67e9-4096-8d2b-49b267bd457e.pdf
cc98dcf5-a4f9-4c3f-b249-5b3603561b30,COMANCHE,OK,\\smb.dc2isilon.na.drillinginfo.com\lease_data_entry\data_sources\ok_county_records\ok\comanche\cc98
ccd1aa94-0061-48f4-928c-daf0d26f92de,CARTER,OK,s3://enverus-courthouse-prod-chd-plants/ok/carter/ccd1/ccd1aa94-0061-48f4-928c-daf0d26f92de.pdf
ccde329b-05f3-4011-a317-44f15b3e2af9,LINCOLN,OK,s3://enverus-courthouse-prod-chd-plants/ok/lincoln/ccde/ccde329b-05f3-4011-a317-44f15b3e2af9.pdf
cceaafee-97fb-4259-8664-28bf9e84fc4c,WOODWARD,OK,s3://enverus-courthouse-prod-chd-plants/ok/woodward/ccea/cceaafee-97fb-4259-8664-28bf9e84fc4c.pdf
ccee70ee-ca5e-431d-8b64-c7fb64d1aa03,ELLIS,OK,s3://enverus-courthouse-prod-chd-plants/ok/ellis/ccee/ccee70ee-ca5e-431d-8b64-c7fb64d1aa03.pdf
ccf00854-4e48-48b6-b270-62e6c396ab71,PONTOTOC,OK,\\smb.dc2isilon.na.drillinginfo.com\lease_data_entry\data_sources\ok_county_records\ok\pontotoc\ccf0
cd02e7f7-4c91-4c8f-b2a5-d2e9fb7d315b,MCINTOSH,OK,s3://enverus-courthouse-prod-chd-plants/ok/mcintosh/cd02/cd02e7f7-4c91-4c8f-b2a5-d2e9fb7d315b.pdf
cd0a1b2c-0fb0-4cde-af13-b48f5c4f65ec,OKMULGEE,OK,s3://enverus-courthouse-prod-chd-plants/ok/okmulgee/cd0a/cd0a1b2c-0fb0-4cde-af13-b48f5c4f65ec.pdf
cd210768-1f2d-4b7b-83a6-ecbcbfb9cdcd,CARTER,OK,\\smb.dc2isilon.na.drillinginfo.com\lease_data_entry\data_sources\ok_county_records\ok\carter\cd21
cd278a1e-8733-4421-8ccc-fa1c53418959,COMANCHE,OK,s3://enverus-courthouse-prod-chd-plants/ok/comanche/cd27/cd278a1e-8733-4421-8ccc-fa1c53418959.pdf
cd2d87c0-9825-4900-8ea3-4a8fe55185ba,ELLIS,OK,s3://enverus-courthouse-prod-chd-plants/ok/ellis/cd2d/cd2d87c0-9825-4900-8ea3-4a8fe55185ba.pdf
cd4e06cb-fa18-48dd-bd2e-05ae4d2119ad,LOVE,OK,s3://enverus-courthouse-prod-chd-plants/ok/love/cd4e/cd4e06cb-fa18-48dd-bd2e-05ae4d2119ad.pdf
cd55d1ac-725a-4dcf-970c-78c3a14dc912,LOGAN,OK,\\smb.dc2isilon.na.drillinginfo.com\lease_data_entry\data_sources\ok_county_records\ok\logan\cd55
cd5d2d1b-8865-4704-acdb-45021cf3f8ad,MARSHALL,OK,\\smb.dc2isilon.na.drillinginfo.com\lease_data_entry\data_sources\ok_county_records\ok\marshall\cd5d
cd70e5b0-14e3-44e2-aa74-84ede9b29530,LINCOLN,OK,\\smb.dc2isilon.na.drillinginfo.com\lease_data_entry\data_sources\ok_county_records\ok\lincoln\cd70
cd7939f3-9864-4a03-a6b5-ff1ed961da30,ROGER MILLS,OK,s3://enverus-courthouse-prod-chd-plants/ok/roger mills/cd79/cd7939f3-9864-4a03-a6b5-ff1ed961da30.pdf
cd9409ef-f129-49c0-b2f8-85b87d93ca17,KAY,OK,\\smb.dc2isilon.na.drillinginfo.com\lease_data_entry\data_sources\ok_county_records\ok\kay\cd94
cdb25548-a699-43d3-8b02-d8e5242a7e1e,STEPHENS,OK,\\smb.dc2isilon.na.drillinginfo.com\lease_data_entry\data_sources\ok_county_records\ok\stephens\cdb2
cddba5ad-d029-4d13-b747-0a35746387be,KINGFISHER,OK,\\smb.dc2isilon.na.drillinginfo.com\lease_data_entry\data_sources\ok_county_records\ok\kingfisher\cddb
cdf8902c-fd20-4b6f-b244-7bd718a3c245,LEFLORE,OK,s3://enverus-courthouse-prod-chd-plants/ok/leflore/cdf8/cdf8902c-fd20-4b6f-b244-7bd718a3c245.pdf
ce201a98-de1d-4031-9d3d-afa9fb5a0be1,KINGFISHER,OK,\\smb.dc2isilon.na.drillinginfo.com\lease_data_entry\data_sources\ok_county_records\ok\kingfisher\ce20
ce40c26c-848b-420e-a8d3-cfa11dbc41db,KINGFISHER,OK,s3://enverus-courthouse-prod-chd-plants/ok/kingfisher/ce40/ce40c26c-848b-420e-a8d3-cfa11dbc41db.pdf
ce421675-2cb4-48b0-b7cb-9489b24410b9,PAWNEE,OK,\\smb.dc2isilon.na.drillinginfo.com\lease_data_entry\data_sources\ok_county_records\ok\pawnee\ce42
ce44dbd1-ef9f-42f2-98c9-53aff300c195,LEFLORE,OK,\\smb.dc2isilon.na.drillinginfo.com\lease_data_entry\data_sources\ok_county_records\ok\leflore\ce44
ce4603fc-e1dd-42ce-9ddc-7f87a66e3e47,COMANCHE,OK,\\smb.dc2isilon.na.drillinginfo.com\lease_data_entry\data_sources\ok_county_records\ok\comanche\ce46
ce5fd468-69fd-463a-8c82-6acf4af84ff2,MCCLAIN,OK,\\smb.dc2isilon.na.drillinginfo.com\lease_data_entry\data_sources\ok_county_records\ok\mcclain\ce5f
ce642848-4767-406a-aa6b-e4dfff67b127,MCCLAIN,OK,s3://enverus-courthouse-prod-chd-plants/ok/mcclain/ce64/ce642848-4767-406a-aa6b-e4dfff67b127.pdf
ce72d545-bb50-4840-a064-c57f5756586b,LINCOLN,OK,\\smb.dc2isilon.na.drillinginfo.com\lease_data_entry\data_sources\ok_county_records\ok\lincoln\ce72
ce99a9b0-5df9-4b33-b29b-2d7eb94405dc,STEPHENS,OK,s3://enverus-courthouse-prod-chd-plants/ok/stephens/ce99/ce99a9b0-5df9-4b33-b29b-2d7eb94405dc.pdf
ce9a1e02-b2ea-410c-8380-2c120725cad9,LINCOLN,OK,s3://enverus-courthouse-prod-chd-plants/ok/lincoln/ce9a/ce9a1e02-b2ea-410c-8380-2c120725cad9.pdf
ce9ae07f-68e7-440d-be44-3c83edd3d669,ROGER MILLS,OK,s3://enverus-courthouse-prod-chd-plants/ok/roger mills/ce9a/ce9ae07f-68e7-440d-be44-3c83edd3d669.pdf
ce9f1ca6-43d7-4eda-8bf7-77233e7443c3,CUSTER,OK,s3://enverus-courthouse-prod-chd-plants/ok/custer/ce9f/ce9f1ca6-43d7-4eda-8bf7-77233e7443c3.pdf
ceb71bca-18aa-48f0-bfb4-8a806f2e3c85,KINGFISHER,OK,s3://enverus-courthouse-prod-chd-plants/ok/kingfisher/ceb7/ceb71bca-18aa-48f0-bfb4-8a806f2e3c85.pdf
cebed128-3898-419f-af00-243fc2276250,WOODWARD,OK,\\smb.dc2isilon.na.drillinginfo.com\lease_data_entry\data_sources\ok_county_records\ok\woodward\cebe
ced2ed56-a278-4eb1-8bf1-d7ba8281b3b2,CARTER,OK,s3://enverus-courthouse-prod-chd-plants/ok/carter/ced2/ced2ed56-a278-4eb1-8bf1-d7ba8281b3b2.pdf
cef3e5e1-7860-4bc7-9cd3-55517f584e5a,MAJOR,OK,s3://enverus-courthouse-prod-chd-plants/ok/major/cef3/cef3e5e1-7860-4bc7-9cd3-55517f584e5a.pdf
cf0b9648-4f58-4878-a00d-8ef1a769f53c,BECKHAM,OK,\\smb.dc2isilon.na.drillinginfo.com\lease_data_entry\data_sources\ok_county_records\ok\beckham\cf0b
cf123cb2-d6f5-4ff0-858e-baa76faef587,LOGAN,OK,s3://enverus-courthouse-prod-chd-plants/ok/logan/cf12/cf123cb2-d6f5-4ff0-858e-baa76faef587.pdf
cf2b02e9-b89b-4387-9587-ceacceab7fe2,LOGAN,OK,s3://enverus-courthouse-prod-chd-plants/ok/logan/cf2b/cf2b02e9-b89b-4387-9587-ceacceab7fe2.pdf
cf325219-c0bd-4b1d-9833-9c6bbe260922,MAJOR,OK,s3://enverus-courthouse-prod-chd-plants/ok/major/cf32/cf325219-c0bd-4b1d-9833-9c6bbe260922.pdf
cf3438da-4bb6-4716-8058-d8ac73c48b74,MCCLAIN,OK,s3://enverus-courthouse-prod-chd-plants/ok/mcclain/cf34/cf3438da-4bb6-4716-8058-d8ac73c48b74.pdf
cf4ea593-b950-4a23-85a9-1ac00e75f845,LOGAN,OK,\\smb.dc2isilon.na.drillinginfo.com\lease_data_entry\data_sources\ok_county_records\ok\logan\cf4e
cf51059f-a15a-476d-9294-fca2c7d903c1,MUSKOGEE,OK,\\smb.dc2isilon.na.drillinginfo.com\lease_data_entry\data_sources\ok_county_records\ok\muskogee\cf51
cf675092-3815-4f30-9df2-69eb44ac78b5,ELLIS,OK,s3://enverus-courthouse-prod-chd-plants/ok/ellis/cf67/cf675092-3815-4f30-9df2-69eb44ac78b5.pdf
cf6aaa0d-82d1-46c1-882f-016839e4d83c,ELLIS,OK,\\smb.dc2isilon.na.drillinginfo.com\lease_data_entry\data_sources\ok_county_records\ok\ellis\cf6a
cf6db240-c040-4e6e-8f37-084ce055e92c,OKMULGEE,OK,\\smb.dc2isilon.na.drillinginfo.com\lease_data_entry\data_sources\ok_county_records\ok\okmulgee\cf6d
cf831afe-d7b8-407a-8390-7a580627d6e5,STEPHENS,OK,s3://enverus-courthouse-prod-chd-plants/ok/stephens/cf83/cf831afe-d7b8-407a-8390-7a580627d6e5.pdf
cf9538eb-a6fa-4ec5-bac0-baa05b442f28,TEXAS,OK,s3://enverus-courthouse-prod-chd-plants/ok/texas/cf95/cf9538eb-a6fa-4ec5-bac0-baa05b442f28.pdf
cfa59537-e633-4abd-9873-cb53731f998c,SEMINOLE,OK,\\smb.dc2isilon.na.drillinginfo.com\lease_data_entry\data_sources\ok_county_records\ok\seminole\cfa5
cfadd22f-ceb2-4817-b1b5-faed61b3c363,MCCLAIN,OK,\\smb.dc2isilon.na.drillinginfo.com\lease_data_entry\data_sources\ok_county_records\ok\mcclain\cfad
cfb43d5e-2665-4386-9f08-10e5f8aeeeb5,WASHINGTON,OK,s3://enverus-courthouse-prod-chd-plants/ok/washington/cfb4/cfb43d5e-2665-4386-9f08-10e5f8aeeeb5.pdf
cfba6386-0bce-4d6a-8ca6-f75e7b3a96b4,CARTER,OK,\\smb.dc2isilon.na.drillinginfo.com\lease_data_entry\data_sources\ok_county_records\ok\carter\cfba
cfbf1fe4-f53a-4d51-a78f-d27dba9893c1,GARVIN,OK,s3://enverus-courthouse-prod-chd-plants/ok/garvin/cfbf/cfbf1fe4-f53a-4d51-a78f-d27dba9893c1.pdf
cfde984d-934b-49c7-9322-46adbdac0a3b,WASHINGTON,OK,s3://enverus-courthouse-prod-chd-plants/ok/washington/cfde/cfde984d-934b-49c7-9322-46adbdac0a3b.pdf
cfeab870-ee48-4e44-9a39-4b773ab25301,MCCLAIN,OK,s3://enverus-courthouse-prod-chd-plants/ok/mcclain/cfea/cfeab870-ee48-4e44-9a39-4b773ab25301.pdf
cfec88ab-907a-4d0b-a7d9-de25aae2cc6f,ROGER MILLS,OK,s3://enverus-courthouse-prod-chd-plants/ok/roger mills/cfec/cfec88ab-907a-4d0b-a7d9-de25aae2cc6f.pdf
cff55b1a-d186-4bd3-899e-3194138401b7,PONTOTOC,OK,\\smb.dc2isilon.na.drillinginfo.com\lease_data_entry\data_sources\ok_county_records\ok\pontotoc\cff5
cfffa445-486a-4c65-9c94-9c04992af715,COAL,OK,s3://enverus-courthouse-prod-chd-plants/ok/coal/cfff/cfffa445-486a-4c65-9c94-9c04992af715.pdf
cffff749-7c01-48b0-b6cc-a49235126716,ROGER MILLS,OK,s3://enverus-courthouse-prod-chd-plants/ok/roger mills/cfff/cffff749-7c01-48b0-b6cc-a49235126716.pdf
d006ec8a-ce83-4a20-830a-de7245ef66f3,MURRAY,OK,\\smb.dc2isilon.na.drillinginfo.com\lease_data_entry\data_sources\ok_county_records\ok\murray\d006
d009a287-5022-4502-8018-f77fcd9af6f5,BLAINE,OK,\\smb.dc2isilon.na.drillinginfo.com\lease_data_entry\data_sources\ok_county_records\ok\blaine\d009
d00a8c78-7a5d-49b0-842a-fec876251120,LOGAN,OK,s3://enverus-courthouse-prod-chd-plants/ok/logan/d00a/d00a8c78-7a5d-49b0-842a-fec876251120.pdf
d00ebcd1-b6f0-4e4a-a457-87f4e8db3f57,LOVE,OK,\\smb.dc2isilon.na.drillinginfo.com\lease_data_entry\data_sources\ok_county_records\ok\love\d00e
d02502ac-900d-458a-b10d-43e266e3bfea,COMANCHE,OK,\\smb.dc2isilon.na.drillinginfo.com\lease_data_entry\data_sources\ok_county_records\ok\comanche\d025
d0288c0a-7e24-43b4-b4fb-2dd1db969a4b,LOGAN,OK,s3://enverus-courthouse-prod-chd-plants/ok/logan/d028/d0288c0a-7e24-43b4-b4fb-2dd1db969a4b.pdf
d0393c32-0752-4c80-8901-425cafa0063a,COMANCHE,OK,\\smb.dc2isilon.na.drillinginfo.com\lease_data_entry\data_sources\ok_county_records\ok\comanche\d039
d049be9a-df0e-482c-a9cc-72be80318ea7,MURRAY,OK,\\smb.dc2isilon.na.drillinginfo.com\lease_data_entry\data_sources\ok_county_records\ok\murray\d049
d04ac57a-8d94-4562-8d86-901f5200cf2e,MURRAY,OK,s3://enverus-courthouse-prod-chd-plants/ok/murray/d04a/d04ac57a-8d94-4562-8d86-901f5200cf2e.pdf
d067b317-db83-4b52-8bc1-e70f154c02cf,STEPHENS,OK,\\smb.dc2isilon.na.drillinginfo.com\lease_data_entry\data_sources\ok_county_records\ok\stephens\d067
d0876123-0031-4172-8ecc-2f47172d4404,MAJOR,OK,\\smb.dc2isilon.na.drillinginfo.com\lease_data_entry\data_sources\ok_county_records\ok\major\d087
d0e0d95e-67af-4b89-9ecc-e5686d89c59c,CARTER,OK,s3://enverus-courthouse-prod-chd-plants/ok/carter/d0e0/d0e0d95e-67af-4b89-9ecc-e5686d89c59c.pdf
d0e3cec3-3d4f-4841-a605-338858bd2585,COMANCHE,OK,\\smb.dc2isilon.na.drillinginfo.com\lease_data_entry\data_sources\ok_county_records\ok\comanche\d0e3
d0e51841-28ae-480e-9cb4-1a5c0f6d8e81,MAJOR,OK,s3://enverus-courthouse-prod-chd-plants/ok/major/d0e5/d0e51841-28ae-480e-9cb4-1a5c0f6d8e81.pdf
d0f04a84-d284-415b-82ed-ad161f99a981,COMANCHE,OK,\\smb.dc2isilon.na.drillinginfo.com\lease_data_entry\data_sources\ok_county_records\ok\comanche\d0f0
d104e965-caeb-4e7b-8b10-5596b9315a25,MARSHALL,OK,s3://enverus-courthouse-prod-chd-plants/ok/marshall/d104/d104e965-caeb-4e7b-8b10-5596b9315a25.pdf
d10a7efa-2f84-4472-8228-0066db34bd43,LOGAN,OK,\\smb.dc2isilon.na.drillinginfo.com\lease_data_entry\data_sources\ok_county_records\ok\logan\d10a
d125d774-4927-4682-84bb-3b4e89bf951f,CARTER,OK,\\smb.dc2isilon.na.drillinginfo.com\lease_data_entry\data_sources\ok_county_records\ok\carter\d125
d1429444-15be-43ed-b942-9a5a7fa64085,BECKHAM,OK,s3://enverus-courthouse-prod-chd-plants/ok/beckham/d142/d1429444-15be-43ed-b942-9a5a7fa64085.pdf
d149031e-92f8-4122-8b69-c77522e41ed0,KINGFISHER,OK,\\smb.dc2isilon.na.drillinginfo.com\lease_data_entry\data_sources\ok_county_records\ok\kingfisher\d149
d15ea566-f3e7-4d07-8951-65c64dcd676f,TEXAS,OK,\\smb.dc2isilon.na.drillinginfo.com\lease_data_entry\data_sources\ok_county_records\ok\texas\d15e
d164e32d-60a8-4986-a5b7-5c59b9b1aa1a,WASHINGTON,OK,s3://enverus-courthouse-prod-chd-plants/ok/washington/d164/d164e32d-60a8-4986-a5b7-5c59b9b1aa1a.pdf
d17b5cef-859d-423a-a3b8-d434972eff17,COMANCHE,OK,\\smb.dc2isilon.na.drillinginfo.com\lease_data_entry\data_sources\ok_county_records\ok\comanche\d17b
d18ab088-bab6-405a-b4b6-40d15798f53b,GARVIN,OK,s3://enverus-courthouse-prod-chd-plants/ok/garvin/d18a/d18ab088-bab6-405a-b4b6-40d15798f53b.pdf
d18ab85d-d57f-473a-8e1a-b25635e734b8,MAJOR,OK,s3://enverus-courthouse-prod-chd-plants/ok/major/d18a/d18ab85d-d57f-473a-8e1a-b25635e734b8.pdf
d18f8150-5d49-4117-8e8b-ab9a4497ce19,LOGAN,OK,\\smb.dc2isilon.na.drillinginfo.com\lease_data_entry\data_sources\ok_county_records\ok\logan\d18f
d19192eb-4df0-4acd-b36e-f1a2b3d8c645,COMANCHE,OK,\\smb.dc2isilon.na.drillinginfo.com\lease_data_entry\data_sources\ok_county_records\ok\comanche\d191
d1997a6c-bc25-4044-8f44-25ee0920e731,ROGER MILLS,OK,\\smb.dc2isilon.na.drillinginfo.com\lease_data_entry\data_sources\ok_county_records\ok\roger mills\d199
d1aa923a-d314-4727-ba97-57761216fbfd,GARVIN,OK,s3://enverus-courthouse-prod-chd-plants/ok/garvin/d1aa/d1aa923a-d314-4727-ba97-57761216fbfd.pdf
d1ad1756-eec2-4a8a-9fa6-8277b8c01446,KIOWA,OK,s3://enverus-courthouse-prod-chd-plants/ok/kiowa/d1ad/d1ad1756-eec2-4a8a-9fa6-8277b8c01446.pdf
d1b15b95-0d57-4417-bc46-0cf43ddcb216,MAJOR,OK,s3://enverus-courthouse-prod-chd-plants/ok/major/d1b1/d1b15b95-0d57-4417-bc46-0cf43ddcb216.pdf
d1b4e91d-d676-43f6-9f2d-803fe11698e6,CARTER,OK,\\smb.dc2isilon.na.drillinginfo.com\lease_data_entry\data_sources\ok_county_records\ok\carter\d1b4
d1c27756-d314-4452-9a35-0e51bd49dd58,LOVE,OK,s3://enverus-courthouse-prod-chd-plants/ok/love/d1c2/d1c27756-d314-4452-9a35-0e51bd49dd58.pdf
d1eaec7d-7051-4350-8a85-cc96d7acc12e,LOGAN,OK,s3://enverus-courthouse-prod-chd-plants/ok/logan/d1ea/d1eaec7d-7051-4350-8a85-cc96d7acc12e.pdf
d1ecf6d0-0932-434a-825e-026f94581d3f,CUSTER,OK,\\smb.dc2isilon.na.drillinginfo.com\lease_data_entry\data_sources\ok_county_records\ok\custer\d1ec
d223af8c-bbda-4834-b11a-0400f65d1135,CARTER,OK,s3://enverus-courthouse-prod-chd-plants/ok/carter/d223/d223af8c-bbda-4834-b11a-0400f65d1135.pdf
d22a3d1a-fe16-43d3-9204-e47ccee8f63a,COMANCHE,OK,\\smb.dc2isilon.na.drillinginfo.com\lease_data_entry\data_sources\ok_county_records\ok\comanche\d22a
d22d2369-4792-4811-b9e2-f803b061ffd4,ELLIS,OK,s3://enverus-courthouse-prod-chd-plants/ok/ellis/d22d/d22d2369-4792-4811-b9e2-f803b061ffd4.pdf
d249fa8b-c861-440c-ba10-504eee5c80d9,LEFLORE,OK,\\smb.dc2isilon.na.drillinginfo.com\lease_data_entry\data_sources\ok_county_records\ok\leflore\d249
d25c19d5-8f0d-4ab6-ab1f-ef8bfe494014,COMANCHE,OK,\\smb.dc2isilon.na.drillinginfo.com\lease_data_entry\data_sources\ok_county_records\ok\comanche\d25c
d264bd75-2ec5-478d-bc3b-e4e5430e4920,COMANCHE,OK,\\smb.dc2isilon.na.drillinginfo.com\lease_data_entry\data_sources\ok_county_records\ok\comanche\d264
d27702ab-a31d-447d-9f22-912eb018004d,JEFFERSON,OK,s3://enverus-courthouse-prod-chd-plants/ok/jefferson/d277/d27702ab-a31d-447d-9f22-912eb018004d.pdf
d2843890-2d2a-4c34-aa2b-2b9f672affb8,PITTSBURG,OK,s3://enverus-courthouse-prod-chd-plants/ok/pittsburg/d284/d2843890-2d2a-4c34-aa2b-2b9f672affb8.pdf
d292c26b-43c0-43d3-a87d-6e0b3db2e990,BECKHAM,OK,s3://enverus-courthouse-prod-chd-plants/ok/beckham/d292/d292c26b-43c0-43d3-a87d-6e0b3db2e990.pdf
d2962157-269f-4bc9-a778-dd17759d56da,BECKHAM,OK,\\smb.dc2isilon.na.drillinginfo.com\lease_data_entry\data_sources\ok_county_records\ok\beckham\d296
d2a43bae-be6d-47c2-ba21-3e50f206233d,LATIMER,OK,s3://enverus-courthouse-prod-chd-plants/ok/latimer/d2a4/d2a43bae-be6d-47c2-ba21-3e50f206233d.pdf
d2a6806d-0ae0-49f5-8653-6f308fc769d9,OKMULGEE,OK,\\smb.dc2isilon.na.drillinginfo.com\lease_data_entry\data_sources\ok_county_records\ok\okmulgee\d2a6
d2b4008b-2eb2-434d-bacd-992e81389810,KAY,OK,\\smb.dc2isilon.na.drillinginfo.com\lease_data_entry\data_sources\ok_county_records\ok\kay\d2b4
d2b90a99-300c-485f-bdcd-076134d09926,LINCOLN,OK,s3://enverus-courthouse-prod-chd-plants/ok/lincoln/d2b9/d2b90a99-300c-485f-bdcd-076134d09926.pdf
d2bdf1d9-4ee8-4003-8a16-3b03129b041c,CUSTER,OK,s3://enverus-courthouse-prod-chd-plants/ok/custer/d2bd/d2bdf1d9-4ee8-4003-8a16-3b03129b041c.pdf
d2c40fe5-3d4a-4c70-81bc-df0d23ab2729,LEFLORE,OK,s3://enverus-courthouse-prod-chd-plants/ok/leflore/d2c4/d2c40fe5-3d4a-4c70-81bc-df0d23ab2729.pdf
d2cfc973-764e-4dda-9a02-a4d2e433b296,BECKHAM,OK,\\smb.dc2isilon.na.drillinginfo.com\lease_data_entry\data_sources\ok_county_records\ok\beckham\d2cf
d2d0df69-226e-46b2-a6e7-ff27117ac927,PITTSBURG,OK,s3://enverus-courthouse-prod-chd-plants/ok/pittsburg/d2d0/d2d0df69-226e-46b2-a6e7-ff27117ac927.pdf
d2da2a7c-f8f3-46a4-91b0-037dc2e98881,CUSTER,OK,s3://enverus-courthouse-prod-chd-plants/ok/custer/d2da/d2da2a7c-f8f3-46a4-91b0-037dc2e98881.pdf
d2db7b0a-e544-43ea-8478-2cf88740b4cd,LINCOLN,OK,\\smb.dc2isilon.na.drillinginfo.com\lease_data_entry\data_sources\ok_county_records\ok\lincoln\d2db
d2e32020-d8bc-4714-8e06-f099c5772938,MAJOR,OK,\\smb.dc2isilon.na.drillinginfo.com\lease_data_entry\data_sources\ok_county_records\ok\major\d2e3
d2f28a67-81bb-4a2f-a465-96affad5aa1a,CARTER,OK,\\smb.dc2isilon.na.drillinginfo.com\lease_data_entry\data_sources\ok_county_records\ok\carter\d2f2
d300abdd-48f5-4c9a-a983-166bda02e120,MAJOR,OK,s3://enverus-courthouse-prod-chd-plants/ok/major/d300/d300abdd-48f5-4c9a-a983-166bda02e120.pdf
d30510d2-f765-40ae-962d-426a156f82b2,LINCOLN,OK,s3://enverus-courthouse-prod-chd-plants/ok/lincoln/d305/d30510d2-f765-40ae-962d-426a156f82b2.pdf
d3136687-40fe-413b-9e89-a70d08905c82,GARVIN,OK,\\smb.dc2isilon.na.drillinginfo.com\lease_data_entry\data_sources\ok_county_records\ok\garvin\d313
d36f3287-4469-4394-ba13-869839ab382e,CARTER,OK,s3://enverus-courthouse-prod-chd-plants/ok/carter/d36f/d36f3287-4469-4394-ba13-869839ab382e.pdf
d371358e-2f4f-40ba-a3d5-299155340ec9,CARTER,OK,s3://enverus-courthouse-prod-chd-plants/ok/carter/d371/d371358e-2f4f-40ba-a3d5-299155340ec9.pdf
d37c771e-d04d-41a2-9e17-f7b6b307d4e2,LOGAN,OK,s3://enverus-courthouse-prod-chd-plants/ok/logan/d37c/d37c771e-d04d-41a2-9e17-f7b6b307d4e2.pdf
d37de5ec-5dc7-4a23-84f5-8b902c2dbb09,WASHINGTON,OK,\\smb.dc2isilon.na.drillinginfo.com\lease_data_entry\data_sources\ok_county_records\ok\washington\d37d
d39ff6db-2aa0-4e05-9e72-09874de397e2,CARTER,OK,s3://enverus-courthouse-prod-chd-plants/ok/carter/d39f/d39ff6db-2aa0-4e05-9e72-09874de397e2.pdf
d3b5b523-1500-46a4-b195-74332f5d35df,HUGHES,OK,\\smb.dc2isilon.na.drillinginfo.com\lease_data_entry\data_sources\ok_county_records\ok\hughes\d3b5
d3c0ad89-1524-4be5-8204-498288cb6838,KINGFISHER,OK,\\smb.dc2isilon.na.drillinginfo.com\lease_data_entry\data_sources\ok_county_records\ok\kingfisher\d3c0
d3c8d2bf-e26c-4717-bed8-f174da36fe6d,ROGER MILLS,OK,s3://enverus-courthouse-prod-chd-plants/ok/roger mills/d3c8/d3c8d2bf-e26c-4717-bed8-f174da36fe6d.pdf
d3caf7a1-e26e-484b-969d-46b8b660917f,MAJOR,OK,\\smb.dc2isilon.na.drillinginfo.com\lease_data_entry\data_sources\ok_county_records\ok\major\d3ca
d3cc8194-e760-486e-b38d-23f83e5fb751,LEFLORE,OK,s3://enverus-courthouse-prod-chd-plants/ok/leflore/d3cc/d3cc8194-e760-486e-b38d-23f83e5fb751.pdf
d4137cdb-2d53-4f92-9552-e0f4b859b00e,MCCLAIN,OK,s3://enverus-courthouse-prod-chd-plants/ok/mcclain/d413/d4137cdb-2d53-4f92-9552-e0f4b859b00e.pdf
d42684b0-e8bc-4e85-b007-5f1b8ad17924,CARTER,OK,\\smb.dc2isilon.na.drillinginfo.com\lease_data_entry\data_sources\ok_county_records\ok\carter\d426
d42deb10-cd7e-4385-aebd-0bbec43c1041,MAJOR,OK,s3://enverus-courthouse-prod-chd-plants/ok/major/d42d/d42deb10-cd7e-4385-aebd-0bbec43c1041.pdf
d4460303-bbd0-4032-9a1c-07cec123126e,MARSHALL,OK,\\smb.dc2isilon.na.drillinginfo.com\lease_data_entry\data_sources\ok_county_records\ok\marshall\d446
d44654b5-aa26-42d0-bfaa-de08fdd94442,LOGAN,OK,s3://enverus-courthouse-prod-chd-plants/ok/logan/d446/d44654b5-aa26-42d0-bfaa-de08fdd94442.pdf
d44e3fbd-0d04-4800-835d-969b276d9670,MUSKOGEE,OK,\\smb.dc2isilon.na.drillinginfo.com\lease_data_entry\data_sources\ok_county_records\ok\muskogee\d44e
d44ff60f-fc45-414b-8718-5edde355baad,CUSTER,OK,s3://enverus-courthouse-prod-chd-plants/ok/custer/d44f/d44ff60f-fc45-414b-8718-5edde355baad.pdf
d4552e08-fda7-4f60-8b5f-a7c2c842bf51,WASHINGTON,OK,\\smb.dc2isilon.na.drillinginfo.com\lease_data_entry\data_sources\ok_county_records\ok\washington\d455
d45b8cd7-8511-4f04-a34b-bf94d0f79939,MURRAY,OK,\\smb.dc2isilon.na.drillinginfo.com\lease_data_entry\data_sources\ok_county_records\ok\murray\d45b
d470c959-0ca0-4a1a-9925-fa91e2100ba4,LOGAN,OK,s3://enverus-courthouse-prod-chd-plants/ok/logan/d470/d470c959-0ca0-4a1a-9925-fa91e2100ba4.pdf
d4912f7b-1547-4437-aaed-6d62886a5725,CUSTER,OK,\\smb.dc2isilon.na.drillinginfo.com\lease_data_entry\data_sources\ok_county_records\ok\custer\d491
d49c525d-9316-4c2f-9a6b-65448f774e9e,LINCOLN,OK,s3://enverus-courthouse-prod-chd-plants/ok/lincoln/d49c/d49c525d-9316-4c2f-9a6b-65448f774e9e.pdf
d49e33a8-a28f-4b33-9aa8-1178c5455650,BLAINE,OK,s3://enverus-courthouse-prod-chd-plants/ok/blaine/d49e/d49e33a8-a28f-4b33-9aa8-1178c5455650.pdf
d4a63a2b-0ee1-47ff-9e71-77dbe90a42ac,MCCLAIN,OK,\\smb.dc2isilon.na.drillinginfo.com\lease_data_entry\data_sources\ok_county_records\ok\mcclain\d4a6
d4afdeb8-ccd4-470a-accf-9c70af1dc5fc,BECKHAM,OK,\\smb.dc2isilon.na.drillinginfo.com\lease_data_entry\data_sources\ok_county_records\ok\beckham\d4af
d4c4e581-803a-4823-b357-9ef95897ed4e,WOODWARD,OK,\\smb.dc2isilon.na.drillinginfo.com\lease_data_entry\data_sources\ok_county_records\ok\woodward\d4c4
d4de64df-b3fc-492d-b81a-23307fc4dab2,LOVE,OK,s3://enverus-courthouse-prod-chd-plants/ok/love/d4de/d4de64df-b3fc-492d-b81a-23307fc4dab2.pdf
d4dfefb4-8947-4647-bc2e-5e455a346f03,LOGAN,OK,s3://enverus-courthouse-prod-chd-plants/ok/logan/d4df/d4dfefb4-8947-4647-bc2e-5e455a346f03.pdf
d4f637f2-a143-442d-8af6-05ef04a1cdee,LINCOLN,OK,s3://enverus-courthouse-prod-chd-plants/ok/lincoln/d4f6/d4f637f2-a143-442d-8af6-05ef04a1cdee.pdf
d5169caf-03e0-4f89-8b04-f30fdc0b5c5b,WOODWARD,OK,\\smb.dc2isilon.na.drillinginfo.com\lease_data_entry\data_sources\ok_county_records\ok\woodward\d516
d52b75d0-fd1d-401d-b5ad-af9c39505741,GARVIN,OK,\\smb.dc2isilon.na.drillinginfo.com\lease_data_entry\data_sources\ok_county_records\ok\garvin\d52b
d53213bf-cd2b-4381-966f-f0a3e86490af,LEFLORE,OK,s3://enverus-courthouse-prod-chd-plants/ok/leflore/d532/d53213bf-cd2b-4381-966f-f0a3e86490af.pdf
d5345d42-244d-444e-b390-15a8bf9f71ec,DEWEY,OK,s3://enverus-courthouse-prod-chd-plants/ok/dewey/d534/d5345d42-244d-444e-b390-15a8bf9f71ec.pdf
d557fb17-b0ef-4bbe-ad3a-a5dba107db1a,MAJOR,OK,s3://enverus-courthouse-prod-chd-plants/ok/major/d557/d557fb17-b0ef-4bbe-ad3a-a5dba107db1a.pdf
d55bb8b7-82a2-472a-af1d-45f9644cd48d,MAJOR,OK,s3://enverus-courthouse-prod-chd-plants/ok/major/d55b/d55bb8b7-82a2-472a-af1d-45f9644cd48d.pdf
d577a034-ad24-4050-878d-afcd0295cb60,LOGAN,OK,\\smb.dc2isilon.na.drillinginfo.com\lease_data_entry\data_sources\ok_county_records\ok\logan\d577
d592652e-a6b3-4657-b418-15cdcf66d648,MCCLAIN,OK,s3://enverus-courthouse-prod-chd-plants/ok/mcclain/d592/d592652e-a6b3-4657-b418-15cdcf66d648.pdf
d5a7c6c0-979a-411f-96c3-efa5669a4005,CARTER,OK,\\smb.dc2isilon.na.drillinginfo.com\lease_data_entry\data_sources\ok_county_records\ok\carter\d5a7
d5a7eb96-046f-4554-af76-4bdd75fe62d3,BLAINE,OK,s3://enverus-courthouse-prod-chd-plants/ok/blaine/d5a7/d5a7eb96-046f-4554-af76-4bdd75fe62d3.pdf
d5b82541-f0d0-405c-b87b-5963e91a6c9d,ROGER MILLS,OK,s3://enverus-courthouse-prod-chd-plants/ok/roger mills/d5b8/d5b82541-f0d0-405c-b87b-5963e91a6c9d.pdf
d5bfb96c-0057-4c7c-8292-919d60fac22a,MUSKOGEE,OK,\\smb.dc2isilon.na.drillinginfo.com\lease_data_entry\data_sources\ok_county_records\ok\muskogee\d5bf
d5c60748-bcb9-4040-aed4-090b20f8afc8,KINGFISHER,OK,\\smb.dc2isilon.na.drillinginfo.com\lease_data_entry\data_sources\ok_county_records\ok\kingfisher\d5c6
d5d00b39-4044-44e2-b53d-318d3d35a05f,LINCOLN,OK,s3://enverus-courthouse-prod-chd-plants/ok/lincoln/d5d0/d5d00b39-4044-44e2-b53d-318d3d35a05f.pdf
d5e36e6d-c2bb-4b43-a1bc-36f082b22d8d,MCCLAIN,OK,\\smb.dc2isilon.na.drillinginfo.com\lease_data_entry\data_sources\ok_county_records\ok\mcclain\d5e3
d5e9befc-36bf-41cb-97db-2edd7b2bc513,MUSKOGEE,OK,\\smb.dc2isilon.na.drillinginfo.com\lease_data_entry\data_sources\ok_county_records\ok\muskogee\d5e9
d61ae65a-98c0-41a0-8597-956bb8cc5771,JACKSON,OK,\\smb.dc2isilon.na.drillinginfo.com\lease_data_entry\data_sources\ok_county_records\ok\jackson\d61a
d61d845c-30b3-4211-91d1-2467357dfb1e,LOGAN,OK,\\smb.dc2isilon.na.drillinginfo.com\lease_data_entry\data_sources\ok_county_records\ok\logan\d61d
d624b327-b301-40b7-839e-1d8c2ac587b0,BECKHAM,OK,\\smb.dc2isilon.na.drillinginfo.com\lease_data_entry\data_sources\ok_county_records\ok\beckham\d624
d62e6e71-9bf5-42e2-9fb4-14b5837eb9c5,KINGFISHER,OK,\\smb.dc2isilon.na.drillinginfo.com\lease_data_entry\data_sources\ok_county_records\ok\kingfisher\d62e
d631303c-a0be-4de6-a490-0d129b9c4ff2,ROGER MILLS,OK,s3://enverus-courthouse-prod-chd-plants/ok/roger mills/d631/d631303c-a0be-4de6-a490-0d129b9c4ff2.pdf
d63351ac-d692-47f8-a80c-3dca6eabbe3d,MCCLAIN,OK,s3://enverus-courthouse-prod-chd-plants/ok/mcclain/d633/d63351ac-d692-47f8-a80c-3dca6eabbe3d.pdf
d63e2a01-1443-496e-a79b-42d72deb1d55,WOODWARD,OK,s3://enverus-courthouse-prod-chd-plants/ok/woodward/d63e/d63e2a01-1443-496e-a79b-42d72deb1d55.pdf
d6431217-6157-408e-a5b3-1fc9f5f7cf34,LEFLORE,OK,s3://enverus-courthouse-prod-chd-plants/ok/leflore/d643/d6431217-6157-408e-a5b3-1fc9f5f7cf34.pdf
d648e115-cc98-49d1-9244-57163b4912e6,MURRAY,OK,\\smb.dc2isilon.na.drillinginfo.com\lease_data_entry\data_sources\ok_county_records\ok\murray\d648
d6497c65-52e4-4df2-94b2-c30a10db34b8,STEPHENS,OK,\\smb.dc2isilon.na.drillinginfo.com\lease_data_entry\data_sources\ok_county_records\ok\stephens\d649
d64b1fc2-53f6-44c8-8d22-8900ba0c0460,SEMINOLE,OK,\\smb.dc2isilon.na.drillinginfo.com\lease_data_entry\data_sources\ok_county_records\ok\seminole\d64b
d65a6471-0beb-4a87-ace1-1ff5c5d8a2f7,MURRAY,OK,s3://enverus-courthouse-prod-chd-plants/ok/murray/d65a/d65a6471-0beb-4a87-ace1-1ff5c5d8a2f7.pdf
d6603fa0-cc69-4183-8507-c9445893ec55,MAJOR,OK,\\smb.dc2isilon.na.drillinginfo.com\lease_data_entry\data_sources\ok_county_records\ok\major\d660
d664172f-6563-4af0-b4e2-1f16e51c23d8,OKMULGEE,OK,\\smb.dc2isilon.na.drillinginfo.com\lease_data_entry\data_sources\ok_county_records\ok\okmulgee\d664
d6644933-0073-4e3e-b2b9-e1f8e472ee91,DEWEY,OK,s3://enverus-courthouse-prod-chd-plants/ok/dewey/d664/d6644933-0073-4e3e-b2b9-e1f8e472ee91.pdf
d668afa0-017e-4082-9bb5-6d475073dcc4,LOVE,OK,s3://enverus-courthouse-prod-chd-plants/ok/love/d668/d668afa0-017e-4082-9bb5-6d475073dcc4.pdf
d66ea855-fc05-44c8-9ef3-f8c04309219e,DEWEY,OK,s3://enverus-courthouse-prod-chd-plants/ok/dewey/d66e/d66ea855-fc05-44c8-9ef3-f8c04309219e.pdf
d68e1714-6d9a-44ed-8af5-91b7ec38f249,MAJOR,OK,s3://enverus-courthouse-prod-chd-plants/ok/major/d68e/d68e1714-6d9a-44ed-8af5-91b7ec38f249.pdf
d69ce3e0-109f-4efe-a599-14b2a3869bfb,LOGAN,OK,s3://enverus-courthouse-prod-chd-plants/ok/logan/d69c/d69ce3e0-109f-4efe-a599-14b2a3869bfb.pdf
d6a7ea2d-c4a0-44a9-8c9b-4810eb60f9ca,ROGER MILLS,OK,s3://enverus-courthouse-prod-chd-plants/ok/roger mills/d6a7/d6a7ea2d-c4a0-44a9-8c9b-4810eb60f9ca.pdf
d6b5de43-b7b1-44ab-bfa4-0827018e16ca,STEPHENS,OK,\\smb.dc2isilon.na.drillinginfo.com\lease_data_entry\data_sources\ok_county_records\ok\stephens\d6b5
d6bd53e5-1ebc-4269-afb2-93851879a753,ELLIS,OK,s3://enverus-courthouse-prod-chd-plants/ok/ellis/d6bd/d6bd53e5-1ebc-4269-afb2-93851879a753.pdf
d6be0bbd-b893-4f5a-8132-b5a64dd08c52,KINGFISHER,OK,s3://enverus-courthouse-prod-chd-plants/ok/kingfisher/d6be/d6be0bbd-b893-4f5a-8132-b5a64dd08c52.pdf
d6c87821-2fc4-450f-9ff2-65ecaade7f95,STEPHENS,OK,s3://enverus-courthouse-prod-chd-plants/ok/stephens/d6c8/d6c87821-2fc4-450f-9ff2-65ecaade7f95.pdf
d6c92020-b42a-4ef2-9a04-d9804c9f67ef,PONTOTOC,OK,\\smb.dc2isilon.na.drillinginfo.com\lease_data_entry\data_sources\ok_county_records\ok\pontotoc\d6c9
d6d41b6c-9505-4bf0-869f-c0d64ca19f6f,COMANCHE,OK,\\smb.dc2isilon.na.drillinginfo.com\lease_data_entry\data_sources\ok_county_records\ok\comanche\d6d4
d6d50cc1-3a68-4a63-90d8-06a49b1dc61e,LINCOLN,OK,\\smb.dc2isilon.na.drillinginfo.com\lease_data_entry\data_sources\ok_county_records\ok\lincoln\d6d5
d6d810f4-e943-4bc2-a382-0578bfa54d6f,SEMINOLE,OK,\\smb.dc2isilon.na.drillinginfo.com\lease_data_entry\data_sources\ok_county_records\ok\seminole\d6d8
d6e1970b-27e3-4ec6-b8ff-4d26e7c51482,COMANCHE,OK,s3://enverus-courthouse-prod-chd-plants/ok/comanche/d6e1/d6e1970b-27e3-4ec6-b8ff-4d26e7c51482.pdf
d6e8b285-9b00-42cf-8f58-ff7ac26d4b39,STEPHENS,OK,\\smb.dc2isilon.na.drillinginfo.com\lease_data_entry\data_sources\ok_county_records\ok\stephens\d6e8
d6e91c1f-c095-4549-b5e8-d7c123d7d018,GARVIN,OK,s3://enverus-courthouse-prod-chd-plants/ok/garvin/d6e9/d6e91c1f-c095-4549-b5e8-d7c123d7d018.pdf
d6ec8f56-aff5-4e8d-b75a-877c305948f0,PONTOTOC,OK,\\smb.dc2isilon.na.drillinginfo.com\lease_data_entry\data_sources\ok_county_records\ok\pontotoc\d6ec
d6ed81bd-c28f-41ca-a07e-542b4342c646,CARTER,OK,s3://enverus-courthouse-prod-chd-plants/ok/carter/d6ed/d6ed81bd-c28f-41ca-a07e-542b4342c646.pdf
d6ef408a-d43c-4c5a-bd28-cf9fa74db41c,JACKSON,OK,\\smb.dc2isilon.na.drillinginfo.com\lease_data_entry\data_sources\ok_county_records\ok\jackson\d6ef
d7083d80-f179-4329-8bb7-8250c8b4d7ac,GARVIN,OK,\\smb.dc2isilon.na.drillinginfo.com\lease_data_entry\data_sources\ok_county_records\ok\garvin\d708
d70e04d4-8c25-4ece-9040-4d21eb761de2,CARTER,OK,\\smb.dc2isilon.na.drillinginfo.com\lease_data_entry\data_sources\ok_county_records\ok\carter\d70e
d71a6e88-1997-49d6-940b-ee8651d26cee,BECKHAM,OK,\\smb.dc2isilon.na.drillinginfo.com\lease_data_entry\data_sources\ok_county_records\ok\beckham\d71a
d71d48cb-682e-4afd-a65b-4c75f8464d95,ROGER MILLS,OK,s3://enverus-courthouse-prod-chd-plants/ok/roger mills/d71d/d71d48cb-682e-4afd-a65b-4c75f8464d95.pdf
d73e8d98-91e2-474e-a0b1-7e7cf2a3a7ef,CARTER,OK,s3://enverus-courthouse-prod-chd-plants/ok/carter/d73e/d73e8d98-91e2-474e-a0b1-7e7cf2a3a7ef.pdf
d7658c40-dc7b-4639-87cb-4ad65cd85e8a,COMANCHE,OK,\\smb.dc2isilon.na.drillinginfo.com\lease_data_entry\data_sources\ok_county_records\ok\comanche\d765
d76620fe-0fba-47bb-89d5-8a0f237c408c,LOGAN,OK,\\smb.dc2isilon.na.drillinginfo.com\lease_data_entry\data_sources\ok_county_records\ok\logan\d766
d766d706-27ca-4134-abf5-229b4f2deed6,MARSHALL,OK,s3://enverus-courthouse-prod-chd-plants/ok/marshall/d766/d766d706-27ca-4134-abf5-229b4f2deed6.pdf
d77434a8-7f80-4761-ac72-cca19a951f58,BLAINE,OK,s3://enverus-courthouse-prod-chd-plants/ok/blaine/d774/d77434a8-7f80-4761-ac72-cca19a951f58.pdf
d77fefce-f83b-41df-82db-c997367fc583,LOGAN,OK,s3://enverus-courthouse-prod-chd-plants/ok/logan/d77f/d77fefce-f83b-41df-82db-c997367fc583.pdf
d7923589-f121-4cb9-a61c-7651bdb9cb85,KINGFISHER,OK,\\smb.dc2isilon.na.drillinginfo.com\lease_data_entry\data_sources\ok_county_records\ok\kingfisher\d792
d797e1cf-7ad3-4c98-a378-b85e4e464f45,SEMINOLE,OK,\\smb.dc2isilon.na.drillinginfo.com\lease_data_entry\data_sources\ok_county_records\ok\seminole\d797
d7b64d2c-7703-418b-8174-b5afa7b585ae,TEXAS,OK,\\smb.dc2isilon.na.drillinginfo.com\lease_data_entry\data_sources\ok_county_records\ok\texas\d7b6
d7bd35c9-a51a-461b-a9bd-1f013eb10b3b,ROGER MILLS,OK,s3://enverus-courthouse-prod-chd-plants/ok/roger mills/d7bd/d7bd35c9-a51a-461b-a9bd-1f013eb10b3b.pdf
d7dba6ad-2deb-439a-adb6-77c6bc749cad,LOGAN,OK,s3://enverus-courthouse-prod-chd-plants/ok/logan/d7db/d7dba6ad-2deb-439a-adb6-77c6bc749cad.pdf
d7dd8ccc-c67a-4205-95af-f6a6b4941cca,SEMINOLE,OK,s3://enverus-courthouse-prod-chd-plants/ok/seminole/d7dd/d7dd8ccc-c67a-4205-95af-f6a6b4941cca.pdf
d7e9f8fe-0730-436b-9004-a43b32792f1f,PONTOTOC,OK,\\smb.dc2isilon.na.drillinginfo.com\lease_data_entry\data_sources\ok_county_records\ok\pontotoc\d7e9
d811b8fa-cc25-464f-bec1-78ca2f4e1e16,DEWEY,OK,\\smb.dc2isilon.na.drillinginfo.com\lease_data_entry\data_sources\ok_county_records\ok\dewey\d811
d8177131-92ac-4070-b0bb-61412ebdbcf5,LOGAN,OK,\\smb.dc2isilon.na.drillinginfo.com\lease_data_entry\data_sources\ok_county_records\ok\logan\d817
d820c6c6-8768-4408-ab04-96d2feffe429,WASHINGTON,OK,\\smb.dc2isilon.na.drillinginfo.com\lease_data_entry\data_sources\ok_county_records\ok\washington\d820
d82b6f87-ee3a-4201-a016-0e8e7f8ce93c,ROGER MILLS,OK,\\smb.dc2isilon.na.drillinginfo.com\lease_data_entry\data_sources\ok_county_records\ok\roger mills\d82b
d82fdaeb-e666-4c58-b003-ab4a19d87ec7,LOGAN,OK,s3://enverus-courthouse-prod-chd-plants/ok/logan/d82f/d82fdaeb-e666-4c58-b003-ab4a19d87ec7.pdf
d838b134-b281-4840-a9a1-60839951cbdb,HARPER,OK,\\smb.dc2isilon.na.drillinginfo.com\lease_data_entry\data_sources\ok_county_records\ok\harper\d838
d84d0b06-8f02-4ef8-a52e-99dce10267f8,MCINTOSH,OK,\\smb.dc2isilon.na.drillinginfo.com\lease_data_entry\data_sources\ok_county_records\ok\mcintosh\d84d
d865adeb-cdc0-4a6f-8c51-a99884594646,ROGER MILLS,OK,s3://enverus-courthouse-prod-chd-plants/ok/roger mills/d865/d865adeb-cdc0-4a6f-8c51-a99884594646.pdf
d8864cbc-858d-417c-9f30-fc3a2e4fd927,STEPHENS,OK,s3://enverus-courthouse-prod-chd-plants/ok/stephens/d886/d8864cbc-858d-417c-9f30-fc3a2e4fd927.pdf
d8881503-14ea-48f5-86ab-39cf8ed530bc,CUSTER,OK,s3://enverus-courthouse-prod-chd-plants/ok/custer/d888/d8881503-14ea-48f5-86ab-39cf8ed530bc.pdf
d88bb669-ac44-45b3-bd85-47b360547136,MCCLAIN,OK,s3://enverus-courthouse-prod-chd-plants/ok/mcclain/d88b/d88bb669-ac44-45b3-bd85-47b360547136.pdf
d88f7983-b65a-4bb4-8b67-a8ba4d864e66,LINCOLN,OK,s3://enverus-courthouse-prod-chd-plants/ok/lincoln/d88f/d88f7983-b65a-4bb4-8b67-a8ba4d864e66.pdf
d8a0ef13-54c6-43cb-9cfc-1716f81e536f,LOVE,OK,s3://enverus-courthouse-prod-chd-plants/ok/love/d8a0/d8a0ef13-54c6-43cb-9cfc-1716f81e536f.pdf
d8ac8eec-9912-422a-bf76-bc0f721f619e,SEMINOLE,OK,\\smb.dc2isilon.na.drillinginfo.com\lease_data_entry\data_sources\ok_county_records\ok\seminole\d8ac
d8cf0740-5875-4154-8c6a-a35de5885fcb,STEPHENS,OK,s3://enverus-courthouse-prod-chd-plants/ok/stephens/d8cf/d8cf0740-5875-4154-8c6a-a35de5885fcb.pdf
d8e94d5d-51b2-4cd7-a209-7c7d8bb28751,SEMINOLE,OK,\\smb.dc2isilon.na.drillinginfo.com\lease_data_entry\data_sources\ok_county_records\ok\seminole\d8e9
d8f0fa8c-1dd0-4906-85a0-d355d42c99c2,ROGER MILLS,OK,s3://enverus-courthouse-prod-chd-plants/ok/roger mills/d8f0/d8f0fa8c-1dd0-4906-85a0-d355d42c99c2.pdf
d8f59e0c-f356-46ab-9908-07a98474d19b,STEPHENS,OK,\\smb.dc2isilon.na.drillinginfo.com\lease_data_entry\data_sources\ok_county_records\ok\stephens\d8f5
d8fec581-160d-485e-8fdc-406c63a784e8,LOGAN,OK,\\smb.dc2isilon.na.drillinginfo.com\lease_data_entry\data_sources\ok_county_records\ok\logan\d8fe
d9116e75-2748-4898-92e8-a4fb48b0a5b0,ROGER MILLS,OK,s3://enverus-courthouse-prod-chd-plants/ok/roger mills/d911/d9116e75-2748-4898-92e8-a4fb48b0a5b0.pdf
d919fb2a-b6fc-45ac-b484-69b15388952d,ROGER MILLS,OK,s3://enverus-courthouse-prod-chd-plants/ok/roger mills/d919/d919fb2a-b6fc-45ac-b484-69b15388952d.pdf
d91d8614-702c-42c4-b661-9816498c641c,KINGFISHER,OK,\\smb.dc2isilon.na.drillinginfo.com\lease_data_entry\data_sources\ok_county_records\ok\kingfisher\d91d
d9225086-c20d-4659-8035-d7eedee40dc2,BECKHAM,OK,\\smb.dc2isilon.na.drillinginfo.com\lease_data_entry\data_sources\ok_county_records\ok\beckham\d922
d9228fad-b3f6-4fa1-8dd8-11f0ee147d49,ELLIS,OK,s3://enverus-courthouse-prod-chd-plants/ok/ellis/d922/d9228fad-b3f6-4fa1-8dd8-11f0ee147d49.pdf
d92a44b0-b19f-4b64-bc6c-4929cd104b9e,KINGFISHER,OK,\\smb.dc2isilon.na.drillinginfo.com\lease_data_entry\data_sources\ok_county_records\ok\kingfisher\d92a
d9349c1d-503c-4294-9269-0e7442b00cdd,CUSTER,OK,\\smb.dc2isilon.na.drillinginfo.com\lease_data_entry\data_sources\ok_county_records\ok\custer\d934
d937a8dc-85c6-4010-91bb-3432f0bce9e6,CARTER,OK,s3://enverus-courthouse-prod-chd-plants/ok/carter/d937/d937a8dc-85c6-4010-91bb-3432f0bce9e6.pdf
d94f285d-f77a-4cc9-b96e-90c94dcaf149,MCCLAIN,OK,s3://enverus-courthouse-prod-chd-plants/ok/mcclain/d94f/d94f285d-f77a-4cc9-b96e-90c94dcaf149.pdf
d9540ab5-082c-493b-8514-3eab73f02556,COMANCHE,OK,\\smb.dc2isilon.na.drillinginfo.com\lease_data_entry\data_sources\ok_county_records\ok\comanche\d954
d957cfb5-4212-430d-93e9-323136200193,LOGAN,OK,s3://enverus-courthouse-prod-chd-plants/ok/logan/d957/d957cfb5-4212-430d-93e9-323136200193.pdf
d95f7270-280e-451c-b0c6-47625739d488,GARVIN,OK,\\smb.dc2isilon.na.drillinginfo.com\lease_data_entry\data_sources\ok_county_records\ok\garvin\d95f
d9790957-3f36-4c51-a59f-4dde1c7aac5f,CUSTER,OK,\\smb.dc2isilon.na.drillinginfo.com\lease_data_entry\data_sources\ok_county_records\ok\custer\d979
d97b68e4-0753-4f1d-afd5-24e03ddd0cd7,LOGAN,OK,\\smb.dc2isilon.na.drillinginfo.com\lease_data_entry\data_sources\ok_county_records\ok\logan\d97b
d9848274-1857-4d61-8601-7d9d3013309c,MARSHALL,OK,s3://enverus-courthouse-prod-chd-plants/ok/marshall/d984/d9848274-1857-4d61-8601-7d9d3013309c.pdf
d9876ee0-ba67-42ed-823e-c4bd3892fcef,ROGER MILLS,OK,s3://enverus-courthouse-prod-chd-plants/ok/roger mills/d987/d9876ee0-ba67-42ed-823e-c4bd3892fcef.pdf
d98ae5d1-789f-4353-8c5f-79a8038c61cd,WASHINGTON,OK,s3://enverus-courthouse-prod-chd-plants/ok/washington/d98a/d98ae5d1-789f-4353-8c5f-79a8038c61cd.pdf
d98e533e-dacb-4a3d-acee-5978ed0cc8d0,GARVIN,OK,s3://enverus-courthouse-prod-chd-plants/ok/garvin/d98e/d98e533e-dacb-4a3d-acee-5978ed0cc8d0.pdf
d9c26bd2-99e7-4cd7-8c90-d0b3534e9e4b,MAJOR,OK,s3://enverus-courthouse-prod-chd-plants/ok/major/d9c2/d9c26bd2-99e7-4cd7-8c90-d0b3534e9e4b.pdf
d9cb0b8b-3b2a-4a2f-b326-7168a28b098f,OKMULGEE,OK,\\smb.dc2isilon.na.drillinginfo.com\lease_data_entry\data_sources\ok_county_records\ok\okmulgee\d9cb
da1d4136-427b-4780-880e-e99ae30b8e0b,LOVE,OK,s3://enverus-courthouse-prod-chd-plants/ok/love/da1d/da1d4136-427b-4780-880e-e99ae30b8e0b.pdf
da7581f7-92c1-4fda-9629-0e56f37ebeb2,TEXAS,OK,s3://enverus-courthouse-prod-chd-plants/ok/texas/da75/da7581f7-92c1-4fda-9629-0e56f37ebeb2.pdf
daa5ff72-aa2d-4f79-a9e8-90cd2d9148ad,LOVE,OK,s3://enverus-courthouse-prod-chd-plants/ok/love/daa5/daa5ff72-aa2d-4f79-a9e8-90cd2d9148ad.pdf
dab5e538-e1ba-43fb-97e7-0bf39ab36660,CARTER,OK,s3://enverus-courthouse-prod-chd-plants/ok/carter/dab5/dab5e538-e1ba-43fb-97e7-0bf39ab36660.pdf
dac5be32-f915-4dce-90f9-5b39bd9d7e17,KINGFISHER,OK,\\smb.dc2isilon.na.drillinginfo.com\lease_data_entry\data_sources\ok_county_records\ok\kingfisher\dac5
dac75fb0-1c44-4694-82e4-cda7901cce18,STEPHENS,OK,s3://enverus-courthouse-prod-chd-plants/ok/stephens/dac7/dac75fb0-1c44-4694-82e4-cda7901cce18.pdf
dac94b7e-cd53-425d-b5ed-f153eece571d,PITTSBURG,OK,s3://enverus-courthouse-prod-chd-plants/ok/pittsburg/dac9/dac94b7e-cd53-425d-b5ed-f153eece571d.pdf
dacf34eb-e4b6-43d9-b3f1-b192917b23bb,LOGAN,OK,s3://enverus-courthouse-prod-chd-plants/ok/logan/dacf/dacf34eb-e4b6-43d9-b3f1-b192917b23bb.pdf
dadd1a94-37c9-49da-b619-c1405407699f,LATIMER,OK,\\smb.dc2isilon.na.drillinginfo.com\lease_data_entry\data_sources\ok_county_records\ok\latimer\dadd
dae6077c-48d3-4703-a95b-5fa841b216ad,STEPHENS,OK,s3://enverus-courthouse-prod-chd-plants/ok/stephens/dae6/dae6077c-48d3-4703-a95b-5fa841b216ad.pdf
daed95a2-2d64-4461-814f-2d55fe045d0a,COMANCHE,OK,\\smb.dc2isilon.na.drillinginfo.com\lease_data_entry\data_sources\ok_county_records\ok\comanche\daed
db047847-eab0-4ffd-a8b1-c1d181b2b15f,COAL,OK,\\smb.dc2isilon.na.drillinginfo.com\lease_data_entry\data_sources\ok_county_records\ok\coal\db04
db1f8154-3910-4670-8fa7-a06b63024a1d,WASHINGTON,OK,\\smb.dc2isilon.na.drillinginfo.com\lease_data_entry\data_sources\ok_county_records\ok\washington\db1f
db2562ab-aa8e-4e95-b6d0-748e87a31e3f,LOGAN,OK,s3://enverus-courthouse-prod-chd-plants/ok/logan/db25/db2562ab-aa8e-4e95-b6d0-748e87a31e3f.pdf
db39c28a-1b8e-4112-bc26-973c150ee78e,WASHITA,OK,s3://enverus-courthouse-prod-chd-plants/ok/washita/db39/db39c28a-1b8e-4112-bc26-973c150ee78e.pdf
db58658b-4b1a-401b-afc8-acb0be63c811,OKMULGEE,OK,\\smb.dc2isilon.na.drillinginfo.com\lease_data_entry\data_sources\ok_county_records\ok\okmulgee\db58
db651b43-fca2-47a7-b13d-55b3b2d5f643,COMANCHE,OK,\\smb.dc2isilon.na.drillinginfo.com\lease_data_entry\data_sources\ok_county_records\ok\comanche\db65
db8c84ec-ca72-4a50-9e9a-8d81f33d9637,MAJOR,OK,s3://enverus-courthouse-prod-chd-plants/ok/major/db8c/db8c84ec-ca72-4a50-9e9a-8d81f33d9637.pdf
db9382d9-c897-4e7c-8d8f-bc857ba7159f,ELLIS,OK,\\smb.dc2isilon.na.drillinginfo.com\lease_data_entry\data_sources\ok_county_records\ok\ellis\db93
db943962-9542-4d45-9e03-4c2e3169a01a,DEWEY,OK,s3://enverus-courthouse-prod-chd-plants/ok/dewey/db94/db943962-9542-4d45-9e03-4c2e3169a01a.pdf
dbb54da8-4400-42e3-9881-d027f4a6c8f1,LEFLORE,OK,s3://enverus-courthouse-prod-chd-plants/ok/leflore/dbb5/dbb54da8-4400-42e3-9881-d027f4a6c8f1.pdf
dbb8ba60-38e0-45d2-a7e6-d9ed0056f0e2,DEWEY,OK,\\smb.dc2isilon.na.drillinginfo.com\lease_data_entry\data_sources\ok_county_records\ok\dewey\dbb8
dbbbe752-928a-4718-acca-aa2c6f73255b,CARTER,OK,s3://enverus-courthouse-prod-chd-plants/ok/carter/dbbb/dbbbe752-928a-4718-acca-aa2c6f73255b.pdf
dbd25c46-2e31-4dfd-877e-8db85a57d52f,CARTER,OK,\\smb.dc2isilon.na.drillinginfo.com\lease_data_entry\data_sources\ok_county_records\ok\carter\dbd2
dbdd4089-5477-4e96-bf9b-91c99881b256,CUSTER,OK,\\smb.dc2isilon.na.drillinginfo.com\lease_data_entry\data_sources\ok_county_records\ok\custer\dbdd
dbe6ad57-3464-4f4f-9d65-9ea14477ab51,ELLIS,OK,\\smb.dc2isilon.na.drillinginfo.com\lease_data_entry\data_sources\ok_county_records\ok\ellis\dbe6
dbf2fbbb-f5e6-466b-a25a-c9e2bf10c63f,LOGAN,OK,s3://enverus-courthouse-prod-chd-plants/ok/logan/dbf2/dbf2fbbb-f5e6-466b-a25a-c9e2bf10c63f.pdf
dbfbf1f9-c505-4fb3-a4f5-f7ae900ff205,CARTER,OK,\\smb.dc2isilon.na.drillinginfo.com\lease_data_entry\data_sources\ok_county_records\ok\carter\dbfb
dbfca7b6-b344-47e3-a0a4-70301fbdb1fa,ELLIS,OK,s3://enverus-courthouse-prod-chd-plants/ok/ellis/dbfc/dbfca7b6-b344-47e3-a0a4-70301fbdb1fa.pdf
dbff437d-982d-4d5c-93d3-4053f40251cd,CUSTER,OK,\\smb.dc2isilon.na.drillinginfo.com\lease_data_entry\data_sources\ok_county_records\ok\custer\dbff
dc14954c-f6e9-4c0a-9ede-b3669f8fcbc3,WOODWARD,OK,\\smb.dc2isilon.na.drillinginfo.com\lease_data_entry\data_sources\ok_county_records\ok\woodward\dc14
dc18d57b-5223-49df-9821-0448eb644bbc,MARSHALL,OK,\\smb.dc2isilon.na.drillinginfo.com\lease_data_entry\data_sources\ok_county_records\ok\marshall\dc18
dc1db12d-83e7-4861-a8d9-9d0d3aa44902,MCCLAIN,OK,s3://enverus-courthouse-prod-chd-plants/ok/mcclain/dc1d/dc1db12d-83e7-4861-a8d9-9d0d3aa44902.pdf
dc296ded-e72d-440a-9328-3063163f8c2d,LOGAN,OK,s3://enverus-courthouse-prod-chd-plants/ok/logan/dc29/dc296ded-e72d-440a-9328-3063163f8c2d.pdf
dc2b6e88-d992-413d-a1a2-6521ea56515e,CARTER,OK,s3://enverus-courthouse-prod-chd-plants/ok/carter/dc2b/dc2b6e88-d992-413d-a1a2-6521ea56515e.pdf
dc315561-8163-4361-b0c4-eb48333bcb5a,KAY,OK,\\smb.dc2isilon.na.drillinginfo.com\lease_data_entry\data_sources\ok_county_records\ok\kay\dc31
dc33ed94-47c0-4b0e-943b-61fa9ef60d27,LOGAN,OK,\\smb.dc2isilon.na.drillinginfo.com\lease_data_entry\data_sources\ok_county_records\ok\logan\dc33
dc637a5d-11df-40c4-9ba1-e0abb64619aa,ELLIS,OK,s3://enverus-courthouse-prod-chd-plants/ok/ellis/dc63/dc637a5d-11df-40c4-9ba1-e0abb64619aa.pdf
dc64f6a6-eea8-4a59-b873-be0c88ce233a,MURRAY,OK,s3://enverus-courthouse-prod-chd-plants/ok/murray/dc64/dc64f6a6-eea8-4a59-b873-be0c88ce233a.pdf
dc69c98c-32da-4b9f-b0df-22ed9a0e37dd,LOGAN,OK,\\smb.dc2isilon.na.drillinginfo.com\lease_data_entry\data_sources\ok_county_records\ok\logan\dc69
dc7625b1-f4bb-4794-a54d-a317ca980a18,SEMINOLE,OK,\\smb.dc2isilon.na.drillinginfo.com\lease_data_entry\data_sources\ok_county_records\ok\seminole\dc76
dc8b36af-08a4-4adb-ad41-2f6d06ff0be1,COMANCHE,OK,\\smb.dc2isilon.na.drillinginfo.com\lease_data_entry\data_sources\ok_county_records\ok\comanche\dc8b
dc8b692a-7a27-4555-b533-4b1c4740aee5,LOGAN,OK,\\smb.dc2isilon.na.drillinginfo.com\lease_data_entry\data_sources\ok_county_records\ok\logan\dc8b
dc9e99e7-ff41-49ed-9ab1-ef66ff17c388,COMANCHE,OK,\\smb.dc2isilon.na.drillinginfo.com\lease_data_entry\data_sources\ok_county_records\ok\comanche\dc9e
dcab2fd9-6684-4d0d-8aba-b03c7fe3495d,CARTER,OK,s3://enverus-courthouse-prod-chd-plants/ok/carter/dcab/dcab2fd9-6684-4d0d-8aba-b03c7fe3495d.pdf
dcb7b9e6-331f-48ef-a454-6d0cc3b0e48a,GRANT,OK,s3://enverus-courthouse-prod-chd-plants/ok/grant/dcb7/dcb7b9e6-331f-48ef-a454-6d0cc3b0e48a.pdf
dcbe0bf0-6cc7-4bf4-86bc-4fa83ea17b3c,MCCLAIN,OK,\\smb.dc2isilon.na.drillinginfo.com\lease_data_entry\data_sources\ok_county_records\ok\mcclain\dcbe
dcccfe14-4a62-4e78-8fb6-0f1fc056a3b1,JOHNSTON,OK,\\smb.dc2isilon.na.drillinginfo.com\lease_data_entry\data_sources\ok_county_records\ok\johnston\dccc
dce6b362-a702-4890-9ade-d762755989a5,GARVIN,OK,s3://enverus-courthouse-prod-chd-plants/ok/garvin/dce6/dce6b362-a702-4890-9ade-d762755989a5.pdf
dce995f3-9bca-4a76-880c-9f5618839a80,ELLIS,OK,s3://enverus-courthouse-prod-chd-plants/ok/ellis/dce9/dce995f3-9bca-4a76-880c-9f5618839a80.pdf
dcf8bf4f-f9b2-4df0-91bf-a684a7cf87c3,LOVE,OK,s3://enverus-courthouse-prod-chd-plants/ok/love/dcf8/dcf8bf4f-f9b2-4df0-91bf-a684a7cf87c3.pdf
dd0140db-cf77-41d8-ba4f-77dc4d190ef0,ELLIS,OK,\\smb.dc2isilon.na.drillinginfo.com\lease_data_entry\data_sources\ok_county_records\ok\ellis\dd01
dd09215c-cce2-425c-a0d9-1e05c11104df,ELLIS,OK,s3://enverus-courthouse-prod-chd-plants/ok/ellis/dd09/dd09215c-cce2-425c-a0d9-1e05c11104df.pdf
dd0ed89e-23ab-4ae3-a925-96489eaf9e05,MURRAY,OK,s3://enverus-courthouse-prod-chd-plants/ok/murray/dd0e/dd0ed89e-23ab-4ae3-a925-96489eaf9e05.pdf
dd1a2012-d1fb-4768-bceb-506c803ee00e,COMANCHE,OK,\\smb.dc2isilon.na.drillinginfo.com\lease_data_entry\data_sources\ok_county_records\ok\comanche\dd1a
dd2c0814-f3e4-45d8-9e8b-92336b21212c,PAWNEE,OK,\\smb.dc2isilon.na.drillinginfo.com\lease_data_entry\data_sources\ok_county_records\ok\pawnee\dd2c
dd3c93b0-c2a7-422b-8e72-902630a49682,MCCLAIN,OK,\\smb.dc2isilon.na.drillinginfo.com\lease_data_entry\data_sources\ok_county_records\ok\mcclain\dd3c
dd3ca109-82e1-4b50-9ca1-15f80ba48039,STEPHENS,OK,s3://enverus-courthouse-prod-chd-plants/ok/stephens/dd3c/dd3ca109-82e1-4b50-9ca1-15f80ba48039.pdf
dd3d0c44-6110-4d03-8c5d-763fd4c38e68,ROGER MILLS,OK,s3://enverus-courthouse-prod-chd-plants/ok/roger mills/dd3d/dd3d0c44-6110-4d03-8c5d-763fd4c38e68.pdf
dd4554f2-f8ab-4c6d-9c76-c7cc55d7d055,MCCLAIN,OK,s3://enverus-courthouse-prod-chd-plants/ok/mcclain/dd45/dd4554f2-f8ab-4c6d-9c76-c7cc55d7d055.pdf
dd990f0e-60df-4a1b-8b9b-970122cfad96,LEFLORE,OK,\\smb.dc2isilon.na.drillinginfo.com\lease_data_entry\data_sources\ok_county_records\ok\leflore\dd99
ddb9bfca-6e91-4338-a0fd-fc07c2185e3a,CUSTER,OK,\\smb.dc2isilon.na.drillinginfo.com\lease_data_entry\data_sources\ok_county_records\ok\custer\ddb9
ddb9cbad-d6bd-45a8-91fb-5c8e29cbefd3,MURRAY,OK,\\smb.dc2isilon.na.drillinginfo.com\lease_data_entry\data_sources\ok_county_records\ok\murray\ddb9
ddbcaf37-c788-434e-b36e-94fc7ac2e63d,KINGFISHER,OK,\\smb.dc2isilon.na.drillinginfo.com\lease_data_entry\data_sources\ok_county_records\ok\kingfisher\ddbc
ddcdb19a-ade5-4b95-8ab5-6b4a0f5e8bcf,COMANCHE,OK,\\smb.dc2isilon.na.drillinginfo.com\lease_data_entry\data_sources\ok_county_records\ok\comanche\ddcd
ddcef7f9-dada-4c36-9116-d4ce509fb008,DEWEY,OK,s3://enverus-courthouse-prod-chd-plants/ok/dewey/ddce/ddcef7f9-dada-4c36-9116-d4ce509fb008.pdf
ddd5951f-d601-4c3d-99f6-81370bc89766,MCCLAIN,OK,\\smb.dc2isilon.na.drillinginfo.com\lease_data_entry\data_sources\ok_county_records\ok\mcclain\ddd5
de15373f-6a04-4d23-8a1a-1dbf527a958e,WOODWARD,OK,\\smb.dc2isilon.na.drillinginfo.com\lease_data_entry\data_sources\ok_county_records\ok\woodward\de15
de229730-1187-4b25-8820-ae7f9758e7eb,CARTER,OK,s3://enverus-courthouse-prod-chd-plants/ok/carter/de22/de229730-1187-4b25-8820-ae7f9758e7eb.pdf
de2dd5fc-ce64-45ac-a396-d2e466e5c8c5,CUSTER,OK,s3://enverus-courthouse-prod-chd-plants/ok/custer/de2d/de2dd5fc-ce64-45ac-a396-d2e466e5c8c5.pdf
de323078-5e07-45bc-8a8d-e7a61a52830b,BECKHAM,OK,\\smb.dc2isilon.na.drillinginfo.com\lease_data_entry\data_sources\ok_county_records\ok\beckham\de32
de3cc8d7-9986-4aa0-86d4-6e3c963b2d4d,MAJOR,OK,\\smb.dc2isilon.na.drillinginfo.com\lease_data_entry\data_sources\ok_county_records\ok\major\de3c
de503053-4a4a-48ca-b468-b6afbf52e396,DEWEY,OK,s3://enverus-courthouse-prod-chd-plants/ok/dewey/de50/de503053-4a4a-48ca-b468-b6afbf52e396.pdf
de60965f-c69b-4397-adc9-c5d67230efc2,STEPHENS,OK,s3://enverus-courthouse-prod-chd-plants/ok/stephens/de60/de60965f-c69b-4397-adc9-c5d67230efc2.pdf
de6c9eaa-095b-4d2d-b5a9-17ce0417a881,GRANT,OK,s3://enverus-courthouse-prod-chd-plants/ok/grant/de6c/de6c9eaa-095b-4d2d-b5a9-17ce0417a881.pdf
de7cc607-0aca-4db6-8afc-3b440e1430b9,BECKHAM,OK,\\smb.dc2isilon.na.drillinginfo.com\lease_data_entry\data_sources\ok_county_records\ok\beckham\de7c
de7ee17f-9a9a-4986-8f7c-2ea30726e451,BLAINE,OK,\\smb.dc2isilon.na.drillinginfo.com\lease_data_entry\data_sources\ok_county_records\ok\blaine\de7e
de991941-fd43-4d31-9ad0-5c25ed9cf284,CARTER,OK,s3://enverus-courthouse-prod-chd-plants/ok/carter/de99/de991941-fd43-4d31-9ad0-5c25ed9cf284.pdf
de9b13a7-2941-4f34-8cd8-190e5ed37fed,KAY,OK,\\smb.dc2isilon.na.drillinginfo.com\lease_data_entry\data_sources\ok_county_records\ok\kay\de9b
deaeeeaa-cb6c-4b41-a618-983255360311,LEFLORE,OK,\\smb.dc2isilon.na.drillinginfo.com\lease_data_entry\data_sources\ok_county_records\ok\leflore\deae
deaefd34-fe57-49f9-91dd-447fd08ed921,LOGAN,OK,\\smb.dc2isilon.na.drillinginfo.com\lease_data_entry\data_sources\ok_county_records\ok\logan\deae
debf6749-691d-4685-90fe-1afa1263440a,COMANCHE,OK,s3://enverus-courthouse-prod-chd-plants/ok/comanche/debf/debf6749-691d-4685-90fe-1afa1263440a.pdf
dec25612-4e1b-42e8-908c-fff802880299,WASHINGTON,OK,\\smb.dc2isilon.na.drillinginfo.com\lease_data_entry\data_sources\ok_county_records\ok\washington\dec2
dec26335-133d-497a-ab19-466e7f39dd7e,ELLIS,OK,s3://enverus-courthouse-prod-chd-plants/ok/ellis/dec2/dec26335-133d-497a-ab19-466e7f39dd7e.pdf
ded72e74-6ce4-428f-94ae-6b4ef57528b7,CARTER,OK,\\smb.dc2isilon.na.drillinginfo.com\lease_data_entry\data_sources\ok_county_records\ok\carter\ded7
def0090a-8868-4d97-aa0a-ca78d58a9632,ROGER MILLS,OK,\\smb.dc2isilon.na.drillinginfo.com\lease_data_entry\data_sources\ok_county_records\ok\roger mills\def0
def71c24-32d0-4985-b2de-8aac6b8784ce,COAL,OK,s3://enverus-courthouse-prod-chd-plants/ok/coal/def7/def71c24-32d0-4985-b2de-8aac6b8784ce.pdf
df13bec9-3f9e-450f-931d-802f51003b4f,CARTER,OK,\\smb.dc2isilon.na.drillinginfo.com\lease_data_entry\data_sources\ok_county_records\ok\carter\df13
df2c5430-d07d-4708-84f1-4ef45e3edd0d,COAL,OK,\\smb.dc2isilon.na.drillinginfo.com\lease_data_entry\data_sources\ok_county_records\ok\coal\df2c
df33f225-f807-4d34-a238-e6b899eccb58,JACKSON,OK,\\smb.dc2isilon.na.drillinginfo.com\lease_data_entry\data_sources\ok_county_records\ok\jackson\df33
df37e9c3-8b70-493f-8387-e38e9dfb0aba,LOVE,OK,s3://enverus-courthouse-prod-chd-plants/ok/love/df37/df37e9c3-8b70-493f-8387-e38e9dfb0aba.pdf
df633785-dd63-40b3-b3e4-592199c37e14,KINGFISHER,OK,s3://enverus-courthouse-prod-chd-plants/ok/kingfisher/df63/df633785-dd63-40b3-b3e4-592199c37e14.pdf
df654076-3154-4081-ab2d-70b660bc8a3b,SEMINOLE,OK,s3://enverus-courthouse-prod-chd-plants/ok/seminole/df65/df654076-3154-4081-ab2d-70b660bc8a3b.pdf
df6d6b64-98ae-434c-8b26-8ffb0b3e2948,MCCLAIN,OK,\\smb.dc2isilon.na.drillinginfo.com\lease_data_entry\data_sources\ok_county_records\ok\mcclain\df6d
df767881-9bad-4725-9eee-313722aa12ff,ELLIS,OK,s3://enverus-courthouse-prod-chd-plants/ok/ellis/df76/df767881-9bad-4725-9eee-313722aa12ff.pdf
df861cdf-ab99-4700-afbd-76223dacb5c9,LOGAN,OK,\\smb.dc2isilon.na.drillinginfo.com\lease_data_entry\data_sources\ok_county_records\ok\logan\df86
df988a73-f918-4e57-9172-f50ec2770ac4,LINCOLN,OK,\\smb.dc2isilon.na.drillinginfo.com\lease_data_entry\data_sources\ok_county_records\ok\lincoln\df98
dfa4ad03-d3ed-4f49-8db0-7bf193c57de0,MURRAY,OK,s3://enverus-courthouse-prod-chd-plants/ok/murray/dfa4/dfa4ad03-d3ed-4f49-8db0-7bf193c57de0.pdf
dfa73ba1-9a9d-4e7e-9699-04ae71619e96,CARTER,OK,\\smb.dc2isilon.na.drillinginfo.com\lease_data_entry\data_sources\ok_county_records\ok\carter\dfa7
dfa87bb8-3667-440e-a319-9f20d5298902,LOGAN,OK,s3://enverus-courthouse-prod-chd-plants/ok/logan/dfa8/dfa87bb8-3667-440e-a319-9f20d5298902.pdf
dfb7b1cb-2dd6-47f7-93c9-36961d122612,DEWEY,OK,s3://enverus-courthouse-prod-chd-plants/ok/dewey/dfb7/dfb7b1cb-2dd6-47f7-93c9-36961d122612.pdf
dfbdce47-2b21-4c2e-b1d6-e44aac7030a6,COAL,OK,s3://enverus-courthouse-prod-chd-plants/ok/coal/dfbd/dfbdce47-2b21-4c2e-b1d6-e44aac7030a6.pdf
dfd0e548-1125-4e44-8274-21c9bf398b00,KAY,OK,\\smb.dc2isilon.na.drillinginfo.com\lease_data_entry\data_sources\ok_county_records\ok\kay\dfd0
dfe89a10-ebb0-424a-bc61-9ee499c2607e,PAWNEE,OK,\\smb.dc2isilon.na.drillinginfo.com\lease_data_entry\data_sources\ok_county_records\ok\pawnee\dfe8
e0067945-cd15-407a-a341-0137519367c7,LEFLORE,OK,\\smb.dc2isilon.na.drillinginfo.com\lease_data_entry\data_sources\ok_county_records\ok\leflore\e006
e02c0bb9-a382-41ec-b4d0-85c0d6153ec4,ELLIS,OK,s3://enverus-courthouse-prod-chd-plants/ok/ellis/e02c/e02c0bb9-a382-41ec-b4d0-85c0d6153ec4.pdf
e031fa24-8779-4384-8b87-61c58d4b8754,MCCLAIN,OK,s3://enverus-courthouse-prod-chd-plants/ok/mcclain/e031/e031fa24-8779-4384-8b87-61c58d4b8754.pdf
e043f6ea-5c17-4d7d-8cef-8a4fedaf2161,COAL,OK,s3://enverus-courthouse-prod-chd-plants/ok/coal/e043/e043f6ea-5c17-4d7d-8cef-8a4fedaf2161.pdf
e044f975-28e8-4166-aaea-e8e98414b2af,HUGHES,OK,\\smb.dc2isilon.na.drillinginfo.com\lease_data_entry\data_sources\ok_county_records\ok\hughes\e044
e04aaf71-d4e8-436a-95e2-1b37f1cf53e5,CARTER,OK,\\smb.dc2isilon.na.drillinginfo.com\lease_data_entry\data_sources\ok_county_records\ok\carter\e04a
e0677b37-368b-4b7a-872d-ec6988dc7ce0,KINGFISHER,OK,\\smb.dc2isilon.na.drillinginfo.com\lease_data_entry\data_sources\ok_county_records\ok\kingfisher\e067
e0838ae1-0c61-40c2-984b-4208caf79f3b,COAL,OK,s3://enverus-courthouse-prod-chd-plants/ok/coal/e083/e0838ae1-0c61-40c2-984b-4208caf79f3b.pdf
e0946df2-ec30-4881-96e5-cc59c6e694b2,COAL,OK,s3://enverus-courthouse-prod-chd-plants/ok/coal/e094/e0946df2-ec30-4881-96e5-cc59c6e694b2.pdf
e0997f84-33d2-4e83-b056-d028f2dabc83,LOGAN,OK,\\smb.dc2isilon.na.drillinginfo.com\lease_data_entry\data_sources\ok_county_records\ok\logan\e099
e09ab2fc-d9ba-4a54-87df-c05b10e02bf8,BECKHAM,OK,s3://enverus-courthouse-prod-chd-plants/ok/beckham/e09a/e09ab2fc-d9ba-4a54-87df-c05b10e02bf8.pdf
e09bb88e-9462-42fa-a0c2-4495f4f9cd12,GARVIN,OK,\\smb.dc2isilon.na.drillinginfo.com\lease_data_entry\data_sources\ok_county_records\ok\garvin\e09b
e0a68e86-eedd-4df8-9e59-03dd6c870d57,ELLIS,OK,s3://enverus-courthouse-prod-chd-plants/ok/ellis/e0a6/e0a68e86-eedd-4df8-9e59-03dd6c870d57.pdf
e0cdcf13-7612-402b-8f11-92ab9017081a,CARTER,OK,\\smb.dc2isilon.na.drillinginfo.com\lease_data_entry\data_sources\ok_county_records\ok\carter\e0cd
e0d32075-c995-47d6-af3f-83244972434a,MCCLAIN,OK,s3://enverus-courthouse-prod-chd-plants/ok/mcclain/e0d3/e0d32075-c995-47d6-af3f-83244972434a.pdf
e0e1cbb8-ef9a-407b-ae2c-330afe461a68,SEMINOLE,OK,\\smb.dc2isilon.na.drillinginfo.com\lease_data_entry\data_sources\ok_county_records\ok\seminole\e0e1
e0e3433d-e124-43e0-a75d-a303608e21c4,GRANT,OK,s3://enverus-courthouse-prod-chd-plants/ok/grant/e0e3/e0e3433d-e124-43e0-a75d-a303608e21c4.pdf
e0e72215-3ebd-444f-924b-0b78e40987b2,LOGAN,OK,\\smb.dc2isilon.na.drillinginfo.com\lease_data_entry\data_sources\ok_county_records\ok\logan\e0e7
e0e9ead5-db1f-4055-a4bc-dbec67cf7e77,ROGER MILLS,OK,s3://enverus-courthouse-prod-chd-plants/ok/roger mills/e0e9/e0e9ead5-db1f-4055-a4bc-dbec67cf7e77.pdf
e0f9e97a-4bab-460d-8077-8154cf8a0ff9,MAJOR,OK,\\smb.dc2isilon.na.drillinginfo.com\lease_data_entry\data_sources\ok_county_records\ok\major\e0f9
e114e844-f230-4f4f-af60-019c82b1ba27,LOGAN,OK,\\smb.dc2isilon.na.drillinginfo.com\lease_data_entry\data_sources\ok_county_records\ok\logan\e114
e1185212-f17e-4060-a6b5-f900128630b7,STEPHENS,OK,s3://enverus-courthouse-prod-chd-plants/ok/stephens/e118/e1185212-f17e-4060-a6b5-f900128630b7.pdf
e132f2f9-d85f-4436-9603-f229419ef57e,CUSTER,OK,\\smb.dc2isilon.na.drillinginfo.com\lease_data_entry\data_sources\ok_county_records\ok\custer\e132
e133d3be-5349-4610-9a13-b7843b6cd442,SEMINOLE,OK,s3://enverus-courthouse-prod-chd-plants/ok/seminole/e133/e133d3be-5349-4610-9a13-b7843b6cd442.pdf
e139d404-3d3a-4713-807f-cf5c83915777,LINCOLN,OK,s3://enverus-courthouse-prod-chd-plants/ok/lincoln/e139/e139d404-3d3a-4713-807f-cf5c83915777.pdf
e1680fdc-5d31-4f17-bc2a-2de3e7acd19f,PONTOTOC,OK,\\smb.dc2isilon.na.drillinginfo.com\lease_data_entry\data_sources\ok_county_records\ok\pontotoc\e168
e173f3d4-8749-401c-b337-7c3a6b09c352,ROGER MILLS,OK,s3://enverus-courthouse-prod-chd-plants/ok/roger mills/e173/e173f3d4-8749-401c-b337-7c3a6b09c352.pdf
e17be59d-d8b7-41c8-aa28-a699cc9f8573,ELLIS,OK,s3://enverus-courthouse-prod-chd-plants/ok/ellis/e17b/e17be59d-d8b7-41c8-aa28-a699cc9f8573.pdf
e18585f9-4139-492a-b844-c7e7200ca95e,WASHINGTON,OK,\\smb.dc2isilon.na.drillinginfo.com\lease_data_entry\data_sources\ok_county_records\ok\washington\e185
e18c24af-e9ed-44d8-9f86-2d5f5a830dca,BLAINE,OK,s3://enverus-courthouse-prod-chd-plants/ok/blaine/e18c/e18c24af-e9ed-44d8-9f86-2d5f5a830dca.pdf
e19bc695-33ae-4342-a499-28f8b108b5f0,LINCOLN,OK,s3://enverus-courthouse-prod-chd-plants/ok/lincoln/e19b/e19bc695-33ae-4342-a499-28f8b108b5f0.pdf
e1a714bb-bce6-45c6-9da8-6fcc8f99fac9,MCCLAIN,OK,\\smb.dc2isilon.na.drillinginfo.com\lease_data_entry\data_sources\ok_county_records\ok\mcclain\e1a7
e1b86374-6f9b-47d8-8bff-291c6728d3cf,SEMINOLE,OK,s3://enverus-courthouse-prod-chd-plants/ok/seminole/e1b8/e1b86374-6f9b-47d8-8bff-291c6728d3cf.pdf
e1ba6bd1-77df-4112-a08c-b88f3c2029a5,WASHINGTON,OK,s3://enverus-courthouse-prod-chd-plants/ok/washington/e1ba/e1ba6bd1-77df-4112-a08c-b88f3c2029a5.pdf
e1bd4081-3a2e-4520-9253-bac1968d00e5,LOGAN,OK,s3://enverus-courthouse-prod-chd-plants/ok/logan/e1bd/e1bd4081-3a2e-4520-9253-bac1968d00e5.pdf
e1c376ed-4262-48b9-90ff-5fa5c17d11a0,CARTER,OK,s3://enverus-courthouse-prod-chd-plants/ok/carter/e1c3/e1c376ed-4262-48b9-90ff-5fa5c17d11a0.pdf
e1cc248b-6358-4f8c-8df3-b2cb6b6cef70,CARTER,OK,\\smb.dc2isilon.na.drillinginfo.com\lease_data_entry\data_sources\ok_county_records\ok\carter\e1cc
e1d1e51f-eaf9-4991-a8e0-b62d844538d2,CARTER,OK,\\smb.dc2isilon.na.drillinginfo.com\lease_data_entry\data_sources\ok_county_records\ok\carter\e1d1
e1e1c27e-ccab-489d-92a5-ceab84e4d3c3,COMANCHE,OK,\\smb.dc2isilon.na.drillinginfo.com\lease_data_entry\data_sources\ok_county_records\ok\comanche\e1e1
e1eada75-0f84-44e6-9224-c6f55f4227d9,TEXAS,OK,\\smb.dc2isilon.na.drillinginfo.com\lease_data_entry\data_sources\ok_county_records\ok\texas\e1ea
e1f1765e-6b3e-4c4e-a3bb-b3054f230607,CARTER,OK,s3://enverus-courthouse-prod-chd-plants/ok/carter/e1f1/e1f1765e-6b3e-4c4e-a3bb-b3054f230607.pdf
e1f8563c-4bef-48d1-870b-104d063fe0e1,HUGHES,OK,\\smb.dc2isilon.na.drillinginfo.com\lease_data_entry\data_sources\ok_county_records\ok\hughes\e1f8
e206c296-c278-4bf4-8874-00e42aa85fb4,WASHINGTON,OK,\\smb.dc2isilon.na.drillinginfo.com\lease_data_entry\data_sources\ok_county_records\ok\washington\e206
e21220d3-0610-452b-b318-3687b27147d9,GARVIN,OK,s3://enverus-courthouse-prod-chd-plants/ok/garvin/e212/e21220d3-0610-452b-b318-3687b27147d9.pdf
e219089b-6873-4770-bb32-32abdd31c67d,MCCLAIN,OK,s3://enverus-courthouse-prod-chd-plants/ok/mcclain/e219/e219089b-6873-4770-bb32-32abdd31c67d.pdf
e227c5a6-85b5-4666-9034-f793e2d973a9,ELLIS,OK,s3://enverus-courthouse-prod-chd-plants/ok/ellis/e227/e227c5a6-85b5-4666-9034-f793e2d973a9.pdf
e247eec9-399d-4f28-adc1-f6cf24e1da1a,MCCLAIN,OK,s3://enverus-courthouse-prod-chd-plants/ok/mcclain/e247/e247eec9-399d-4f28-adc1-f6cf24e1da1a.pdf
e25284e2-8597-4314-8d55-5201b01f5698,CUSTER,OK,\\smb.dc2isilon.na.drillinginfo.com\lease_data_entry\data_sources\ok_county_records\ok\custer\e252
e2727ff3-b803-45ba-a618-60bf74d2d0ee,PONTOTOC,OK,\\smb.dc2isilon.na.drillinginfo.com\lease_data_entry\data_sources\ok_county_records\ok\pontotoc\e272
e29536cc-a262-462c-8f16-6f655a60ba73,LEFLORE,OK,\\smb.dc2isilon.na.drillinginfo.com\lease_data_entry\data_sources\ok_county_records\ok\leflore\e295
e2ba932a-9a65-44f7-9292-412f0e4de1e9,LINCOLN,OK,\\smb.dc2isilon.na.drillinginfo.com\lease_data_entry\data_sources\ok_county_records\ok\lincoln\e2ba
e2bcb599-14ec-44f7-a758-601b67033ca2,SEMINOLE,OK,s3://enverus-courthouse-prod-chd-plants/ok/seminole/e2bc/e2bcb599-14ec-44f7-a758-601b67033ca2.pdf
e2bf3399-3f00-47d5-8a42-3c2462a5206a,LOVE,OK,\\smb.dc2isilon.na.drillinginfo.com\lease_data_entry\data_sources\ok_county_records\ok\love\e2bf
e2cc0bb4-2ba3-40de-9205-f825c6f03c30,CUSTER,OK,\\smb.dc2isilon.na.drillinginfo.com\lease_data_entry\data_sources\ok_county_records\ok\custer\e2cc
e2d48dba-0277-4561-a2fa-7228b991fa39,COMANCHE,OK,\\smb.dc2isilon.na.drillinginfo.com\lease_data_entry\data_sources\ok_county_records\ok\comanche\e2d4
e2d4a921-d931-4ac9-b91b-284b2c5e8eea,ELLIS,OK,s3://enverus-courthouse-prod-chd-plants/ok/ellis/e2d4/e2d4a921-d931-4ac9-b91b-284b2c5e8eea.pdf
e2dd15b4-a42a-40b6-a67a-68fb82a70593,CARTER,OK,\\smb.dc2isilon.na.drillinginfo.com\lease_data_entry\data_sources\ok_county_records\ok\carter\e2dd
e2e07133-82ba-4239-9062-dc2a7fe7870e,MCCLAIN,OK,s3://enverus-courthouse-prod-chd-plants/ok/mcclain/e2e0/e2e07133-82ba-4239-9062-dc2a7fe7870e.pdf
e301a64a-432f-4728-989b-324056ce7c2f,LOGAN,OK,s3://enverus-courthouse-prod-chd-plants/ok/logan/e301/e301a64a-432f-4728-989b-324056ce7c2f.pdf
e312376c-0a93-415e-abf9-d25c540d6f89,MARSHALL,OK,s3://enverus-courthouse-prod-chd-plants/ok/marshall/e312/e312376c-0a93-415e-abf9-d25c540d6f89.pdf
e3255f13-c889-4e3d-9318-78fd47638618,CARTER,OK,\\smb.dc2isilon.na.drillinginfo.com\lease_data_entry\data_sources\ok_county_records\ok\carter\e325
e3411497-f36d-4ea9-8a64-90e0f8958b5d,WASHINGTON,OK,\\smb.dc2isilon.na.drillinginfo.com\lease_data_entry\data_sources\ok_county_records\ok\washington\e341
e346babe-32ee-4baa-92af-e625451f8b33,GARVIN,OK,s3://enverus-courthouse-prod-chd-plants/ok/garvin/e346/e346babe-32ee-4baa-92af-e625451f8b33.pdf
e3479ad4-9fea-4f88-9030-d2879c32e361,COMANCHE,OK,s3://enverus-courthouse-prod-chd-plants/ok/comanche/e347/e3479ad4-9fea-4f88-9030-d2879c32e361.pdf
e347c41e-6e0c-4330-b8d0-ae5517c0dd57,OKMULGEE,OK,\\smb.dc2isilon.na.drillinginfo.com\lease_data_entry\data_sources\ok_county_records\ok\okmulgee\e347
e3592c75-4ab4-4dc3-a7ed-5c6aae374106,MURRAY,OK,\\smb.dc2isilon.na.drillinginfo.com\lease_data_entry\data_sources\ok_county_records\ok\murray\e359
e361167e-a657-4f27-81a1-df08bffa6bcb,MCCLAIN,OK,\\smb.dc2isilon.na.drillinginfo.com\lease_data_entry\data_sources\ok_county_records\ok\mcclain\e361
e361ab0e-909c-4ef8-b45a-49a7334b43c4,LOGAN,OK,s3://enverus-courthouse-prod-chd-plants/ok/logan/e361/e361ab0e-909c-4ef8-b45a-49a7334b43c4.pdf
e378c4c9-9360-4f77-95ff-b72c549b7390,DEWEY,OK,s3://enverus-courthouse-prod-chd-plants/ok/dewey/e378/e378c4c9-9360-4f77-95ff-b72c549b7390.pdf
e3799b74-77f7-4fe9-a147-16c0d50e0dce,MAJOR,OK,s3://enverus-courthouse-prod-chd-plants/ok/major/e379/e3799b74-77f7-4fe9-a147-16c0d50e0dce.pdf
e383f0e5-7c2c-44fe-898d-d2d5c38503dd,LOGAN,OK,s3://enverus-courthouse-prod-chd-plants/ok/logan/e383/e383f0e5-7c2c-44fe-898d-d2d5c38503dd.pdf
e389b93f-a818-4b3d-aa95-dc01411ac90f,WASHINGTON,OK,s3://enverus-courthouse-prod-chd-plants/ok/washington/e389/e389b93f-a818-4b3d-aa95-dc01411ac90f.pdf
e390f8d2-b3fe-4dee-bd8e-f49babed8fa1,CUSTER,OK,\\smb.dc2isilon.na.drillinginfo.com\lease_data_entry\data_sources\ok_county_records\ok\custer\e390
e39877f3-70eb-484c-a15e-d0c99917ed7a,MARSHALL,OK,s3://enverus-courthouse-prod-chd-plants/ok/marshall/e398/e39877f3-70eb-484c-a15e-d0c99917ed7a.pdf
e3a592c1-9db6-4a0d-91f8-f241ef32ee1a,CARTER,OK,\\smb.dc2isilon.na.drillinginfo.com\lease_data_entry\data_sources\ok_county_records\ok\carter\e3a5
e3bfc7e0-a85d-4894-a91c-6fddaee4ece2,COMANCHE,OK,\\smb.dc2isilon.na.drillinginfo.com\lease_data_entry\data_sources\ok_county_records\ok\comanche\e3bf
e3cb26cb-581c-4acd-a28e-ddeaa90f8bd8,STEPHENS,OK,s3://enverus-courthouse-prod-chd-plants/ok/stephens/e3cb/e3cb26cb-581c-4acd-a28e-ddeaa90f8bd8.pdf
e3cfb9cb-aada-4f17-8e11-a7115368a9e5,CUSTER,OK,\\smb.dc2isilon.na.drillinginfo.com\lease_data_entry\data_sources\ok_county_records\ok\custer\e3cf
e3de8078-78df-41a6-808f-9dbfb758b5f8,COAL,OK,s3://enverus-courthouse-prod-chd-plants/ok/coal/e3de/e3de8078-78df-41a6-808f-9dbfb758b5f8.pdf
e3e123e6-f42f-467e-9fef-066128f2c223,LEFLORE,OK,\\smb.dc2isilon.na.drillinginfo.com\lease_data_entry\data_sources\ok_county_records\ok\leflore\e3e1
e3f908a9-7c80-497d-a240-3fe60472be47,CARTER,OK,\\smb.dc2isilon.na.drillinginfo.com\lease_data_entry\data_sources\ok_county_records\ok\carter\e3f9
e40419ab-581a-481d-bc70-1a59afe1f567,MARSHALL,OK,s3://enverus-courthouse-prod-chd-plants/ok/marshall/e404/e40419ab-581a-481d-bc70-1a59afe1f567.pdf
e405ca24-30b7-45e5-930d-14eb29f2b80f,LEFLORE,OK,\\smb.dc2isilon.na.drillinginfo.com\lease_data_entry\data_sources\ok_county_records\ok\leflore\e405
e412b321-6d0d-4026-8d80-c33ec1112f50,GRANT,OK,\\smb.dc2isilon.na.drillinginfo.com\lease_data_entry\data_sources\ok_county_records\ok\grant\e412
e42cf7e8-4a98-4e6c-ab4d-0bd7214e6e3c,CARTER,OK,s3://enverus-courthouse-prod-chd-plants/ok/carter/e42c/e42cf7e8-4a98-4e6c-ab4d-0bd7214e6e3c.pdf
e448deb0-6c69-4100-b435-abd1cb604398,KINGFISHER,OK,s3://enverus-courthouse-prod-chd-plants/ok/kingfisher/e448/e448deb0-6c69-4100-b435-abd1cb604398.pdf
e44c7a7e-c3c9-4131-acac-b8651f6dd624,GRANT,OK,\\smb.dc2isilon.na.drillinginfo.com\lease_data_entry\data_sources\ok_county_records\ok\grant\e44c
e466417c-921e-4d64-8bfd-f75508b1c555,DEWEY,OK,s3://enverus-courthouse-prod-chd-plants/ok/dewey/e466/e466417c-921e-4d64-8bfd-f75508b1c555.pdf
e4791ca6-95f2-471f-8d0e-9777c4ba9ee2,LEFLORE,OK,s3://enverus-courthouse-prod-chd-plants/ok/leflore/e479/e4791ca6-95f2-471f-8d0e-9777c4ba9ee2.pdf
e47c7c55-4827-4e26-8f8a-cfd73d0eb729,MAJOR,OK,s3://enverus-courthouse-prod-chd-plants/ok/major/e47c/e47c7c55-4827-4e26-8f8a-cfd73d0eb729.pdf
e4d3faf2-fe84-42d5-aa25-aa4fc813d16e,BLAINE,OK,\\smb.dc2isilon.na.drillinginfo.com\lease_data_entry\data_sources\ok_county_records\ok\blaine\e4d3
e4de9ea3-e913-4f6e-acc0-f5ecc94597f9,ELLIS,OK,s3://enverus-courthouse-prod-chd-plants/ok/ellis/e4de/e4de9ea3-e913-4f6e-acc0-f5ecc94597f9.pdf
e4ea8921-badd-41de-ab3b-513ce19badf9,WOODWARD,OK,\\smb.dc2isilon.na.drillinginfo.com\lease_data_entry\data_sources\ok_county_records\ok\woodward\e4ea
e51e04a9-dcd9-4d09-b176-fed052321bbb,LOVE,OK,s3://enverus-courthouse-prod-chd-plants/ok/love/e51e/e51e04a9-dcd9-4d09-b176-fed052321bbb.pdf
e52315dc-15bf-4c06-8913-0dd5a3879c45,MCCLAIN,OK,s3://enverus-courthouse-prod-chd-plants/ok/mcclain/e523/e52315dc-15bf-4c06-8913-0dd5a3879c45.pdf
e529d4fa-7705-49b7-b6d8-013fc1d869ab,LINCOLN,OK,s3://enverus-courthouse-prod-chd-plants/ok/lincoln/e529/e529d4fa-7705-49b7-b6d8-013fc1d869ab.pdf
e52ac93e-6fbf-40ad-a267-8a821d74c576,KINGFISHER,OK,s3://enverus-courthouse-prod-chd-plants/ok/kingfisher/e52a/e52ac93e-6fbf-40ad-a267-8a821d74c576.pdf
e530b931-eb04-4b93-9e43-4a81acd3f2bd,CARTER,OK,\\smb.dc2isilon.na.drillinginfo.com\lease_data_entry\data_sources\ok_county_records\ok\carter\e530
e532207c-dc56-4f0f-a139-73726d6b966a,HUGHES,OK,s3://enverus-courthouse-prod-chd-plants/ok/hughes/e532/e532207c-dc56-4f0f-a139-73726d6b966a.pdf
e548f7a0-fb03-4c4a-9a87-9177649b96a9,COMANCHE,OK,s3://enverus-courthouse-prod-chd-plants/ok/comanche/e548/e548f7a0-fb03-4c4a-9a87-9177649b96a9.pdf
e5515122-795a-4f7f-b4b1-f4da6faa4d75,ROGER MILLS,OK,s3://enverus-courthouse-prod-chd-plants/ok/roger mills/e551/e5515122-795a-4f7f-b4b1-f4da6faa4d75.pdf
e5581a49-a7cb-41e2-ac41-a91924e52893,LEFLORE,OK,s3://enverus-courthouse-prod-chd-plants/ok/leflore/e558/e5581a49-a7cb-41e2-ac41-a91924e52893.pdf
e5628202-a37d-4126-8286-ff01d9cb17e6,ROGER MILLS,OK,\\smb.dc2isilon.na.drillinginfo.com\lease_data_entry\data_sources\ok_county_records\ok\roger mills\e562
e5657ae6-870a-4221-811b-031b140defe0,WASHITA,OK,\\smb.dc2isilon.na.drillinginfo.com\lease_data_entry\data_sources\ok_county_records\ok\washita\e565
e574825a-bac2-40d6-9201-e5a1f4f49f87,ELLIS,OK,s3://enverus-courthouse-prod-chd-plants/ok/ellis/e574/e574825a-bac2-40d6-9201-e5a1f4f49f87.pdf
e585cf3a-f9b1-475e-96d4-d2187a5b2dfa,MCCLAIN,OK,\\smb.dc2isilon.na.drillinginfo.com\lease_data_entry\data_sources\ok_county_records\ok\mcclain\e585
e596dac4-bd1d-4200-9daf-eefb56503ed4,LINCOLN,OK,\\smb.dc2isilon.na.drillinginfo.com\lease_data_entry\data_sources\ok_county_records\ok\lincoln\e596
e59ec39e-9afd-4dc0-8bbd-70eeb2e683f5,DEWEY,OK,s3://enverus-courthouse-prod-chd-plants/ok/dewey/e59e/e59ec39e-9afd-4dc0-8bbd-70eeb2e683f5.pdf
e5a5b335-cc67-434e-8441-944931bb99ec,CUSTER,OK,\\smb.dc2isilon.na.drillinginfo.com\lease_data_entry\data_sources\ok_county_records\ok\custer\e5a5
e5b162a7-56d7-4935-9ceb-020fe4f4f5d1,STEPHENS,OK,s3://enverus-courthouse-prod-chd-plants/ok/stephens/e5b1/e5b162a7-56d7-4935-9ceb-020fe4f4f5d1.pdf
e5bed23e-0441-4f67-a2d4-8bb01b66c6ef,LATIMER,OK,\\smb.dc2isilon.na.drillinginfo.com\lease_data_entry\data_sources\ok_county_records\ok\latimer\e5be
e5d4eb8c-8f7c-4df5-8f9f-98fa120f1c48,DEWEY,OK,s3://enverus-courthouse-prod-chd-plants/ok/dewey/e5d4/e5d4eb8c-8f7c-4df5-8f9f-98fa120f1c48.pdf
e5db7485-0370-4267-bafa-f16abad5ab98,LOGAN,OK,s3://enverus-courthouse-prod-chd-plants/ok/logan/e5db/e5db7485-0370-4267-bafa-f16abad5ab98.pdf
e5e34c24-8a5a-41f7-8893-d1b590a04b8f,MURRAY,OK,s3://enverus-courthouse-prod-chd-plants/ok/murray/e5e3/e5e34c24-8a5a-41f7-8893-d1b590a04b8f.pdf
e5e86a48-3879-4e05-be2a-4497e6193eb1,WASHINGTON,OK,s3://enverus-courthouse-prod-chd-plants/ok/washington/e5e8/e5e86a48-3879-4e05-be2a-4497e6193eb1.pdf
e5ea5d1d-c324-4bfd-80e4-6e40f9a5a228,CUSTER,OK,s3://enverus-courthouse-prod-chd-plants/ok/custer/e5ea/e5ea5d1d-c324-4bfd-80e4-6e40f9a5a228.pdf
e5fc10c2-dc07-44e8-8ecd-af99c83902e9,ROGER MILLS,OK,s3://enverus-courthouse-prod-chd-plants/ok/roger mills/e5fc/e5fc10c2-dc07-44e8-8ecd-af99c83902e9.pdf
e6180e4d-280f-45fd-b4cc-59a2bac6b8b7,STEPHENS,OK,s3://enverus-courthouse-prod-chd-plants/ok/stephens/e618/e6180e4d-280f-45fd-b4cc-59a2bac6b8b7.pdf
e633821f-50c9-421a-a56b-7833c9fd7341,GARVIN,OK,s3://enverus-courthouse-prod-chd-plants/ok/garvin/e633/e633821f-50c9-421a-a56b-7833c9fd7341.pdf
e64487a2-325f-4598-967b-e348fb346074,BLAINE,OK,\\smb.dc2isilon.na.drillinginfo.com\lease_data_entry\data_sources\ok_county_records\ok\blaine\e644
e647233b-99a6-4679-bc23-d76973f2270a,MURRAY,OK,s3://enverus-courthouse-prod-chd-plants/ok/murray/e647/e647233b-99a6-4679-bc23-d76973f2270a.pdf
e6569cae-c7f6-4d0e-a54f-27de83299c76,LOGAN,OK,s3://enverus-courthouse-prod-chd-plants/ok/logan/e656/e6569cae-c7f6-4d0e-a54f-27de83299c76.pdf
e671d4bf-09da-463f-a9ae-541aa90e7646,NOBLE,OK,s3://enverus-courthouse-prod-chd-plants/ok/noble/e671/e671d4bf-09da-463f-a9ae-541aa90e7646.pdf
e67a83d6-1d8c-4ce0-853c-301c80401ace,COMANCHE,OK,\\smb.dc2isilon.na.drillinginfo.com\lease_data_entry\data_sources\ok_county_records\ok\comanche\e67a
e6810655-6989-476b-8531-9d95c55050c6,MCCLAIN,OK,\\smb.dc2isilon.na.drillinginfo.com\lease_data_entry\data_sources\ok_county_records\ok\mcclain\e681
e6a1b101-602f-4928-a8df-bf3a0735d7d2,CUSTER,OK,s3://enverus-courthouse-prod-chd-plants/ok/custer/e6a1/e6a1b101-602f-4928-a8df-bf3a0735d7d2.pdf
e6a24e8b-1eb0-4ca9-a3f9-f73c240c72dd,LATIMER,OK,s3://enverus-courthouse-prod-chd-plants/ok/latimer/e6a2/e6a24e8b-1eb0-4ca9-a3f9-f73c240c72dd.pdf
e6ab2b0c-aada-4b0d-b6fe-c338305e2199,CARTER,OK,s3://enverus-courthouse-prod-chd-plants/ok/carter/e6ab/e6ab2b0c-aada-4b0d-b6fe-c338305e2199.pdf
e6adf033-a6e0-4824-9539-8714644b05ec,LOGAN,OK,s3://enverus-courthouse-prod-chd-plants/ok/logan/e6ad/e6adf033-a6e0-4824-9539-8714644b05ec.pdf
e6b3ff04-b940-40f1-b8e3-459dbeb1bfee,ROGER MILLS,OK,s3://enverus-courthouse-prod-chd-plants/ok/roger mills/e6b3/e6b3ff04-b940-40f1-b8e3-459dbeb1bfee.pdf
e6bcdd61-8e8e-4b2a-9f93-e510187416d3,BLAINE,OK,\\smb.dc2isilon.na.drillinginfo.com\lease_data_entry\data_sources\ok_county_records\ok\blaine\e6bc
e6c0d0b3-c381-4ce5-9ad0-d0c3263d918f,SEMINOLE,OK,\\smb.dc2isilon.na.drillinginfo.com\lease_data_entry\data_sources\ok_county_records\ok\seminole\e6c0
e6c88abc-0497-4842-983a-b7e3a14f89a5,LINCOLN,OK,s3://enverus-courthouse-prod-chd-plants/ok/lincoln/e6c8/e6c88abc-0497-4842-983a-b7e3a14f89a5.pdf
e6ce45c5-34dd-4c7d-9d4a-14b7653ebba7,LOGAN,OK,s3://enverus-courthouse-prod-chd-plants/ok/logan/e6ce/e6ce45c5-34dd-4c7d-9d4a-14b7653ebba7.pdf
e6d1048f-65d1-45e9-b537-a8932c81b92f,LATIMER,OK,s3://enverus-courthouse-prod-chd-plants/ok/latimer/e6d1/e6d1048f-65d1-45e9-b537-a8932c81b92f.pdf
e701a8ee-218a-4e49-8e68-16ce30265fca,MCCLAIN,OK,s3://enverus-courthouse-prod-chd-plants/ok/mcclain/e701/e701a8ee-218a-4e49-8e68-16ce30265fca.pdf
e70c4ed5-c8d9-4e41-b1cf-0398b7f176dc,MCCLAIN,OK,\\smb.dc2isilon.na.drillinginfo.com\lease_data_entry\data_sources\ok_county_records\ok\mcclain\e70c
e70dcf7b-661d-4cbf-9a22-618fd3df6d32,DEWEY,OK,s3://enverus-courthouse-prod-chd-plants/ok/dewey/e70d/e70dcf7b-661d-4cbf-9a22-618fd3df6d32.pdf
e71d8079-793f-46ec-a85f-3a42dfe48cae,CARTER,OK,s3://enverus-courthouse-prod-chd-plants/ok/carter/e71d/e71d8079-793f-46ec-a85f-3a42dfe48cae.pdf
e71e8162-afb0-49bc-8676-3c21c7379642,MARSHALL,OK,\\smb.dc2isilon.na.drillinginfo.com\lease_data_entry\data_sources\ok_county_records\ok\marshall\e71e
e722cfca-1d37-45a4-af14-061645076443,ROGER MILLS,OK,s3://enverus-courthouse-prod-chd-plants/ok/roger mills/e722/e722cfca-1d37-45a4-af14-061645076443.pdf
e727a88c-b947-4ec3-99eb-06b4446cb607,LOVE,OK,s3://enverus-courthouse-prod-chd-plants/ok/love/e727/e727a88c-b947-4ec3-99eb-06b4446cb607.pdf
e73cf45b-8743-47d1-b569-0efe32ec2d66,LINCOLN,OK,s3://enverus-courthouse-prod-chd-plants/ok/lincoln/e73c/e73cf45b-8743-47d1-b569-0efe32ec2d66.pdf
e753112e-ef49-40b8-bd6f-5aac894a048e,LINCOLN,OK,s3://enverus-courthouse-prod-chd-plants/ok/lincoln/e753/e753112e-ef49-40b8-bd6f-5aac894a048e.pdf
e77398ad-a300-4a03-bf17-ab0374e65a36,LOGAN,OK,s3://enverus-courthouse-prod-chd-plants/ok/logan/e773/e77398ad-a300-4a03-bf17-ab0374e65a36.pdf
e77a01e8-21f0-410c-bc76-875a0f4f52db,ELLIS,OK,s3://enverus-courthouse-prod-chd-plants/ok/ellis/e77a/e77a01e8-21f0-410c-bc76-875a0f4f52db.pdf
e7918f82-4f7a-433b-acff-bf4a1dfe2193,KINGFISHER,OK,s3://enverus-courthouse-prod-chd-plants/ok/kingfisher/e791/e7918f82-4f7a-433b-acff-bf4a1dfe2193.pdf
e7ba64bd-0d04-4902-a65b-574391e426d9,ROGER MILLS,OK,s3://enverus-courthouse-prod-chd-plants/ok/roger mills/e7ba/e7ba64bd-0d04-4902-a65b-574391e426d9.pdf
e7cb945e-f547-4936-b5ea-5343fcfbb1ed,KINGFISHER,OK,\\smb.dc2isilon.na.drillinginfo.com\lease_data_entry\data_sources\ok_county_records\ok\kingfisher\e7cb
e7cfe9af-e0c5-4d64-942c-a4d51efdb896,WASHINGTON,OK,\\smb.dc2isilon.na.drillinginfo.com\lease_data_entry\data_sources\ok_county_records\ok\washington\e7cf
e7dbcd4c-160a-4a5e-9008-90f83856703f,MUSKOGEE,OK,\\smb.dc2isilon.na.drillinginfo.com\lease_data_entry\data_sources\ok_county_records\ok\muskogee\e7db
e7dccf8a-4ceb-4e66-89f6-127a6e68cae3,CUSTER,OK,s3://enverus-courthouse-prod-chd-plants/ok/custer/e7dc/e7dccf8a-4ceb-4e66-89f6-127a6e68cae3.pdf
e7e201b8-4dbf-426f-8355-3db4b6378096,PAWNEE,OK,\\smb.dc2isilon.na.drillinginfo.com\lease_data_entry\data_sources\ok_county_records\ok\pawnee\e7e2
e7eb2c6e-44b6-4c00-a2e4-881260573940,LEFLORE,OK,s3://enverus-courthouse-prod-chd-plants/ok/leflore/e7eb/e7eb2c6e-44b6-4c00-a2e4-881260573940.pdf
e80b50bd-0ff2-4a46-8d90-233355fe4834,KAY,OK,\\smb.dc2isilon.na.drillinginfo.com\lease_data_entry\data_sources\ok_county_records\ok\kay\e80b
e80cd882-5a0f-4f8d-a820-78f9aea19484,GARVIN,OK,\\smb.dc2isilon.na.drillinginfo.com\lease_data_entry\data_sources\ok_county_records\ok\garvin\e80c
e81095bf-1015-45ee-a5cd-52a7719ef1f1,ELLIS,OK,s3://enverus-courthouse-prod-chd-plants/ok/ellis/e810/e81095bf-1015-45ee-a5cd-52a7719ef1f1.pdf
e8147e61-cf99-4348-9fa1-1877332dd239,STEPHENS,OK,s3://enverus-courthouse-prod-chd-plants/ok/stephens/e814/e8147e61-cf99-4348-9fa1-1877332dd239.pdf
e8185743-b5c5-47d4-8c7d-9c44d414dc42,PITTSBURG,OK,s3://enverus-courthouse-prod-chd-plants/ok/pittsburg/e818/e8185743-b5c5-47d4-8c7d-9c44d414dc42.pdf
e835fcd5-f97a-45b9-9df8-f9aca180bb8b,CARTER,OK,s3://enverus-courthouse-prod-chd-plants/ok/carter/e835/e835fcd5-f97a-45b9-9df8-f9aca180bb8b.pdf
e8389f21-d328-4b2a-8943-0a9ea3b4dc10,GARVIN,OK,s3://enverus-courthouse-prod-chd-plants/ok/garvin/e838/e8389f21-d328-4b2a-8943-0a9ea3b4dc10.pdf
e8497a5b-ef3c-46ee-b221-d36e81fea65a,CARTER,OK,\\smb.dc2isilon.na.drillinginfo.com\lease_data_entry\data_sources\ok_county_records\ok\carter\e849
e8512699-7666-4aa3-ba5f-0fba5921dca9,MAJOR,OK,s3://enverus-courthouse-prod-chd-plants/ok/major/e851/e8512699-7666-4aa3-ba5f-0fba5921dca9.pdf
e853bd03-9de8-4159-a601-3f68c2f5e6f5,CARTER,OK,\\smb.dc2isilon.na.drillinginfo.com\lease_data_entry\data_sources\ok_county_records\ok\carter\e853
e85629d8-48cf-4b49-9334-f27204a3e61b,LOVE,OK,s3://enverus-courthouse-prod-chd-plants/ok/love/e856/e85629d8-48cf-4b49-9334-f27204a3e61b.pdf
e8606f72-8267-4960-b32d-208924377b61,GARVIN,OK,s3://enverus-courthouse-prod-chd-plants/ok/garvin/e860/e8606f72-8267-4960-b32d-208924377b61.pdf
e860b083-e2fa-4fc2-a07a-715d48f64c6c,MURRAY,OK,s3://enverus-courthouse-prod-chd-plants/ok/murray/e860/e860b083-e2fa-4fc2-a07a-715d48f64c6c.pdf
e86affb6-e3ca-4f7f-b59e-29f6b0d9a5c8,ELLIS,OK,s3://enverus-courthouse-prod-chd-plants/ok/ellis/e86a/e86affb6-e3ca-4f7f-b59e-29f6b0d9a5c8.pdf
e886dd04-5345-4ede-8648-2424e5e18024,CARTER,OK,\\smb.dc2isilon.na.drillinginfo.com\lease_data_entry\data_sources\ok_county_records\ok\carter\e886
e88a1243-f3da-4b1f-9c4a-d38a6490c7d2,DEWEY,OK,s3://enverus-courthouse-prod-chd-plants/ok/dewey/e88a/e88a1243-f3da-4b1f-9c4a-d38a6490c7d2.pdf
e897eb5c-ae97-489f-962a-2647fdb0246c,MURRAY,OK,s3://enverus-courthouse-prod-chd-plants/ok/murray/e897/e897eb5c-ae97-489f-962a-2647fdb0246c.pdf
e8af9823-8243-4494-ac7b-0b06980b88b2,LEFLORE,OK,\\smb.dc2isilon.na.drillinginfo.com\lease_data_entry\data_sources\ok_county_records\ok\leflore\e8af
e8b192b1-18ba-49d6-b475-5f36eb123dcb,STEPHENS,OK,s3://enverus-courthouse-prod-chd-plants/ok/stephens/e8b1/e8b192b1-18ba-49d6-b475-5f36eb123dcb.pdf
e8ba6ae5-53b1-4c38-a66c-99cac42549d8,ROGER MILLS,OK,\\smb.dc2isilon.na.drillinginfo.com\lease_data_entry\data_sources\ok_county_records\ok\roger mills\e8ba
e8cdf2e0-b90f-4a23-b7c3-15d37e3deba9,STEPHENS,OK,s3://enverus-courthouse-prod-chd-plants/ok/stephens/e8cd/e8cdf2e0-b90f-4a23-b7c3-15d37e3deba9.pdf
e8d53fc0-81dc-481a-872e-4fb7ac9e2855,LOGAN,OK,s3://enverus-courthouse-prod-chd-plants/ok/logan/e8d5/e8d53fc0-81dc-481a-872e-4fb7ac9e2855.pdf
e8d6c9f4-ef41-44b0-99c0-ba03d188aca9,CARTER,OK,s3://enverus-courthouse-prod-chd-plants/ok/carter/e8d6/e8d6c9f4-ef41-44b0-99c0-ba03d188aca9.pdf
e8f04c09-22fe-409c-aac6-73e769604bb3,ROGER MILLS,OK,s3://enverus-courthouse-prod-chd-plants/ok/roger mills/e8f0/e8f04c09-22fe-409c-aac6-73e769604bb3.pdf
e8fbe8ed-2384-4782-a868-a0bcc4845907,SEMINOLE,OK,s3://enverus-courthouse-prod-chd-plants/ok/seminole/e8fb/e8fbe8ed-2384-4782-a868-a0bcc4845907.pdf
e9386375-ef5d-4407-9e69-28cd926997d8,LOGAN,OK,\\smb.dc2isilon.na.drillinginfo.com\lease_data_entry\data_sources\ok_county_records\ok\logan\e938
e944626b-0321-425c-9b25-6ffd67de2a54,GARVIN,OK,s3://enverus-courthouse-prod-chd-plants/ok/garvin/e944/e944626b-0321-425c-9b25-6ffd67de2a54.pdf
e94eba76-049b-4483-aaf6-c1326e01b7f1,OKMULGEE,OK,\\smb.dc2isilon.na.drillinginfo.com\lease_data_entry\data_sources\ok_county_records\ok\okmulgee\e94e
e96b70ca-c06d-4c8e-8ca2-21ce4e881e68,LEFLORE,OK,\\smb.dc2isilon.na.drillinginfo.com\lease_data_entry\data_sources\ok_county_records\ok\leflore\e96b
e9741b75-e91b-4c3c-ac65-bc4d90aaff06,ROGER MILLS,OK,s3://enverus-courthouse-prod-chd-plants/ok/roger mills/e974/e9741b75-e91b-4c3c-ac65-bc4d90aaff06.pdf
e97e92dc-8186-42a9-90ae-2805b0e08f6a,ROGER MILLS,OK,s3://enverus-courthouse-prod-chd-plants/ok/roger mills/e97e/e97e92dc-8186-42a9-90ae-2805b0e08f6a.pdf
e99d5100-0eb2-4b5e-97a1-f2c037b61f40,TEXAS,OK,\\smb.dc2isilon.na.drillinginfo.com\lease_data_entry\data_sources\ok_county_records\ok\texas\e99d
e99f382a-f63a-41c5-9d17-7a7d8e151a3d,STEPHENS,OK,s3://enverus-courthouse-prod-chd-plants/ok/stephens/e99f/e99f382a-f63a-41c5-9d17-7a7d8e151a3d.pdf
e9a03ded-fe9e-4ab2-b5cb-50f6f0345ccf,MAJOR,OK,s3://enverus-courthouse-prod-chd-plants/ok/major/e9a0/e9a03ded-fe9e-4ab2-b5cb-50f6f0345ccf.pdf
e9a9b736-df87-43a2-be3a-6ddbd71d52f5,LOGAN,OK,\\smb.dc2isilon.na.drillinginfo.com\lease_data_entry\data_sources\ok_county_records\ok\logan\e9a9
e9bab463-f8a3-4d54-90e6-7ee85519c371,ELLIS,OK,s3://enverus-courthouse-prod-chd-plants/ok/ellis/e9ba/e9bab463-f8a3-4d54-90e6-7ee85519c371.pdf
e9e85f2e-aa51-49a6-8e69-70a799ae23b1,WOODWARD,OK,\\smb.dc2isilon.na.drillinginfo.com\lease_data_entry\data_sources\ok_county_records\ok\woodward\e9e8
e9e90d41-f814-4696-88cc-bd7e0b3b5b0f,DEWEY,OK,s3://enverus-courthouse-prod-chd-plants/ok/dewey/e9e9/e9e90d41-f814-4696-88cc-bd7e0b3b5b0f.pdf
e9f016d5-a3a9-4ef5-99ec-a0691913069a,LINCOLN,OK,s3://enverus-courthouse-prod-chd-plants/ok/lincoln/e9f0/e9f016d5-a3a9-4ef5-99ec-a0691913069a.pdf
ea085ed5-8003-414e-9cf6-b173c2e1dfd5,COAL,OK,\\smb.dc2isilon.na.drillinginfo.com\lease_data_entry\data_sources\ok_county_records\ok\coal\ea08
ea3b3fd5-91f7-4659-a613-0c6339cfba13,CARTER,OK,\\smb.dc2isilon.na.drillinginfo.com\lease_data_entry\data_sources\ok_county_records\ok\carter\ea3b
ea4cf3fb-efef-4f4c-b504-3955b673cbc4,LINCOLN,OK,s3://enverus-courthouse-prod-chd-plants/ok/lincoln/ea4c/ea4cf3fb-efef-4f4c-b504-3955b673cbc4.pdf
ea5b5473-2673-4962-8287-7f6214f117f8,LOGAN,OK,\\smb.dc2isilon.na.drillinginfo.com\lease_data_entry\data_sources\ok_county_records\ok\logan\ea5b
ea675723-09f9-4da0-a034-eabd1bc8a6f4,SEMINOLE,OK,\\smb.dc2isilon.na.drillinginfo.com\lease_data_entry\data_sources\ok_county_records\ok\seminole\ea67
ea73d961-df61-45f7-93b3-90fd4c316614,ELLIS,OK,s3://enverus-courthouse-prod-chd-plants/ok/ellis/ea73/ea73d961-df61-45f7-93b3-90fd4c316614.pdf
ea7e1a36-4ea1-40fa-8f34-bedefad21101,WASHINGTON,OK,\\smb.dc2isilon.na.drillinginfo.com\lease_data_entry\data_sources\ok_county_records\ok\washington\ea7e
ea87b0b3-dcd9-46c5-b9e9-cf5e07048562,MAJOR,OK,\\smb.dc2isilon.na.drillinginfo.com\lease_data_entry\data_sources\ok_county_records\ok\major\ea87
ea956886-3838-4f4b-9c11-5d0ae061f610,DEWEY,OK,s3://enverus-courthouse-prod-chd-plants/ok/dewey/ea95/ea956886-3838-4f4b-9c11-5d0ae061f610.pdf
ea9769fb-ed64-4970-9019-de59d670ac91,STEPHENS,OK,\\smb.dc2isilon.na.drillinginfo.com\lease_data_entry\data_sources\ok_county_records\ok\stephens\ea97
ea9e053f-6439-4c1a-8cea-81bbfde4d61b,COAL,OK,s3://enverus-courthouse-prod-chd-plants/ok/coal/ea9e/ea9e053f-6439-4c1a-8cea-81bbfde4d61b.pdf
eab09856-50d9-4518-afed-d81e094209d5,CARTER,OK,\\smb.dc2isilon.na.drillinginfo.com\lease_data_entry\data_sources\ok_county_records\ok\carter\eab0
eabb3719-49a7-417d-a15e-10bb22d82060,GARVIN,OK,s3://enverus-courthouse-prod-chd-plants/ok/garvin/eabb/eabb3719-49a7-417d-a15e-10bb22d82060.pdf
eacd4a06-e30b-45b1-91d6-e005701e81cf,KAY,OK,\\smb.dc2isilon.na.drillinginfo.com\lease_data_entry\data_sources\ok_county_records\ok\kay\eacd
eacea262-f4a8-4418-8a37-bddb2419999c,CARTER,OK,\\smb.dc2isilon.na.drillinginfo.com\lease_data_entry\data_sources\ok_county_records\ok\carter\eace
ead71275-d8ab-4905-ac51-fcc2b14cf281,LATIMER,OK,s3://enverus-courthouse-prod-chd-plants/ok/latimer/ead7/ead71275-d8ab-4905-ac51-fcc2b14cf281.pdf
ead7cd2a-129e-4c72-86f8-11aefe64b5d8,SEMINOLE,OK,\\smb.dc2isilon.na.drillinginfo.com\lease_data_entry\data_sources\ok_county_records\ok\seminole\ead7
eaf4b78d-50ac-40cb-aef8-9384265d69c1,MUSKOGEE,OK,\\smb.dc2isilon.na.drillinginfo.com\lease_data_entry\data_sources\ok_county_records\ok\muskogee\eaf4
eb077f15-903d-42d7-a523-d67ea100f929,MCCLAIN,OK,\\smb.dc2isilon.na.drillinginfo.com\lease_data_entry\data_sources\ok_county_records\ok\mcclain\eb07
eb2884fa-756f-4db8-a142-9814f7561853,CARTER,OK,\\smb.dc2isilon.na.drillinginfo.com\lease_data_entry\data_sources\ok_county_records\ok\carter\eb28
eb3eb65d-d57b-4dd5-8115-d7ff47b63787,KINGFISHER,OK,s3://enverus-courthouse-prod-chd-plants/ok/kingfisher/eb3e/eb3eb65d-d57b-4dd5-8115-d7ff47b63787.pdf
eb49377d-4055-4c5b-846b-414ad2c61dbe,KINGFISHER,OK,\\smb.dc2isilon.na.drillinginfo.com\lease_data_entry\data_sources\ok_county_records\ok\kingfisher\eb49
eb49bc1f-6b21-4924-bb2a-ccd291a286fa,GARVIN,OK,s3://enverus-courthouse-prod-chd-plants/ok/garvin/eb49/eb49bc1f-6b21-4924-bb2a-ccd291a286fa.pdf
eb50fc3a-9300-4e4c-8daa-16fce0a23fbb,LOGAN,OK,\\smb.dc2isilon.na.drillinginfo.com\lease_data_entry\data_sources\ok_county_records\ok\logan\eb50
eb563d00-4280-42a2-85c8-c5b712b92847,GRANT,OK,s3://enverus-courthouse-prod-chd-plants/ok/grant/eb56/eb563d00-4280-42a2-85c8-c5b712b92847.pdf
eb67e0c5-fbf8-4efa-94aa-6eacf61970ef,MAJOR,OK,\\smb.dc2isilon.na.drillinginfo.com\lease_data_entry\data_sources\ok_county_records\ok\major\eb67
ebaa2791-9948-4fcf-b585-36ca99ccd8c4,MARSHALL,OK,\\smb.dc2isilon.na.drillinginfo.com\lease_data_entry\data_sources\ok_county_records\ok\marshall\ebaa
ebb9f307-8513-4ff6-a9aa-f9b1d5cf54d6,COMANCHE,OK,\\smb.dc2isilon.na.drillinginfo.com\lease_data_entry\data_sources\ok_county_records\ok\comanche\ebb9
ebbdfa0c-106e-40fa-8652-40920197011a,MARSHALL,OK,s3://enverus-courthouse-prod-chd-plants/ok/marshall/ebbd/ebbdfa0c-106e-40fa-8652-40920197011a.pdf
ebcb6d23-6941-494d-8c19-b2e34d23b47a,CARTER,OK,s3://enverus-courthouse-prod-chd-plants/ok/carter/ebcb/ebcb6d23-6941-494d-8c19-b2e34d23b47a.pdf
ebcfbb7f-3cb1-4b4c-be8f-db898b5c98bc,COMANCHE,OK,\\smb.dc2isilon.na.drillinginfo.com\lease_data_entry\data_sources\ok_county_records\ok\comanche\ebcf
ebd6c60d-7043-46e3-894c-328dffb33a33,CUSTER,OK,\\smb.dc2isilon.na.drillinginfo.com\lease_data_entry\data_sources\ok_county_records\ok\custer\ebd6
ebd905e3-f5f7-4d3d-bb50-f9d423a6169f,LOGAN,OK,\\smb.dc2isilon.na.drillinginfo.com\lease_data_entry\data_sources\ok_county_records\ok\logan\ebd9
ebe30a11-345e-4c8e-8ad2-d4865e9101df,CARTER,OK,s3://enverus-courthouse-prod-chd-plants/ok/carter/ebe3/ebe30a11-345e-4c8e-8ad2-d4865e9101df.pdf
ebe562dc-c05d-4d11-8dfb-9cfde89ca2a9,GARVIN,OK,\\smb.dc2isilon.na.drillinginfo.com\lease_data_entry\data_sources\ok_county_records\ok\garvin\ebe5
ec157a4f-d728-4c22-a318-ed6dca1fd1b1,BLAINE,OK,\\smb.dc2isilon.na.drillinginfo.com\lease_data_entry\data_sources\ok_county_records\ok\blaine\ec15
ec356bfa-190c-4f32-9866-7b429ec62e2d,ROGER MILLS,OK,\\smb.dc2isilon.na.drillinginfo.com\lease_data_entry\data_sources\ok_county_records\ok\roger mills\ec35
ec396cc1-b6c4-4163-b10a-699ce3b2de9b,COMANCHE,OK,\\smb.dc2isilon.na.drillinginfo.com\lease_data_entry\data_sources\ok_county_records\ok\comanche\ec39
ec3dd2f7-effd-4dd8-93f7-baac61fe5262,STEPHENS,OK,s3://enverus-courthouse-prod-chd-plants/ok/stephens/ec3d/ec3dd2f7-effd-4dd8-93f7-baac61fe5262.pdf
ec412fe2-93d4-4e6a-af99-20d773b8a6ab,COMANCHE,OK,\\smb.dc2isilon.na.drillinginfo.com\lease_data_entry\data_sources\ok_county_records\ok\comanche\ec41
ec4752ef-c4ec-4f82-8fa8-4a0a9f1e7e3d,WASHINGTON,OK,\\smb.dc2isilon.na.drillinginfo.com\lease_data_entry\data_sources\ok_county_records\ok\washington\ec47
ec4d2af6-b56a-45c6-b545-036bd2fccce3,CARTER,OK,\\smb.dc2isilon.na.drillinginfo.com\lease_data_entry\data_sources\ok_county_records\ok\carter\ec4d
ec54714a-2cbb-4b56-8723-709f3a0d5685,DEWEY,OK,s3://enverus-courthouse-prod-chd-plants/ok/dewey/ec54/ec54714a-2cbb-4b56-8723-709f3a0d5685.pdf
ec566af5-5a89-4442-a4b5-9ba5029b7ebb,LINCOLN,OK,s3://enverus-courthouse-prod-chd-plants/ok/lincoln/ec56/ec566af5-5a89-4442-a4b5-9ba5029b7ebb.pdf
ec752236-dd28-4510-ba07-167239a48a35,GARVIN,OK,\\smb.dc2isilon.na.drillinginfo.com\lease_data_entry\data_sources\ok_county_records\ok\garvin\ec75
ec79ff61-fde4-4467-bb7a-f044b3beab54,GARVIN,OK,s3://enverus-courthouse-prod-chd-plants/ok/garvin/ec79/ec79ff61-fde4-4467-bb7a-f044b3beab54.pdf
ec9f03bf-9532-439a-b693-0e72f6b02ff6,COMANCHE,OK,\\smb.dc2isilon.na.drillinginfo.com\lease_data_entry\data_sources\ok_county_records\ok\comanche\ec9f
eca12dca-aad1-47a6-ba1d-bbb954f13077,LOGAN,OK,s3://enverus-courthouse-prod-chd-plants/ok/logan/eca1/eca12dca-aad1-47a6-ba1d-bbb954f13077.pdf
ecc0178c-93c4-4bf9-8d20-7f439ca88401,STEPHENS,OK,s3://enverus-courthouse-prod-chd-plants/ok/stephens/ecc0/ecc0178c-93c4-4bf9-8d20-7f439ca88401.pdf
eccd60ec-926a-4c8e-8728-8c6548113021,ROGER MILLS,OK,s3://enverus-courthouse-prod-chd-plants/ok/roger mills/eccd/eccd60ec-926a-4c8e-8728-8c6548113021.pdf
ecd21dac-9769-4645-bb98-fa2a72f960e3,LINCOLN,OK,s3://enverus-courthouse-prod-chd-plants/ok/lincoln/ecd2/ecd21dac-9769-4645-bb98-fa2a72f960e3.pdf
ecec5ef1-7770-4f9d-b671-4b3686514f29,ROGER MILLS,OK,\\smb.dc2isilon.na.drillinginfo.com\lease_data_entry\data_sources\ok_county_records\ok\roger mills\ecec
ecf22754-3ef1-4bb3-8792-d05e42cb5b16,MURRAY,OK,s3://enverus-courthouse-prod-chd-plants/ok/murray/ecf2/ecf22754-3ef1-4bb3-8792-d05e42cb5b16.pdf
ed0a8aa1-342b-47bd-9767-420735d6139a,LEFLORE,OK,\\smb.dc2isilon.na.drillinginfo.com\lease_data_entry\data_sources\ok_county_records\ok\leflore\ed0a
ed304c39-fe8d-47c8-ba65-1c2da535888e,CARTER,OK,\\smb.dc2isilon.na.drillinginfo.com\lease_data_entry\data_sources\ok_county_records\ok\carter\ed30
ed3d48b1-082e-4f81-89d6-4c711691bdc0,LEFLORE,OK,s3://enverus-courthouse-prod-chd-plants/ok/leflore/ed3d/ed3d48b1-082e-4f81-89d6-4c711691bdc0.pdf
ed5fdea1-a378-4d49-98b2-5632676955c3,CARTER,OK,\\smb.dc2isilon.na.drillinginfo.com\lease_data_entry\data_sources\ok_county_records\ok\carter\ed5f
ed762fa7-b307-4880-bb2d-8350aaf727ab,PAWNEE,OK,\\smb.dc2isilon.na.drillinginfo.com\lease_data_entry\data_sources\ok_county_records\ok\pawnee\ed76
ed7e1b1c-351e-4317-be59-4392df562acf,ROGER MILLS,OK,s3://enverus-courthouse-prod-chd-plants/ok/roger mills/ed7e/ed7e1b1c-351e-4317-be59-4392df562acf.pdf
ed7e353b-1e42-48c1-b508-e13a4540e54f,GARVIN,OK,s3://enverus-courthouse-prod-chd-plants/ok/garvin/ed7e/ed7e353b-1e42-48c1-b508-e13a4540e54f.pdf
ed849c5c-7be6-4c8e-8a9a-22e7ee529f37,KINGFISHER,OK,s3://enverus-courthouse-prod-chd-plants/ok/kingfisher/ed84/ed849c5c-7be6-4c8e-8a9a-22e7ee529f37.pdf
ed96d2a0-5b44-40eb-8159-2098e5425f14,LINCOLN,OK,s3://enverus-courthouse-prod-chd-plants/ok/lincoln/ed96/ed96d2a0-5b44-40eb-8159-2098e5425f14.pdf
ed9dad1a-11d6-40be-94bb-0d3ac6a554b4,DEWEY,OK,s3://enverus-courthouse-prod-chd-plants/ok/dewey/ed9d/ed9dad1a-11d6-40be-94bb-0d3ac6a554b4.pdf
eda6a23f-bf90-4757-8310-15ffb9916a17,CUSTER,OK,s3://enverus-courthouse-prod-chd-plants/ok/custer/eda6/eda6a23f-bf90-4757-8310-15ffb9916a17.pdf
edaee9fd-3189-4bdb-99e0-7440bfc0fc20,LOGAN,OK,\\smb.dc2isilon.na.drillinginfo.com\lease_data_entry\data_sources\ok_county_records\ok\logan\edae
edb60976-3b54-42b4-9462-d4b3ca4a9ef1,COMANCHE,OK,\\smb.dc2isilon.na.drillinginfo.com\lease_data_entry\data_sources\ok_county_records\ok\comanche\edb6
edb78204-0664-42fc-bde9-4c6ecf2d51cc,ELLIS,OK,s3://enverus-courthouse-prod-chd-plants/ok/ellis/edb7/edb78204-0664-42fc-bde9-4c6ecf2d51cc.pdf
edc8656b-07ce-419c-ab72-f052ba35dda4,LOGAN,OK,s3://enverus-courthouse-prod-chd-plants/ok/logan/edc8/edc8656b-07ce-419c-ab72-f052ba35dda4.pdf
edc8ad5a-6d1e-4505-a2b6-09dce75d9057,HUGHES,OK,s3://enverus-courthouse-prod-chd-plants/ok/hughes/edc8/edc8ad5a-6d1e-4505-a2b6-09dce75d9057.pdf
edcbbacd-b1e3-49e1-a059-6dd1f88cc960,GARVIN,OK,s3://enverus-courthouse-prod-chd-plants/ok/garvin/edcb/edcbbacd-b1e3-49e1-a059-6dd1f88cc960.pdf
edd56279-3745-490c-89ae-c8cf64cee41a,MCCLAIN,OK,s3://enverus-courthouse-prod-chd-plants/ok/mcclain/edd5/edd56279-3745-490c-89ae-c8cf64cee41a.pdf
edda4f4f-b14e-4c8c-af0f-1d96e89c9b45,CARTER,OK,\\smb.dc2isilon.na.drillinginfo.com\lease_data_entry\data_sources\ok_county_records\ok\carter\edda
edfa266a-dd79-412d-8d1d-ae3cc089a1db,ELLIS,OK,s3://enverus-courthouse-prod-chd-plants/ok/ellis/edfa/edfa266a-dd79-412d-8d1d-ae3cc089a1db.pdf
ee0358a9-48ef-4860-b426-41e7e28f0176,ROGER MILLS,OK,s3://enverus-courthouse-prod-chd-plants/ok/roger mills/ee03/ee0358a9-48ef-4860-b426-41e7e28f0176.pdf
ee080b35-74ba-4861-998f-1fdf082cdffa,DEWEY,OK,s3://enverus-courthouse-prod-chd-plants/ok/dewey/ee08/ee080b35-74ba-4861-998f-1fdf082cdffa.pdf
ee08c88c-76d6-46aa-95d7-d0862647422a,ROGER MILLS,OK,\\smb.dc2isilon.na.drillinginfo.com\lease_data_entry\data_sources\ok_county_records\ok\roger mills\ee08
ee218e28-b3af-44f1-b85f-70b6c29c4862,COMANCHE,OK,\\smb.dc2isilon.na.drillinginfo.com\lease_data_entry\data_sources\ok_county_records\ok\comanche\ee21
ee222f6c-1605-4d20-af83-f07f7fb953b9,BLAINE,OK,s3://enverus-courthouse-prod-chd-plants/ok/blaine/ee22/ee222f6c-1605-4d20-af83-f07f7fb953b9.pdf
ee5d648d-9c06-43ee-9352-2a72f1099621,TEXAS,OK,\\smb.dc2isilon.na.drillinginfo.com\lease_data_entry\data_sources\ok_county_records\ok\texas\ee5d
ee6c2081-c0f1-4dd4-af54-3e79290ebcfb,LINCOLN,OK,s3://enverus-courthouse-prod-chd-plants/ok/lincoln/ee6c/ee6c2081-c0f1-4dd4-af54-3e79290ebcfb.pdf
ee92e37d-5429-4a79-a897-c55f1c097075,TEXAS,OK,\\smb.dc2isilon.na.drillinginfo.com\lease_data_entry\data_sources\ok_county_records\ok\texas\ee92
eea81605-24b9-4a9c-a4a2-a67180f89b5b,WASHITA,OK,s3://enverus-courthouse-prod-chd-plants/ok/washita/eea8/eea81605-24b9-4a9c-a4a2-a67180f89b5b.pdf
eeae29c6-648e-4ea3-ab99-7668dac43963,LOGAN,OK,s3://enverus-courthouse-prod-chd-plants/ok/logan/eeae/eeae29c6-648e-4ea3-ab99-7668dac43963.pdf
eeae79e6-34e0-41ed-ad80-f4c8708b748c,LOGAN,OK,\\smb.dc2isilon.na.drillinginfo.com\lease_data_entry\data_sources\ok_county_records\ok\logan\eeae
eeb19f1e-4503-4faa-931b-523853f2c59f,MCCLAIN,OK,s3://enverus-courthouse-prod-chd-plants/ok/mcclain/eeb1/eeb19f1e-4503-4faa-931b-523853f2c59f.pdf
eeb51a96-8c5b-4fc7-b838-e0c34281feaa,TEXAS,OK,\\smb.dc2isilon.na.drillinginfo.com\lease_data_entry\data_sources\ok_county_records\ok\texas\eeb5
eebbd327-c1df-41eb-9b94-d084df7a3f40,WASHINGTON,OK,\\smb.dc2isilon.na.drillinginfo.com\lease_data_entry\data_sources\ok_county_records\ok\washington\eebb
eee8d27f-8048-4d61-bc75-581522e096fb,MAJOR,OK,s3://enverus-courthouse-prod-chd-plants/ok/major/eee8/eee8d27f-8048-4d61-bc75-581522e096fb.pdf
ef00d0f3-e570-43fe-8999-2446314110c4,CUSTER,OK,s3://enverus-courthouse-prod-chd-plants/ok/custer/ef00/ef00d0f3-e570-43fe-8999-2446314110c4.pdf
ef09aa82-6d7a-4b2e-8440-6bb7e7ef8228,MAJOR,OK,s3://enverus-courthouse-prod-chd-plants/ok/major/ef09/ef09aa82-6d7a-4b2e-8440-6bb7e7ef8228.pdf
ef2d6e13-d906-4c98-a84e-f91491f8316e,SEMINOLE,OK,s3://enverus-courthouse-prod-chd-plants/ok/seminole/ef2d/ef2d6e13-d906-4c98-a84e-f91491f8316e.pdf
ef33afb9-bb79-406e-a4dc-6d6421f02184,SEMINOLE,OK,s3://enverus-courthouse-prod-chd-plants/ok/seminole/ef33/ef33afb9-bb79-406e-a4dc-6d6421f02184.pdf
ef3a4e9c-9497-419b-9937-3761618a24ac,CARTER,OK,\\smb.dc2isilon.na.drillinginfo.com\lease_data_entry\data_sources\ok_county_records\ok\carter\ef3a
ef4242ec-ce8c-44ba-baec-21b262a5c148,LOGAN,OK,\\smb.dc2isilon.na.drillinginfo.com\lease_data_entry\data_sources\ok_county_records\ok\logan\ef42
ef43d20d-2754-495e-a7a9-a711a8075641,LOGAN,OK,s3://enverus-courthouse-prod-chd-plants/ok/logan/ef43/ef43d20d-2754-495e-a7a9-a711a8075641.pdf
ef46262a-c13b-4928-8124-09e36602d637,STEPHENS,OK,s3://enverus-courthouse-prod-chd-plants/ok/stephens/ef46/ef46262a-c13b-4928-8124-09e36602d637.pdf
ef4ad47b-7bf0-4a05-98bb-85045f725b17,SEMINOLE,OK,\\smb.dc2isilon.na.drillinginfo.com\lease_data_entry\data_sources\ok_county_records\ok\seminole\ef4a
ef4ae455-82c0-4b04-adf9-921b13bd3227,ROGER MILLS,OK,s3://enverus-courthouse-prod-chd-plants/ok/roger mills/ef4a/ef4ae455-82c0-4b04-adf9-921b13bd3227.pdf
ef5e27d5-aab1-45dc-9e06-962c5b10db06,ELLIS,OK,s3://enverus-courthouse-prod-chd-plants/ok/ellis/ef5e/ef5e27d5-aab1-45dc-9e06-962c5b10db06.pdf
ef7555b3-426e-4ef4-9136-8373abed9d9f,SEMINOLE,OK,s3://enverus-courthouse-prod-chd-plants/ok/seminole/ef75/ef7555b3-426e-4ef4-9136-8373abed9d9f.pdf
ef93c95e-2483-4c69-a388-87ed3d874d6d,BLAINE,OK,s3://enverus-courthouse-prod-chd-plants/ok/blaine/ef93/ef93c95e-2483-4c69-a388-87ed3d874d6d.pdf
ef99d3dc-d0f3-470a-a52a-e70f791481d0,ELLIS,OK,s3://enverus-courthouse-prod-chd-plants/ok/ellis/ef99/ef99d3dc-d0f3-470a-a52a-e70f791481d0.pdf
efb3cffd-1dc8-478e-8d80-7f05d801324c,MURRAY,OK,s3://enverus-courthouse-prod-chd-plants/ok/murray/efb3/efb3cffd-1dc8-478e-8d80-7f05d801324c.pdf
efb6e0d7-1715-4330-9791-8a68460eba69,ELLIS,OK,s3://enverus-courthouse-prod-chd-plants/ok/ellis/efb6/efb6e0d7-1715-4330-9791-8a68460eba69.pdf
efb7b5ff-55e2-4eb6-b1dd-bcdb71091f47,LEFLORE,OK,\\smb.dc2isilon.na.drillinginfo.com\lease_data_entry\data_sources\ok_county_records\ok\leflore\efb7
efbbc802-cccc-4adc-a98c-8d19b9896bee,LEFLORE,OK,\\smb.dc2isilon.na.drillinginfo.com\lease_data_entry\data_sources\ok_county_records\ok\leflore\efbb
efc06572-5356-4178-8449-9a6c89022b64,MAJOR,OK,s3://enverus-courthouse-prod-chd-plants/ok/major/efc0/efc06572-5356-4178-8449-9a6c89022b64.pdf
eff7acf9-6674-4de5-a6d3-b7306eb70210,LOVE,OK,s3://enverus-courthouse-prod-chd-plants/ok/love/eff7/eff7acf9-6674-4de5-a6d3-b7306eb70210.pdf
eff7c7de-89ef-4421-8017-406d06204741,MURRAY,OK,\\smb.dc2isilon.na.drillinginfo.com\lease_data_entry\data_sources\ok_county_records\ok\murray\eff7
f01fd297-6ef6-4f4b-b402-304807e19e46,ELLIS,OK,s3://enverus-courthouse-prod-chd-plants/ok/ellis/f01f/f01fd297-6ef6-4f4b-b402-304807e19e46.pdf
f0244179-a25d-4b98-a3cd-64d3a0935b52,COAL,OK,\\smb.dc2isilon.na.drillinginfo.com\lease_data_entry\data_sources\ok_county_records\ok\coal\f024
f05a8e08-5700-4b46-8617-3b0d2935a38b,ROGER MILLS,OK,\\smb.dc2isilon.na.drillinginfo.com\lease_data_entry\data_sources\ok_county_records\ok\roger mills\f05a
f05b9efd-c669-4411-be81-ba1050bf02a3,KIOWA,OK,\\smb.dc2isilon.na.drillinginfo.com\lease_data_entry\data_sources\ok_county_records\ok\kiowa\f05b
f0628ec7-2fe3-4c42-adc3-d0fa00644d31,MCCLAIN,OK,s3://enverus-courthouse-prod-chd-plants/ok/mcclain/f062/f0628ec7-2fe3-4c42-adc3-d0fa00644d31.pdf
f071648a-804a-490d-8ed4-3c3d5870b886,LINCOLN,OK,\\smb.dc2isilon.na.drillinginfo.com\lease_data_entry\data_sources\ok_county_records\ok\lincoln\f071
f071afc6-ea1a-4d7c-8b9f-54b0552fc381,CARTER,OK,s3://enverus-courthouse-prod-chd-plants/ok/carter/f071/f071afc6-ea1a-4d7c-8b9f-54b0552fc381.pdf
f076ae0a-7fa8-4bb1-b9d4-2e3e5be15942,LINCOLN,OK,s3://enverus-courthouse-prod-chd-plants/ok/lincoln/f076/f076ae0a-7fa8-4bb1-b9d4-2e3e5be15942.pdf
f079b71a-ba1a-4291-a7ed-241cc54ba3f6,MARSHALL,OK,s3://enverus-courthouse-prod-chd-plants/ok/marshall/f079/f079b71a-ba1a-4291-a7ed-241cc54ba3f6.pdf
f07a467d-cc9a-4c47-b172-08de7be2ff55,COMANCHE,OK,\\smb.dc2isilon.na.drillinginfo.com\lease_data_entry\data_sources\ok_county_records\ok\comanche\f07a
f0951920-ba01-4598-a09b-2c69e7487f3e,COAL,OK,s3://enverus-courthouse-prod-chd-plants/ok/coal/f095/f0951920-ba01-4598-a09b-2c69e7487f3e.pdf
f0a9476e-1c2f-478a-82f7-4b5881472d44,KAY,OK,\\smb.dc2isilon.na.drillinginfo.com\lease_data_entry\data_sources\ok_county_records\ok\kay\f0a9
f0becd6a-900a-4ddd-a3e4-98769e82175b,WOODWARD,OK,\\smb.dc2isilon.na.drillinginfo.com\lease_data_entry\data_sources\ok_county_records\ok\woodward\f0be
f0cf1195-839a-473e-b028-cd1443263dde,DEWEY,OK,s3://enverus-courthouse-prod-chd-plants/ok/dewey/f0cf/f0cf1195-839a-473e-b028-cd1443263dde.pdf
f109d987-844c-4d05-8b54-a5a482e7f799,MCCLAIN,OK,\\smb.dc2isilon.na.drillinginfo.com\lease_data_entry\data_sources\ok_county_records\ok\mcclain\f109
f10ea5e7-e872-4b73-a0c3-4ec0a9816ecf,LEFLORE,OK,s3://enverus-courthouse-prod-chd-plants/ok/leflore/f10e/f10ea5e7-e872-4b73-a0c3-4ec0a9816ecf.pdf
f12b5a07-7aec-49a8-b02c-fa4d0588bc59,MARSHALL,OK,s3://enverus-courthouse-prod-chd-plants/ok/marshall/f12b/f12b5a07-7aec-49a8-b02c-fa4d0588bc59.pdf
f138ebbe-85b7-47e0-a97e-6aea082c48a8,LOGAN,OK,\\smb.dc2isilon.na.drillinginfo.com\lease_data_entry\data_sources\ok_county_records\ok\logan\f138
f13fc008-f88c-4e99-8b28-fb05cc8094db,SEMINOLE,OK,\\smb.dc2isilon.na.drillinginfo.com\lease_data_entry\data_sources\ok_county_records\ok\seminole\f13f
f153c2fa-4b0b-45d6-b29f-a7dd071a3b83,BLAINE,OK,s3://enverus-courthouse-prod-chd-plants/ok/blaine/f153/f153c2fa-4b0b-45d6-b29f-a7dd071a3b83.pdf
f16a7763-32d6-4f9e-b4ab-c543f2c8f691,STEPHENS,OK,s3://enverus-courthouse-prod-chd-plants/ok/stephens/f16a/f16a7763-32d6-4f9e-b4ab-c543f2c8f691.pdf
f1a282be-ff89-473d-b73e-cf64ce37c42b,COAL,OK,s3://enverus-courthouse-prod-chd-plants/ok/coal/f1a2/f1a282be-ff89-473d-b73e-cf64ce37c42b.pdf
f1af583b-4dc2-4bf5-8c05-e44728076a6b,CARTER,OK,\\smb.dc2isilon.na.drillinginfo.com\lease_data_entry\data_sources\ok_county_records\ok\carter\f1af
f1c416ba-e0cf-4c65-829d-ae094a881a2a,PITTSBURG,OK,s3://enverus-courthouse-prod-chd-plants/ok/pittsburg/f1c4/f1c416ba-e0cf-4c65-829d-ae094a881a2a.pdf
f1cab3b1-e372-429b-8e3e-8b66a1beb3e3,LATIMER,OK,\\smb.dc2isilon.na.drillinginfo.com\lease_data_entry\data_sources\ok_county_records\ok\latimer\f1ca
f1ceebf1-be19-46c6-87f7-963fbc90a6ea,SEMINOLE,OK,\\smb.dc2isilon.na.drillinginfo.com\lease_data_entry\data_sources\ok_county_records\ok\seminole\f1ce
f1d86ddb-dfd7-47f1-b5ef-9f7618ae9774,KINGFISHER,OK,s3://enverus-courthouse-prod-chd-plants/ok/kingfisher/f1d8/f1d86ddb-dfd7-47f1-b5ef-9f7618ae9774.pdf
f2061914-04e5-4282-a1b5-599dbb4c254a,PONTOTOC,OK,\\smb.dc2isilon.na.drillinginfo.com\lease_data_entry\data_sources\ok_county_records\ok\pontotoc\f206
f2312b2d-3359-46a9-8b58-554c556ebbc1,LOGAN,OK,\\smb.dc2isilon.na.drillinginfo.com\lease_data_entry\data_sources\ok_county_records\ok\logan\f231
f25b80f1-7dfb-4697-ac90-78fe1cabafda,ELLIS,OK,s3://enverus-courthouse-prod-chd-plants/ok/ellis/f25b/f25b80f1-7dfb-4697-ac90-78fe1cabafda.pdf
f25bd9ce-4e9b-4515-8f25-b02f5199af25,STEPHENS,OK,s3://enverus-courthouse-prod-chd-plants/ok/stephens/f25b/f25bd9ce-4e9b-4515-8f25-b02f5199af25.pdf
f25c496a-0edf-45b7-8547-01ee8f11d175,GARVIN,OK,s3://enverus-courthouse-prod-chd-plants/ok/garvin/f25c/f25c496a-0edf-45b7-8547-01ee8f11d175.pdf
f25e1f3a-731f-4102-a981-10c51d3d1212,MCCLAIN,OK,s3://enverus-courthouse-prod-chd-plants/ok/mcclain/f25e/f25e1f3a-731f-4102-a981-10c51d3d1212.pdf
f2681eb9-974c-4f9f-8a26-4319722a8564,LOGAN,OK,\\smb.dc2isilon.na.drillinginfo.com\lease_data_entry\data_sources\ok_county_records\ok\logan\f268
f2820e63-a1fa-4d2b-a10b-63100b854b1e,SEMINOLE,OK,s3://enverus-courthouse-prod-chd-plants/ok/seminole/f282/f2820e63-a1fa-4d2b-a10b-63100b854b1e.pdf
f29ba277-8513-4bc5-b4cd-980ccde5c094,CARTER,OK,\\smb.dc2isilon.na.drillinginfo.com\lease_data_entry\data_sources\ok_county_records\ok\carter\f29b
f2c6ee58-f430-44ed-8e58-38d547dd61df,DEWEY,OK,\\smb.dc2isilon.na.drillinginfo.com\lease_data_entry\data_sources\ok_county_records\ok\dewey\f2c6
f2d01320-4f08-42a1-bf87-4197256c66c8,MARSHALL,OK,s3://enverus-courthouse-prod-chd-plants/ok/marshall/f2d0/f2d01320-4f08-42a1-bf87-4197256c66c8.pdf
f2d6b867-1e64-49a3-afba-a414cbc4e0e1,CARTER,OK,s3://enverus-courthouse-prod-chd-plants/ok/carter/f2d6/f2d6b867-1e64-49a3-afba-a414cbc4e0e1.pdf
f2e060f0-b785-4e07-9633-bc3001d0664e,ELLIS,OK,s3://enverus-courthouse-prod-chd-plants/ok/ellis/f2e0/f2e060f0-b785-4e07-9633-bc3001d0664e.pdf
f2e2ce18-bc7b-47f2-9d7b-622fd97d8f11,MAJOR,OK,s3://enverus-courthouse-prod-chd-plants/ok/major/f2e2/f2e2ce18-bc7b-47f2-9d7b-622fd97d8f11.pdf
f2e98d63-6cb2-4eb4-a958-16e25eaa1f45,MAJOR,OK,s3://enverus-courthouse-prod-chd-plants/ok/major/f2e9/f2e98d63-6cb2-4eb4-a958-16e25eaa1f45.pdf
f300084c-0f88-4c5c-8096-5f5751158a1f,ELLIS,OK,s3://enverus-courthouse-prod-chd-plants/ok/ellis/f300/f300084c-0f88-4c5c-8096-5f5751158a1f.pdf
f306d5cb-ca6c-4bff-8503-51ba1842991d,COMANCHE,OK,\\smb.dc2isilon.na.drillinginfo.com\lease_data_entry\data_sources\ok_county_records\ok\comanche\f306
f310d6d5-9459-46c5-adc8-6cf6d05693ca,STEPHENS,OK,s3://enverus-courthouse-prod-chd-plants/ok/stephens/f310/f310d6d5-9459-46c5-adc8-6cf6d05693ca.pdf
f3111504-bbc5-4813-9276-6b588703eefe,BLAINE,OK,\\smb.dc2isilon.na.drillinginfo.com\lease_data_entry\data_sources\ok_county_records\ok\blaine\f311
f3198140-9a32-4ff9-91d9-c0f599ffb360,JEFFERSON,OK,s3://enverus-courthouse-prod-chd-plants/ok/jefferson/f319/f3198140-9a32-4ff9-91d9-c0f599ffb360.pdf
f31b9535-9c00-41af-bd30-62dd232f567d,TEXAS,OK,\\smb.dc2isilon.na.drillinginfo.com\lease_data_entry\data_sources\ok_county_records\ok\texas\f31b
f3455ec9-2371-427e-a608-d74c5271664f,LEFLORE,OK,\\smb.dc2isilon.na.drillinginfo.com\lease_data_entry\data_sources\ok_county_records\ok\leflore\f345
f35b36a3-03eb-485f-9735-593f7c09d6a5,CUSTER,OK,s3://enverus-courthouse-prod-chd-plants/ok/custer/f35b/f35b36a3-03eb-485f-9735-593f7c09d6a5.pdf
f36cf2ea-f234-43de-a4ed-914c3bcf8e76,COMANCHE,OK,\\smb.dc2isilon.na.drillinginfo.com\lease_data_entry\data_sources\ok_county_records\ok\comanche\f36c
f36fab6b-453f-42d5-a325-a86e4a78ac6f,MAJOR,OK,s3://enverus-courthouse-prod-chd-plants/ok/major/f36f/f36fab6b-453f-42d5-a325-a86e4a78ac6f.pdf
f36ff303-520c-430b-ad41-9c5eb0018f61,LOGAN,OK,s3://enverus-courthouse-prod-chd-plants/ok/logan/f36f/f36ff303-520c-430b-ad41-9c5eb0018f61.pdf
f3717374-6e21-4d36-b0d4-afd61d5f85b0,STEPHENS,OK,s3://enverus-courthouse-prod-chd-plants/ok/stephens/f371/f3717374-6e21-4d36-b0d4-afd61d5f85b0.pdf
f37c9767-73da-45ba-86bf-75ca7243fee5,CARTER,OK,\\smb.dc2isilon.na.drillinginfo.com\lease_data_entry\data_sources\ok_county_records\ok\carter\f37c
f37c9d13-1157-4cfd-8b9d-b44c1dfa471a,CARTER,OK,\\smb.dc2isilon.na.drillinginfo.com\lease_data_entry\data_sources\ok_county_records\ok\carter\f37c
f38d7092-5581-4467-b959-39d5a01c90ca,LINCOLN,OK,s3://enverus-courthouse-prod-chd-plants/ok/lincoln/f38d/f38d7092-5581-4467-b959-39d5a01c90ca.pdf
f38efa06-d376-4ba6-8d57-e125049a9664,MCCLAIN,OK,\\smb.dc2isilon.na.drillinginfo.com\lease_data_entry\data_sources\ok_county_records\ok\mcclain\f38e
f39d5eb3-1cb8-4554-a916-a6be740d508f,BECKHAM,OK,\\smb.dc2isilon.na.drillinginfo.com\lease_data_entry\data_sources\ok_county_records\ok\beckham\f39d
f3ab787f-516d-4bd4-8612-8f6302866ac9,HUGHES,OK,s3://enverus-courthouse-prod-chd-plants/ok/hughes/f3ab/f3ab787f-516d-4bd4-8612-8f6302866ac9.pdf
f3dfcd8e-5b00-41a3-b0bc-5e2e384f472d,ELLIS,OK,\\smb.dc2isilon.na.drillinginfo.com\lease_data_entry\data_sources\ok_county_records\ok\ellis\f3df
f3e40f93-43c1-4ae7-8d14-d6cafe5d5f3a,STEPHENS,OK,s3://enverus-courthouse-prod-chd-plants/ok/stephens/f3e4/f3e40f93-43c1-4ae7-8d14-d6cafe5d5f3a.pdf
f3e5c255-1355-456b-b19e-2d393bd8e2ef,STEPHENS,OK,\\smb.dc2isilon.na.drillinginfo.com\lease_data_entry\data_sources\ok_county_records\ok\stephens\f3e5
f3eb83f4-b5d6-45dc-bfc2-571ddc291f8d,JACKSON,OK,\\smb.dc2isilon.na.drillinginfo.com\lease_data_entry\data_sources\ok_county_records\ok\jackson\f3eb
f3eec604-b11b-481b-afe7-4066aa9b5d6e,KINGFISHER,OK,s3://enverus-courthouse-prod-chd-plants/ok/kingfisher/f3ee/f3eec604-b11b-481b-afe7-4066aa9b5d6e.pdf
f3f619b2-eb06-4c47-8c48-2fcc4ce37344,BECKHAM,OK,s3://enverus-courthouse-prod-chd-plants/ok/beckham/f3f6/f3f619b2-eb06-4c47-8c48-2fcc4ce37344.pdf
f3f63ab2-565e-4378-82ae-a45e3da1ac2e,MCCLAIN,OK,\\smb.dc2isilon.na.drillinginfo.com\lease_data_entry\data_sources\ok_county_records\ok\mcclain\f3f6
f3fd41f6-aabc-4809-94db-0e9c4ee7b3ae,LEFLORE,OK,s3://enverus-courthouse-prod-chd-plants/ok/leflore/f3fd/f3fd41f6-aabc-4809-94db-0e9c4ee7b3ae.pdf
f40f25bf-98ce-4915-b3b6-53d06b383610,OKMULGEE,OK,\\smb.dc2isilon.na.drillinginfo.com\lease_data_entry\data_sources\ok_county_records\ok\okmulgee\f40f
f4156edc-e202-4603-9397-74cc4edfedc5,CUSTER,OK,\\smb.dc2isilon.na.drillinginfo.com\lease_data_entry\data_sources\ok_county_records\ok\custer\f415
f42b4ecd-cb7b-439a-a089-e9e3d12a2a77,ELLIS,OK,s3://enverus-courthouse-prod-chd-plants/ok/ellis/f42b/f42b4ecd-cb7b-439a-a089-e9e3d12a2a77.pdf
f44e426c-e9f0-4ad1-b070-540df9fdd9ea,COMANCHE,OK,\\smb.dc2isilon.na.drillinginfo.com\lease_data_entry\data_sources\ok_county_records\ok\comanche\f44e
f44f1e5e-760b-487d-91c8-2a5cb8d371c6,OKMULGEE,OK,\\smb.dc2isilon.na.drillinginfo.com\lease_data_entry\data_sources\ok_county_records\ok\okmulgee\f44f
f4596b2e-b907-47db-810f-25964c2434a0,COMANCHE,OK,\\smb.dc2isilon.na.drillinginfo.com\lease_data_entry\data_sources\ok_county_records\ok\comanche\f459
f4678ef0-a90c-4022-b4d9-21e79545a0aa,CARTER,OK,s3://enverus-courthouse-prod-chd-plants/ok/carter/f467/f4678ef0-a90c-4022-b4d9-21e79545a0aa.pdf
f471fe24-34d8-45ea-a08c-8fac1e0700ca,WOODWARD,OK,s3://enverus-courthouse-prod-chd-plants/ok/woodward/f471/f471fe24-34d8-45ea-a08c-8fac1e0700ca.pdf
f474b5a1-37c8-47c6-8d1f-5ea0709d0543,PONTOTOC,OK,\\smb.dc2isilon.na.drillinginfo.com\lease_data_entry\data_sources\ok_county_records\ok\pontotoc\f474
f482849a-e46e-4ad6-b243-6d51664581ca,MCCLAIN,OK,s3://enverus-courthouse-prod-chd-plants/ok/mcclain/f482/f482849a-e46e-4ad6-b243-6d51664581ca.pdf
f49c83a0-b295-4c8b-9bc9-327c93f9aeff,LOVE,OK,\\smb.dc2isilon.na.drillinginfo.com\lease_data_entry\data_sources\ok_county_records\ok\love\f49c
f4b7761b-a6e1-46b9-834d-7597bc031530,LOGAN,OK,\\smb.dc2isilon.na.drillinginfo.com\lease_data_entry\data_sources\ok_county_records\ok\logan\f4b7
f4ceb54f-5a34-4454-8956-25063e9a256c,CARTER,OK,s3://enverus-courthouse-prod-chd-plants/ok/carter/f4ce/f4ceb54f-5a34-4454-8956-25063e9a256c.pdf
f4e93ace-cffe-4a23-9573-9d1189a3e98e,GARVIN,OK,s3://enverus-courthouse-prod-chd-plants/ok/garvin/f4e9/f4e93ace-cffe-4a23-9573-9d1189a3e98e.pdf
f4f2d99c-e91a-4dd2-8e2b-4457646f7de2,BECKHAM,OK,\\smb.dc2isilon.na.drillinginfo.com\lease_data_entry\data_sources\ok_county_records\ok\beckham\f4f2
f4fc3090-6513-402d-9bf2-78289433c990,ELLIS,OK,s3://enverus-courthouse-prod-chd-plants/ok/ellis/f4fc/f4fc3090-6513-402d-9bf2-78289433c990.pdf
f4ff1517-79f7-4e64-9e12-6fd323dd50e0,GARVIN,OK,\\smb.dc2isilon.na.drillinginfo.com\lease_data_entry\data_sources\ok_county_records\ok\garvin\f4ff
f4ffc443-5c2f-49a3-b0b1-a3c017455432,MAJOR,OK,\\smb.dc2isilon.na.drillinginfo.com\lease_data_entry\data_sources\ok_county_records\ok\major\f4ff
f535df02-50cc-4453-9da8-0cca319844ee,CARTER,OK,s3://enverus-courthouse-prod-chd-plants/ok/carter/f535/f535df02-50cc-4453-9da8-0cca319844ee.pdf
f554c2f2-3c39-41f8-9ba9-a40027c5fc52,LOGAN,OK,\\smb.dc2isilon.na.drillinginfo.com\lease_data_entry\data_sources\ok_county_records\ok\logan\f554
f55ca5d6-1f31-40f9-8436-35d789ed3a9c,DEWEY,OK,s3://enverus-courthouse-prod-chd-plants/ok/dewey/f55c/f55ca5d6-1f31-40f9-8436-35d789ed3a9c.pdf
f56eb8aa-42b5-49c0-8f49-4756c25e9561,LOVE,OK,s3://enverus-courthouse-prod-chd-plants/ok/love/f56e/f56eb8aa-42b5-49c0-8f49-4756c25e9561.pdf
f576bf1e-9014-4dba-ab25-81c486e43a7b,KINGFISHER,OK,s3://enverus-courthouse-prod-chd-plants/ok/kingfisher/f576/f576bf1e-9014-4dba-ab25-81c486e43a7b.pdf
f5773073-cd90-4202-a271-8e0153a47d33,HUGHES,OK,\\smb.dc2isilon.na.drillinginfo.com\lease_data_entry\data_sources\ok_county_records\ok\hughes\f577
f5a97e87-d270-4ff7-ae11-2a2d9d111b71,COMANCHE,OK,\\smb.dc2isilon.na.drillinginfo.com\lease_data_entry\data_sources\ok_county_records\ok\comanche\f5a9
f5b6cf17-f2f5-4bc6-8160-1bb7c9459a90,KINGFISHER,OK,\\smb.dc2isilon.na.drillinginfo.com\lease_data_entry\data_sources\ok_county_records\ok\kingfisher\f5b6
f5c260ac-133d-4921-a246-a06c4a6b8890,LATIMER,OK,s3://enverus-courthouse-prod-chd-plants/ok/latimer/f5c2/f5c260ac-133d-4921-a246-a06c4a6b8890.pdf
f5dc648e-f21d-4612-8adc-546818385990,MAJOR,OK,s3://enverus-courthouse-prod-chd-plants/ok/major/f5dc/f5dc648e-f21d-4612-8adc-546818385990.pdf
f5f1b5be-badc-49e2-b42b-2b3266ee0e21,MCCLAIN,OK,s3://enverus-courthouse-prod-chd-plants/ok/mcclain/f5f1/f5f1b5be-badc-49e2-b42b-2b3266ee0e21.pdf
f5fb7908-402f-4d5a-ae72-b4c6aa5f9964,STEPHENS,OK,\\smb.dc2isilon.na.drillinginfo.com\lease_data_entry\data_sources\ok_county_records\ok\stephens\f5fb
f5fbb646-6f1d-4786-89e4-730a95bd439c,CARTER,OK,\\smb.dc2isilon.na.drillinginfo.com\lease_data_entry\data_sources\ok_county_records\ok\carter\f5fb
f61278c5-5be4-4113-870c-86305d4ac142,ROGER MILLS,OK,s3://enverus-courthouse-prod-chd-plants/ok/roger mills/f612/f61278c5-5be4-4113-870c-86305d4ac142.pdf
f61a29ac-0c9e-4e4f-8d31-6da738403310,LOGAN,OK,\\smb.dc2isilon.na.drillinginfo.com\lease_data_entry\data_sources\ok_county_records\ok\logan\f61a
f629a9ca-b481-4972-9c75-3a394f8eb82e,GARVIN,OK,s3://enverus-courthouse-prod-chd-plants/ok/garvin/f629/f629a9ca-b481-4972-9c75-3a394f8eb82e.pdf
f6399042-9a56-4aee-abf8-daf00b0f1df2,ELLIS,OK,s3://enverus-courthouse-prod-chd-plants/ok/ellis/f639/f6399042-9a56-4aee-abf8-daf00b0f1df2.pdf
f6438158-0934-4a0b-829a-7c7d65c73a7a,ELLIS,OK,s3://enverus-courthouse-prod-chd-plants/ok/ellis/f643/f6438158-0934-4a0b-829a-7c7d65c73a7a.pdf
f64430c3-5ba9-4239-8ba9-f373f6bf47e5,LEFLORE,OK,s3://enverus-courthouse-prod-chd-plants/ok/leflore/f644/f64430c3-5ba9-4239-8ba9-f373f6bf47e5.pdf
f65832d0-5af5-4d15-ac40-679cb35f3bfa,SEMINOLE,OK,\\smb.dc2isilon.na.drillinginfo.com\lease_data_entry\data_sources\ok_county_records\ok\seminole\f658
f65d4cf9-c09b-4580-ab89-7ded544da7f0,CARTER,OK,\\smb.dc2isilon.na.drillinginfo.com\lease_data_entry\data_sources\ok_county_records\ok\carter\f65d
f671b71d-a075-400f-bfa2-d2d43036f23f,WOODWARD,OK,s3://enverus-courthouse-prod-chd-plants/ok/woodward/f671/f671b71d-a075-400f-bfa2-d2d43036f23f.pdf
f6896830-762f-4974-98da-8d4d7f1564ce,PONTOTOC,OK,\\smb.dc2isilon.na.drillinginfo.com\lease_data_entry\data_sources\ok_county_records\ok\pontotoc\f689
f689ad65-fc4d-4459-a259-06a6f194ae37,ELLIS,OK,s3://enverus-courthouse-prod-chd-plants/ok/ellis/f689/f689ad65-fc4d-4459-a259-06a6f194ae37.pdf
f68cac43-9c50-4867-948c-229c8cb678b4,KIOWA,OK,s3://enverus-courthouse-prod-chd-plants/ok/kiowa/f68c/f68cac43-9c50-4867-948c-229c8cb678b4.pdf
f696e990-fdc9-4a8d-a7ff-bed27f6c5678,BECKHAM,OK,\\smb.dc2isilon.na.drillinginfo.com\lease_data_entry\data_sources\ok_county_records\ok\beckham\f696
f69e76ba-f682-4e70-9b5d-9c1dcab3f103,CARTER,OK,s3://enverus-courthouse-prod-chd-plants/ok/carter/f69e/f69e76ba-f682-4e70-9b5d-9c1dcab3f103.pdf
f6a25d83-8ddf-40bd-bf26-1eba46fcaadf,CARTER,OK,\\smb.dc2isilon.na.drillinginfo.com\lease_data_entry\data_sources\ok_county_records\ok\carter\f6a2
f6c889e9-8ae5-43e9-9ea3-dbffb4ce9880,BECKHAM,OK,\\smb.dc2isilon.na.drillinginfo.com\lease_data_entry\data_sources\ok_county_records\ok\beckham\f6c8
f6e35628-9ad6-42c8-843c-6232d10499c3,MCINTOSH,OK,\\smb.dc2isilon.na.drillinginfo.com\lease_data_entry\data_sources\ok_county_records\ok\mcintosh\f6e3
f6ebb5fb-c635-462e-a2e2-3e93fbd974db,COMANCHE,OK,\\smb.dc2isilon.na.drillinginfo.com\lease_data_entry\data_sources\ok_county_records\ok\comanche\f6eb
f6f71305-f804-4524-be6c-f4e3c6661f8b,TEXAS,OK,\\smb.dc2isilon.na.drillinginfo.com\lease_data_entry\data_sources\ok_county_records\ok\texas\f6f7
f70bf964-f37d-473c-8070-2ca96ad01515,COMANCHE,OK,\\smb.dc2isilon.na.drillinginfo.com\lease_data_entry\data_sources\ok_county_records\ok\comanche\f70b
f70c471b-0b76-48fb-b947-79595d783fa5,BECKHAM,OK,\\smb.dc2isilon.na.drillinginfo.com\lease_data_entry\data_sources\ok_county_records\ok\beckham\f70c
f70db9aa-bc23-43e5-a697-54e9c531d198,MUSKOGEE,OK,\\smb.dc2isilon.na.drillinginfo.com\lease_data_entry\data_sources\ok_county_records\ok\muskogee\f70d
f70e4e68-f683-480e-9f4a-001ec14d29bd,OKMULGEE,OK,\\smb.dc2isilon.na.drillinginfo.com\lease_data_entry\data_sources\ok_county_records\ok\okmulgee\f70e
f7145bb2-06dc-4659-b8bc-bf870f8f4a30,STEPHENS,OK,\\smb.dc2isilon.na.drillinginfo.com\lease_data_entry\data_sources\ok_county_records\ok\stephens\f714
f715f12c-140e-4887-a8c2-a7b7ba15a4d9,LOGAN,OK,s3://enverus-courthouse-prod-chd-plants/ok/logan/f715/f715f12c-140e-4887-a8c2-a7b7ba15a4d9.pdf
f72c35c5-ccb9-409d-b3a8-c91b04c0cc38,LOGAN,OK,\\smb.dc2isilon.na.drillinginfo.com\lease_data_entry\data_sources\ok_county_records\ok\logan\f72c
f736a58c-bd0e-4bba-a43b-81e8cbce2d3f,KAY,OK,s3://enverus-courthouse-prod-chd-plants/ok/kay/f736/f736a58c-bd0e-4bba-a43b-81e8cbce2d3f.pdf
f748ecdf-0f85-452c-9bcf-9f7162c757da,CUSTER,OK,s3://enverus-courthouse-prod-chd-plants/ok/custer/f748/f748ecdf-0f85-452c-9bcf-9f7162c757da.pdf
f758a000-4c7e-402a-bc10-b918c0ea9dac,ELLIS,OK,s3://enverus-courthouse-prod-chd-plants/ok/ellis/f758/f758a000-4c7e-402a-bc10-b918c0ea9dac.pdf
f7700a9c-4969-4bc5-b052-596e2d53fa84,LINCOLN,OK,\\smb.dc2isilon.na.drillinginfo.com\lease_data_entry\data_sources\ok_county_records\ok\lincoln\f770
f7703a5a-105f-4f4b-b4c0-03c6694f3f6e,BECKHAM,OK,\\smb.dc2isilon.na.drillinginfo.com\lease_data_entry\data_sources\ok_county_records\ok\beckham\f770
f77455e5-9d09-4adc-b081-1d8719cd2afa,MAJOR,OK,s3://enverus-courthouse-prod-chd-plants/ok/major/f774/f77455e5-9d09-4adc-b081-1d8719cd2afa.pdf
f7ae38f5-e222-4342-96c7-050cf648b486,ROGER MILLS,OK,s3://enverus-courthouse-prod-chd-plants/ok/roger mills/f7ae/f7ae38f5-e222-4342-96c7-050cf648b486.pdf
f7cb79a4-0ca0-462a-8b64-247d98e2ba65,OKMULGEE,OK,\\smb.dc2isilon.na.drillinginfo.com\lease_data_entry\data_sources\ok_county_records\ok\okmulgee\f7cb
f7e0e109-0e71-4980-a0fc-31fc5b97d2ac,LOGAN,OK,\\smb.dc2isilon.na.drillinginfo.com\lease_data_entry\data_sources\ok_county_records\ok\logan\f7e0
f7e42834-c644-444e-afbf-89cc274c5476,LOGAN,OK,\\smb.dc2isilon.na.drillinginfo.com\lease_data_entry\data_sources\ok_county_records\ok\logan\f7e4
f7ed6190-35fe-44c0-897e-a8f6c7eb41ed,SEMINOLE,OK,\\smb.dc2isilon.na.drillinginfo.com\lease_data_entry\data_sources\ok_county_records\ok\seminole\f7ed
f7eeb295-8db1-4376-9cd7-0e62ed12e8c7,MCCLAIN,OK,s3://enverus-courthouse-prod-chd-plants/ok/mcclain/f7ee/f7eeb295-8db1-4376-9cd7-0e62ed12e8c7.pdf
f7f860b5-0236-4faf-be98-192f9ae90c1a,COMANCHE,OK,\\smb.dc2isilon.na.drillinginfo.com\lease_data_entry\data_sources\ok_county_records\ok\comanche\f7f8
f8002518-fd5d-4800-baf3-f49c390ddddf,MCCLAIN,OK,s3://enverus-courthouse-prod-chd-plants/ok/mcclain/f800/f8002518-fd5d-4800-baf3-f49c390ddddf.pdf
f800e5c3-4f55-4707-951b-8cf2c6dde913,LOGAN,OK,\\smb.dc2isilon.na.drillinginfo.com\lease_data_entry\data_sources\ok_county_records\ok\logan\f800
f8058dd3-a062-43de-8faf-63d290a7eb34,BLAINE,OK,s3://enverus-courthouse-prod-chd-plants/ok/blaine/f805/f8058dd3-a062-43de-8faf-63d290a7eb34.pdf
f8240da7-26e8-4b67-aaf5-9a3cce813d10,OKMULGEE,OK,\\smb.dc2isilon.na.drillinginfo.com\lease_data_entry\data_sources\ok_county_records\ok\okmulgee\f824
f826c321-3f28-4544-8e9f-d3117d406f4e,COAL,OK,s3://enverus-courthouse-prod-chd-plants/ok/coal/f826/f826c321-3f28-4544-8e9f-d3117d406f4e.pdf
f852ada9-4dd1-4cc9-b939-5c41ae3f6897,MAJOR,OK,s3://enverus-courthouse-prod-chd-plants/ok/major/f852/f852ada9-4dd1-4cc9-b939-5c41ae3f6897.pdf
f8566ebc-d4f0-4cba-9731-8498af80334c,KAY,OK,s3://enverus-courthouse-prod-chd-plants/ok/kay/f856/f8566ebc-d4f0-4cba-9731-8498af80334c.pdf
f8955bbe-06cd-4c3e-bf08-b01ef0216763,CARTER,OK,s3://enverus-courthouse-prod-chd-plants/ok/carter/f895/f8955bbe-06cd-4c3e-bf08-b01ef0216763.pdf
f899b705-27f9-4a0a-b2d6-e6ff0a9df3df,ELLIS,OK,s3://enverus-courthouse-prod-chd-plants/ok/ellis/f899/f899b705-27f9-4a0a-b2d6-e6ff0a9df3df.pdf
f89aac18-4e16-4cb7-8cde-76ae669662fd,LATIMER,OK,s3://enverus-courthouse-prod-chd-plants/ok/latimer/f89a/f89aac18-4e16-4cb7-8cde-76ae669662fd.pdf
f8b8e727-886f-45cd-85c7-c7d4fe67bab9,OKMULGEE,OK,\\smb.dc2isilon.na.drillinginfo.com\lease_data_entry\data_sources\ok_county_records\ok\okmulgee\f8b8
f8edda46-fcc4-4b11-a6cd-257ffee65196,CUSTER,OK,s3://enverus-courthouse-prod-chd-plants/ok/custer/f8ed/f8edda46-fcc4-4b11-a6cd-257ffee65196.pdf
f8efc3da-3f22-4bbc-b1db-32f157986fe3,CARTER,OK,s3://enverus-courthouse-prod-chd-plants/ok/carter/f8ef/f8efc3da-3f22-4bbc-b1db-32f157986fe3.pdf
f905af07-fbc3-4928-a5ef-c2f160294773,CARTER,OK,s3://enverus-courthouse-prod-chd-plants/ok/carter/f905/f905af07-fbc3-4928-a5ef-c2f160294773.pdf
f9162279-e80f-4295-bc14-6e8e4ec2747f,MUSKOGEE,OK,\\smb.dc2isilon.na.drillinginfo.com\lease_data_entry\data_sources\ok_county_records\ok\muskogee\f916
f917146b-6a7c-4413-803f-d881a066a166,LOGAN,OK,s3://enverus-courthouse-prod-chd-plants/ok/logan/f917/f917146b-6a7c-4413-803f-d881a066a166.pdf
f9172f14-f3d1-4c99-a883-2a0fdecfaa99,ELLIS,OK,s3://enverus-courthouse-prod-chd-plants/ok/ellis/f917/f9172f14-f3d1-4c99-a883-2a0fdecfaa99.pdf
f91e1991-2f9d-4ead-b892-84274692a662,LOGAN,OK,\\smb.dc2isilon.na.drillinginfo.com\lease_data_entry\data_sources\ok_county_records\ok\logan\f91e
f93f1d12-f7f1-450e-aced-daa6706a18d8,LOGAN,OK,s3://enverus-courthouse-prod-chd-plants/ok/logan/f93f/f93f1d12-f7f1-450e-aced-daa6706a18d8.pdf
f9445948-ed47-42a4-a2d9-429e692acda6,COMANCHE,OK,\\smb.dc2isilon.na.drillinginfo.com\lease_data_entry\data_sources\ok_county_records\ok\comanche\f944
f967012f-2d5c-4588-bec1-a6844570d433,WOODWARD,OK,\\smb.dc2isilon.na.drillinginfo.com\lease_data_entry\data_sources\ok_county_records\ok\woodward\f967
f96e94a0-6433-48a8-9470-e5202dab79c0,CARTER,OK,\\smb.dc2isilon.na.drillinginfo.com\lease_data_entry\data_sources\ok_county_records\ok\carter\f96e
f976cf2e-0c6b-4384-ab5e-986293b052e1,SEMINOLE,OK,s3://enverus-courthouse-prod-chd-plants/ok/seminole/f976/f976cf2e-0c6b-4384-ab5e-986293b052e1.pdf
f981f14e-d452-46d5-8e83-efba4ffa3e9c,KINGFISHER,OK,s3://enverus-courthouse-prod-chd-plants/ok/kingfisher/f981/f981f14e-d452-46d5-8e83-efba4ffa3e9c.pdf
f9e39595-fa68-4c0a-ac43-604f868404a7,LOGAN,OK,\\smb.dc2isilon.na.drillinginfo.com\lease_data_entry\data_sources\ok_county_records\ok\logan\f9e3
f9ead209-5639-4d50-9322-d78b3f74a285,LOGAN,OK,\\smb.dc2isilon.na.drillinginfo.com\lease_data_entry\data_sources\ok_county_records\ok\logan\f9ea
f9f3161a-dbf1-4188-853e-996da0204c43,COAL,OK,\\smb.dc2isilon.na.drillinginfo.com\lease_data_entry\data_sources\ok_county_records\ok\coal\f9f3
fa00ddca-6366-40b0-879d-aff4f06ed10e,WASHINGTON,OK,s3://enverus-courthouse-prod-chd-plants/ok/washington/fa00/fa00ddca-6366-40b0-879d-aff4f06ed10e.pdf
fa0a9832-1ae4-4ac3-a2f9-8ef072fdcaff,CARTER,OK,\\smb.dc2isilon.na.drillinginfo.com\lease_data_entry\data_sources\ok_county_records\ok\carter\fa0a
fa0d1039-8999-42b6-8037-cb901e61abde,CUSTER,OK,\\smb.dc2isilon.na.drillinginfo.com\lease_data_entry\data_sources\ok_county_records\ok\custer\fa0d
fa1f2a8a-204e-4643-a0f0-5781ecf33c1e,MCCLAIN,OK,s3://enverus-courthouse-prod-chd-plants/ok/mcclain/fa1f/fa1f2a8a-204e-4643-a0f0-5781ecf33c1e.pdf
fa248395-0ad8-46f6-853a-9782d53a8218,CUSTER,OK,s3://enverus-courthouse-prod-chd-plants/ok/custer/fa24/fa248395-0ad8-46f6-853a-9782d53a8218.pdf
fa26488a-bb93-47eb-a729-71aea61ec49d,LINCOLN,OK,s3://enverus-courthouse-prod-chd-plants/ok/lincoln/fa26/fa26488a-bb93-47eb-a729-71aea61ec49d.pdf
fa406984-dfec-449c-aaa9-a6849e817942,LOGAN,OK,\\smb.dc2isilon.na.drillinginfo.com\lease_data_entry\data_sources\ok_county_records\ok\logan\fa40
fa4ad3b7-ef29-4faf-b417-5c2cfb3af015,LOGAN,OK,\\smb.dc2isilon.na.drillinginfo.com\lease_data_entry\data_sources\ok_county_records\ok\logan\fa4a
fa547a5c-e2f4-46af-b5ff-6575c9c71d15,SEMINOLE,OK,s3://enverus-courthouse-prod-chd-plants/ok/seminole/fa54/fa547a5c-e2f4-46af-b5ff-6575c9c71d15.pdf
fa564d70-f572-42a8-b876-c48fd7a3507b,CUSTER,OK,\\smb.dc2isilon.na.drillinginfo.com\lease_data_entry\data_sources\ok_county_records\ok\custer\fa56
fa66ee82-5538-429a-8e04-415288a5e51b,KINGFISHER,OK,s3://enverus-courthouse-prod-chd-plants/ok/kingfisher/fa66/fa66ee82-5538-429a-8e04-415288a5e51b.pdf
fa693b03-8854-4725-98a7-2f5cdf84556f,PONTOTOC,OK,\\smb.dc2isilon.na.drillinginfo.com\lease_data_entry\data_sources\ok_county_records\ok\pontotoc\fa69
fa733d6d-6b02-490a-b981-b668555cfb26,JEFFERSON,OK,s3://enverus-courthouse-prod-chd-plants/ok/jefferson/fa73/fa733d6d-6b02-490a-b981-b668555cfb26.pdf
fa7588a4-2e4a-45c6-92d5-c1264d3e49cf,STEPHENS,OK,\\smb.dc2isilon.na.drillinginfo.com\lease_data_entry\data_sources\ok_county_records\ok\stephens\fa75
fa79410b-0b6e-4ced-84ad-073e6bb89ecd,CARTER,OK,\\smb.dc2isilon.na.drillinginfo.com\lease_data_entry\data_sources\ok_county_records\ok\carter\fa79
fa7a6199-2f74-4b21-8e02-40e795ba8782,CARTER,OK,\\smb.dc2isilon.na.drillinginfo.com\lease_data_entry\data_sources\ok_county_records\ok\carter\fa7a
fa82bc92-6db2-41f1-a764-424cc2ab9cc5,GARVIN,OK,s3://enverus-courthouse-prod-chd-plants/ok/garvin/fa82/fa82bc92-6db2-41f1-a764-424cc2ab9cc5.pdf
fa88b2af-50b7-4eec-85cc-34f5a66c0275,ELLIS,OK,\\smb.dc2isilon.na.drillinginfo.com\lease_data_entry\data_sources\ok_county_records\ok\ellis\fa88
fa8e97b4-b71b-4ce9-8db4-04ce14fec678,MARSHALL,OK,s3://enverus-courthouse-prod-chd-plants/ok/marshall/fa8e/fa8e97b4-b71b-4ce9-8db4-04ce14fec678.pdf
faa9036b-7b7a-471f-8def-8e6365475996,GARVIN,OK,s3://enverus-courthouse-prod-chd-plants/ok/garvin/faa9/faa9036b-7b7a-471f-8def-8e6365475996.pdf
faabc9ee-80c2-4888-823f-72d1a577420d,SEMINOLE,OK,\\smb.dc2isilon.na.drillinginfo.com\lease_data_entry\data_sources\ok_county_records\ok\seminole\faab
fabd4a9b-09a8-4e85-a6f5-c8140b3a9560,COMANCHE,OK,\\smb.dc2isilon.na.drillinginfo.com\lease_data_entry\data_sources\ok_county_records\ok\comanche\fabd
fad78667-7982-4098-a47d-a2cfb28d4ebe,LOGAN,OK,\\smb.dc2isilon.na.drillinginfo.com\lease_data_entry\data_sources\ok_county_records\ok\logan\fad7
fadeb73f-f2ea-4f42-80bb-f405feed9042,STEPHENS,OK,s3://enverus-courthouse-prod-chd-plants/ok/stephens/fade/fadeb73f-f2ea-4f42-80bb-f405feed9042.pdf
fae4704c-f743-4fdd-be35-f5cc7e3414ba,PONTOTOC,OK,\\smb.dc2isilon.na.drillinginfo.com\lease_data_entry\data_sources\ok_county_records\ok\pontotoc\fae4
faecf8b5-c1de-4306-a8c9-065b9a25ac01,COAL,OK,s3://enverus-courthouse-prod-chd-plants/ok/coal/faec/faecf8b5-c1de-4306-a8c9-065b9a25ac01.pdf
faefb46b-39a5-491a-b9e2-34465d300fe3,BLAINE,OK,s3://enverus-courthouse-prod-chd-plants/ok/blaine/faef/faefb46b-39a5-491a-b9e2-34465d300fe3.pdf
faf033aa-bbcc-435d-9b20-dd9b5ca1429e,COAL,OK,\\smb.dc2isilon.na.drillinginfo.com\lease_data_entry\data_sources\ok_county_records\ok\coal\faf0
fb1cba45-e3c8-420c-b06a-ce57ad576ea9,ELLIS,OK,s3://enverus-courthouse-prod-chd-plants/ok/ellis/fb1c/fb1cba45-e3c8-420c-b06a-ce57ad576ea9.pdf
fb1fc356-498f-41ff-aba6-2bf9c076cd9f,ROGER MILLS,OK,s3://enverus-courthouse-prod-chd-plants/ok/roger mills/fb1f/fb1fc356-498f-41ff-aba6-2bf9c076cd9f.pdf
fb212c38-22af-4446-b4e1-85b1c55b9f1b,GARVIN,OK,s3://enverus-courthouse-prod-chd-plants/ok/garvin/fb21/fb212c38-22af-4446-b4e1-85b1c55b9f1b.pdf
fb2f98e6-012a-43f0-8e36-cc24a5d1ca19,CUSTER,OK,s3://enverus-courthouse-prod-chd-plants/ok/custer/fb2f/fb2f98e6-012a-43f0-8e36-cc24a5d1ca19.pdf
fb3a6859-2533-42d6-9a79-c56d9103ea46,LINCOLN,OK,\\smb.dc2isilon.na.drillinginfo.com\lease_data_entry\data_sources\ok_county_records\ok\lincoln\fb3a
fb4736a0-1c13-4dc0-abbd-8c27ec1da5fb,COMANCHE,OK,\\smb.dc2isilon.na.drillinginfo.com\lease_data_entry\data_sources\ok_county_records\ok\comanche\fb47
fb58dd5a-f9eb-4c30-bc4d-88d6ce1d1392,DEWEY,OK,\\smb.dc2isilon.na.drillinginfo.com\lease_data_entry\data_sources\ok_county_records\ok\dewey\fb58
fb614bb1-1bfd-4290-afe6-476b62446b6a,WASHITA,OK,\\smb.dc2isilon.na.drillinginfo.com\lease_data_entry\data_sources\ok_county_records\ok\washita\fb61
fb82dc98-b2c0-4c0a-94a4-bce696f1499f,LOGAN,OK,s3://enverus-courthouse-prod-chd-plants/ok/logan/fb82/fb82dc98-b2c0-4c0a-94a4-bce696f1499f.pdf
fb8d0d51-792c-46ca-83c5-7e889dbfebf9,BECKHAM,OK,\\smb.dc2isilon.na.drillinginfo.com\lease_data_entry\data_sources\ok_county_records\ok\beckham\fb8d
fbbb3037-27d2-411e-897d-2887c5425b42,MARSHALL,OK,\\smb.dc2isilon.na.drillinginfo.com\lease_data_entry\data_sources\ok_county_records\ok\marshall\fbbb
fbe21d27-44dd-41af-9177-09cdbcd5edc2,LINCOLN,OK,\\smb.dc2isilon.na.drillinginfo.com\lease_data_entry\data_sources\ok_county_records\ok\lincoln\fbe2
fbe5a27c-519a-46dc-9a95-05bf4832d188,KINGFISHER,OK,s3://enverus-courthouse-prod-chd-plants/ok/kingfisher/fbe5/fbe5a27c-519a-46dc-9a95-05bf4832d188.pdf
fbec4e5c-cac8-4574-afb6-b547b19f6d08,PITTSBURG,OK,s3://enverus-courthouse-prod-chd-plants/ok/pittsburg/fbec/fbec4e5c-cac8-4574-afb6-b547b19f6d08.pdf
fc01ada9-1bc5-448b-8701-b2a7523e1ab6,COMANCHE,OK,\\smb.dc2isilon.na.drillinginfo.com\lease_data_entry\data_sources\ok_county_records\ok\comanche\fc01
fc0f8513-4507-46b2-952e-95a6cc596eed,MURRAY,OK,s3://enverus-courthouse-prod-chd-plants/ok/murray/fc0f/fc0f8513-4507-46b2-952e-95a6cc596eed.pdf
fc281b89-9c43-4987-9be4-11f31b07efb3,CUSTER,OK,\\smb.dc2isilon.na.drillinginfo.com\lease_data_entry\data_sources\ok_county_records\ok\custer\fc28
fc3443b3-1ccc-4fbd-9e34-00f07b378fc5,GARVIN,OK,s3://enverus-courthouse-prod-chd-plants/ok/garvin/fc34/fc3443b3-1ccc-4fbd-9e34-00f07b378fc5.pdf
fc3a952d-3f40-412f-aabc-123e59ce08c8,MUSKOGEE,OK,\\smb.dc2isilon.na.drillinginfo.com\lease_data_entry\data_sources\ok_county_records\ok\muskogee\fc3a
fc480f79-37c7-4300-ba25-7b32e11cd689,LINCOLN,OK,s3://enverus-courthouse-prod-chd-plants/ok/lincoln/fc48/fc480f79-37c7-4300-ba25-7b32e11cd689.pdf
fc590e5e-ebab-4a67-b833-eb4dbd117d6a,LOVE,OK,s3://enverus-courthouse-prod-chd-plants/ok/love/fc59/fc590e5e-ebab-4a67-b833-eb4dbd117d6a.pdf
fc79c1b9-5304-4cef-b9f8-a2c4afae4b39,COAL,OK,s3://enverus-courthouse-prod-chd-plants/ok/coal/fc79/fc79c1b9-5304-4cef-b9f8-a2c4afae4b39.pdf
fc7b363f-5374-4455-a51c-069f7168abf8,COAL,OK,s3://enverus-courthouse-prod-chd-plants/ok/coal/fc7b/fc7b363f-5374-4455-a51c-069f7168abf8.pdf
fc8014e5-cc48-4cf1-8842-6772945825ff,BECKHAM,OK,\\smb.dc2isilon.na.drillinginfo.com\lease_data_entry\data_sources\ok_county_records\ok\beckham\fc80
fc830e8d-ca08-4e99-b9c1-02692c8d944e,ROGER MILLS,OK,s3://enverus-courthouse-prod-chd-plants/ok/roger mills/fc83/fc830e8d-ca08-4e99-b9c1-02692c8d944e.pdf
fcaa3764-f164-42f1-9b15-2242f7a57b8d,PAWNEE,OK,\\smb.dc2isilon.na.drillinginfo.com\lease_data_entry\data_sources\ok_county_records\ok\pawnee\fcaa
fcb7ed5f-4dae-4713-8e9a-a44f616f937d,MARSHALL,OK,s3://enverus-courthouse-prod-chd-plants/ok/marshall/fcb7/fcb7ed5f-4dae-4713-8e9a-a44f616f937d.pdf
fcb8864f-8895-4b08-b725-236a7d22d201,CARTER,OK,s3://enverus-courthouse-prod-chd-plants/ok/carter/fcb8/fcb8864f-8895-4b08-b725-236a7d22d201.pdf
fcc37fde-6791-40ad-9f28-d5fa84a2b556,PONTOTOC,OK,\\smb.dc2isilon.na.drillinginfo.com\lease_data_entry\data_sources\ok_county_records\ok\pontotoc\fcc3
fcd87b70-18ed-4fdb-9e99-b4e1cbcf67dc,LOGAN,OK,s3://enverus-courthouse-prod-chd-plants/ok/logan/fcd8/fcd87b70-18ed-4fdb-9e99-b4e1cbcf67dc.pdf
fcdcc28f-190d-45c7-84a8-08607264f370,ROGER MILLS,OK,s3://enverus-courthouse-prod-chd-plants/ok/roger mills/fcdc/fcdcc28f-190d-45c7-84a8-08607264f370.pdf
fcfbc5bb-8d1d-4d6d-8076-adad403a8b17,LEFLORE,OK,\\smb.dc2isilon.na.drillinginfo.com\lease_data_entry\data_sources\ok_county_records\ok\leflore\fcfb
fd0731b6-2c27-4ecb-bb19-52d1fe038ea9,GARVIN,OK,s3://enverus-courthouse-prod-chd-plants/ok/garvin/fd07/fd0731b6-2c27-4ecb-bb19-52d1fe038ea9.pdf
fd0d5505-0c48-445d-a707-828bfdcc29cb,OKMULGEE,OK,\\smb.dc2isilon.na.drillinginfo.com\lease_data_entry\data_sources\ok_county_records\ok\okmulgee\fd0d
fd1fde54-897d-44b8-82a9-06e45db18add,WASHINGTON,OK,\\smb.dc2isilon.na.drillinginfo.com\lease_data_entry\data_sources\ok_county_records\ok\washington\fd1f
fd30f090-0ffb-4ee8-8e1f-687d612792b6,HUGHES,OK,s3://enverus-courthouse-prod-chd-plants/ok/hughes/fd30/fd30f090-0ffb-4ee8-8e1f-687d612792b6.pdf
fd3213d1-c51e-4454-b380-8de685b4a36a,MARSHALL,OK,s3://enverus-courthouse-prod-chd-plants/ok/marshall/fd32/fd3213d1-c51e-4454-b380-8de685b4a36a.pdf
fd3ae64b-c39e-44da-87cf-b9ebdf9be3d6,GARVIN,OK,s3://enverus-courthouse-prod-chd-plants/ok/garvin/fd3a/fd3ae64b-c39e-44da-87cf-b9ebdf9be3d6.pdf
fd3b0716-911d-4de4-a19d-f7bf2463844e,CUSTER,OK,s3://enverus-courthouse-prod-chd-plants/ok/custer/fd3b/fd3b0716-911d-4de4-a19d-f7bf2463844e.pdf
fd3c236a-7e63-4efe-b99a-e1e576b97cab,OKMULGEE,OK,s3://enverus-courthouse-prod-chd-plants/ok/okmulgee/fd3c/fd3c236a-7e63-4efe-b99a-e1e576b97cab.pdf
fd3cbd4d-0092-4ceb-a1ef-8ae496df4b80,OKMULGEE,OK,\\smb.dc2isilon.na.drillinginfo.com\lease_data_entry\data_sources\ok_county_records\ok\okmulgee\fd3c
fd569500-e233-4bbe-973f-93cd6ac7d746,OKMULGEE,OK,\\smb.dc2isilon.na.drillinginfo.com\lease_data_entry\data_sources\ok_county_records\ok\okmulgee\fd56
fd5e7312-341d-412e-8033-2d4ae21ee504,GARVIN,OK,s3://enverus-courthouse-prod-chd-plants/ok/garvin/fd5e/fd5e7312-341d-412e-8033-2d4ae21ee504.pdf
fd5f72aa-5458-4664-9019-5f4538ce94fa,CARTER,OK,s3://enverus-courthouse-prod-chd-plants/ok/carter/fd5f/fd5f72aa-5458-4664-9019-5f4538ce94fa.pdf
fd7671fa-dc35-448f-a73d-c0ba85f3f123,BLAINE,OK,s3://enverus-courthouse-prod-chd-plants/ok/blaine/fd76/fd7671fa-dc35-448f-a73d-c0ba85f3f123.pdf
fd917cae-b993-4ff5-b852-46d31dc25f9a,MCCLAIN,OK,s3://enverus-courthouse-prod-chd-plants/ok/mcclain/fd91/fd917cae-b993-4ff5-b852-46d31dc25f9a.pdf
fda43403-ac33-4e41-9145-f7a32f07eb43,SEMINOLE,OK,\\smb.dc2isilon.na.drillinginfo.com\lease_data_entry\data_sources\ok_county_records\ok\seminole\fda4
fdaba1af-addd-4c38-b0e7-0547c3265c46,LATIMER,OK,s3://enverus-courthouse-prod-chd-plants/ok/latimer/fdab/fdaba1af-addd-4c38-b0e7-0547c3265c46.pdf
fdb5c2f5-ee6b-4ee1-8e3a-d999e5c91678,CUSTER,OK,s3://enverus-courthouse-prod-chd-plants/ok/custer/fdb5/fdb5c2f5-ee6b-4ee1-8e3a-d999e5c91678.pdf
fdc0b1df-52f6-49e0-ac42-b2bf22dd0f24,PITTSBURG,OK,s3://enverus-courthouse-prod-chd-plants/ok/pittsburg/fdc0/fdc0b1df-52f6-49e0-ac42-b2bf22dd0f24.pdf
fdc8f75a-5772-4920-95f7-37496b4b3323,LOVE,OK,s3://enverus-courthouse-prod-chd-plants/ok/love/fdc8/fdc8f75a-5772-4920-95f7-37496b4b3323.pdf
fdedef8b-f2c0-4552-be53-9b136fc4a842,CARTER,OK,\\smb.dc2isilon.na.drillinginfo.com\lease_data_entry\data_sources\ok_county_records\ok\carter\fded
fdf1e8f7-89a0-4448-8fcb-a914b796a1bd,LOGAN,OK,s3://enverus-courthouse-prod-chd-plants/ok/logan/fdf1/fdf1e8f7-89a0-4448-8fcb-a914b796a1bd.pdf
fe0c3050-bcac-4635-9307-76b1ab2d8e4d,COMANCHE,OK,\\smb.dc2isilon.na.drillinginfo.com\lease_data_entry\data_sources\ok_county_records\ok\comanche\fe0c
fe0ef7b4-75fc-4864-be49-c5826ef2b276,WASHINGTON,OK,\\smb.dc2isilon.na.drillinginfo.com\lease_data_entry\data_sources\ok_county_records\ok\washington\fe0e
fe0f16d7-79fa-4d4d-8365-c338ce18a128,WASHITA,OK,s3://enverus-courthouse-prod-chd-plants/ok/washita/fe0f/fe0f16d7-79fa-4d4d-8365-c338ce18a128.pdf
fe2ba801-ae92-467f-8a07-aaced14ac915,ELLIS,OK,s3://enverus-courthouse-prod-chd-plants/ok/ellis/fe2b/fe2ba801-ae92-467f-8a07-aaced14ac915.pdf
fe421d43-7e72-4b68-ae36-4bd36e0f2dff,CARTER,OK,s3://enverus-courthouse-prod-chd-plants/ok/carter/fe42/fe421d43-7e72-4b68-ae36-4bd36e0f2dff.pdf
fe54934e-a2dd-46fb-8f2f-a26e2665ec77,WASHINGTON,OK,\\smb.dc2isilon.na.drillinginfo.com\lease_data_entry\data_sources\ok_county_records\ok\washington\fe54
fe7a5f79-9a4d-49b1-baeb-ad9dbbc09328,CUSTER,OK,\\smb.dc2isilon.na.drillinginfo.com\lease_data_entry\data_sources\ok_county_records\ok\custer\fe7a
fe867f44-82cb-41b5-9dc9-176dbe8850ae,LOGAN,OK,\\smb.dc2isilon.na.drillinginfo.com\lease_data_entry\data_sources\ok_county_records\ok\logan\fe86
fe97c48a-ce50-4bc2-9d3f-1d8366aa9115,MAJOR,OK,\\smb.dc2isilon.na.drillinginfo.com\lease_data_entry\data_sources\ok_county_records\ok\major\fe97
fe9b241b-39a3-4980-8250-3a5c08afeac7,JOHNSTON,OK,\\smb.dc2isilon.na.drillinginfo.com\lease_data_entry\data_sources\ok_county_records\ok\johnston\fe9b
fe9edf19-0365-4e3c-ab46-8adab63aea3c,ROGER MILLS,OK,s3://enverus-courthouse-prod-chd-plants/ok/roger mills/fe9e/fe9edf19-0365-4e3c-ab46-8adab63aea3c.pdf
fea71a8d-d9fb-4152-a31f-a541f22666d4,CARTER,OK,\\smb.dc2isilon.na.drillinginfo.com\lease_data_entry\data_sources\ok_county_records\ok\carter\fea7
fec0e233-5db3-47cc-bce3-17a4382bdf87,BLAINE,OK,\\smb.dc2isilon.na.drillinginfo.com\lease_data_entry\data_sources\ok_county_records\ok\blaine\fec0
fec59afc-e08c-46eb-93e5-7eface8feed3,WASHINGTON,OK,s3://enverus-courthouse-prod-chd-plants/ok/washington/fec5/fec59afc-e08c-46eb-93e5-7eface8feed3.pdf
fec87f4d-6302-465e-a191-9a6e081b589f,BECKHAM,OK,s3://enverus-courthouse-prod-chd-plants/ok/beckham/fec8/fec87f4d-6302-465e-a191-9a6e081b589f.pdf
fecaaec9-133e-4260-9f9a-0535fd6a4e24,MCCLAIN,OK,\\smb.dc2isilon.na.drillinginfo.com\lease_data_entry\data_sources\ok_county_records\ok\mcclain\feca
fedc9338-28e2-42e3-af13-c67865f6c9ae,MARSHALL,OK,s3://enverus-courthouse-prod-chd-plants/ok/marshall/fedc/fedc9338-28e2-42e3-af13-c67865f6c9ae.pdf
fee84231-9108-4554-9bfc-40f1b0b75192,BECKHAM,OK,\\smb.dc2isilon.na.drillinginfo.com\lease_data_entry\data_sources\ok_county_records\ok\beckham\fee8
feec5bab-6b37-49b5-877d-053a81a650df,MURRAY,OK,s3://enverus-courthouse-prod-chd-plants/ok/murray/feec/feec5bab-6b37-49b5-877d-053a81a650df.pdf
fefc42b0-b7fa-4710-9031-d618989c5dee,CUSTER,OK,s3://enverus-courthouse-prod-chd-plants/ok/custer/fefc/fefc42b0-b7fa-4710-9031-d618989c5dee.pdf
fefd9e5f-04d9-495c-acc1-61f7e0314e0c,BLAINE,OK,s3://enverus-courthouse-prod-chd-plants/ok/blaine/fefd/fefd9e5f-04d9-495c-acc1-61f7e0314e0c.pdf
ff166123-0f25-45d7-b9ba-6eeef2474cd5,CUSTER,OK,\\smb.dc2isilon.na.drillinginfo.com\lease_data_entry\data_sources\ok_county_records\ok\custer\ff16
ff1a0f8f-b146-4b47-bad5-04180c5ac9ac,MCINTOSH,OK,\\smb.dc2isilon.na.drillinginfo.com\lease_data_entry\data_sources\ok_county_records\ok\mcintosh\ff1a
ff33b640-ca6a-4b17-8d49-93608197b4fc,LOGAN,OK,s3://enverus-courthouse-prod-chd-plants/ok/logan/ff33/ff33b640-ca6a-4b17-8d49-93608197b4fc.pdf
ff61793b-8787-4222-86fa-d16f43a46166,COMANCHE,OK,\\smb.dc2isilon.na.drillinginfo.com\lease_data_entry\data_sources\ok_county_records\ok\comanche\ff61
ff8f05b5-9394-4c6f-bbe5-3f64ee2ff822,CARTER,OK,s3://enverus-courthouse-prod-chd-plants/ok/carter/ff8f/ff8f05b5-9394-4c6f-bbe5-3f64ee2ff822.pdf
ffa3ef8f-369f-414f-8d11-40e41a14e3a2,COAL,OK,\\smb.dc2isilon.na.drillinginfo.com\lease_data_entry\data_sources\ok_county_records\ok\coal\ffa3
ffa5e96b-1d46-4f92-bbdd-abccc87c8742,LOGAN,OK,\\smb.dc2isilon.na.drillinginfo.com\lease_data_entry\data_sources\ok_county_records\ok\logan\ffa5
ffaebd9b-7645-4f11-93ea-5e225d761a19,LOVE,OK,s3://enverus-courthouse-prod-chd-plants/ok/love/ffae/ffaebd9b-7645-4f11-93ea-5e225d761a19.pdf
ffb7aff0-e187-4290-a76f-03e69cfb0a21,GARVIN,OK,\\smb.dc2isilon.na.drillinginfo.com\lease_data_entry\data_sources\ok_county_records\ok\garvin\ffb7
ffc40be7-cfcc-427c-98cd-e18dd7f15bc0,LOGAN,OK,\\smb.dc2isilon.na.drillinginfo.com\lease_data_entry\data_sources\ok_county_records\ok\logan\ffc4
ffc6b630-d3a5-458c-b6c0-47b31f9a951b,STEPHENS,OK,\\smb.dc2isilon.na.drillinginfo.com\lease_data_entry\data_sources\ok_county_records\ok\stephens\ffc6
ffd17f2e-2042-4ee2-b7fa-5b578d94a891,ROGER MILLS,OK,s3://enverus-courthouse-prod-chd-plants/ok/roger mills/ffd1/ffd17f2e-2042-4ee2-b7fa-5b578d94a891.pdf
ffd1d151-edf4-44f4-8d91-56f44de4c150,STEPHENS,OK,\\smb.dc2isilon.na.drillinginfo.com\lease_data_entry\data_sources\ok_county_records\ok\stephens\ffd1
ffdc7798-a239-49cf-bae1-54cb3dfc4c93,ELLIS,OK,s3://enverus-courthouse-prod-chd-plants/ok/ellis/ffdc/ffdc7798-a239-49cf-bae1-54cb3dfc4c93.pdf
ffdce363-b765-4d60-9eed-0f61e1278df0,SEMINOLE,OK,\\smb.dc2isilon.na.drillinginfo.com\lease_data_entry\data_sources\ok_county_records\ok\seminole\ffdc
ffe47fbf-2746-40eb-9c0c-c1ecd8dfb347,COMANCHE,OK,\\smb.dc2isilon.na.drillinginfo.com\lease_data_entry\data_sources\ok_county_records\ok\comanche\ffe4
fff20386-13a0-41f5-ba9b-c88ce615bfb9,BLAINE,OK,\\smb.dc2isilon.na.drillinginfo.com\lease_data_entry\data_sources\ok_county_records\ok\blaine\fff2
fff5e754-771c-4404-98b1-df74c740e3d0,GARVIN,OK,s3://enverus-courthouse-prod-chd-plants/ok/garvin/fff5/fff5e754-771c-4404-98b1-df74c740e3d0.pdf
ffff56d2-2fd2-43e6-96e0-db7760535373,WASHITA,OK,\\smb.dc2isilon.na.drillinginfo.com\lease_data_entry\data_sources\ok_county_records\ok\washita\ffff
